v -0.4740000 -0.3690000 0.5700000
v -0.4740000 -0.3750000 0.5760000
v -0.4800000 -0.3690000 0.5760000
v -0.4740001 -0.3719960 0.5708016
v -0.4769962 -0.3690000 0.5708016
v -0.4768693 -0.3718693 0.5715802
v -0.4769962 -0.3741984 0.5760000
v -0.4740001 -0.3741984 0.5730039
v -0.4768693 -0.3734198 0.5731307
v -0.4791986 -0.3690000 0.5730039
v -0.4791986 -0.3719960 0.5760000
v -0.4784199 -0.3718693 0.5731307
v -0.4740000 -0.3750000 0.6640000
v -0.4740000 -0.3690000 0.6700000
v -0.4800000 -0.3690000 0.6640000
v -0.4740001 -0.3741984 0.6669961
v -0.4769962 -0.3741984 0.6640000
v -0.4768693 -0.3734198 0.6668693
v -0.4769962 -0.3690000 0.6691985
v -0.4740001 -0.3719960 0.6691985
v -0.4768693 -0.3718693 0.6684198
v -0.4791986 -0.3719960 0.6640000
v -0.4791986 -0.3690000 0.6669961
v -0.4784199 -0.3718693 0.6668693
v -0.4740000 -0.3310000 0.5700000
v -0.4800000 -0.3310000 0.5760000
v -0.4740000 -0.3250000 0.5760000
v -0.4769962 -0.3310000 0.5708016
v -0.4740001 -0.3280039 0.5708016
v -0.4768693 -0.3281307 0.5715802
v -0.4791986 -0.3280039 0.5760000
v -0.4791986 -0.3310000 0.5730039
v -0.4784199 -0.3281307 0.5731307
v -0.4740001 -0.3258016 0.5730039
v -0.4769962 -0.3258016 0.5760000
v -0.4768693 -0.3265802 0.5731307
v -0.4740000 -0.3310000 0.6700000
v -0.4740000 -0.3250000 0.6640000
v -0.4800000 -0.3310000 0.6640000
v -0.4740001 -0.3280039 0.6691985
v -0.4769962 -0.3310000 0.6691985
v -0.4768693 -0.3281307 0.6684198
v -0.4769962 -0.3258016 0.6640000
v -0.4740001 -0.3258016 0.6669961
v -0.4768693 -0.3265802 0.6668693
v -0.4791986 -0.3310000 0.6669961
v -0.4791986 -0.3280039 0.6640000
v -0.4784199 -0.3281307 0.6668693
v 2.9940000 -0.3690000 0.5700000
v 3.0000000 -0.3690000 0.5760000
v 2.9940000 -0.3750000 0.5760000
v 2.9969962 -0.3690000 0.5708016
v 2.9940000 -0.3719960 0.5708016
v 2.9968693 -0.3718693 0.5715802
v 2.9991984 -0.3719960 0.5760000
v 2.9991984 -0.3690000 0.5730039
v 2.9984198 -0.3718693 0.5731307
v 2.9940000 -0.3741984 0.5730039
v 2.9969962 -0.3741984 0.5760000
v 2.9968693 -0.3734198 0.5731307
v 2.9940000 -0.3690000 0.6700000
v 2.9940000 -0.3750000 0.6640000
v 3.0000000 -0.3690000 0.6640000
v 2.9940000 -0.3719960 0.6691985
v 2.9969962 -0.3690000 0.6691985
v 2.9968693 -0.3718693 0.6684198
v 2.9969962 -0.3741984 0.6640000
v 2.9940000 -0.3741984 0.6669961
v 2.9968693 -0.3734198 0.6668693
v 2.9991984 -0.3690000 0.6669961
v 2.9991984 -0.3719960 0.6640000
v 2.9984198 -0.3718693 0.6668693
v 2.9940000 -0.3310000 0.5700000
v 2.9940000 -0.3250000 0.5760000
v 3.0000000 -0.3310000 0.5760000
v 2.9940000 -0.3280039 0.5708016
v 2.9969962 -0.3310000 0.5708016
v 2.9968693 -0.3281307 0.5715802
v 2.9969962 -0.3258016 0.5760000
v 2.9940000 -0.3258016 0.5730039
v 2.9968693 -0.3265802 0.5731307
v 2.9991984 -0.3310000 0.5730039
v 2.9991984 -0.3280039 0.5760000
v 2.9984198 -0.3281307 0.5731307
v 2.9940000 -0.3310000 0.6700000
v 3.0000000 -0.3310000 0.6640000
v 2.9940000 -0.3250000 0.6640000
v 2.9969962 -0.3310000 0.6691985
v 2.9940000 -0.3280039 0.6691985
v 2.9968693 -0.3281307 0.6684198
v 2.9991984 -0.3280039 0.6640000
v 2.9991984 -0.3310000 0.6669961
v 2.9984198 -0.3281307 0.6668693
v 2.9940000 -0.3258016 0.6669961
v 2.9969962 -0.3258016 0.6640000
v 2.9968693 -0.3265802 0.6668693
f 1 4 6
f 1 6 5
f 4 8 9
f 4 9 6
f 2 7 9
f 2 9 8
f 7 11 12
f 7 12 9
f 3 10 12
f 3 12 11
f 10 5 6
f 10 6 12
f 6 9 12
f 13 16 18
f 13 18 17
f 16 20 21
f 16 21 18
f 14 19 21
f 14 21 20
f 19 23 24
f 19 24 21
f 15 22 24
f 15 24 23
f 22 17 18
f 22 18 24
f 18 21 24
f 25 28 30
f 25 30 29
f 28 32 33
f 28 33 30
f 26 31 33
f 26 33 32
f 31 35 36
f 31 36 33
f 27 34 36
f 27 36 35
f 34 29 30
f 34 30 36
f 30 33 36
f 37 40 42
f 37 42 41
f 40 44 45
f 40 45 42
f 38 43 45
f 38 45 44
f 43 47 48
f 43 48 45
f 39 46 48
f 39 48 47
f 46 41 42
f 46 42 48
f 42 45 48
f 49 52 54
f 49 54 53
f 52 56 57
f 52 57 54
f 50 55 57
f 50 57 56
f 55 59 60
f 55 60 57
f 51 58 60
f 51 60 59
f 58 53 54
f 58 54 60
f 54 57 60
f 61 64 66
f 61 66 65
f 64 68 69
f 64 69 66
f 62 67 69
f 62 69 68
f 67 71 72
f 67 72 69
f 63 70 72
f 63 72 71
f 70 65 66
f 70 66 72
f 66 69 72
f 73 76 78
f 73 78 77
f 76 80 81
f 76 81 78
f 74 79 81
f 74 81 80
f 79 83 84
f 79 84 81
f 75 82 84
f 75 84 83
f 82 77 78
f 82 78 84
f 78 81 84
f 85 88 90
f 85 90 89
f 88 92 93
f 88 93 90
f 86 91 93
f 86 93 92
f 91 95 96
f 91 96 93
f 87 94 96
f 87 96 95
f 94 89 90
f 94 90 96
f 90 93 96
f 25 1 5
f 25 5 28
f 28 5 10
f 28 10 32
f 32 10 3
f 32 3 26
f 2 13 17
f 2 17 7
f 7 17 22
f 7 22 11
f 11 22 15
f 11 15 3
f 14 37 41
f 14 41 19
f 19 41 46
f 19 46 23
f 23 46 39
f 23 39 15
f 38 27 35
f 38 35 43
f 43 35 31
f 43 31 47
f 47 31 26
f 47 26 39
f 73 25 29
f 73 29 76
f 76 29 34
f 76 34 80
f 80 34 27
f 80 27 74
f 37 85 89
f 37 89 40
f 40 89 94
f 40 94 44
f 44 94 87
f 44 87 38
f 86 75 83
f 86 83 91
f 91 83 79
f 91 79 95
f 95 79 74
f 95 74 87
f 49 73 77
f 49 77 52
f 52 77 82
f 52 82 56
f 56 82 75
f 56 75 50
f 85 61 65
f 85 65 88
f 88 65 70
f 88 70 92
f 92 70 63
f 92 63 86
f 62 51 59
f 62 59 67
f 67 59 55
f 67 55 71
f 71 55 50
f 71 50 63
f 1 49 53
f 1 53 4
f 4 53 58
f 4 58 8
f 8 58 51
f 8 51 2
f 61 14 20
f 61 20 64
f 64 20 16
f 64 16 68
f 68 16 13
f 68 13 62
f 25 73 49
f 25 49 1
f 3 15 39
f 3 39 26
f 51 62 13
f 51 13 2
f 85 37 14
f 85 14 61
f 27 38 87
f 27 87 74
f 75 86 63
f 75 63 50
v -0.4740000 0.3310000 0.5700000
v -0.4740000 0.3250000 0.5760000
v -0.4800000 0.3310000 0.5760000
v -0.4740001 0.3280039 0.5708016
v -0.4769962 0.3310000 0.5708016
v -0.4768693 0.3281307 0.5715802
v -0.4769962 0.3258016 0.5760000
v -0.4740001 0.3258016 0.5730039
v -0.4768693 0.3265802 0.5731307
v -0.4791986 0.3310000 0.5730039
v -0.4791986 0.3280039 0.5760000
v -0.4784199 0.3281307 0.5731307
v -0.4740000 0.3250000 0.6640000
v -0.4740000 0.3310000 0.6700000
v -0.4800000 0.3310000 0.6640000
v -0.4740001 0.3258016 0.6669961
v -0.4769962 0.3258016 0.6640000
v -0.4768693 0.3265802 0.6668693
v -0.4769962 0.3310000 0.6691985
v -0.4740001 0.3280039 0.6691985
v -0.4768693 0.3281307 0.6684198
v -0.4791986 0.3280039 0.6640000
v -0.4791986 0.3310000 0.6669961
v -0.4784199 0.3281307 0.6668693
v -0.4740000 0.3690000 0.5700000
v -0.4800000 0.3690000 0.5760000
v -0.4740000 0.3750000 0.5760000
v -0.4769962 0.3690000 0.5708016
v -0.4740001 0.3719960 0.5708016
v -0.4768693 0.3718693 0.5715802
v -0.4791986 0.3719960 0.5760000
v -0.4791986 0.3690000 0.5730039
v -0.4784199 0.3718693 0.5731307
v -0.4740001 0.3741984 0.5730039
v -0.4769962 0.3741984 0.5760000
v -0.4768693 0.3734198 0.5731307
v -0.4740000 0.3690000 0.6700000
v -0.4740000 0.3750000 0.6640000
v -0.4800000 0.3690000 0.6640000
v -0.4740001 0.3719960 0.6691985
v -0.4769962 0.3690000 0.6691985
v -0.4768693 0.3718693 0.6684198
v -0.4769962 0.3741984 0.6640000
v -0.4740001 0.3741984 0.6669961
v -0.4768693 0.3734198 0.6668693
v -0.4791986 0.3690000 0.6669961
v -0.4791986 0.3719960 0.6640000
v -0.4784199 0.3718693 0.6668693
v 2.9940000 0.3310000 0.5700000
v 3.0000000 0.3310000 0.5760000
v 2.9940000 0.3250000 0.5760000
v 2.9969962 0.3310000 0.5708016
v 2.9940000 0.3280039 0.5708016
v 2.9968693 0.3281307 0.5715802
v 2.9991984 0.3280039 0.5760000
v 2.9991984 0.3310000 0.5730039
v 2.9984198 0.3281307 0.5731307
v 2.9940000 0.3258016 0.5730039
v 2.9969962 0.3258016 0.5760000
v 2.9968693 0.3265802 0.5731307
v 2.9940000 0.3310000 0.6700000
v 2.9940000 0.3250000 0.6640000
v 3.0000000 0.3310000 0.6640000
v 2.9940000 0.3280039 0.6691985
v 2.9969962 0.3310000 0.6691985
v 2.9968693 0.3281307 0.6684198
v 2.9969962 0.3258016 0.6640000
v 2.9940000 0.3258016 0.6669961
v 2.9968693 0.3265802 0.6668693
v 2.9991984 0.3310000 0.6669961
v 2.9991984 0.3280039 0.6640000
v 2.9984198 0.3281307 0.6668693
v 2.9940000 0.3690000 0.5700000
v 2.9940000 0.3750000 0.5760000
v 3.0000000 0.3690000 0.5760000
v 2.9940000 0.3719960 0.5708016
v 2.9969962 0.3690000 0.5708016
v 2.9968693 0.3718693 0.5715802
v 2.9969962 0.3741984 0.5760000
v 2.9940000 0.3741984 0.5730039
v 2.9968693 0.3734198 0.5731307
v 2.9991984 0.3690000 0.5730039
v 2.9991984 0.3719960 0.5760000
v 2.9984198 0.3718693 0.5731307
v 2.9940000 0.3690000 0.6700000
v 3.0000000 0.3690000 0.6640000
v 2.9940000 0.3750000 0.6640000
v 2.9969962 0.3690000 0.6691985
v 2.9940000 0.3719960 0.6691985
v 2.9968693 0.3718693 0.6684198
v 2.9991984 0.3719960 0.6640000
v 2.9991984 0.3690000 0.6669961
v 2.9984198 0.3718693 0.6668693
v 2.9940000 0.3741984 0.6669961
v 2.9969962 0.3741984 0.6640000
v 2.9968693 0.3734198 0.6668693
f 97 100 102
f 97 102 101
f 100 104 105
f 100 105 102
f 98 103 105
f 98 105 104
f 103 107 108
f 103 108 105
f 99 106 108
f 99 108 107
f 106 101 102
f 106 102 108
f 102 105 108
f 109 112 114
f 109 114 113
f 112 116 117
f 112 117 114
f 110 115 117
f 110 117 116
f 115 119 120
f 115 120 117
f 111 118 120
f 111 120 119
f 118 113 114
f 118 114 120
f 114 117 120
f 121 124 126
f 121 126 125
f 124 128 129
f 124 129 126
f 122 127 129
f 122 129 128
f 127 131 132
f 127 132 129
f 123 130 132
f 123 132 131
f 130 125 126
f 130 126 132
f 126 129 132
f 133 136 138
f 133 138 137
f 136 140 141
f 136 141 138
f 134 139 141
f 134 141 140
f 139 143 144
f 139 144 141
f 135 142 144
f 135 144 143
f 142 137 138
f 142 138 144
f 138 141 144
f 145 148 150
f 145 150 149
f 148 152 153
f 148 153 150
f 146 151 153
f 146 153 152
f 151 155 156
f 151 156 153
f 147 154 156
f 147 156 155
f 154 149 150
f 154 150 156
f 150 153 156
f 157 160 162
f 157 162 161
f 160 164 165
f 160 165 162
f 158 163 165
f 158 165 164
f 163 167 168
f 163 168 165
f 159 166 168
f 159 168 167
f 166 161 162
f 166 162 168
f 162 165 168
f 169 172 174
f 169 174 173
f 172 176 177
f 172 177 174
f 170 175 177
f 170 177 176
f 175 179 180
f 175 180 177
f 171 178 180
f 171 180 179
f 178 173 174
f 178 174 180
f 174 177 180
f 181 184 186
f 181 186 185
f 184 188 189
f 184 189 186
f 182 187 189
f 182 189 188
f 187 191 192
f 187 192 189
f 183 190 192
f 183 192 191
f 190 185 186
f 190 186 192
f 186 189 192
f 121 97 101
f 121 101 124
f 124 101 106
f 124 106 128
f 128 106 99
f 128 99 122
f 98 109 113
f 98 113 103
f 103 113 118
f 103 118 107
f 107 118 111
f 107 111 99
f 110 133 137
f 110 137 115
f 115 137 142
f 115 142 119
f 119 142 135
f 119 135 111
f 134 123 131
f 134 131 139
f 139 131 127
f 139 127 143
f 143 127 122
f 143 122 135
f 169 121 125
f 169 125 172
f 172 125 130
f 172 130 176
f 176 130 123
f 176 123 170
f 133 181 185
f 133 185 136
f 136 185 190
f 136 190 140
f 140 190 183
f 140 183 134
f 182 171 179
f 182 179 187
f 187 179 175
f 187 175 191
f 191 175 170
f 191 170 183
f 145 169 173
f 145 173 148
f 148 173 178
f 148 178 152
f 152 178 171
f 152 171 146
f 181 157 161
f 181 161 184
f 184 161 166
f 184 166 188
f 188 166 159
f 188 159 182
f 158 147 155
f 158 155 163
f 163 155 151
f 163 151 167
f 167 151 146
f 167 146 159
f 97 145 149
f 97 149 100
f 100 149 154
f 100 154 104
f 104 154 147
f 104 147 98
f 157 110 116
f 157 116 160
f 160 116 112
f 160 112 164
f 164 112 109
f 164 109 158
f 121 169 145
f 121 145 97
f 99 111 135
f 99 135 122
f 147 158 109
f 147 109 98
f 181 133 110
f 181 110 157
f 123 134 183
f 123 183 170
f 171 182 159
f 171 159 146
v -0.4690000 -0.3190000 0.5700000
v -0.4690000 -0.3250000 0.5760000
v -0.4750000 -0.3190000 0.5760000
v -0.4690000 -0.3219960 0.5708016
v -0.4719960 -0.3190000 0.5708016
v -0.4718693 -0.3218693 0.5715802
v -0.4719960 -0.3241984 0.5760000
v -0.4690000 -0.3241984 0.5730039
v -0.4718693 -0.3234198 0.5731307
v -0.4741984 -0.3190000 0.5730039
v -0.4741984 -0.3219960 0.5760000
v -0.4734198 -0.3218693 0.5731307
v -0.4690000 -0.3250000 0.6640000
v -0.4690000 -0.3190000 0.6700000
v -0.4750000 -0.3190000 0.6640000
v -0.4690000 -0.3241984 0.6669961
v -0.4719960 -0.3241984 0.6640000
v -0.4718693 -0.3234198 0.6668693
v -0.4719960 -0.3190000 0.6691985
v -0.4690000 -0.3219960 0.6691985
v -0.4718693 -0.3218693 0.6684198
v -0.4741984 -0.3219960 0.6640000
v -0.4741984 -0.3190000 0.6669961
v -0.4734198 -0.3218693 0.6668693
v -0.4690000 0.3190000 0.5700000
v -0.4750000 0.3190000 0.5760000
v -0.4690000 0.3250000 0.5760000
v -0.4719960 0.3190000 0.5708016
v -0.4690000 0.3219960 0.5708016
v -0.4718693 0.3218693 0.5715802
v -0.4741984 0.3219960 0.5760000
v -0.4741984 0.3190000 0.5730039
v -0.4734198 0.3218693 0.5731307
v -0.4690000 0.3241984 0.5730039
v -0.4719960 0.3241984 0.5760000
v -0.4718693 0.3234198 0.5731307
v -0.4690000 0.3190000 0.6700000
v -0.4690000 0.3250000 0.6640000
v -0.4750000 0.3190000 0.6640000
v -0.4690000 0.3219960 0.6691985
v -0.4719960 0.3190000 0.6691985
v -0.4718693 0.3218693 0.6684198
v -0.4719960 0.3241984 0.6640000
v -0.4690000 0.3241984 0.6669961
v -0.4718693 0.3234198 0.6668693
v -0.4741984 0.3190000 0.6669961
v -0.4741984 0.3219960 0.6640000
v -0.4734198 0.3218693 0.6668693
v -0.4310000 -0.3190000 0.5700000
v -0.4250000 -0.3190000 0.5760000
v -0.4310000 -0.3250000 0.5760000
v -0.4280039 -0.3190000 0.5708016
v -0.4310000 -0.3219960 0.5708016
v -0.4281307 -0.3218693 0.5715802
v -0.4258016 -0.3219960 0.5760000
v -0.4258016 -0.3190000 0.5730039
v -0.4265802 -0.3218693 0.5731307
v -0.4310000 -0.3241984 0.5730039
v -0.4280039 -0.3241984 0.5760000
v -0.4281307 -0.3234198 0.5731307
v -0.4310000 -0.3190000 0.6700000
v -0.4310000 -0.3250000 0.6640000
v -0.4250000 -0.3190000 0.6640000
v -0.4310000 -0.3219960 0.6691985
v -0.4280039 -0.3190000 0.6691985
v -0.4281307 -0.3218693 0.6684198
v -0.4280039 -0.3241984 0.6640000
v -0.4310000 -0.3241984 0.6669961
v -0.4281307 -0.3234198 0.6668693
v -0.4258016 -0.3190000 0.6669961
v -0.4258016 -0.3219960 0.6640000
v -0.4265802 -0.3218693 0.6668693
v -0.4310000 0.3190000 0.5700000
v -0.4310000 0.3250000 0.5760000
v -0.4250000 0.3190000 0.5760000
v -0.4310000 0.3219960 0.5708016
v -0.4280039 0.3190000 0.5708016
v -0.4281307 0.3218693 0.5715802
v -0.4280039 0.3241984 0.5760000
v -0.4310000 0.3241984 0.5730039
v -0.4281307 0.3234198 0.5731307
v -0.4258016 0.3190000 0.5730039
v -0.4258016 0.3219960 0.5760000
v -0.4265802 0.3218693 0.5731307
v -0.4310000 0.3190000 0.6700000
v -0.4250000 0.3190000 0.6640000
v -0.4310000 0.3250000 0.6640000
v -0.4280039 0.3190000 0.6691985
v -0.4310000 0.3219960 0.6691985
v -0.4281307 0.3218693 0.6684198
v -0.4258016 0.3219960 0.6640000
v -0.4258016 0.3190000 0.6669961
v -0.4265802 0.3218693 0.6668693
v -0.4310000 0.3241984 0.6669961
v -0.4280039 0.3241984 0.6640000
v -0.4281307 0.3234198 0.6668693
f 193 196 198
f 193 198 197
f 196 200 201
f 196 201 198
f 194 199 201
f 194 201 200
f 199 203 204
f 199 204 201
f 195 202 204
f 195 204 203
f 202 197 198
f 202 198 204
f 198 201 204
f 205 208 210
f 205 210 209
f 208 212 213
f 208 213 210
f 206 211 213
f 206 213 212
f 211 215 216
f 211 216 213
f 207 214 216
f 207 216 215
f 214 209 210
f 214 210 216
f 210 213 216
f 217 220 222
f 217 222 221
f 220 224 225
f 220 225 222
f 218 223 225
f 218 225 224
f 223 227 228
f 223 228 225
f 219 226 228
f 219 228 227
f 226 221 222
f 226 222 228
f 222 225 228
f 229 232 234
f 229 234 233
f 232 236 237
f 232 237 234
f 230 235 237
f 230 237 236
f 235 239 240
f 235 240 237
f 231 238 240
f 231 240 239
f 238 233 234
f 238 234 240
f 234 237 240
f 241 244 246
f 241 246 245
f 244 248 249
f 244 249 246
f 242 247 249
f 242 249 248
f 247 251 252
f 247 252 249
f 243 250 252
f 243 252 251
f 250 245 246
f 250 246 252
f 246 249 252
f 253 256 258
f 253 258 257
f 256 260 261
f 256 261 258
f 254 259 261
f 254 261 260
f 259 263 264
f 259 264 261
f 255 262 264
f 255 264 263
f 262 257 258
f 262 258 264
f 258 261 264
f 265 268 270
f 265 270 269
f 268 272 273
f 268 273 270
f 266 271 273
f 266 273 272
f 271 275 276
f 271 276 273
f 267 274 276
f 267 276 275
f 274 269 270
f 274 270 276
f 270 273 276
f 277 280 282
f 277 282 281
f 280 284 285
f 280 285 282
f 278 283 285
f 278 285 284
f 283 287 288
f 283 288 285
f 279 286 288
f 279 288 287
f 286 281 282
f 286 282 288
f 282 285 288
f 217 193 197
f 217 197 220
f 220 197 202
f 220 202 224
f 224 202 195
f 224 195 218
f 194 205 209
f 194 209 199
f 199 209 214
f 199 214 203
f 203 214 207
f 203 207 195
f 206 229 233
f 206 233 211
f 211 233 238
f 211 238 215
f 215 238 231
f 215 231 207
f 230 219 227
f 230 227 235
f 235 227 223
f 235 223 239
f 239 223 218
f 239 218 231
f 265 217 221
f 265 221 268
f 268 221 226
f 268 226 272
f 272 226 219
f 272 219 266
f 229 277 281
f 229 281 232
f 232 281 286
f 232 286 236
f 236 286 279
f 236 279 230
f 278 267 275
f 278 275 283
f 283 275 271
f 283 271 287
f 287 271 266
f 287 266 279
f 241 265 269
f 241 269 244
f 244 269 274
f 244 274 248
f 248 274 267
f 248 267 242
f 277 253 257
f 277 257 280
f 280 257 262
f 280 262 284
f 284 262 255
f 284 255 278
f 254 243 251
f 254 251 259
f 259 251 247
f 259 247 263
f 263 247 242
f 263 242 255
f 193 241 245
f 193 245 196
f 196 245 250
f 196 250 200
f 200 250 243
f 200 243 194
f 253 206 212
f 253 212 256
f 256 212 208
f 256 208 260
f 260 208 205
f 260 205 254
f 217 265 241
f 217 241 193
f 195 207 231
f 195 231 218
f 243 254 205
f 243 205 194
f 277 229 206
f 277 206 253
f 219 230 279
f 219 279 266
f 267 278 255
f 267 255 242
v 2.9510000 -0.3190000 0.5700000
v 2.9510000 -0.3250000 0.5760000
v 2.9449999 -0.3190000 0.5760000
v 2.9510000 -0.3219960 0.5708016
v 2.9480040 -0.3190000 0.5708016
v 2.9481308 -0.3218693 0.5715802
v 2.9480040 -0.3241984 0.5760000
v 2.9510000 -0.3241984 0.5730039
v 2.9481308 -0.3234198 0.5731307
v 2.9458015 -0.3190000 0.5730039
v 2.9458015 -0.3219960 0.5760000
v 2.9465802 -0.3218693 0.5731307
v 2.9510000 -0.3250000 0.6640000
v 2.9510000 -0.3190000 0.6700000
v 2.9449999 -0.3190000 0.6640000
v 2.9510000 -0.3241984 0.6669961
v 2.9480040 -0.3241984 0.6640000
v 2.9481308 -0.3234198 0.6668693
v 2.9480040 -0.3190000 0.6691985
v 2.9510000 -0.3219960 0.6691985
v 2.9481308 -0.3218693 0.6684198
v 2.9458015 -0.3219960 0.6640000
v 2.9458015 -0.3190000 0.6669961
v 2.9465802 -0.3218693 0.6668693
v 2.9510000 0.3190000 0.5700000
v 2.9449999 0.3190000 0.5760000
v 2.9510000 0.3250000 0.5760000
v 2.9480040 0.3190000 0.5708016
v 2.9510000 0.3219960 0.5708016
v 2.9481308 0.3218693 0.5715802
v 2.9458015 0.3219960 0.5760000
v 2.9458015 0.3190000 0.5730039
v 2.9465802 0.3218693 0.5731307
v 2.9510000 0.3241984 0.5730039
v 2.9480040 0.3241984 0.5760000
v 2.9481308 0.3234198 0.5731307
v 2.9510000 0.3190000 0.6700000
v 2.9510000 0.3250000 0.6640000
v 2.9449999 0.3190000 0.6640000
v 2.9510000 0.3219960 0.6691985
v 2.9480040 0.3190000 0.6691985
v 2.9481308 0.3218693 0.6684198
v 2.9480040 0.3241984 0.6640000
v 2.9510000 0.3241984 0.6669961
v 2.9481308 0.3234198 0.6668693
v 2.9458015 0.3190000 0.6669961
v 2.9458015 0.3219960 0.6640000
v 2.9465802 0.3218693 0.6668693
v 2.9890001 -0.3190000 0.5700000
v 2.9950001 -0.3190000 0.5760000
v 2.9890001 -0.3250000 0.5760000
v 2.9919960 -0.3190000 0.5708016
v 2.9890001 -0.3219960 0.5708016
v 2.9918692 -0.3218693 0.5715802
v 2.9941986 -0.3219960 0.5760000
v 2.9941986 -0.3190000 0.5730039
v 2.9934199 -0.3218693 0.5731307
v 2.9890001 -0.3241984 0.5730039
v 2.9919960 -0.3241984 0.5760000
v 2.9918692 -0.3234198 0.5731307
v 2.9890001 -0.3190000 0.6700000
v 2.9890001 -0.3250000 0.6640000
v 2.9950001 -0.3190000 0.6640000
v 2.9890001 -0.3219960 0.6691985
v 2.9919960 -0.3190000 0.6691985
v 2.9918692 -0.3218693 0.6684198
v 2.9919960 -0.3241984 0.6640000
v 2.9890001 -0.3241984 0.6669961
v 2.9918692 -0.3234198 0.6668693
v 2.9941986 -0.3190000 0.6669961
v 2.9941986 -0.3219960 0.6640000
v 2.9934199 -0.3218693 0.6668693
v 2.9890001 0.3190000 0.5700000
v 2.9890001 0.3250000 0.5760000
v 2.9950001 0.3190000 0.5760000
v 2.9890001 0.3219960 0.5708016
v 2.9919960 0.3190000 0.5708016
v 2.9918692 0.3218693 0.5715802
v 2.9919960 0.3241984 0.5760000
v 2.9890001 0.3241984 0.5730039
v 2.9918692 0.3234198 0.5731307
v 2.9941986 0.3190000 0.5730039
v 2.9941986 0.3219960 0.5760000
v 2.9934199 0.3218693 0.5731307
v 2.9890001 0.3190000 0.6700000
v 2.9950001 0.3190000 0.6640000
v 2.9890001 0.3250000 0.6640000
v 2.9919960 0.3190000 0.6691985
v 2.9890001 0.3219960 0.6691985
v 2.9918692 0.3218693 0.6684198
v 2.9941986 0.3219960 0.6640000
v 2.9941986 0.3190000 0.6669961
v 2.9934199 0.3218693 0.6668693
v 2.9890001 0.3241984 0.6669961
v 2.9919960 0.3241984 0.6640000
v 2.9918692 0.3234198 0.6668693
f 289 292 294
f 289 294 293
f 292 296 297
f 292 297 294
f 290 295 297
f 290 297 296
f 295 299 300
f 295 300 297
f 291 298 300
f 291 300 299
f 298 293 294
f 298 294 300
f 294 297 300
f 301 304 306
f 301 306 305
f 304 308 309
f 304 309 306
f 302 307 309
f 302 309 308
f 307 311 312
f 307 312 309
f 303 310 312
f 303 312 311
f 310 305 306
f 310 306 312
f 306 309 312
f 313 316 318
f 313 318 317
f 316 320 321
f 316 321 318
f 314 319 321
f 314 321 320
f 319 323 324
f 319 324 321
f 315 322 324
f 315 324 323
f 322 317 318
f 322 318 324
f 318 321 324
f 325 328 330
f 325 330 329
f 328 332 333
f 328 333 330
f 326 331 333
f 326 333 332
f 331 335 336
f 331 336 333
f 327 334 336
f 327 336 335
f 334 329 330
f 334 330 336
f 330 333 336
f 337 340 342
f 337 342 341
f 340 344 345
f 340 345 342
f 338 343 345
f 338 345 344
f 343 347 348
f 343 348 345
f 339 346 348
f 339 348 347
f 346 341 342
f 346 342 348
f 342 345 348
f 349 352 354
f 349 354 353
f 352 356 357
f 352 357 354
f 350 355 357
f 350 357 356
f 355 359 360
f 355 360 357
f 351 358 360
f 351 360 359
f 358 353 354
f 358 354 360
f 354 357 360
f 361 364 366
f 361 366 365
f 364 368 369
f 364 369 366
f 362 367 369
f 362 369 368
f 367 371 372
f 367 372 369
f 363 370 372
f 363 372 371
f 370 365 366
f 370 366 372
f 366 369 372
f 373 376 378
f 373 378 377
f 376 380 381
f 376 381 378
f 374 379 381
f 374 381 380
f 379 383 384
f 379 384 381
f 375 382 384
f 375 384 383
f 382 377 378
f 382 378 384
f 378 381 384
f 313 289 293
f 313 293 316
f 316 293 298
f 316 298 320
f 320 298 291
f 320 291 314
f 290 301 305
f 290 305 295
f 295 305 310
f 295 310 299
f 299 310 303
f 299 303 291
f 302 325 329
f 302 329 307
f 307 329 334
f 307 334 311
f 311 334 327
f 311 327 303
f 326 315 323
f 326 323 331
f 331 323 319
f 331 319 335
f 335 319 314
f 335 314 327
f 361 313 317
f 361 317 364
f 364 317 322
f 364 322 368
f 368 322 315
f 368 315 362
f 325 373 377
f 325 377 328
f 328 377 382
f 328 382 332
f 332 382 375
f 332 375 326
f 374 363 371
f 374 371 379
f 379 371 367
f 379 367 383
f 383 367 362
f 383 362 375
f 337 361 365
f 337 365 340
f 340 365 370
f 340 370 344
f 344 370 363
f 344 363 338
f 373 349 353
f 373 353 376
f 376 353 358
f 376 358 380
f 380 358 351
f 380 351 374
f 350 339 347
f 350 347 355
f 355 347 343
f 355 343 359
f 359 343 338
f 359 338 351
f 289 337 341
f 289 341 292
f 292 341 346
f 292 346 296
f 296 346 339
f 296 339 290
f 349 302 308
f 349 308 352
f 352 308 304
f 352 304 356
f 356 304 301
f 356 301 350
f 313 361 337
f 313 337 289
f 291 303 327
f 291 327 314
f 339 350 301
f 339 301 290
f 373 325 302
f 373 302 349
f 315 326 375
f 315 375 362
f 363 374 351
f 363 351 338
v 2.5060000 -0.3190000 0.5700000
v 2.5060000 -0.3250000 0.5760000
v 2.5000000 -0.3190000 0.5760000
v 2.5060000 -0.3219960 0.5708016
v 2.5030038 -0.3190000 0.5708016
v 2.5031307 -0.3218693 0.5715802
v 2.5030038 -0.3241984 0.5760000
v 2.5060000 -0.3241984 0.5730039
v 2.5031307 -0.3234198 0.5731307
v 2.5008016 -0.3190000 0.5730039
v 2.5008016 -0.3219960 0.5760000
v 2.5015802 -0.3218693 0.5731307
v 2.5060000 -0.3250000 0.6640000
v 2.5060000 -0.3190000 0.6700000
v 2.5000000 -0.3190000 0.6640000
v 2.5060000 -0.3241984 0.6669961
v 2.5030038 -0.3241984 0.6640000
v 2.5031307 -0.3234198 0.6668693
v 2.5030038 -0.3190000 0.6691985
v 2.5060000 -0.3219960 0.6691985
v 2.5031307 -0.3218693 0.6684198
v 2.5008016 -0.3219960 0.6640000
v 2.5008016 -0.3190000 0.6669961
v 2.5015802 -0.3218693 0.6668693
v 2.5060000 0.3190000 0.5700000
v 2.5000000 0.3190000 0.5760000
v 2.5060000 0.3250000 0.5760000
v 2.5030038 0.3190000 0.5708016
v 2.5060000 0.3219960 0.5708016
v 2.5031307 0.3218693 0.5715802
v 2.5008016 0.3219960 0.5760000
v 2.5008016 0.3190000 0.5730039
v 2.5015802 0.3218693 0.5731307
v 2.5060000 0.3241984 0.5730039
v 2.5030038 0.3241984 0.5760000
v 2.5031307 0.3234198 0.5731307
v 2.5060000 0.3190000 0.6700000
v 2.5060000 0.3250000 0.6640000
v 2.5000000 0.3190000 0.6640000
v 2.5060000 0.3219960 0.6691985
v 2.5030038 0.3190000 0.6691985
v 2.5031307 0.3218693 0.6684198
v 2.5030038 0.3241984 0.6640000
v 2.5060000 0.3241984 0.6669961
v 2.5031307 0.3234198 0.6668693
v 2.5008016 0.3190000 0.6669961
v 2.5008016 0.3219960 0.6640000
v 2.5015802 0.3218693 0.6668693
v 2.5739999 -0.3190000 0.5700000
v 2.5799999 -0.3190000 0.5760000
v 2.5739999 -0.3250000 0.5760000
v 2.5769961 -0.3190000 0.5708016
v 2.5739999 -0.3219960 0.5708016
v 2.5768692 -0.3218693 0.5715802
v 2.5791984 -0.3219960 0.5760000
v 2.5791984 -0.3190000 0.5730039
v 2.5784197 -0.3218693 0.5731307
v 2.5739999 -0.3241984 0.5730039
v 2.5769961 -0.3241984 0.5760000
v 2.5768692 -0.3234198 0.5731307
v 2.5739999 -0.3190000 0.6700000
v 2.5739999 -0.3250000 0.6640000
v 2.5799999 -0.3190000 0.6640000
v 2.5739999 -0.3219960 0.6691985
v 2.5769961 -0.3190000 0.6691985
v 2.5768692 -0.3218693 0.6684198
v 2.5769961 -0.3241984 0.6640000
v 2.5739999 -0.3241984 0.6669961
v 2.5768692 -0.3234198 0.6668693
v 2.5791984 -0.3190000 0.6669961
v 2.5791984 -0.3219960 0.6640000
v 2.5784197 -0.3218693 0.6668693
v 2.5739999 0.3190000 0.5700000
v 2.5739999 0.3250000 0.5760000
v 2.5799999 0.3190000 0.5760000
v 2.5739999 0.3219960 0.5708016
v 2.5769961 0.3190000 0.5708016
v 2.5768692 0.3218693 0.5715802
v 2.5769961 0.3241984 0.5760000
v 2.5739999 0.3241984 0.5730039
v 2.5768692 0.3234198 0.5731307
v 2.5791984 0.3190000 0.5730039
v 2.5791984 0.3219960 0.5760000
v 2.5784197 0.3218693 0.5731307
v 2.5739999 0.3190000 0.6700000
v 2.5799999 0.3190000 0.6640000
v 2.5739999 0.3250000 0.6640000
v 2.5769961 0.3190000 0.6691985
v 2.5739999 0.3219960 0.6691985
v 2.5768692 0.3218693 0.6684198
v 2.5791984 0.3219960 0.6640000
v 2.5791984 0.3190000 0.6669961
v 2.5784197 0.3218693 0.6668693
v 2.5739999 0.3241984 0.6669961
v 2.5769961 0.3241984 0.6640000
v 2.5768692 0.3234198 0.6668693
f 385 388 390
f 385 390 389
f 388 392 393
f 388 393 390
f 386 391 393
f 386 393 392
f 391 395 396
f 391 396 393
f 387 394 396
f 387 396 395
f 394 389 390
f 394 390 396
f 390 393 396
f 397 400 402
f 397 402 401
f 400 404 405
f 400 405 402
f 398 403 405
f 398 405 404
f 403 407 408
f 403 408 405
f 399 406 408
f 399 408 407
f 406 401 402
f 406 402 408
f 402 405 408
f 409 412 414
f 409 414 413
f 412 416 417
f 412 417 414
f 410 415 417
f 410 417 416
f 415 419 420
f 415 420 417
f 411 418 420
f 411 420 419
f 418 413 414
f 418 414 420
f 414 417 420
f 421 424 426
f 421 426 425
f 424 428 429
f 424 429 426
f 422 427 429
f 422 429 428
f 427 431 432
f 427 432 429
f 423 430 432
f 423 432 431
f 430 425 426
f 430 426 432
f 426 429 432
f 433 436 438
f 433 438 437
f 436 440 441
f 436 441 438
f 434 439 441
f 434 441 440
f 439 443 444
f 439 444 441
f 435 442 444
f 435 444 443
f 442 437 438
f 442 438 444
f 438 441 444
f 445 448 450
f 445 450 449
f 448 452 453
f 448 453 450
f 446 451 453
f 446 453 452
f 451 455 456
f 451 456 453
f 447 454 456
f 447 456 455
f 454 449 450
f 454 450 456
f 450 453 456
f 457 460 462
f 457 462 461
f 460 464 465
f 460 465 462
f 458 463 465
f 458 465 464
f 463 467 468
f 463 468 465
f 459 466 468
f 459 468 467
f 466 461 462
f 466 462 468
f 462 465 468
f 469 472 474
f 469 474 473
f 472 476 477
f 472 477 474
f 470 475 477
f 470 477 476
f 475 479 480
f 475 480 477
f 471 478 480
f 471 480 479
f 478 473 474
f 478 474 480
f 474 477 480
f 409 385 389
f 409 389 412
f 412 389 394
f 412 394 416
f 416 394 387
f 416 387 410
f 386 397 401
f 386 401 391
f 391 401 406
f 391 406 395
f 395 406 399
f 395 399 387
f 398 421 425
f 398 425 403
f 403 425 430
f 403 430 407
f 407 430 423
f 407 423 399
f 422 411 419
f 422 419 427
f 427 419 415
f 427 415 431
f 431 415 410
f 431 410 423
f 457 409 413
f 457 413 460
f 460 413 418
f 460 418 464
f 464 418 411
f 464 411 458
f 421 469 473
f 421 473 424
f 424 473 478
f 424 478 428
f 428 478 471
f 428 471 422
f 470 459 467
f 470 467 475
f 475 467 463
f 475 463 479
f 479 463 458
f 479 458 471
f 433 457 461
f 433 461 436
f 436 461 466
f 436 466 440
f 440 466 459
f 440 459 434
f 469 445 449
f 469 449 472
f 472 449 454
f 472 454 476
f 476 454 447
f 476 447 470
f 446 435 443
f 446 443 451
f 451 443 439
f 451 439 455
f 455 439 434
f 455 434 447
f 385 433 437
f 385 437 388
f 388 437 442
f 388 442 392
f 392 442 435
f 392 435 386
f 445 398 404
f 445 404 448
f 448 404 400
f 448 400 452
f 452 400 397
f 452 397 446
f 409 457 433
f 409 433 385
f 387 399 423
f 387 423 410
f 435 446 397
f 435 397 386
f 469 421 398
f 469 398 445
f 411 422 471
f 411 471 458
f 459 470 447
f 459 447 434
v -0.0340000 -0.3190000 0.5850000
v -0.0340000 -0.3250000 0.5910000
v -0.0400000 -0.3190000 0.5910000
v -0.0340000 -0.3219960 0.5858016
v -0.0369961 -0.3190000 0.5858016
v -0.0368693 -0.3218693 0.5865802
v -0.0369961 -0.3241984 0.5910000
v -0.0340000 -0.3241984 0.5880039
v -0.0368693 -0.3234198 0.5881307
v -0.0391984 -0.3190000 0.5880039
v -0.0391984 -0.3219960 0.5910000
v -0.0384198 -0.3218693 0.5881307
v -0.0340000 -0.3250000 0.6490000
v -0.0340000 -0.3190000 0.6550000
v -0.0400000 -0.3190000 0.6490000
v -0.0340000 -0.3241984 0.6519961
v -0.0369961 -0.3241984 0.6490000
v -0.0368693 -0.3234198 0.6518693
v -0.0369961 -0.3190000 0.6541984
v -0.0340000 -0.3219960 0.6541984
v -0.0368693 -0.3218693 0.6534198
v -0.0391984 -0.3219960 0.6490000
v -0.0391984 -0.3190000 0.6519961
v -0.0384198 -0.3218693 0.6518693
v -0.0340000 0.3190000 0.5850000
v -0.0400000 0.3190000 0.5910000
v -0.0340000 0.3250000 0.5910000
v -0.0369961 0.3190000 0.5858016
v -0.0340000 0.3219960 0.5858016
v -0.0368693 0.3218693 0.5865802
v -0.0391984 0.3219960 0.5910000
v -0.0391984 0.3190000 0.5880039
v -0.0384198 0.3218693 0.5881307
v -0.0340000 0.3241984 0.5880039
v -0.0369961 0.3241984 0.5910000
v -0.0368693 0.3234198 0.5881307
v -0.0340000 0.3190000 0.6550000
v -0.0340000 0.3250000 0.6490000
v -0.0400000 0.3190000 0.6490000
v -0.0340000 0.3219960 0.6541984
v -0.0369961 0.3190000 0.6541984
v -0.0368693 0.3218693 0.6534198
v -0.0369961 0.3241984 0.6490000
v -0.0340000 0.3241984 0.6519961
v -0.0368693 0.3234198 0.6518693
v -0.0391984 0.3190000 0.6519961
v -0.0391984 0.3219960 0.6490000
v -0.0384198 0.3218693 0.6518693
v 0.0340000 -0.3190000 0.5850000
v 0.0400000 -0.3190000 0.5910000
v 0.0340000 -0.3250000 0.5910000
v 0.0369961 -0.3190000 0.5858016
v 0.0340000 -0.3219960 0.5858016
v 0.0368693 -0.3218693 0.5865802
v 0.0391984 -0.3219960 0.5910000
v 0.0391984 -0.3190000 0.5880039
v 0.0384198 -0.3218693 0.5881307
v 0.0340000 -0.3241984 0.5880039
v 0.0369961 -0.3241984 0.5910000
v 0.0368693 -0.3234198 0.5881307
v 0.0340000 -0.3190000 0.6550000
v 0.0340000 -0.3250000 0.6490000
v 0.0400000 -0.3190000 0.6490000
v 0.0340000 -0.3219960 0.6541984
v 0.0369961 -0.3190000 0.6541984
v 0.0368693 -0.3218693 0.6534198
v 0.0369961 -0.3241984 0.6490000
v 0.0340000 -0.3241984 0.6519961
v 0.0368693 -0.3234198 0.6518693
v 0.0391984 -0.3190000 0.6519961
v 0.0391984 -0.3219960 0.6490000
v 0.0384198 -0.3218693 0.6518693
v 0.0340000 0.3190000 0.5850000
v 0.0340000 0.3250000 0.5910000
v 0.0400000 0.3190000 0.5910000
v 0.0340000 0.3219960 0.5858016
v 0.0369961 0.3190000 0.5858016
v 0.0368693 0.3218693 0.5865802
v 0.0369961 0.3241984 0.5910000
v 0.0340000 0.3241984 0.5880039
v 0.0368693 0.3234198 0.5881307
v 0.0391984 0.3190000 0.5880039
v 0.0391984 0.3219960 0.5910000
v 0.0384198 0.3218693 0.5881307
v 0.0340000 0.3190000 0.6550000
v 0.0400000 0.3190000 0.6490000
v 0.0340000 0.3250000 0.6490000
v 0.0369961 0.3190000 0.6541984
v 0.0340000 0.3219960 0.6541984
v 0.0368693 0.3218693 0.6534198
v 0.0391984 0.3219960 0.6490000
v 0.0391984 0.3190000 0.6519961
v 0.0384198 0.3218693 0.6518693
v 0.0340000 0.3241984 0.6519961
v 0.0369961 0.3241984 0.6490000
v 0.0368693 0.3234198 0.6518693
f 481 484 486
f 481 486 485
f 484 488 489
f 484 489 486
f 482 487 489
f 482 489 488
f 487 491 492
f 487 492 489
f 483 490 492
f 483 492 491
f 490 485 486
f 490 486 492
f 486 489 492
f 493 496 498
f 493 498 497
f 496 500 501
f 496 501 498
f 494 499 501
f 494 501 500
f 499 503 504
f 499 504 501
f 495 502 504
f 495 504 503
f 502 497 498
f 502 498 504
f 498 501 504
f 505 508 510
f 505 510 509
f 508 512 513
f 508 513 510
f 506 511 513
f 506 513 512
f 511 515 516
f 511 516 513
f 507 514 516
f 507 516 515
f 514 509 510
f 514 510 516
f 510 513 516
f 517 520 522
f 517 522 521
f 520 524 525
f 520 525 522
f 518 523 525
f 518 525 524
f 523 527 528
f 523 528 525
f 519 526 528
f 519 528 527
f 526 521 522
f 526 522 528
f 522 525 528
f 529 532 534
f 529 534 533
f 532 536 537
f 532 537 534
f 530 535 537
f 530 537 536
f 535 539 540
f 535 540 537
f 531 538 540
f 531 540 539
f 538 533 534
f 538 534 540
f 534 537 540
f 541 544 546
f 541 546 545
f 544 548 549
f 544 549 546
f 542 547 549
f 542 549 548
f 547 551 552
f 547 552 549
f 543 550 552
f 543 552 551
f 550 545 546
f 550 546 552
f 546 549 552
f 553 556 558
f 553 558 557
f 556 560 561
f 556 561 558
f 554 559 561
f 554 561 560
f 559 563 564
f 559 564 561
f 555 562 564
f 555 564 563
f 562 557 558
f 562 558 564
f 558 561 564
f 565 568 570
f 565 570 569
f 568 572 573
f 568 573 570
f 566 571 573
f 566 573 572
f 571 575 576
f 571 576 573
f 567 574 576
f 567 576 575
f 574 569 570
f 574 570 576
f 570 573 576
f 505 481 485
f 505 485 508
f 508 485 490
f 508 490 512
f 512 490 483
f 512 483 506
f 482 493 497
f 482 497 487
f 487 497 502
f 487 502 491
f 491 502 495
f 491 495 483
f 494 517 521
f 494 521 499
f 499 521 526
f 499 526 503
f 503 526 519
f 503 519 495
f 518 507 515
f 518 515 523
f 523 515 511
f 523 511 527
f 527 511 506
f 527 506 519
f 553 505 509
f 553 509 556
f 556 509 514
f 556 514 560
f 560 514 507
f 560 507 554
f 517 565 569
f 517 569 520
f 520 569 574
f 520 574 524
f 524 574 567
f 524 567 518
f 566 555 563
f 566 563 571
f 571 563 559
f 571 559 575
f 575 559 554
f 575 554 567
f 529 553 557
f 529 557 532
f 532 557 562
f 532 562 536
f 536 562 555
f 536 555 530
f 565 541 545
f 565 545 568
f 568 545 550
f 568 550 572
f 572 550 543
f 572 543 566
f 542 531 539
f 542 539 547
f 547 539 535
f 547 535 551
f 551 535 530
f 551 530 543
f 481 529 533
f 481 533 484
f 484 533 538
f 484 538 488
f 488 538 531
f 488 531 482
f 541 494 500
f 541 500 544
f 544 500 496
f 544 496 548
f 548 496 493
f 548 493 542
f 505 553 529
f 505 529 481
f 483 495 519
f 483 519 506
f 531 542 493
f 531 493 482
f 565 517 494
f 565 494 541
f 507 518 567
f 507 567 554
f 555 566 543
f 555 543 530
v 1.3099999 -0.1600000 0.4700000
v 1.3099999 -0.1700000 0.4800000
v 1.3000000 -0.1600000 0.4800000
v 1.3100001 -0.1649934 0.4713360
v 1.3050066 -0.1600000 0.4713360
v 1.3052180 -0.1647821 0.4726337
v 1.3050066 -0.1686640 0.4800000
v 1.3100001 -0.1686640 0.4750066
v 1.3052180 -0.1673663 0.4752179
v 1.3013361 -0.1600000 0.4750066
v 1.3013361 -0.1649934 0.4800000
v 1.3026338 -0.1647821 0.4752179
v 1.3099999 -0.1700000 0.6200000
v 1.3099999 -0.1600000 0.6300000
v 1.3000000 -0.1600000 0.6200000
v 1.3100001 -0.1686640 0.6249934
v 1.3050066 -0.1686640 0.6200000
v 1.3052180 -0.1673663 0.6247821
v 1.3050066 -0.1600000 0.6286640
v 1.3100001 -0.1649934 0.6286640
v 1.3052180 -0.1647821 0.6273663
v 1.3013361 -0.1649934 0.6200000
v 1.3013361 -0.1600000 0.6249934
v 1.3026338 -0.1647821 0.6247821
v 1.3099999 0.1600000 0.4700000
v 1.3000000 0.1600000 0.4800000
v 1.3099999 0.1700000 0.4800000
v 1.3050066 0.1600000 0.4713360
v 1.3100001 0.1649934 0.4713360
v 1.3052180 0.1647821 0.4726337
v 1.3013361 0.1649934 0.4800000
v 1.3013361 0.1600000 0.4750066
v 1.3026338 0.1647821 0.4752179
v 1.3100001 0.1686640 0.4750066
v 1.3050066 0.1686640 0.4800000
v 1.3052180 0.1673663 0.4752179
v 1.3099999 0.1600000 0.6300000
v 1.3099999 0.1700000 0.6200000
v 1.3000000 0.1600000 0.6200000
v 1.3100001 0.1649934 0.6286640
v 1.3050066 0.1600000 0.6286640
v 1.3052180 0.1647821 0.6273663
v 1.3050066 0.1686640 0.6200000
v 1.3100001 0.1686640 0.6249934
v 1.3052180 0.1673663 0.6247821
v 1.3013361 0.1600000 0.6249934
v 1.3013361 0.1649934 0.6200000
v 1.3026338 0.1647821 0.6247821
v 2.4400001 -0.1600000 0.4700000
v 2.4500000 -0.1600000 0.4800000
v 2.4400001 -0.1700000 0.4800000
v 2.4449935 -0.1600000 0.4713360
v 2.4400001 -0.1649934 0.4713360
v 2.4447820 -0.1647821 0.4726337
v 2.4486639 -0.1649934 0.4800000
v 2.4486639 -0.1600000 0.4750066
v 2.4473662 -0.1647821 0.4752179
v 2.4400001 -0.1686640 0.4750066
v 2.4449935 -0.1686640 0.4800000
v 2.4447820 -0.1673663 0.4752179
v 2.4400001 -0.1600000 0.6300000
v 2.4400001 -0.1700000 0.6200000
v 2.4500000 -0.1600000 0.6200000
v 2.4400001 -0.1649934 0.6286640
v 2.4449935 -0.1600000 0.6286640
v 2.4447820 -0.1647821 0.6273663
v 2.4449935 -0.1686640 0.6200000
v 2.4400001 -0.1686640 0.6249934
v 2.4447820 -0.1673663 0.6247821
v 2.4486639 -0.1600000 0.6249934
v 2.4486639 -0.1649934 0.6200000
v 2.4473662 -0.1647821 0.6247821
v 2.4400001 0.1600000 0.4700000
v 2.4400001 0.1700000 0.4800000
v 2.4500000 0.1600000 0.4800000
v 2.4400001 0.1649934 0.4713360
v 2.4449935 0.1600000 0.4713360
v 2.4447820 0.1647821 0.4726337
v 2.4449935 0.1686640 0.4800000
v 2.4400001 0.1686640 0.4750066
v 2.4447820 0.1673663 0.4752179
v 2.4486639 0.1600000 0.4750066
v 2.4486639 0.1649934 0.4800000
v 2.4473662 0.1647821 0.4752179
v 2.4400001 0.1600000 0.6300000
v 2.4500000 0.1600000 0.6200000
v 2.4400001 0.1700000 0.6200000
v 2.4449935 0.1600000 0.6286640
v 2.4400001 0.1649934 0.6286640
v 2.4447820 0.1647821 0.6273663
v 2.4486639 0.1649934 0.6200000
v 2.4486639 0.1600000 0.6249934
v 2.4473662 0.1647821 0.6247821
v 2.4400001 0.1686640 0.6249934
v 2.4449935 0.1686640 0.6200000
v 2.4447820 0.1673663 0.6247821
f 577 580 582
f 577 582 581
f 580 584 585
f 580 585 582
f 578 583 585
f 578 585 584
f 583 587 588
f 583 588 585
f 579 586 588
f 579 588 587
f 586 581 582
f 586 582 588
f 582 585 588
f 589 592 594
f 589 594 593
f 592 596 597
f 592 597 594
f 590 595 597
f 590 597 596
f 595 599 600
f 595 600 597
f 591 598 600
f 591 600 599
f 598 593 594
f 598 594 600
f 594 597 600
f 601 604 606
f 601 606 605
f 604 608 609
f 604 609 606
f 602 607 609
f 602 609 608
f 607 611 612
f 607 612 609
f 603 610 612
f 603 612 611
f 610 605 606
f 610 606 612
f 606 609 612
f 613 616 618
f 613 618 617
f 616 620 621
f 616 621 618
f 614 619 621
f 614 621 620
f 619 623 624
f 619 624 621
f 615 622 624
f 615 624 623
f 622 617 618
f 622 618 624
f 618 621 624
f 625 628 630
f 625 630 629
f 628 632 633
f 628 633 630
f 626 631 633
f 626 633 632
f 631 635 636
f 631 636 633
f 627 634 636
f 627 636 635
f 634 629 630
f 634 630 636
f 630 633 636
f 637 640 642
f 637 642 641
f 640 644 645
f 640 645 642
f 638 643 645
f 638 645 644
f 643 647 648
f 643 648 645
f 639 646 648
f 639 648 647
f 646 641 642
f 646 642 648
f 642 645 648
f 649 652 654
f 649 654 653
f 652 656 657
f 652 657 654
f 650 655 657
f 650 657 656
f 655 659 660
f 655 660 657
f 651 658 660
f 651 660 659
f 658 653 654
f 658 654 660
f 654 657 660
f 661 664 666
f 661 666 665
f 664 668 669
f 664 669 666
f 662 667 669
f 662 669 668
f 667 671 672
f 667 672 669
f 663 670 672
f 663 672 671
f 670 665 666
f 670 666 672
f 666 669 672
f 601 577 581
f 601 581 604
f 604 581 586
f 604 586 608
f 608 586 579
f 608 579 602
f 578 589 593
f 578 593 583
f 583 593 598
f 583 598 587
f 587 598 591
f 587 591 579
f 590 613 617
f 590 617 595
f 595 617 622
f 595 622 599
f 599 622 615
f 599 615 591
f 614 603 611
f 614 611 619
f 619 611 607
f 619 607 623
f 623 607 602
f 623 602 615
f 649 601 605
f 649 605 652
f 652 605 610
f 652 610 656
f 656 610 603
f 656 603 650
f 613 661 665
f 613 665 616
f 616 665 670
f 616 670 620
f 620 670 663
f 620 663 614
f 662 651 659
f 662 659 667
f 667 659 655
f 667 655 671
f 671 655 650
f 671 650 663
f 625 649 653
f 625 653 628
f 628 653 658
f 628 658 632
f 632 658 651
f 632 651 626
f 661 637 641
f 661 641 664
f 664 641 646
f 664 646 668
f 668 646 639
f 668 639 662
f 638 627 635
f 638 635 643
f 643 635 631
f 643 631 647
f 647 631 626
f 647 626 639
f 577 625 629
f 577 629 580
f 580 629 634
f 580 634 584
f 584 634 627
f 584 627 578
f 637 590 596
f 637 596 640
f 640 596 592
f 640 592 644
f 644 592 589
f 644 589 638
f 601 649 625
f 601 625 577
f 579 591 615
f 579 615 602
f 627 638 589
f 627 589 578
f 661 613 590
f 661 590 637
f 603 614 663
f 603 663 650
f 651 662 639
f 651 639 626
v 2.4400001 -0.0000000 0.6300000
v 2.5099998 -0.0000000 0.6300000
v 2.4400001 0.0114805 0.6277164
v 2.5099998 0.0114805 0.6277164
v 2.4400001 0.0212132 0.6212132
v 2.5099998 0.0212132 0.6212132
v 2.4400001 0.0277164 0.6114805
v 2.5099998 0.0277164 0.6114805
v 2.4400001 0.0300000 0.6000000
v 2.5099998 0.0300000 0.6000000
v 2.4400001 0.0277164 0.5885195
v 2.5099998 0.0277164 0.5885195
v 2.4400001 0.0212132 0.5787868
v 2.5099998 0.0212132 0.5787868
v 2.4400001 0.0114805 0.5722836
v 2.5099998 0.0114805 0.5722836
v 2.4400001 0.0000000 0.5700001
v 2.5099998 0.0000000 0.5700001
v 2.4400001 -0.0114805 0.5722836
v 2.5099998 -0.0114805 0.5722836
v 2.4400001 -0.0212132 0.5787868
v 2.5099998 -0.0212132 0.5787868
v 2.4400001 -0.0277164 0.5885195
v 2.5099998 -0.0277164 0.5885195
v 2.4400001 -0.0300000 0.6000000
v 2.5099998 -0.0300000 0.6000000
v 2.4400001 -0.0277164 0.6114805
v 2.5099998 -0.0277164 0.6114805
v 2.4400001 -0.0212132 0.6212132
v 2.5099998 -0.0212132 0.6212132
v 2.4400001 -0.0114805 0.6277164
v 2.5099998 -0.0114805 0.6277164
f 673 674 676
f 673 676 675
f 675 676 678
f 675 678 677
f 677 678 680
f 677 680 679
f 679 680 682
f 679 682 681
f 681 682 684
f 681 684 683
f 683 684 686
f 683 686 685
f 685 686 688
f 685 688 687
f 687 688 690
f 687 690 689
f 689 690 692
f 689 692 691
f 691 692 694
f 691 694 693
f 693 694 696
f 693 696 695
f 695 696 698
f 695 698 697
f 697 698 700
f 697 700 699
f 699 700 702
f 699 702 701
f 678 676 674
f 674 704 702
f 702 700 698
f 698 696 694
f 694 692 690
f 690 688 686
f 686 684 682
f 682 680 678
f 678 674 702
f 702 698 694
f 694 690 686
f 686 682 678
f 678 702 694
f 694 686 678
f 701 702 704
f 701 704 703
f 703 704 674
f 703 674 673
f 703 673 675
f 675 677 679
f 679 681 683
f 683 685 687
f 687 689 691
f 691 693 695
f 695 697 699
f 699 701 703
f 703 675 679
f 679 683 687
f 687 691 695
f 695 699 703
f 703 679 687
f 687 695 703
v 1.9500000 -0.1577914 0.5998777
v 1.9500000 -0.3377914 0.6198778
v 1.9576538 -0.1579595 0.5983646
v 1.9576538 -0.3379595 0.6183646
v 1.9641422 -0.1584383 0.5940557
v 1.9641422 -0.3384383 0.6140557
v 1.9684776 -0.1591548 0.5876068
v 1.9684776 -0.3391548 0.6076069
v 1.9700000 -0.1600000 0.5800000
v 1.9700000 -0.3400000 0.6000001
v 1.9684776 -0.1608452 0.5723932
v 1.9684776 -0.3408452 0.5923932
v 1.9641422 -0.1615617 0.5659444
v 1.9641422 -0.3415617 0.5859444
v 1.9576538 -0.1620405 0.5616354
v 1.9576538 -0.3420405 0.5816355
v 1.9500000 -0.1622086 0.5601223
v 1.9500000 -0.3422086 0.5801224
v 1.9423463 -0.1620405 0.5616354
v 1.9423463 -0.3420405 0.5816355
v 1.9358579 -0.1615617 0.5659444
v 1.9358579 -0.3415617 0.5859444
v 1.9315225 -0.1608452 0.5723932
v 1.9315225 -0.3408452 0.5923932
v 1.9300001 -0.1600000 0.5800000
v 1.9300001 -0.3400000 0.6000001
v 1.9315225 -0.1591548 0.5876068
v 1.9315225 -0.3391548 0.6076069
v 1.9358579 -0.1584383 0.5940557
v 1.9358579 -0.3384383 0.6140557
v 1.9423463 -0.1579595 0.5983646
v 1.9423463 -0.3379595 0.6183646
f 705 706 708
f 705 708 707
f 707 708 710
f 707 710 709
f 709 710 712
f 709 712 711
f 711 712 714
f 711 714 713
f 713 714 716
f 713 716 715
f 715 716 718
f 715 718 717
f 717 718 720
f 717 720 719
f 719 720 722
f 719 722 721
f 721 722 724
f 721 724 723
f 723 724 726
f 723 726 725
f 725 726 728
f 725 728 727
f 727 728 730
f 727 730 729
f 729 730 732
f 729 732 731
f 731 732 734
f 731 734 733
f 710 708 706
f 706 736 734
f 734 732 730
f 730 728 726
f 726 724 722
f 722 720 718
f 718 716 714
f 714 712 710
f 710 706 734
f 734 730 726
f 726 722 718
f 718 714 710
f 710 734 726
f 726 718 710
f 733 734 736
f 733 736 735
f 735 736 706
f 735 706 705
f 735 705 707
f 707 709 711
f 711 713 715
f 715 717 719
f 719 721 723
f 723 725 727
f 727 729 731
f 731 733 735
f 735 707 711
f 711 715 719
f 719 723 727
f 727 731 735
f 735 711 719
f 719 727 735
v 1.9500000 0.1577913 0.5998777
v 1.9500000 0.3377914 0.6198778
v 1.9423463 0.1579595 0.5983646
v 1.9423463 0.3379595 0.6183646
v 1.9358579 0.1584383 0.5940557
v 1.9358579 0.3384383 0.6140557
v 1.9315225 0.1591548 0.5876068
v 1.9315225 0.3391548 0.6076069
v 1.9300001 0.1600000 0.5800000
v 1.9300001 0.3400000 0.6000001
v 1.9315225 0.1608452 0.5723932
v 1.9315225 0.3408452 0.5923932
v 1.9358579 0.1615617 0.5659444
v 1.9358579 0.3415618 0.5859444
v 1.9423463 0.1620405 0.5616354
v 1.9423463 0.3420405 0.5816355
v 1.9500000 0.1622086 0.5601223
v 1.9500000 0.3422087 0.5801224
v 1.9576538 0.1620405 0.5616354
v 1.9576538 0.3420405 0.5816355
v 1.9641422 0.1615617 0.5659444
v 1.9641422 0.3415618 0.5859444
v 1.9684776 0.1608452 0.5723932
v 1.9684776 0.3408452 0.5923932
v 1.9700000 0.1600000 0.5800000
v 1.9700000 0.3400000 0.6000000
v 1.9684776 0.1591548 0.5876068
v 1.9684776 0.3391548 0.6076069
v 1.9641422 0.1584383 0.5940557
v 1.9641422 0.3384383 0.6140557
v 1.9576538 0.1579595 0.5983646
v 1.9576538 0.3379595 0.6183646
f 737 738 740
f 737 740 739
f 739 740 742
f 739 742 741
f 741 742 744
f 741 744 743
f 743 744 746
f 743 746 745
f 745 746 748
f 745 748 747
f 747 748 750
f 747 750 749
f 749 750 752
f 749 752 751
f 751 752 754
f 751 754 753
f 753 754 756
f 753 756 755
f 755 756 758
f 755 758 757
f 757 758 760
f 757 760 759
f 759 760 762
f 759 762 761
f 761 762 764
f 761 764 763
f 763 764 766
f 763 766 765
f 742 740 738
f 738 768 766
f 766 764 762
f 762 760 758
f 758 756 754
f 754 752 750
f 750 748 746
f 746 744 742
f 742 738 766
f 766 762 758
f 758 754 750
f 750 746 742
f 742 766 758
f 758 750 742
f 765 766 768
f 765 768 767
f 767 768 738
f 767 738 737
f 767 737 739
f 739 741 743
f 743 745 747
f 747 749 751
f 751 753 755
f 755 757 759
f 759 761 763
f 763 765 767
f 767 739 743
f 743 747 751
f 751 755 759
f 759 763 767
f 767 743 751
f 751 759 767
v 1.7240000 -0.0360000 0.4300000
v 1.7240000 -0.0400000 0.4340000
v 1.7200000 -0.0360000 0.4340000
v 1.7240000 -0.0379974 0.4305344
v 1.7220026 -0.0360000 0.4305344
v 1.7220871 -0.0379128 0.4310535
v 1.7220026 -0.0394656 0.4340000
v 1.7240000 -0.0394656 0.4320026
v 1.7220871 -0.0389465 0.4320872
v 1.7205343 -0.0360000 0.4320026
v 1.7205343 -0.0379974 0.4340000
v 1.7210535 -0.0379128 0.4320872
v 1.7240000 -0.0400000 0.4660000
v 1.7240000 -0.0360000 0.4700000
v 1.7200000 -0.0360000 0.4660000
v 1.7240000 -0.0394656 0.4679974
v 1.7220026 -0.0394656 0.4660000
v 1.7220871 -0.0389465 0.4679128
v 1.7220026 -0.0360000 0.4694656
v 1.7240000 -0.0379974 0.4694656
v 1.7220871 -0.0379128 0.4689465
v 1.7205343 -0.0379974 0.4660000
v 1.7205343 -0.0360000 0.4679974
v 1.7210535 -0.0379128 0.4679128
v 1.7240000 0.0360000 0.4300000
v 1.7200000 0.0360000 0.4340000
v 1.7240000 0.0400000 0.4340000
v 1.7220026 0.0360000 0.4305344
v 1.7240000 0.0379974 0.4305344
v 1.7220871 0.0379128 0.4310535
v 1.7205343 0.0379974 0.4340000
v 1.7205343 0.0360000 0.4320026
v 1.7210535 0.0379128 0.4320872
v 1.7240000 0.0394656 0.4320026
v 1.7220026 0.0394656 0.4340000
v 1.7220871 0.0389465 0.4320872
v 1.7240000 0.0360000 0.4700000
v 1.7240000 0.0400000 0.4660000
v 1.7200000 0.0360000 0.4660000
v 1.7240000 0.0379974 0.4694656
v 1.7220026 0.0360000 0.4694656
v 1.7220871 0.0379128 0.4689465
v 1.7220026 0.0394656 0.4660000
v 1.7240000 0.0394656 0.4679974
v 1.7220871 0.0389465 0.4679128
v 1.7205343 0.0360000 0.4679974
v 1.7205343 0.0379974 0.4660000
v 1.7210535 0.0379128 0.4679128
v 1.8160000 -0.0360000 0.4300000
v 1.8199999 -0.0360000 0.4340000
v 1.8160000 -0.0400000 0.4340000
v 1.8179973 -0.0360000 0.4305344
v 1.8160000 -0.0379974 0.4305344
v 1.8179128 -0.0379128 0.4310535
v 1.8194656 -0.0379974 0.4340000
v 1.8194656 -0.0360000 0.4320026
v 1.8189465 -0.0379128 0.4320872
v 1.8160000 -0.0394656 0.4320026
v 1.8179973 -0.0394656 0.4340000
v 1.8179128 -0.0389465 0.4320872
v 1.8160000 -0.0360000 0.4700000
v 1.8160000 -0.0400000 0.4660000
v 1.8199999 -0.0360000 0.4660000
v 1.8160000 -0.0379974 0.4694656
v 1.8179973 -0.0360000 0.4694656
v 1.8179128 -0.0379128 0.4689465
v 1.8179973 -0.0394656 0.4660000
v 1.8160000 -0.0394656 0.4679974
v 1.8179128 -0.0389465 0.4679128
v 1.8194656 -0.0360000 0.4679974
v 1.8194656 -0.0379974 0.4660000
v 1.8189465 -0.0379128 0.4679128
v 1.8160000 0.0360000 0.4300000
v 1.8160000 0.0400000 0.4340000
v 1.8199999 0.0360000 0.4340000
v 1.8160000 0.0379974 0.4305344
v 1.8179973 0.0360000 0.4305344
v 1.8179128 0.0379128 0.4310535
v 1.8179973 0.0394656 0.4340000
v 1.8160000 0.0394656 0.4320026
v 1.8179128 0.0389465 0.4320872
v 1.8194656 0.0360000 0.4320026
v 1.8194656 0.0379974 0.4340000
v 1.8189465 0.0379128 0.4320872
v 1.8160000 0.0360000 0.4700000
v 1.8199999 0.0360000 0.4660000
v 1.8160000 0.0400000 0.4660000
v 1.8179973 0.0360000 0.4694656
v 1.8160000 0.0379974 0.4694656
v 1.8179128 0.0379128 0.4689465
v 1.8194656 0.0379974 0.4660000
v 1.8194656 0.0360000 0.4679974
v 1.8189465 0.0379128 0.4679128
v 1.8160000 0.0394656 0.4679974
v 1.8179973 0.0394656 0.4660000
v 1.8179128 0.0389465 0.4679128
f 769 772 774
f 769 774 773
f 772 776 777
f 772 777 774
f 770 775 777
f 770 777 776
f 775 779 780
f 775 780 777
f 771 778 780
f 771 780 779
f 778 773 774
f 778 774 780
f 774 777 780
f 781 784 786
f 781 786 785
f 784 788 789
f 784 789 786
f 782 787 789
f 782 789 788
f 787 791 792
f 787 792 789
f 783 790 792
f 783 792 791
f 790 785 786
f 790 786 792
f 786 789 792
f 793 796 798
f 793 798 797
f 796 800 801
f 796 801 798
f 794 799 801
f 794 801 800
f 799 803 804
f 799 804 801
f 795 802 804
f 795 804 803
f 802 797 798
f 802 798 804
f 798 801 804
f 805 808 810
f 805 810 809
f 808 812 813
f 808 813 810
f 806 811 813
f 806 813 812
f 811 815 816
f 811 816 813
f 807 814 816
f 807 816 815
f 814 809 810
f 814 810 816
f 810 813 816
f 817 820 822
f 817 822 821
f 820 824 825
f 820 825 822
f 818 823 825
f 818 825 824
f 823 827 828
f 823 828 825
f 819 826 828
f 819 828 827
f 826 821 822
f 826 822 828
f 822 825 828
f 829 832 834
f 829 834 833
f 832 836 837
f 832 837 834
f 830 835 837
f 830 837 836
f 835 839 840
f 835 840 837
f 831 838 840
f 831 840 839
f 838 833 834
f 838 834 840
f 834 837 840
f 841 844 846
f 841 846 845
f 844 848 849
f 844 849 846
f 842 847 849
f 842 849 848
f 847 851 852
f 847 852 849
f 843 850 852
f 843 852 851
f 850 845 846
f 850 846 852
f 846 849 852
f 853 856 858
f 853 858 857
f 856 860 861
f 856 861 858
f 854 859 861
f 854 861 860
f 859 863 864
f 859 864 861
f 855 862 864
f 855 864 863
f 862 857 858
f 862 858 864
f 858 861 864
f 793 769 773
f 793 773 796
f 796 773 778
f 796 778 800
f 800 778 771
f 800 771 794
f 770 781 785
f 770 785 775
f 775 785 790
f 775 790 779
f 779 790 783
f 779 783 771
f 782 805 809
f 782 809 787
f 787 809 814
f 787 814 791
f 791 814 807
f 791 807 783
f 806 795 803
f 806 803 811
f 811 803 799
f 811 799 815
f 815 799 794
f 815 794 807
f 841 793 797
f 841 797 844
f 844 797 802
f 844 802 848
f 848 802 795
f 848 795 842
f 805 853 857
f 805 857 808
f 808 857 862
f 808 862 812
f 812 862 855
f 812 855 806
f 854 843 851
f 854 851 859
f 859 851 847
f 859 847 863
f 863 847 842
f 863 842 855
f 817 841 845
f 817 845 820
f 820 845 850
f 820 850 824
f 824 850 843
f 824 843 818
f 853 829 833
f 853 833 856
f 856 833 838
f 856 838 860
f 860 838 831
f 860 831 854
f 830 819 827
f 830 827 835
f 835 827 823
f 835 823 839
f 839 823 818
f 839 818 831
f 769 817 821
f 769 821 772
f 772 821 826
f 772 826 776
f 776 826 819
f 776 819 770
f 829 782 788
f 829 788 832
f 832 788 784
f 832 784 836
f 836 784 781
f 836 781 830
f 793 841 817
f 793 817 769
f 771 783 807
f 771 807 794
f 819 830 781
f 819 781 770
f 853 805 782
f 853 782 829
f 795 806 855
f 795 855 842
f 843 854 831
f 843 831 818
v 2.3500001 0.3850000 0.5000000
v 2.3500001 0.3750000 0.5100000
v 2.3400002 0.3850000 0.5100000
v 2.3500001 0.3800066 0.5013360
v 2.3450067 0.3850000 0.5013360
v 2.3452179 0.3802179 0.5026337
v 2.3450067 0.3763359 0.5100000
v 2.3500001 0.3763359 0.5050066
v 2.3452179 0.3776337 0.5052179
v 2.3413360 0.3850000 0.5050066
v 2.3413360 0.3800066 0.5100000
v 2.3426337 0.3802179 0.5052179
v 2.3500001 0.3750000 0.6100000
v 2.3500001 0.3850000 0.6200000
v 2.3400002 0.3850000 0.6100000
v 2.3500001 0.3763359 0.6149935
v 2.3450067 0.3763359 0.6100000
v 2.3452179 0.3776337 0.6147821
v 2.3450067 0.3850000 0.6186640
v 2.3500001 0.3800066 0.6186640
v 2.3452179 0.3802179 0.6173663
v 2.3413360 0.3800066 0.6100000
v 2.3413360 0.3850000 0.6149935
v 2.3426337 0.3802179 0.6147821
v 2.3500001 0.4550000 0.5000000
v 2.3400002 0.4550000 0.5100000
v 2.3500001 0.4650000 0.5100000
v 2.3450067 0.4550000 0.5013360
v 2.3500001 0.4599934 0.5013360
v 2.3452179 0.4597821 0.5026337
v 2.3413360 0.4599934 0.5100000
v 2.3413360 0.4550000 0.5050066
v 2.3426337 0.4597821 0.5052179
v 2.3500001 0.4636640 0.5050066
v 2.3450067 0.4636640 0.5100000
v 2.3452179 0.4623663 0.5052179
v 2.3500001 0.4550000 0.6200000
v 2.3500001 0.4650000 0.6100000
v 2.3400002 0.4550000 0.6100000
v 2.3500001 0.4599934 0.6186640
v 2.3450067 0.4550000 0.6186640
v 2.3452179 0.4597821 0.6173663
v 2.3450067 0.4636640 0.6100000
v 2.3500001 0.4636640 0.6149935
v 2.3452179 0.4623663 0.6147821
v 2.3413360 0.4550000 0.6149935
v 2.3413360 0.4599934 0.6100000
v 2.3426337 0.4597821 0.6147821
v 2.4500000 0.3850000 0.5000000
v 2.4600000 0.3850000 0.5100000
v 2.4500000 0.3750000 0.5100000
v 2.4549935 0.3850000 0.5013360
v 2.4500000 0.3800066 0.5013360
v 2.4547822 0.3802179 0.5026337
v 2.4586642 0.3800066 0.5100000
v 2.4586642 0.3850000 0.5050066
v 2.4573665 0.3802179 0.5052179
v 2.4500000 0.3763359 0.5050066
v 2.4549935 0.3763359 0.5100000
v 2.4547822 0.3776337 0.5052179
v 2.4500000 0.3850000 0.6200000
v 2.4500000 0.3750000 0.6100000
v 2.4600000 0.3850000 0.6100000
v 2.4500000 0.3800066 0.6186640
v 2.4549935 0.3850000 0.6186640
v 2.4547822 0.3802179 0.6173663
v 2.4549935 0.3763359 0.6100000
v 2.4500000 0.3763359 0.6149935
v 2.4547822 0.3776337 0.6147821
v 2.4586642 0.3850000 0.6149935
v 2.4586642 0.3800066 0.6100000
v 2.4573665 0.3802179 0.6147821
v 2.4500000 0.4550000 0.5000000
v 2.4500000 0.4650000 0.5100000
v 2.4600000 0.4550000 0.5100000
v 2.4500000 0.4599934 0.5013360
v 2.4549935 0.4550000 0.5013360
v 2.4547822 0.4597821 0.5026337
v 2.4549935 0.4636640 0.5100000
v 2.4500000 0.4636640 0.5050066
v 2.4547822 0.4623663 0.5052179
v 2.4586642 0.4550000 0.5050066
v 2.4586642 0.4599934 0.5100000
v 2.4573665 0.4597821 0.5052179
v 2.4500000 0.4550000 0.6200000
v 2.4600000 0.4550000 0.6100000
v 2.4500000 0.4650000 0.6100000
v 2.4549935 0.4550000 0.6186640
v 2.4500000 0.4599934 0.6186640
v 2.4547822 0.4597821 0.6173663
v 2.4586642 0.4599934 0.6100000
v 2.4586642 0.4550000 0.6149935
v 2.4573665 0.4597821 0.6147821
v 2.4500000 0.4636640 0.6149935
v 2.4549935 0.4636640 0.6100000
v 2.4547822 0.4623663 0.6147821
f 865 868 870
f 865 870 869
f 868 872 873
f 868 873 870
f 866 871 873
f 866 873 872
f 871 875 876
f 871 876 873
f 867 874 876
f 867 876 875
f 874 869 870
f 874 870 876
f 870 873 876
f 877 880 882
f 877 882 881
f 880 884 885
f 880 885 882
f 878 883 885
f 878 885 884
f 883 887 888
f 883 888 885
f 879 886 888
f 879 888 887
f 886 881 882
f 886 882 888
f 882 885 888
f 889 892 894
f 889 894 893
f 892 896 897
f 892 897 894
f 890 895 897
f 890 897 896
f 895 899 900
f 895 900 897
f 891 898 900
f 891 900 899
f 898 893 894
f 898 894 900
f 894 897 900
f 901 904 906
f 901 906 905
f 904 908 909
f 904 909 906
f 902 907 909
f 902 909 908
f 907 911 912
f 907 912 909
f 903 910 912
f 903 912 911
f 910 905 906
f 910 906 912
f 906 909 912
f 913 916 918
f 913 918 917
f 916 920 921
f 916 921 918
f 914 919 921
f 914 921 920
f 919 923 924
f 919 924 921
f 915 922 924
f 915 924 923
f 922 917 918
f 922 918 924
f 918 921 924
f 925 928 930
f 925 930 929
f 928 932 933
f 928 933 930
f 926 931 933
f 926 933 932
f 931 935 936
f 931 936 933
f 927 934 936
f 927 936 935
f 934 929 930
f 934 930 936
f 930 933 936
f 937 940 942
f 937 942 941
f 940 944 945
f 940 945 942
f 938 943 945
f 938 945 944
f 943 947 948
f 943 948 945
f 939 946 948
f 939 948 947
f 946 941 942
f 946 942 948
f 942 945 948
f 949 952 954
f 949 954 953
f 952 956 957
f 952 957 954
f 950 955 957
f 950 957 956
f 955 959 960
f 955 960 957
f 951 958 960
f 951 960 959
f 958 953 954
f 958 954 960
f 954 957 960
f 889 865 869
f 889 869 892
f 892 869 874
f 892 874 896
f 896 874 867
f 896 867 890
f 866 877 881
f 866 881 871
f 871 881 886
f 871 886 875
f 875 886 879
f 875 879 867
f 878 901 905
f 878 905 883
f 883 905 910
f 883 910 887
f 887 910 903
f 887 903 879
f 902 891 899
f 902 899 907
f 907 899 895
f 907 895 911
f 911 895 890
f 911 890 903
f 937 889 893
f 937 893 940
f 940 893 898
f 940 898 944
f 944 898 891
f 944 891 938
f 901 949 953
f 901 953 904
f 904 953 958
f 904 958 908
f 908 958 951
f 908 951 902
f 950 939 947
f 950 947 955
f 955 947 943
f 955 943 959
f 959 943 938
f 959 938 951
f 913 937 941
f 913 941 916
f 916 941 946
f 916 946 920
f 920 946 939
f 920 939 914
f 949 925 929
f 949 929 952
f 952 929 934
f 952 934 956
f 956 934 927
f 956 927 950
f 926 915 923
f 926 923 931
f 931 923 919
f 931 919 935
f 935 919 914
f 935 914 927
f 865 913 917
f 865 917 868
f 868 917 922
f 868 922 872
f 872 922 915
f 872 915 866
f 925 878 884
f 925 884 928
f 928 884 880
f 928 880 932
f 932 880 877
f 932 877 926
f 889 937 913
f 889 913 865
f 867 879 903
f 867 903 890
f 915 926 877
f 915 877 866
f 949 901 878
f 949 878 925
f 891 902 951
f 891 951 938
f 939 950 927
f 939 927 914
v 2.5238197 0.5039819 0.4610608
v 2.5338197 0.5064428 0.4678967
v 2.5461802 0.5064428 0.4678967
v 2.5561802 0.5039819 0.4610608
v 2.5599999 0.5000000 0.4500000
v 2.5561802 0.4960181 0.4389392
v 2.5461802 0.4935572 0.4321032
v 2.5338197 0.4935572 0.4321032
v 2.5238197 0.4960181 0.4389392
v 2.5200000 0.5000000 0.4500000
v 2.5238197 -0.5039819 0.4610608
v 2.5338197 -0.5064428 0.4678967
v 2.5461802 -0.5064428 0.4678967
v 2.5561802 -0.5039819 0.4610608
v 2.5599999 -0.5000000 0.4500000
v 2.5561802 -0.4960181 0.4389392
v 2.5461802 -0.4935572 0.4321032
v 2.5338197 -0.4935572 0.4321032
v 2.5238197 -0.4960181 0.4389392
v 2.5200000 -0.5000000 0.4500000
v 2.5238197 -0.5039819 0.4610608
v 2.5338197 -0.5064428 0.4678967
v 2.5461802 -0.5064428 0.4678967
v 2.5561802 -0.5039819 0.4610608
v 2.5599999 -0.5000000 0.4500000
v 2.5561802 -0.4960181 0.4389392
v 2.5461802 -0.4935572 0.4321032
v 2.5338197 -0.4935572 0.4321032
v 2.5238197 -0.4960181 0.4389392
v 2.5200000 -0.5000000 0.4500000
v 2.5238197 -0.4035781 0.4971979
v 2.5338197 -0.4057896 0.5041186
v 2.5461802 -0.4057896 0.5041186
v 2.5561802 -0.4035781 0.4971979
v 2.5599999 -0.4000000 0.4860000
v 2.5561802 -0.3964218 0.4748021
v 2.5461802 -0.3942105 0.4678814
v 2.5338197 -0.3942105 0.4678814
v 2.5238197 -0.3964219 0.4748021
v 2.5200000 -0.4000000 0.4860000
v 2.5238197 -0.3027396 0.5254321
v 2.5338197 -0.3044327 0.5324974
v 2.5461802 -0.3044327 0.5324974
v 2.5561802 -0.3027396 0.5254321
v 2.5599999 -0.3000000 0.5140000
v 2.5561802 -0.2972605 0.5025679
v 2.5461802 -0.2955673 0.4955026
v 2.5338197 -0.2955673 0.4955026
v 2.5238197 -0.2972605 0.5025679
v 2.5200000 -0.3000000 0.5140000
v 2.5238197 -0.2018545 0.5456085
v 2.5338197 -0.2030006 0.5527830
v 2.5461802 -0.2030006 0.5527830
v 2.5561802 -0.2018545 0.5456085
v 2.5599999 -0.2000000 0.5340000
v 2.5561802 -0.1981455 0.5223914
v 2.5461802 -0.1969994 0.5152170
v 2.5338197 -0.1969994 0.5152170
v 2.5238197 -0.1981455 0.5223915
v 2.5200000 -0.2000000 0.5340000
v 2.5238197 -0.1009360 0.5577184
v 2.5338197 -0.1015145 0.5649607
v 2.5461802 -0.1015145 0.5649607
v 2.5561802 -0.1009360 0.5577184
v 2.5599999 -0.1000000 0.5460000
v 2.5561802 -0.0990640 0.5342816
v 2.5461802 -0.0984856 0.5270392
v 2.5338197 -0.0984856 0.5270393
v 2.5238197 -0.0990640 0.5342816
v 2.5200000 -0.1000000 0.5460000
v 2.5238197 0.0000000 0.5617557
v 2.5338197 0.0000000 0.5690212
v 2.5461802 0.0000000 0.5690212
v 2.5561802 0.0000000 0.5617557
v 2.5599999 -0.0000000 0.5500000
v 2.5561802 -0.0000000 0.5382443
v 2.5461802 -0.0000000 0.5309789
v 2.5338197 -0.0000000 0.5309789
v 2.5238197 -0.0000000 0.5382443
v 2.5200000 0.0000000 0.5500000
v 2.5238197 0.1009360 0.5577184
v 2.5338197 0.1015145 0.5649607
v 2.5461802 0.1015145 0.5649607
v 2.5561802 0.1009360 0.5577184
v 2.5599999 0.1000000 0.5460000
v 2.5561802 0.0990640 0.5342816
v 2.5461802 0.0984855 0.5270393
v 2.5338197 0.0984855 0.5270393
v 2.5238197 0.0990640 0.5342816
v 2.5200000 0.1000000 0.5460000
v 2.5238197 0.2018545 0.5456085
v 2.5338197 0.2030006 0.5527830
v 2.5461802 0.2030006 0.5527830
v 2.5561802 0.2018545 0.5456085
v 2.5599999 0.2000000 0.5340000
v 2.5561802 0.1981455 0.5223914
v 2.5461802 0.1969994 0.5152170
v 2.5338197 0.1969994 0.5152170
v 2.5238197 0.1981455 0.5223915
v 2.5200000 0.2000000 0.5340000
v 2.5238197 0.3027396 0.5254321
v 2.5338197 0.3044327 0.5324974
v 2.5461802 0.3044327 0.5324974
v 2.5561802 0.3027396 0.5254321
v 2.5599999 0.3000000 0.5140000
v 2.5561802 0.2972605 0.5025679
v 2.5461802 0.2955673 0.4955026
v 2.5338197 0.2955673 0.4955026
v 2.5238197 0.2972605 0.5025679
v 2.5200000 0.3000000 0.5140000
v 2.5238197 0.4035781 0.4971979
v 2.5338197 0.4057896 0.5041186
v 2.5461802 0.4057896 0.5041186
v 2.5561802 0.4035781 0.4971979
v 2.5599999 0.4000000 0.4860000
v 2.5561802 0.3964218 0.4748021
v 2.5461802 0.3942105 0.4678814
v 2.5338197 0.3942105 0.4678814
v 2.5238197 0.3964219 0.4748021
v 2.5200000 0.4000000 0.4860000
v 2.5238197 0.5039819 0.4610608
v 2.5338197 0.5064428 0.4678967
v 2.5461802 0.5064428 0.4678967
v 2.5561802 0.5039819 0.4610608
v 2.5599999 0.5000000 0.4500000
v 2.5561802 0.4960181 0.4389392
v 2.5461802 0.4935572 0.4321032
v 2.5338197 0.4935572 0.4321032
v 2.5238197 0.4960181 0.4389392
v 2.5200000 0.5000000 0.4500000
f 969 967 968
f 969 966 967
f 969 965 966
f 970 965 969
f 961 965 970
f 961 964 965
f 962 964 961
f 962 963 964
f 976 978 977
f 976 979 978
f 975 979 976
f 975 980 979
f 974 980 975
f 974 971 980
f 974 972 971
f 973 972 974
f 981 991 1000
f 981 1000 990
f 982 992 991
f 982 991 981
f 983 993 992
f 983 992 982
f 984 994 993
f 984 993 983
f 985 995 994
f 985 994 984
f 986 996 995
f 986 995 985
f 987 997 996
f 987 996 986
f 988 998 997
f 988 997 987
f 989 999 998
f 989 998 988
f 990 1000 999
f 990 999 989
f 991 1001 1010
f 991 1010 1000
f 992 1002 1001
f 992 1001 991
f 993 1003 1002
f 993 1002 992
f 994 1004 1003
f 994 1003 993
f 995 1005 1004
f 995 1004 994
f 996 1006 1005
f 996 1005 995
f 997 1007 1006
f 997 1006 996
f 998 1008 1007
f 998 1007 997
f 999 1009 1008
f 999 1008 998
f 1000 1010 1009
f 1000 1009 999
f 1001 1011 1020
f 1001 1020 1010
f 1002 1012 1011
f 1002 1011 1001
f 1003 1013 1012
f 1003 1012 1002
f 1004 1014 1013
f 1004 1013 1003
f 1005 1015 1014
f 1005 1014 1004
f 1006 1016 1015
f 1006 1015 1005
f 1007 1017 1016
f 1007 1016 1006
f 1008 1018 1017
f 1008 1017 1007
f 1009 1019 1018
f 1009 1018 1008
f 1010 1020 1019
f 1010 1019 1009
f 1011 1021 1030
f 1011 1030 1020
f 1012 1022 1021
f 1012 1021 1011
f 1013 1023 1022
f 1013 1022 1012
f 1014 1024 1023
f 1014 1023 1013
f 1015 1025 1024
f 1015 1024 1014
f 1016 1026 1025
f 1016 1025 1015
f 1017 1027 1026
f 1017 1026 1016
f 1018 1028 1027
f 1018 1027 1017
f 1019 1029 1028
f 1019 1028 1018
f 1020 1030 1029
f 1020 1029 1019
f 1021 1031 1040
f 1021 1040 1030
f 1022 1032 1031
f 1022 1031 1021
f 1023 1033 1032
f 1023 1032 1022
f 1024 1034 1033
f 1024 1033 1023
f 1025 1035 1034
f 1025 1034 1024
f 1026 1036 1035
f 1026 1035 1025
f 1027 1037 1036
f 1027 1036 1026
f 1028 1038 1037
f 1028 1037 1027
f 1029 1039 1038
f 1029 1038 1028
f 1030 1040 1039
f 1030 1039 1029
f 1031 1041 1050
f 1031 1050 1040
f 1032 1042 1041
f 1032 1041 1031
f 1033 1043 1042
f 1033 1042 1032
f 1034 1044 1043
f 1034 1043 1033
f 1035 1045 1044
f 1035 1044 1034
f 1036 1046 1045
f 1036 1045 1035
f 1037 1047 1046
f 1037 1046 1036
f 1038 1048 1047
f 1038 1047 1037
f 1039 1049 1048
f 1039 1048 1038
f 1040 1050 1049
f 1040 1049 1039
f 1041 1051 1060
f 1041 1060 1050
f 1042 1052 1051
f 1042 1051 1041
f 1043 1053 1052
f 1043 1052 1042
f 1044 1054 1053
f 1044 1053 1043
f 1045 1055 1054
f 1045 1054 1044
f 1046 1056 1055
f 1046 1055 1045
f 1047 1057 1056
f 1047 1056 1046
f 1048 1058 1057
f 1048 1057 1047
f 1049 1059 1058
f 1049 1058 1048
f 1050 1060 1059
f 1050 1059 1049
f 1051 1061 1070
f 1051 1070 1060
f 1052 1062 1061
f 1052 1061 1051
f 1053 1063 1062
f 1053 1062 1052
f 1054 1064 1063
f 1054 1063 1053
f 1055 1065 1064
f 1055 1064 1054
f 1056 1066 1065
f 1056 1065 1055
f 1057 1067 1066
f 1057 1066 1056
f 1058 1068 1067
f 1058 1067 1057
f 1059 1069 1068
f 1059 1068 1058
f 1060 1070 1069
f 1060 1069 1059
f 1061 1071 1080
f 1061 1080 1070
f 1062 1072 1071
f 1062 1071 1061
f 1063 1073 1072
f 1063 1072 1062
f 1064 1074 1073
f 1064 1073 1063
f 1065 1075 1074
f 1065 1074 1064
f 1066 1076 1075
f 1066 1075 1065
f 1067 1077 1076
f 1067 1076 1066
f 1068 1078 1077
f 1068 1077 1067
f 1069 1079 1078
f 1069 1078 1068
f 1070 1080 1079
f 1070 1079 1069
f 1071 1081 1090
f 1071 1090 1080
f 1072 1082 1081
f 1072 1081 1071
f 1073 1083 1082
f 1073 1082 1072
f 1074 1084 1083
f 1074 1083 1073
f 1075 1085 1084
f 1075 1084 1074
f 1076 1086 1085
f 1076 1085 1075
f 1077 1087 1086
f 1077 1086 1076
f 1078 1088 1087
f 1078 1087 1077
f 1079 1089 1088
f 1079 1088 1078
f 1080 1090 1089
f 1080 1089 1079
v -0.0161803 0.4541373 0.4820036
v -0.0061803 0.4566944 0.4888042
v 0.0061803 0.4566944 0.4888042
v 0.0161803 0.4541373 0.4820036
v 0.0200000 0.4500000 0.4710000
v 0.0161803 0.4458626 0.4599964
v 0.0061803 0.4433056 0.4531958
v -0.0061803 0.4433056 0.4531958
v -0.0161803 0.4458627 0.4599964
v -0.0200000 0.4500000 0.4710000
v -0.0161803 -0.4541373 0.4820036
v -0.0061803 -0.4566944 0.4888042
v 0.0061803 -0.4566944 0.4888042
v 0.0161803 -0.4541373 0.4820036
v 0.0200000 -0.4500000 0.4710000
v 0.0161803 -0.4458626 0.4599964
v 0.0061803 -0.4433056 0.4531958
v -0.0061803 -0.4433056 0.4531958
v -0.0161803 -0.4458627 0.4599964
v -0.0200000 -0.4500000 0.4710000
v -0.0161803 -0.4541373 0.4820036
v -0.0061803 -0.4566944 0.4888042
v 0.0061803 -0.4566944 0.4888042
v 0.0161803 -0.4541373 0.4820036
v 0.0200000 -0.4500000 0.4710000
v 0.0161803 -0.4458626 0.4599964
v 0.0061803 -0.4433056 0.4531958
v -0.0061803 -0.4433056 0.4531958
v -0.0161803 -0.4458627 0.4599964
v -0.0200000 -0.4500000 0.4710000
v -0.0161803 -0.3637212 0.5159912
v -0.0061803 -0.3660209 0.5228831
v 0.0061803 -0.3660209 0.5228831
v 0.0161803 -0.3637212 0.5159912
v 0.0200000 -0.3600000 0.5048400
v 0.0161803 -0.3562789 0.4936888
v 0.0061803 -0.3539791 0.4867970
v -0.0061803 -0.3539791 0.4867970
v -0.0161803 -0.3562789 0.4936888
v -0.0200000 -0.3600000 0.5048400
v -0.0161803 -0.2728539 0.5425640
v -0.0061803 -0.2746178 0.5496121
v 0.0061803 -0.2746178 0.5496121
v 0.0161803 -0.2728539 0.5425640
v 0.0200000 -0.2700000 0.5311600
v 0.0161803 -0.2671461 0.5197560
v 0.0061803 -0.2653823 0.5127079
v -0.0061803 -0.2653823 0.5127079
v -0.0161803 -0.2671461 0.5197560
v -0.0200000 -0.2700000 0.5311600
v -0.0161803 -0.1819344 0.5615554
v -0.0061803 -0.1831300 0.5687218
v 0.0061803 -0.1831300 0.5687218
v 0.0161803 -0.1819344 0.5615554
v 0.0200000 -0.1800000 0.5499600
v 0.0161803 -0.1780656 0.5383646
v 0.0061803 -0.1768700 0.5311982
v -0.0061803 -0.1768700 0.5311982
v -0.0161803 -0.1780656 0.5383646
v -0.0200000 -0.1800000 0.5499600
v -0.0161803 -0.0909772 0.5729550
v -0.0061803 -0.0915811 0.5801953
v 0.0061803 -0.0915811 0.5801953
v 0.0161803 -0.0909772 0.5729550
v 0.0200000 -0.0900000 0.5612400
v 0.0161803 -0.0890228 0.5495250
v 0.0061803 -0.0884189 0.5422847
v -0.0061803 -0.0884189 0.5422847
v -0.0161803 -0.0890228 0.5495250
v -0.0200000 -0.0900000 0.5612400
v -0.0161803 0.0000000 0.5767557
v -0.0061803 0.0000000 0.5840212
v 0.0061803 0.0000000 0.5840212
v 0.0161803 0.0000000 0.5767557
v 0.0200000 0.0000000 0.5650000
v 0.0161803 0.0000000 0.5532443
v 0.0061803 0.0000000 0.5459788
v -0.0061803 0.0000000 0.5459788
v -0.0161803 0.0000000 0.5532443
v -0.0200000 0.0000000 0.5650000
v -0.0161803 0.0909772 0.5729550
v -0.0061803 0.0915811 0.5801953
v 0.0061803 0.0915811 0.5801953
v 0.0161803 0.0909772 0.5729550
v 0.0200000 0.0900000 0.5612400
v 0.0161803 0.0890228 0.5495250
v 0.0061803 0.0884189 0.5422847
v -0.0061803 0.0884189 0.5422847
v -0.0161803 0.0890228 0.5495250
v -0.0200000 0.0900000 0.5612400
v -0.0161803 0.1819344 0.5615554
v -0.0061803 0.1831300 0.5687218
v 0.0061803 0.1831300 0.5687218
v 0.0161803 0.1819344 0.5615554
v 0.0200000 0.1800000 0.5499600
v 0.0161803 0.1780656 0.5383645
v 0.0061803 0.1768700 0.5311982
v -0.0061803 0.1768700 0.5311982
v -0.0161803 0.1780656 0.5383646
v -0.0200000 0.1800000 0.5499600
v -0.0161803 0.2728539 0.5425640
v -0.0061803 0.2746178 0.5496121
v 0.0061803 0.2746178 0.5496121
v 0.0161803 0.2728539 0.5425640
v 0.0200000 0.2700000 0.5311600
v 0.0161803 0.2671461 0.5197560
v 0.0061803 0.2653823 0.5127079
v -0.0061803 0.2653823 0.5127079
v -0.0161803 0.2671461 0.5197560
v -0.0200000 0.2700000 0.5311600
v -0.0161803 0.3637212 0.5159912
v -0.0061803 0.3660209 0.5228831
v 0.0061803 0.3660209 0.5228831
v 0.0161803 0.3637212 0.5159912
v 0.0200000 0.3600000 0.5048400
v 0.0161803 0.3562789 0.4936888
v 0.0061803 0.3539791 0.4867970
v -0.0061803 0.3539791 0.4867970
v -0.0161803 0.3562789 0.4936888
v -0.0200000 0.3600000 0.5048400
v -0.0161803 0.4541373 0.4820036
v -0.0061803 0.4566944 0.4888042
v 0.0061803 0.4566944 0.4888042
v 0.0161803 0.4541373 0.4820036
v 0.0200000 0.4500000 0.4710000
v 0.0161803 0.4458626 0.4599964
v 0.0061803 0.4433056 0.4531958
v -0.0061803 0.4433056 0.4531958
v -0.0161803 0.4458627 0.4599964
v -0.0200000 0.4500000 0.4710000
f 1099 1097 1098
f 1099 1096 1097
f 1100 1096 1099
f 1100 1095 1096
f 1091 1095 1100
f 1091 1094 1095
f 1092 1094 1091
f 1092 1093 1094
f 1106 1108 1107
f 1106 1109 1108
f 1105 1109 1106
f 1105 1110 1109
f 1104 1110 1105
f 1104 1101 1110
f 1103 1101 1104
f 1103 1102 1101
f 1111 1121 1130
f 1111 1130 1120
f 1112 1122 1121
f 1112 1121 1111
f 1113 1123 1122
f 1113 1122 1112
f 1114 1124 1123
f 1114 1123 1113
f 1115 1125 1124
f 1115 1124 1114
f 1116 1126 1125
f 1116 1125 1115
f 1117 1127 1126
f 1117 1126 1116
f 1118 1128 1127
f 1118 1127 1117
f 1119 1129 1128
f 1119 1128 1118
f 1120 1130 1129
f 1120 1129 1119
f 1121 1131 1140
f 1121 1140 1130
f 1122 1132 1131
f 1122 1131 1121
f 1123 1133 1132
f 1123 1132 1122
f 1124 1134 1133
f 1124 1133 1123
f 1125 1135 1134
f 1125 1134 1124
f 1126 1136 1135
f 1126 1135 1125
f 1127 1137 1136
f 1127 1136 1126
f 1128 1138 1137
f 1128 1137 1127
f 1129 1139 1138
f 1129 1138 1128
f 1130 1140 1139
f 1130 1139 1129
f 1131 1141 1150
f 1131 1150 1140
f 1132 1142 1141
f 1132 1141 1131
f 1133 1143 1142
f 1133 1142 1132
f 1134 1144 1143
f 1134 1143 1133
f 1135 1145 1144
f 1135 1144 1134
f 1136 1146 1145
f 1136 1145 1135
f 1137 1147 1146
f 1137 1146 1136
f 1138 1148 1147
f 1138 1147 1137
f 1139 1149 1148
f 1139 1148 1138
f 1140 1150 1149
f 1140 1149 1139
f 1141 1151 1160
f 1141 1160 1150
f 1142 1152 1151
f 1142 1151 1141
f 1143 1153 1152
f 1143 1152 1142
f 1144 1154 1153
f 1144 1153 1143
f 1145 1155 1154
f 1145 1154 1144
f 1146 1156 1155
f 1146 1155 1145
f 1147 1157 1156
f 1147 1156 1146
f 1148 1158 1157
f 1148 1157 1147
f 1149 1159 1158
f 1149 1158 1148
f 1150 1160 1159
f 1150 1159 1149
f 1151 1161 1170
f 1151 1170 1160
f 1152 1162 1161
f 1152 1161 1151
f 1153 1163 1162
f 1153 1162 1152
f 1154 1164 1163
f 1154 1163 1153
f 1155 1165 1164
f 1155 1164 1154
f 1156 1166 1165
f 1156 1165 1155
f 1157 1167 1166
f 1157 1166 1156
f 1158 1168 1167
f 1158 1167 1157
f 1159 1169 1168
f 1159 1168 1158
f 1160 1170 1169
f 1160 1169 1159
f 1161 1171 1180
f 1161 1180 1170
f 1162 1172 1171
f 1162 1171 1161
f 1163 1173 1172
f 1163 1172 1162
f 1164 1174 1173
f 1164 1173 1163
f 1165 1175 1174
f 1165 1174 1164
f 1166 1176 1175
f 1166 1175 1165
f 1167 1177 1176
f 1167 1176 1166
f 1168 1178 1177
f 1168 1177 1167
f 1169 1179 1178
f 1169 1178 1168
f 1170 1180 1179
f 1170 1179 1169
f 1171 1181 1190
f 1171 1190 1180
f 1172 1182 1181
f 1172 1181 1171
f 1173 1183 1182
f 1173 1182 1172
f 1174 1184 1183
f 1174 1183 1173
f 1175 1185 1184
f 1175 1184 1174
f 1176 1186 1185
f 1176 1185 1175
f 1177 1187 1186
f 1177 1186 1176
f 1178 1188 1187
f 1178 1187 1177
f 1179 1189 1188
f 1179 1188 1178
f 1180 1190 1189
f 1180 1189 1179
f 1181 1191 1200
f 1181 1200 1190
f 1182 1192 1191
f 1182 1191 1181
f 1183 1193 1192
f 1183 1192 1182
f 1184 1194 1193
f 1184 1193 1183
f 1185 1195 1194
f 1185 1194 1184
f 1186 1196 1195
f 1186 1195 1185
f 1187 1197 1196
f 1187 1196 1186
f 1188 1198 1197
f 1188 1197 1187
f 1189 1199 1198
f 1189 1198 1188
f 1190 1200 1199
f 1190 1199 1189
f 1191 1201 1210
f 1191 1210 1200
f 1192 1202 1201
f 1192 1201 1191
f 1193 1203 1202
f 1193 1202 1192
f 1194 1204 1203
f 1194 1203 1193
f 1195 1205 1204
f 1195 1204 1194
f 1196 1206 1205
f 1196 1205 1195
f 1197 1207 1206
f 1197 1206 1196
f 1198 1208 1207
f 1198 1207 1197
f 1199 1209 1208
f 1199 1208 1198
f 1200 1210 1209
f 1200 1209 1199
f 1201 1211 1220
f 1201 1220 1210
f 1202 1212 1211
f 1202 1211 1201
f 1203 1213 1212
f 1203 1212 1202
f 1204 1214 1213
f 1204 1213 1203
f 1205 1215 1214
f 1205 1214 1204
f 1206 1216 1215
f 1206 1215 1205
f 1207 1217 1216
f 1207 1216 1206
f 1208 1218 1217
f 1208 1217 1207
f 1209 1219 1218
f 1209 1218 1208
f 1210 1220 1219
f 1210 1219 1209
v 1.8600000 -0.1200000 0.6300000
v 1.8600000 -0.1300000 0.6400000
v 1.8500000 -0.1200000 0.6400000
v 1.8599999 -0.1249934 0.6313360
v 1.8550065 -0.1200000 0.6313360
v 1.8552178 -0.1247821 0.6326337
v 1.8550065 -0.1286640 0.6400000
v 1.8599999 -0.1286640 0.6350065
v 1.8552178 -0.1273663 0.6352179
v 1.8513359 -0.1200000 0.6350065
v 1.8513359 -0.1249934 0.6400000
v 1.8526336 -0.1247821 0.6352179
v 1.8600000 -0.1300000 0.8900000
v 1.8600000 -0.1200000 0.9000000
v 1.8500000 -0.1200000 0.8900000
v 1.8599999 -0.1286640 0.8949934
v 1.8550065 -0.1286640 0.8900000
v 1.8552178 -0.1273663 0.8947821
v 1.8550065 -0.1200000 0.8986640
v 1.8599999 -0.1249934 0.8986640
v 1.8552178 -0.1247821 0.8973663
v 1.8513359 -0.1249934 0.8900000
v 1.8513359 -0.1200000 0.8949934
v 1.8526336 -0.1247821 0.8947821
v 1.8600000 0.1200000 0.6300000
v 1.8500000 0.1200000 0.6400000
v 1.8600000 0.1300000 0.6400000
v 1.8550065 0.1200000 0.6313360
v 1.8599999 0.1249934 0.6313360
v 1.8552178 0.1247821 0.6326337
v 1.8513359 0.1249934 0.6400000
v 1.8513359 0.1200000 0.6350065
v 1.8526336 0.1247821 0.6352179
v 1.8599999 0.1286640 0.6350065
v 1.8550065 0.1286640 0.6400000
v 1.8552178 0.1273663 0.6352179
v 1.8600000 0.1200000 0.9000000
v 1.8600000 0.1300000 0.8900000
v 1.8500000 0.1200000 0.8900000
v 1.8599999 0.1249934 0.8986640
v 1.8550065 0.1200000 0.8986640
v 1.8552178 0.1247821 0.8973663
v 1.8550065 0.1286640 0.8900000
v 1.8599999 0.1286640 0.8949934
v 1.8552178 0.1273663 0.8947821
v 1.8513359 0.1200000 0.8949934
v 1.8513359 0.1249934 0.8900000
v 1.8526336 0.1247821 0.8947821
v 2.3900001 -0.1200000 0.6300000
v 2.4000001 -0.1200000 0.6400000
v 2.3900001 -0.1300000 0.6400000
v 2.3949935 -0.1200000 0.6313360
v 2.3900001 -0.1249934 0.6313360
v 2.3947821 -0.1247821 0.6326337
v 2.3986640 -0.1249934 0.6400000
v 2.3986640 -0.1200000 0.6350065
v 2.3973663 -0.1247821 0.6352179
v 2.3900001 -0.1286640 0.6350065
v 2.3949935 -0.1286640 0.6400000
v 2.3947821 -0.1273663 0.6352179
v 2.3900001 -0.1200000 0.9000000
v 2.3900001 -0.1300000 0.8900000
v 2.4000001 -0.1200000 0.8900000
v 2.3900001 -0.1249934 0.8986640
v 2.3949935 -0.1200000 0.8986640
v 2.3947821 -0.1247821 0.8973663
v 2.3949935 -0.1286640 0.8900000
v 2.3900001 -0.1286640 0.8949934
v 2.3947821 -0.1273663 0.8947821
v 2.3986640 -0.1200000 0.8949934
v 2.3986640 -0.1249934 0.8900000
v 2.3973663 -0.1247821 0.8947821
v 2.3900001 0.1200000 0.6300000
v 2.3900001 0.1300000 0.6400000
v 2.4000001 0.1200000 0.6400000
v 2.3900001 0.1249934 0.6313360
v 2.3949935 0.1200000 0.6313360
v 2.3947821 0.1247821 0.6326337
v 2.3949935 0.1286640 0.6400000
v 2.3900001 0.1286640 0.6350065
v 2.3947821 0.1273663 0.6352179
v 2.3986640 0.1200000 0.6350065
v 2.3986640 0.1249934 0.6400000
v 2.3973663 0.1247821 0.6352179
v 2.3900001 0.1200000 0.9000000
v 2.4000001 0.1200000 0.8900000
v 2.3900001 0.1300000 0.8900000
v 2.3949935 0.1200000 0.8986640
v 2.3900001 0.1249934 0.8986640
v 2.3947821 0.1247821 0.8973663
v 2.3986640 0.1249934 0.8900000
v 2.3986640 0.1200000 0.8949934
v 2.3973663 0.1247821 0.8947821
v 2.3900001 0.1286640 0.8949934
v 2.3949935 0.1286640 0.8900000
v 2.3947821 0.1273663 0.8947821
f 1221 1224 1226
f 1221 1226 1225
f 1224 1228 1229
f 1224 1229 1226
f 1222 1227 1229
f 1222 1229 1228
f 1227 1231 1232
f 1227 1232 1229
f 1223 1230 1232
f 1223 1232 1231
f 1230 1225 1226
f 1230 1226 1232
f 1226 1229 1232
f 1233 1236 1238
f 1233 1238 1237
f 1236 1240 1241
f 1236 1241 1238
f 1234 1239 1241
f 1234 1241 1240
f 1239 1243 1244
f 1239 1244 1241
f 1235 1242 1244
f 1235 1244 1243
f 1242 1237 1238
f 1242 1238 1244
f 1238 1241 1244
f 1245 1248 1250
f 1245 1250 1249
f 1248 1252 1253
f 1248 1253 1250
f 1246 1251 1253
f 1246 1253 1252
f 1251 1255 1256
f 1251 1256 1253
f 1247 1254 1256
f 1247 1256 1255
f 1254 1249 1250
f 1254 1250 1256
f 1250 1253 1256
f 1257 1260 1262
f 1257 1262 1261
f 1260 1264 1265
f 1260 1265 1262
f 1258 1263 1265
f 1258 1265 1264
f 1263 1267 1268
f 1263 1268 1265
f 1259 1266 1268
f 1259 1268 1267
f 1266 1261 1262
f 1266 1262 1268
f 1262 1265 1268
f 1269 1272 1274
f 1269 1274 1273
f 1272 1276 1277
f 1272 1277 1274
f 1270 1275 1277
f 1270 1277 1276
f 1275 1279 1280
f 1275 1280 1277
f 1271 1278 1280
f 1271 1280 1279
f 1278 1273 1274
f 1278 1274 1280
f 1274 1277 1280
f 1281 1284 1286
f 1281 1286 1285
f 1284 1288 1289
f 1284 1289 1286
f 1282 1287 1289
f 1282 1289 1288
f 1287 1291 1292
f 1287 1292 1289
f 1283 1290 1292
f 1283 1292 1291
f 1290 1285 1286
f 1290 1286 1292
f 1286 1289 1292
f 1293 1296 1298
f 1293 1298 1297
f 1296 1300 1301
f 1296 1301 1298
f 1294 1299 1301
f 1294 1301 1300
f 1299 1303 1304
f 1299 1304 1301
f 1295 1302 1304
f 1295 1304 1303
f 1302 1297 1298
f 1302 1298 1304
f 1298 1301 1304
f 1305 1308 1310
f 1305 1310 1309
f 1308 1312 1313
f 1308 1313 1310
f 1306 1311 1313
f 1306 1313 1312
f 1311 1315 1316
f 1311 1316 1313
f 1307 1314 1316
f 1307 1316 1315
f 1314 1309 1310
f 1314 1310 1316
f 1310 1313 1316
f 1245 1221 1225
f 1245 1225 1248
f 1248 1225 1230
f 1248 1230 1252
f 1252 1230 1223
f 1252 1223 1246
f 1222 1233 1237
f 1222 1237 1227
f 1227 1237 1242
f 1227 1242 1231
f 1231 1242 1235
f 1231 1235 1223
f 1234 1257 1261
f 1234 1261 1239
f 1239 1261 1266
f 1239 1266 1243
f 1243 1266 1259
f 1243 1259 1235
f 1258 1247 1255
f 1258 1255 1263
f 1263 1255 1251
f 1263 1251 1267
f 1267 1251 1246
f 1267 1246 1259
f 1293 1245 1249
f 1293 1249 1296
f 1296 1249 1254
f 1296 1254 1300
f 1300 1254 1247
f 1300 1247 1294
f 1257 1305 1309
f 1257 1309 1260
f 1260 1309 1314
f 1260 1314 1264
f 1264 1314 1307
f 1264 1307 1258
f 1306 1295 1303
f 1306 1303 1311
f 1311 1303 1299
f 1311 1299 1315
f 1315 1299 1294
f 1315 1294 1307
f 1269 1293 1297
f 1269 1297 1272
f 1272 1297 1302
f 1272 1302 1276
f 1276 1302 1295
f 1276 1295 1270
f 1305 1281 1285
f 1305 1285 1308
f 1308 1285 1290
f 1308 1290 1312
f 1312 1290 1283
f 1312 1283 1306
f 1282 1271 1279
f 1282 1279 1287
f 1287 1279 1275
f 1287 1275 1291
f 1291 1275 1270
f 1291 1270 1283
f 1221 1269 1273
f 1221 1273 1224
f 1224 1273 1278
f 1224 1278 1228
f 1228 1278 1271
f 1228 1271 1222
f 1281 1234 1240
f 1281 1240 1284
f 1284 1240 1236
f 1284 1236 1288
f 1288 1236 1233
f 1288 1233 1282
f 1245 1293 1269
f 1245 1269 1221
f 1223 1235 1259
f 1223 1259 1246
f 1271 1282 1233
f 1271 1233 1222
f 1305 1257 1234
f 1305 1234 1281
f 1247 1258 1307
f 1247 1307 1294
f 1295 1306 1283
f 1295 1283 1270
v 1.8700000 -0.1100000 0.9000000
v 1.8700000 -0.1200000 0.9100000
v 1.8600000 -0.1100000 0.9100000
v 1.8700000 -0.1149934 0.9013360
v 1.8650066 -0.1100000 0.9013360
v 1.8652179 -0.1147821 0.9026337
v 1.8650066 -0.1186640 0.9100000
v 1.8700000 -0.1186640 0.9050066
v 1.8652179 -0.1173663 0.9052179
v 1.8613360 -0.1100000 0.9050066
v 1.8613360 -0.1149934 0.9100000
v 1.8626337 -0.1147821 0.9052179
v 1.8700000 -0.1200000 0.9500000
v 1.8700000 -0.1100000 0.9600000
v 1.8600000 -0.1100000 0.9500000
v 1.8700000 -0.1186640 0.9549934
v 1.8650066 -0.1186640 0.9500000
v 1.8652179 -0.1173663 0.9547821
v 1.8650066 -0.1100000 0.9586641
v 1.8700000 -0.1149934 0.9586641
v 1.8652179 -0.1147821 0.9573663
v 1.8613360 -0.1149934 0.9500000
v 1.8613360 -0.1100000 0.9549934
v 1.8626337 -0.1147821 0.9547821
v 1.8700000 0.1100000 0.9000000
v 1.8600000 0.1100000 0.9100000
v 1.8700000 0.1200000 0.9100000
v 1.8650066 0.1100000 0.9013360
v 1.8700000 0.1149934 0.9013360
v 1.8652179 0.1147821 0.9026337
v 1.8613360 0.1149934 0.9100000
v 1.8613360 0.1100000 0.9050066
v 1.8626337 0.1147821 0.9052179
v 1.8700000 0.1186640 0.9050066
v 1.8650066 0.1186640 0.9100000
v 1.8652179 0.1173663 0.9052179
v 1.8700000 0.1100000 0.9600000
v 1.8700000 0.1200000 0.9500000
v 1.8600000 0.1100000 0.9500000
v 1.8700000 0.1149934 0.9586641
v 1.8650066 0.1100000 0.9586641
v 1.8652179 0.1147821 0.9573663
v 1.8650066 0.1186640 0.9500000
v 1.8700000 0.1186640 0.9549934
v 1.8652179 0.1173663 0.9547821
v 1.8613360 0.1100000 0.9549934
v 1.8613360 0.1149934 0.9500000
v 1.8626337 0.1147821 0.9547821
v 2.3800001 -0.1100000 0.9000000
v 2.3899999 -0.1100000 0.9100000
v 2.3800001 -0.1200000 0.9100000
v 2.3849936 -0.1100000 0.9013360
v 2.3800001 -0.1149934 0.9013360
v 2.3847821 -0.1147821 0.9026337
v 2.3886640 -0.1149934 0.9100000
v 2.3886640 -0.1100000 0.9050066
v 2.3873663 -0.1147821 0.9052179
v 2.3800001 -0.1186640 0.9050066
v 2.3849936 -0.1186640 0.9100000
v 2.3847821 -0.1173663 0.9052179
v 2.3800001 -0.1100000 0.9600000
v 2.3800001 -0.1200000 0.9500000
v 2.3899999 -0.1100000 0.9500000
v 2.3800001 -0.1149934 0.9586641
v 2.3849936 -0.1100000 0.9586641
v 2.3847821 -0.1147821 0.9573663
v 2.3849936 -0.1186640 0.9500000
v 2.3800001 -0.1186640 0.9549934
v 2.3847821 -0.1173663 0.9547821
v 2.3886640 -0.1100000 0.9549934
v 2.3886640 -0.1149934 0.9500000
v 2.3873663 -0.1147821 0.9547821
v 2.3800001 0.1100000 0.9000000
v 2.3800001 0.1200000 0.9100000
v 2.3899999 0.1100000 0.9100000
v 2.3800001 0.1149934 0.9013360
v 2.3849936 0.1100000 0.9013360
v 2.3847821 0.1147821 0.9026337
v 2.3849936 0.1186640 0.9100000
v 2.3800001 0.1186640 0.9050066
v 2.3847821 0.1173663 0.9052179
v 2.3886640 0.1100000 0.9050066
v 2.3886640 0.1149934 0.9100000
v 2.3873663 0.1147821 0.9052179
v 2.3800001 0.1100000 0.9600000
v 2.3899999 0.1100000 0.9500000
v 2.3800001 0.1200000 0.9500000
v 2.3849936 0.1100000 0.9586641
v 2.3800001 0.1149934 0.9586641
v 2.3847821 0.1147821 0.9573663
v 2.3886640 0.1149934 0.9500000
v 2.3886640 0.1100000 0.9549934
v 2.3873663 0.1147821 0.9547821
v 2.3800001 0.1186640 0.9549934
v 2.3849936 0.1186640 0.9500000
v 2.3847821 0.1173663 0.9547821
f 1317 1320 1322
f 1317 1322 1321
f 1320 1324 1325
f 1320 1325 1322
f 1318 1323 1325
f 1318 1325 1324
f 1323 1327 1328
f 1323 1328 1325
f 1319 1326 1328
f 1319 1328 1327
f 1326 1321 1322
f 1326 1322 1328
f 1322 1325 1328
f 1329 1332 1334
f 1329 1334 1333
f 1332 1336 1337
f 1332 1337 1334
f 1330 1335 1337
f 1330 1337 1336
f 1335 1339 1340
f 1335 1340 1337
f 1331 1338 1340
f 1331 1340 1339
f 1338 1333 1334
f 1338 1334 1340
f 1334 1337 1340
f 1341 1344 1346
f 1341 1346 1345
f 1344 1348 1349
f 1344 1349 1346
f 1342 1347 1349
f 1342 1349 1348
f 1347 1351 1352
f 1347 1352 1349
f 1343 1350 1352
f 1343 1352 1351
f 1350 1345 1346
f 1350 1346 1352
f 1346 1349 1352
f 1353 1356 1358
f 1353 1358 1357
f 1356 1360 1361
f 1356 1361 1358
f 1354 1359 1361
f 1354 1361 1360
f 1359 1363 1364
f 1359 1364 1361
f 1355 1362 1364
f 1355 1364 1363
f 1362 1357 1358
f 1362 1358 1364
f 1358 1361 1364
f 1365 1368 1370
f 1365 1370 1369
f 1368 1372 1373
f 1368 1373 1370
f 1366 1371 1373
f 1366 1373 1372
f 1371 1375 1376
f 1371 1376 1373
f 1367 1374 1376
f 1367 1376 1375
f 1374 1369 1370
f 1374 1370 1376
f 1370 1373 1376
f 1377 1380 1382
f 1377 1382 1381
f 1380 1384 1385
f 1380 1385 1382
f 1378 1383 1385
f 1378 1385 1384
f 1383 1387 1388
f 1383 1388 1385
f 1379 1386 1388
f 1379 1388 1387
f 1386 1381 1382
f 1386 1382 1388
f 1382 1385 1388
f 1389 1392 1394
f 1389 1394 1393
f 1392 1396 1397
f 1392 1397 1394
f 1390 1395 1397
f 1390 1397 1396
f 1395 1399 1400
f 1395 1400 1397
f 1391 1398 1400
f 1391 1400 1399
f 1398 1393 1394
f 1398 1394 1400
f 1394 1397 1400
f 1401 1404 1406
f 1401 1406 1405
f 1404 1408 1409
f 1404 1409 1406
f 1402 1407 1409
f 1402 1409 1408
f 1407 1411 1412
f 1407 1412 1409
f 1403 1410 1412
f 1403 1412 1411
f 1410 1405 1406
f 1410 1406 1412
f 1406 1409 1412
f 1341 1317 1321
f 1341 1321 1344
f 1344 1321 1326
f 1344 1326 1348
f 1348 1326 1319
f 1348 1319 1342
f 1318 1329 1333
f 1318 1333 1323
f 1323 1333 1338
f 1323 1338 1327
f 1327 1338 1331
f 1327 1331 1319
f 1330 1353 1357
f 1330 1357 1335
f 1335 1357 1362
f 1335 1362 1339
f 1339 1362 1355
f 1339 1355 1331
f 1354 1343 1351
f 1354 1351 1359
f 1359 1351 1347
f 1359 1347 1363
f 1363 1347 1342
f 1363 1342 1355
f 1389 1341 1345
f 1389 1345 1392
f 1392 1345 1350
f 1392 1350 1396
f 1396 1350 1343
f 1396 1343 1390
f 1353 1401 1405
f 1353 1405 1356
f 1356 1405 1410
f 1356 1410 1360
f 1360 1410 1403
f 1360 1403 1354
f 1402 1391 1399
f 1402 1399 1407
f 1407 1399 1395
f 1407 1395 1411
f 1411 1395 1390
f 1411 1390 1403
f 1365 1389 1393
f 1365 1393 1368
f 1368 1393 1398
f 1368 1398 1372
f 1372 1398 1391
f 1372 1391 1366
f 1401 1377 1381
f 1401 1381 1404
f 1404 1381 1386
f 1404 1386 1408
f 1408 1386 1379
f 1408 1379 1402
f 1378 1367 1375
f 1378 1375 1383
f 1383 1375 1371
f 1383 1371 1387
f 1387 1371 1366
f 1387 1366 1379
f 1317 1365 1369
f 1317 1369 1320
f 1320 1369 1374
f 1320 1374 1324
f 1324 1374 1367
f 1324 1367 1318
f 1377 1330 1336
f 1377 1336 1380
f 1380 1336 1332
f 1380 1332 1384
f 1384 1332 1329
f 1384 1329 1378
f 1341 1389 1365
f 1341 1365 1317
f 1319 1331 1355
f 1319 1355 1342
f 1367 1378 1329
f 1367 1329 1318
f 1401 1353 1330
f 1401 1330 1377
f 1343 1354 1403
f 1343 1403 1390
f 1391 1402 1379
f 1391 1379 1366
v 2.5950000 -0.3200000 0.6700000
v 2.5950000 -0.3300000 0.6799999
v 2.5850000 -0.3200000 0.6799999
v 2.5950000 -0.3249934 0.6713359
v 2.5900066 -0.3200000 0.6713359
v 2.5902178 -0.3247821 0.6726336
v 2.5900066 -0.3286640 0.6799999
v 2.5950000 -0.3286640 0.6750065
v 2.5902178 -0.3273663 0.6752179
v 2.5863359 -0.3200000 0.6750065
v 2.5863359 -0.3249934 0.6799999
v 2.5876336 -0.3247821 0.6752179
v 2.5950000 -0.3300000 1.2100000
v 2.5950000 -0.3200000 1.2200000
v 2.5850000 -0.3200000 1.2100000
v 2.5950000 -0.3286640 1.2149935
v 2.5900066 -0.3286640 1.2100000
v 2.5902178 -0.3273663 1.2147821
v 2.5900066 -0.3200000 1.2186641
v 2.5950000 -0.3249934 1.2186641
v 2.5902178 -0.3247821 1.2173663
v 2.5863359 -0.3249934 1.2100000
v 2.5863359 -0.3200000 1.2149935
v 2.5876336 -0.3247821 1.2147821
v 2.5950000 0.3200000 0.6700000
v 2.5850000 0.3200000 0.6799999
v 2.5950000 0.3300000 0.6799999
v 2.5900066 0.3200000 0.6713359
v 2.5950000 0.3249934 0.6713359
v 2.5902178 0.3247821 0.6726336
v 2.5863359 0.3249934 0.6799999
v 2.5863359 0.3200000 0.6750065
v 2.5876336 0.3247821 0.6752179
v 2.5950000 0.3286640 0.6750065
v 2.5900066 0.3286640 0.6799999
v 2.5902178 0.3273663 0.6752179
v 2.5950000 0.3200000 1.2200000
v 2.5950000 0.3300000 1.2100000
v 2.5850000 0.3200000 1.2100000
v 2.5950000 0.3249934 1.2186641
v 2.5900066 0.3200000 1.2186641
v 2.5902178 0.3247821 1.2173663
v 2.5900066 0.3286640 1.2100000
v 2.5950000 0.3286640 1.2149935
v 2.5902178 0.3273663 1.2147821
v 2.5863359 0.3200000 1.2149935
v 2.5863359 0.3249934 1.2100000
v 2.5876336 0.3247821 1.2147821
v 2.6750000 -0.3200000 0.6700000
v 2.6849999 -0.3200000 0.6799999
v 2.6750000 -0.3300000 0.6799999
v 2.6799934 -0.3200000 0.6713359
v 2.6750000 -0.3249934 0.6713359
v 2.6797822 -0.3247821 0.6726336
v 2.6836641 -0.3249934 0.6799999
v 2.6836641 -0.3200000 0.6750065
v 2.6823664 -0.3247821 0.6752179
v 2.6750000 -0.3286640 0.6750065
v 2.6799934 -0.3286640 0.6799999
v 2.6797822 -0.3273663 0.6752179
v 2.6750000 -0.3200000 1.2200000
v 2.6750000 -0.3300000 1.2100000
v 2.6849999 -0.3200000 1.2100000
v 2.6750000 -0.3249934 1.2186641
v 2.6799934 -0.3200000 1.2186641
v 2.6797822 -0.3247821 1.2173663
v 2.6799934 -0.3286640 1.2100000
v 2.6750000 -0.3286640 1.2149935
v 2.6797822 -0.3273663 1.2147821
v 2.6836641 -0.3200000 1.2149935
v 2.6836641 -0.3249934 1.2100000
v 2.6823664 -0.3247821 1.2147821
v 2.6750000 0.3200000 0.6700000
v 2.6750000 0.3300000 0.6799999
v 2.6849999 0.3200000 0.6799999
v 2.6750000 0.3249934 0.6713359
v 2.6799934 0.3200000 0.6713359
v 2.6797822 0.3247821 0.6726336
v 2.6799934 0.3286640 0.6799999
v 2.6750000 0.3286640 0.6750065
v 2.6797822 0.3273663 0.6752179
v 2.6836641 0.3200000 0.6750065
v 2.6836641 0.3249934 0.6799999
v 2.6823664 0.3247821 0.6752179
v 2.6750000 0.3200000 1.2200000
v 2.6849999 0.3200000 1.2100000
v 2.6750000 0.3300000 1.2100000
v 2.6799934 0.3200000 1.2186641
v 2.6750000 0.3249934 1.2186641
v 2.6797822 0.3247821 1.2173663
v 2.6836641 0.3249934 1.2100000
v 2.6836641 0.3200000 1.2149935
v 2.6823664 0.3247821 1.2147821
v 2.6750000 0.3286640 1.2149935
v 2.6799934 0.3286640 1.2100000
v 2.6797822 0.3273663 1.2147821
f 1413 1416 1418
f 1413 1418 1417
f 1416 1420 1421
f 1416 1421 1418
f 1414 1419 1421
f 1414 1421 1420
f 1419 1423 1424
f 1419 1424 1421
f 1415 1422 1424
f 1415 1424 1423
f 1422 1417 1418
f 1422 1418 1424
f 1418 1421 1424
f 1425 1428 1430
f 1425 1430 1429
f 1428 1432 1433
f 1428 1433 1430
f 1426 1431 1433
f 1426 1433 1432
f 1431 1435 1436
f 1431 1436 1433
f 1427 1434 1436
f 1427 1436 1435
f 1434 1429 1430
f 1434 1430 1436
f 1430 1433 1436
f 1437 1440 1442
f 1437 1442 1441
f 1440 1444 1445
f 1440 1445 1442
f 1438 1443 1445
f 1438 1445 1444
f 1443 1447 1448
f 1443 1448 1445
f 1439 1446 1448
f 1439 1448 1447
f 1446 1441 1442
f 1446 1442 1448
f 1442 1445 1448
f 1449 1452 1454
f 1449 1454 1453
f 1452 1456 1457
f 1452 1457 1454
f 1450 1455 1457
f 1450 1457 1456
f 1455 1459 1460
f 1455 1460 1457
f 1451 1458 1460
f 1451 1460 1459
f 1458 1453 1454
f 1458 1454 1460
f 1454 1457 1460
f 1461 1464 1466
f 1461 1466 1465
f 1464 1468 1469
f 1464 1469 1466
f 1462 1467 1469
f 1462 1469 1468
f 1467 1471 1472
f 1467 1472 1469
f 1463 1470 1472
f 1463 1472 1471
f 1470 1465 1466
f 1470 1466 1472
f 1466 1469 1472
f 1473 1476 1478
f 1473 1478 1477
f 1476 1480 1481
f 1476 1481 1478
f 1474 1479 1481
f 1474 1481 1480
f 1479 1483 1484
f 1479 1484 1481
f 1475 1482 1484
f 1475 1484 1483
f 1482 1477 1478
f 1482 1478 1484
f 1478 1481 1484
f 1485 1488 1490
f 1485 1490 1489
f 1488 1492 1493
f 1488 1493 1490
f 1486 1491 1493
f 1486 1493 1492
f 1491 1495 1496
f 1491 1496 1493
f 1487 1494 1496
f 1487 1496 1495
f 1494 1489 1490
f 1494 1490 1496
f 1490 1493 1496
f 1497 1500 1502
f 1497 1502 1501
f 1500 1504 1505
f 1500 1505 1502
f 1498 1503 1505
f 1498 1505 1504
f 1503 1507 1508
f 1503 1508 1505
f 1499 1506 1508
f 1499 1508 1507
f 1506 1501 1502
f 1506 1502 1508
f 1502 1505 1508
f 1437 1413 1417
f 1437 1417 1440
f 1440 1417 1422
f 1440 1422 1444
f 1444 1422 1415
f 1444 1415 1438
f 1414 1425 1429
f 1414 1429 1419
f 1419 1429 1434
f 1419 1434 1423
f 1423 1434 1427
f 1423 1427 1415
f 1426 1449 1453
f 1426 1453 1431
f 1431 1453 1458
f 1431 1458 1435
f 1435 1458 1451
f 1435 1451 1427
f 1450 1439 1447
f 1450 1447 1455
f 1455 1447 1443
f 1455 1443 1459
f 1459 1443 1438
f 1459 1438 1451
f 1485 1437 1441
f 1485 1441 1488
f 1488 1441 1446
f 1488 1446 1492
f 1492 1446 1439
f 1492 1439 1486
f 1449 1497 1501
f 1449 1501 1452
f 1452 1501 1506
f 1452 1506 1456
f 1456 1506 1499
f 1456 1499 1450
f 1498 1487 1495
f 1498 1495 1503
f 1503 1495 1491
f 1503 1491 1507
f 1507 1491 1486
f 1507 1486 1499
f 1461 1485 1489
f 1461 1489 1464
f 1464 1489 1494
f 1464 1494 1468
f 1468 1494 1487
f 1468 1487 1462
f 1497 1473 1477
f 1497 1477 1500
f 1500 1477 1482
f 1500 1482 1504
f 1504 1482 1475
f 1504 1475 1498
f 1474 1463 1471
f 1474 1471 1479
f 1479 1471 1467
f 1479 1467 1483
f 1483 1467 1462
f 1483 1462 1475
f 1413 1461 1465
f 1413 1465 1416
f 1416 1465 1470
f 1416 1470 1420
f 1420 1470 1463
f 1420 1463 1414
f 1473 1426 1432
f 1473 1432 1476
f 1476 1432 1428
f 1476 1428 1480
f 1480 1428 1425
f 1480 1425 1474
f 1437 1485 1461
f 1437 1461 1413
f 1415 1427 1451
f 1415 1451 1438
f 1463 1474 1425
f 1463 1425 1414
f 1497 1449 1426
f 1497 1426 1473
f 1439 1450 1499
f 1439 1499 1486
f 1487 1498 1475
f 1487 1475 1462
v 1.5615124 0.0800000 0.6333860
v 1.5115124 0.0800000 0.8033860
v 1.5606360 0.0754078 0.6331283
v 1.5106361 0.0754078 0.8031283
v 1.5581404 0.0715147 0.6323943
v 1.5081404 0.0715147 0.8023943
v 1.5544056 0.0689135 0.6312958
v 1.5044056 0.0689134 0.8012958
v 1.5500000 0.0680000 0.6300000
v 1.5000000 0.0680000 0.8000000
v 1.5455943 0.0689135 0.6287042
v 1.4955944 0.0689134 0.7987043
v 1.5418595 0.0715147 0.6276057
v 1.4918596 0.0715147 0.7976058
v 1.5393639 0.0754078 0.6268718
v 1.4893639 0.0754078 0.7968718
v 1.5384876 0.0800000 0.6266140
v 1.4884876 0.0800000 0.7966141
v 1.5393639 0.0845922 0.6268718
v 1.4893639 0.0845922 0.7968718
v 1.5418595 0.0884853 0.6276058
v 1.4918596 0.0884853 0.7976058
v 1.5455943 0.0910866 0.6287042
v 1.4955944 0.0910865 0.7987043
v 1.5500000 0.0920000 0.6300001
v 1.5000000 0.0920000 0.8000001
v 1.5544056 0.0910866 0.6312958
v 1.5044056 0.0910865 0.8012958
v 1.5581404 0.0884853 0.6323943
v 1.5081404 0.0884853 0.8023943
v 1.5606360 0.0845922 0.6331283
v 1.5106361 0.0845922 0.8031283
f 1509 1510 1512
f 1509 1512 1511
f 1511 1512 1514
f 1511 1514 1513
f 1513 1514 1516
f 1513 1516 1515
f 1515 1516 1518
f 1515 1518 1517
f 1517 1518 1520
f 1517 1520 1519
f 1519 1520 1522
f 1519 1522 1521
f 1521 1522 1524
f 1521 1524 1523
f 1523 1524 1526
f 1523 1526 1525
f 1525 1526 1528
f 1525 1528 1527
f 1527 1528 1530
f 1527 1530 1529
f 1529 1530 1532
f 1529 1532 1531
f 1531 1532 1534
f 1531 1534 1533
f 1533 1534 1536
f 1533 1536 1535
f 1535 1536 1538
f 1535 1538 1537
f 1514 1512 1510
f 1510 1540 1538
f 1538 1536 1534
f 1534 1532 1530
f 1530 1528 1526
f 1526 1524 1522
f 1522 1520 1518
f 1518 1516 1514
f 1514 1510 1538
f 1538 1534 1530
f 1530 1526 1522
f 1522 1518 1514
f 1514 1538 1530
f 1530 1522 1514
f 1537 1538 1540
f 1537 1540 1539
f 1539 1540 1510
f 1539 1510 1509
f 1539 1509 1511
f 1511 1513 1515
f 1515 1517 1519
f 1519 1521 1523
f 1523 1525 1527
f 1527 1529 1531
f 1531 1533 1535
f 1535 1537 1539
f 1539 1511 1515
f 1515 1519 1523
f 1523 1527 1531
f 1531 1535 1539
f 1539 1515 1523
f 1523 1531 1539
v 1.5615124 0.0000000 0.6333860
v 1.5115124 -0.0000000 0.8033860
v 1.5606360 -0.0045922 0.6331283
v 1.5106361 -0.0045922 0.8031283
v 1.5581404 -0.0084853 0.6323943
v 1.5081404 -0.0084853 0.8023943
v 1.5544056 -0.0110865 0.6312958
v 1.5044056 -0.0110866 0.8012958
v 1.5500000 -0.0120000 0.6300000
v 1.5000000 -0.0120000 0.8000000
v 1.5455943 -0.0110865 0.6287042
v 1.4955944 -0.0110866 0.7987043
v 1.5418595 -0.0084853 0.6276057
v 1.4918596 -0.0084853 0.7976058
v 1.5393639 -0.0045922 0.6268718
v 1.4893639 -0.0045922 0.7968718
v 1.5384876 0.0000000 0.6266140
v 1.4884876 -0.0000000 0.7966141
v 1.5393639 0.0045922 0.6268718
v 1.4893639 0.0045922 0.7968718
v 1.5418595 0.0084853 0.6276058
v 1.4918596 0.0084853 0.7976058
v 1.5455943 0.0110866 0.6287042
v 1.4955944 0.0110865 0.7987043
v 1.5500000 0.0120000 0.6300001
v 1.5000000 0.0120000 0.8000001
v 1.5544056 0.0110866 0.6312958
v 1.5044056 0.0110865 0.8012958
v 1.5581404 0.0084853 0.6323943
v 1.5081404 0.0084853 0.8023943
v 1.5606360 0.0045922 0.6331283
v 1.5106361 0.0045922 0.8031283
f 1541 1542 1544
f 1541 1544 1543
f 1543 1544 1546
f 1543 1546 1545
f 1545 1546 1548
f 1545 1548 1547
f 1547 1548 1550
f 1547 1550 1549
f 1549 1550 1552
f 1549 1552 1551
f 1551 1552 1554
f 1551 1554 1553
f 1553 1554 1556
f 1553 1556 1555
f 1555 1556 1558
f 1555 1558 1557
f 1557 1558 1560
f 1557 1560 1559
f 1559 1560 1562
f 1559 1562 1561
f 1561 1562 1564
f 1561 1564 1563
f 1563 1564 1566
f 1563 1566 1565
f 1565 1566 1568
f 1565 1568 1567
f 1567 1568 1570
f 1567 1570 1569
f 1546 1544 1542
f 1542 1572 1570
f 1570 1568 1566
f 1566 1564 1562
f 1562 1560 1558
f 1558 1556 1554
f 1554 1552 1550
f 1550 1548 1546
f 1546 1542 1570
f 1570 1566 1562
f 1562 1558 1554
f 1554 1550 1546
f 1546 1570 1562
f 1562 1554 1546
f 1569 1570 1572
f 1569 1572 1571
f 1571 1572 1542
f 1571 1542 1541
f 1571 1541 1543
f 1543 1545 1547
f 1547 1549 1551
f 1551 1553 1555
f 1555 1557 1559
f 1559 1561 1563
f 1563 1565 1567
f 1567 1569 1571
f 1571 1543 1547
f 1547 1551 1555
f 1555 1559 1563
f 1563 1567 1571
f 1571 1547 1555
f 1555 1563 1571
v 1.5615124 -0.0800000 0.6333860
v 1.5115124 -0.0800000 0.8033860
v 1.5606360 -0.0845922 0.6331283
v 1.5106361 -0.0845922 0.8031283
v 1.5581404 -0.0884853 0.6323943
v 1.5081404 -0.0884853 0.8023943
v 1.5544056 -0.0910865 0.6312958
v 1.5044056 -0.0910866 0.8012958
v 1.5500000 -0.0920000 0.6300000
v 1.5000000 -0.0920000 0.8000000
v 1.5455943 -0.0910865 0.6287042
v 1.4955944 -0.0910866 0.7987043
v 1.5418595 -0.0884853 0.6276057
v 1.4918596 -0.0884853 0.7976058
v 1.5393639 -0.0845922 0.6268718
v 1.4893639 -0.0845922 0.7968718
v 1.5384876 -0.0800000 0.6266140
v 1.4884876 -0.0800000 0.7966141
v 1.5393639 -0.0754078 0.6268718
v 1.4893639 -0.0754078 0.7968718
v 1.5418595 -0.0715147 0.6276058
v 1.4918596 -0.0715147 0.7976058
v 1.5455943 -0.0689134 0.6287042
v 1.4955944 -0.0689135 0.7987043
v 1.5500000 -0.0680000 0.6300001
v 1.5000000 -0.0680000 0.8000001
v 1.5544056 -0.0689134 0.6312958
v 1.5044056 -0.0689135 0.8012958
v 1.5581404 -0.0715147 0.6323943
v 1.5081404 -0.0715147 0.8023943
v 1.5606360 -0.0754078 0.6331283
v 1.5106361 -0.0754078 0.8031283
f 1573 1574 1576
f 1573 1576 1575
f 1575 1576 1578
f 1575 1578 1577
f 1577 1578 1580
f 1577 1580 1579
f 1579 1580 1582
f 1579 1582 1581
f 1581 1582 1584
f 1581 1584 1583
f 1583 1584 1586
f 1583 1586 1585
f 1585 1586 1588
f 1585 1588 1587
f 1587 1588 1590
f 1587 1590 1589
f 1589 1590 1592
f 1589 1592 1591
f 1591 1592 1594
f 1591 1594 1593
f 1593 1594 1596
f 1593 1596 1595
f 1595 1596 1598
f 1595 1598 1597
f 1597 1598 1600
f 1597 1600 1599
f 1599 1600 1602
f 1599 1602 1601
f 1578 1576 1574
f 1574 1604 1602
f 1602 1600 1598
f 1598 1596 1594
f 1594 1592 1590
f 1590 1588 1586
f 1586 1584 1582
f 1582 1580 1578
f 1578 1574 1602
f 1602 1598 1594
f 1594 1590 1586
f 1586 1582 1578
f 1578 1602 1594
f 1594 1586 1578
f 1601 1602 1604
f 1601 1604 1603
f 1603 1604 1574
f 1603 1574 1573
f 1603 1573 1575
f 1575 1577 1579
f 1579 1581 1583
f 1583 1585 1587
f 1587 1589 1591
f 1591 1593 1595
f 1595 1597 1599
f 1599 1601 1603
f 1603 1575 1579
f 1579 1583 1587
f 1587 1591 1595
f 1595 1599 1603
f 1603 1579 1587
f 1587 1595 1603
v 1.2040000 0.3790000 0.5800000
v 1.2040000 0.3750000 0.5840001
v 1.2000000 0.3790000 0.5840001
v 1.2040000 0.3770026 0.5805344
v 1.2020026 0.3790000 0.5805344
v 1.2020872 0.3770872 0.5810535
v 1.2020026 0.3755344 0.5840001
v 1.2040000 0.3755344 0.5820026
v 1.2020872 0.3760535 0.5820872
v 1.2005343 0.3790000 0.5820026
v 1.2005343 0.3770026 0.5840001
v 1.2010535 0.3770872 0.5820872
v 1.2040000 0.3750000 0.6160000
v 1.2040000 0.3790000 0.6200000
v 1.2000000 0.3790000 0.6160000
v 1.2040000 0.3755344 0.6179974
v 1.2020026 0.3755344 0.6160000
v 1.2020872 0.3760535 0.6179129
v 1.2020026 0.3790000 0.6194656
v 1.2040000 0.3770026 0.6194656
v 1.2020872 0.3770872 0.6189466
v 1.2005343 0.3770026 0.6160000
v 1.2005343 0.3790000 0.6179974
v 1.2010535 0.3770872 0.6179129
v 1.2040000 0.4710000 0.5800000
v 1.2000000 0.4710000 0.5840001
v 1.2040000 0.4750000 0.5840001
v 1.2020026 0.4710000 0.5805344
v 1.2040000 0.4729974 0.5805344
v 1.2020872 0.4729128 0.5810535
v 1.2005343 0.4729974 0.5840001
v 1.2005343 0.4710000 0.5820026
v 1.2010535 0.4729128 0.5820872
v 1.2040000 0.4744656 0.5820026
v 1.2020026 0.4744656 0.5840001
v 1.2020872 0.4739465 0.5820872
v 1.2040000 0.4710000 0.6200000
v 1.2040000 0.4750000 0.6160000
v 1.2000000 0.4710000 0.6160000
v 1.2040000 0.4729974 0.6194656
v 1.2020026 0.4710000 0.6194656
v 1.2020872 0.4729128 0.6189466
v 1.2020026 0.4744656 0.6160000
v 1.2040000 0.4744656 0.6179974
v 1.2020872 0.4739465 0.6179129
v 1.2005343 0.4710000 0.6179974
v 1.2005343 0.4729974 0.6160000
v 1.2010535 0.4729128 0.6179129
v 1.2960000 0.3790000 0.5800000
v 1.3000000 0.3790000 0.5840001
v 1.2960000 0.3750000 0.5840001
v 1.2979974 0.3790000 0.5805344
v 1.2960000 0.3770026 0.5805344
v 1.2979128 0.3770872 0.5810535
v 1.2994657 0.3770026 0.5840001
v 1.2994657 0.3790000 0.5820026
v 1.2989465 0.3770872 0.5820872
v 1.2960000 0.3755344 0.5820026
v 1.2979974 0.3755344 0.5840001
v 1.2979128 0.3760535 0.5820872
v 1.2960000 0.3790000 0.6200000
v 1.2960000 0.3750000 0.6160000
v 1.3000000 0.3790000 0.6160000
v 1.2960000 0.3770026 0.6194656
v 1.2979974 0.3790000 0.6194656
v 1.2979128 0.3770872 0.6189466
v 1.2979974 0.3755344 0.6160000
v 1.2960000 0.3755344 0.6179974
v 1.2979128 0.3760535 0.6179129
v 1.2994657 0.3790000 0.6179974
v 1.2994657 0.3770026 0.6160000
v 1.2989465 0.3770872 0.6179129
v 1.2960000 0.4710000 0.5800000
v 1.2960000 0.4750000 0.5840001
v 1.3000000 0.4710000 0.5840001
v 1.2960000 0.4729974 0.5805344
v 1.2979974 0.4710000 0.5805344
v 1.2979128 0.4729128 0.5810535
v 1.2979974 0.4744656 0.5840001
v 1.2960000 0.4744656 0.5820026
v 1.2979128 0.4739465 0.5820872
v 1.2994657 0.4710000 0.5820026
v 1.2994657 0.4729974 0.5840001
v 1.2989465 0.4729128 0.5820872
v 1.2960000 0.4710000 0.6200000
v 1.3000000 0.4710000 0.6160000
v 1.2960000 0.4750000 0.6160000
v 1.2979974 0.4710000 0.6194656
v 1.2960000 0.4729974 0.6194656
v 1.2979128 0.4729128 0.6189466
v 1.2994657 0.4729974 0.6160000
v 1.2994657 0.4710000 0.6179974
v 1.2989465 0.4729128 0.6179129
v 1.2960000 0.4744656 0.6179974
v 1.2979974 0.4744656 0.6160000
v 1.2979128 0.4739465 0.6179129
f 1605 1608 1610
f 1605 1610 1609
f 1608 1612 1613
f 1608 1613 1610
f 1606 1611 1613
f 1606 1613 1612
f 1611 1615 1616
f 1611 1616 1613
f 1607 1614 1616
f 1607 1616 1615
f 1614 1609 1610
f 1614 1610 1616
f 1610 1613 1616
f 1617 1620 1622
f 1617 1622 1621
f 1620 1624 1625
f 1620 1625 1622
f 1618 1623 1625
f 1618 1625 1624
f 1623 1627 1628
f 1623 1628 1625
f 1619 1626 1628
f 1619 1628 1627
f 1626 1621 1622
f 1626 1622 1628
f 1622 1625 1628
f 1629 1632 1634
f 1629 1634 1633
f 1632 1636 1637
f 1632 1637 1634
f 1630 1635 1637
f 1630 1637 1636
f 1635 1639 1640
f 1635 1640 1637
f 1631 1638 1640
f 1631 1640 1639
f 1638 1633 1634
f 1638 1634 1640
f 1634 1637 1640
f 1641 1644 1646
f 1641 1646 1645
f 1644 1648 1649
f 1644 1649 1646
f 1642 1647 1649
f 1642 1649 1648
f 1647 1651 1652
f 1647 1652 1649
f 1643 1650 1652
f 1643 1652 1651
f 1650 1645 1646
f 1650 1646 1652
f 1646 1649 1652
f 1653 1656 1658
f 1653 1658 1657
f 1656 1660 1661
f 1656 1661 1658
f 1654 1659 1661
f 1654 1661 1660
f 1659 1663 1664
f 1659 1664 1661
f 1655 1662 1664
f 1655 1664 1663
f 1662 1657 1658
f 1662 1658 1664
f 1658 1661 1664
f 1665 1668 1670
f 1665 1670 1669
f 1668 1672 1673
f 1668 1673 1670
f 1666 1671 1673
f 1666 1673 1672
f 1671 1675 1676
f 1671 1676 1673
f 1667 1674 1676
f 1667 1676 1675
f 1674 1669 1670
f 1674 1670 1676
f 1670 1673 1676
f 1677 1680 1682
f 1677 1682 1681
f 1680 1684 1685
f 1680 1685 1682
f 1678 1683 1685
f 1678 1685 1684
f 1683 1687 1688
f 1683 1688 1685
f 1679 1686 1688
f 1679 1688 1687
f 1686 1681 1682
f 1686 1682 1688
f 1682 1685 1688
f 1689 1692 1694
f 1689 1694 1693
f 1692 1696 1697
f 1692 1697 1694
f 1690 1695 1697
f 1690 1697 1696
f 1695 1699 1700
f 1695 1700 1697
f 1691 1698 1700
f 1691 1700 1699
f 1698 1693 1694
f 1698 1694 1700
f 1694 1697 1700
f 1629 1605 1609
f 1629 1609 1632
f 1632 1609 1614
f 1632 1614 1636
f 1636 1614 1607
f 1636 1607 1630
f 1606 1617 1621
f 1606 1621 1611
f 1611 1621 1626
f 1611 1626 1615
f 1615 1626 1619
f 1615 1619 1607
f 1618 1641 1645
f 1618 1645 1623
f 1623 1645 1650
f 1623 1650 1627
f 1627 1650 1643
f 1627 1643 1619
f 1642 1631 1639
f 1642 1639 1647
f 1647 1639 1635
f 1647 1635 1651
f 1651 1635 1630
f 1651 1630 1643
f 1677 1629 1633
f 1677 1633 1680
f 1680 1633 1638
f 1680 1638 1684
f 1684 1638 1631
f 1684 1631 1678
f 1641 1689 1693
f 1641 1693 1644
f 1644 1693 1698
f 1644 1698 1648
f 1648 1698 1691
f 1648 1691 1642
f 1690 1679 1687
f 1690 1687 1695
f 1695 1687 1683
f 1695 1683 1699
f 1699 1683 1678
f 1699 1678 1691
f 1653 1677 1681
f 1653 1681 1656
f 1656 1681 1686
f 1656 1686 1660
f 1660 1686 1679
f 1660 1679 1654
f 1689 1665 1669
f 1689 1669 1692
f 1692 1669 1674
f 1692 1674 1696
f 1696 1674 1667
f 1696 1667 1690
f 1666 1655 1663
f 1666 1663 1671
f 1671 1663 1659
f 1671 1659 1675
f 1675 1659 1654
f 1675 1654 1667
f 1605 1653 1657
f 1605 1657 1608
f 1608 1657 1662
f 1608 1662 1612
f 1612 1662 1655
f 1612 1655 1606
f 1665 1618 1624
f 1665 1624 1668
f 1668 1624 1620
f 1668 1620 1672
f 1672 1620 1617
f 1672 1617 1666
f 1629 1677 1653
f 1629 1653 1605
f 1607 1619 1643
f 1607 1643 1630
f 1655 1666 1617
f 1655 1617 1606
f 1689 1641 1618
f 1689 1618 1665
f 1631 1642 1691
f 1631 1691 1678
f 1679 1690 1667
f 1679 1667 1654
v 1.2540874 0.4377376 0.6253783
v 1.2040875 0.5877376 1.0053782
v 1.2486937 0.4369768 0.6249689
v 1.1986938 0.5869768 1.0049689
v 1.2434988 0.4381986 0.6238030
v 1.1934988 0.5881987 1.0038030
v 1.2392936 0.4412172 0.6220582
v 1.1892937 0.5912172 1.0020581
v 1.2367184 0.4455728 0.6200000
v 1.1867185 0.5955728 1.0000000
v 1.2361652 0.4506024 0.6179419
v 1.1861653 0.6006024 0.9979419
v 1.2377182 0.4555403 0.6161970
v 1.1877183 0.6055403 0.9961970
v 1.2411410 0.4596348 0.6150311
v 1.1911411 0.6096348 0.9950311
v 1.2459126 0.4622624 0.6146218
v 1.1959126 0.6122624 0.9946218
v 1.2513063 0.4630232 0.6150311
v 1.2013063 0.6130232 0.9950311
v 1.2565012 0.4618013 0.6161970
v 1.2065012 0.6118013 0.9961970
v 1.2607063 0.4587828 0.6179419
v 1.2107065 0.6087828 0.9979419
v 1.2632816 0.4544272 0.6200000
v 1.2132816 0.6044272 1.0000000
v 1.2638347 0.4493975 0.6220582
v 1.2138349 0.5993975 1.0020581
v 1.2622818 0.4444596 0.6238030
v 1.2122818 0.5944597 1.0038030
v 1.2588589 0.4403652 0.6249689
v 1.2088591 0.5903652 1.0049689
f 1701 1702 1704
f 1701 1704 1703
f 1703 1704 1706
f 1703 1706 1705
f 1705 1706 1708
f 1705 1708 1707
f 1707 1708 1710
f 1707 1710 1709
f 1709 1710 1712
f 1709 1712 1711
f 1711 1712 1714
f 1711 1714 1713
f 1713 1714 1716
f 1713 1716 1715
f 1715 1716 1718
f 1715 1718 1717
f 1717 1718 1720
f 1717 1720 1719
f 1719 1720 1722
f 1719 1722 1721
f 1721 1722 1724
f 1721 1724 1723
f 1723 1724 1726
f 1723 1726 1725
f 1725 1726 1728
f 1725 1728 1727
f 1727 1728 1730
f 1727 1730 1729
f 1706 1704 1702
f 1702 1732 1730
f 1730 1728 1726
f 1726 1724 1722
f 1722 1720 1718
f 1718 1716 1714
f 1714 1712 1710
f 1710 1708 1706
f 1706 1702 1730
f 1730 1726 1722
f 1722 1718 1714
f 1714 1710 1706
f 1706 1730 1722
f 1722 1714 1706
f 1729 1730 1732
f 1729 1732 1731
f 1731 1732 1702
f 1731 1702 1701
f 1731 1701 1703
f 1703 1705 1707
f 1707 1709 1711
f 1711 1713 1715
f 1715 1717 1719
f 1719 1721 1723
f 1723 1725 1727
f 1727 1729 1731
f 1731 1703 1707
f 1707 1711 1715
f 1715 1719 1723
f 1723 1727 1731
f 1731 1707 1715
f 1715 1723 1731
v 1.7960000 -0.5440000 0.6700000
v 1.7960000 -0.5500000 0.6760000
v 1.7900000 -0.5440000 0.6760000
v 1.7960000 -0.5469961 0.6708016
v 1.7930039 -0.5440000 0.6708016
v 1.7931306 -0.5468693 0.6715802
v 1.7930039 -0.5491984 0.6760000
v 1.7960000 -0.5491984 0.6730039
v 1.7931306 -0.5484198 0.6731308
v 1.7908015 -0.5440000 0.6730039
v 1.7908015 -0.5469961 0.6760000
v 1.7915802 -0.5468693 0.6731308
v 1.7960000 -0.5500000 1.1640000
v 1.7960000 -0.5440000 1.1700001
v 1.7900000 -0.5440000 1.1640000
v 1.7960000 -0.5491984 1.1669961
v 1.7930039 -0.5491984 1.1640000
v 1.7931306 -0.5484198 1.1668693
v 1.7930039 -0.5440000 1.1691985
v 1.7960000 -0.5469961 1.1691985
v 1.7931306 -0.5468693 1.1684198
v 1.7908015 -0.5469961 1.1640000
v 1.7908015 -0.5440000 1.1669961
v 1.7915802 -0.5468693 1.1668693
v 1.7960000 0.5440000 0.6700000
v 1.7900000 0.5440000 0.6760000
v 1.7960000 0.5500000 0.6760000
v 1.7930039 0.5440000 0.6708016
v 1.7960000 0.5469961 0.6708016
v 1.7931306 0.5468693 0.6715802
v 1.7908015 0.5469961 0.6760000
v 1.7908015 0.5440000 0.6730039
v 1.7915802 0.5468693 0.6731308
v 1.7960000 0.5491984 0.6730039
v 1.7930039 0.5491984 0.6760000
v 1.7931306 0.5484198 0.6731308
v 1.7960000 0.5440000 1.1700001
v 1.7960000 0.5500000 1.1640000
v 1.7900000 0.5440000 1.1640000
v 1.7960000 0.5469961 1.1691985
v 1.7930039 0.5440000 1.1691985
v 1.7931306 0.5468693 1.1684198
v 1.7930039 0.5491984 1.1640000
v 1.7960000 0.5491984 1.1669961
v 1.7931306 0.5484198 1.1668693
v 1.7908015 0.5440000 1.1669961
v 1.7908015 0.5469961 1.1640000
v 1.7915802 0.5468693 1.1668693
v 1.8039999 -0.5440000 0.6700000
v 1.8099999 -0.5440000 0.6760000
v 1.8039999 -0.5500000 0.6760000
v 1.8069960 -0.5440000 0.6708016
v 1.8039999 -0.5469961 0.6708016
v 1.8068693 -0.5468693 0.6715802
v 1.8091984 -0.5469961 0.6760000
v 1.8091984 -0.5440000 0.6730039
v 1.8084197 -0.5468693 0.6731308
v 1.8039999 -0.5491984 0.6730039
v 1.8069960 -0.5491984 0.6760000
v 1.8068693 -0.5484198 0.6731308
v 1.8039999 -0.5440000 1.1700001
v 1.8039999 -0.5500000 1.1640000
v 1.8099999 -0.5440000 1.1640000
v 1.8039999 -0.5469961 1.1691985
v 1.8069960 -0.5440000 1.1691985
v 1.8068693 -0.5468693 1.1684198
v 1.8069960 -0.5491984 1.1640000
v 1.8039999 -0.5491984 1.1669961
v 1.8068693 -0.5484198 1.1668693
v 1.8091984 -0.5440000 1.1669961
v 1.8091984 -0.5469961 1.1640000
v 1.8084197 -0.5468693 1.1668693
v 1.8039999 0.5440000 0.6700000
v 1.8039999 0.5500000 0.6760000
v 1.8099999 0.5440000 0.6760000
v 1.8039999 0.5469961 0.6708016
v 1.8069960 0.5440000 0.6708016
v 1.8068693 0.5468693 0.6715802
v 1.8069960 0.5491984 0.6760000
v 1.8039999 0.5491984 0.6730039
v 1.8068693 0.5484198 0.6731308
v 1.8091984 0.5440000 0.6730039
v 1.8091984 0.5469961 0.6760000
v 1.8084197 0.5468693 0.6731308
v 1.8039999 0.5440000 1.1700001
v 1.8099999 0.5440000 1.1640000
v 1.8039999 0.5500000 1.1640000
v 1.8069960 0.5440000 1.1691985
v 1.8039999 0.5469961 1.1691985
v 1.8068693 0.5468693 1.1684198
v 1.8091984 0.5469961 1.1640000
v 1.8091984 0.5440000 1.1669961
v 1.8084197 0.5468693 1.1668693
v 1.8039999 0.5491984 1.1669961
v 1.8069960 0.5491984 1.1640000
v 1.8068693 0.5484198 1.1668693
f 1733 1736 1738
f 1733 1738 1737
f 1736 1740 1741
f 1736 1741 1738
f 1734 1739 1741
f 1734 1741 1740
f 1739 1743 1744
f 1739 1744 1741
f 1735 1742 1744
f 1735 1744 1743
f 1742 1737 1738
f 1742 1738 1744
f 1738 1741 1744
f 1745 1748 1750
f 1745 1750 1749
f 1748 1752 1753
f 1748 1753 1750
f 1746 1751 1753
f 1746 1753 1752
f 1751 1755 1756
f 1751 1756 1753
f 1747 1754 1756
f 1747 1756 1755
f 1754 1749 1750
f 1754 1750 1756
f 1750 1753 1756
f 1757 1760 1762
f 1757 1762 1761
f 1760 1764 1765
f 1760 1765 1762
f 1758 1763 1765
f 1758 1765 1764
f 1763 1767 1768
f 1763 1768 1765
f 1759 1766 1768
f 1759 1768 1767
f 1766 1761 1762
f 1766 1762 1768
f 1762 1765 1768
f 1769 1772 1774
f 1769 1774 1773
f 1772 1776 1777
f 1772 1777 1774
f 1770 1775 1777
f 1770 1777 1776
f 1775 1779 1780
f 1775 1780 1777
f 1771 1778 1780
f 1771 1780 1779
f 1778 1773 1774
f 1778 1774 1780
f 1774 1777 1780
f 1781 1784 1786
f 1781 1786 1785
f 1784 1788 1789
f 1784 1789 1786
f 1782 1787 1789
f 1782 1789 1788
f 1787 1791 1792
f 1787 1792 1789
f 1783 1790 1792
f 1783 1792 1791
f 1790 1785 1786
f 1790 1786 1792
f 1786 1789 1792
f 1793 1796 1798
f 1793 1798 1797
f 1796 1800 1801
f 1796 1801 1798
f 1794 1799 1801
f 1794 1801 1800
f 1799 1803 1804
f 1799 1804 1801
f 1795 1802 1804
f 1795 1804 1803
f 1802 1797 1798
f 1802 1798 1804
f 1798 1801 1804
f 1805 1808 1810
f 1805 1810 1809
f 1808 1812 1813
f 1808 1813 1810
f 1806 1811 1813
f 1806 1813 1812
f 1811 1815 1816
f 1811 1816 1813
f 1807 1814 1816
f 1807 1816 1815
f 1814 1809 1810
f 1814 1810 1816
f 1810 1813 1816
f 1817 1820 1822
f 1817 1822 1821
f 1820 1824 1825
f 1820 1825 1822
f 1818 1823 1825
f 1818 1825 1824
f 1823 1827 1828
f 1823 1828 1825
f 1819 1826 1828
f 1819 1828 1827
f 1826 1821 1822
f 1826 1822 1828
f 1822 1825 1828
f 1757 1733 1737
f 1757 1737 1760
f 1760 1737 1742
f 1760 1742 1764
f 1764 1742 1735
f 1764 1735 1758
f 1734 1745 1749
f 1734 1749 1739
f 1739 1749 1754
f 1739 1754 1743
f 1743 1754 1747
f 1743 1747 1735
f 1746 1769 1773
f 1746 1773 1751
f 1751 1773 1778
f 1751 1778 1755
f 1755 1778 1771
f 1755 1771 1747
f 1770 1759 1767
f 1770 1767 1775
f 1775 1767 1763
f 1775 1763 1779
f 1779 1763 1758
f 1779 1758 1771
f 1805 1757 1761
f 1805 1761 1808
f 1808 1761 1766
f 1808 1766 1812
f 1812 1766 1759
f 1812 1759 1806
f 1769 1817 1821
f 1769 1821 1772
f 1772 1821 1826
f 1772 1826 1776
f 1776 1826 1819
f 1776 1819 1770
f 1818 1807 1815
f 1818 1815 1823
f 1823 1815 1811
f 1823 1811 1827
f 1827 1811 1806
f 1827 1806 1819
f 1781 1805 1809
f 1781 1809 1784
f 1784 1809 1814
f 1784 1814 1788
f 1788 1814 1807
f 1788 1807 1782
f 1817 1793 1797
f 1817 1797 1820
f 1820 1797 1802
f 1820 1802 1824
f 1824 1802 1795
f 1824 1795 1818
f 1794 1783 1791
f 1794 1791 1799
f 1799 1791 1787
f 1799 1787 1803
f 1803 1787 1782
f 1803 1782 1795
f 1733 1781 1785
f 1733 1785 1736
f 1736 1785 1790
f 1736 1790 1740
f 1740 1790 1783
f 1740 1783 1734
f 1793 1746 1752
f 1793 1752 1796
f 1796 1752 1748
f 1796 1748 1800
f 1800 1748 1745
f 1800 1745 1794
f 1757 1805 1781
f 1757 1781 1733
f 1735 1747 1771
f 1735 1771 1758
f 1783 1794 1745
f 1783 1745 1734
f 1817 1769 1746
f 1817 1746 1793
f 1759 1770 1819
f 1759 1819 1806
f 1807 1818 1795
f 1807 1795 1782
v 0.2030000 -0.5470000 0.6700000
v 0.2030000 -0.5500000 0.6730000
v 0.2000000 -0.5470000 0.6730000
v 0.2030000 -0.5484981 0.6704008
v 0.2015020 -0.5470001 0.6704008
v 0.2015654 -0.5484347 0.6707901
v 0.2015020 -0.5495993 0.6730000
v 0.2030000 -0.5495993 0.6715020
v 0.2015654 -0.5492100 0.6715654
v 0.2004008 -0.5470001 0.6715020
v 0.2004008 -0.5484981 0.6730000
v 0.2007901 -0.5484347 0.6715654
v 0.2030000 -0.5500000 0.6920000
v 0.2030000 -0.5470000 0.6950000
v 0.2000000 -0.5470000 0.6920000
v 0.2030000 -0.5495993 0.6934980
v 0.2015020 -0.5495993 0.6920000
v 0.2015654 -0.5492100 0.6934347
v 0.2015020 -0.5470001 0.6945992
v 0.2030000 -0.5484981 0.6945992
v 0.2015654 -0.5484347 0.6942099
v 0.2004008 -0.5484981 0.6920000
v 0.2004008 -0.5470001 0.6934980
v 0.2007901 -0.5484347 0.6934347
v 0.2030000 0.5470000 0.6700000
v 0.2000000 0.5470000 0.6730000
v 0.2030000 0.5500000 0.6730000
v 0.2015020 0.5470001 0.6704008
v 0.2030000 0.5484981 0.6704008
v 0.2015654 0.5484347 0.6707901
v 0.2004008 0.5484981 0.6730000
v 0.2004008 0.5470001 0.6715020
v 0.2007901 0.5484347 0.6715654
v 0.2030000 0.5495993 0.6715020
v 0.2015020 0.5495993 0.6730000
v 0.2015654 0.5492100 0.6715654
v 0.2030000 0.5470000 0.6950000
v 0.2030000 0.5500000 0.6920000
v 0.2000000 0.5470000 0.6920000
v 0.2030000 0.5484981 0.6945992
v 0.2015020 0.5470001 0.6945992
v 0.2015654 0.5484347 0.6942099
v 0.2015020 0.5495993 0.6920000
v 0.2030000 0.5495993 0.6934980
v 0.2015654 0.5492100 0.6934347
v 0.2004008 0.5470001 0.6934980
v 0.2004008 0.5484981 0.6920000
v 0.2007901 0.5484347 0.6934347
v 1.7820001 -0.5470000 0.6700000
v 1.7850001 -0.5470000 0.6730000
v 1.7820001 -0.5500000 0.6730000
v 1.7834980 -0.5470001 0.6704008
v 1.7820001 -0.5484981 0.6704008
v 1.7834346 -0.5484347 0.6707901
v 1.7845993 -0.5484981 0.6730000
v 1.7845993 -0.5470001 0.6715020
v 1.7842100 -0.5484347 0.6715654
v 1.7820001 -0.5495993 0.6715020
v 1.7834980 -0.5495993 0.6730000
v 1.7834346 -0.5492100 0.6715654
v 1.7820001 -0.5470000 0.6950000
v 1.7820001 -0.5500000 0.6920000
v 1.7850001 -0.5470000 0.6920000
v 1.7820001 -0.5484981 0.6945992
v 1.7834980 -0.5470001 0.6945992
v 1.7834346 -0.5484347 0.6942099
v 1.7834980 -0.5495993 0.6920000
v 1.7820001 -0.5495993 0.6934980
v 1.7834346 -0.5492100 0.6934347
v 1.7845993 -0.5470001 0.6934980
v 1.7845993 -0.5484981 0.6920000
v 1.7842100 -0.5484347 0.6934347
v 1.7820001 0.5470000 0.6700000
v 1.7820001 0.5500000 0.6730000
v 1.7850001 0.5470000 0.6730000
v 1.7820001 0.5484981 0.6704008
v 1.7834980 0.5470001 0.6704008
v 1.7834346 0.5484347 0.6707901
v 1.7834980 0.5495993 0.6730000
v 1.7820001 0.5495993 0.6715020
v 1.7834346 0.5492100 0.6715654
v 1.7845993 0.5470001 0.6715020
v 1.7845993 0.5484981 0.6730000
v 1.7842100 0.5484347 0.6715654
v 1.7820001 0.5470000 0.6950000
v 1.7850001 0.5470000 0.6920000
v 1.7820001 0.5500000 0.6920000
v 1.7834980 0.5470001 0.6945992
v 1.7820001 0.5484981 0.6945992
v 1.7834346 0.5484347 0.6942099
v 1.7845993 0.5484981 0.6920000
v 1.7845993 0.5470001 0.6934980
v 1.7842100 0.5484347 0.6934347
v 1.7820001 0.5495993 0.6934980
v 1.7834980 0.5495993 0.6920000
v 1.7834346 0.5492100 0.6934347
f 1829 1832 1834
f 1829 1834 1833
f 1832 1836 1837
f 1832 1837 1834
f 1830 1835 1837
f 1830 1837 1836
f 1835 1839 1840
f 1835 1840 1837
f 1831 1838 1840
f 1831 1840 1839
f 1838 1833 1834
f 1838 1834 1840
f 1834 1837 1840
f 1841 1844 1846
f 1841 1846 1845
f 1844 1848 1849
f 1844 1849 1846
f 1842 1847 1849
f 1842 1849 1848
f 1847 1851 1852
f 1847 1852 1849
f 1843 1850 1852
f 1843 1852 1851
f 1850 1845 1846
f 1850 1846 1852
f 1846 1849 1852
f 1853 1856 1858
f 1853 1858 1857
f 1856 1860 1861
f 1856 1861 1858
f 1854 1859 1861
f 1854 1861 1860
f 1859 1863 1864
f 1859 1864 1861
f 1855 1862 1864
f 1855 1864 1863
f 1862 1857 1858
f 1862 1858 1864
f 1858 1861 1864
f 1865 1868 1870
f 1865 1870 1869
f 1868 1872 1873
f 1868 1873 1870
f 1866 1871 1873
f 1866 1873 1872
f 1871 1875 1876
f 1871 1876 1873
f 1867 1874 1876
f 1867 1876 1875
f 1874 1869 1870
f 1874 1870 1876
f 1870 1873 1876
f 1877 1880 1882
f 1877 1882 1881
f 1880 1884 1885
f 1880 1885 1882
f 1878 1883 1885
f 1878 1885 1884
f 1883 1887 1888
f 1883 1888 1885
f 1879 1886 1888
f 1879 1888 1887
f 1886 1881 1882
f 1886 1882 1888
f 1882 1885 1888
f 1889 1892 1894
f 1889 1894 1893
f 1892 1896 1897
f 1892 1897 1894
f 1890 1895 1897
f 1890 1897 1896
f 1895 1899 1900
f 1895 1900 1897
f 1891 1898 1900
f 1891 1900 1899
f 1898 1893 1894
f 1898 1894 1900
f 1894 1897 1900
f 1901 1904 1906
f 1901 1906 1905
f 1904 1908 1909
f 1904 1909 1906
f 1902 1907 1909
f 1902 1909 1908
f 1907 1911 1912
f 1907 1912 1909
f 1903 1910 1912
f 1903 1912 1911
f 1910 1905 1906
f 1910 1906 1912
f 1906 1909 1912
f 1913 1916 1918
f 1913 1918 1917
f 1916 1920 1921
f 1916 1921 1918
f 1914 1919 1921
f 1914 1921 1920
f 1919 1923 1924
f 1919 1924 1921
f 1915 1922 1924
f 1915 1924 1923
f 1922 1917 1918
f 1922 1918 1924
f 1918 1921 1924
f 1853 1829 1833
f 1853 1833 1856
f 1856 1833 1838
f 1856 1838 1860
f 1860 1838 1831
f 1860 1831 1854
f 1830 1841 1845
f 1830 1845 1835
f 1835 1845 1850
f 1835 1850 1839
f 1839 1850 1843
f 1839 1843 1831
f 1842 1865 1869
f 1842 1869 1847
f 1847 1869 1874
f 1847 1874 1851
f 1851 1874 1867
f 1851 1867 1843
f 1866 1855 1863
f 1866 1863 1871
f 1871 1863 1859
f 1871 1859 1875
f 1875 1859 1854
f 1875 1854 1867
f 1901 1853 1857
f 1901 1857 1904
f 1904 1857 1862
f 1904 1862 1908
f 1908 1862 1855
f 1908 1855 1902
f 1865 1913 1917
f 1865 1917 1868
f 1868 1917 1922
f 1868 1922 1872
f 1872 1922 1915
f 1872 1915 1866
f 1914 1903 1911
f 1914 1911 1919
f 1919 1911 1907
f 1919 1907 1923
f 1923 1907 1902
f 1923 1902 1915
f 1877 1901 1905
f 1877 1905 1880
f 1880 1905 1910
f 1880 1910 1884
f 1884 1910 1903
f 1884 1903 1878
f 1913 1889 1893
f 1913 1893 1916
f 1916 1893 1898
f 1916 1898 1920
f 1920 1898 1891
f 1920 1891 1914
f 1890 1879 1887
f 1890 1887 1895
f 1895 1887 1883
f 1895 1883 1899
f 1899 1883 1878
f 1899 1878 1891
f 1829 1877 1881
f 1829 1881 1832
f 1832 1881 1886
f 1832 1886 1836
f 1836 1886 1879
f 1836 1879 1830
f 1889 1842 1848
f 1889 1848 1892
f 1892 1848 1844
f 1892 1844 1896
f 1896 1844 1841
f 1896 1841 1890
f 1853 1901 1877
f 1853 1877 1829
f 1831 1843 1867
f 1831 1867 1854
f 1879 1890 1841
f 1879 1841 1830
f 1913 1865 1842
f 1913 1842 1889
f 1855 1866 1915
f 1855 1915 1902
f 1903 1914 1891
f 1903 1891 1878
v 1.0300000 -0.3180000 0.6950000
v 1.0300000 -0.3180000 0.9350000
v 1.0231117 -0.3166299 0.6950000
v 1.0231117 -0.3166299 0.9350000
v 1.0172720 -0.3127279 0.6950000
v 1.0172720 -0.3127279 0.9350000
v 1.0133702 -0.3068883 0.6950000
v 1.0133702 -0.3068883 0.9350000
v 1.0120000 -0.3000000 0.6950000
v 1.0120000 -0.3000000 0.9350000
v 1.0133702 -0.2931117 0.6950000
v 1.0133702 -0.2931117 0.9350000
v 1.0172720 -0.2872721 0.6950000
v 1.0172720 -0.2872721 0.9350000
v 1.0231117 -0.2833702 0.6950000
v 1.0231117 -0.2833702 0.9350000
v 1.0300000 -0.2820000 0.6950000
v 1.0300000 -0.2820000 0.9350000
v 1.0368882 -0.2833702 0.6950000
v 1.0368882 -0.2833702 0.9350000
v 1.0427279 -0.2872721 0.6950000
v 1.0427279 -0.2872721 0.9350000
v 1.0466298 -0.2931117 0.6950000
v 1.0466298 -0.2931117 0.9350000
v 1.0480000 -0.3000000 0.6950000
v 1.0480000 -0.3000000 0.9350000
v 1.0466298 -0.3068883 0.6950000
v 1.0466298 -0.3068883 0.9350000
v 1.0427279 -0.3127279 0.6950000
v 1.0427279 -0.3127279 0.9350000
v 1.0368882 -0.3166298 0.6950000
v 1.0368882 -0.3166298 0.9350000
f 1925 1926 1928
f 1925 1928 1927
f 1927 1928 1930
f 1927 1930 1929
f 1929 1930 1932
f 1929 1932 1931
f 1931 1932 1934
f 1931 1934 1933
f 1933 1934 1936
f 1933 1936 1935
f 1935 1936 1938
f 1935 1938 1937
f 1937 1938 1940
f 1937 1940 1939
f 1939 1940 1942
f 1939 1942 1941
f 1941 1942 1944
f 1941 1944 1943
f 1943 1944 1946
f 1943 1946 1945
f 1945 1946 1948
f 1945 1948 1947
f 1947 1948 1950
f 1947 1950 1949
f 1949 1950 1952
f 1949 1952 1951
f 1951 1952 1954
f 1951 1954 1953
f 1930 1928 1926
f 1926 1956 1954
f 1954 1952 1950
f 1950 1948 1946
f 1946 1944 1942
f 1942 1940 1938
f 1938 1936 1934
f 1934 1932 1930
f 1930 1926 1954
f 1954 1950 1946
f 1946 1942 1938
f 1938 1934 1930
f 1930 1954 1946
f 1946 1938 1930
f 1953 1954 1956
f 1953 1956 1955
f 1955 1956 1926
f 1955 1926 1925
f 1955 1925 1927
f 1927 1929 1931
f 1931 1933 1935
f 1935 1937 1939
f 1939 1941 1943
f 1943 1945 1947
f 1947 1949 1951
f 1951 1953 1955
f 1955 1927 1931
f 1931 1935 1939
f 1939 1943 1947
f 1947 1951 1955
f 1955 1931 1939
f 1939 1947 1955
v 1.0300000 0.2820000 0.6950000
v 1.0300000 0.2820000 0.9350000
v 1.0231117 0.2833702 0.6950000
v 1.0231117 0.2833702 0.9350000
v 1.0172720 0.2872721 0.6950000
v 1.0172720 0.2872721 0.9350000
v 1.0133702 0.2931117 0.6950000
v 1.0133702 0.2931117 0.9350000
v 1.0120000 0.3000000 0.6950000
v 1.0120000 0.3000000 0.9350000
v 1.0133702 0.3068883 0.6950000
v 1.0133702 0.3068883 0.9350000
v 1.0172720 0.3127279 0.6950000
v 1.0172720 0.3127279 0.9350000
v 1.0231117 0.3166298 0.6950000
v 1.0231117 0.3166298 0.9350000
v 1.0300000 0.3180000 0.6950000
v 1.0300000 0.3180000 0.9350000
v 1.0368882 0.3166299 0.6950000
v 1.0368882 0.3166299 0.9350000
v 1.0427279 0.3127279 0.6950000
v 1.0427279 0.3127279 0.9350000
v 1.0466298 0.3068883 0.6950000
v 1.0466298 0.3068883 0.9350000
v 1.0480000 0.3000000 0.6950000
v 1.0480000 0.3000000 0.9350000
v 1.0466298 0.2931117 0.6950000
v 1.0466298 0.2931117 0.9350000
v 1.0427279 0.2872721 0.6950000
v 1.0427279 0.2872721 0.9350000
v 1.0368882 0.2833702 0.6950000
v 1.0368882 0.2833702 0.9350000
f 1957 1958 1960
f 1957 1960 1959
f 1959 1960 1962
f 1959 1962 1961
f 1961 1962 1964
f 1961 1964 1963
f 1963 1964 1966
f 1963 1966 1965
f 1965 1966 1968
f 1965 1968 1967
f 1967 1968 1970
f 1967 1970 1969
f 1969 1970 1972
f 1969 1972 1971
f 1971 1972 1974
f 1971 1974 1973
f 1973 1974 1976
f 1973 1976 1975
f 1975 1976 1978
f 1975 1978 1977
f 1977 1978 1980
f 1977 1980 1979
f 1979 1980 1982
f 1979 1982 1981
f 1981 1982 1984
f 1981 1984 1983
f 1983 1984 1986
f 1983 1986 1985
f 1962 1960 1958
f 1958 1988 1986
f 1986 1984 1982
f 1982 1980 1978
f 1978 1976 1974
f 1974 1972 1970
f 1970 1968 1966
f 1966 1964 1962
f 1962 1958 1986
f 1986 1982 1978
f 1978 1974 1970
f 1970 1966 1962
f 1962 1986 1978
f 1978 1970 1962
f 1985 1986 1988
f 1985 1988 1987
f 1987 1988 1958
f 1987 1958 1957
f 1987 1957 1959
f 1959 1961 1963
f 1963 1965 1967
f 1967 1969 1971
f 1971 1973 1975
f 1975 1977 1979
f 1979 1981 1983
f 1983 1985 1987
f 1987 1959 1963
f 1963 1967 1971
f 1971 1975 1979
f 1979 1983 1987
f 1987 1963 1971
f 1971 1979 1987
v 1.3500000 -0.3180000 0.6950000
v 1.3500000 -0.3180000 0.9350000
v 1.3431118 -0.3166299 0.6950000
v 1.3431118 -0.3166299 0.9350000
v 1.3372720 -0.3127279 0.6950000
v 1.3372720 -0.3127279 0.9350000
v 1.3333702 -0.3068883 0.6950000
v 1.3333702 -0.3068883 0.9350000
v 1.3320000 -0.3000000 0.6950000
v 1.3320000 -0.3000000 0.9350000
v 1.3333702 -0.2931117 0.6950000
v 1.3333702 -0.2931117 0.9350000
v 1.3372720 -0.2872721 0.6950000
v 1.3372720 -0.2872721 0.9350000
v 1.3431118 -0.2833702 0.6950000
v 1.3431118 -0.2833702 0.9350000
v 1.3500000 -0.2820000 0.6950000
v 1.3500000 -0.2820000 0.9350000
v 1.3568883 -0.2833702 0.6950000
v 1.3568883 -0.2833702 0.9350000
v 1.3627280 -0.2872721 0.6950000
v 1.3627280 -0.2872721 0.9350000
v 1.3666298 -0.2931117 0.6950000
v 1.3666298 -0.2931117 0.9350000
v 1.3680000 -0.3000000 0.6950000
v 1.3680000 -0.3000000 0.9350000
v 1.3666298 -0.3068883 0.6950000
v 1.3666298 -0.3068883 0.9350000
v 1.3627280 -0.3127279 0.6950000
v 1.3627280 -0.3127279 0.9350000
v 1.3568883 -0.3166298 0.6950000
v 1.3568883 -0.3166298 0.9350000
f 1989 1990 1992
f 1989 1992 1991
f 1991 1992 1994
f 1991 1994 1993
f 1993 1994 1996
f 1993 1996 1995
f 1995 1996 1998
f 1995 1998 1997
f 1997 1998 2000
f 1997 2000 1999
f 1999 2000 2002
f 1999 2002 2001
f 2001 2002 2004
f 2001 2004 2003
f 2003 2004 2006
f 2003 2006 2005
f 2005 2006 2008
f 2005 2008 2007
f 2007 2008 2010
f 2007 2010 2009
f 2009 2010 2012
f 2009 2012 2011
f 2011 2012 2014
f 2011 2014 2013
f 2013 2014 2016
f 2013 2016 2015
f 2015 2016 2018
f 2015 2018 2017
f 1994 1992 1990
f 1990 2020 2018
f 2018 2016 2014
f 2014 2012 2010
f 2010 2008 2006
f 2006 2004 2002
f 2002 2000 1998
f 1998 1996 1994
f 1994 1990 2018
f 2018 2014 2010
f 2010 2006 2002
f 2002 1998 1994
f 1994 2018 2010
f 2010 2002 1994
f 2017 2018 2020
f 2017 2020 2019
f 2019 2020 1990
f 2019 1990 1989
f 2019 1989 1991
f 1991 1993 1995
f 1995 1997 1999
f 1999 2001 2003
f 2003 2005 2007
f 2007 2009 2011
f 2011 2013 2015
f 2015 2017 2019
f 2019 1991 1995
f 1995 1999 2003
f 2003 2007 2011
f 2011 2015 2019
f 2019 1995 2003
f 2003 2011 2019
v 1.3500000 0.2820000 0.6950000
v 1.3500000 0.2820000 0.9350000
v 1.3431118 0.2833702 0.6950000
v 1.3431118 0.2833702 0.9350000
v 1.3372720 0.2872721 0.6950000
v 1.3372720 0.2872721 0.9350000
v 1.3333702 0.2931117 0.6950000
v 1.3333702 0.2931117 0.9350000
v 1.3320000 0.3000000 0.6950000
v 1.3320000 0.3000000 0.9350000
v 1.3333702 0.3068883 0.6950000
v 1.3333702 0.3068883 0.9350000
v 1.3372720 0.3127279 0.6950000
v 1.3372720 0.3127279 0.9350000
v 1.3431118 0.3166298 0.6950000
v 1.3431118 0.3166298 0.9350000
v 1.3500000 0.3180000 0.6950000
v 1.3500000 0.3180000 0.9350000
v 1.3568883 0.3166299 0.6950000
v 1.3568883 0.3166299 0.9350000
v 1.3627280 0.3127279 0.6950000
v 1.3627280 0.3127279 0.9350000
v 1.3666298 0.3068883 0.6950000
v 1.3666298 0.3068883 0.9350000
v 1.3680000 0.3000000 0.6950000
v 1.3680000 0.3000000 0.9350000
v 1.3666298 0.2931117 0.6950000
v 1.3666298 0.2931117 0.9350000
v 1.3627280 0.2872721 0.6950000
v 1.3627280 0.2872721 0.9350000
v 1.3568883 0.2833702 0.6950000
v 1.3568883 0.2833702 0.9350000
f 2021 2022 2024
f 2021 2024 2023
f 2023 2024 2026
f 2023 2026 2025
f 2025 2026 2028
f 2025 2028 2027
f 2027 2028 2030
f 2027 2030 2029
f 2029 2030 2032
f 2029 2032 2031
f 2031 2032 2034
f 2031 2034 2033
f 2033 2034 2036
f 2033 2036 2035
f 2035 2036 2038
f 2035 2038 2037
f 2037 2038 2040
f 2037 2040 2039
f 2039 2040 2042
f 2039 2042 2041
f 2041 2042 2044
f 2041 2044 2043
f 2043 2044 2046
f 2043 2046 2045
f 2045 2046 2048
f 2045 2048 2047
f 2047 2048 2050
f 2047 2050 2049
f 2026 2024 2022
f 2022 2052 2050
f 2050 2048 2046
f 2046 2044 2042
f 2042 2040 2038
f 2038 2036 2034
f 2034 2032 2030
f 2030 2028 2026
f 2026 2022 2050
f 2050 2046 2042
f 2042 2038 2034
f 2034 2030 2026
f 2026 2050 2042
f 2042 2034 2026
f 2049 2050 2052
f 2049 2052 2051
f 2051 2052 2022
f 2051 2022 2021
f 2051 2021 2023
f 2023 2025 2027
f 2027 2029 2031
f 2031 2033 2035
f 2035 2037 2039
f 2039 2041 2043
f 2043 2045 2047
f 2047 2049 2051
f 2051 2023 2027
f 2027 2031 2035
f 2035 2039 2043
f 2043 2047 2051
f 2051 2027 2035
f 2035 2043 2051
v 0.9920000 -0.4880000 0.9350000
v 0.9920000 -0.5000000 0.9470000
v 0.9800001 -0.4880000 0.9470000
v 0.9920000 -0.4939921 0.9366031
v 0.9860079 -0.4880000 0.9366031
v 0.9862615 -0.4937386 0.9381604
v 0.9860079 -0.4983969 0.9470000
v 0.9920000 -0.4983969 0.9410079
v 0.9862615 -0.4968396 0.9412615
v 0.9816032 -0.4880000 0.9410079
v 0.9816032 -0.4939921 0.9470000
v 0.9831604 -0.4937386 0.9412615
v 0.9920000 -0.5000000 0.9530000
v 0.9920000 -0.4880000 0.9650000
v 0.9800001 -0.4880000 0.9530000
v 0.9920000 -0.4983969 0.9589921
v 0.9860079 -0.4983969 0.9530000
v 0.9862615 -0.4968396 0.9587385
v 0.9860079 -0.4880000 0.9633968
v 0.9920000 -0.4939921 0.9633968
v 0.9862615 -0.4937386 0.9618396
v 0.9816032 -0.4939921 0.9530000
v 0.9816032 -0.4880000 0.9589921
v 0.9831604 -0.4937386 0.9587385
v 0.9920000 0.4880000 0.9350000
v 0.9800001 0.4880000 0.9470000
v 0.9920000 0.5000000 0.9470000
v 0.9860079 0.4880000 0.9366031
v 0.9920000 0.4939921 0.9366031
v 0.9862615 0.4937386 0.9381604
v 0.9816032 0.4939921 0.9470000
v 0.9816032 0.4880000 0.9410079
v 0.9831604 0.4937386 0.9412615
v 0.9920000 0.4983969 0.9410079
v 0.9860079 0.4983969 0.9470000
v 0.9862615 0.4968396 0.9412615
v 0.9920000 0.4880000 0.9650000
v 0.9920000 0.5000000 0.9530000
v 0.9800001 0.4880000 0.9530000
v 0.9920000 0.4939921 0.9633968
v 0.9860079 0.4880000 0.9633968
v 0.9862615 0.4937386 0.9618396
v 0.9860079 0.4983969 0.9530000
v 0.9920000 0.4983969 0.9589921
v 0.9862615 0.4968396 0.9587385
v 0.9816032 0.4880000 0.9589921
v 0.9816032 0.4939921 0.9530000
v 0.9831604 0.4937386 0.9587385
v 1.3880000 -0.4880000 0.9350000
v 1.4000001 -0.4880000 0.9470000
v 1.3880000 -0.5000000 0.9470000
v 1.3939922 -0.4880000 0.9366031
v 1.3880000 -0.4939921 0.9366031
v 1.3937386 -0.4937386 0.9381604
v 1.3983970 -0.4939921 0.9470000
v 1.3983970 -0.4880000 0.9410079
v 1.3968396 -0.4937386 0.9412615
v 1.3880000 -0.4983969 0.9410079
v 1.3939922 -0.4983969 0.9470000
v 1.3937386 -0.4968396 0.9412615
v 1.3880000 -0.4880000 0.9650000
v 1.3880000 -0.5000000 0.9530000
v 1.4000001 -0.4880000 0.9530000
v 1.3880000 -0.4939921 0.9633968
v 1.3939922 -0.4880000 0.9633968
v 1.3937386 -0.4937386 0.9618396
v 1.3939922 -0.4983969 0.9530000
v 1.3880000 -0.4983969 0.9589921
v 1.3937386 -0.4968396 0.9587385
v 1.3983970 -0.4880000 0.9589921
v 1.3983970 -0.4939921 0.9530000
v 1.3968396 -0.4937386 0.9587385
v 1.3880000 0.4880000 0.9350000
v 1.3880000 0.5000000 0.9470000
v 1.4000001 0.4880000 0.9470000
v 1.3880000 0.4939921 0.9366031
v 1.3939922 0.4880000 0.9366031
v 1.3937386 0.4937386 0.9381604
v 1.3939922 0.4983969 0.9470000
v 1.3880000 0.4983969 0.9410079
v 1.3937386 0.4968396 0.9412615
v 1.3983970 0.4880000 0.9410079
v 1.3983970 0.4939921 0.9470000
v 1.3968396 0.4937386 0.9412615
v 1.3880000 0.4880000 0.9650000
v 1.4000001 0.4880000 0.9530000
v 1.3880000 0.5000000 0.9530000
v 1.3939922 0.4880000 0.9633968
v 1.3880000 0.4939921 0.9633968
v 1.3937386 0.4937386 0.9618396
v 1.3983970 0.4939921 0.9530000
v 1.3983970 0.4880000 0.9589921
v 1.3968396 0.4937386 0.9587385
v 1.3880000 0.4983969 0.9589921
v 1.3939922 0.4983969 0.9530000
v 1.3937386 0.4968396 0.9587385
f 2053 2056 2058
f 2053 2058 2057
f 2056 2060 2061
f 2056 2061 2058
f 2054 2059 2061
f 2054 2061 2060
f 2059 2063 2064
f 2059 2064 2061
f 2055 2062 2064
f 2055 2064 2063
f 2062 2057 2058
f 2062 2058 2064
f 2058 2061 2064
f 2065 2068 2070
f 2065 2070 2069
f 2068 2072 2073
f 2068 2073 2070
f 2066 2071 2073
f 2066 2073 2072
f 2071 2075 2076
f 2071 2076 2073
f 2067 2074 2076
f 2067 2076 2075
f 2074 2069 2070
f 2074 2070 2076
f 2070 2073 2076
f 2077 2080 2082
f 2077 2082 2081
f 2080 2084 2085
f 2080 2085 2082
f 2078 2083 2085
f 2078 2085 2084
f 2083 2087 2088
f 2083 2088 2085
f 2079 2086 2088
f 2079 2088 2087
f 2086 2081 2082
f 2086 2082 2088
f 2082 2085 2088
f 2089 2092 2094
f 2089 2094 2093
f 2092 2096 2097
f 2092 2097 2094
f 2090 2095 2097
f 2090 2097 2096
f 2095 2099 2100
f 2095 2100 2097
f 2091 2098 2100
f 2091 2100 2099
f 2098 2093 2094
f 2098 2094 2100
f 2094 2097 2100
f 2101 2104 2106
f 2101 2106 2105
f 2104 2108 2109
f 2104 2109 2106
f 2102 2107 2109
f 2102 2109 2108
f 2107 2111 2112
f 2107 2112 2109
f 2103 2110 2112
f 2103 2112 2111
f 2110 2105 2106
f 2110 2106 2112
f 2106 2109 2112
f 2113 2116 2118
f 2113 2118 2117
f 2116 2120 2121
f 2116 2121 2118
f 2114 2119 2121
f 2114 2121 2120
f 2119 2123 2124
f 2119 2124 2121
f 2115 2122 2124
f 2115 2124 2123
f 2122 2117 2118
f 2122 2118 2124
f 2118 2121 2124
f 2125 2128 2130
f 2125 2130 2129
f 2128 2132 2133
f 2128 2133 2130
f 2126 2131 2133
f 2126 2133 2132
f 2131 2135 2136
f 2131 2136 2133
f 2127 2134 2136
f 2127 2136 2135
f 2134 2129 2130
f 2134 2130 2136
f 2130 2133 2136
f 2137 2140 2142
f 2137 2142 2141
f 2140 2144 2145
f 2140 2145 2142
f 2138 2143 2145
f 2138 2145 2144
f 2143 2147 2148
f 2143 2148 2145
f 2139 2146 2148
f 2139 2148 2147
f 2146 2141 2142
f 2146 2142 2148
f 2142 2145 2148
f 2077 2053 2057
f 2077 2057 2080
f 2080 2057 2062
f 2080 2062 2084
f 2084 2062 2055
f 2084 2055 2078
f 2054 2065 2069
f 2054 2069 2059
f 2059 2069 2074
f 2059 2074 2063
f 2063 2074 2067
f 2063 2067 2055
f 2066 2089 2093
f 2066 2093 2071
f 2071 2093 2098
f 2071 2098 2075
f 2075 2098 2091
f 2075 2091 2067
f 2090 2079 2087
f 2090 2087 2095
f 2095 2087 2083
f 2095 2083 2099
f 2099 2083 2078
f 2099 2078 2091
f 2125 2077 2081
f 2125 2081 2128
f 2128 2081 2086
f 2128 2086 2132
f 2132 2086 2079
f 2132 2079 2126
f 2089 2137 2141
f 2089 2141 2092
f 2092 2141 2146
f 2092 2146 2096
f 2096 2146 2139
f 2096 2139 2090
f 2138 2127 2135
f 2138 2135 2143
f 2143 2135 2131
f 2143 2131 2147
f 2147 2131 2126
f 2147 2126 2139
f 2101 2125 2129
f 2101 2129 2104
f 2104 2129 2134
f 2104 2134 2108
f 2108 2134 2127
f 2108 2127 2102
f 2137 2113 2117
f 2137 2117 2140
f 2140 2117 2122
f 2140 2122 2144
f 2144 2122 2115
f 2144 2115 2138
f 2114 2103 2111
f 2114 2111 2119
f 2119 2111 2107
f 2119 2107 2123
f 2123 2107 2102
f 2123 2102 2115
f 2053 2101 2105
f 2053 2105 2056
f 2056 2105 2110
f 2056 2110 2060
f 2060 2110 2103
f 2060 2103 2054
f 2113 2066 2072
f 2113 2072 2116
f 2116 2072 2068
f 2116 2068 2120
f 2120 2068 2065
f 2120 2065 2114
f 2077 2125 2101
f 2077 2101 2053
f 2055 2067 2091
f 2055 2091 2078
f 2103 2114 2065
f 2103 2065 2054
f 2137 2089 2066
f 2137 2066 2113
f 2079 2090 2139
f 2079 2139 2126
f 2127 2138 2115
f 2127 2115 2102
v 1.0350001 -0.4500000 0.9650000
v 1.0350001 -0.4800000 0.9950000
v 1.0050001 -0.4500000 0.9950000
v 1.0350001 -0.4649802 0.9690079
v 1.0200198 -0.4499999 0.9690079
v 1.0206537 -0.4643463 0.9729010
v 1.0200198 -0.4759921 0.9950000
v 1.0350001 -0.4759921 0.9800197
v 1.0206537 -0.4720989 0.9806536
v 1.0090079 -0.4499999 0.9800197
v 1.0090079 -0.4649802 0.9950000
v 1.0129011 -0.4643463 0.9806536
v 1.0350001 -0.4800000 1.0150000
v 1.0350001 -0.4500000 1.0450000
v 1.0050001 -0.4500000 1.0150000
v 1.0350001 -0.4759921 1.0299803
v 1.0200198 -0.4759921 1.0150000
v 1.0206537 -0.4720989 1.0293463
v 1.0200198 -0.4499999 1.0409921
v 1.0350001 -0.4649802 1.0409921
v 1.0206537 -0.4643463 1.0370990
v 1.0090079 -0.4649802 1.0150000
v 1.0090079 -0.4499999 1.0299803
v 1.0129011 -0.4643463 1.0293463
v 1.0350001 0.4500000 0.9650000
v 1.0050001 0.4500000 0.9950000
v 1.0350001 0.4800000 0.9950000
v 1.0200198 0.4500000 0.9690078
v 1.0350001 0.4649803 0.9690078
v 1.0206537 0.4643463 0.9729010
v 1.0090079 0.4649803 0.9950000
v 1.0090079 0.4500000 0.9800197
v 1.0129011 0.4643463 0.9806536
v 1.0350001 0.4759921 0.9800197
v 1.0200198 0.4759921 0.9950000
v 1.0206537 0.4720990 0.9806536
v 1.0350001 0.4500000 1.0450000
v 1.0350001 0.4800000 1.0150000
v 1.0050001 0.4500000 1.0150000
v 1.0350001 0.4649802 1.0409921
v 1.0200198 0.4499999 1.0409921
v 1.0206537 0.4643463 1.0370990
v 1.0200198 0.4759921 1.0150000
v 1.0350001 0.4759921 1.0299803
v 1.0206537 0.4720989 1.0293463
v 1.0090079 0.4499999 1.0299803
v 1.0090079 0.4649802 1.0150000
v 1.0129011 0.4643463 1.0293463
v 1.3550000 -0.4500000 0.9650000
v 1.3850000 -0.4500000 0.9950000
v 1.3550000 -0.4800000 0.9950000
v 1.3699803 -0.4500000 0.9690078
v 1.3550000 -0.4649803 0.9690078
v 1.3693464 -0.4643463 0.9729010
v 1.3809922 -0.4649803 0.9950000
v 1.3809922 -0.4500000 0.9800197
v 1.3770990 -0.4643463 0.9806536
v 1.3550000 -0.4759921 0.9800197
v 1.3699803 -0.4759921 0.9950000
v 1.3693464 -0.4720990 0.9806536
v 1.3550000 -0.4500000 1.0450000
v 1.3550000 -0.4800000 1.0150000
v 1.3850000 -0.4500000 1.0150000
v 1.3550000 -0.4649802 1.0409921
v 1.3699803 -0.4499999 1.0409921
v 1.3693464 -0.4643463 1.0370990
v 1.3699803 -0.4759921 1.0150000
v 1.3550000 -0.4759921 1.0299803
v 1.3693464 -0.4720989 1.0293463
v 1.3809922 -0.4499999 1.0299803
v 1.3809922 -0.4649802 1.0150000
v 1.3770990 -0.4643463 1.0293463
v 1.3550000 0.4500000 0.9650000
v 1.3550000 0.4800000 0.9950000
v 1.3850000 0.4500000 0.9950000
v 1.3550000 0.4649802 0.9690079
v 1.3699803 0.4499999 0.9690079
v 1.3693464 0.4643463 0.9729010
v 1.3699803 0.4759921 0.9950000
v 1.3550000 0.4759921 0.9800197
v 1.3693464 0.4720989 0.9806536
v 1.3809922 0.4499999 0.9800197
v 1.3809922 0.4649802 0.9950000
v 1.3770990 0.4643463 0.9806536
v 1.3550000 0.4500000 1.0450000
v 1.3850000 0.4500000 1.0150000
v 1.3550000 0.4800000 1.0150000
v 1.3699803 0.4500000 1.0409921
v 1.3550000 0.4649803 1.0409921
v 1.3693464 0.4643463 1.0370990
v 1.3809922 0.4649803 1.0150000
v 1.3809922 0.4500000 1.0299803
v 1.3770990 0.4643463 1.0293463
v 1.3550000 0.4759921 1.0299803
v 1.3699803 0.4759921 1.0150000
v 1.3693464 0.4720990 1.0293463
f 2149 2152 2154
f 2149 2154 2153
f 2152 2156 2157
f 2152 2157 2154
f 2150 2155 2157
f 2150 2157 2156
f 2155 2159 2160
f 2155 2160 2157
f 2151 2158 2160
f 2151 2160 2159
f 2158 2153 2154
f 2158 2154 2160
f 2154 2157 2160
f 2161 2164 2166
f 2161 2166 2165
f 2164 2168 2169
f 2164 2169 2166
f 2162 2167 2169
f 2162 2169 2168
f 2167 2171 2172
f 2167 2172 2169
f 2163 2170 2172
f 2163 2172 2171
f 2170 2165 2166
f 2170 2166 2172
f 2166 2169 2172
f 2173 2176 2178
f 2173 2178 2177
f 2176 2180 2181
f 2176 2181 2178
f 2174 2179 2181
f 2174 2181 2180
f 2179 2183 2184
f 2179 2184 2181
f 2175 2182 2184
f 2175 2184 2183
f 2182 2177 2178
f 2182 2178 2184
f 2178 2181 2184
f 2185 2188 2190
f 2185 2190 2189
f 2188 2192 2193
f 2188 2193 2190
f 2186 2191 2193
f 2186 2193 2192
f 2191 2195 2196
f 2191 2196 2193
f 2187 2194 2196
f 2187 2196 2195
f 2194 2189 2190
f 2194 2190 2196
f 2190 2193 2196
f 2197 2200 2202
f 2197 2202 2201
f 2200 2204 2205
f 2200 2205 2202
f 2198 2203 2205
f 2198 2205 2204
f 2203 2207 2208
f 2203 2208 2205
f 2199 2206 2208
f 2199 2208 2207
f 2206 2201 2202
f 2206 2202 2208
f 2202 2205 2208
f 2209 2212 2214
f 2209 2214 2213
f 2212 2216 2217
f 2212 2217 2214
f 2210 2215 2217
f 2210 2217 2216
f 2215 2219 2220
f 2215 2220 2217
f 2211 2218 2220
f 2211 2220 2219
f 2218 2213 2214
f 2218 2214 2220
f 2214 2217 2220
f 2221 2224 2226
f 2221 2226 2225
f 2224 2228 2229
f 2224 2229 2226
f 2222 2227 2229
f 2222 2229 2228
f 2227 2231 2232
f 2227 2232 2229
f 2223 2230 2232
f 2223 2232 2231
f 2230 2225 2226
f 2230 2226 2232
f 2226 2229 2232
f 2233 2236 2238
f 2233 2238 2237
f 2236 2240 2241
f 2236 2241 2238
f 2234 2239 2241
f 2234 2241 2240
f 2239 2243 2244
f 2239 2244 2241
f 2235 2242 2244
f 2235 2244 2243
f 2242 2237 2238
f 2242 2238 2244
f 2238 2241 2244
f 2173 2149 2153
f 2173 2153 2176
f 2176 2153 2158
f 2176 2158 2180
f 2180 2158 2151
f 2180 2151 2174
f 2150 2161 2165
f 2150 2165 2155
f 2155 2165 2170
f 2155 2170 2159
f 2159 2170 2163
f 2159 2163 2151
f 2162 2185 2189
f 2162 2189 2167
f 2167 2189 2194
f 2167 2194 2171
f 2171 2194 2187
f 2171 2187 2163
f 2186 2175 2183
f 2186 2183 2191
f 2191 2183 2179
f 2191 2179 2195
f 2195 2179 2174
f 2195 2174 2187
f 2221 2173 2177
f 2221 2177 2224
f 2224 2177 2182
f 2224 2182 2228
f 2228 2182 2175
f 2228 2175 2222
f 2185 2233 2237
f 2185 2237 2188
f 2188 2237 2242
f 2188 2242 2192
f 2192 2242 2235
f 2192 2235 2186
f 2234 2223 2231
f 2234 2231 2239
f 2239 2231 2227
f 2239 2227 2243
f 2243 2227 2222
f 2243 2222 2235
f 2197 2221 2225
f 2197 2225 2200
f 2200 2225 2230
f 2200 2230 2204
f 2204 2230 2223
f 2204 2223 2198
f 2233 2209 2213
f 2233 2213 2236
f 2236 2213 2218
f 2236 2218 2240
f 2240 2218 2211
f 2240 2211 2234
f 2210 2199 2207
f 2210 2207 2215
f 2215 2207 2203
f 2215 2203 2219
f 2219 2203 2198
f 2219 2198 2211
f 2149 2197 2201
f 2149 2201 2152
f 2152 2201 2206
f 2152 2206 2156
f 2156 2206 2199
f 2156 2199 2150
f 2209 2162 2168
f 2209 2168 2212
f 2212 2168 2164
f 2212 2164 2216
f 2216 2164 2161
f 2216 2161 2210
f 2173 2221 2197
f 2173 2197 2149
f 2151 2163 2187
f 2151 2187 2174
f 2199 2210 2161
f 2199 2161 2150
f 2233 2185 2162
f 2233 2162 2209
f 2175 2186 2235
f 2175 2235 2222
f 2223 2234 2211
f 2223 2211 2198
v 0.3200000 -0.3180000 0.6950000
v 0.3200000 -0.3180000 0.9350000
v 0.3131117 -0.3166299 0.6950000
v 0.3131117 -0.3166299 0.9350000
v 0.3072721 -0.3127279 0.6950000
v 0.3072721 -0.3127279 0.9350000
v 0.3033702 -0.3068883 0.6950000
v 0.3033702 -0.3068883 0.9350000
v 0.3020000 -0.3000000 0.6950000
v 0.3020000 -0.3000000 0.9350000
v 0.3033701 -0.2931117 0.6950000
v 0.3033701 -0.2931117 0.9350000
v 0.3072721 -0.2872721 0.6950000
v 0.3072721 -0.2872721 0.9350000
v 0.3131117 -0.2833702 0.6950000
v 0.3131117 -0.2833702 0.9350000
v 0.3200000 -0.2820000 0.6950000
v 0.3200000 -0.2820000 0.9350000
v 0.3268883 -0.2833702 0.6950000
v 0.3268883 -0.2833702 0.9350000
v 0.3327279 -0.2872721 0.6950000
v 0.3327279 -0.2872721 0.9350000
v 0.3366298 -0.2931117 0.6950000
v 0.3366298 -0.2931117 0.9350000
v 0.3380000 -0.3000000 0.6950000
v 0.3380000 -0.3000000 0.9350000
v 0.3366298 -0.3068883 0.6950000
v 0.3366298 -0.3068883 0.9350000
v 0.3327279 -0.3127279 0.6950000
v 0.3327279 -0.3127279 0.9350000
v 0.3268883 -0.3166298 0.6950000
v 0.3268883 -0.3166298 0.9350000
f 2245 2246 2248
f 2245 2248 2247
f 2247 2248 2250
f 2247 2250 2249
f 2249 2250 2252
f 2249 2252 2251
f 2251 2252 2254
f 2251 2254 2253
f 2253 2254 2256
f 2253 2256 2255
f 2255 2256 2258
f 2255 2258 2257
f 2257 2258 2260
f 2257 2260 2259
f 2259 2260 2262
f 2259 2262 2261
f 2261 2262 2264
f 2261 2264 2263
f 2263 2264 2266
f 2263 2266 2265
f 2265 2266 2268
f 2265 2268 2267
f 2267 2268 2270
f 2267 2270 2269
f 2269 2270 2272
f 2269 2272 2271
f 2271 2272 2274
f 2271 2274 2273
f 2250 2248 2246
f 2246 2276 2274
f 2274 2272 2270
f 2270 2268 2266
f 2266 2264 2262
f 2262 2260 2258
f 2258 2256 2254
f 2254 2252 2250
f 2250 2246 2274
f 2274 2270 2266
f 2266 2262 2258
f 2258 2254 2250
f 2250 2274 2266
f 2266 2258 2250
f 2273 2274 2276
f 2273 2276 2275
f 2275 2276 2246
f 2275 2246 2245
f 2275 2245 2247
f 2247 2249 2251
f 2251 2253 2255
f 2255 2257 2259
f 2259 2261 2263
f 2263 2265 2267
f 2267 2269 2271
f 2271 2273 2275
f 2275 2247 2251
f 2251 2255 2259
f 2259 2263 2267
f 2267 2271 2275
f 2275 2251 2259
f 2259 2267 2275
v 0.3200000 0.2820000 0.6950000
v 0.3200000 0.2820000 0.9350000
v 0.3131117 0.2833702 0.6950000
v 0.3131117 0.2833702 0.9350000
v 0.3072721 0.2872721 0.6950000
v 0.3072721 0.2872721 0.9350000
v 0.3033702 0.2931117 0.6950000
v 0.3033702 0.2931117 0.9350000
v 0.3020000 0.3000000 0.6950000
v 0.3020000 0.3000000 0.9350000
v 0.3033701 0.3068883 0.6950000
v 0.3033701 0.3068883 0.9350000
v 0.3072721 0.3127279 0.6950000
v 0.3072721 0.3127279 0.9350000
v 0.3131117 0.3166298 0.6950000
v 0.3131117 0.3166298 0.9350000
v 0.3200000 0.3180000 0.6950000
v 0.3200000 0.3180000 0.9350000
v 0.3268883 0.3166299 0.6950000
v 0.3268883 0.3166299 0.9350000
v 0.3327279 0.3127279 0.6950000
v 0.3327279 0.3127279 0.9350000
v 0.3366298 0.3068883 0.6950000
v 0.3366298 0.3068883 0.9350000
v 0.3380000 0.3000000 0.6950000
v 0.3380000 0.3000000 0.9350000
v 0.3366298 0.2931117 0.6950000
v 0.3366298 0.2931117 0.9350000
v 0.3327279 0.2872721 0.6950000
v 0.3327279 0.2872721 0.9350000
v 0.3268883 0.2833702 0.6950000
v 0.3268883 0.2833702 0.9350000
f 2277 2278 2280
f 2277 2280 2279
f 2279 2280 2282
f 2279 2282 2281
f 2281 2282 2284
f 2281 2284 2283
f 2283 2284 2286
f 2283 2286 2285
f 2285 2286 2288
f 2285 2288 2287
f 2287 2288 2290
f 2287 2290 2289
f 2289 2290 2292
f 2289 2292 2291
f 2291 2292 2294
f 2291 2294 2293
f 2293 2294 2296
f 2293 2296 2295
f 2295 2296 2298
f 2295 2298 2297
f 2297 2298 2300
f 2297 2300 2299
f 2299 2300 2302
f 2299 2302 2301
f 2301 2302 2304
f 2301 2304 2303
f 2303 2304 2306
f 2303 2306 2305
f 2282 2280 2278
f 2278 2308 2306
f 2306 2304 2302
f 2302 2300 2298
f 2298 2296 2294
f 2294 2292 2290
f 2290 2288 2286
f 2286 2284 2282
f 2282 2278 2306
f 2306 2302 2298
f 2298 2294 2290
f 2290 2286 2282
f 2282 2306 2298
f 2298 2290 2282
f 2305 2306 2308
f 2305 2308 2307
f 2307 2308 2278
f 2307 2278 2277
f 2307 2277 2279
f 2279 2281 2283
f 2283 2285 2287
f 2287 2289 2291
f 2291 2293 2295
f 2295 2297 2299
f 2299 2301 2303
f 2303 2305 2307
f 2307 2279 2283
f 2283 2287 2291
f 2291 2295 2299
f 2299 2303 2307
f 2307 2283 2291
f 2291 2299 2307
v 0.6400000 -0.3180000 0.6950000
v 0.6400000 -0.3180000 0.9350000
v 0.6331117 -0.3166299 0.6950000
v 0.6331117 -0.3166299 0.9350000
v 0.6272721 -0.3127279 0.6950000
v 0.6272721 -0.3127279 0.9350000
v 0.6233702 -0.3068883 0.6950000
v 0.6233702 -0.3068883 0.9350000
v 0.6220000 -0.3000000 0.6950000
v 0.6220000 -0.3000000 0.9350000
v 0.6233702 -0.2931117 0.6950000
v 0.6233702 -0.2931117 0.9350000
v 0.6272721 -0.2872721 0.6950000
v 0.6272721 -0.2872721 0.9350000
v 0.6331117 -0.2833702 0.6950000
v 0.6331117 -0.2833702 0.9350000
v 0.6400000 -0.2820000 0.6950000
v 0.6400000 -0.2820000 0.9350000
v 0.6468883 -0.2833702 0.6950000
v 0.6468883 -0.2833702 0.9350000
v 0.6527279 -0.2872721 0.6950000
v 0.6527279 -0.2872721 0.9350000
v 0.6566298 -0.2931117 0.6950000
v 0.6566298 -0.2931117 0.9350000
v 0.6580000 -0.3000000 0.6950000
v 0.6580000 -0.3000000 0.9350000
v 0.6566298 -0.3068883 0.6950000
v 0.6566298 -0.3068883 0.9350000
v 0.6527279 -0.3127279 0.6950000
v 0.6527279 -0.3127279 0.9350000
v 0.6468883 -0.3166298 0.6950000
v 0.6468883 -0.3166298 0.9350000
f 2309 2310 2312
f 2309 2312 2311
f 2311 2312 2314
f 2311 2314 2313
f 2313 2314 2316
f 2313 2316 2315
f 2315 2316 2318
f 2315 2318 2317
f 2317 2318 2320
f 2317 2320 2319
f 2319 2320 2322
f 2319 2322 2321
f 2321 2322 2324
f 2321 2324 2323
f 2323 2324 2326
f 2323 2326 2325
f 2325 2326 2328
f 2325 2328 2327
f 2327 2328 2330
f 2327 2330 2329
f 2329 2330 2332
f 2329 2332 2331
f 2331 2332 2334
f 2331 2334 2333
f 2333 2334 2336
f 2333 2336 2335
f 2335 2336 2338
f 2335 2338 2337
f 2314 2312 2310
f 2310 2340 2338
f 2338 2336 2334
f 2334 2332 2330
f 2330 2328 2326
f 2326 2324 2322
f 2322 2320 2318
f 2318 2316 2314
f 2314 2310 2338
f 2338 2334 2330
f 2330 2326 2322
f 2322 2318 2314
f 2314 2338 2330
f 2330 2322 2314
f 2337 2338 2340
f 2337 2340 2339
f 2339 2340 2310
f 2339 2310 2309
f 2339 2309 2311
f 2311 2313 2315
f 2315 2317 2319
f 2319 2321 2323
f 2323 2325 2327
f 2327 2329 2331
f 2331 2333 2335
f 2335 2337 2339
f 2339 2311 2315
f 2315 2319 2323
f 2323 2327 2331
f 2331 2335 2339
f 2339 2315 2323
f 2323 2331 2339
v 0.6400000 0.2820000 0.6950000
v 0.6400000 0.2820000 0.9350000
v 0.6331117 0.2833702 0.6950000
v 0.6331117 0.2833702 0.9350000
v 0.6272721 0.2872721 0.6950000
v 0.6272721 0.2872721 0.9350000
v 0.6233702 0.2931117 0.6950000
v 0.6233702 0.2931117 0.9350000
v 0.6220000 0.3000000 0.6950000
v 0.6220000 0.3000000 0.9350000
v 0.6233702 0.3068883 0.6950000
v 0.6233702 0.3068883 0.9350000
v 0.6272721 0.3127279 0.6950000
v 0.6272721 0.3127279 0.9350000
v 0.6331117 0.3166298 0.6950000
v 0.6331117 0.3166298 0.9350000
v 0.6400000 0.3180000 0.6950000
v 0.6400000 0.3180000 0.9350000
v 0.6468883 0.3166299 0.6950000
v 0.6468883 0.3166299 0.9350000
v 0.6527279 0.3127279 0.6950000
v 0.6527279 0.3127279 0.9350000
v 0.6566298 0.3068883 0.6950000
v 0.6566298 0.3068883 0.9350000
v 0.6580000 0.3000000 0.6950000
v 0.6580000 0.3000000 0.9350000
v 0.6566298 0.2931117 0.6950000
v 0.6566298 0.2931117 0.9350000
v 0.6527279 0.2872721 0.6950000
v 0.6527279 0.2872721 0.9350000
v 0.6468883 0.2833702 0.6950000
v 0.6468883 0.2833702 0.9350000
f 2341 2342 2344
f 2341 2344 2343
f 2343 2344 2346
f 2343 2346 2345
f 2345 2346 2348
f 2345 2348 2347
f 2347 2348 2350
f 2347 2350 2349
f 2349 2350 2352
f 2349 2352 2351
f 2351 2352 2354
f 2351 2354 2353
f 2353 2354 2356
f 2353 2356 2355
f 2355 2356 2358
f 2355 2358 2357
f 2357 2358 2360
f 2357 2360 2359
f 2359 2360 2362
f 2359 2362 2361
f 2361 2362 2364
f 2361 2364 2363
f 2363 2364 2366
f 2363 2366 2365
f 2365 2366 2368
f 2365 2368 2367
f 2367 2368 2370
f 2367 2370 2369
f 2346 2344 2342
f 2342 2372 2370
f 2370 2368 2366
f 2366 2364 2362
f 2362 2360 2358
f 2358 2356 2354
f 2354 2352 2350
f 2350 2348 2346
f 2346 2342 2370
f 2370 2366 2362
f 2362 2358 2354
f 2354 2350 2346
f 2346 2370 2362
f 2362 2354 2346
f 2369 2370 2372
f 2369 2372 2371
f 2371 2372 2342
f 2371 2342 2341
f 2371 2341 2343
f 2343 2345 2347
f 2347 2349 2351
f 2351 2353 2355
f 2355 2357 2359
f 2359 2361 2363
f 2363 2365 2367
f 2367 2369 2371
f 2371 2343 2347
f 2347 2351 2355
f 2355 2359 2363
f 2363 2367 2371
f 2371 2347 2355
f 2355 2363 2371
v 0.2670000 -0.4880000 0.9350000
v 0.2670000 -0.5000000 0.9470000
v 0.2550000 -0.4880000 0.9470000
v 0.2670000 -0.4939921 0.9366031
v 0.2610078 -0.4880000 0.9366031
v 0.2612614 -0.4937386 0.9381604
v 0.2610078 -0.4983969 0.9470000
v 0.2670000 -0.4983969 0.9410079
v 0.2612614 -0.4968396 0.9412615
v 0.2566031 -0.4880000 0.9410079
v 0.2566031 -0.4939921 0.9470000
v 0.2581604 -0.4937386 0.9412615
v 0.2670000 -0.5000000 0.9530000
v 0.2670000 -0.4880000 0.9650000
v 0.2550000 -0.4880000 0.9530000
v 0.2670000 -0.4983969 0.9589921
v 0.2610078 -0.4983969 0.9530000
v 0.2612614 -0.4968396 0.9587385
v 0.2610078 -0.4880000 0.9633968
v 0.2670000 -0.4939921 0.9633968
v 0.2612614 -0.4937386 0.9618396
v 0.2566031 -0.4939921 0.9530000
v 0.2566031 -0.4880000 0.9589921
v 0.2581604 -0.4937386 0.9587385
v 0.2670000 0.4880000 0.9350000
v 0.2550000 0.4880000 0.9470000
v 0.2670000 0.5000000 0.9470000
v 0.2610078 0.4880000 0.9366031
v 0.2670000 0.4939921 0.9366031
v 0.2612614 0.4937386 0.9381604
v 0.2566031 0.4939921 0.9470000
v 0.2566031 0.4880000 0.9410079
v 0.2581604 0.4937386 0.9412615
v 0.2670000 0.4983969 0.9410079
v 0.2610078 0.4983969 0.9470000
v 0.2612614 0.4968396 0.9412615
v 0.2670000 0.4880000 0.9650000
v 0.2670000 0.5000000 0.9530000
v 0.2550000 0.4880000 0.9530000
v 0.2670000 0.4939921 0.9633968
v 0.2610078 0.4880000 0.9633968
v 0.2612614 0.4937386 0.9618396
v 0.2610078 0.4983969 0.9530000
v 0.2670000 0.4983969 0.9589921
v 0.2612614 0.4968396 0.9587385
v 0.2566031 0.4880000 0.9589921
v 0.2566031 0.4939921 0.9530000
v 0.2581604 0.4937386 0.9587385
v 0.6930000 -0.4880000 0.9350000
v 0.7050000 -0.4880000 0.9470000
v 0.6930000 -0.5000000 0.9470000
v 0.6989921 -0.4880000 0.9366031
v 0.6930000 -0.4939921 0.9366031
v 0.6987386 -0.4937386 0.9381604
v 0.7033969 -0.4939921 0.9470000
v 0.7033969 -0.4880000 0.9410079
v 0.7018396 -0.4937386 0.9412615
v 0.6930000 -0.4983969 0.9410079
v 0.6989921 -0.4983969 0.9470000
v 0.6987386 -0.4968396 0.9412615
v 0.6930000 -0.4880000 0.9650000
v 0.6930000 -0.5000000 0.9530000
v 0.7050000 -0.4880000 0.9530000
v 0.6930000 -0.4939921 0.9633968
v 0.6989921 -0.4880000 0.9633968
v 0.6987386 -0.4937386 0.9618396
v 0.6989921 -0.4983969 0.9530000
v 0.6930000 -0.4983969 0.9589921
v 0.6987386 -0.4968396 0.9587385
v 0.7033969 -0.4880000 0.9589921
v 0.7033969 -0.4939921 0.9530000
v 0.7018396 -0.4937386 0.9587385
v 0.6930000 0.4880000 0.9350000
v 0.6930000 0.5000000 0.9470000
v 0.7050000 0.4880000 0.9470000
v 0.6930000 0.4939921 0.9366031
v 0.6989921 0.4880000 0.9366031
v 0.6987386 0.4937386 0.9381604
v 0.6989921 0.4983969 0.9470000
v 0.6930000 0.4983969 0.9410079
v 0.6987386 0.4968396 0.9412615
v 0.7033969 0.4880000 0.9410079
v 0.7033969 0.4939921 0.9470000
v 0.7018396 0.4937386 0.9412615
v 0.6930000 0.4880000 0.9650000
v 0.7050000 0.4880000 0.9530000
v 0.6930000 0.5000000 0.9530000
v 0.6989921 0.4880000 0.9633968
v 0.6930000 0.4939921 0.9633968
v 0.6987386 0.4937386 0.9618396
v 0.7033969 0.4939921 0.9530000
v 0.7033969 0.4880000 0.9589921
v 0.7018396 0.4937386 0.9587385
v 0.6930000 0.4983969 0.9589921
v 0.6989921 0.4983969 0.9530000
v 0.6987386 0.4968396 0.9587385
f 2373 2376 2378
f 2373 2378 2377
f 2376 2380 2381
f 2376 2381 2378
f 2374 2379 2381
f 2374 2381 2380
f 2379 2383 2384
f 2379 2384 2381
f 2375 2382 2384
f 2375 2384 2383
f 2382 2377 2378
f 2382 2378 2384
f 2378 2381 2384
f 2385 2388 2390
f 2385 2390 2389
f 2388 2392 2393
f 2388 2393 2390
f 2386 2391 2393
f 2386 2393 2392
f 2391 2395 2396
f 2391 2396 2393
f 2387 2394 2396
f 2387 2396 2395
f 2394 2389 2390
f 2394 2390 2396
f 2390 2393 2396
f 2397 2400 2402
f 2397 2402 2401
f 2400 2404 2405
f 2400 2405 2402
f 2398 2403 2405
f 2398 2405 2404
f 2403 2407 2408
f 2403 2408 2405
f 2399 2406 2408
f 2399 2408 2407
f 2406 2401 2402
f 2406 2402 2408
f 2402 2405 2408
f 2409 2412 2414
f 2409 2414 2413
f 2412 2416 2417
f 2412 2417 2414
f 2410 2415 2417
f 2410 2417 2416
f 2415 2419 2420
f 2415 2420 2417
f 2411 2418 2420
f 2411 2420 2419
f 2418 2413 2414
f 2418 2414 2420
f 2414 2417 2420
f 2421 2424 2426
f 2421 2426 2425
f 2424 2428 2429
f 2424 2429 2426
f 2422 2427 2429
f 2422 2429 2428
f 2427 2431 2432
f 2427 2432 2429
f 2423 2430 2432
f 2423 2432 2431
f 2430 2425 2426
f 2430 2426 2432
f 2426 2429 2432
f 2433 2436 2438
f 2433 2438 2437
f 2436 2440 2441
f 2436 2441 2438
f 2434 2439 2441
f 2434 2441 2440
f 2439 2443 2444
f 2439 2444 2441
f 2435 2442 2444
f 2435 2444 2443
f 2442 2437 2438
f 2442 2438 2444
f 2438 2441 2444
f 2445 2448 2450
f 2445 2450 2449
f 2448 2452 2453
f 2448 2453 2450
f 2446 2451 2453
f 2446 2453 2452
f 2451 2455 2456
f 2451 2456 2453
f 2447 2454 2456
f 2447 2456 2455
f 2454 2449 2450
f 2454 2450 2456
f 2450 2453 2456
f 2457 2460 2462
f 2457 2462 2461
f 2460 2464 2465
f 2460 2465 2462
f 2458 2463 2465
f 2458 2465 2464
f 2463 2467 2468
f 2463 2468 2465
f 2459 2466 2468
f 2459 2468 2467
f 2466 2461 2462
f 2466 2462 2468
f 2462 2465 2468
f 2397 2373 2377
f 2397 2377 2400
f 2400 2377 2382
f 2400 2382 2404
f 2404 2382 2375
f 2404 2375 2398
f 2374 2385 2389
f 2374 2389 2379
f 2379 2389 2394
f 2379 2394 2383
f 2383 2394 2387
f 2383 2387 2375
f 2386 2409 2413
f 2386 2413 2391
f 2391 2413 2418
f 2391 2418 2395
f 2395 2418 2411
f 2395 2411 2387
f 2410 2399 2407
f 2410 2407 2415
f 2415 2407 2403
f 2415 2403 2419
f 2419 2403 2398
f 2419 2398 2411
f 2445 2397 2401
f 2445 2401 2448
f 2448 2401 2406
f 2448 2406 2452
f 2452 2406 2399
f 2452 2399 2446
f 2409 2457 2461
f 2409 2461 2412
f 2412 2461 2466
f 2412 2466 2416
f 2416 2466 2459
f 2416 2459 2410
f 2458 2447 2455
f 2458 2455 2463
f 2463 2455 2451
f 2463 2451 2467
f 2467 2451 2446
f 2467 2446 2459
f 2421 2445 2449
f 2421 2449 2424
f 2424 2449 2454
f 2424 2454 2428
f 2428 2454 2447
f 2428 2447 2422
f 2457 2433 2437
f 2457 2437 2460
f 2460 2437 2442
f 2460 2442 2464
f 2464 2442 2435
f 2464 2435 2458
f 2434 2423 2431
f 2434 2431 2439
f 2439 2431 2427
f 2439 2427 2443
f 2443 2427 2422
f 2443 2422 2435
f 2373 2421 2425
f 2373 2425 2376
f 2376 2425 2430
f 2376 2430 2380
f 2380 2430 2423
f 2380 2423 2374
f 2433 2386 2392
f 2433 2392 2436
f 2436 2392 2388
f 2436 2388 2440
f 2440 2388 2385
f 2440 2385 2434
f 2397 2445 2421
f 2397 2421 2373
f 2375 2387 2411
f 2375 2411 2398
f 2423 2434 2385
f 2423 2385 2374
f 2457 2409 2386
f 2457 2386 2433
f 2399 2410 2459
f 2399 2459 2446
f 2447 2458 2435
f 2447 2435 2422
v 0.3100000 -0.4500000 0.9650000
v 0.3100000 -0.4800000 0.9950000
v 0.2800000 -0.4500000 0.9950000
v 0.3100000 -0.4649802 0.9690079
v 0.2950197 -0.4499999 0.9690079
v 0.2956536 -0.4643463 0.9729010
v 0.2950197 -0.4759921 0.9950000
v 0.3100000 -0.4759921 0.9800197
v 0.2956536 -0.4720989 0.9806536
v 0.2840079 -0.4499999 0.9800197
v 0.2840079 -0.4649802 0.9950000
v 0.2879010 -0.4643463 0.9806536
v 0.3100000 -0.4800000 1.0150000
v 0.3100000 -0.4500000 1.0450000
v 0.2800000 -0.4500000 1.0150000
v 0.3100000 -0.4759921 1.0299803
v 0.2950197 -0.4759921 1.0150000
v 0.2956536 -0.4720989 1.0293463
v 0.2950197 -0.4499999 1.0409921
v 0.3100000 -0.4649802 1.0409921
v 0.2956536 -0.4643463 1.0370990
v 0.2840079 -0.4649802 1.0150000
v 0.2840079 -0.4499999 1.0299803
v 0.2879010 -0.4643463 1.0293463
v 0.3100000 0.4500000 0.9650000
v 0.2800000 0.4500000 0.9950000
v 0.3100000 0.4800000 0.9950000
v 0.2950197 0.4500000 0.9690079
v 0.3100000 0.4649803 0.9690079
v 0.2956536 0.4643463 0.9729010
v 0.2840079 0.4649803 0.9950000
v 0.2840079 0.4500000 0.9800197
v 0.2879010 0.4643463 0.9806536
v 0.3100000 0.4759921 0.9800197
v 0.2950197 0.4759921 0.9950000
v 0.2956536 0.4720990 0.9806536
v 0.3100000 0.4500000 1.0450000
v 0.3100000 0.4800000 1.0150000
v 0.2800000 0.4500000 1.0150000
v 0.3100000 0.4649802 1.0409921
v 0.2950197 0.4499999 1.0409921
v 0.2956536 0.4643463 1.0370990
v 0.2950197 0.4759921 1.0150000
v 0.3100000 0.4759921 1.0299803
v 0.2956536 0.4720989 1.0293463
v 0.2840079 0.4499999 1.0299803
v 0.2840079 0.4649802 1.0150000
v 0.2879010 0.4643463 1.0293463
v 0.6600000 -0.4500000 0.9650000
v 0.6900000 -0.4500000 0.9950000
v 0.6600000 -0.4800000 0.9950000
v 0.6749803 -0.4500000 0.9690079
v 0.6600000 -0.4649803 0.9690079
v 0.6743464 -0.4643463 0.9729010
v 0.6859921 -0.4649803 0.9950000
v 0.6859921 -0.4500000 0.9800197
v 0.6820990 -0.4643463 0.9806536
v 0.6600000 -0.4759921 0.9800197
v 0.6749803 -0.4759921 0.9950000
v 0.6743464 -0.4720990 0.9806536
v 0.6600000 -0.4500000 1.0450000
v 0.6600000 -0.4800000 1.0150000
v 0.6900000 -0.4500000 1.0150000
v 0.6600000 -0.4649802 1.0409921
v 0.6749803 -0.4499999 1.0409921
v 0.6743464 -0.4643463 1.0370990
v 0.6749803 -0.4759921 1.0150000
v 0.6600000 -0.4759921 1.0299803
v 0.6743464 -0.4720989 1.0293463
v 0.6859921 -0.4499999 1.0299803
v 0.6859921 -0.4649802 1.0150000
v 0.6820990 -0.4643463 1.0293463
v 0.6600000 0.4500000 0.9650000
v 0.6600000 0.4800000 0.9950000
v 0.6900000 0.4500000 0.9950000
v 0.6600000 0.4649802 0.9690079
v 0.6749803 0.4499999 0.9690079
v 0.6743464 0.4643463 0.9729010
v 0.6749803 0.4759921 0.9950000
v 0.6600000 0.4759921 0.9800197
v 0.6743464 0.4720989 0.9806536
v 0.6859921 0.4499999 0.9800197
v 0.6859921 0.4649802 0.9950000
v 0.6820990 0.4643463 0.9806536
v 0.6600000 0.4500000 1.0450000
v 0.6900000 0.4500000 1.0150000
v 0.6600000 0.4800000 1.0150000
v 0.6749803 0.4500000 1.0409921
v 0.6600000 0.4649803 1.0409921
v 0.6743464 0.4643463 1.0370990
v 0.6859921 0.4649803 1.0150000
v 0.6859921 0.4500000 1.0299803
v 0.6820990 0.4643463 1.0293463
v 0.6600000 0.4759921 1.0299803
v 0.6749803 0.4759921 1.0150000
v 0.6743464 0.4720990 1.0293463
f 2469 2472 2474
f 2469 2474 2473
f 2472 2476 2477
f 2472 2477 2474
f 2470 2475 2477
f 2470 2477 2476
f 2475 2479 2480
f 2475 2480 2477
f 2471 2478 2480
f 2471 2480 2479
f 2478 2473 2474
f 2478 2474 2480
f 2474 2477 2480
f 2481 2484 2486
f 2481 2486 2485
f 2484 2488 2489
f 2484 2489 2486
f 2482 2487 2489
f 2482 2489 2488
f 2487 2491 2492
f 2487 2492 2489
f 2483 2490 2492
f 2483 2492 2491
f 2490 2485 2486
f 2490 2486 2492
f 2486 2489 2492
f 2493 2496 2498
f 2493 2498 2497
f 2496 2500 2501
f 2496 2501 2498
f 2494 2499 2501
f 2494 2501 2500
f 2499 2503 2504
f 2499 2504 2501
f 2495 2502 2504
f 2495 2504 2503
f 2502 2497 2498
f 2502 2498 2504
f 2498 2501 2504
f 2505 2508 2510
f 2505 2510 2509
f 2508 2512 2513
f 2508 2513 2510
f 2506 2511 2513
f 2506 2513 2512
f 2511 2515 2516
f 2511 2516 2513
f 2507 2514 2516
f 2507 2516 2515
f 2514 2509 2510
f 2514 2510 2516
f 2510 2513 2516
f 2517 2520 2522
f 2517 2522 2521
f 2520 2524 2525
f 2520 2525 2522
f 2518 2523 2525
f 2518 2525 2524
f 2523 2527 2528
f 2523 2528 2525
f 2519 2526 2528
f 2519 2528 2527
f 2526 2521 2522
f 2526 2522 2528
f 2522 2525 2528
f 2529 2532 2534
f 2529 2534 2533
f 2532 2536 2537
f 2532 2537 2534
f 2530 2535 2537
f 2530 2537 2536
f 2535 2539 2540
f 2535 2540 2537
f 2531 2538 2540
f 2531 2540 2539
f 2538 2533 2534
f 2538 2534 2540
f 2534 2537 2540
f 2541 2544 2546
f 2541 2546 2545
f 2544 2548 2549
f 2544 2549 2546
f 2542 2547 2549
f 2542 2549 2548
f 2547 2551 2552
f 2547 2552 2549
f 2543 2550 2552
f 2543 2552 2551
f 2550 2545 2546
f 2550 2546 2552
f 2546 2549 2552
f 2553 2556 2558
f 2553 2558 2557
f 2556 2560 2561
f 2556 2561 2558
f 2554 2559 2561
f 2554 2561 2560
f 2559 2563 2564
f 2559 2564 2561
f 2555 2562 2564
f 2555 2564 2563
f 2562 2557 2558
f 2562 2558 2564
f 2558 2561 2564
f 2493 2469 2473
f 2493 2473 2496
f 2496 2473 2478
f 2496 2478 2500
f 2500 2478 2471
f 2500 2471 2494
f 2470 2481 2485
f 2470 2485 2475
f 2475 2485 2490
f 2475 2490 2479
f 2479 2490 2483
f 2479 2483 2471
f 2482 2505 2509
f 2482 2509 2487
f 2487 2509 2514
f 2487 2514 2491
f 2491 2514 2507
f 2491 2507 2483
f 2506 2495 2503
f 2506 2503 2511
f 2511 2503 2499
f 2511 2499 2515
f 2515 2499 2494
f 2515 2494 2507
f 2541 2493 2497
f 2541 2497 2544
f 2544 2497 2502
f 2544 2502 2548
f 2548 2502 2495
f 2548 2495 2542
f 2505 2553 2557
f 2505 2557 2508
f 2508 2557 2562
f 2508 2562 2512
f 2512 2562 2555
f 2512 2555 2506
f 2554 2543 2551
f 2554 2551 2559
f 2559 2551 2547
f 2559 2547 2563
f 2563 2547 2542
f 2563 2542 2555
f 2517 2541 2545
f 2517 2545 2520
f 2520 2545 2550
f 2520 2550 2524
f 2524 2550 2543
f 2524 2543 2518
f 2553 2529 2533
f 2553 2533 2556
f 2556 2533 2538
f 2556 2538 2560
f 2560 2538 2531
f 2560 2531 2554
f 2530 2519 2527
f 2530 2527 2535
f 2535 2527 2523
f 2535 2523 2539
f 2539 2523 2518
f 2539 2518 2531
f 2469 2517 2521
f 2469 2521 2472
f 2472 2521 2526
f 2472 2526 2476
f 2476 2526 2519
f 2476 2519 2470
f 2529 2482 2488
f 2529 2488 2532
f 2532 2488 2484
f 2532 2484 2536
f 2536 2484 2481
f 2536 2481 2530
f 2493 2541 2517
f 2493 2517 2469
f 2471 2483 2507
f 2471 2507 2494
f 2519 2530 2481
f 2519 2481 2470
f 2553 2505 2482
f 2553 2482 2529
f 2495 2506 2555
f 2495 2555 2542
f 2543 2554 2531
f 2543 2531 2518
v 0.9950000 -0.4550000 0.9600000
v 0.9950000 -0.4800000 0.9850000
v 0.9700000 -0.4550000 0.9850000
v 0.9950000 -0.4674835 0.9633399
v 0.9825164 -0.4549999 0.9633399
v 0.9830447 -0.4669552 0.9665841
v 0.9825164 -0.4766600 0.9850000
v 0.9950000 -0.4766600 0.9725164
v 0.9830447 -0.4734157 0.9730447
v 0.9733399 -0.4549999 0.9725164
v 0.9733399 -0.4674835 0.9850000
v 0.9765842 -0.4669552 0.9730447
v 0.9950000 -0.4800000 1.3149999
v 0.9950000 -0.4550000 1.3399999
v 0.9700000 -0.4550000 1.3149999
v 0.9950000 -0.4766600 1.3274835
v 0.9825164 -0.4766600 1.3149999
v 0.9830447 -0.4734157 1.3269553
v 0.9825164 -0.4549999 1.3366600
v 0.9950000 -0.4674835 1.3366600
v 0.9830447 -0.4669552 1.3334157
v 0.9733399 -0.4674835 1.3149999
v 0.9733399 -0.4549999 1.3274835
v 0.9765842 -0.4669552 1.3269553
v 0.9950000 0.4550000 0.9600000
v 0.9700000 0.4550000 0.9850000
v 0.9950000 0.4800000 0.9850000
v 0.9825164 0.4550000 0.9633399
v 0.9950000 0.4674836 0.9633399
v 0.9830447 0.4669553 0.9665841
v 0.9733399 0.4674836 0.9850000
v 0.9733399 0.4550000 0.9725164
v 0.9765842 0.4669553 0.9730447
v 0.9950000 0.4766601 0.9725164
v 0.9825164 0.4766601 0.9850000
v 0.9830447 0.4734158 0.9730447
v 0.9950000 0.4550000 1.3399999
v 0.9950000 0.4800000 1.3149999
v 0.9700000 0.4550000 1.3149999
v 0.9950000 0.4674835 1.3366600
v 0.9825164 0.4549999 1.3366600
v 0.9830447 0.4669552 1.3334157
v 0.9825164 0.4766600 1.3149999
v 0.9950000 0.4766600 1.3274835
v 0.9830447 0.4734157 1.3269553
v 0.9733399 0.4549999 1.3274835
v 0.9733399 0.4674835 1.3149999
v 0.9765842 0.4669552 1.3269553
v 1.0050000 -0.4550000 0.9600000
v 1.0300000 -0.4550000 0.9850000
v 1.0050000 -0.4800000 0.9850000
v 1.0174836 -0.4550000 0.9633399
v 1.0050000 -0.4674836 0.9633399
v 1.0169553 -0.4669553 0.9665841
v 1.0266601 -0.4674836 0.9850000
v 1.0266601 -0.4550000 0.9725164
v 1.0234158 -0.4669553 0.9730447
v 1.0050000 -0.4766601 0.9725164
v 1.0174836 -0.4766601 0.9850000
v 1.0169553 -0.4734158 0.9730447
v 1.0050000 -0.4550000 1.3399999
v 1.0050000 -0.4800000 1.3149999
v 1.0300000 -0.4550000 1.3149999
v 1.0050000 -0.4674835 1.3366600
v 1.0174836 -0.4549999 1.3366600
v 1.0169553 -0.4669552 1.3334157
v 1.0174836 -0.4766600 1.3149999
v 1.0050000 -0.4766600 1.3274835
v 1.0169553 -0.4734157 1.3269553
v 1.0266601 -0.4549999 1.3274835
v 1.0266601 -0.4674835 1.3149999
v 1.0234158 -0.4669552 1.3269553
v 1.0050000 0.4550000 0.9600000
v 1.0050000 0.4800000 0.9850000
v 1.0300000 0.4550000 0.9850000
v 1.0050000 0.4674835 0.9633399
v 1.0174836 0.4549999 0.9633399
v 1.0169553 0.4669552 0.9665841
v 1.0174836 0.4766600 0.9850000
v 1.0050000 0.4766600 0.9725164
v 1.0169553 0.4734157 0.9730447
v 1.0266601 0.4549999 0.9725164
v 1.0266601 0.4674835 0.9850000
v 1.0234158 0.4669552 0.9730447
v 1.0050000 0.4550000 1.3399999
v 1.0300000 0.4550000 1.3149999
v 1.0050000 0.4800000 1.3149999
v 1.0174836 0.4550000 1.3366600
v 1.0050000 0.4674836 1.3366600
v 1.0169553 0.4669553 1.3334157
v 1.0266601 0.4674836 1.3149999
v 1.0266601 0.4550000 1.3274835
v 1.0234158 0.4669553 1.3269553
v 1.0050000 0.4766601 1.3274835
v 1.0174836 0.4766601 1.3149999
v 1.0169553 0.4734158 1.3269553
f 2565 2568 2570
f 2565 2570 2569
f 2568 2572 2573
f 2568 2573 2570
f 2566 2571 2573
f 2566 2573 2572
f 2571 2575 2576
f 2571 2576 2573
f 2567 2574 2576
f 2567 2576 2575
f 2574 2569 2570
f 2574 2570 2576
f 2570 2573 2576
f 2577 2580 2582
f 2577 2582 2581
f 2580 2584 2585
f 2580 2585 2582
f 2578 2583 2585
f 2578 2585 2584
f 2583 2587 2588
f 2583 2588 2585
f 2579 2586 2588
f 2579 2588 2587
f 2586 2581 2582
f 2586 2582 2588
f 2582 2585 2588
f 2589 2592 2594
f 2589 2594 2593
f 2592 2596 2597
f 2592 2597 2594
f 2590 2595 2597
f 2590 2597 2596
f 2595 2599 2600
f 2595 2600 2597
f 2591 2598 2600
f 2591 2600 2599
f 2598 2593 2594
f 2598 2594 2600
f 2594 2597 2600
f 2601 2604 2606
f 2601 2606 2605
f 2604 2608 2609
f 2604 2609 2606
f 2602 2607 2609
f 2602 2609 2608
f 2607 2611 2612
f 2607 2612 2609
f 2603 2610 2612
f 2603 2612 2611
f 2610 2605 2606
f 2610 2606 2612
f 2606 2609 2612
f 2613 2616 2618
f 2613 2618 2617
f 2616 2620 2621
f 2616 2621 2618
f 2614 2619 2621
f 2614 2621 2620
f 2619 2623 2624
f 2619 2624 2621
f 2615 2622 2624
f 2615 2624 2623
f 2622 2617 2618
f 2622 2618 2624
f 2618 2621 2624
f 2625 2628 2630
f 2625 2630 2629
f 2628 2632 2633
f 2628 2633 2630
f 2626 2631 2633
f 2626 2633 2632
f 2631 2635 2636
f 2631 2636 2633
f 2627 2634 2636
f 2627 2636 2635
f 2634 2629 2630
f 2634 2630 2636
f 2630 2633 2636
f 2637 2640 2642
f 2637 2642 2641
f 2640 2644 2645
f 2640 2645 2642
f 2638 2643 2645
f 2638 2645 2644
f 2643 2647 2648
f 2643 2648 2645
f 2639 2646 2648
f 2639 2648 2647
f 2646 2641 2642
f 2646 2642 2648
f 2642 2645 2648
f 2649 2652 2654
f 2649 2654 2653
f 2652 2656 2657
f 2652 2657 2654
f 2650 2655 2657
f 2650 2657 2656
f 2655 2659 2660
f 2655 2660 2657
f 2651 2658 2660
f 2651 2660 2659
f 2658 2653 2654
f 2658 2654 2660
f 2654 2657 2660
f 2589 2565 2569
f 2589 2569 2592
f 2592 2569 2574
f 2592 2574 2596
f 2596 2574 2567
f 2596 2567 2590
f 2566 2577 2581
f 2566 2581 2571
f 2571 2581 2586
f 2571 2586 2575
f 2575 2586 2579
f 2575 2579 2567
f 2578 2601 2605
f 2578 2605 2583
f 2583 2605 2610
f 2583 2610 2587
f 2587 2610 2603
f 2587 2603 2579
f 2602 2591 2599
f 2602 2599 2607
f 2607 2599 2595
f 2607 2595 2611
f 2611 2595 2590
f 2611 2590 2603
f 2637 2589 2593
f 2637 2593 2640
f 2640 2593 2598
f 2640 2598 2644
f 2644 2598 2591
f 2644 2591 2638
f 2601 2649 2653
f 2601 2653 2604
f 2604 2653 2658
f 2604 2658 2608
f 2608 2658 2651
f 2608 2651 2602
f 2650 2639 2647
f 2650 2647 2655
f 2655 2647 2643
f 2655 2643 2659
f 2659 2643 2638
f 2659 2638 2651
f 2613 2637 2641
f 2613 2641 2616
f 2616 2641 2646
f 2616 2646 2620
f 2620 2646 2639
f 2620 2639 2614
f 2649 2625 2629
f 2649 2629 2652
f 2652 2629 2634
f 2652 2634 2656
f 2656 2634 2627
f 2656 2627 2650
f 2626 2615 2623
f 2626 2623 2631
f 2631 2623 2619
f 2631 2619 2635
f 2635 2619 2614
f 2635 2614 2627
f 2565 2613 2617
f 2565 2617 2568
f 2568 2617 2622
f 2568 2622 2572
f 2572 2622 2615
f 2572 2615 2566
f 2625 2578 2584
f 2625 2584 2628
f 2628 2584 2580
f 2628 2580 2632
f 2632 2580 2577
f 2632 2577 2626
f 2589 2637 2613
f 2589 2613 2565
f 2567 2579 2603
f 2567 2603 2590
f 2615 2626 2577
f 2615 2577 2566
f 2649 2601 2578
f 2649 2578 2625
f 2591 2602 2651
f 2591 2651 2638
f 2639 2650 2627
f 2639 2627 2614
v 0.2650000 -0.4550000 0.9600000
v 0.2650000 -0.4800000 0.9850000
v 0.2400000 -0.4550000 0.9850000
v 0.2650000 -0.4674835 0.9633399
v 0.2525164 -0.4549999 0.9633399
v 0.2530447 -0.4669552 0.9665841
v 0.2525164 -0.4766600 0.9850000
v 0.2650000 -0.4766600 0.9725164
v 0.2530447 -0.4734157 0.9730446
v 0.2433399 -0.4549999 0.9725164
v 0.2433399 -0.4674835 0.9850000
v 0.2465842 -0.4669552 0.9730446
v 0.2650000 -0.4800000 1.3549999
v 0.2650000 -0.4550000 1.3800000
v 0.2400000 -0.4550000 1.3549999
v 0.2650000 -0.4766600 1.3674836
v 0.2525164 -0.4766600 1.3550000
v 0.2530447 -0.4734157 1.3669553
v 0.2525164 -0.4549999 1.3766601
v 0.2650000 -0.4674835 1.3766601
v 0.2530447 -0.4669552 1.3734158
v 0.2433399 -0.4674835 1.3550000
v 0.2433399 -0.4549999 1.3674836
v 0.2465842 -0.4669552 1.3669553
v 0.2650000 0.4550000 0.9600000
v 0.2400000 0.4550000 0.9850000
v 0.2650000 0.4800000 0.9850000
v 0.2525164 0.4550000 0.9633399
v 0.2650000 0.4674836 0.9633399
v 0.2530447 0.4669553 0.9665841
v 0.2433399 0.4674836 0.9850000
v 0.2433399 0.4550000 0.9725164
v 0.2465842 0.4669553 0.9730446
v 0.2650000 0.4766601 0.9725164
v 0.2525164 0.4766601 0.9850000
v 0.2530447 0.4734158 0.9730446
v 0.2650000 0.4550000 1.3800000
v 0.2650000 0.4800000 1.3549999
v 0.2400000 0.4550000 1.3549999
v 0.2650000 0.4674835 1.3766601
v 0.2525164 0.4549999 1.3766601
v 0.2530447 0.4669552 1.3734158
v 0.2525164 0.4766600 1.3550000
v 0.2650000 0.4766600 1.3674836
v 0.2530447 0.4734157 1.3669553
v 0.2433399 0.4549999 1.3674836
v 0.2433399 0.4674835 1.3550000
v 0.2465842 0.4669552 1.3669553
v 0.2750000 -0.4550000 0.9600000
v 0.3000000 -0.4550000 0.9850000
v 0.2750000 -0.4800000 0.9850000
v 0.2874836 -0.4550000 0.9633399
v 0.2750000 -0.4674836 0.9633399
v 0.2869553 -0.4669553 0.9665841
v 0.2966601 -0.4674836 0.9850000
v 0.2966601 -0.4550000 0.9725164
v 0.2934158 -0.4669553 0.9730446
v 0.2750000 -0.4766601 0.9725164
v 0.2874836 -0.4766601 0.9850000
v 0.2869553 -0.4734158 0.9730446
v 0.2750000 -0.4550000 1.3800000
v 0.2750000 -0.4800000 1.3549999
v 0.3000000 -0.4550000 1.3549999
v 0.2750000 -0.4674835 1.3766601
v 0.2874836 -0.4549999 1.3766601
v 0.2869553 -0.4669552 1.3734158
v 0.2874836 -0.4766600 1.3550000
v 0.2750000 -0.4766600 1.3674836
v 0.2869553 -0.4734157 1.3669553
v 0.2966601 -0.4549999 1.3674836
v 0.2966601 -0.4674835 1.3550000
v 0.2934158 -0.4669552 1.3669553
v 0.2750000 0.4550000 0.9600000
v 0.2750000 0.4800000 0.9850000
v 0.3000000 0.4550000 0.9850000
v 0.2750000 0.4674835 0.9633399
v 0.2874836 0.4549999 0.9633399
v 0.2869553 0.4669552 0.9665841
v 0.2874836 0.4766600 0.9850000
v 0.2750000 0.4766600 0.9725164
v 0.2869553 0.4734157 0.9730446
v 0.2966601 0.4549999 0.9725164
v 0.2966601 0.4674835 0.9850000
v 0.2934158 0.4669552 0.9730446
v 0.2750000 0.4550000 1.3800000
v 0.3000000 0.4550000 1.3549999
v 0.2750000 0.4800000 1.3549999
v 0.2874836 0.4550000 1.3766601
v 0.2750000 0.4674836 1.3766601
v 0.2869553 0.4669553 1.3734158
v 0.2966601 0.4674836 1.3550000
v 0.2966601 0.4550000 1.3674836
v 0.2934158 0.4669553 1.3669553
v 0.2750000 0.4766601 1.3674836
v 0.2874836 0.4766601 1.3550000
v 0.2869553 0.4734158 1.3669553
f 2661 2664 2666
f 2661 2666 2665
f 2664 2668 2669
f 2664 2669 2666
f 2662 2667 2669
f 2662 2669 2668
f 2667 2671 2672
f 2667 2672 2669
f 2663 2670 2672
f 2663 2672 2671
f 2670 2665 2666
f 2670 2666 2672
f 2666 2669 2672
f 2673 2676 2678
f 2673 2678 2677
f 2676 2680 2681
f 2676 2681 2678
f 2674 2679 2681
f 2674 2681 2680
f 2679 2683 2684
f 2679 2684 2681
f 2675 2682 2684
f 2675 2684 2683
f 2682 2677 2678
f 2682 2678 2684
f 2678 2681 2684
f 2685 2688 2690
f 2685 2690 2689
f 2688 2692 2693
f 2688 2693 2690
f 2686 2691 2693
f 2686 2693 2692
f 2691 2695 2696
f 2691 2696 2693
f 2687 2694 2696
f 2687 2696 2695
f 2694 2689 2690
f 2694 2690 2696
f 2690 2693 2696
f 2697 2700 2702
f 2697 2702 2701
f 2700 2704 2705
f 2700 2705 2702
f 2698 2703 2705
f 2698 2705 2704
f 2703 2707 2708
f 2703 2708 2705
f 2699 2706 2708
f 2699 2708 2707
f 2706 2701 2702
f 2706 2702 2708
f 2702 2705 2708
f 2709 2712 2714
f 2709 2714 2713
f 2712 2716 2717
f 2712 2717 2714
f 2710 2715 2717
f 2710 2717 2716
f 2715 2719 2720
f 2715 2720 2717
f 2711 2718 2720
f 2711 2720 2719
f 2718 2713 2714
f 2718 2714 2720
f 2714 2717 2720
f 2721 2724 2726
f 2721 2726 2725
f 2724 2728 2729
f 2724 2729 2726
f 2722 2727 2729
f 2722 2729 2728
f 2727 2731 2732
f 2727 2732 2729
f 2723 2730 2732
f 2723 2732 2731
f 2730 2725 2726
f 2730 2726 2732
f 2726 2729 2732
f 2733 2736 2738
f 2733 2738 2737
f 2736 2740 2741
f 2736 2741 2738
f 2734 2739 2741
f 2734 2741 2740
f 2739 2743 2744
f 2739 2744 2741
f 2735 2742 2744
f 2735 2744 2743
f 2742 2737 2738
f 2742 2738 2744
f 2738 2741 2744
f 2745 2748 2750
f 2745 2750 2749
f 2748 2752 2753
f 2748 2753 2750
f 2746 2751 2753
f 2746 2753 2752
f 2751 2755 2756
f 2751 2756 2753
f 2747 2754 2756
f 2747 2756 2755
f 2754 2749 2750
f 2754 2750 2756
f 2750 2753 2756
f 2685 2661 2665
f 2685 2665 2688
f 2688 2665 2670
f 2688 2670 2692
f 2692 2670 2663
f 2692 2663 2686
f 2662 2673 2677
f 2662 2677 2667
f 2667 2677 2682
f 2667 2682 2671
f 2671 2682 2675
f 2671 2675 2663
f 2674 2697 2701
f 2674 2701 2679
f 2679 2701 2706
f 2679 2706 2683
f 2683 2706 2699
f 2683 2699 2675
f 2698 2687 2695
f 2698 2695 2703
f 2703 2695 2691
f 2703 2691 2707
f 2707 2691 2686
f 2707 2686 2699
f 2733 2685 2689
f 2733 2689 2736
f 2736 2689 2694
f 2736 2694 2740
f 2740 2694 2687
f 2740 2687 2734
f 2697 2745 2749
f 2697 2749 2700
f 2700 2749 2754
f 2700 2754 2704
f 2704 2754 2747
f 2704 2747 2698
f 2746 2735 2743
f 2746 2743 2751
f 2751 2743 2739
f 2751 2739 2755
f 2755 2739 2734
f 2755 2734 2747
f 2709 2733 2737
f 2709 2737 2712
f 2712 2737 2742
f 2712 2742 2716
f 2716 2742 2735
f 2716 2735 2710
f 2745 2721 2725
f 2745 2725 2748
f 2748 2725 2730
f 2748 2730 2752
f 2752 2730 2723
f 2752 2723 2746
f 2722 2711 2719
f 2722 2719 2727
f 2727 2719 2715
f 2727 2715 2731
f 2731 2715 2710
f 2731 2710 2723
f 2661 2709 2713
f 2661 2713 2664
f 2664 2713 2718
f 2664 2718 2668
f 2668 2718 2711
f 2668 2711 2662
f 2721 2674 2680
f 2721 2680 2724
f 2724 2680 2676
f 2724 2676 2728
f 2728 2676 2673
f 2728 2673 2722
f 2685 2733 2709
f 2685 2709 2661
f 2663 2675 2699
f 2663 2699 2686
f 2711 2722 2673
f 2711 2673 2662
f 2745 2697 2674
f 2745 2674 2721
f 2687 2698 2747
f 2687 2747 2734
f 2735 2746 2723
f 2735 2723 2710
v 0.2040000 -0.5460000 0.6950000
v 0.2040000 -0.5500000 0.6990000
v 0.2000000 -0.5460000 0.6990000
v 0.2040000 -0.5479974 0.6955344
v 0.2020026 -0.5460000 0.6955344
v 0.2020871 -0.5479129 0.6960535
v 0.2020026 -0.5494657 0.6990000
v 0.2040000 -0.5494657 0.6970026
v 0.2020871 -0.5489466 0.6970872
v 0.2005344 -0.5460000 0.6970026
v 0.2005344 -0.5479974 0.6990000
v 0.2010535 -0.5479129 0.6970872
v 0.2040000 -0.5500000 1.0460000
v 0.2040000 -0.5460000 1.0500000
v 0.2000000 -0.5460000 1.0460000
v 0.2040000 -0.5494657 1.0479974
v 0.2020026 -0.5494657 1.0460000
v 0.2020871 -0.5489466 1.0479128
v 0.2020026 -0.5460000 1.0494657
v 0.2040000 -0.5479974 1.0494657
v 0.2020871 -0.5479129 1.0489465
v 0.2005344 -0.5479974 1.0460000
v 0.2005344 -0.5460000 1.0479974
v 0.2010535 -0.5479129 1.0479128
v 0.2040000 -0.5340000 0.6950000
v 0.2000000 -0.5340000 0.6990000
v 0.2040000 -0.5300000 0.6990000
v 0.2020026 -0.5340000 0.6955344
v 0.2040000 -0.5320026 0.6955344
v 0.2020871 -0.5320871 0.6960535
v 0.2005344 -0.5320026 0.6990000
v 0.2005344 -0.5340000 0.6970026
v 0.2010535 -0.5320871 0.6970872
v 0.2040000 -0.5305344 0.6970026
v 0.2020026 -0.5305344 0.6990000
v 0.2020871 -0.5310535 0.6970872
v 0.2040000 -0.5340000 1.0500000
v 0.2040000 -0.5300000 1.0460000
v 0.2000000 -0.5340000 1.0460000
v 0.2040000 -0.5320026 1.0494657
v 0.2020026 -0.5340000 1.0494657
v 0.2020871 -0.5320871 1.0489465
v 0.2020026 -0.5305344 1.0460000
v 0.2040000 -0.5305344 1.0479974
v 0.2020871 -0.5310535 1.0479128
v 0.2005344 -0.5340000 1.0479974
v 0.2005344 -0.5320026 1.0460000
v 0.2010535 -0.5320871 1.0479128
v 0.9460000 -0.5460000 0.6950000
v 0.9500000 -0.5460000 0.6990000
v 0.9460000 -0.5500000 0.6990000
v 0.9479973 -0.5460000 0.6955344
v 0.9460000 -0.5479974 0.6955344
v 0.9479128 -0.5479129 0.6960535
v 0.9494656 -0.5479974 0.6990000
v 0.9494656 -0.5460000 0.6970026
v 0.9489465 -0.5479129 0.6970872
v 0.9460000 -0.5494657 0.6970026
v 0.9479973 -0.5494657 0.6990000
v 0.9479128 -0.5489466 0.6970872
v 0.9460000 -0.5460000 1.0500000
v 0.9460000 -0.5500000 1.0460000
v 0.9500000 -0.5460000 1.0460000
v 0.9460000 -0.5479974 1.0494657
v 0.9479973 -0.5460000 1.0494657
v 0.9479128 -0.5479129 1.0489465
v 0.9479973 -0.5494657 1.0460000
v 0.9460000 -0.5494657 1.0479974
v 0.9479128 -0.5489466 1.0479128
v 0.9494656 -0.5460000 1.0479974
v 0.9494656 -0.5479974 1.0460000
v 0.9489465 -0.5479129 1.0479128
v 0.9460000 -0.5340000 0.6950000
v 0.9460000 -0.5300000 0.6990000
v 0.9500000 -0.5340000 0.6990000
v 0.9460000 -0.5320026 0.6955344
v 0.9479973 -0.5340000 0.6955344
v 0.9479128 -0.5320871 0.6960535
v 0.9479973 -0.5305344 0.6990000
v 0.9460000 -0.5305344 0.6970026
v 0.9479128 -0.5310535 0.6970872
v 0.9494656 -0.5340000 0.6970026
v 0.9494656 -0.5320026 0.6990000
v 0.9489465 -0.5320871 0.6970872
v 0.9460000 -0.5340000 1.0500000
v 0.9500000 -0.5340000 1.0460000
v 0.9460000 -0.5300000 1.0460000
v 0.9479973 -0.5340000 1.0494657
v 0.9460000 -0.5320026 1.0494657
v 0.9479128 -0.5320871 1.0489465
v 0.9494656 -0.5320026 1.0460000
v 0.9494656 -0.5340000 1.0479974
v 0.9489465 -0.5320871 1.0479128
v 0.9460000 -0.5305344 1.0479974
v 0.9479973 -0.5305344 1.0460000
v 0.9479128 -0.5310535 1.0479128
f 2757 2760 2762
f 2757 2762 2761
f 2760 2764 2765
f 2760 2765 2762
f 2758 2763 2765
f 2758 2765 2764
f 2763 2767 2768
f 2763 2768 2765
f 2759 2766 2768
f 2759 2768 2767
f 2766 2761 2762
f 2766 2762 2768
f 2762 2765 2768
f 2769 2772 2774
f 2769 2774 2773
f 2772 2776 2777
f 2772 2777 2774
f 2770 2775 2777
f 2770 2777 2776
f 2775 2779 2780
f 2775 2780 2777
f 2771 2778 2780
f 2771 2780 2779
f 2778 2773 2774
f 2778 2774 2780
f 2774 2777 2780
f 2781 2784 2786
f 2781 2786 2785
f 2784 2788 2789
f 2784 2789 2786
f 2782 2787 2789
f 2782 2789 2788
f 2787 2791 2792
f 2787 2792 2789
f 2783 2790 2792
f 2783 2792 2791
f 2790 2785 2786
f 2790 2786 2792
f 2786 2789 2792
f 2793 2796 2798
f 2793 2798 2797
f 2796 2800 2801
f 2796 2801 2798
f 2794 2799 2801
f 2794 2801 2800
f 2799 2803 2804
f 2799 2804 2801
f 2795 2802 2804
f 2795 2804 2803
f 2802 2797 2798
f 2802 2798 2804
f 2798 2801 2804
f 2805 2808 2810
f 2805 2810 2809
f 2808 2812 2813
f 2808 2813 2810
f 2806 2811 2813
f 2806 2813 2812
f 2811 2815 2816
f 2811 2816 2813
f 2807 2814 2816
f 2807 2816 2815
f 2814 2809 2810
f 2814 2810 2816
f 2810 2813 2816
f 2817 2820 2822
f 2817 2822 2821
f 2820 2824 2825
f 2820 2825 2822
f 2818 2823 2825
f 2818 2825 2824
f 2823 2827 2828
f 2823 2828 2825
f 2819 2826 2828
f 2819 2828 2827
f 2826 2821 2822
f 2826 2822 2828
f 2822 2825 2828
f 2829 2832 2834
f 2829 2834 2833
f 2832 2836 2837
f 2832 2837 2834
f 2830 2835 2837
f 2830 2837 2836
f 2835 2839 2840
f 2835 2840 2837
f 2831 2838 2840
f 2831 2840 2839
f 2838 2833 2834
f 2838 2834 2840
f 2834 2837 2840
f 2841 2844 2846
f 2841 2846 2845
f 2844 2848 2849
f 2844 2849 2846
f 2842 2847 2849
f 2842 2849 2848
f 2847 2851 2852
f 2847 2852 2849
f 2843 2850 2852
f 2843 2852 2851
f 2850 2845 2846
f 2850 2846 2852
f 2846 2849 2852
f 2781 2757 2761
f 2781 2761 2784
f 2784 2761 2766
f 2784 2766 2788
f 2788 2766 2759
f 2788 2759 2782
f 2758 2769 2773
f 2758 2773 2763
f 2763 2773 2778
f 2763 2778 2767
f 2767 2778 2771
f 2767 2771 2759
f 2770 2793 2797
f 2770 2797 2775
f 2775 2797 2802
f 2775 2802 2779
f 2779 2802 2795
f 2779 2795 2771
f 2794 2783 2791
f 2794 2791 2799
f 2799 2791 2787
f 2799 2787 2803
f 2803 2787 2782
f 2803 2782 2795
f 2829 2781 2785
f 2829 2785 2832
f 2832 2785 2790
f 2832 2790 2836
f 2836 2790 2783
f 2836 2783 2830
f 2793 2841 2845
f 2793 2845 2796
f 2796 2845 2850
f 2796 2850 2800
f 2800 2850 2843
f 2800 2843 2794
f 2842 2831 2839
f 2842 2839 2847
f 2847 2839 2835
f 2847 2835 2851
f 2851 2835 2830
f 2851 2830 2843
f 2805 2829 2833
f 2805 2833 2808
f 2808 2833 2838
f 2808 2838 2812
f 2812 2838 2831
f 2812 2831 2806
f 2841 2817 2821
f 2841 2821 2844
f 2844 2821 2826
f 2844 2826 2848
f 2848 2826 2819
f 2848 2819 2842
f 2818 2807 2815
f 2818 2815 2823
f 2823 2815 2811
f 2823 2811 2827
f 2827 2811 2806
f 2827 2806 2819
f 2757 2805 2809
f 2757 2809 2760
f 2760 2809 2814
f 2760 2814 2764
f 2764 2814 2807
f 2764 2807 2758
f 2817 2770 2776
f 2817 2776 2820
f 2820 2776 2772
f 2820 2772 2824
f 2824 2772 2769
f 2824 2769 2818
f 2781 2829 2805
f 2781 2805 2757
f 2759 2771 2795
f 2759 2795 2782
f 2807 2818 2769
f 2807 2769 2758
f 2841 2793 2770
f 2841 2770 2817
f 2783 2794 2843
f 2783 2843 2830
f 2831 2842 2819
f 2831 2819 2806
v 1.8130000 -0.3330000 0.6700000
v 1.8130000 -0.3360000 0.6730000
v 1.8099999 -0.3330000 0.6730000
v 1.8130000 -0.3344980 0.6704007
v 1.8115020 -0.3330000 0.6704007
v 1.8115654 -0.3344347 0.6707901
v 1.8115020 -0.3355992 0.6730000
v 1.8130000 -0.3355992 0.6715019
v 1.8115654 -0.3352099 0.6715654
v 1.8104007 -0.3330000 0.6715019
v 1.8104007 -0.3344980 0.6730000
v 1.8107901 -0.3344347 0.6715654
v 1.8130000 -0.3360000 1.1270000
v 1.8130000 -0.3330000 1.1300000
v 1.8099999 -0.3330000 1.1270000
v 1.8130000 -0.3355992 1.1284980
v 1.8115020 -0.3355992 1.1270000
v 1.8115654 -0.3352099 1.1284347
v 1.8115020 -0.3330000 1.1295992
v 1.8130000 -0.3344980 1.1295992
v 1.8115654 -0.3344347 1.1292099
v 1.8104007 -0.3344980 1.1270000
v 1.8104007 -0.3330000 1.1284980
v 1.8107901 -0.3344347 1.1284347
v 1.8130000 -0.3270000 0.6700000
v 1.8099999 -0.3270000 0.6730000
v 1.8130000 -0.3240000 0.6730000
v 1.8115020 -0.3270000 0.6704007
v 1.8130000 -0.3255020 0.6704007
v 1.8115654 -0.3255654 0.6707901
v 1.8104007 -0.3255020 0.6730000
v 1.8104007 -0.3270000 0.6715019
v 1.8107901 -0.3255654 0.6715654
v 1.8130000 -0.3244008 0.6715019
v 1.8115020 -0.3244008 0.6730000
v 1.8115654 -0.3247901 0.6715654
v 1.8130000 -0.3270000 1.1300000
v 1.8130000 -0.3240000 1.1270000
v 1.8099999 -0.3270000 1.1270000
v 1.8130000 -0.3255020 1.1295992
v 1.8115020 -0.3270000 1.1295992
v 1.8115654 -0.3255654 1.1292099
v 1.8115020 -0.3244008 1.1270000
v 1.8130000 -0.3244008 1.1284980
v 1.8115654 -0.3247901 1.1284347
v 1.8104007 -0.3270000 1.1284980
v 1.8104007 -0.3255020 1.1270000
v 1.8107901 -0.3255654 1.1284347
v 2.5820000 -0.3330000 0.6700000
v 2.5850000 -0.3330000 0.6730000
v 2.5820000 -0.3360000 0.6730000
v 2.5834980 -0.3330000 0.6704007
v 2.5820000 -0.3344980 0.6704007
v 2.5834346 -0.3344347 0.6707901
v 2.5845993 -0.3344980 0.6730000
v 2.5845993 -0.3330000 0.6715019
v 2.5842099 -0.3344347 0.6715654
v 2.5820000 -0.3355992 0.6715019
v 2.5834980 -0.3355992 0.6730000
v 2.5834346 -0.3352099 0.6715654
v 2.5820000 -0.3330000 1.1300000
v 2.5820000 -0.3360000 1.1270000
v 2.5850000 -0.3330000 1.1270000
v 2.5820000 -0.3344980 1.1295992
v 2.5834980 -0.3330000 1.1295992
v 2.5834346 -0.3344347 1.1292099
v 2.5834980 -0.3355992 1.1270000
v 2.5820000 -0.3355992 1.1284980
v 2.5834346 -0.3352099 1.1284347
v 2.5845993 -0.3330000 1.1284980
v 2.5845993 -0.3344980 1.1270000
v 2.5842099 -0.3344347 1.1284347
v 2.5820000 -0.3270000 0.6700000
v 2.5820000 -0.3240000 0.6730000
v 2.5850000 -0.3270000 0.6730000
v 2.5820000 -0.3255020 0.6704007
v 2.5834980 -0.3270000 0.6704007
v 2.5834346 -0.3255654 0.6707901
v 2.5834980 -0.3244008 0.6730000
v 2.5820000 -0.3244008 0.6715019
v 2.5834346 -0.3247901 0.6715654
v 2.5845993 -0.3270000 0.6715019
v 2.5845993 -0.3255020 0.6730000
v 2.5842099 -0.3255654 0.6715654
v 2.5820000 -0.3270000 1.1300000
v 2.5850000 -0.3270000 1.1270000
v 2.5820000 -0.3240000 1.1270000
v 2.5834980 -0.3270000 1.1295992
v 2.5820000 -0.3255020 1.1295992
v 2.5834346 -0.3255654 1.1292099
v 2.5845993 -0.3255020 1.1270000
v 2.5845993 -0.3270000 1.1284980
v 2.5842099 -0.3255654 1.1284347
v 2.5820000 -0.3244008 1.1284980
v 2.5834980 -0.3244008 1.1270000
v 2.5834346 -0.3247901 1.1284347
f 2853 2856 2858
f 2853 2858 2857
f 2856 2860 2861
f 2856 2861 2858
f 2854 2859 2861
f 2854 2861 2860
f 2859 2863 2864
f 2859 2864 2861
f 2855 2862 2864
f 2855 2864 2863
f 2862 2857 2858
f 2862 2858 2864
f 2858 2861 2864
f 2865 2868 2870
f 2865 2870 2869
f 2868 2872 2873
f 2868 2873 2870
f 2866 2871 2873
f 2866 2873 2872
f 2871 2875 2876
f 2871 2876 2873
f 2867 2874 2876
f 2867 2876 2875
f 2874 2869 2870
f 2874 2870 2876
f 2870 2873 2876
f 2877 2880 2882
f 2877 2882 2881
f 2880 2884 2885
f 2880 2885 2882
f 2878 2883 2885
f 2878 2885 2884
f 2883 2887 2888
f 2883 2888 2885
f 2879 2886 2888
f 2879 2888 2887
f 2886 2881 2882
f 2886 2882 2888
f 2882 2885 2888
f 2889 2892 2894
f 2889 2894 2893
f 2892 2896 2897
f 2892 2897 2894
f 2890 2895 2897
f 2890 2897 2896
f 2895 2899 2900
f 2895 2900 2897
f 2891 2898 2900
f 2891 2900 2899
f 2898 2893 2894
f 2898 2894 2900
f 2894 2897 2900
f 2901 2904 2906
f 2901 2906 2905
f 2904 2908 2909
f 2904 2909 2906
f 2902 2907 2909
f 2902 2909 2908
f 2907 2911 2912
f 2907 2912 2909
f 2903 2910 2912
f 2903 2912 2911
f 2910 2905 2906
f 2910 2906 2912
f 2906 2909 2912
f 2913 2916 2918
f 2913 2918 2917
f 2916 2920 2921
f 2916 2921 2918
f 2914 2919 2921
f 2914 2921 2920
f 2919 2923 2924
f 2919 2924 2921
f 2915 2922 2924
f 2915 2924 2923
f 2922 2917 2918
f 2922 2918 2924
f 2918 2921 2924
f 2925 2928 2930
f 2925 2930 2929
f 2928 2932 2933
f 2928 2933 2930
f 2926 2931 2933
f 2926 2933 2932
f 2931 2935 2936
f 2931 2936 2933
f 2927 2934 2936
f 2927 2936 2935
f 2934 2929 2930
f 2934 2930 2936
f 2930 2933 2936
f 2937 2940 2942
f 2937 2942 2941
f 2940 2944 2945
f 2940 2945 2942
f 2938 2943 2945
f 2938 2945 2944
f 2943 2947 2948
f 2943 2948 2945
f 2939 2946 2948
f 2939 2948 2947
f 2946 2941 2942
f 2946 2942 2948
f 2942 2945 2948
f 2877 2853 2857
f 2877 2857 2880
f 2880 2857 2862
f 2880 2862 2884
f 2884 2862 2855
f 2884 2855 2878
f 2854 2865 2869
f 2854 2869 2859
f 2859 2869 2874
f 2859 2874 2863
f 2863 2874 2867
f 2863 2867 2855
f 2866 2889 2893
f 2866 2893 2871
f 2871 2893 2898
f 2871 2898 2875
f 2875 2898 2891
f 2875 2891 2867
f 2890 2879 2887
f 2890 2887 2895
f 2895 2887 2883
f 2895 2883 2899
f 2899 2883 2878
f 2899 2878 2891
f 2925 2877 2881
f 2925 2881 2928
f 2928 2881 2886
f 2928 2886 2932
f 2932 2886 2879
f 2932 2879 2926
f 2889 2937 2941
f 2889 2941 2892
f 2892 2941 2946
f 2892 2946 2896
f 2896 2946 2939
f 2896 2939 2890
f 2938 2927 2935
f 2938 2935 2943
f 2943 2935 2931
f 2943 2931 2947
f 2947 2931 2926
f 2947 2926 2939
f 2901 2925 2929
f 2901 2929 2904
f 2904 2929 2934
f 2904 2934 2908
f 2908 2934 2927
f 2908 2927 2902
f 2937 2913 2917
f 2937 2917 2940
f 2940 2917 2922
f 2940 2922 2944
f 2944 2922 2915
f 2944 2915 2938
f 2914 2903 2911
f 2914 2911 2919
f 2919 2911 2907
f 2919 2907 2923
f 2923 2907 2902
f 2923 2902 2915
f 2853 2901 2905
f 2853 2905 2856
f 2856 2905 2910
f 2856 2910 2860
f 2860 2910 2903
f 2860 2903 2854
f 2913 2866 2872
f 2913 2872 2916
f 2916 2872 2868
f 2916 2868 2920
f 2920 2868 2865
f 2920 2865 2914
f 2877 2925 2901
f 2877 2901 2853
f 2855 2867 2891
f 2855 2891 2878
f 2903 2914 2865
f 2903 2865 2854
f 2937 2889 2866
f 2937 2866 2913
f 2879 2890 2939
f 2879 2939 2926
f 2927 2938 2915
f 2927 2915 2902
v 0.2040000 0.5340000 0.6950000
v 0.2040000 0.5300000 0.6990000
v 0.2000000 0.5340000 0.6990000
v 0.2040000 0.5320026 0.6955344
v 0.2020026 0.5340000 0.6955344
v 0.2020871 0.5320871 0.6960535
v 0.2020026 0.5305344 0.6990000
v 0.2040000 0.5305344 0.6970026
v 0.2020871 0.5310535 0.6970872
v 0.2005344 0.5340000 0.6970026
v 0.2005344 0.5320026 0.6990000
v 0.2010535 0.5320871 0.6970872
v 0.2040000 0.5300000 1.0460000
v 0.2040000 0.5340000 1.0500000
v 0.2000000 0.5340000 1.0460000
v 0.2040000 0.5305344 1.0479974
v 0.2020026 0.5305344 1.0460000
v 0.2020871 0.5310535 1.0479128
v 0.2020026 0.5340000 1.0494657
v 0.2040000 0.5320026 1.0494657
v 0.2020871 0.5320871 1.0489465
v 0.2005344 0.5320026 1.0460000
v 0.2005344 0.5340000 1.0479974
v 0.2010535 0.5320871 1.0479128
v 0.2040000 0.5460000 0.6950000
v 0.2000000 0.5460000 0.6990000
v 0.2040000 0.5500000 0.6990000
v 0.2020026 0.5460000 0.6955344
v 0.2040000 0.5479974 0.6955344
v 0.2020871 0.5479129 0.6960535
v 0.2005344 0.5479974 0.6990000
v 0.2005344 0.5460000 0.6970026
v 0.2010535 0.5479129 0.6970872
v 0.2040000 0.5494657 0.6970026
v 0.2020026 0.5494657 0.6990000
v 0.2020871 0.5489466 0.6970872
v 0.2040000 0.5460000 1.0500000
v 0.2040000 0.5500000 1.0460000
v 0.2000000 0.5460000 1.0460000
v 0.2040000 0.5479974 1.0494657
v 0.2020026 0.5460000 1.0494657
v 0.2020871 0.5479129 1.0489465
v 0.2020026 0.5494657 1.0460000
v 0.2040000 0.5494657 1.0479974
v 0.2020871 0.5489466 1.0479128
v 0.2005344 0.5460000 1.0479974
v 0.2005344 0.5479974 1.0460000
v 0.2010535 0.5479129 1.0479128
v 0.9460000 0.5340000 0.6950000
v 0.9500000 0.5340000 0.6990000
v 0.9460000 0.5300000 0.6990000
v 0.9479973 0.5340000 0.6955344
v 0.9460000 0.5320026 0.6955344
v 0.9479128 0.5320871 0.6960535
v 0.9494656 0.5320026 0.6990000
v 0.9494656 0.5340000 0.6970026
v 0.9489465 0.5320871 0.6970872
v 0.9460000 0.5305344 0.6970026
v 0.9479973 0.5305344 0.6990000
v 0.9479128 0.5310535 0.6970872
v 0.9460000 0.5340000 1.0500000
v 0.9460000 0.5300000 1.0460000
v 0.9500000 0.5340000 1.0460000
v 0.9460000 0.5320026 1.0494657
v 0.9479973 0.5340000 1.0494657
v 0.9479128 0.5320871 1.0489465
v 0.9479973 0.5305344 1.0460000
v 0.9460000 0.5305344 1.0479974
v 0.9479128 0.5310535 1.0479128
v 0.9494656 0.5340000 1.0479974
v 0.9494656 0.5320026 1.0460000
v 0.9489465 0.5320871 1.0479128
v 0.9460000 0.5460000 0.6950000
v 0.9460000 0.5500000 0.6990000
v 0.9500000 0.5460000 0.6990000
v 0.9460000 0.5479974 0.6955344
v 0.9479973 0.5460000 0.6955344
v 0.9479128 0.5479129 0.6960535
v 0.9479973 0.5494657 0.6990000
v 0.9460000 0.5494657 0.6970026
v 0.9479128 0.5489466 0.6970872
v 0.9494656 0.5460000 0.6970026
v 0.9494656 0.5479974 0.6990000
v 0.9489465 0.5479129 0.6970872
v 0.9460000 0.5460000 1.0500000
v 0.9500000 0.5460000 1.0460000
v 0.9460000 0.5500000 1.0460000
v 0.9479973 0.5460000 1.0494657
v 0.9460000 0.5479974 1.0494657
v 0.9479128 0.5479129 1.0489465
v 0.9494656 0.5479974 1.0460000
v 0.9494656 0.5460000 1.0479974
v 0.9489465 0.5479129 1.0479128
v 0.9460000 0.5494657 1.0479974
v 0.9479973 0.5494657 1.0460000
v 0.9479128 0.5489466 1.0479128
f 2949 2952 2954
f 2949 2954 2953
f 2952 2956 2957
f 2952 2957 2954
f 2950 2955 2957
f 2950 2957 2956
f 2955 2959 2960
f 2955 2960 2957
f 2951 2958 2960
f 2951 2960 2959
f 2958 2953 2954
f 2958 2954 2960
f 2954 2957 2960
f 2961 2964 2966
f 2961 2966 2965
f 2964 2968 2969
f 2964 2969 2966
f 2962 2967 2969
f 2962 2969 2968
f 2967 2971 2972
f 2967 2972 2969
f 2963 2970 2972
f 2963 2972 2971
f 2970 2965 2966
f 2970 2966 2972
f 2966 2969 2972
f 2973 2976 2978
f 2973 2978 2977
f 2976 2980 2981
f 2976 2981 2978
f 2974 2979 2981
f 2974 2981 2980
f 2979 2983 2984
f 2979 2984 2981
f 2975 2982 2984
f 2975 2984 2983
f 2982 2977 2978
f 2982 2978 2984
f 2978 2981 2984
f 2985 2988 2990
f 2985 2990 2989
f 2988 2992 2993
f 2988 2993 2990
f 2986 2991 2993
f 2986 2993 2992
f 2991 2995 2996
f 2991 2996 2993
f 2987 2994 2996
f 2987 2996 2995
f 2994 2989 2990
f 2994 2990 2996
f 2990 2993 2996
f 2997 3000 3002
f 2997 3002 3001
f 3000 3004 3005
f 3000 3005 3002
f 2998 3003 3005
f 2998 3005 3004
f 3003 3007 3008
f 3003 3008 3005
f 2999 3006 3008
f 2999 3008 3007
f 3006 3001 3002
f 3006 3002 3008
f 3002 3005 3008
f 3009 3012 3014
f 3009 3014 3013
f 3012 3016 3017
f 3012 3017 3014
f 3010 3015 3017
f 3010 3017 3016
f 3015 3019 3020
f 3015 3020 3017
f 3011 3018 3020
f 3011 3020 3019
f 3018 3013 3014
f 3018 3014 3020
f 3014 3017 3020
f 3021 3024 3026
f 3021 3026 3025
f 3024 3028 3029
f 3024 3029 3026
f 3022 3027 3029
f 3022 3029 3028
f 3027 3031 3032
f 3027 3032 3029
f 3023 3030 3032
f 3023 3032 3031
f 3030 3025 3026
f 3030 3026 3032
f 3026 3029 3032
f 3033 3036 3038
f 3033 3038 3037
f 3036 3040 3041
f 3036 3041 3038
f 3034 3039 3041
f 3034 3041 3040
f 3039 3043 3044
f 3039 3044 3041
f 3035 3042 3044
f 3035 3044 3043
f 3042 3037 3038
f 3042 3038 3044
f 3038 3041 3044
f 2973 2949 2953
f 2973 2953 2976
f 2976 2953 2958
f 2976 2958 2980
f 2980 2958 2951
f 2980 2951 2974
f 2950 2961 2965
f 2950 2965 2955
f 2955 2965 2970
f 2955 2970 2959
f 2959 2970 2963
f 2959 2963 2951
f 2962 2985 2989
f 2962 2989 2967
f 2967 2989 2994
f 2967 2994 2971
f 2971 2994 2987
f 2971 2987 2963
f 2986 2975 2983
f 2986 2983 2991
f 2991 2983 2979
f 2991 2979 2995
f 2995 2979 2974
f 2995 2974 2987
f 3021 2973 2977
f 3021 2977 3024
f 3024 2977 2982
f 3024 2982 3028
f 3028 2982 2975
f 3028 2975 3022
f 2985 3033 3037
f 2985 3037 2988
f 2988 3037 3042
f 2988 3042 2992
f 2992 3042 3035
f 2992 3035 2986
f 3034 3023 3031
f 3034 3031 3039
f 3039 3031 3027
f 3039 3027 3043
f 3043 3027 3022
f 3043 3022 3035
f 2997 3021 3025
f 2997 3025 3000
f 3000 3025 3030
f 3000 3030 3004
f 3004 3030 3023
f 3004 3023 2998
f 3033 3009 3013
f 3033 3013 3036
f 3036 3013 3018
f 3036 3018 3040
f 3040 3018 3011
f 3040 3011 3034
f 3010 2999 3007
f 3010 3007 3015
f 3015 3007 3003
f 3015 3003 3019
f 3019 3003 2998
f 3019 2998 3011
f 2949 2997 3001
f 2949 3001 2952
f 2952 3001 3006
f 2952 3006 2956
f 2956 3006 2999
f 2956 2999 2950
f 3009 2962 2968
f 3009 2968 3012
f 3012 2968 2964
f 3012 2964 3016
f 3016 2964 2961
f 3016 2961 3010
f 2973 3021 2997
f 2973 2997 2949
f 2951 2963 2987
f 2951 2987 2974
f 2999 3010 2961
f 2999 2961 2950
f 3033 2985 2962
f 3033 2962 3009
f 2975 2986 3035
f 2975 3035 3022
f 3023 3034 3011
f 3023 3011 2998
v 1.8130000 0.3270000 0.6700000
v 1.8130000 0.3240000 0.6730000
v 1.8099999 0.3270000 0.6730000
v 1.8130000 0.3255020 0.6704007
v 1.8115020 0.3270000 0.6704007
v 1.8115654 0.3255654 0.6707901
v 1.8115020 0.3244008 0.6730000
v 1.8130000 0.3244008 0.6715019
v 1.8115654 0.3247901 0.6715654
v 1.8104007 0.3270000 0.6715019
v 1.8104007 0.3255020 0.6730000
v 1.8107901 0.3255654 0.6715654
v 1.8130000 0.3240000 1.1270000
v 1.8130000 0.3270000 1.1300000
v 1.8099999 0.3270000 1.1270000
v 1.8130000 0.3244008 1.1284980
v 1.8115020 0.3244008 1.1270000
v 1.8115654 0.3247901 1.1284347
v 1.8115020 0.3270000 1.1295992
v 1.8130000 0.3255020 1.1295992
v 1.8115654 0.3255654 1.1292099
v 1.8104007 0.3255020 1.1270000
v 1.8104007 0.3270000 1.1284980
v 1.8107901 0.3255654 1.1284347
v 1.8130000 0.3330000 0.6700000
v 1.8099999 0.3330000 0.6730000
v 1.8130000 0.3360000 0.6730000
v 1.8115020 0.3330000 0.6704007
v 1.8130000 0.3344980 0.6704007
v 1.8115654 0.3344347 0.6707901
v 1.8104007 0.3344980 0.6730000
v 1.8104007 0.3330000 0.6715019
v 1.8107901 0.3344347 0.6715654
v 1.8130000 0.3355992 0.6715019
v 1.8115020 0.3355992 0.6730000
v 1.8115654 0.3352099 0.6715654
v 1.8130000 0.3330000 1.1300000
v 1.8130000 0.3360000 1.1270000
v 1.8099999 0.3330000 1.1270000
v 1.8130000 0.3344980 1.1295992
v 1.8115020 0.3330000 1.1295992
v 1.8115654 0.3344347 1.1292099
v 1.8115020 0.3355992 1.1270000
v 1.8130000 0.3355992 1.1284980
v 1.8115654 0.3352099 1.1284347
v 1.8104007 0.3330000 1.1284980
v 1.8104007 0.3344980 1.1270000
v 1.8107901 0.3344347 1.1284347
v 2.5820000 0.3270000 0.6700000
v 2.5850000 0.3270000 0.6730000
v 2.5820000 0.3240000 0.6730000
v 2.5834980 0.3270000 0.6704007
v 2.5820000 0.3255020 0.6704007
v 2.5834346 0.3255654 0.6707901
v 2.5845993 0.3255020 0.6730000
v 2.5845993 0.3270000 0.6715019
v 2.5842099 0.3255654 0.6715654
v 2.5820000 0.3244008 0.6715019
v 2.5834980 0.3244008 0.6730000
v 2.5834346 0.3247901 0.6715654
v 2.5820000 0.3270000 1.1300000
v 2.5820000 0.3240000 1.1270000
v 2.5850000 0.3270000 1.1270000
v 2.5820000 0.3255020 1.1295992
v 2.5834980 0.3270000 1.1295992
v 2.5834346 0.3255654 1.1292099
v 2.5834980 0.3244008 1.1270000
v 2.5820000 0.3244008 1.1284980
v 2.5834346 0.3247901 1.1284347
v 2.5845993 0.3270000 1.1284980
v 2.5845993 0.3255020 1.1270000
v 2.5842099 0.3255654 1.1284347
v 2.5820000 0.3330000 0.6700000
v 2.5820000 0.3360000 0.6730000
v 2.5850000 0.3330000 0.6730000
v 2.5820000 0.3344980 0.6704007
v 2.5834980 0.3330000 0.6704007
v 2.5834346 0.3344347 0.6707901
v 2.5834980 0.3355992 0.6730000
v 2.5820000 0.3355992 0.6715019
v 2.5834346 0.3352099 0.6715654
v 2.5845993 0.3330000 0.6715019
v 2.5845993 0.3344980 0.6730000
v 2.5842099 0.3344347 0.6715654
v 2.5820000 0.3330000 1.1300000
v 2.5850000 0.3330000 1.1270000
v 2.5820000 0.3360000 1.1270000
v 2.5834980 0.3330000 1.1295992
v 2.5820000 0.3344980 1.1295992
v 2.5834346 0.3344347 1.1292099
v 2.5845993 0.3344980 1.1270000
v 2.5845993 0.3330000 1.1284980
v 2.5842099 0.3344347 1.1284347
v 2.5820000 0.3355992 1.1284980
v 2.5834980 0.3355992 1.1270000
v 2.5834346 0.3352099 1.1284347
f 3045 3048 3050
f 3045 3050 3049
f 3048 3052 3053
f 3048 3053 3050
f 3046 3051 3053
f 3046 3053 3052
f 3051 3055 3056
f 3051 3056 3053
f 3047 3054 3056
f 3047 3056 3055
f 3054 3049 3050
f 3054 3050 3056
f 3050 3053 3056
f 3057 3060 3062
f 3057 3062 3061
f 3060 3064 3065
f 3060 3065 3062
f 3058 3063 3065
f 3058 3065 3064
f 3063 3067 3068
f 3063 3068 3065
f 3059 3066 3068
f 3059 3068 3067
f 3066 3061 3062
f 3066 3062 3068
f 3062 3065 3068
f 3069 3072 3074
f 3069 3074 3073
f 3072 3076 3077
f 3072 3077 3074
f 3070 3075 3077
f 3070 3077 3076
f 3075 3079 3080
f 3075 3080 3077
f 3071 3078 3080
f 3071 3080 3079
f 3078 3073 3074
f 3078 3074 3080
f 3074 3077 3080
f 3081 3084 3086
f 3081 3086 3085
f 3084 3088 3089
f 3084 3089 3086
f 3082 3087 3089
f 3082 3089 3088
f 3087 3091 3092
f 3087 3092 3089
f 3083 3090 3092
f 3083 3092 3091
f 3090 3085 3086
f 3090 3086 3092
f 3086 3089 3092
f 3093 3096 3098
f 3093 3098 3097
f 3096 3100 3101
f 3096 3101 3098
f 3094 3099 3101
f 3094 3101 3100
f 3099 3103 3104
f 3099 3104 3101
f 3095 3102 3104
f 3095 3104 3103
f 3102 3097 3098
f 3102 3098 3104
f 3098 3101 3104
f 3105 3108 3110
f 3105 3110 3109
f 3108 3112 3113
f 3108 3113 3110
f 3106 3111 3113
f 3106 3113 3112
f 3111 3115 3116
f 3111 3116 3113
f 3107 3114 3116
f 3107 3116 3115
f 3114 3109 3110
f 3114 3110 3116
f 3110 3113 3116
f 3117 3120 3122
f 3117 3122 3121
f 3120 3124 3125
f 3120 3125 3122
f 3118 3123 3125
f 3118 3125 3124
f 3123 3127 3128
f 3123 3128 3125
f 3119 3126 3128
f 3119 3128 3127
f 3126 3121 3122
f 3126 3122 3128
f 3122 3125 3128
f 3129 3132 3134
f 3129 3134 3133
f 3132 3136 3137
f 3132 3137 3134
f 3130 3135 3137
f 3130 3137 3136
f 3135 3139 3140
f 3135 3140 3137
f 3131 3138 3140
f 3131 3140 3139
f 3138 3133 3134
f 3138 3134 3140
f 3134 3137 3140
f 3069 3045 3049
f 3069 3049 3072
f 3072 3049 3054
f 3072 3054 3076
f 3076 3054 3047
f 3076 3047 3070
f 3046 3057 3061
f 3046 3061 3051
f 3051 3061 3066
f 3051 3066 3055
f 3055 3066 3059
f 3055 3059 3047
f 3058 3081 3085
f 3058 3085 3063
f 3063 3085 3090
f 3063 3090 3067
f 3067 3090 3083
f 3067 3083 3059
f 3082 3071 3079
f 3082 3079 3087
f 3087 3079 3075
f 3087 3075 3091
f 3091 3075 3070
f 3091 3070 3083
f 3117 3069 3073
f 3117 3073 3120
f 3120 3073 3078
f 3120 3078 3124
f 3124 3078 3071
f 3124 3071 3118
f 3081 3129 3133
f 3081 3133 3084
f 3084 3133 3138
f 3084 3138 3088
f 3088 3138 3131
f 3088 3131 3082
f 3130 3119 3127
f 3130 3127 3135
f 3135 3127 3123
f 3135 3123 3139
f 3139 3123 3118
f 3139 3118 3131
f 3093 3117 3121
f 3093 3121 3096
f 3096 3121 3126
f 3096 3126 3100
f 3100 3126 3119
f 3100 3119 3094
f 3129 3105 3109
f 3129 3109 3132
f 3132 3109 3114
f 3132 3114 3136
f 3136 3114 3107
f 3136 3107 3130
f 3106 3095 3103
f 3106 3103 3111
f 3111 3103 3099
f 3111 3099 3115
f 3115 3099 3094
f 3115 3094 3107
f 3045 3093 3097
f 3045 3097 3048
f 3048 3097 3102
f 3048 3102 3052
f 3052 3102 3095
f 3052 3095 3046
f 3105 3058 3064
f 3105 3064 3108
f 3108 3064 3060
f 3108 3060 3112
f 3112 3060 3057
f 3112 3057 3106
f 3069 3117 3093
f 3069 3093 3045
f 3047 3059 3083
f 3047 3083 3070
f 3095 3106 3057
f 3095 3057 3046
f 3129 3081 3058
f 3129 3058 3105
f 3071 3082 3131
f 3071 3131 3118
f 3119 3130 3107
f 3119 3107 3094
v 0.2040000 -0.5460000 0.6950000
v 0.2040000 -0.5500000 0.6990000
v 0.2000000 -0.5460000 0.6990000
v 0.2040000 -0.5479974 0.6955344
v 0.2020026 -0.5460000 0.6955344
v 0.2020871 -0.5479128 0.6960535
v 0.2020026 -0.5494656 0.6990000
v 0.2040000 -0.5494656 0.6970026
v 0.2020871 -0.5489466 0.6970872
v 0.2005344 -0.5460000 0.6970026
v 0.2005344 -0.5479974 0.6990000
v 0.2010535 -0.5479128 0.6970872
v 0.2040000 -0.5500000 1.0460000
v 0.2040000 -0.5460000 1.0500000
v 0.2000000 -0.5460000 1.0460000
v 0.2040000 -0.5494656 1.0479974
v 0.2020026 -0.5494656 1.0460000
v 0.2020871 -0.5489466 1.0479128
v 0.2020026 -0.5460000 1.0494657
v 0.2040000 -0.5479974 1.0494657
v 0.2020871 -0.5479128 1.0489465
v 0.2005344 -0.5479974 1.0460000
v 0.2005344 -0.5460000 1.0479974
v 0.2010535 -0.5479128 1.0479128
v 0.2040000 0.5460000 0.6950000
v 0.2000000 0.5460000 0.6990000
v 0.2040000 0.5500000 0.6990000
v 0.2020026 0.5460000 0.6955344
v 0.2040000 0.5479974 0.6955344
v 0.2020871 0.5479128 0.6960535
v 0.2005344 0.5479974 0.6990000
v 0.2005344 0.5460000 0.6970026
v 0.2010535 0.5479128 0.6970872
v 0.2040000 0.5494656 0.6970026
v 0.2020026 0.5494656 0.6990000
v 0.2020871 0.5489466 0.6970872
v 0.2040000 0.5460000 1.0500000
v 0.2040000 0.5500000 1.0460000
v 0.2000000 0.5460000 1.0460000
v 0.2040000 0.5479974 1.0494657
v 0.2020026 0.5460000 1.0494657
v 0.2020871 0.5479128 1.0489465
v 0.2020026 0.5494656 1.0460000
v 0.2040000 0.5494656 1.0479974
v 0.2020871 0.5489466 1.0479128
v 0.2005344 0.5460000 1.0479974
v 0.2005344 0.5479974 1.0460000
v 0.2010535 0.5479128 1.0479128
v 0.2160000 -0.5460000 0.6950000
v 0.2200000 -0.5460000 0.6990000
v 0.2160000 -0.5500000 0.6990000
v 0.2179974 -0.5460000 0.6955344
v 0.2160000 -0.5479974 0.6955344
v 0.2179128 -0.5479128 0.6960535
v 0.2194656 -0.5479974 0.6990000
v 0.2194656 -0.5460000 0.6970026
v 0.2189465 -0.5479128 0.6970872
v 0.2160000 -0.5494656 0.6970026
v 0.2179974 -0.5494656 0.6990000
v 0.2179128 -0.5489466 0.6970872
v 0.2160000 -0.5460000 1.0500000
v 0.2160000 -0.5500000 1.0460000
v 0.2200000 -0.5460000 1.0460000
v 0.2160000 -0.5479974 1.0494657
v 0.2179974 -0.5460000 1.0494657
v 0.2179128 -0.5479128 1.0489465
v 0.2179974 -0.5494656 1.0460000
v 0.2160000 -0.5494656 1.0479974
v 0.2179128 -0.5489466 1.0479128
v 0.2194656 -0.5460000 1.0479974
v 0.2194656 -0.5479974 1.0460000
v 0.2189465 -0.5479128 1.0479128
v 0.2160000 0.5460000 0.6950000
v 0.2160000 0.5500000 0.6990000
v 0.2200000 0.5460000 0.6990000
v 0.2160000 0.5479974 0.6955344
v 0.2179974 0.5460000 0.6955344
v 0.2179128 0.5479128 0.6960535
v 0.2179974 0.5494656 0.6990000
v 0.2160000 0.5494656 0.6970026
v 0.2179128 0.5489466 0.6970872
v 0.2194656 0.5460000 0.6970026
v 0.2194656 0.5479974 0.6990000
v 0.2189465 0.5479128 0.6970872
v 0.2160000 0.5460000 1.0500000
v 0.2200000 0.5460000 1.0460000
v 0.2160000 0.5500000 1.0460000
v 0.2179974 0.5460000 1.0494657
v 0.2160000 0.5479974 1.0494657
v 0.2179128 0.5479128 1.0489465
v 0.2194656 0.5479974 1.0460000
v 0.2194656 0.5460000 1.0479974
v 0.2189465 0.5479128 1.0479128
v 0.2160000 0.5494656 1.0479974
v 0.2179974 0.5494656 1.0460000
v 0.2179128 0.5489466 1.0479128
f 3141 3144 3146
f 3141 3146 3145
f 3144 3148 3149
f 3144 3149 3146
f 3142 3147 3149
f 3142 3149 3148
f 3147 3151 3152
f 3147 3152 3149
f 3143 3150 3152
f 3143 3152 3151
f 3150 3145 3146
f 3150 3146 3152
f 3146 3149 3152
f 3153 3156 3158
f 3153 3158 3157
f 3156 3160 3161
f 3156 3161 3158
f 3154 3159 3161
f 3154 3161 3160
f 3159 3163 3164
f 3159 3164 3161
f 3155 3162 3164
f 3155 3164 3163
f 3162 3157 3158
f 3162 3158 3164
f 3158 3161 3164
f 3165 3168 3170
f 3165 3170 3169
f 3168 3172 3173
f 3168 3173 3170
f 3166 3171 3173
f 3166 3173 3172
f 3171 3175 3176
f 3171 3176 3173
f 3167 3174 3176
f 3167 3176 3175
f 3174 3169 3170
f 3174 3170 3176
f 3170 3173 3176
f 3177 3180 3182
f 3177 3182 3181
f 3180 3184 3185
f 3180 3185 3182
f 3178 3183 3185
f 3178 3185 3184
f 3183 3187 3188
f 3183 3188 3185
f 3179 3186 3188
f 3179 3188 3187
f 3186 3181 3182
f 3186 3182 3188
f 3182 3185 3188
f 3189 3192 3194
f 3189 3194 3193
f 3192 3196 3197
f 3192 3197 3194
f 3190 3195 3197
f 3190 3197 3196
f 3195 3199 3200
f 3195 3200 3197
f 3191 3198 3200
f 3191 3200 3199
f 3198 3193 3194
f 3198 3194 3200
f 3194 3197 3200
f 3201 3204 3206
f 3201 3206 3205
f 3204 3208 3209
f 3204 3209 3206
f 3202 3207 3209
f 3202 3209 3208
f 3207 3211 3212
f 3207 3212 3209
f 3203 3210 3212
f 3203 3212 3211
f 3210 3205 3206
f 3210 3206 3212
f 3206 3209 3212
f 3213 3216 3218
f 3213 3218 3217
f 3216 3220 3221
f 3216 3221 3218
f 3214 3219 3221
f 3214 3221 3220
f 3219 3223 3224
f 3219 3224 3221
f 3215 3222 3224
f 3215 3224 3223
f 3222 3217 3218
f 3222 3218 3224
f 3218 3221 3224
f 3225 3228 3230
f 3225 3230 3229
f 3228 3232 3233
f 3228 3233 3230
f 3226 3231 3233
f 3226 3233 3232
f 3231 3235 3236
f 3231 3236 3233
f 3227 3234 3236
f 3227 3236 3235
f 3234 3229 3230
f 3234 3230 3236
f 3230 3233 3236
f 3165 3141 3145
f 3165 3145 3168
f 3168 3145 3150
f 3168 3150 3172
f 3172 3150 3143
f 3172 3143 3166
f 3142 3153 3157
f 3142 3157 3147
f 3147 3157 3162
f 3147 3162 3151
f 3151 3162 3155
f 3151 3155 3143
f 3154 3177 3181
f 3154 3181 3159
f 3159 3181 3186
f 3159 3186 3163
f 3163 3186 3179
f 3163 3179 3155
f 3178 3167 3175
f 3178 3175 3183
f 3183 3175 3171
f 3183 3171 3187
f 3187 3171 3166
f 3187 3166 3179
f 3213 3165 3169
f 3213 3169 3216
f 3216 3169 3174
f 3216 3174 3220
f 3220 3174 3167
f 3220 3167 3214
f 3177 3225 3229
f 3177 3229 3180
f 3180 3229 3234
f 3180 3234 3184
f 3184 3234 3227
f 3184 3227 3178
f 3226 3215 3223
f 3226 3223 3231
f 3231 3223 3219
f 3231 3219 3235
f 3235 3219 3214
f 3235 3214 3227
f 3189 3213 3217
f 3189 3217 3192
f 3192 3217 3222
f 3192 3222 3196
f 3196 3222 3215
f 3196 3215 3190
f 3225 3201 3205
f 3225 3205 3228
f 3228 3205 3210
f 3228 3210 3232
f 3232 3210 3203
f 3232 3203 3226
f 3202 3191 3199
f 3202 3199 3207
f 3207 3199 3195
f 3207 3195 3211
f 3211 3195 3190
f 3211 3190 3203
f 3141 3189 3193
f 3141 3193 3144
f 3144 3193 3198
f 3144 3198 3148
f 3148 3198 3191
f 3148 3191 3142
f 3201 3154 3160
f 3201 3160 3204
f 3204 3160 3156
f 3204 3156 3208
f 3208 3156 3153
f 3208 3153 3202
f 3165 3213 3189
f 3165 3189 3141
f 3143 3155 3179
f 3143 3179 3166
f 3191 3202 3153
f 3191 3153 3142
f 3225 3177 3154
f 3225 3154 3201
f 3167 3178 3227
f 3167 3227 3214
f 3215 3226 3203
f 3215 3203 3190
v 1.8140000 -0.3320000 1.1300000
v 1.8140000 -0.3360000 1.1339999
v 1.8099999 -0.3320000 1.1339999
v 1.8140000 -0.3339974 1.1305344
v 1.8120027 -0.3320000 1.1305344
v 1.8120871 -0.3339129 1.1310534
v 1.8120027 -0.3354656 1.1339999
v 1.8140000 -0.3354656 1.1320026
v 1.8120871 -0.3349465 1.1320871
v 1.8105344 -0.3320000 1.1320026
v 1.8105344 -0.3339974 1.1339999
v 1.8110535 -0.3339129 1.1320871
v 1.8140000 -0.3360000 1.1460000
v 1.8140000 -0.3320000 1.1500000
v 1.8099999 -0.3320000 1.1460000
v 1.8140000 -0.3354656 1.1479974
v 1.8120027 -0.3354656 1.1460000
v 1.8120871 -0.3349465 1.1479129
v 1.8120027 -0.3320000 1.1494656
v 1.8140000 -0.3339974 1.1494656
v 1.8120871 -0.3339129 1.1489465
v 1.8105344 -0.3339974 1.1460000
v 1.8105344 -0.3320000 1.1479974
v 1.8110535 -0.3339129 1.1479129
v 1.8140000 0.3320000 1.1300000
v 1.8099999 0.3320000 1.1339999
v 1.8140000 0.3360000 1.1339999
v 1.8120027 0.3320000 1.1305344
v 1.8140000 0.3339974 1.1305344
v 1.8120871 0.3339129 1.1310534
v 1.8105344 0.3339974 1.1339999
v 1.8105344 0.3320000 1.1320026
v 1.8110535 0.3339129 1.1320871
v 1.8140000 0.3354656 1.1320026
v 1.8120027 0.3354656 1.1339999
v 1.8120871 0.3349465 1.1320871
v 1.8140000 0.3320000 1.1500000
v 1.8140000 0.3360000 1.1460000
v 1.8099999 0.3320000 1.1460000
v 1.8140000 0.3339974 1.1494656
v 1.8120027 0.3320000 1.1494656
v 1.8120871 0.3339129 1.1489465
v 1.8120027 0.3354656 1.1460000
v 1.8140000 0.3354656 1.1479974
v 1.8120871 0.3349465 1.1479129
v 1.8105344 0.3320000 1.1479974
v 1.8105344 0.3339974 1.1460000
v 1.8110535 0.3339129 1.1479129
v 2.5809999 -0.3320000 1.1300000
v 2.5850000 -0.3320000 1.1339999
v 2.5809999 -0.3360000 1.1339999
v 2.5829973 -0.3320000 1.1305344
v 2.5810001 -0.3339974 1.1305344
v 2.5829129 -0.3339129 1.1310534
v 2.5844655 -0.3339974 1.1339999
v 2.5844655 -0.3320000 1.1320026
v 2.5839465 -0.3339129 1.1320871
v 2.5810001 -0.3354656 1.1320026
v 2.5829973 -0.3354656 1.1339999
v 2.5829129 -0.3349465 1.1320871
v 2.5809999 -0.3320000 1.1500000
v 2.5809999 -0.3360000 1.1460000
v 2.5850000 -0.3320000 1.1460000
v 2.5810001 -0.3339974 1.1494656
v 2.5829973 -0.3320000 1.1494656
v 2.5829129 -0.3339129 1.1489465
v 2.5829973 -0.3354656 1.1460000
v 2.5810001 -0.3354656 1.1479974
v 2.5829129 -0.3349465 1.1479129
v 2.5844655 -0.3320000 1.1479974
v 2.5844655 -0.3339974 1.1460000
v 2.5839465 -0.3339129 1.1479129
v 2.5809999 0.3320000 1.1300000
v 2.5809999 0.3360000 1.1339999
v 2.5850000 0.3320000 1.1339999
v 2.5810001 0.3339974 1.1305344
v 2.5829973 0.3320000 1.1305344
v 2.5829129 0.3339129 1.1310534
v 2.5829973 0.3354656 1.1339999
v 2.5810001 0.3354656 1.1320026
v 2.5829129 0.3349465 1.1320871
v 2.5844655 0.3320000 1.1320026
v 2.5844655 0.3339974 1.1339999
v 2.5839465 0.3339129 1.1320871
v 2.5809999 0.3320000 1.1500000
v 2.5850000 0.3320000 1.1460000
v 2.5809999 0.3360000 1.1460000
v 2.5829973 0.3320000 1.1494656
v 2.5810001 0.3339974 1.1494656
v 2.5829129 0.3339129 1.1489465
v 2.5844655 0.3339974 1.1460000
v 2.5844655 0.3320000 1.1479974
v 2.5839465 0.3339129 1.1479129
v 2.5810001 0.3354656 1.1479974
v 2.5829973 0.3354656 1.1460000
v 2.5829129 0.3349465 1.1479129
f 3237 3240 3242
f 3237 3242 3241
f 3240 3244 3245
f 3240 3245 3242
f 3238 3243 3245
f 3238 3245 3244
f 3243 3247 3248
f 3243 3248 3245
f 3239 3246 3248
f 3239 3248 3247
f 3246 3241 3242
f 3246 3242 3248
f 3242 3245 3248
f 3249 3252 3254
f 3249 3254 3253
f 3252 3256 3257
f 3252 3257 3254
f 3250 3255 3257
f 3250 3257 3256
f 3255 3259 3260
f 3255 3260 3257
f 3251 3258 3260
f 3251 3260 3259
f 3258 3253 3254
f 3258 3254 3260
f 3254 3257 3260
f 3261 3264 3266
f 3261 3266 3265
f 3264 3268 3269
f 3264 3269 3266
f 3262 3267 3269
f 3262 3269 3268
f 3267 3271 3272
f 3267 3272 3269
f 3263 3270 3272
f 3263 3272 3271
f 3270 3265 3266
f 3270 3266 3272
f 3266 3269 3272
f 3273 3276 3278
f 3273 3278 3277
f 3276 3280 3281
f 3276 3281 3278
f 3274 3279 3281
f 3274 3281 3280
f 3279 3283 3284
f 3279 3284 3281
f 3275 3282 3284
f 3275 3284 3283
f 3282 3277 3278
f 3282 3278 3284
f 3278 3281 3284
f 3285 3288 3290
f 3285 3290 3289
f 3288 3292 3293
f 3288 3293 3290
f 3286 3291 3293
f 3286 3293 3292
f 3291 3295 3296
f 3291 3296 3293
f 3287 3294 3296
f 3287 3296 3295
f 3294 3289 3290
f 3294 3290 3296
f 3290 3293 3296
f 3297 3300 3302
f 3297 3302 3301
f 3300 3304 3305
f 3300 3305 3302
f 3298 3303 3305
f 3298 3305 3304
f 3303 3307 3308
f 3303 3308 3305
f 3299 3306 3308
f 3299 3308 3307
f 3306 3301 3302
f 3306 3302 3308
f 3302 3305 3308
f 3309 3312 3314
f 3309 3314 3313
f 3312 3316 3317
f 3312 3317 3314
f 3310 3315 3317
f 3310 3317 3316
f 3315 3319 3320
f 3315 3320 3317
f 3311 3318 3320
f 3311 3320 3319
f 3318 3313 3314
f 3318 3314 3320
f 3314 3317 3320
f 3321 3324 3326
f 3321 3326 3325
f 3324 3328 3329
f 3324 3329 3326
f 3322 3327 3329
f 3322 3329 3328
f 3327 3331 3332
f 3327 3332 3329
f 3323 3330 3332
f 3323 3332 3331
f 3330 3325 3326
f 3330 3326 3332
f 3326 3329 3332
f 3261 3237 3241
f 3261 3241 3264
f 3264 3241 3246
f 3264 3246 3268
f 3268 3246 3239
f 3268 3239 3262
f 3238 3249 3253
f 3238 3253 3243
f 3243 3253 3258
f 3243 3258 3247
f 3247 3258 3251
f 3247 3251 3239
f 3250 3273 3277
f 3250 3277 3255
f 3255 3277 3282
f 3255 3282 3259
f 3259 3282 3275
f 3259 3275 3251
f 3274 3263 3271
f 3274 3271 3279
f 3279 3271 3267
f 3279 3267 3283
f 3283 3267 3262
f 3283 3262 3275
f 3309 3261 3265
f 3309 3265 3312
f 3312 3265 3270
f 3312 3270 3316
f 3316 3270 3263
f 3316 3263 3310
f 3273 3321 3325
f 3273 3325 3276
f 3276 3325 3330
f 3276 3330 3280
f 3280 3330 3323
f 3280 3323 3274
f 3322 3311 3319
f 3322 3319 3327
f 3327 3319 3315
f 3327 3315 3331
f 3331 3315 3310
f 3331 3310 3323
f 3285 3309 3313
f 3285 3313 3288
f 3288 3313 3318
f 3288 3318 3292
f 3292 3318 3311
f 3292 3311 3286
f 3321 3297 3301
f 3321 3301 3324
f 3324 3301 3306
f 3324 3306 3328
f 3328 3306 3299
f 3328 3299 3322
f 3298 3287 3295
f 3298 3295 3303
f 3303 3295 3291
f 3303 3291 3307
f 3307 3291 3286
f 3307 3286 3299
f 3237 3285 3289
f 3237 3289 3240
f 3240 3289 3294
f 3240 3294 3244
f 3244 3294 3287
f 3244 3287 3238
f 3297 3250 3256
f 3297 3256 3300
f 3300 3256 3252
f 3300 3252 3304
f 3304 3252 3249
f 3304 3249 3298
f 3261 3309 3285
f 3261 3285 3237
f 3239 3251 3275
f 3239 3275 3262
f 3287 3298 3249
f 3287 3249 3238
f 3321 3273 3250
f 3321 3250 3297
f 3263 3274 3323
f 3263 3323 3310
f 3311 3322 3299
f 3311 3299 3286
v 2.0868461 -0.3750000 0.6043091
v 2.0868461 -0.6310000 0.6043091
v 2.0914383 -0.3750000 0.6033957
v 2.0914383 -0.6310000 0.6033956
v 2.0953314 -0.3750000 0.6007944
v 2.0953314 -0.6310000 0.6007944
v 2.0979326 -0.3750000 0.5969014
v 2.0979326 -0.6310000 0.5969013
v 2.0988462 -0.3750000 0.5923091
v 2.0988462 -0.6310000 0.5923091
v 2.0979326 -0.3750000 0.5877169
v 2.0979326 -0.6310000 0.5877169
v 2.0953314 -0.3750000 0.5838239
v 2.0953314 -0.6310000 0.5838238
v 2.0914383 -0.3750000 0.5812226
v 2.0914383 -0.6310000 0.5812225
v 2.0868461 -0.3750000 0.5803092
v 2.0868461 -0.6310000 0.5803091
v 2.0822539 -0.3750000 0.5812226
v 2.0822539 -0.6310000 0.5812225
v 2.0783608 -0.3750000 0.5838239
v 2.0783608 -0.6310000 0.5838238
v 2.0757596 -0.3750000 0.5877169
v 2.0757596 -0.6310000 0.5877169
v 2.0748460 -0.3750000 0.5923091
v 2.0748460 -0.6310000 0.5923091
v 2.0757596 -0.3750000 0.5969014
v 2.0757596 -0.6310000 0.5969013
v 2.0783608 -0.3750000 0.6007944
v 2.0783608 -0.6310000 0.6007944
v 2.0822539 -0.3750000 0.6033957
v 2.0822539 -0.6310000 0.6033956
f 3333 3334 3336
f 3333 3336 3335
f 3335 3336 3338
f 3335 3338 3337
f 3337 3338 3340
f 3337 3340 3339
f 3339 3340 3342
f 3339 3342 3341
f 3341 3342 3344
f 3341 3344 3343
f 3343 3344 3346
f 3343 3346 3345
f 3345 3346 3348
f 3345 3348 3347
f 3347 3348 3350
f 3347 3350 3349
f 3349 3350 3352
f 3349 3352 3351
f 3351 3352 3354
f 3351 3354 3353
f 3353 3354 3356
f 3353 3356 3355
f 3355 3356 3358
f 3355 3358 3357
f 3357 3358 3360
f 3357 3360 3359
f 3359 3360 3362
f 3359 3362 3361
f 3338 3336 3334
f 3334 3364 3362
f 3362 3360 3358
f 3358 3356 3354
f 3354 3352 3350
f 3350 3348 3346
f 3346 3344 3342
f 3342 3340 3338
f 3338 3334 3362
f 3362 3358 3354
f 3354 3350 3346
f 3346 3342 3338
f 3338 3362 3354
f 3354 3346 3338
f 3361 3362 3364
f 3361 3364 3363
f 3363 3364 3334
f 3363 3334 3333
f 3363 3333 3335
f 3335 3337 3339
f 3339 3341 3343
f 3343 3345 3347
f 3347 3349 3351
f 3351 3353 3355
f 3355 3357 3359
f 3359 3361 3363
f 3363 3335 3339
f 3339 3343 3347
f 3347 3351 3355
f 3355 3359 3363
f 3363 3339 3347
f 3347 3355 3363
v 2.9640241 -0.3750000 0.6579596
v 2.9640241 -0.6310000 0.6579596
v 2.9686162 -0.3750000 0.6570462
v 2.9686162 -0.6310000 0.6570461
v 2.9725094 -0.3750000 0.6544449
v 2.9725094 -0.6310000 0.6544449
v 2.9751105 -0.3750000 0.6505519
v 2.9751105 -0.6310000 0.6505518
v 2.9760242 -0.3750000 0.6459596
v 2.9760242 -0.6310000 0.6459596
v 2.9751105 -0.3750000 0.6413674
v 2.9751105 -0.6310000 0.6413674
v 2.9725094 -0.3750000 0.6374744
v 2.9725094 -0.6310000 0.6374743
v 2.9686162 -0.3750000 0.6348731
v 2.9686162 -0.6310000 0.6348730
v 2.9640241 -0.3750000 0.6339597
v 2.9640241 -0.6310000 0.6339596
v 2.9594319 -0.3750000 0.6348731
v 2.9594319 -0.6310000 0.6348730
v 2.9555387 -0.3750000 0.6374744
v 2.9555387 -0.6310000 0.6374743
v 2.9529376 -0.3750000 0.6413674
v 2.9529376 -0.6310000 0.6413674
v 2.9520240 -0.3750000 0.6459596
v 2.9520240 -0.6310000 0.6459596
v 2.9529376 -0.3750000 0.6505519
v 2.9529376 -0.6310000 0.6505518
v 2.9555387 -0.3750000 0.6544449
v 2.9555387 -0.6310000 0.6544449
v 2.9594319 -0.3750000 0.6570462
v 2.9594319 -0.6310000 0.6570461
f 3365 3366 3368
f 3365 3368 3367
f 3367 3368 3370
f 3367 3370 3369
f 3369 3370 3372
f 3369 3372 3371
f 3371 3372 3374
f 3371 3374 3373
f 3373 3374 3376
f 3373 3376 3375
f 3375 3376 3378
f 3375 3378 3377
f 3377 3378 3380
f 3377 3380 3379
f 3379 3380 3382
f 3379 3382 3381
f 3381 3382 3384
f 3381 3384 3383
f 3383 3384 3386
f 3383 3386 3385
f 3385 3386 3388
f 3385 3388 3387
f 3387 3388 3390
f 3387 3390 3389
f 3389 3390 3392
f 3389 3392 3391
f 3391 3392 3394
f 3391 3394 3393
f 3370 3368 3366
f 3366 3396 3394
f 3394 3392 3390
f 3390 3388 3386
f 3386 3384 3382
f 3382 3380 3378
f 3378 3376 3374
f 3374 3372 3370
f 3370 3366 3394
f 3394 3390 3386
f 3386 3382 3378
f 3378 3374 3370
f 3370 3394 3386
f 3386 3378 3370
f 3393 3394 3396
f 3393 3396 3395
f 3395 3396 3366
f 3395 3366 3365
f 3395 3365 3367
f 3367 3369 3371
f 3371 3373 3375
f 3375 3377 3379
f 3379 3381 3383
f 3383 3385 3387
f 3387 3389 3391
f 3391 3393 3395
f 3395 3367 3371
f 3371 3375 3379
f 3379 3383 3387
f 3387 3391 3395
f 3395 3371 3379
f 3379 3387 3395
v 2.8963385 -0.7990000 0.7319291
v 2.8979113 -0.8010000 0.7331646
v 2.8966758 -0.7990000 0.7347374
v 2.8965487 -0.7999987 0.7320942
v 2.8959317 -0.7990000 0.7328796
v 2.8961620 -0.7999564 0.7330067
v 2.8972945 -0.8007329 0.7339500
v 2.8971260 -0.8007329 0.7325477
v 2.8965683 -0.8004733 0.7333259
v 2.8960555 -0.7990000 0.7339103
v 2.8968408 -0.7999987 0.7345273
v 2.8962491 -0.7999564 0.7337323
v 2.8994842 -0.8010000 0.7344000
v 2.9010570 -0.7990000 0.7356355
v 2.8982487 -0.7990000 0.7359728
v 2.9002695 -0.8007329 0.7350169
v 2.8988671 -0.8007329 0.7351854
v 2.8996453 -0.8004733 0.7357430
v 2.9002299 -0.7990000 0.7362558
v 2.9008467 -0.7999987 0.7354704
v 2.9000518 -0.7999564 0.7360622
v 2.8984137 -0.7999987 0.7357627
v 2.8991990 -0.7990000 0.7363796
v 2.8993261 -0.7999564 0.7361494
v 2.8963385 -0.6230000 0.7319291
v 2.8966758 -0.6230000 0.7347374
v 2.8979113 -0.6210001 0.7331646
v 2.8959317 -0.6230000 0.7328796
v 2.8965487 -0.6220013 0.7320942
v 2.8961620 -0.6220436 0.7330067
v 2.8968408 -0.6220013 0.7345273
v 2.8960555 -0.6230000 0.7339103
v 2.8962491 -0.6220436 0.7337323
v 2.8971260 -0.6212672 0.7325477
v 2.8972945 -0.6212672 0.7339500
v 2.8965683 -0.6215267 0.7333259
v 2.9010570 -0.6230000 0.7356355
v 2.8994842 -0.6210001 0.7344000
v 2.8982487 -0.6230000 0.7359728
v 2.9008467 -0.6220013 0.7354704
v 2.9002299 -0.6230000 0.7362558
v 2.9000518 -0.6220436 0.7360622
v 2.8988671 -0.6212672 0.7351854
v 2.9002695 -0.6212672 0.7350169
v 2.8996453 -0.6215268 0.7357430
v 2.8991990 -0.6230000 0.7363796
v 2.8984137 -0.6220013 0.7357627
v 2.8993261 -0.6220436 0.7361494
v 2.9653394 -0.7990000 0.6440869
v 2.9681478 -0.7990000 0.6437495
v 2.9669123 -0.8010000 0.6453223
v 2.9661665 -0.7990000 0.6434666
v 2.9655497 -0.7999987 0.6442519
v 2.9663446 -0.7999564 0.6436601
v 2.9679828 -0.7999987 0.6439596
v 2.9671974 -0.7990000 0.6433427
v 2.9670703 -0.7999564 0.6435729
v 2.9661269 -0.8007329 0.6447054
v 2.9675293 -0.8007329 0.6445370
v 2.9667511 -0.8004733 0.6439794
v 2.9700580 -0.7990000 0.6477932
v 2.9684851 -0.8010000 0.6465577
v 2.9697206 -0.7990000 0.6449850
v 2.9698477 -0.7999987 0.6476282
v 2.9704647 -0.7990000 0.6468428
v 2.9702344 -0.7999564 0.6467157
v 2.9691019 -0.8007329 0.6457724
v 2.9692705 -0.8007329 0.6471747
v 2.9698281 -0.8004733 0.6463965
v 2.9703410 -0.7990000 0.6458120
v 2.9695556 -0.7999987 0.6451951
v 2.9701474 -0.7999564 0.6459900
v 2.9653394 -0.6230000 0.6440869
v 2.9669123 -0.6210001 0.6453223
v 2.9681478 -0.6230000 0.6437495
v 2.9655497 -0.6220013 0.6442519
v 2.9661665 -0.6230000 0.6434666
v 2.9663446 -0.6220436 0.6436601
v 2.9675293 -0.6212672 0.6445370
v 2.9661269 -0.6212672 0.6447054
v 2.9667511 -0.6215268 0.6439794
v 2.9671974 -0.6230000 0.6433427
v 2.9679828 -0.6220013 0.6439596
v 2.9670703 -0.6220436 0.6435729
v 2.9700580 -0.6230000 0.6477932
v 2.9697206 -0.6230000 0.6449850
v 2.9684851 -0.6210001 0.6465577
v 2.9704647 -0.6230000 0.6468428
v 2.9698477 -0.6220013 0.6476282
v 2.9702344 -0.6220436 0.6467157
v 2.9695556 -0.6220013 0.6451951
v 2.9703410 -0.6230000 0.6458120
v 2.9701474 -0.6220436 0.6459900
v 2.9692705 -0.6212672 0.6471747
v 2.9691019 -0.6212672 0.6457724
v 2.9698281 -0.6215267 0.6463965
f 3397 3400 3402
f 3397 3402 3401
f 3400 3404 3405
f 3400 3405 3402
f 3398 3403 3405
f 3398 3405 3404
f 3403 3407 3408
f 3403 3408 3405
f 3399 3406 3408
f 3399 3408 3407
f 3406 3401 3402
f 3406 3402 3408
f 3402 3405 3408
f 3409 3412 3414
f 3409 3414 3413
f 3412 3416 3417
f 3412 3417 3414
f 3410 3415 3417
f 3410 3417 3416
f 3415 3419 3420
f 3415 3420 3417
f 3411 3418 3420
f 3411 3420 3419
f 3418 3413 3414
f 3418 3414 3420
f 3414 3417 3420
f 3421 3424 3426
f 3421 3426 3425
f 3424 3428 3429
f 3424 3429 3426
f 3422 3427 3429
f 3422 3429 3428
f 3427 3431 3432
f 3427 3432 3429
f 3423 3430 3432
f 3423 3432 3431
f 3430 3425 3426
f 3430 3426 3432
f 3426 3429 3432
f 3433 3436 3438
f 3433 3438 3437
f 3436 3440 3441
f 3436 3441 3438
f 3434 3439 3441
f 3434 3441 3440
f 3439 3443 3444
f 3439 3444 3441
f 3435 3442 3444
f 3435 3444 3443
f 3442 3437 3438
f 3442 3438 3444
f 3438 3441 3444
f 3445 3448 3450
f 3445 3450 3449
f 3448 3452 3453
f 3448 3453 3450
f 3446 3451 3453
f 3446 3453 3452
f 3451 3455 3456
f 3451 3456 3453
f 3447 3454 3456
f 3447 3456 3455
f 3454 3449 3450
f 3454 3450 3456
f 3450 3453 3456
f 3457 3460 3462
f 3457 3462 3461
f 3460 3464 3465
f 3460 3465 3462
f 3458 3463 3465
f 3458 3465 3464
f 3463 3467 3468
f 3463 3468 3465
f 3459 3466 3468
f 3459 3468 3467
f 3466 3461 3462
f 3466 3462 3468
f 3462 3465 3468
f 3469 3472 3474
f 3469 3474 3473
f 3472 3476 3477
f 3472 3477 3474
f 3470 3475 3477
f 3470 3477 3476
f 3475 3479 3480
f 3475 3480 3477
f 3471 3478 3480
f 3471 3480 3479
f 3478 3473 3474
f 3478 3474 3480
f 3474 3477 3480
f 3481 3484 3486
f 3481 3486 3485
f 3484 3488 3489
f 3484 3489 3486
f 3482 3487 3489
f 3482 3489 3488
f 3487 3491 3492
f 3487 3492 3489
f 3483 3490 3492
f 3483 3492 3491
f 3490 3485 3486
f 3490 3486 3492
f 3486 3489 3492
f 3421 3397 3401
f 3421 3401 3424
f 3424 3401 3406
f 3424 3406 3428
f 3428 3406 3399
f 3428 3399 3422
f 3398 3409 3413
f 3398 3413 3403
f 3403 3413 3418
f 3403 3418 3407
f 3407 3418 3411
f 3407 3411 3399
f 3410 3433 3437
f 3410 3437 3415
f 3415 3437 3442
f 3415 3442 3419
f 3419 3442 3435
f 3419 3435 3411
f 3434 3423 3431
f 3434 3431 3439
f 3439 3431 3427
f 3439 3427 3443
f 3443 3427 3422
f 3443 3422 3435
f 3469 3421 3425
f 3469 3425 3472
f 3472 3425 3430
f 3472 3430 3476
f 3476 3430 3423
f 3476 3423 3470
f 3433 3481 3485
f 3433 3485 3436
f 3436 3485 3490
f 3436 3490 3440
f 3440 3490 3483
f 3440 3483 3434
f 3482 3471 3479
f 3482 3479 3487
f 3487 3479 3475
f 3487 3475 3491
f 3491 3475 3470
f 3491 3470 3483
f 3445 3469 3473
f 3445 3473 3448
f 3448 3473 3478
f 3448 3478 3452
f 3452 3478 3471
f 3452 3471 3446
f 3481 3457 3461
f 3481 3461 3484
f 3484 3461 3466
f 3484 3466 3488
f 3488 3466 3459
f 3488 3459 3482
f 3458 3447 3455
f 3458 3455 3463
f 3463 3455 3451
f 3463 3451 3467
f 3467 3451 3446
f 3467 3446 3459
f 3397 3445 3449
f 3397 3449 3400
f 3400 3449 3454
f 3400 3454 3404
f 3404 3454 3447
f 3404 3447 3398
f 3457 3410 3416
f 3457 3416 3460
f 3460 3416 3412
f 3460 3412 3464
f 3464 3412 3409
f 3464 3409 3458
f 3421 3469 3445
f 3421 3445 3397
f 3399 3411 3435
f 3399 3435 3422
f 3447 3458 3409
f 3447 3409 3398
f 3481 3433 3410
f 3481 3410 3457
f 3423 3434 3483
f 3423 3483 3470
f 3471 3482 3459
f 3471 3459 3446
v 2.8134005 -0.7990000 0.7997847
v 2.8146739 -0.8010000 0.8013269
v 2.8131318 -0.7990000 0.8026003
v 2.8135705 -0.7999987 0.7999907
v 2.8128004 -0.7990000 0.8006266
v 2.8129983 -0.7999564 0.8007998
v 2.8139038 -0.8007329 0.8019628
v 2.8140380 -0.8007329 0.8005568
v 2.8133276 -0.8004733 0.8011984
v 2.8127019 -0.7990000 0.8016602
v 2.8133378 -0.7999987 0.8024302
v 2.8129289 -0.7999564 0.8015275
v 2.8159475 -0.8010000 0.8028690
v 2.8172209 -0.7990000 0.8044111
v 2.8144052 -0.7990000 0.8041425
v 2.8165834 -0.8007329 0.8036391
v 2.8151774 -0.8007329 0.8035049
v 2.8158190 -0.8004733 0.8042154
v 2.8162808 -0.7990000 0.8048410
v 2.8170507 -0.7999987 0.8042051
v 2.8161480 -0.7999564 0.8046140
v 2.8146114 -0.7999987 0.8039724
v 2.8152473 -0.7990000 0.8047424
v 2.8154204 -0.7999564 0.8045446
v 2.8134005 -0.6230000 0.7997847
v 2.8131318 -0.6230000 0.8026003
v 2.8146739 -0.6210001 0.8013269
v 2.8128004 -0.6230000 0.8006266
v 2.8135705 -0.6220013 0.7999907
v 2.8129983 -0.6220436 0.8007998
v 2.8133378 -0.6220013 0.8024302
v 2.8127019 -0.6230000 0.8016602
v 2.8129289 -0.6220436 0.8015275
v 2.8140380 -0.6212672 0.8005568
v 2.8139038 -0.6212672 0.8019628
v 2.8133276 -0.6215267 0.8011984
v 2.8172209 -0.6230000 0.8044111
v 2.8159475 -0.6210001 0.8028690
v 2.8144052 -0.6230000 0.8041425
v 2.8170507 -0.6220013 0.8042051
v 2.8162808 -0.6230000 0.8048410
v 2.8161480 -0.6220436 0.8046140
v 2.8151774 -0.6212672 0.8035049
v 2.8165834 -0.6212672 0.8036391
v 2.8158190 -0.6215268 0.8042154
v 2.8152473 -0.6230000 0.8047424
v 2.8146114 -0.6220013 0.8039724
v 2.8154204 -0.6220436 0.8045446
v 2.8995306 -0.7990000 0.7286581
v 2.9023464 -0.7990000 0.7289268
v 2.9008040 -0.8010000 0.7302003
v 2.9004707 -0.7990000 0.7282282
v 2.8997009 -0.7999987 0.7288641
v 2.9006035 -0.7999564 0.7284552
v 2.9021401 -0.7999987 0.7290969
v 2.9015043 -0.7990000 0.7283269
v 2.9013312 -0.7999564 0.7285247
v 2.9001682 -0.8007329 0.7294302
v 2.9015741 -0.8007329 0.7295644
v 2.9009326 -0.8004733 0.7288538
v 2.9033511 -0.7990000 0.7332845
v 2.9020777 -0.8010000 0.7317424
v 2.9036198 -0.7990000 0.7304689
v 2.9031811 -0.7999987 0.7330785
v 2.9039512 -0.7990000 0.7324426
v 2.9037533 -0.7999564 0.7322694
v 2.9028478 -0.8007329 0.7311065
v 2.9027135 -0.8007329 0.7325125
v 2.9034240 -0.8004733 0.7318709
v 2.9040496 -0.7990000 0.7314091
v 2.9034138 -0.7999987 0.7306390
v 2.9038227 -0.7999564 0.7315418
v 2.8995306 -0.6230000 0.7286581
v 2.9008040 -0.6210001 0.7302003
v 2.9023464 -0.6230000 0.7289268
v 2.8997009 -0.6220013 0.7288641
v 2.9004707 -0.6230000 0.7282282
v 2.9006035 -0.6220436 0.7284552
v 2.9015741 -0.6212672 0.7295644
v 2.9001682 -0.6212672 0.7294302
v 2.9009326 -0.6215268 0.7288538
v 2.9015043 -0.6230000 0.7283269
v 2.9021401 -0.6220013 0.7290969
v 2.9013312 -0.6220436 0.7285247
v 2.9033511 -0.6230000 0.7332845
v 2.9036198 -0.6230000 0.7304689
v 2.9020777 -0.6210001 0.7317424
v 2.9039512 -0.6230000 0.7324426
v 2.9031811 -0.6220013 0.7330785
v 2.9037533 -0.6220436 0.7322694
v 2.9034138 -0.6220013 0.7306390
v 2.9040496 -0.6230000 0.7314091
v 2.9038227 -0.6220436 0.7315418
v 2.9027135 -0.6212672 0.7325125
v 2.9028478 -0.6212672 0.7311065
v 2.9034240 -0.6215267 0.7318709
f 3493 3496 3498
f 3493 3498 3497
f 3496 3500 3501
f 3496 3501 3498
f 3494 3499 3501
f 3494 3501 3500
f 3499 3503 3504
f 3499 3504 3501
f 3495 3502 3504
f 3495 3504 3503
f 3502 3497 3498
f 3502 3498 3504
f 3498 3501 3504
f 3505 3508 3510
f 3505 3510 3509
f 3508 3512 3513
f 3508 3513 3510
f 3506 3511 3513
f 3506 3513 3512
f 3511 3515 3516
f 3511 3516 3513
f 3507 3514 3516
f 3507 3516 3515
f 3514 3509 3510
f 3514 3510 3516
f 3510 3513 3516
f 3517 3520 3522
f 3517 3522 3521
f 3520 3524 3525
f 3520 3525 3522
f 3518 3523 3525
f 3518 3525 3524
f 3523 3527 3528
f 3523 3528 3525
f 3519 3526 3528
f 3519 3528 3527
f 3526 3521 3522
f 3526 3522 3528
f 3522 3525 3528
f 3529 3532 3534
f 3529 3534 3533
f 3532 3536 3537
f 3532 3537 3534
f 3530 3535 3537
f 3530 3537 3536
f 3535 3539 3540
f 3535 3540 3537
f 3531 3538 3540
f 3531 3540 3539
f 3538 3533 3534
f 3538 3534 3540
f 3534 3537 3540
f 3541 3544 3546
f 3541 3546 3545
f 3544 3548 3549
f 3544 3549 3546
f 3542 3547 3549
f 3542 3549 3548
f 3547 3551 3552
f 3547 3552 3549
f 3543 3550 3552
f 3543 3552 3551
f 3550 3545 3546
f 3550 3546 3552
f 3546 3549 3552
f 3553 3556 3558
f 3553 3558 3557
f 3556 3560 3561
f 3556 3561 3558
f 3554 3559 3561
f 3554 3561 3560
f 3559 3563 3564
f 3559 3564 3561
f 3555 3562 3564
f 3555 3564 3563
f 3562 3557 3558
f 3562 3558 3564
f 3558 3561 3564
f 3565 3568 3570
f 3565 3570 3569
f 3568 3572 3573
f 3568 3573 3570
f 3566 3571 3573
f 3566 3573 3572
f 3571 3575 3576
f 3571 3576 3573
f 3567 3574 3576
f 3567 3576 3575
f 3574 3569 3570
f 3574 3570 3576
f 3570 3573 3576
f 3577 3580 3582
f 3577 3582 3581
f 3580 3584 3585
f 3580 3585 3582
f 3578 3583 3585
f 3578 3585 3584
f 3583 3587 3588
f 3583 3588 3585
f 3579 3586 3588
f 3579 3588 3587
f 3586 3581 3582
f 3586 3582 3588
f 3582 3585 3588
f 3517 3493 3497
f 3517 3497 3520
f 3520 3497 3502
f 3520 3502 3524
f 3524 3502 3495
f 3524 3495 3518
f 3494 3505 3509
f 3494 3509 3499
f 3499 3509 3514
f 3499 3514 3503
f 3503 3514 3507
f 3503 3507 3495
f 3506 3529 3533
f 3506 3533 3511
f 3511 3533 3538
f 3511 3538 3515
f 3515 3538 3531
f 3515 3531 3507
f 3530 3519 3527
f 3530 3527 3535
f 3535 3527 3523
f 3535 3523 3539
f 3539 3523 3518
f 3539 3518 3531
f 3565 3517 3521
f 3565 3521 3568
f 3568 3521 3526
f 3568 3526 3572
f 3572 3526 3519
f 3572 3519 3566
f 3529 3577 3581
f 3529 3581 3532
f 3532 3581 3586
f 3532 3586 3536
f 3536 3586 3579
f 3536 3579 3530
f 3578 3567 3575
f 3578 3575 3583
f 3583 3575 3571
f 3583 3571 3587
f 3587 3571 3566
f 3587 3566 3579
f 3541 3565 3569
f 3541 3569 3544
f 3544 3569 3574
f 3544 3574 3548
f 3548 3574 3567
f 3548 3567 3542
f 3577 3553 3557
f 3577 3557 3580
f 3580 3557 3562
f 3580 3562 3584
f 3584 3562 3555
f 3584 3555 3578
f 3554 3543 3551
f 3554 3551 3559
f 3559 3551 3547
f 3559 3547 3563
f 3563 3547 3542
f 3563 3542 3555
f 3493 3541 3545
f 3493 3545 3496
f 3496 3545 3550
f 3496 3550 3500
f 3500 3550 3543
f 3500 3543 3494
f 3553 3506 3512
f 3553 3512 3556
f 3556 3512 3508
f 3556 3508 3560
f 3560 3508 3505
f 3560 3505 3554
f 3517 3565 3541
f 3517 3541 3493
f 3495 3507 3531
f 3495 3531 3518
f 3543 3554 3505
f 3543 3505 3494
f 3577 3529 3506
f 3577 3506 3553
f 3519 3530 3579
f 3519 3579 3566
f 3567 3578 3555
f 3567 3555 3542
v 2.7179105 -0.7990000 0.8484143
v 2.7188263 -0.8010000 0.8501924
v 2.7170484 -0.7990000 0.8511081
v 2.7180331 -0.7999987 0.8486519
v 2.7171452 -0.7990000 0.8491091
v 2.7173016 -0.7999564 0.8493205
v 2.7179384 -0.8007329 0.8506497
v 2.7183690 -0.8007329 0.8493045
v 2.7175381 -0.8004733 0.8497800
v 2.7168286 -0.7990000 0.8500979
v 2.7172859 -0.7999987 0.8509858
v 2.7170787 -0.7999564 0.8500167
v 2.7197421 -0.8010000 0.8519704
v 2.7206578 -0.7990000 0.8537484
v 2.7179642 -0.7990000 0.8528861
v 2.7201993 -0.8007329 0.8528582
v 2.7188542 -0.8007329 0.8524277
v 2.7193298 -0.8004733 0.8532586
v 2.7196476 -0.7990000 0.8539681
v 2.7205355 -0.7999987 0.8535109
v 2.7195663 -0.7999564 0.8537181
v 2.7182016 -0.7999987 0.8527638
v 2.7186589 -0.7990000 0.8536516
v 2.7188702 -0.7999564 0.8534952
v 2.7179105 -0.6230000 0.8484143
v 2.7170484 -0.6230000 0.8511081
v 2.7188263 -0.6210001 0.8501924
v 2.7171452 -0.6230000 0.8491091
v 2.7180331 -0.6220013 0.8486519
v 2.7173016 -0.6220436 0.8493205
v 2.7172859 -0.6220013 0.8509858
v 2.7168286 -0.6230000 0.8500979
v 2.7170787 -0.6220436 0.8500167
v 2.7183690 -0.6212672 0.8493045
v 2.7179384 -0.6212672 0.8506497
v 2.7175381 -0.6215267 0.8497800
v 2.7206578 -0.6230000 0.8537484
v 2.7197421 -0.6210001 0.8519704
v 2.7179642 -0.6230000 0.8528861
v 2.7205355 -0.6220013 0.8535109
v 2.7196476 -0.6230000 0.8539681
v 2.7195663 -0.6220436 0.8537181
v 2.7188542 -0.6212672 0.8524277
v 2.7201993 -0.6212672 0.8528582
v 2.7193298 -0.6215268 0.8532586
v 2.7186589 -0.6230000 0.8536516
v 2.7182016 -0.6220013 0.8527638
v 2.7188702 -0.6220436 0.8534952
v 2.8172159 -0.7990000 0.7972687
v 2.8199096 -0.7990000 0.7981310
v 2.8181317 -0.8010000 0.7990468
v 2.8182261 -0.7990000 0.7970490
v 2.8173382 -0.7999987 0.7975063
v 2.8183074 -0.7999564 0.7972991
v 2.8196721 -0.7999987 0.7982534
v 2.8192148 -0.7990000 0.7973655
v 2.8190036 -0.7999564 0.7975219
v 2.8176744 -0.8007329 0.7981589
v 2.8190196 -0.8007329 0.7985895
v 2.8185439 -0.8004733 0.7977586
v 2.8199632 -0.7990000 0.8026029
v 2.8190475 -0.8010000 0.8008248
v 2.8208253 -0.7990000 0.7999091
v 2.8198407 -0.7999987 0.8023653
v 2.8207285 -0.7990000 0.8019081
v 2.8205721 -0.7999564 0.8016967
v 2.8199353 -0.8007329 0.8003675
v 2.8195047 -0.8007329 0.8017127
v 2.8203356 -0.8004733 0.8012372
v 2.8210452 -0.7990000 0.8009193
v 2.8205879 -0.7999987 0.8000314
v 2.8207951 -0.7999564 0.8010005
v 2.8172159 -0.6230000 0.7972687
v 2.8181317 -0.6210001 0.7990468
v 2.8199096 -0.6230000 0.7981310
v 2.8173382 -0.6220013 0.7975063
v 2.8182261 -0.6230000 0.7970490
v 2.8183074 -0.6220436 0.7972991
v 2.8190196 -0.6212672 0.7985895
v 2.8176744 -0.6212672 0.7981589
v 2.8185439 -0.6215268 0.7977586
v 2.8192148 -0.6230000 0.7973655
v 2.8196721 -0.6220013 0.7982534
v 2.8190036 -0.6220436 0.7975219
v 2.8199632 -0.6230000 0.8026029
v 2.8208253 -0.6230000 0.7999091
v 2.8190475 -0.6210001 0.8008248
v 2.8207285 -0.6230000 0.8019081
v 2.8198407 -0.6220013 0.8023653
v 2.8205721 -0.6220436 0.8016967
v 2.8205879 -0.6220013 0.8000314
v 2.8210452 -0.6230000 0.8009193
v 2.8207951 -0.6220436 0.8010005
v 2.8195047 -0.6212672 0.8017127
v 2.8199353 -0.6212672 0.8003675
v 2.8203356 -0.6215267 0.8012372
f 3589 3592 3594
f 3589 3594 3593
f 3592 3596 3597
f 3592 3597 3594
f 3590 3595 3597
f 3590 3597 3596
f 3595 3599 3600
f 3595 3600 3597
f 3591 3598 3600
f 3591 3600 3599
f 3598 3593 3594
f 3598 3594 3600
f 3594 3597 3600
f 3601 3604 3606
f 3601 3606 3605
f 3604 3608 3609
f 3604 3609 3606
f 3602 3607 3609
f 3602 3609 3608
f 3607 3611 3612
f 3607 3612 3609
f 3603 3610 3612
f 3603 3612 3611
f 3610 3605 3606
f 3610 3606 3612
f 3606 3609 3612
f 3613 3616 3618
f 3613 3618 3617
f 3616 3620 3621
f 3616 3621 3618
f 3614 3619 3621
f 3614 3621 3620
f 3619 3623 3624
f 3619 3624 3621
f 3615 3622 3624
f 3615 3624 3623
f 3622 3617 3618
f 3622 3618 3624
f 3618 3621 3624
f 3625 3628 3630
f 3625 3630 3629
f 3628 3632 3633
f 3628 3633 3630
f 3626 3631 3633
f 3626 3633 3632
f 3631 3635 3636
f 3631 3636 3633
f 3627 3634 3636
f 3627 3636 3635
f 3634 3629 3630
f 3634 3630 3636
f 3630 3633 3636
f 3637 3640 3642
f 3637 3642 3641
f 3640 3644 3645
f 3640 3645 3642
f 3638 3643 3645
f 3638 3645 3644
f 3643 3647 3648
f 3643 3648 3645
f 3639 3646 3648
f 3639 3648 3647
f 3646 3641 3642
f 3646 3642 3648
f 3642 3645 3648
f 3649 3652 3654
f 3649 3654 3653
f 3652 3656 3657
f 3652 3657 3654
f 3650 3655 3657
f 3650 3657 3656
f 3655 3659 3660
f 3655 3660 3657
f 3651 3658 3660
f 3651 3660 3659
f 3658 3653 3654
f 3658 3654 3660
f 3654 3657 3660
f 3661 3664 3666
f 3661 3666 3665
f 3664 3668 3669
f 3664 3669 3666
f 3662 3667 3669
f 3662 3669 3668
f 3667 3671 3672
f 3667 3672 3669
f 3663 3670 3672
f 3663 3672 3671
f 3670 3665 3666
f 3670 3666 3672
f 3666 3669 3672
f 3673 3676 3678
f 3673 3678 3677
f 3676 3680 3681
f 3676 3681 3678
f 3674 3679 3681
f 3674 3681 3680
f 3679 3683 3684
f 3679 3684 3681
f 3675 3682 3684
f 3675 3684 3683
f 3682 3677 3678
f 3682 3678 3684
f 3678 3681 3684
f 3613 3589 3593
f 3613 3593 3616
f 3616 3593 3598
f 3616 3598 3620
f 3620 3598 3591
f 3620 3591 3614
f 3590 3601 3605
f 3590 3605 3595
f 3595 3605 3610
f 3595 3610 3599
f 3599 3610 3603
f 3599 3603 3591
f 3602 3625 3629
f 3602 3629 3607
f 3607 3629 3634
f 3607 3634 3611
f 3611 3634 3627
f 3611 3627 3603
f 3626 3615 3623
f 3626 3623 3631
f 3631 3623 3619
f 3631 3619 3635
f 3635 3619 3614
f 3635 3614 3627
f 3661 3613 3617
f 3661 3617 3664
f 3664 3617 3622
f 3664 3622 3668
f 3668 3622 3615
f 3668 3615 3662
f 3625 3673 3677
f 3625 3677 3628
f 3628 3677 3682
f 3628 3682 3632
f 3632 3682 3675
f 3632 3675 3626
f 3674 3663 3671
f 3674 3671 3679
f 3679 3671 3667
f 3679 3667 3683
f 3683 3667 3662
f 3683 3662 3675
f 3637 3661 3665
f 3637 3665 3640
f 3640 3665 3670
f 3640 3670 3644
f 3644 3670 3663
f 3644 3663 3638
f 3673 3649 3653
f 3673 3653 3676
f 3676 3653 3658
f 3676 3658 3680
f 3680 3658 3651
f 3680 3651 3674
f 3650 3639 3647
f 3650 3647 3655
f 3655 3647 3643
f 3655 3643 3659
f 3659 3643 3638
f 3659 3638 3651
f 3589 3637 3641
f 3589 3641 3592
f 3592 3641 3646
f 3592 3646 3596
f 3596 3646 3639
f 3596 3639 3590
f 3649 3602 3608
f 3649 3608 3652
f 3652 3608 3604
f 3652 3604 3656
f 3656 3604 3601
f 3656 3601 3650
f 3613 3661 3637
f 3613 3637 3589
f 3591 3603 3627
f 3591 3627 3614
f 3639 3650 3601
f 3639 3601 3590
f 3673 3625 3602
f 3673 3602 3649
f 3615 3626 3675
f 3615 3675 3662
f 3663 3674 3651
f 3663 3651 3638
v 2.6142535 -0.7990000 0.8755854
v 2.6147695 -0.8010000 0.8775178
v 2.6128371 -0.7990000 0.8780337
v 2.6143224 -0.7999987 0.8758436
v 2.6133575 -0.7990000 0.8761013
v 2.6134653 -0.7999564 0.8763411
v 2.6138046 -0.8007329 0.8777754
v 2.6145117 -0.8007329 0.8765529
v 2.6135986 -0.8004733 0.8768405
v 2.6128376 -0.7990000 0.8769999
v 2.6130953 -0.7999987 0.8779648
v 2.6130993 -0.7999564 0.8769738
v 2.6152854 -0.8010000 0.8794501
v 2.6158013 -0.7990000 0.8813823
v 2.6133530 -0.7990000 0.8799660
v 2.6155429 -0.8007329 0.8804150
v 2.6143205 -0.8007329 0.8797077
v 2.6146080 -0.8004733 0.8806208
v 2.6147676 -0.7990000 0.8813819
v 2.6157324 -0.7999987 0.8811242
v 2.6147413 -0.7999564 0.8811202
v 2.6136112 -0.7999987 0.8798971
v 2.6138687 -0.7990000 0.8808620
v 2.6141086 -0.7999564 0.8807542
v 2.6142535 -0.6230000 0.8755854
v 2.6128371 -0.6230000 0.8780337
v 2.6147695 -0.6210001 0.8775178
v 2.6133575 -0.6230000 0.8761013
v 2.6143224 -0.6220013 0.8758436
v 2.6134653 -0.6220436 0.8763411
v 2.6130953 -0.6220013 0.8779648
v 2.6128376 -0.6230000 0.8769999
v 2.6130993 -0.6220436 0.8769738
v 2.6145117 -0.6212672 0.8765529
v 2.6138046 -0.6212672 0.8777754
v 2.6135986 -0.6215267 0.8768405
v 2.6158013 -0.6230000 0.8813823
v 2.6152854 -0.6210001 0.8794501
v 2.6133530 -0.6230000 0.8799660
v 2.6157324 -0.6220013 0.8811242
v 2.6147676 -0.6230000 0.8813819
v 2.6147413 -0.6220436 0.8811202
v 2.6143205 -0.6212672 0.8797077
v 2.6155429 -0.6212672 0.8804150
v 2.6146080 -0.6215268 0.8806208
v 2.6138687 -0.6230000 0.8808620
v 2.6136112 -0.6220013 0.8798971
v 2.6141086 -0.6220436 0.8807542
v 2.7221746 -0.7990000 0.8467690
v 2.7246230 -0.7990000 0.8481853
v 2.7226906 -0.8010000 0.8487012
v 2.7232084 -0.7990000 0.8467695
v 2.7222435 -0.7999987 0.8470271
v 2.7232347 -0.7999564 0.8470311
v 2.7243648 -0.7999987 0.8482542
v 2.7241073 -0.7990000 0.8472893
v 2.7238674 -0.7999564 0.8473971
v 2.7224331 -0.8007329 0.8477364
v 2.7236555 -0.8007329 0.8484436
v 2.7233679 -0.8004733 0.8475305
v 2.7237225 -0.7990000 0.8525659
v 2.7232065 -0.8010000 0.8506336
v 2.7251389 -0.7990000 0.8501176
v 2.7236536 -0.7999987 0.8523077
v 2.7246184 -0.7990000 0.8520501
v 2.7245107 -0.7999564 0.8518102
v 2.7241714 -0.8007329 0.8503759
v 2.7234643 -0.8007329 0.8515984
v 2.7243774 -0.8004733 0.8513108
v 2.7251384 -0.7990000 0.8511514
v 2.7248807 -0.7999987 0.8501865
v 2.7248766 -0.7999564 0.8511775
v 2.7221746 -0.6230000 0.8467690
v 2.7226906 -0.6210001 0.8487012
v 2.7246230 -0.6230000 0.8481853
v 2.7222435 -0.6220013 0.8470271
v 2.7232084 -0.6230000 0.8467695
v 2.7232347 -0.6220436 0.8470311
v 2.7236555 -0.6212672 0.8484436
v 2.7224331 -0.6212672 0.8477364
v 2.7233679 -0.6215268 0.8475305
v 2.7241073 -0.6230000 0.8472893
v 2.7243648 -0.6220013 0.8482542
v 2.7238674 -0.6220436 0.8473971
v 2.7237225 -0.6230000 0.8525659
v 2.7251389 -0.6230000 0.8501176
v 2.7232065 -0.6210001 0.8506336
v 2.7246184 -0.6230000 0.8520501
v 2.7236536 -0.6220013 0.8523077
v 2.7245107 -0.6220436 0.8518102
v 2.7248807 -0.6220013 0.8501865
v 2.7251384 -0.6230000 0.8511514
v 2.7248766 -0.6220436 0.8511775
v 2.7234643 -0.6212672 0.8515984
v 2.7241714 -0.6212672 0.8503759
v 2.7243774 -0.6215267 0.8513108
f 3685 3688 3690
f 3685 3690 3689
f 3688 3692 3693
f 3688 3693 3690
f 3686 3691 3693
f 3686 3693 3692
f 3691 3695 3696
f 3691 3696 3693
f 3687 3694 3696
f 3687 3696 3695
f 3694 3689 3690
f 3694 3690 3696
f 3690 3693 3696
f 3697 3700 3702
f 3697 3702 3701
f 3700 3704 3705
f 3700 3705 3702
f 3698 3703 3705
f 3698 3705 3704
f 3703 3707 3708
f 3703 3708 3705
f 3699 3706 3708
f 3699 3708 3707
f 3706 3701 3702
f 3706 3702 3708
f 3702 3705 3708
f 3709 3712 3714
f 3709 3714 3713
f 3712 3716 3717
f 3712 3717 3714
f 3710 3715 3717
f 3710 3717 3716
f 3715 3719 3720
f 3715 3720 3717
f 3711 3718 3720
f 3711 3720 3719
f 3718 3713 3714
f 3718 3714 3720
f 3714 3717 3720
f 3721 3724 3726
f 3721 3726 3725
f 3724 3728 3729
f 3724 3729 3726
f 3722 3727 3729
f 3722 3729 3728
f 3727 3731 3732
f 3727 3732 3729
f 3723 3730 3732
f 3723 3732 3731
f 3730 3725 3726
f 3730 3726 3732
f 3726 3729 3732
f 3733 3736 3738
f 3733 3738 3737
f 3736 3740 3741
f 3736 3741 3738
f 3734 3739 3741
f 3734 3741 3740
f 3739 3743 3744
f 3739 3744 3741
f 3735 3742 3744
f 3735 3744 3743
f 3742 3737 3738
f 3742 3738 3744
f 3738 3741 3744
f 3745 3748 3750
f 3745 3750 3749
f 3748 3752 3753
f 3748 3753 3750
f 3746 3751 3753
f 3746 3753 3752
f 3751 3755 3756
f 3751 3756 3753
f 3747 3754 3756
f 3747 3756 3755
f 3754 3749 3750
f 3754 3750 3756
f 3750 3753 3756
f 3757 3760 3762
f 3757 3762 3761
f 3760 3764 3765
f 3760 3765 3762
f 3758 3763 3765
f 3758 3765 3764
f 3763 3767 3768
f 3763 3768 3765
f 3759 3766 3768
f 3759 3768 3767
f 3766 3761 3762
f 3766 3762 3768
f 3762 3765 3768
f 3769 3772 3774
f 3769 3774 3773
f 3772 3776 3777
f 3772 3777 3774
f 3770 3775 3777
f 3770 3777 3776
f 3775 3779 3780
f 3775 3780 3777
f 3771 3778 3780
f 3771 3780 3779
f 3778 3773 3774
f 3778 3774 3780
f 3774 3777 3780
f 3709 3685 3689
f 3709 3689 3712
f 3712 3689 3694
f 3712 3694 3716
f 3716 3694 3687
f 3716 3687 3710
f 3686 3697 3701
f 3686 3701 3691
f 3691 3701 3706
f 3691 3706 3695
f 3695 3706 3699
f 3695 3699 3687
f 3698 3721 3725
f 3698 3725 3703
f 3703 3725 3730
f 3703 3730 3707
f 3707 3730 3723
f 3707 3723 3699
f 3722 3711 3719
f 3722 3719 3727
f 3727 3719 3715
f 3727 3715 3731
f 3731 3715 3710
f 3731 3710 3723
f 3757 3709 3713
f 3757 3713 3760
f 3760 3713 3718
f 3760 3718 3764
f 3764 3718 3711
f 3764 3711 3758
f 3721 3769 3773
f 3721 3773 3724
f 3724 3773 3778
f 3724 3778 3728
f 3728 3778 3771
f 3728 3771 3722
f 3770 3759 3767
f 3770 3767 3775
f 3775 3767 3763
f 3775 3763 3779
f 3779 3763 3758
f 3779 3758 3771
f 3733 3757 3761
f 3733 3761 3736
f 3736 3761 3766
f 3736 3766 3740
f 3740 3766 3759
f 3740 3759 3734
f 3769 3745 3749
f 3769 3749 3772
f 3772 3749 3754
f 3772 3754 3776
f 3776 3754 3747
f 3776 3747 3770
f 3746 3735 3743
f 3746 3743 3751
f 3751 3743 3739
f 3751 3739 3755
f 3755 3739 3734
f 3755 3734 3747
f 3685 3733 3737
f 3685 3737 3688
f 3688 3737 3742
f 3688 3742 3692
f 3692 3742 3735
f 3692 3735 3686
f 3745 3698 3704
f 3745 3704 3748
f 3748 3704 3700
f 3748 3700 3752
f 3752 3700 3697
f 3752 3697 3746
f 3709 3757 3733
f 3709 3733 3685
f 3687 3699 3723
f 3687 3723 3710
f 3735 3746 3697
f 3735 3697 3686
f 3769 3721 3698
f 3769 3698 3745
f 3711 3722 3771
f 3711 3771 3758
f 3759 3770 3747
f 3759 3747 3734
v 2.5071871 -0.7990000 0.8800508
v 2.5072796 -0.8010000 0.8820487
v 2.5052817 -0.7990000 0.8821411
v 2.5071995 -0.7999987 0.8803177
v 2.5062020 -0.7990000 0.8803639
v 2.5062561 -0.7999564 0.8806212
v 2.5062821 -0.8007329 0.8820949
v 2.5072334 -0.8007329 0.8810511
v 2.5062799 -0.8004733 0.8811375
v 2.5055025 -0.7990000 0.8811312
v 2.5055487 -0.7999987 0.8821288
v 2.5057638 -0.7999564 0.8811614
v 2.5073721 -0.8010000 0.8840465
v 2.5074646 -0.7990000 0.8860444
v 2.5053742 -0.7990000 0.8841390
v 2.5074182 -0.8007329 0.8850442
v 2.5063744 -0.8007329 0.8840927
v 2.5064609 -0.8004733 0.8850461
v 2.5064545 -0.7990000 0.8858237
v 2.5074522 -0.7999987 0.8857775
v 2.5064847 -0.7999564 0.8855624
v 2.5056412 -0.7999987 0.8841267
v 2.5056872 -0.7990000 0.8851243
v 2.5059447 -0.7999564 0.8850700
v 2.5071871 -0.6230000 0.8800508
v 2.5052817 -0.6230000 0.8821411
v 2.5072796 -0.6210001 0.8820487
v 2.5062020 -0.6230000 0.8803639
v 2.5071995 -0.6220013 0.8803177
v 2.5062561 -0.6220436 0.8806212
v 2.5055487 -0.6220013 0.8821288
v 2.5055025 -0.6230000 0.8811312
v 2.5057638 -0.6220436 0.8811614
v 2.5072334 -0.6212672 0.8810511
v 2.5062821 -0.6212672 0.8820949
v 2.5062799 -0.6215267 0.8811375
v 2.5074646 -0.6230000 0.8860444
v 2.5073721 -0.6210001 0.8840465
v 2.5053742 -0.6230000 0.8841390
v 2.5074522 -0.6220013 0.8857775
v 2.5064545 -0.6230000 0.8858237
v 2.5064847 -0.6220436 0.8855624
v 2.5063744 -0.6212672 0.8840927
v 2.5074182 -0.6212672 0.8850442
v 2.5064609 -0.6215268 0.8850461
v 2.5056872 -0.6230000 0.8851243
v 2.5056412 -0.6220013 0.8841267
v 2.5059447 -0.6220436 0.8850700
v 2.6187699 -0.7990000 0.8748863
v 2.6208603 -0.7990000 0.8767917
v 2.6188624 -0.8010000 0.8768842
v 2.6197801 -0.7990000 0.8751070
v 2.6187823 -0.7999987 0.8751532
v 2.6197498 -0.7999564 0.8753682
v 2.6205933 -0.7999987 0.8768040
v 2.6205473 -0.7990000 0.8758064
v 2.6202898 -0.7999564 0.8758606
v 2.6188164 -0.8007329 0.8758865
v 2.6198602 -0.8007329 0.8768380
v 2.6197736 -0.8004733 0.8758845
v 2.6190474 -0.7990000 0.8808799
v 2.6189549 -0.8010000 0.8788820
v 2.6209528 -0.7990000 0.8787895
v 2.6190350 -0.7999987 0.8806130
v 2.6200325 -0.7990000 0.8805668
v 2.6199784 -0.7999564 0.8803095
v 2.6199524 -0.8007329 0.8788358
v 2.6190012 -0.8007329 0.8798796
v 2.6199546 -0.8004733 0.8797932
v 2.6207321 -0.7990000 0.8797995
v 2.6206858 -0.7999987 0.8788019
v 2.6204708 -0.7999564 0.8797693
v 2.6187699 -0.6230000 0.8748863
v 2.6188624 -0.6210001 0.8768842
v 2.6208603 -0.6230000 0.8767917
v 2.6187823 -0.6220013 0.8751532
v 2.6197801 -0.6230000 0.8751070
v 2.6197498 -0.6220436 0.8753682
v 2.6198602 -0.6212672 0.8768380
v 2.6188164 -0.6212672 0.8758865
v 2.6197736 -0.6215268 0.8758845
v 2.6205473 -0.6230000 0.8758064
v 2.6205933 -0.6220013 0.8768040
v 2.6202898 -0.6220436 0.8758606
v 2.6190474 -0.6230000 0.8808799
v 2.6209528 -0.6230000 0.8787895
v 2.6189549 -0.6210001 0.8788820
v 2.6200325 -0.6230000 0.8805668
v 2.6190350 -0.6220013 0.8806130
v 2.6199784 -0.6220436 0.8803095
v 2.6206858 -0.6220013 0.8788019
v 2.6207321 -0.6230000 0.8797995
v 2.6204708 -0.6220436 0.8797693
v 2.6190012 -0.6212672 0.8798796
v 2.6199524 -0.6212672 0.8788358
v 2.6199546 -0.6215267 0.8797932
f 3781 3784 3786
f 3781 3786 3785
f 3784 3788 3789
f 3784 3789 3786
f 3782 3787 3789
f 3782 3789 3788
f 3787 3791 3792
f 3787 3792 3789
f 3783 3790 3792
f 3783 3792 3791
f 3790 3785 3786
f 3790 3786 3792
f 3786 3789 3792
f 3793 3796 3798
f 3793 3798 3797
f 3796 3800 3801
f 3796 3801 3798
f 3794 3799 3801
f 3794 3801 3800
f 3799 3803 3804
f 3799 3804 3801
f 3795 3802 3804
f 3795 3804 3803
f 3802 3797 3798
f 3802 3798 3804
f 3798 3801 3804
f 3805 3808 3810
f 3805 3810 3809
f 3808 3812 3813
f 3808 3813 3810
f 3806 3811 3813
f 3806 3813 3812
f 3811 3815 3816
f 3811 3816 3813
f 3807 3814 3816
f 3807 3816 3815
f 3814 3809 3810
f 3814 3810 3816
f 3810 3813 3816
f 3817 3820 3822
f 3817 3822 3821
f 3820 3824 3825
f 3820 3825 3822
f 3818 3823 3825
f 3818 3825 3824
f 3823 3827 3828
f 3823 3828 3825
f 3819 3826 3828
f 3819 3828 3827
f 3826 3821 3822
f 3826 3822 3828
f 3822 3825 3828
f 3829 3832 3834
f 3829 3834 3833
f 3832 3836 3837
f 3832 3837 3834
f 3830 3835 3837
f 3830 3837 3836
f 3835 3839 3840
f 3835 3840 3837
f 3831 3838 3840
f 3831 3840 3839
f 3838 3833 3834
f 3838 3834 3840
f 3834 3837 3840
f 3841 3844 3846
f 3841 3846 3845
f 3844 3848 3849
f 3844 3849 3846
f 3842 3847 3849
f 3842 3849 3848
f 3847 3851 3852
f 3847 3852 3849
f 3843 3850 3852
f 3843 3852 3851
f 3850 3845 3846
f 3850 3846 3852
f 3846 3849 3852
f 3853 3856 3858
f 3853 3858 3857
f 3856 3860 3861
f 3856 3861 3858
f 3854 3859 3861
f 3854 3861 3860
f 3859 3863 3864
f 3859 3864 3861
f 3855 3862 3864
f 3855 3864 3863
f 3862 3857 3858
f 3862 3858 3864
f 3858 3861 3864
f 3865 3868 3870
f 3865 3870 3869
f 3868 3872 3873
f 3868 3873 3870
f 3866 3871 3873
f 3866 3873 3872
f 3871 3875 3876
f 3871 3876 3873
f 3867 3874 3876
f 3867 3876 3875
f 3874 3869 3870
f 3874 3870 3876
f 3870 3873 3876
f 3805 3781 3785
f 3805 3785 3808
f 3808 3785 3790
f 3808 3790 3812
f 3812 3790 3783
f 3812 3783 3806
f 3782 3793 3797
f 3782 3797 3787
f 3787 3797 3802
f 3787 3802 3791
f 3791 3802 3795
f 3791 3795 3783
f 3794 3817 3821
f 3794 3821 3799
f 3799 3821 3826
f 3799 3826 3803
f 3803 3826 3819
f 3803 3819 3795
f 3818 3807 3815
f 3818 3815 3823
f 3823 3815 3811
f 3823 3811 3827
f 3827 3811 3806
f 3827 3806 3819
f 3853 3805 3809
f 3853 3809 3856
f 3856 3809 3814
f 3856 3814 3860
f 3860 3814 3807
f 3860 3807 3854
f 3817 3865 3869
f 3817 3869 3820
f 3820 3869 3874
f 3820 3874 3824
f 3824 3874 3867
f 3824 3867 3818
f 3866 3855 3863
f 3866 3863 3871
f 3871 3863 3859
f 3871 3859 3875
f 3875 3859 3854
f 3875 3854 3867
f 3829 3853 3857
f 3829 3857 3832
f 3832 3857 3862
f 3832 3862 3836
f 3836 3862 3855
f 3836 3855 3830
f 3865 3841 3845
f 3865 3845 3868
f 3868 3845 3850
f 3868 3850 3872
f 3872 3850 3843
f 3872 3843 3866
f 3842 3831 3839
f 3842 3839 3847
f 3847 3839 3835
f 3847 3835 3851
f 3851 3835 3830
f 3851 3830 3843
f 3781 3829 3833
f 3781 3833 3784
f 3784 3833 3838
f 3784 3838 3788
f 3788 3838 3831
f 3788 3831 3782
f 3841 3794 3800
f 3841 3800 3844
f 3844 3800 3796
f 3844 3796 3848
f 3848 3796 3793
f 3848 3793 3842
f 3805 3853 3829
f 3805 3829 3781
f 3783 3795 3819
f 3783 3819 3806
f 3831 3842 3793
f 3831 3793 3782
f 3865 3817 3794
f 3865 3794 3841
f 3807 3818 3867
f 3807 3867 3854
f 3855 3866 3843
f 3855 3843 3830
v 2.4016273 -0.7990000 0.8616053
v 2.4012921 -0.8010000 0.8635769
v 2.3993204 -0.7990000 0.8632417
v 2.4015825 -0.7999987 0.8618687
v 2.4005980 -0.7990000 0.8617013
v 2.4005961 -0.7999564 0.8619642
v 2.4003077 -0.8007329 0.8634096
v 2.4014595 -0.8007329 0.8625924
v 2.4005096 -0.8004733 0.8624737
v 2.3997512 -0.7990000 0.8623019
v 2.3995838 -0.7999987 0.8632865
v 2.4000001 -0.7999564 0.8623871
v 2.4009569 -0.8010000 0.8655487
v 2.4006217 -0.7990000 0.8675203
v 2.3989851 -0.7990000 0.8652134
v 2.4007895 -0.8007329 0.8665332
v 2.3999722 -0.8007329 0.8653812
v 2.3998537 -0.8004733 0.8663312
v 2.3996818 -0.7990000 0.8670896
v 2.4006665 -0.7999987 0.8672569
v 2.3997669 -0.7999564 0.8668408
v 2.3992486 -0.7999987 0.8652582
v 2.3990812 -0.7990000 0.8662428
v 2.3993442 -0.7999564 0.8662446
v 2.4016273 -0.6230000 0.8616053
v 2.3993204 -0.6230000 0.8632417
v 2.4012921 -0.6210001 0.8635769
v 2.4005980 -0.6230000 0.8617013
v 2.4015825 -0.6220013 0.8618687
v 2.4005961 -0.6220436 0.8619642
v 2.3995838 -0.6220013 0.8632865
v 2.3997512 -0.6230000 0.8623019
v 2.4000001 -0.6220436 0.8623871
v 2.4014595 -0.6212672 0.8625924
v 2.4003077 -0.6212672 0.8634096
v 2.4005096 -0.6215267 0.8624737
v 2.4006217 -0.6230000 0.8675203
v 2.4009569 -0.6210001 0.8655487
v 2.3989851 -0.6230000 0.8652134
v 2.4006665 -0.6220013 0.8672569
v 2.3996818 -0.6230000 0.8670896
v 2.3997669 -0.6220436 0.8668408
v 2.3999722 -0.6212672 0.8653812
v 2.4007895 -0.6212672 0.8665332
v 2.3998537 -0.6215268 0.8663312
v 2.3990812 -0.6230000 0.8662428
v 2.3992486 -0.6220013 0.8652582
v 2.3993442 -0.6220436 0.8662446
v 2.5117490 -0.7990000 0.8803298
v 2.5133855 -0.7990000 0.8826368
v 2.5114138 -0.8010000 0.8823015
v 2.5126889 -0.7990000 0.8807606
v 2.5117042 -0.7999987 0.8805932
v 2.5126038 -0.7999564 0.8810094
v 2.5131221 -0.7999987 0.8825920
v 2.5132895 -0.7990000 0.8816074
v 2.5130265 -0.7999564 0.8816056
v 2.5115812 -0.8007329 0.8813170
v 2.5123985 -0.8007329 0.8824689
v 2.5125170 -0.8004733 0.8815190
v 2.5107434 -0.7990000 0.8862449
v 2.5110786 -0.8010000 0.8842732
v 2.5130503 -0.7990000 0.8846085
v 2.5107882 -0.7999987 0.8859815
v 2.5117726 -0.7990000 0.8861489
v 2.5117745 -0.7999564 0.8858860
v 2.5120630 -0.8007329 0.8844406
v 2.5109112 -0.8007329 0.8852578
v 2.5118611 -0.8004733 0.8853765
v 2.5126195 -0.7990000 0.8855482
v 2.5127869 -0.7999987 0.8845637
v 2.5123706 -0.7999564 0.8854631
v 2.5117490 -0.6230000 0.8803298
v 2.5114138 -0.6210001 0.8823015
v 2.5133855 -0.6230000 0.8826368
v 2.5117042 -0.6220013 0.8805932
v 2.5126889 -0.6230000 0.8807606
v 2.5126038 -0.6220436 0.8810094
v 2.5123985 -0.6212672 0.8824689
v 2.5115812 -0.6212672 0.8813170
v 2.5125170 -0.6215268 0.8815190
v 2.5132895 -0.6230000 0.8816074
v 2.5131221 -0.6220013 0.8825920
v 2.5130265 -0.6220436 0.8816056
v 2.5107434 -0.6230000 0.8862449
v 2.5130503 -0.6230000 0.8846085
v 2.5110786 -0.6210001 0.8842732
v 2.5117726 -0.6230000 0.8861489
v 2.5107882 -0.6220013 0.8859815
v 2.5117745 -0.6220436 0.8858860
v 2.5127869 -0.6220013 0.8845637
v 2.5126195 -0.6230000 0.8855482
v 2.5123706 -0.6220436 0.8854631
v 2.5109112 -0.6212672 0.8852578
v 2.5120630 -0.6212672 0.8844406
v 2.5118611 -0.6215267 0.8853765
f 3877 3880 3882
f 3877 3882 3881
f 3880 3884 3885
f 3880 3885 3882
f 3878 3883 3885
f 3878 3885 3884
f 3883 3887 3888
f 3883 3888 3885
f 3879 3886 3888
f 3879 3888 3887
f 3886 3881 3882
f 3886 3882 3888
f 3882 3885 3888
f 3889 3892 3894
f 3889 3894 3893
f 3892 3896 3897
f 3892 3897 3894
f 3890 3895 3897
f 3890 3897 3896
f 3895 3899 3900
f 3895 3900 3897
f 3891 3898 3900
f 3891 3900 3899
f 3898 3893 3894
f 3898 3894 3900
f 3894 3897 3900
f 3901 3904 3906
f 3901 3906 3905
f 3904 3908 3909
f 3904 3909 3906
f 3902 3907 3909
f 3902 3909 3908
f 3907 3911 3912
f 3907 3912 3909
f 3903 3910 3912
f 3903 3912 3911
f 3910 3905 3906
f 3910 3906 3912
f 3906 3909 3912
f 3913 3916 3918
f 3913 3918 3917
f 3916 3920 3921
f 3916 3921 3918
f 3914 3919 3921
f 3914 3921 3920
f 3919 3923 3924
f 3919 3924 3921
f 3915 3922 3924
f 3915 3924 3923
f 3922 3917 3918
f 3922 3918 3924
f 3918 3921 3924
f 3925 3928 3930
f 3925 3930 3929
f 3928 3932 3933
f 3928 3933 3930
f 3926 3931 3933
f 3926 3933 3932
f 3931 3935 3936
f 3931 3936 3933
f 3927 3934 3936
f 3927 3936 3935
f 3934 3929 3930
f 3934 3930 3936
f 3930 3933 3936
f 3937 3940 3942
f 3937 3942 3941
f 3940 3944 3945
f 3940 3945 3942
f 3938 3943 3945
f 3938 3945 3944
f 3943 3947 3948
f 3943 3948 3945
f 3939 3946 3948
f 3939 3948 3947
f 3946 3941 3942
f 3946 3942 3948
f 3942 3945 3948
f 3949 3952 3954
f 3949 3954 3953
f 3952 3956 3957
f 3952 3957 3954
f 3950 3955 3957
f 3950 3957 3956
f 3955 3959 3960
f 3955 3960 3957
f 3951 3958 3960
f 3951 3960 3959
f 3958 3953 3954
f 3958 3954 3960
f 3954 3957 3960
f 3961 3964 3966
f 3961 3966 3965
f 3964 3968 3969
f 3964 3969 3966
f 3962 3967 3969
f 3962 3969 3968
f 3967 3971 3972
f 3967 3972 3969
f 3963 3970 3972
f 3963 3972 3971
f 3970 3965 3966
f 3970 3966 3972
f 3966 3969 3972
f 3901 3877 3881
f 3901 3881 3904
f 3904 3881 3886
f 3904 3886 3908
f 3908 3886 3879
f 3908 3879 3902
f 3878 3889 3893
f 3878 3893 3883
f 3883 3893 3898
f 3883 3898 3887
f 3887 3898 3891
f 3887 3891 3879
f 3890 3913 3917
f 3890 3917 3895
f 3895 3917 3922
f 3895 3922 3899
f 3899 3922 3915
f 3899 3915 3891
f 3914 3903 3911
f 3914 3911 3919
f 3919 3911 3907
f 3919 3907 3923
f 3923 3907 3902
f 3923 3902 3915
f 3949 3901 3905
f 3949 3905 3952
f 3952 3905 3910
f 3952 3910 3956
f 3956 3910 3903
f 3956 3903 3950
f 3913 3961 3965
f 3913 3965 3916
f 3916 3965 3970
f 3916 3970 3920
f 3920 3970 3963
f 3920 3963 3914
f 3962 3951 3959
f 3962 3959 3967
f 3967 3959 3955
f 3967 3955 3971
f 3971 3955 3950
f 3971 3950 3963
f 3925 3949 3953
f 3925 3953 3928
f 3928 3953 3958
f 3928 3958 3932
f 3932 3958 3951
f 3932 3951 3926
f 3961 3937 3941
f 3961 3941 3964
f 3964 3941 3946
f 3964 3946 3968
f 3968 3946 3939
f 3968 3939 3962
f 3938 3927 3935
f 3938 3935 3943
f 3943 3935 3931
f 3943 3931 3947
f 3947 3931 3926
f 3947 3926 3939
f 3877 3925 3929
f 3877 3929 3880
f 3880 3929 3934
f 3880 3934 3884
f 3884 3934 3927
f 3884 3927 3878
f 3937 3890 3896
f 3937 3896 3940
f 3940 3896 3892
f 3940 3892 3944
f 3944 3892 3889
f 3944 3889 3938
f 3901 3949 3925
f 3901 3925 3877
f 3879 3891 3915
f 3879 3915 3902
f 3927 3938 3889
f 3927 3889 3878
f 3961 3913 3890
f 3961 3890 3937
f 3903 3914 3963
f 3903 3963 3950
f 3951 3962 3939
f 3951 3939 3926
v 2.3024201 -0.7990000 0.8210957
v 2.3016725 -0.8010000 0.8229507
v 2.2998176 -0.7990000 0.8222031
v 2.3023202 -0.7999987 0.8213435
v 2.3013940 -0.7990000 0.8209702
v 2.3013361 -0.7999564 0.8212267
v 2.3007462 -0.8007329 0.8225774
v 2.3020458 -0.8007329 0.8220244
v 2.3011429 -0.8004733 0.8217061
v 2.3004386 -0.7990000 0.8213767
v 2.3000653 -0.7999987 0.8223030
v 2.3006635 -0.7999564 0.8215129
v 2.3009250 -0.8010000 0.8248057
v 2.3001773 -0.7990000 0.8266608
v 2.2990699 -0.7990000 0.8240581
v 2.3005517 -0.8007329 0.8257321
v 2.2999988 -0.8007329 0.8244324
v 2.2996802 -0.8004733 0.8253353
v 2.2993510 -0.7990000 0.8260396
v 2.3002772 -0.7999987 0.8264129
v 2.2994871 -0.7999564 0.8258147
v 2.2993178 -0.7999987 0.8241580
v 2.2989445 -0.7990000 0.8250843
v 2.2992010 -0.7999564 0.8251421
v 2.3024201 -0.6230000 0.8210957
v 2.2998176 -0.6230000 0.8222031
v 2.3016725 -0.6210001 0.8229507
v 2.3013940 -0.6230000 0.8209702
v 2.3023202 -0.6220013 0.8213435
v 2.3013361 -0.6220436 0.8212267
v 2.3000653 -0.6220013 0.8223030
v 2.3004386 -0.6230000 0.8213767
v 2.3006635 -0.6220436 0.8215129
v 2.3020458 -0.6212672 0.8220244
v 2.3007462 -0.6212672 0.8225774
v 2.3011429 -0.6215267 0.8217061
v 2.3001773 -0.6230000 0.8266608
v 2.3009250 -0.6210001 0.8248057
v 2.2990699 -0.6230000 0.8240581
v 2.3002772 -0.6220013 0.8264129
v 2.2993510 -0.6230000 0.8260396
v 2.2994871 -0.6220436 0.8258147
v 2.2999988 -0.6212672 0.8244324
v 2.3005517 -0.6212672 0.8257321
v 2.2996802 -0.6215268 0.8253353
v 2.2989445 -0.6230000 0.8250843
v 2.2993178 -0.6220013 0.8241580
v 2.2992010 -0.6220436 0.8251421
v 2.4060252 -0.7990000 0.8628497
v 2.4071326 -0.7990000 0.8654523
v 2.4052775 -0.8010000 0.8647047
v 2.4068515 -0.7990000 0.8634709
v 2.4059253 -0.7999987 0.8630975
v 2.4067154 -0.7999564 0.8636958
v 2.4068847 -0.7999987 0.8653525
v 2.4072580 -0.7990000 0.8644261
v 2.4070015 -0.7999564 0.8643683
v 2.4056509 -0.8007329 0.8637784
v 2.4062037 -0.8007329 0.8650780
v 2.4065223 -0.8004733 0.8641751
v 2.4037824 -0.7990000 0.8684148
v 2.4045300 -0.8010000 0.8665597
v 2.4063849 -0.7990000 0.8673074
v 2.4038823 -0.7999987 0.8681669
v 2.4048085 -0.7990000 0.8685402
v 2.4048665 -0.7999564 0.8682837
v 2.4054563 -0.8007329 0.8669330
v 2.4041567 -0.8007329 0.8674861
v 2.4050596 -0.8004733 0.8678043
v 2.4057639 -0.7990000 0.8681338
v 2.4061372 -0.7999987 0.8672075
v 2.4055390 -0.7999564 0.8679975
v 2.4060252 -0.6230000 0.8628497
v 2.4052775 -0.6210001 0.8647047
v 2.4071326 -0.6230000 0.8654523
v 2.4059253 -0.6220013 0.8630975
v 2.4068515 -0.6230000 0.8634709
v 2.4067154 -0.6220436 0.8636958
v 2.4062037 -0.6212672 0.8650780
v 2.4056509 -0.6212672 0.8637784
v 2.4065223 -0.6215268 0.8641751
v 2.4072580 -0.6230000 0.8644261
v 2.4068847 -0.6220013 0.8653525
v 2.4070015 -0.6220436 0.8643683
v 2.4037824 -0.6230000 0.8684148
v 2.4063849 -0.6230000 0.8673074
v 2.4045300 -0.6210001 0.8665597
v 2.4048085 -0.6230000 0.8685402
v 2.4038823 -0.6220013 0.8681669
v 2.4048665 -0.6220436 0.8682837
v 2.4061372 -0.6220013 0.8672075
v 2.4057639 -0.6230000 0.8681338
v 2.4055390 -0.6220436 0.8679975
v 2.4041567 -0.6212672 0.8674861
v 2.4054563 -0.6212672 0.8669330
v 2.4050596 -0.6215267 0.8678043
f 3973 3976 3978
f 3973 3978 3977
f 3976 3980 3981
f 3976 3981 3978
f 3974 3979 3981
f 3974 3981 3980
f 3979 3983 3984
f 3979 3984 3981
f 3975 3982 3984
f 3975 3984 3983
f 3982 3977 3978
f 3982 3978 3984
f 3978 3981 3984
f 3985 3988 3990
f 3985 3990 3989
f 3988 3992 3993
f 3988 3993 3990
f 3986 3991 3993
f 3986 3993 3992
f 3991 3995 3996
f 3991 3996 3993
f 3987 3994 3996
f 3987 3996 3995
f 3994 3989 3990
f 3994 3990 3996
f 3990 3993 3996
f 3997 4000 4002
f 3997 4002 4001
f 4000 4004 4005
f 4000 4005 4002
f 3998 4003 4005
f 3998 4005 4004
f 4003 4007 4008
f 4003 4008 4005
f 3999 4006 4008
f 3999 4008 4007
f 4006 4001 4002
f 4006 4002 4008
f 4002 4005 4008
f 4009 4012 4014
f 4009 4014 4013
f 4012 4016 4017
f 4012 4017 4014
f 4010 4015 4017
f 4010 4017 4016
f 4015 4019 4020
f 4015 4020 4017
f 4011 4018 4020
f 4011 4020 4019
f 4018 4013 4014
f 4018 4014 4020
f 4014 4017 4020
f 4021 4024 4026
f 4021 4026 4025
f 4024 4028 4029
f 4024 4029 4026
f 4022 4027 4029
f 4022 4029 4028
f 4027 4031 4032
f 4027 4032 4029
f 4023 4030 4032
f 4023 4032 4031
f 4030 4025 4026
f 4030 4026 4032
f 4026 4029 4032
f 4033 4036 4038
f 4033 4038 4037
f 4036 4040 4041
f 4036 4041 4038
f 4034 4039 4041
f 4034 4041 4040
f 4039 4043 4044
f 4039 4044 4041
f 4035 4042 4044
f 4035 4044 4043
f 4042 4037 4038
f 4042 4038 4044
f 4038 4041 4044
f 4045 4048 4050
f 4045 4050 4049
f 4048 4052 4053
f 4048 4053 4050
f 4046 4051 4053
f 4046 4053 4052
f 4051 4055 4056
f 4051 4056 4053
f 4047 4054 4056
f 4047 4056 4055
f 4054 4049 4050
f 4054 4050 4056
f 4050 4053 4056
f 4057 4060 4062
f 4057 4062 4061
f 4060 4064 4065
f 4060 4065 4062
f 4058 4063 4065
f 4058 4065 4064
f 4063 4067 4068
f 4063 4068 4065
f 4059 4066 4068
f 4059 4068 4067
f 4066 4061 4062
f 4066 4062 4068
f 4062 4065 4068
f 3997 3973 3977
f 3997 3977 4000
f 4000 3977 3982
f 4000 3982 4004
f 4004 3982 3975
f 4004 3975 3998
f 3974 3985 3989
f 3974 3989 3979
f 3979 3989 3994
f 3979 3994 3983
f 3983 3994 3987
f 3983 3987 3975
f 3986 4009 4013
f 3986 4013 3991
f 3991 4013 4018
f 3991 4018 3995
f 3995 4018 4011
f 3995 4011 3987
f 4010 3999 4007
f 4010 4007 4015
f 4015 4007 4003
f 4015 4003 4019
f 4019 4003 3998
f 4019 3998 4011
f 4045 3997 4001
f 4045 4001 4048
f 4048 4001 4006
f 4048 4006 4052
f 4052 4006 3999
f 4052 3999 4046
f 4009 4057 4061
f 4009 4061 4012
f 4012 4061 4066
f 4012 4066 4016
f 4016 4066 4059
f 4016 4059 4010
f 4058 4047 4055
f 4058 4055 4063
f 4063 4055 4051
f 4063 4051 4067
f 4067 4051 4046
f 4067 4046 4059
f 4021 4045 4049
f 4021 4049 4024
f 4024 4049 4054
f 4024 4054 4028
f 4028 4054 4047
f 4028 4047 4022
f 4057 4033 4037
f 4057 4037 4060
f 4060 4037 4042
f 4060 4042 4064
f 4064 4042 4035
f 4064 4035 4058
f 4034 4023 4031
f 4034 4031 4039
f 4039 4031 4027
f 4039 4027 4043
f 4043 4027 4022
f 4043 4022 4035
f 3973 4021 4025
f 3973 4025 3976
f 3976 4025 4030
f 3976 4030 3980
f 3980 4030 4023
f 3980 4023 3974
f 4033 3986 3992
f 4033 3992 4036
f 4036 3992 3988
f 4036 3988 4040
f 4040 3988 3985
f 4040 3985 4034
f 3997 4045 4021
f 3997 4021 3973
f 3975 3987 4011
f 3975 4011 3998
f 4023 4034 3985
f 4023 3985 3974
f 4057 4009 3986
f 4057 3986 4033
f 3999 4010 4059
f 3999 4059 4046
f 4047 4058 4035
f 4047 4035 4022
v 2.2141201 -0.7990000 0.7603818
v 2.2129943 -0.8010000 0.7620350
v 2.2113411 -0.7990000 0.7609094
v 2.2139697 -0.7999987 0.7606027
v 2.2131441 -0.7990000 0.7600406
v 2.2130330 -0.7999564 0.7602789
v 2.2121689 -0.8007329 0.7614729
v 2.2135565 -0.8007329 0.7612095
v 2.2127421 -0.8004733 0.7607061
v 2.2121241 -0.7990000 0.7602342
v 2.2115622 -0.7999987 0.7610598
v 2.2123148 -0.7999564 0.7604153
v 2.2118688 -0.8010000 0.7636882
v 2.2107432 -0.7990000 0.7653413
v 2.2102156 -0.7990000 0.7625626
v 2.2113068 -0.8007329 0.7645137
v 2.2110434 -0.8007329 0.7631261
v 2.2105401 -0.8004733 0.7639405
v 2.2100680 -0.7990000 0.7645584
v 2.2108936 -0.7999987 0.7651205
v 2.2102492 -0.7999564 0.7643677
v 2.2104366 -0.7999987 0.7627130
v 2.2098744 -0.7990000 0.7635385
v 2.2101128 -0.7999564 0.7636496
v 2.2141201 -0.6230000 0.7603818
v 2.2113411 -0.6230000 0.7609094
v 2.2129943 -0.6210001 0.7620350
v 2.2131441 -0.6230000 0.7600406
v 2.2139697 -0.6220013 0.7606027
v 2.2130330 -0.6220436 0.7602789
v 2.2115622 -0.6220013 0.7610598
v 2.2121241 -0.6230000 0.7602342
v 2.2123148 -0.6220436 0.7604153
v 2.2135565 -0.6212672 0.7612095
v 2.2121689 -0.6212672 0.7614729
v 2.2127421 -0.6215267 0.7607061
v 2.2107432 -0.6230000 0.7653413
v 2.2118688 -0.6210001 0.7636882
v 2.2102156 -0.6230000 0.7625626
v 2.2108936 -0.6220013 0.7651205
v 2.2100680 -0.6230000 0.7645584
v 2.2102492 -0.6220436 0.7643677
v 2.2110434 -0.6212672 0.7631261
v 2.2113068 -0.6212672 0.7645137
v 2.2105401 -0.6215268 0.7639405
v 2.2098744 -0.6230000 0.7635385
v 2.2104366 -0.6220013 0.7627130
v 2.2101128 -0.6220436 0.7636496
v 2.3064520 -0.7990000 0.8232484
v 2.3069797 -0.7990000 0.8260272
v 2.3053265 -0.8010000 0.8249016
v 2.3071272 -0.7990000 0.8240314
v 2.3063016 -0.7999987 0.8234693
v 2.3069460 -0.7999564 0.8242221
v 2.3067586 -0.7999987 0.8258768
v 2.3073208 -0.7990000 0.8250513
v 2.3070824 -0.7999564 0.8249402
v 2.3058884 -0.8007329 0.8240761
v 2.3061519 -0.8007329 0.8254637
v 2.3066552 -0.8004733 0.8246493
v 2.3030751 -0.7990000 0.8282080
v 2.3042009 -0.8010000 0.8265548
v 2.3058541 -0.7990000 0.8276804
v 2.3032255 -0.7999987 0.8279871
v 2.3040512 -0.7990000 0.8285491
v 2.3041623 -0.7999564 0.8283108
v 2.3050263 -0.8007329 0.8271168
v 2.3036387 -0.8007329 0.8273803
v 2.3044531 -0.8004733 0.8278837
v 2.3050711 -0.7990000 0.8283556
v 2.3056331 -0.7999987 0.8275300
v 2.3048804 -0.7999564 0.8281745
v 2.3064520 -0.6230000 0.8232484
v 2.3053265 -0.6210001 0.8249016
v 2.3069797 -0.6230000 0.8260272
v 2.3063016 -0.6220013 0.8234693
v 2.3071272 -0.6230000 0.8240314
v 2.3069460 -0.6220436 0.8242221
v 2.3061519 -0.6212672 0.8254637
v 2.3058884 -0.6212672 0.8240761
v 2.3066552 -0.6215268 0.8246493
v 2.3073208 -0.6230000 0.8250513
v 2.3067586 -0.6220013 0.8258768
v 2.3070824 -0.6220436 0.8249402
v 2.3030751 -0.6230000 0.8282080
v 2.3058541 -0.6230000 0.8276804
v 2.3042009 -0.6210001 0.8265548
v 2.3040512 -0.6230000 0.8285491
v 2.3032255 -0.6220013 0.8279871
v 2.3041623 -0.6220436 0.8283108
v 2.3056331 -0.6220013 0.8275300
v 2.3050711 -0.6230000 0.8283556
v 2.3048804 -0.6220436 0.8281745
v 2.3036387 -0.6212672 0.8273803
v 2.3050263 -0.6212672 0.8271168
v 2.3044531 -0.6215267 0.8278837
f 4069 4072 4074
f 4069 4074 4073
f 4072 4076 4077
f 4072 4077 4074
f 4070 4075 4077
f 4070 4077 4076
f 4075 4079 4080
f 4075 4080 4077
f 4071 4078 4080
f 4071 4080 4079
f 4078 4073 4074
f 4078 4074 4080
f 4074 4077 4080
f 4081 4084 4086
f 4081 4086 4085
f 4084 4088 4089
f 4084 4089 4086
f 4082 4087 4089
f 4082 4089 4088
f 4087 4091 4092
f 4087 4092 4089
f 4083 4090 4092
f 4083 4092 4091
f 4090 4085 4086
f 4090 4086 4092
f 4086 4089 4092
f 4093 4096 4098
f 4093 4098 4097
f 4096 4100 4101
f 4096 4101 4098
f 4094 4099 4101
f 4094 4101 4100
f 4099 4103 4104
f 4099 4104 4101
f 4095 4102 4104
f 4095 4104 4103
f 4102 4097 4098
f 4102 4098 4104
f 4098 4101 4104
f 4105 4108 4110
f 4105 4110 4109
f 4108 4112 4113
f 4108 4113 4110
f 4106 4111 4113
f 4106 4113 4112
f 4111 4115 4116
f 4111 4116 4113
f 4107 4114 4116
f 4107 4116 4115
f 4114 4109 4110
f 4114 4110 4116
f 4110 4113 4116
f 4117 4120 4122
f 4117 4122 4121
f 4120 4124 4125
f 4120 4125 4122
f 4118 4123 4125
f 4118 4125 4124
f 4123 4127 4128
f 4123 4128 4125
f 4119 4126 4128
f 4119 4128 4127
f 4126 4121 4122
f 4126 4122 4128
f 4122 4125 4128
f 4129 4132 4134
f 4129 4134 4133
f 4132 4136 4137
f 4132 4137 4134
f 4130 4135 4137
f 4130 4137 4136
f 4135 4139 4140
f 4135 4140 4137
f 4131 4138 4140
f 4131 4140 4139
f 4138 4133 4134
f 4138 4134 4140
f 4134 4137 4140
f 4141 4144 4146
f 4141 4146 4145
f 4144 4148 4149
f 4144 4149 4146
f 4142 4147 4149
f 4142 4149 4148
f 4147 4151 4152
f 4147 4152 4149
f 4143 4150 4152
f 4143 4152 4151
f 4150 4145 4146
f 4150 4146 4152
f 4146 4149 4152
f 4153 4156 4158
f 4153 4158 4157
f 4156 4160 4161
f 4156 4161 4158
f 4154 4159 4161
f 4154 4161 4160
f 4159 4163 4164
f 4159 4164 4161
f 4155 4162 4164
f 4155 4164 4163
f 4162 4157 4158
f 4162 4158 4164
f 4158 4161 4164
f 4093 4069 4073
f 4093 4073 4096
f 4096 4073 4078
f 4096 4078 4100
f 4100 4078 4071
f 4100 4071 4094
f 4070 4081 4085
f 4070 4085 4075
f 4075 4085 4090
f 4075 4090 4079
f 4079 4090 4083
f 4079 4083 4071
f 4082 4105 4109
f 4082 4109 4087
f 4087 4109 4114
f 4087 4114 4091
f 4091 4114 4107
f 4091 4107 4083
f 4106 4095 4103
f 4106 4103 4111
f 4111 4103 4099
f 4111 4099 4115
f 4115 4099 4094
f 4115 4094 4107
f 4141 4093 4097
f 4141 4097 4144
f 4144 4097 4102
f 4144 4102 4148
f 4148 4102 4095
f 4148 4095 4142
f 4105 4153 4157
f 4105 4157 4108
f 4108 4157 4162
f 4108 4162 4112
f 4112 4162 4155
f 4112 4155 4106
f 4154 4143 4151
f 4154 4151 4159
f 4159 4151 4147
f 4159 4147 4163
f 4163 4147 4142
f 4163 4142 4155
f 4117 4141 4145
f 4117 4145 4120
f 4120 4145 4150
f 4120 4150 4124
f 4124 4150 4143
f 4124 4143 4118
f 4153 4129 4133
f 4153 4133 4156
f 4156 4133 4138
f 4156 4138 4160
f 4160 4138 4131
f 4160 4131 4154
f 4130 4119 4127
f 4130 4127 4135
f 4135 4127 4123
f 4135 4123 4139
f 4139 4123 4118
f 4139 4118 4131
f 4069 4117 4121
f 4069 4121 4072
f 4072 4121 4126
f 4072 4126 4076
f 4076 4126 4119
f 4076 4119 4070
f 4129 4082 4088
f 4129 4088 4132
f 4132 4088 4084
f 4132 4084 4136
f 4136 4084 4081
f 4136 4081 4130
f 4093 4141 4117
f 4093 4117 4069
f 4071 4083 4107
f 4071 4107 4094
f 4119 4130 4081
f 4119 4081 4070
f 4153 4105 4082
f 4153 4082 4129
f 4095 4106 4155
f 4095 4155 4142
f 4143 4154 4131
f 4143 4131 4118
v 2.1407807 -0.7990000 0.6822510
v 2.1393287 -0.8010000 0.6836264
v 2.1379533 -0.7990000 0.6821744
v 2.1405866 -0.7999987 0.6824347
v 2.1398997 -0.7990000 0.6817097
v 2.1397405 -0.7999564 0.6819189
v 2.1386418 -0.8007329 0.6829014
v 2.1400537 -0.8007329 0.6829396
v 2.1393652 -0.8004733 0.6822743
v 2.1388619 -0.7990000 0.6816816
v 2.1381369 -0.7999987 0.6823685
v 2.1390097 -0.7999564 0.6818991
v 2.1378767 -0.8010000 0.6850019
v 2.1364248 -0.7990000 0.6863773
v 2.1365013 -0.7990000 0.6835499
v 2.1371517 -0.8007329 0.6856887
v 2.1371899 -0.8007329 0.6842768
v 2.1365247 -0.8004733 0.6849653
v 2.1359320 -0.7990000 0.6854686
v 2.1366186 -0.7999987 0.6861935
v 2.1361494 -0.7999564 0.6853207
v 2.1366849 -0.7999987 0.6837439
v 2.1359599 -0.7990000 0.6844307
v 2.1361692 -0.7999564 0.6845900
v 2.1407807 -0.6230000 0.6822510
v 2.1379533 -0.6230000 0.6821744
v 2.1393287 -0.6210001 0.6836264
v 2.1398997 -0.6230000 0.6817097
v 2.1405866 -0.6220013 0.6824347
v 2.1397405 -0.6220436 0.6819189
v 2.1381369 -0.6220013 0.6823685
v 2.1388619 -0.6230000 0.6816816
v 2.1390097 -0.6220436 0.6818991
v 2.1400537 -0.6212672 0.6829396
v 2.1386418 -0.6212672 0.6829014
v 2.1393652 -0.6215267 0.6822743
v 2.1364248 -0.6230000 0.6863773
v 2.1378767 -0.6210001 0.6850019
v 2.1365013 -0.6230000 0.6835499
v 2.1366186 -0.6220013 0.6861935
v 2.1359320 -0.6230000 0.6854686
v 2.1361494 -0.6220436 0.6853207
v 2.1371899 -0.6212672 0.6842768
v 2.1371517 -0.6212672 0.6856887
v 2.1365247 -0.6215268 0.6849653
v 2.1359599 -0.6230000 0.6844307
v 2.1366849 -0.6220013 0.6837439
v 2.1361692 -0.6220436 0.6845900
v 2.2176006 -0.7990000 0.7633440
v 2.2175241 -0.7990000 0.7661714
v 2.2161486 -0.8010000 0.7647195
v 2.2180934 -0.7990000 0.7642528
v 2.2174067 -0.7999987 0.7635278
v 2.2178760 -0.7999564 0.7644006
v 2.2173405 -0.7999987 0.7659774
v 2.2180655 -0.7990000 0.7652906
v 2.2178562 -0.7999564 0.7651313
v 2.2168736 -0.8007329 0.7640327
v 2.2168355 -0.8007329 0.7654445
v 2.2175007 -0.8004733 0.7647561
v 2.2132447 -0.7990000 0.7674704
v 2.2146966 -0.8010000 0.7660949
v 2.2160721 -0.7990000 0.7675469
v 2.2134387 -0.7999987 0.7672866
v 2.2141256 -0.7990000 0.7680116
v 2.2142849 -0.7999564 0.7678025
v 2.2153835 -0.8007329 0.7668200
v 2.2139716 -0.8007329 0.7667817
v 2.2146602 -0.8004733 0.7674470
v 2.2151635 -0.7990000 0.7680397
v 2.2158885 -0.7999987 0.7673529
v 2.2150156 -0.7999564 0.7678222
v 2.2176006 -0.6230000 0.7633440
v 2.2161486 -0.6210001 0.7647195
v 2.2175241 -0.6230000 0.7661714
v 2.2174067 -0.6220013 0.7635278
v 2.2180934 -0.6230000 0.7642528
v 2.2178760 -0.6220436 0.7644006
v 2.2168355 -0.6212672 0.7654445
v 2.2168736 -0.6212672 0.7640327
v 2.2175007 -0.6215268 0.7647561
v 2.2180655 -0.6230000 0.7652906
v 2.2173405 -0.6220013 0.7659774
v 2.2178562 -0.6220436 0.7651313
v 2.2132447 -0.6230000 0.7674704
v 2.2160721 -0.6230000 0.7675469
v 2.2146966 -0.6210001 0.7660949
v 2.2141256 -0.6230000 0.7680116
v 2.2134387 -0.6220013 0.7672866
v 2.2142849 -0.6220436 0.7678025
v 2.2158885 -0.6220013 0.7673529
v 2.2151635 -0.6230000 0.7680397
v 2.2150156 -0.6220436 0.7678222
v 2.2139716 -0.6212672 0.7667817
v 2.2153835 -0.6212672 0.7668200
v 2.2146602 -0.6215267 0.7674470
f 4165 4168 4170
f 4165 4170 4169
f 4168 4172 4173
f 4168 4173 4170
f 4166 4171 4173
f 4166 4173 4172
f 4171 4175 4176
f 4171 4176 4173
f 4167 4174 4176
f 4167 4176 4175
f 4174 4169 4170
f 4174 4170 4176
f 4170 4173 4176
f 4177 4180 4182
f 4177 4182 4181
f 4180 4184 4185
f 4180 4185 4182
f 4178 4183 4185
f 4178 4185 4184
f 4183 4187 4188
f 4183 4188 4185
f 4179 4186 4188
f 4179 4188 4187
f 4186 4181 4182
f 4186 4182 4188
f 4182 4185 4188
f 4189 4192 4194
f 4189 4194 4193
f 4192 4196 4197
f 4192 4197 4194
f 4190 4195 4197
f 4190 4197 4196
f 4195 4199 4200
f 4195 4200 4197
f 4191 4198 4200
f 4191 4200 4199
f 4198 4193 4194
f 4198 4194 4200
f 4194 4197 4200
f 4201 4204 4206
f 4201 4206 4205
f 4204 4208 4209
f 4204 4209 4206
f 4202 4207 4209
f 4202 4209 4208
f 4207 4211 4212
f 4207 4212 4209
f 4203 4210 4212
f 4203 4212 4211
f 4210 4205 4206
f 4210 4206 4212
f 4206 4209 4212
f 4213 4216 4218
f 4213 4218 4217
f 4216 4220 4221
f 4216 4221 4218
f 4214 4219 4221
f 4214 4221 4220
f 4219 4223 4224
f 4219 4224 4221
f 4215 4222 4224
f 4215 4224 4223
f 4222 4217 4218
f 4222 4218 4224
f 4218 4221 4224
f 4225 4228 4230
f 4225 4230 4229
f 4228 4232 4233
f 4228 4233 4230
f 4226 4231 4233
f 4226 4233 4232
f 4231 4235 4236
f 4231 4236 4233
f 4227 4234 4236
f 4227 4236 4235
f 4234 4229 4230
f 4234 4230 4236
f 4230 4233 4236
f 4237 4240 4242
f 4237 4242 4241
f 4240 4244 4245
f 4240 4245 4242
f 4238 4243 4245
f 4238 4245 4244
f 4243 4247 4248
f 4243 4248 4245
f 4239 4246 4248
f 4239 4248 4247
f 4246 4241 4242
f 4246 4242 4248
f 4242 4245 4248
f 4249 4252 4254
f 4249 4254 4253
f 4252 4256 4257
f 4252 4257 4254
f 4250 4255 4257
f 4250 4257 4256
f 4255 4259 4260
f 4255 4260 4257
f 4251 4258 4260
f 4251 4260 4259
f 4258 4253 4254
f 4258 4254 4260
f 4254 4257 4260
f 4189 4165 4169
f 4189 4169 4192
f 4192 4169 4174
f 4192 4174 4196
f 4196 4174 4167
f 4196 4167 4190
f 4166 4177 4181
f 4166 4181 4171
f 4171 4181 4186
f 4171 4186 4175
f 4175 4186 4179
f 4175 4179 4167
f 4178 4201 4205
f 4178 4205 4183
f 4183 4205 4210
f 4183 4210 4187
f 4187 4210 4203
f 4187 4203 4179
f 4202 4191 4199
f 4202 4199 4207
f 4207 4199 4195
f 4207 4195 4211
f 4211 4195 4190
f 4211 4190 4203
f 4237 4189 4193
f 4237 4193 4240
f 4240 4193 4198
f 4240 4198 4244
f 4244 4198 4191
f 4244 4191 4238
f 4201 4249 4253
f 4201 4253 4204
f 4204 4253 4258
f 4204 4258 4208
f 4208 4258 4251
f 4208 4251 4202
f 4250 4239 4247
f 4250 4247 4255
f 4255 4247 4243
f 4255 4243 4259
f 4259 4243 4238
f 4259 4238 4251
f 4213 4237 4241
f 4213 4241 4216
f 4216 4241 4246
f 4216 4246 4220
f 4220 4246 4239
f 4220 4239 4214
f 4249 4225 4229
f 4249 4229 4252
f 4252 4229 4234
f 4252 4234 4256
f 4256 4234 4227
f 4256 4227 4250
f 4226 4215 4223
f 4226 4223 4231
f 4231 4223 4219
f 4231 4219 4235
f 4235 4219 4214
f 4235 4214 4227
f 4165 4213 4217
f 4165 4217 4168
f 4168 4217 4222
f 4168 4222 4172
f 4172 4222 4215
f 4172 4215 4166
f 4225 4178 4184
f 4225 4184 4228
f 4228 4184 4180
f 4228 4180 4232
f 4232 4180 4177
f 4232 4177 4226
f 4189 4237 4213
f 4189 4213 4165
f 4167 4179 4203
f 4167 4203 4190
f 4215 4226 4177
f 4215 4177 4166
f 4249 4201 4178
f 4249 4178 4225
f 4191 4202 4251
f 4191 4251 4238
f 4239 4250 4227
f 4239 4227 4214
v 2.0857687 -0.7990000 0.5902901
v 2.0840571 -0.8010000 0.5913246
v 2.0830226 -0.7990000 0.5896130
v 2.0855401 -0.7999987 0.5904283
v 2.0850234 -0.7990000 0.5895736
v 2.0848231 -0.7999564 0.5897440
v 2.0835404 -0.8007329 0.5904700
v 2.0849118 -0.8007329 0.5908080
v 2.0843809 -0.8004733 0.5900114
v 2.0840154 -0.7990000 0.5893251
v 2.0831609 -0.7999987 0.5898417
v 2.0841136 -0.7999564 0.5895690
v 2.0823455 -0.8010000 0.5923592
v 2.0806339 -0.7990000 0.5933937
v 2.0813110 -0.7990000 0.5906476
v 2.0814908 -0.8007329 0.5928758
v 2.0818288 -0.8007329 0.5915045
v 2.0810323 -0.8004733 0.5920354
v 2.0803459 -0.7990000 0.5924008
v 2.0808625 -0.7999987 0.5932555
v 2.0805900 -0.7999564 0.5923027
v 2.0814493 -0.7999987 0.5908762
v 2.0805945 -0.7990000 0.5913928
v 2.0807648 -0.7999564 0.5915931
v 2.0857687 -0.6230000 0.5902901
v 2.0830226 -0.6230000 0.5896130
v 2.0840571 -0.6210001 0.5913246
v 2.0850234 -0.6230000 0.5895736
v 2.0855401 -0.6220013 0.5904283
v 2.0848231 -0.6220436 0.5897440
v 2.0831609 -0.6220013 0.5898417
v 2.0840154 -0.6230000 0.5893251
v 2.0841136 -0.6220436 0.5895690
v 2.0849118 -0.6212672 0.5908080
v 2.0835404 -0.6212672 0.5904700
v 2.0843809 -0.6215267 0.5900114
v 2.0806339 -0.6230000 0.5933937
v 2.0823455 -0.6210001 0.5923592
v 2.0813110 -0.6230000 0.5906476
v 2.0808625 -0.6220013 0.5932555
v 2.0803459 -0.6230000 0.5924008
v 2.0805900 -0.6220436 0.5923027
v 2.0818288 -0.6212672 0.5915045
v 2.0814908 -0.6212672 0.5928758
v 2.0810323 -0.6215268 0.5920354
v 2.0805945 -0.6230000 0.5913928
v 2.0814493 -0.6220013 0.5908762
v 2.0807648 -0.6220436 0.5915931
v 2.1435502 -0.7990000 0.6858867
v 2.1428730 -0.7990000 0.6886328
v 2.1418386 -0.8010000 0.6869212
v 2.1438382 -0.7990000 0.6868796
v 2.1433215 -0.7999987 0.6860249
v 2.1435940 -0.7999564 0.6869777
v 2.1427348 -0.7999987 0.6884042
v 2.1435895 -0.7990000 0.6878876
v 2.1434193 -0.7999564 0.6876873
v 2.1426933 -0.8007329 0.6864046
v 2.1423552 -0.8007329 0.6877759
v 2.1431518 -0.8004733 0.6872450
v 2.1384153 -0.7990000 0.6889904
v 2.1401269 -0.8010000 0.6879558
v 2.1411614 -0.7990000 0.6896674
v 2.1386440 -0.7999987 0.6888521
v 2.1391606 -0.7990000 0.6897069
v 2.1393609 -0.7999564 0.6895364
v 2.1406436 -0.8007329 0.6888105
v 2.1392722 -0.8007329 0.6884724
v 2.1398032 -0.8004733 0.6892691
v 2.1401687 -0.7990000 0.6899554
v 2.1410232 -0.7999987 0.6894388
v 2.1400704 -0.7999564 0.6897114
v 2.1435502 -0.6230000 0.6858867
v 2.1418386 -0.6210001 0.6869212
v 2.1428730 -0.6230000 0.6886328
v 2.1433215 -0.6220013 0.6860249
v 2.1438382 -0.6230000 0.6868796
v 2.1435940 -0.6220436 0.6869777
v 2.1423552 -0.6212672 0.6877759
v 2.1426933 -0.6212672 0.6864046
v 2.1431518 -0.6215268 0.6872450
v 2.1435895 -0.6230000 0.6878876
v 2.1427348 -0.6220013 0.6884042
v 2.1434193 -0.6220436 0.6876873
v 2.1384153 -0.6230000 0.6889904
v 2.1411614 -0.6230000 0.6896674
v 2.1401269 -0.6210001 0.6879558
v 2.1391606 -0.6230000 0.6897069
v 2.1386440 -0.6220013 0.6888521
v 2.1393609 -0.6220436 0.6895364
v 2.1410232 -0.6220013 0.6894388
v 2.1401687 -0.6230000 0.6899554
v 2.1400704 -0.6220436 0.6897114
v 2.1392722 -0.6212672 0.6884724
v 2.1406436 -0.6212672 0.6888105
v 2.1398032 -0.6215267 0.6892691
f 4261 4264 4266
f 4261 4266 4265
f 4264 4268 4269
f 4264 4269 4266
f 4262 4267 4269
f 4262 4269 4268
f 4267 4271 4272
f 4267 4272 4269
f 4263 4270 4272
f 4263 4272 4271
f 4270 4265 4266
f 4270 4266 4272
f 4266 4269 4272
f 4273 4276 4278
f 4273 4278 4277
f 4276 4280 4281
f 4276 4281 4278
f 4274 4279 4281
f 4274 4281 4280
f 4279 4283 4284
f 4279 4284 4281
f 4275 4282 4284
f 4275 4284 4283
f 4282 4277 4278
f 4282 4278 4284
f 4278 4281 4284
f 4285 4288 4290
f 4285 4290 4289
f 4288 4292 4293
f 4288 4293 4290
f 4286 4291 4293
f 4286 4293 4292
f 4291 4295 4296
f 4291 4296 4293
f 4287 4294 4296
f 4287 4296 4295
f 4294 4289 4290
f 4294 4290 4296
f 4290 4293 4296
f 4297 4300 4302
f 4297 4302 4301
f 4300 4304 4305
f 4300 4305 4302
f 4298 4303 4305
f 4298 4305 4304
f 4303 4307 4308
f 4303 4308 4305
f 4299 4306 4308
f 4299 4308 4307
f 4306 4301 4302
f 4306 4302 4308
f 4302 4305 4308
f 4309 4312 4314
f 4309 4314 4313
f 4312 4316 4317
f 4312 4317 4314
f 4310 4315 4317
f 4310 4317 4316
f 4315 4319 4320
f 4315 4320 4317
f 4311 4318 4320
f 4311 4320 4319
f 4318 4313 4314
f 4318 4314 4320
f 4314 4317 4320
f 4321 4324 4326
f 4321 4326 4325
f 4324 4328 4329
f 4324 4329 4326
f 4322 4327 4329
f 4322 4329 4328
f 4327 4331 4332
f 4327 4332 4329
f 4323 4330 4332
f 4323 4332 4331
f 4330 4325 4326
f 4330 4326 4332
f 4326 4329 4332
f 4333 4336 4338
f 4333 4338 4337
f 4336 4340 4341
f 4336 4341 4338
f 4334 4339 4341
f 4334 4341 4340
f 4339 4343 4344
f 4339 4344 4341
f 4335 4342 4344
f 4335 4344 4343
f 4342 4337 4338
f 4342 4338 4344
f 4338 4341 4344
f 4345 4348 4350
f 4345 4350 4349
f 4348 4352 4353
f 4348 4353 4350
f 4346 4351 4353
f 4346 4353 4352
f 4351 4355 4356
f 4351 4356 4353
f 4347 4354 4356
f 4347 4356 4355
f 4354 4349 4350
f 4354 4350 4356
f 4350 4353 4356
f 4285 4261 4265
f 4285 4265 4288
f 4288 4265 4270
f 4288 4270 4292
f 4292 4270 4263
f 4292 4263 4286
f 4262 4273 4277
f 4262 4277 4267
f 4267 4277 4282
f 4267 4282 4271
f 4271 4282 4275
f 4271 4275 4263
f 4274 4297 4301
f 4274 4301 4279
f 4279 4301 4306
f 4279 4306 4283
f 4283 4306 4299
f 4283 4299 4275
f 4298 4287 4295
f 4298 4295 4303
f 4303 4295 4291
f 4303 4291 4307
f 4307 4291 4286
f 4307 4286 4299
f 4333 4285 4289
f 4333 4289 4336
f 4336 4289 4294
f 4336 4294 4340
f 4340 4294 4287
f 4340 4287 4334
f 4297 4345 4349
f 4297 4349 4300
f 4300 4349 4354
f 4300 4354 4304
f 4304 4354 4347
f 4304 4347 4298
f 4346 4335 4343
f 4346 4343 4351
f 4351 4343 4339
f 4351 4339 4355
f 4355 4339 4334
f 4355 4334 4347
f 4309 4333 4337
f 4309 4337 4312
f 4312 4337 4342
f 4312 4342 4316
f 4316 4342 4335
f 4316 4335 4310
f 4345 4321 4325
f 4345 4325 4348
f 4348 4325 4330
f 4348 4330 4352
f 4352 4330 4323
f 4352 4323 4346
f 4322 4311 4319
f 4322 4319 4327
f 4327 4319 4315
f 4327 4315 4331
f 4331 4315 4310
f 4331 4310 4323
f 4261 4309 4313
f 4261 4313 4264
f 4264 4313 4318
f 4264 4318 4268
f 4268 4318 4311
f 4268 4311 4262
f 4321 4274 4280
f 4321 4280 4324
f 4324 4280 4276
f 4324 4276 4328
f 4328 4276 4273
f 4328 4273 4322
f 4285 4333 4309
f 4285 4309 4261
f 4263 4275 4299
f 4263 4299 4286
f 4311 4322 4273
f 4311 4273 4262
f 4345 4297 4274
f 4345 4274 4321
f 4287 4298 4347
f 4287 4347 4334
f 4335 4346 4323
f 4335 4323 4310
v -0.4531539 -0.3750000 0.6043091
v -0.4531539 -0.6310000 0.6043091
v -0.4485617 -0.3750000 0.6033957
v -0.4485617 -0.6310000 0.6033956
v -0.4446686 -0.3750000 0.6007944
v -0.4446686 -0.6310000 0.6007944
v -0.4420674 -0.3750000 0.5969014
v -0.4420674 -0.6310000 0.5969013
v -0.4411539 -0.3750000 0.5923091
v -0.4411539 -0.6310000 0.5923091
v -0.4420674 -0.3750000 0.5877169
v -0.4420674 -0.6310000 0.5877169
v -0.4446686 -0.3750000 0.5838239
v -0.4446686 -0.6310000 0.5838238
v -0.4485617 -0.3750000 0.5812226
v -0.4485617 -0.6310000 0.5812225
v -0.4531539 -0.3750000 0.5803092
v -0.4531539 -0.6310000 0.5803091
v -0.4577461 -0.3750000 0.5812226
v -0.4577461 -0.6310000 0.5812225
v -0.4616392 -0.3750000 0.5838239
v -0.4616392 -0.6310000 0.5838238
v -0.4642405 -0.3750000 0.5877169
v -0.4642405 -0.6310000 0.5877169
v -0.4651539 -0.3750000 0.5923091
v -0.4651539 -0.6310000 0.5923091
v -0.4642405 -0.3750000 0.5969014
v -0.4642405 -0.6310000 0.5969013
v -0.4616392 -0.3750000 0.6007944
v -0.4616392 -0.6310000 0.6007944
v -0.4577461 -0.3750000 0.6033957
v -0.4577461 -0.6310000 0.6033956
f 4357 4358 4360
f 4357 4360 4359
f 4359 4360 4362
f 4359 4362 4361
f 4361 4362 4364
f 4361 4364 4363
f 4363 4364 4366
f 4363 4366 4365
f 4365 4366 4368
f 4365 4368 4367
f 4367 4368 4370
f 4367 4370 4369
f 4369 4370 4372
f 4369 4372 4371
f 4371 4372 4374
f 4371 4374 4373
f 4373 4374 4376
f 4373 4376 4375
f 4375 4376 4378
f 4375 4378 4377
f 4377 4378 4380
f 4377 4380 4379
f 4379 4380 4382
f 4379 4382 4381
f 4381 4382 4384
f 4381 4384 4383
f 4383 4384 4386
f 4383 4386 4385
f 4362 4360 4358
f 4358 4388 4386
f 4386 4384 4382
f 4382 4380 4378
f 4378 4376 4374
f 4374 4372 4370
f 4370 4368 4366
f 4366 4364 4362
f 4362 4358 4386
f 4386 4382 4378
f 4378 4374 4370
f 4370 4366 4362
f 4362 4386 4378
f 4378 4370 4362
f 4385 4386 4388
f 4385 4388 4387
f 4387 4388 4358
f 4387 4358 4357
f 4387 4357 4359
f 4359 4361 4363
f 4363 4365 4367
f 4367 4369 4371
f 4371 4373 4375
f 4375 4377 4379
f 4379 4381 4383
f 4383 4385 4387
f 4387 4359 4363
f 4363 4367 4371
f 4371 4375 4379
f 4379 4383 4387
f 4387 4363 4371
f 4371 4379 4387
v 0.4531539 -0.3750000 0.6043091
v 0.4531539 -0.6310000 0.6043091
v 0.4577461 -0.3750000 0.6033957
v 0.4577461 -0.6310000 0.6033956
v 0.4616392 -0.3750000 0.6007944
v 0.4616392 -0.6310000 0.6007944
v 0.4642405 -0.3750000 0.5969014
v 0.4642405 -0.6310000 0.5969013
v 0.4651539 -0.3750000 0.5923091
v 0.4651539 -0.6310000 0.5923091
v 0.4642405 -0.3750000 0.5877169
v 0.4642405 -0.6310000 0.5877169
v 0.4616392 -0.3750000 0.5838239
v 0.4616392 -0.6310000 0.5838238
v 0.4577461 -0.3750000 0.5812226
v 0.4577461 -0.6310000 0.5812225
v 0.4531539 -0.3750000 0.5803092
v 0.4531539 -0.6310000 0.5803091
v 0.4485617 -0.3750000 0.5812226
v 0.4485617 -0.6310000 0.5812225
v 0.4446686 -0.3750000 0.5838239
v 0.4446686 -0.6310000 0.5838238
v 0.4420674 -0.3750000 0.5877169
v 0.4420674 -0.6310000 0.5877169
v 0.4411539 -0.3750000 0.5923091
v 0.4411539 -0.6310000 0.5923091
v 0.4420674 -0.3750000 0.5969014
v 0.4420674 -0.6310000 0.5969013
v 0.4446686 -0.3750000 0.6007944
v 0.4446686 -0.6310000 0.6007944
v 0.4485617 -0.3750000 0.6033957
v 0.4485617 -0.6310000 0.6033956
f 4389 4390 4392
f 4389 4392 4391
f 4391 4392 4394
f 4391 4394 4393
f 4393 4394 4396
f 4393 4396 4395
f 4395 4396 4398
f 4395 4398 4397
f 4397 4398 4400
f 4397 4400 4399
f 4399 4400 4402
f 4399 4402 4401
f 4401 4402 4404
f 4401 4404 4403
f 4403 4404 4406
f 4403 4406 4405
f 4405 4406 4408
f 4405 4408 4407
f 4407 4408 4410
f 4407 4410 4409
f 4409 4410 4412
f 4409 4412 4411
f 4411 4412 4414
f 4411 4414 4413
f 4413 4414 4416
f 4413 4416 4415
f 4415 4416 4418
f 4415 4418 4417
f 4394 4392 4390
f 4390 4420 4418
f 4418 4416 4414
f 4414 4412 4410
f 4410 4408 4406
f 4406 4404 4402
f 4402 4400 4398
f 4398 4396 4394
f 4394 4390 4418
f 4418 4414 4410
f 4410 4406 4402
f 4402 4398 4394
f 4394 4418 4410
f 4410 4402 4394
f 4417 4418 4420
f 4417 4420 4419
f 4419 4420 4390
f 4419 4390 4389
f 4419 4389 4391
f 4391 4393 4395
f 4395 4397 4399
f 4399 4401 4403
f 4403 4405 4407
f 4407 4409 4411
f 4411 4413 4415
f 4415 4417 4419
f 4419 4391 4395
f 4395 4399 4403
f 4403 4407 4411
f 4411 4415 4419
f 4419 4395 4403
f 4403 4411 4419
v 0.3928670 -0.7990000 0.6910982
v 0.3945722 -0.8010000 0.6921432
v 0.3935272 -0.7990000 0.6938484
v 0.3930948 -0.7999987 0.6912378
v 0.3925730 -0.7990000 0.6920893
v 0.3928163 -0.7999564 0.6921889
v 0.3940504 -0.8007329 0.6929947
v 0.3937207 -0.8007329 0.6916214
v 0.3932570 -0.8004733 0.6924589
v 0.3928153 -0.7990000 0.6930988
v 0.3936669 -0.7999987 0.6936206
v 0.3929870 -0.7999564 0.6928996
v 0.3962775 -0.8010000 0.6931882
v 0.3979828 -0.7990000 0.6942332
v 0.3952325 -0.7990000 0.6948935
v 0.3971290 -0.8007329 0.6937100
v 0.3957557 -0.8007329 0.6940397
v 0.3965933 -0.8004733 0.6945034
v 0.3972332 -0.7990000 0.6949451
v 0.3977550 -0.7999987 0.6940936
v 0.3970340 -0.7999564 0.6947734
v 0.3953721 -0.7999987 0.6946656
v 0.3962237 -0.7990000 0.6951874
v 0.3963232 -0.7999564 0.6949441
v 0.3928670 -0.6230000 0.6910982
v 0.3935272 -0.6230000 0.6938484
v 0.3945722 -0.6210001 0.6921432
v 0.3925730 -0.6230000 0.6920893
v 0.3930948 -0.6220013 0.6912378
v 0.3928163 -0.6220436 0.6921889
v 0.3936669 -0.6220013 0.6936206
v 0.3928153 -0.6230000 0.6930988
v 0.3929870 -0.6220436 0.6928996
v 0.3937207 -0.6212672 0.6916214
v 0.3940504 -0.6212672 0.6929947
v 0.3932570 -0.6215267 0.6924589
v 0.3979828 -0.6230000 0.6942332
v 0.3962775 -0.6210001 0.6931882
v 0.3952325 -0.6230000 0.6948935
v 0.3977550 -0.6220013 0.6940936
v 0.3972332 -0.6230000 0.6949451
v 0.3970340 -0.6220436 0.6947734
v 0.3957557 -0.6212672 0.6940397
v 0.3971290 -0.6212672 0.6937100
v 0.3965933 -0.6215268 0.6945034
v 0.3962237 -0.6230000 0.6951874
v 0.3953721 -0.6220013 0.6946656
v 0.3963232 -0.6220436 0.6949441
v 0.4546573 -0.7990000 0.5902654
v 0.4574076 -0.7990000 0.5896051
v 0.4563626 -0.8010000 0.5913104
v 0.4554070 -0.7990000 0.5895535
v 0.4548852 -0.7999987 0.5904050
v 0.4556062 -0.7999564 0.5897251
v 0.4572680 -0.7999987 0.5898330
v 0.4564165 -0.7990000 0.5893111
v 0.4563169 -0.7999564 0.5895545
v 0.4555111 -0.8007329 0.5907886
v 0.4568844 -0.8007329 0.5904589
v 0.4560469 -0.8004733 0.5899952
v 0.4597732 -0.7990000 0.5934004
v 0.4580679 -0.8010000 0.5923554
v 0.4591129 -0.7990000 0.5906501
v 0.4595454 -0.7999987 0.5932608
v 0.4600672 -0.7990000 0.5924093
v 0.4598238 -0.7999564 0.5923097
v 0.4585897 -0.8007329 0.5915039
v 0.4589194 -0.8007329 0.5928772
v 0.4593831 -0.8004733 0.5920396
v 0.4598248 -0.7990000 0.5913997
v 0.4589733 -0.7999987 0.5908780
v 0.4596532 -0.7999564 0.5915989
v 0.4546573 -0.6230000 0.5902654
v 0.4563626 -0.6210001 0.5913104
v 0.4574076 -0.6230000 0.5896051
v 0.4548852 -0.6220013 0.5904050
v 0.4554070 -0.6230000 0.5895535
v 0.4556062 -0.6220436 0.5897251
v 0.4568844 -0.6212672 0.5904589
v 0.4555111 -0.6212672 0.5907886
v 0.4560469 -0.6215268 0.5899952
v 0.4564165 -0.6230000 0.5893111
v 0.4572680 -0.6220013 0.5898330
v 0.4563169 -0.6220436 0.5895545
v 0.4597732 -0.6230000 0.5934004
v 0.4591129 -0.6230000 0.5906501
v 0.4580679 -0.6210001 0.5923554
v 0.4600672 -0.6230000 0.5924093
v 0.4595454 -0.6220013 0.5932608
v 0.4598238 -0.6220436 0.5923097
v 0.4589733 -0.6220013 0.5908780
v 0.4598248 -0.6230000 0.5913997
v 0.4596532 -0.6220436 0.5915990
v 0.4589194 -0.6212672 0.5928772
v 0.4585897 -0.6212672 0.5915039
v 0.4593831 -0.6215267 0.5920396
f 4421 4424 4426
f 4421 4426 4425
f 4424 4428 4429
f 4424 4429 4426
f 4422 4427 4429
f 4422 4429 4428
f 4427 4431 4432
f 4427 4432 4429
f 4423 4430 4432
f 4423 4432 4431
f 4430 4425 4426
f 4430 4426 4432
f 4426 4429 4432
f 4433 4436 4438
f 4433 4438 4437
f 4436 4440 4441
f 4436 4441 4438
f 4434 4439 4441
f 4434 4441 4440
f 4439 4443 4444
f 4439 4444 4441
f 4435 4442 4444
f 4435 4444 4443
f 4442 4437 4438
f 4442 4438 4444
f 4438 4441 4444
f 4445 4448 4450
f 4445 4450 4449
f 4448 4452 4453
f 4448 4453 4450
f 4446 4451 4453
f 4446 4453 4452
f 4451 4455 4456
f 4451 4456 4453
f 4447 4454 4456
f 4447 4456 4455
f 4454 4449 4450
f 4454 4450 4456
f 4450 4453 4456
f 4457 4460 4462
f 4457 4462 4461
f 4460 4464 4465
f 4460 4465 4462
f 4458 4463 4465
f 4458 4465 4464
f 4463 4467 4468
f 4463 4468 4465
f 4459 4466 4468
f 4459 4468 4467
f 4466 4461 4462
f 4466 4462 4468
f 4462 4465 4468
f 4469 4472 4474
f 4469 4474 4473
f 4472 4476 4477
f 4472 4477 4474
f 4470 4475 4477
f 4470 4477 4476
f 4475 4479 4480
f 4475 4480 4477
f 4471 4478 4480
f 4471 4480 4479
f 4478 4473 4474
f 4478 4474 4480
f 4474 4477 4480
f 4481 4484 4486
f 4481 4486 4485
f 4484 4488 4489
f 4484 4489 4486
f 4482 4487 4489
f 4482 4489 4488
f 4487 4491 4492
f 4487 4492 4489
f 4483 4490 4492
f 4483 4492 4491
f 4490 4485 4486
f 4490 4486 4492
f 4486 4489 4492
f 4493 4496 4498
f 4493 4498 4497
f 4496 4500 4501
f 4496 4501 4498
f 4494 4499 4501
f 4494 4501 4500
f 4499 4503 4504
f 4499 4504 4501
f 4495 4502 4504
f 4495 4504 4503
f 4502 4497 4498
f 4502 4498 4504
f 4498 4501 4504
f 4505 4508 4510
f 4505 4510 4509
f 4508 4512 4513
f 4508 4513 4510
f 4506 4511 4513
f 4506 4513 4512
f 4511 4515 4516
f 4511 4516 4513
f 4507 4514 4516
f 4507 4516 4515
f 4514 4509 4510
f 4514 4510 4516
f 4510 4513 4516
f 4445 4421 4425
f 4445 4425 4448
f 4448 4425 4430
f 4448 4430 4452
f 4452 4430 4423
f 4452 4423 4446
f 4422 4433 4437
f 4422 4437 4427
f 4427 4437 4442
f 4427 4442 4431
f 4431 4442 4435
f 4431 4435 4423
f 4434 4457 4461
f 4434 4461 4439
f 4439 4461 4466
f 4439 4466 4443
f 4443 4466 4459
f 4443 4459 4435
f 4458 4447 4455
f 4458 4455 4463
f 4463 4455 4451
f 4463 4451 4467
f 4467 4451 4446
f 4467 4446 4459
f 4493 4445 4449
f 4493 4449 4496
f 4496 4449 4454
f 4496 4454 4500
f 4500 4454 4447
f 4500 4447 4494
f 4457 4505 4509
f 4457 4509 4460
f 4460 4509 4514
f 4460 4514 4464
f 4464 4514 4507
f 4464 4507 4458
f 4506 4495 4503
f 4506 4503 4511
f 4511 4503 4499
f 4511 4499 4515
f 4515 4499 4494
f 4515 4494 4507
f 4469 4493 4497
f 4469 4497 4472
f 4472 4497 4502
f 4472 4502 4476
f 4476 4502 4495
f 4476 4495 4470
f 4505 4481 4485
f 4505 4485 4508
f 4508 4485 4490
f 4508 4490 4512
f 4512 4490 4483
f 4512 4483 4506
f 4482 4471 4479
f 4482 4479 4487
f 4487 4479 4475
f 4487 4475 4491
f 4491 4475 4470
f 4491 4470 4483
f 4421 4469 4473
f 4421 4473 4424
f 4424 4473 4478
f 4424 4478 4428
f 4428 4478 4471
f 4428 4471 4422
f 4481 4434 4440
f 4481 4440 4484
f 4484 4440 4436
f 4484 4436 4488
f 4488 4436 4433
f 4488 4433 4482
f 4445 4493 4469
f 4445 4469 4421
f 4423 4435 4459
f 4423 4459 4446
f 4471 4482 4433
f 4471 4433 4422
f 4505 4457 4434
f 4505 4434 4481
f 4447 4458 4507
f 4447 4507 4494
f 4495 4506 4483
f 4495 4483 4470
v 0.3130409 -0.7990000 0.7715262
v 0.3144674 -0.8010000 0.7729280
v 0.3130656 -0.7990000 0.7743545
v 0.3132315 -0.7999987 0.7717135
v 0.3125315 -0.7990000 0.7724258
v 0.3127462 -0.7999564 0.7725776
v 0.3137674 -0.8007329 0.7736403
v 0.3137551 -0.8007329 0.7722280
v 0.3131149 -0.8004733 0.7729398
v 0.3125405 -0.7990000 0.7734640
v 0.3132529 -0.7999987 0.7741640
v 0.3127526 -0.7999564 0.7733085
v 0.3158939 -0.8010000 0.7743298
v 0.3173204 -0.7990000 0.7757316
v 0.3144921 -0.7990000 0.7757564
v 0.3166062 -0.8007329 0.7750298
v 0.3151939 -0.8007329 0.7750421
v 0.3159057 -0.8004733 0.7756824
v 0.3164298 -0.7990000 0.7762567
v 0.3171298 -0.7999987 0.7755443
v 0.3162743 -0.7999564 0.7760446
v 0.3146794 -0.7999987 0.7755657
v 0.3153917 -0.7990000 0.7762657
v 0.3155434 -0.7999564 0.7760510
v 0.3130409 -0.6230000 0.7715262
v 0.3130656 -0.6230000 0.7743545
v 0.3144674 -0.6210001 0.7729280
v 0.3125315 -0.6230000 0.7724258
v 0.3132315 -0.6220013 0.7717135
v 0.3127462 -0.6220436 0.7725775
v 0.3132529 -0.6220013 0.7741640
v 0.3125406 -0.6230000 0.7734640
v 0.3127526 -0.6220436 0.7733085
v 0.3137551 -0.6212672 0.7722280
v 0.3137674 -0.6212672 0.7736403
v 0.3131149 -0.6215267 0.7729398
v 0.3173204 -0.6230000 0.7757316
v 0.3158939 -0.6210001 0.7743298
v 0.3144921 -0.6230000 0.7757564
v 0.3171298 -0.6220013 0.7755443
v 0.3164298 -0.6230000 0.7762567
v 0.3162743 -0.6220436 0.7760446
v 0.3151939 -0.6212672 0.7750421
v 0.3166062 -0.6212672 0.7750298
v 0.3159057 -0.6215268 0.7756824
v 0.3153917 -0.6230000 0.7762657
v 0.3146794 -0.6220013 0.7755657
v 0.3155434 -0.6220436 0.7760510
v 0.3959301 -0.7990000 0.6871776
v 0.3987584 -0.7990000 0.6871529
v 0.3973566 -0.8010000 0.6885794
v 0.3968206 -0.7990000 0.6866525
v 0.3961206 -0.7999987 0.6873649
v 0.3969761 -0.7999564 0.6868646
v 0.3985711 -0.7999987 0.6873435
v 0.3978588 -0.7990000 0.6866435
v 0.3977070 -0.7999564 0.6868582
v 0.3966442 -0.8007329 0.6878794
v 0.3980565 -0.8007329 0.6878671
v 0.3973447 -0.8004733 0.6872268
v 0.4002095 -0.7990000 0.6913830
v 0.3987831 -0.8010000 0.6899812
v 0.4001849 -0.7990000 0.6885547
v 0.4000190 -0.7999987 0.6911957
v 0.4007190 -0.7990000 0.6904835
v 0.4005042 -0.7999564 0.6903316
v 0.3994831 -0.8007329 0.6892689
v 0.3994954 -0.8007329 0.6906812
v 0.4001356 -0.8004733 0.6899694
v 0.4007099 -0.7990000 0.6894453
v 0.3999976 -0.7999987 0.6887453
v 0.4004979 -0.7999564 0.6896008
v 0.3959301 -0.6230000 0.6871776
v 0.3973566 -0.6210001 0.6885794
v 0.3987584 -0.6230000 0.6871529
v 0.3961206 -0.6220013 0.6873649
v 0.3968206 -0.6230000 0.6866525
v 0.3969761 -0.6220436 0.6868646
v 0.3980565 -0.6212672 0.6878671
v 0.3966442 -0.6212672 0.6878794
v 0.3973448 -0.6215268 0.6872268
v 0.3978588 -0.6230000 0.6866435
v 0.3985711 -0.6220013 0.6873435
v 0.3977070 -0.6220436 0.6868582
v 0.4002095 -0.6230000 0.6913830
v 0.4001849 -0.6230000 0.6885547
v 0.3987831 -0.6210001 0.6899812
v 0.4007190 -0.6230000 0.6904835
v 0.4000190 -0.6220013 0.6911957
v 0.4005042 -0.6220436 0.6903317
v 0.3999976 -0.6220013 0.6887453
v 0.4007099 -0.6230000 0.6894453
v 0.4004979 -0.6220436 0.6896008
v 0.3994954 -0.6212672 0.6906812
v 0.3994831 -0.6212672 0.6892689
v 0.4001356 -0.6215267 0.6899694
f 4517 4520 4522
f 4517 4522 4521
f 4520 4524 4525
f 4520 4525 4522
f 4518 4523 4525
f 4518 4525 4524
f 4523 4527 4528
f 4523 4528 4525
f 4519 4526 4528
f 4519 4528 4527
f 4526 4521 4522
f 4526 4522 4528
f 4522 4525 4528
f 4529 4532 4534
f 4529 4534 4533
f 4532 4536 4537
f 4532 4537 4534
f 4530 4535 4537
f 4530 4537 4536
f 4535 4539 4540
f 4535 4540 4537
f 4531 4538 4540
f 4531 4540 4539
f 4538 4533 4534
f 4538 4534 4540
f 4534 4537 4540
f 4541 4544 4546
f 4541 4546 4545
f 4544 4548 4549
f 4544 4549 4546
f 4542 4547 4549
f 4542 4549 4548
f 4547 4551 4552
f 4547 4552 4549
f 4543 4550 4552
f 4543 4552 4551
f 4550 4545 4546
f 4550 4546 4552
f 4546 4549 4552
f 4553 4556 4558
f 4553 4558 4557
f 4556 4560 4561
f 4556 4561 4558
f 4554 4559 4561
f 4554 4561 4560
f 4559 4563 4564
f 4559 4564 4561
f 4555 4562 4564
f 4555 4564 4563
f 4562 4557 4558
f 4562 4558 4564
f 4558 4561 4564
f 4565 4568 4570
f 4565 4570 4569
f 4568 4572 4573
f 4568 4573 4570
f 4566 4571 4573
f 4566 4573 4572
f 4571 4575 4576
f 4571 4576 4573
f 4567 4574 4576
f 4567 4576 4575
f 4574 4569 4570
f 4574 4570 4576
f 4570 4573 4576
f 4577 4580 4582
f 4577 4582 4581
f 4580 4584 4585
f 4580 4585 4582
f 4578 4583 4585
f 4578 4585 4584
f 4583 4587 4588
f 4583 4588 4585
f 4579 4586 4588
f 4579 4588 4587
f 4586 4581 4582
f 4586 4582 4588
f 4582 4585 4588
f 4589 4592 4594
f 4589 4594 4593
f 4592 4596 4597
f 4592 4597 4594
f 4590 4595 4597
f 4590 4597 4596
f 4595 4599 4600
f 4595 4600 4597
f 4591 4598 4600
f 4591 4600 4599
f 4598 4593 4594
f 4598 4594 4600
f 4594 4597 4600
f 4601 4604 4606
f 4601 4606 4605
f 4604 4608 4609
f 4604 4609 4606
f 4602 4607 4609
f 4602 4609 4608
f 4607 4611 4612
f 4607 4612 4609
f 4603 4610 4612
f 4603 4612 4611
f 4610 4605 4606
f 4610 4606 4612
f 4606 4609 4612
f 4541 4517 4521
f 4541 4521 4544
f 4544 4521 4526
f 4544 4526 4548
f 4548 4526 4519
f 4548 4519 4542
f 4518 4529 4533
f 4518 4533 4523
f 4523 4533 4538
f 4523 4538 4527
f 4527 4538 4531
f 4527 4531 4519
f 4530 4553 4557
f 4530 4557 4535
f 4535 4557 4562
f 4535 4562 4539
f 4539 4562 4555
f 4539 4555 4531
f 4554 4543 4551
f 4554 4551 4559
f 4559 4551 4547
f 4559 4547 4563
f 4563 4547 4542
f 4563 4542 4555
f 4589 4541 4545
f 4589 4545 4592
f 4592 4545 4550
f 4592 4550 4596
f 4596 4550 4543
f 4596 4543 4590
f 4553 4601 4605
f 4553 4605 4556
f 4556 4605 4610
f 4556 4610 4560
f 4560 4610 4603
f 4560 4603 4554
f 4602 4591 4599
f 4602 4599 4607
f 4607 4599 4595
f 4607 4595 4611
f 4611 4595 4590
f 4611 4590 4603
f 4565 4589 4593
f 4565 4593 4568
f 4568 4593 4598
f 4568 4598 4572
f 4572 4598 4591
f 4572 4591 4566
f 4601 4577 4581
f 4601 4581 4604
f 4604 4581 4586
f 4604 4586 4608
f 4608 4586 4579
f 4608 4579 4602
f 4578 4567 4575
f 4578 4575 4583
f 4583 4575 4571
f 4583 4571 4587
f 4587 4571 4566
f 4587 4566 4579
f 4517 4565 4569
f 4517 4569 4520
f 4520 4569 4574
f 4520 4574 4524
f 4524 4574 4567
f 4524 4567 4518
f 4577 4530 4536
f 4577 4536 4580
f 4580 4536 4532
f 4580 4532 4584
f 4584 4532 4529
f 4584 4529 4578
f 4541 4589 4565
f 4541 4565 4517
f 4519 4531 4555
f 4519 4555 4542
f 4567 4578 4529
f 4567 4529 4518
f 4601 4553 4530
f 4601 4530 4577
f 4543 4554 4603
f 4543 4603 4590
f 4591 4602 4579
f 4591 4579 4566
v 0.2171684 -0.7990000 0.8319359
v 0.2182430 -0.8010000 0.8336228
v 0.2165562 -0.7990000 0.8346974
v 0.2173120 -0.7999987 0.8321613
v 0.2164697 -0.7990000 0.8326979
v 0.2166448 -0.7999564 0.8328941
v 0.2174007 -0.8007329 0.8341593
v 0.2177064 -0.8007329 0.8327805
v 0.2169225 -0.8004733 0.8333300
v 0.2162450 -0.7990000 0.8337115
v 0.2167816 -0.7999987 0.8345538
v 0.2164866 -0.7999564 0.8336077
v 0.2193176 -0.8010000 0.8353095
v 0.2203922 -0.7990000 0.8369963
v 0.2176308 -0.7990000 0.8363841
v 0.2198542 -0.8007329 0.8361518
v 0.2184753 -0.8007329 0.8358461
v 0.2190249 -0.8004733 0.8366300
v 0.2194064 -0.7990000 0.8373076
v 0.2202486 -0.7999987 0.8367710
v 0.2193025 -0.7999564 0.8370659
v 0.2178562 -0.7999987 0.8362406
v 0.2183928 -0.7990000 0.8370829
v 0.2185889 -0.7999564 0.8369077
v 0.2171684 -0.6230000 0.8319359
v 0.2165562 -0.6230000 0.8346974
v 0.2182430 -0.6210001 0.8336228
v 0.2164697 -0.6230000 0.8326979
v 0.2173120 -0.6220013 0.8321613
v 0.2166448 -0.6220436 0.8328941
v 0.2167816 -0.6220013 0.8345538
v 0.2162450 -0.6230000 0.8337115
v 0.2164866 -0.6220436 0.8336077
v 0.2177064 -0.6212672 0.8327805
v 0.2174007 -0.6212672 0.8341593
v 0.2169225 -0.6215267 0.8333300
v 0.2203922 -0.6230000 0.8369963
v 0.2193176 -0.6210001 0.8353095
v 0.2176308 -0.6230000 0.8363841
v 0.2202486 -0.6220013 0.8367710
v 0.2194064 -0.6230000 0.8373076
v 0.2193025 -0.6220436 0.8370659
v 0.2184753 -0.6212672 0.8358461
v 0.2198542 -0.6212672 0.8361518
v 0.2190249 -0.6215268 0.8366300
v 0.2183928 -0.6230000 0.8370829
v 0.2178562 -0.6220013 0.8362406
v 0.2185889 -0.6220436 0.8369077
v 0.3169074 -0.7990000 0.7683952
v 0.3196688 -0.7990000 0.7690074
v 0.3179820 -0.8010000 0.7700820
v 0.3178933 -0.7990000 0.7680839
v 0.3170510 -0.7999987 0.7686206
v 0.3179971 -0.7999564 0.7683256
v 0.3194435 -0.7999987 0.7691509
v 0.3189069 -0.7990000 0.7683086
v 0.3187107 -0.7999564 0.7684838
v 0.3174454 -0.8007329 0.7692397
v 0.3188243 -0.8007329 0.7695454
v 0.3182748 -0.8004733 0.7687615
v 0.3201312 -0.7990000 0.7734556
v 0.3190566 -0.8010000 0.7717687
v 0.3207434 -0.7990000 0.7706941
v 0.3199877 -0.7999987 0.7732302
v 0.3208300 -0.7990000 0.7726936
v 0.3206548 -0.7999564 0.7724974
v 0.3198989 -0.8007329 0.7712322
v 0.3195932 -0.8007329 0.7726110
v 0.3203771 -0.8004733 0.7720615
v 0.3210547 -0.7990000 0.7716800
v 0.3205181 -0.7999987 0.7708377
v 0.3208131 -0.7999564 0.7717838
v 0.3169074 -0.6230000 0.7683952
v 0.3179820 -0.6210001 0.7700820
v 0.3196688 -0.6230000 0.7690074
v 0.3170510 -0.6220013 0.7686206
v 0.3178933 -0.6230000 0.7680839
v 0.3179971 -0.6220436 0.7683256
v 0.3188243 -0.6212672 0.7695454
v 0.3174454 -0.6212672 0.7692397
v 0.3182748 -0.6215268 0.7687615
v 0.3189069 -0.6230000 0.7683086
v 0.3194435 -0.6220013 0.7691509
v 0.3187107 -0.6220436 0.7684838
v 0.3201312 -0.6230000 0.7734556
v 0.3207434 -0.6230000 0.7706941
v 0.3190566 -0.6210001 0.7717687
v 0.3208300 -0.6230000 0.7726936
v 0.3199877 -0.6220013 0.7732302
v 0.3206548 -0.6220436 0.7724974
v 0.3205180 -0.6220013 0.7708377
v 0.3210547 -0.6230000 0.7716800
v 0.3208131 -0.6220436 0.7717838
v 0.3195932 -0.6212672 0.7726110
v 0.3198989 -0.6212672 0.7712322
v 0.3203771 -0.6215267 0.7720615
f 4613 4616 4618
f 4613 4618 4617
f 4616 4620 4621
f 4616 4621 4618
f 4614 4619 4621
f 4614 4621 4620
f 4619 4623 4624
f 4619 4624 4621
f 4615 4622 4624
f 4615 4624 4623
f 4622 4617 4618
f 4622 4618 4624
f 4618 4621 4624
f 4625 4628 4630
f 4625 4630 4629
f 4628 4632 4633
f 4628 4633 4630
f 4626 4631 4633
f 4626 4633 4632
f 4631 4635 4636
f 4631 4636 4633
f 4627 4634 4636
f 4627 4636 4635
f 4634 4629 4630
f 4634 4630 4636
f 4630 4633 4636
f 4637 4640 4642
f 4637 4642 4641
f 4640 4644 4645
f 4640 4645 4642
f 4638 4643 4645
f 4638 4645 4644
f 4643 4647 4648
f 4643 4648 4645
f 4639 4646 4648
f 4639 4648 4647
f 4646 4641 4642
f 4646 4642 4648
f 4642 4645 4648
f 4649 4652 4654
f 4649 4654 4653
f 4652 4656 4657
f 4652 4657 4654
f 4650 4655 4657
f 4650 4657 4656
f 4655 4659 4660
f 4655 4660 4657
f 4651 4658 4660
f 4651 4660 4659
f 4658 4653 4654
f 4658 4654 4660
f 4654 4657 4660
f 4661 4664 4666
f 4661 4666 4665
f 4664 4668 4669
f 4664 4669 4666
f 4662 4667 4669
f 4662 4669 4668
f 4667 4671 4672
f 4667 4672 4669
f 4663 4670 4672
f 4663 4672 4671
f 4670 4665 4666
f 4670 4666 4672
f 4666 4669 4672
f 4673 4676 4678
f 4673 4678 4677
f 4676 4680 4681
f 4676 4681 4678
f 4674 4679 4681
f 4674 4681 4680
f 4679 4683 4684
f 4679 4684 4681
f 4675 4682 4684
f 4675 4684 4683
f 4682 4677 4678
f 4682 4678 4684
f 4678 4681 4684
f 4685 4688 4690
f 4685 4690 4689
f 4688 4692 4693
f 4688 4693 4690
f 4686 4691 4693
f 4686 4693 4692
f 4691 4695 4696
f 4691 4696 4693
f 4687 4694 4696
f 4687 4696 4695
f 4694 4689 4690
f 4694 4690 4696
f 4690 4693 4696
f 4697 4700 4702
f 4697 4702 4701
f 4700 4704 4705
f 4700 4705 4702
f 4698 4703 4705
f 4698 4705 4704
f 4703 4707 4708
f 4703 4708 4705
f 4699 4706 4708
f 4699 4708 4707
f 4706 4701 4702
f 4706 4702 4708
f 4702 4705 4708
f 4637 4613 4617
f 4637 4617 4640
f 4640 4617 4622
f 4640 4622 4644
f 4644 4622 4615
f 4644 4615 4638
f 4614 4625 4629
f 4614 4629 4619
f 4619 4629 4634
f 4619 4634 4623
f 4623 4634 4627
f 4623 4627 4615
f 4626 4649 4653
f 4626 4653 4631
f 4631 4653 4658
f 4631 4658 4635
f 4635 4658 4651
f 4635 4651 4627
f 4650 4639 4647
f 4650 4647 4655
f 4655 4647 4643
f 4655 4643 4659
f 4659 4643 4638
f 4659 4638 4651
f 4685 4637 4641
f 4685 4641 4688
f 4688 4641 4646
f 4688 4646 4692
f 4692 4646 4639
f 4692 4639 4686
f 4649 4697 4701
f 4649 4701 4652
f 4652 4701 4706
f 4652 4706 4656
f 4656 4706 4699
f 4656 4699 4650
f 4698 4687 4695
f 4698 4695 4703
f 4703 4695 4691
f 4703 4691 4707
f 4707 4691 4686
f 4707 4686 4699
f 4661 4685 4689
f 4661 4689 4664
f 4664 4689 4694
f 4664 4694 4668
f 4668 4694 4687
f 4668 4687 4662
f 4697 4673 4677
f 4697 4677 4700
f 4700 4677 4682
f 4700 4682 4704
f 4704 4682 4675
f 4704 4675 4698
f 4674 4663 4671
f 4674 4671 4679
f 4679 4671 4667
f 4679 4667 4683
f 4683 4667 4662
f 4683 4662 4675
f 4613 4661 4665
f 4613 4665 4616
f 4616 4665 4670
f 4616 4670 4620
f 4620 4670 4663
f 4620 4663 4614
f 4673 4626 4632
f 4673 4632 4676
f 4676 4632 4628
f 4676 4628 4680
f 4680 4628 4625
f 4680 4625 4674
f 4637 4685 4661
f 4637 4661 4613
f 4615 4627 4651
f 4615 4651 4638
f 4663 4674 4625
f 4663 4625 4614
f 4697 4649 4626
f 4697 4626 4673
f 4639 4650 4699
f 4639 4699 4686
f 4687 4698 4675
f 4687 4675 4662
v 0.1101639 -0.7990000 0.8692307
v 0.1108315 -0.8010000 0.8711160
v 0.1089462 -0.7990000 0.8717836
v 0.1102531 -0.7999987 0.8694826
v 0.1093117 -0.7990000 0.8698159
v 0.1094381 -0.7999564 0.8700465
v 0.1098901 -0.8007329 0.8714494
v 0.1104981 -0.8007329 0.8701746
v 0.1096107 -0.8004733 0.8705337
v 0.1088647 -0.7990000 0.8707530
v 0.1091981 -0.7999987 0.8716944
v 0.1091235 -0.7999564 0.8707062
v 0.1114991 -0.8010000 0.8730013
v 0.1121667 -0.7990000 0.8748866
v 0.1096138 -0.7990000 0.8736689
v 0.1118325 -0.8007329 0.8739427
v 0.1105577 -0.8007329 0.8733346
v 0.1109168 -0.8004733 0.8742221
v 0.1111361 -0.7990000 0.8749681
v 0.1120775 -0.7999987 0.8746347
v 0.1110893 -0.7999564 0.8747093
v 0.1098657 -0.7999987 0.8735797
v 0.1101990 -0.7990000 0.8745211
v 0.1104296 -0.7999564 0.8743947
v 0.1101639 -0.6230000 0.8692307
v 0.1089462 -0.6230000 0.8717836
v 0.1108315 -0.6210001 0.8711160
v 0.1093117 -0.6230000 0.8698159
v 0.1102531 -0.6220013 0.8694826
v 0.1094381 -0.6220436 0.8700465
v 0.1091981 -0.6220013 0.8716944
v 0.1088647 -0.6230000 0.8707530
v 0.1091235 -0.6220436 0.8707062
v 0.1104981 -0.6212672 0.8701746
v 0.1098901 -0.6212672 0.8714494
v 0.1096107 -0.6215267 0.8705337
v 0.1121667 -0.6230000 0.8748866
v 0.1114991 -0.6210001 0.8730013
v 0.1096138 -0.6230000 0.8736689
v 0.1120775 -0.6220013 0.8746347
v 0.1111361 -0.6230000 0.8749681
v 0.1110893 -0.6220436 0.8747093
v 0.1105577 -0.6212672 0.8733346
v 0.1118325 -0.6212672 0.8739427
v 0.1109168 -0.6215268 0.8742221
v 0.1101990 -0.6230000 0.8745211
v 0.1098657 -0.6220013 0.8735797
v 0.1104296 -0.6220436 0.8743947
v 0.2216402 -0.7990000 0.8297549
v 0.2241931 -0.7990000 0.8309726
v 0.2223078 -0.8010000 0.8316402
v 0.2226707 -0.7990000 0.8296734
v 0.2217293 -0.7999987 0.8300068
v 0.2227175 -0.7999564 0.8299322
v 0.2239412 -0.7999987 0.8310618
v 0.2236078 -0.7990000 0.8301203
v 0.2233773 -0.7999564 0.8302468
v 0.2219744 -0.8007329 0.8306988
v 0.2232492 -0.8007329 0.8313068
v 0.2228901 -0.8004733 0.8304194
v 0.2236430 -0.7990000 0.8354107
v 0.2229754 -0.8010000 0.8335255
v 0.2248607 -0.7990000 0.8328578
v 0.2235538 -0.7999987 0.8351589
v 0.2244952 -0.7990000 0.8348255
v 0.2243687 -0.7999564 0.8345950
v 0.2239168 -0.8007329 0.8331921
v 0.2233088 -0.8007329 0.8344669
v 0.2241962 -0.8004733 0.8341078
v 0.2249422 -0.7990000 0.8338884
v 0.2246088 -0.7999987 0.8329470
v 0.2246834 -0.7999564 0.8339353
v 0.2216402 -0.6230000 0.8297549
v 0.2223078 -0.6210001 0.8316402
v 0.2241931 -0.6230000 0.8309726
v 0.2217294 -0.6220013 0.8300068
v 0.2226707 -0.6230000 0.8296734
v 0.2227176 -0.6220436 0.8299322
v 0.2232492 -0.6212672 0.8313068
v 0.2219744 -0.6212672 0.8306988
v 0.2228901 -0.6215268 0.8304194
v 0.2236078 -0.6230000 0.8301203
v 0.2239412 -0.6220013 0.8310618
v 0.2233773 -0.6220436 0.8302468
v 0.2236430 -0.6230000 0.8354107
v 0.2248607 -0.6230000 0.8328578
v 0.2229754 -0.6210001 0.8335255
v 0.2244952 -0.6230000 0.8348255
v 0.2235538 -0.6220013 0.8351589
v 0.2243687 -0.6220436 0.8345950
v 0.2246088 -0.6220013 0.8329470
v 0.2249422 -0.6230000 0.8338885
v 0.2246834 -0.6220436 0.8339353
v 0.2233087 -0.6212672 0.8344669
v 0.2239168 -0.6212672 0.8331921
v 0.2241962 -0.6215267 0.8341078
f 4709 4712 4714
f 4709 4714 4713
f 4712 4716 4717
f 4712 4717 4714
f 4710 4715 4717
f 4710 4717 4716
f 4715 4719 4720
f 4715 4720 4717
f 4711 4718 4720
f 4711 4720 4719
f 4718 4713 4714
f 4718 4714 4720
f 4714 4717 4720
f 4721 4724 4726
f 4721 4726 4725
f 4724 4728 4729
f 4724 4729 4726
f 4722 4727 4729
f 4722 4729 4728
f 4727 4731 4732
f 4727 4732 4729
f 4723 4730 4732
f 4723 4732 4731
f 4730 4725 4726
f 4730 4726 4732
f 4726 4729 4732
f 4733 4736 4738
f 4733 4738 4737
f 4736 4740 4741
f 4736 4741 4738
f 4734 4739 4741
f 4734 4741 4740
f 4739 4743 4744
f 4739 4744 4741
f 4735 4742 4744
f 4735 4744 4743
f 4742 4737 4738
f 4742 4738 4744
f 4738 4741 4744
f 4745 4748 4750
f 4745 4750 4749
f 4748 4752 4753
f 4748 4753 4750
f 4746 4751 4753
f 4746 4753 4752
f 4751 4755 4756
f 4751 4756 4753
f 4747 4754 4756
f 4747 4756 4755
f 4754 4749 4750
f 4754 4750 4756
f 4750 4753 4756
f 4757 4760 4762
f 4757 4762 4761
f 4760 4764 4765
f 4760 4765 4762
f 4758 4763 4765
f 4758 4765 4764
f 4763 4767 4768
f 4763 4768 4765
f 4759 4766 4768
f 4759 4768 4767
f 4766 4761 4762
f 4766 4762 4768
f 4762 4765 4768
f 4769 4772 4774
f 4769 4774 4773
f 4772 4776 4777
f 4772 4777 4774
f 4770 4775 4777
f 4770 4777 4776
f 4775 4779 4780
f 4775 4780 4777
f 4771 4778 4780
f 4771 4780 4779
f 4778 4773 4774
f 4778 4774 4780
f 4774 4777 4780
f 4781 4784 4786
f 4781 4786 4785
f 4784 4788 4789
f 4784 4789 4786
f 4782 4787 4789
f 4782 4789 4788
f 4787 4791 4792
f 4787 4792 4789
f 4783 4790 4792
f 4783 4792 4791
f 4790 4785 4786
f 4790 4786 4792
f 4786 4789 4792
f 4793 4796 4798
f 4793 4798 4797
f 4796 4800 4801
f 4796 4801 4798
f 4794 4799 4801
f 4794 4801 4800
f 4799 4803 4804
f 4799 4804 4801
f 4795 4802 4804
f 4795 4804 4803
f 4802 4797 4798
f 4802 4798 4804
f 4798 4801 4804
f 4733 4709 4713
f 4733 4713 4736
f 4736 4713 4718
f 4736 4718 4740
f 4740 4718 4711
f 4740 4711 4734
f 4710 4721 4725
f 4710 4725 4715
f 4715 4725 4730
f 4715 4730 4719
f 4719 4730 4723
f 4719 4723 4711
f 4722 4745 4749
f 4722 4749 4727
f 4727 4749 4754
f 4727 4754 4731
f 4731 4754 4747
f 4731 4747 4723
f 4746 4735 4743
f 4746 4743 4751
f 4751 4743 4739
f 4751 4739 4755
f 4755 4739 4734
f 4755 4734 4747
f 4781 4733 4737
f 4781 4737 4784
f 4784 4737 4742
f 4784 4742 4788
f 4788 4742 4735
f 4788 4735 4782
f 4745 4793 4797
f 4745 4797 4748
f 4748 4797 4802
f 4748 4802 4752
f 4752 4802 4795
f 4752 4795 4746
f 4794 4783 4791
f 4794 4791 4799
f 4799 4791 4787
f 4799 4787 4803
f 4803 4787 4782
f 4803 4782 4795
f 4757 4781 4785
f 4757 4785 4760
f 4760 4785 4790
f 4760 4790 4764
f 4764 4790 4783
f 4764 4783 4758
f 4793 4769 4773
f 4793 4773 4796
f 4796 4773 4778
f 4796 4778 4800
f 4800 4778 4771
f 4800 4771 4794
f 4770 4759 4767
f 4770 4767 4775
f 4775 4767 4763
f 4775 4763 4779
f 4779 4763 4758
f 4779 4758 4771
f 4709 4757 4761
f 4709 4761 4712
f 4712 4761 4766
f 4712 4766 4716
f 4716 4766 4759
f 4716 4759 4710
f 4769 4722 4728
f 4769 4728 4772
f 4772 4728 4724
f 4772 4724 4776
f 4776 4724 4721
f 4776 4721 4770
f 4733 4781 4757
f 4733 4757 4709
f 4711 4723 4747
f 4711 4747 4734
f 4759 4770 4721
f 4759 4721 4710
f 4793 4745 4722
f 4793 4722 4769
f 4735 4746 4795
f 4735 4795 4782
f 4783 4794 4771
f 4783 4771 4758
v -0.0024876 -0.7990000 0.8814989
v -0.0022612 -0.8010000 0.8834860
v -0.0042484 -0.7990000 0.8837124
v -0.0024574 -0.7999987 0.8817644
v -0.0034497 -0.7990000 0.8818774
v -0.0033783 -0.7999564 0.8821305
v -0.0032535 -0.8007329 0.8835991
v -0.0023743 -0.8007329 0.8824937
v -0.0033198 -0.8004733 0.8826440
v -0.0040960 -0.7990000 0.8826899
v -0.0039829 -0.7999987 0.8836822
v -0.0038333 -0.7999564 0.8827025
v -0.0020348 -0.8010000 0.8854732
v -0.0018084 -0.7990000 0.8874603
v -0.0040220 -0.7990000 0.8856996
v -0.0019218 -0.8007329 0.8864654
v -0.0030271 -0.8007329 0.8855862
v -0.0028768 -0.8004733 0.8865317
v -0.0028309 -0.7990000 0.8873079
v -0.0018387 -0.7999987 0.8871948
v -0.0028183 -0.7999564 0.8870452
v -0.0037565 -0.7999987 0.8856694
v -0.0036434 -0.7990000 0.8866616
v -0.0033904 -0.7999564 0.8865902
v -0.0024876 -0.6230000 0.8814989
v -0.0042484 -0.6230000 0.8837124
v -0.0022612 -0.6210001 0.8834860
v -0.0034497 -0.6230000 0.8818774
v -0.0024574 -0.6220013 0.8817644
v -0.0033783 -0.6220436 0.8821305
v -0.0039829 -0.6220013 0.8836822
v -0.0040960 -0.6230000 0.8826899
v -0.0038333 -0.6220436 0.8827025
v -0.0023743 -0.6212672 0.8824937
v -0.0032535 -0.6212672 0.8835991
v -0.0033198 -0.6215267 0.8826440
v -0.0018084 -0.6230000 0.8874603
v -0.0020348 -0.6210001 0.8854732
v -0.0040220 -0.6230000 0.8856996
v -0.0018387 -0.6220013 0.8871948
v -0.0028309 -0.6230000 0.8873079
v -0.0028183 -0.6220436 0.8870452
v -0.0030271 -0.6212672 0.8855862
v -0.0019218 -0.6212672 0.8864654
v -0.0028768 -0.6215268 0.8865317
v -0.0036434 -0.6230000 0.8866616
v -0.0037565 -0.6220013 0.8856694
v -0.0033904 -0.6220436 0.8865902
v 0.1150116 -0.7990000 0.8681116
v 0.1172252 -0.7990000 0.8698723
v 0.1152380 -0.8010000 0.8700987
v 0.1160342 -0.7990000 0.8682640
v 0.1150419 -0.7999987 0.8683770
v 0.1160215 -0.7999564 0.8685266
v 0.1169597 -0.7999987 0.8699025
v 0.1168467 -0.7990000 0.8689103
v 0.1165936 -0.7999564 0.8689816
v 0.1151250 -0.8007329 0.8691064
v 0.1162303 -0.8007329 0.8699856
v 0.1160800 -0.8004733 0.8690401
v 0.1156909 -0.7990000 0.8740730
v 0.1154644 -0.8010000 0.8720858
v 0.1174516 -0.7990000 0.8718594
v 0.1156606 -0.7999987 0.8738075
v 0.1166529 -0.7990000 0.8736944
v 0.1165815 -0.7999564 0.8734413
v 0.1164567 -0.8007329 0.8719727
v 0.1155775 -0.8007329 0.8730781
v 0.1165230 -0.8004733 0.8729278
v 0.1172992 -0.7990000 0.8728819
v 0.1171861 -0.7999987 0.8718897
v 0.1170365 -0.7999564 0.8728693
v 0.1150116 -0.6230000 0.8681116
v 0.1152380 -0.6210001 0.8700987
v 0.1172252 -0.6230000 0.8698723
v 0.1150419 -0.6220013 0.8683770
v 0.1160342 -0.6230000 0.8682640
v 0.1160215 -0.6220436 0.8685266
v 0.1162303 -0.6212672 0.8699856
v 0.1151250 -0.6212672 0.8691064
v 0.1160801 -0.6215268 0.8690401
v 0.1168467 -0.6230000 0.8689103
v 0.1169597 -0.6220013 0.8699025
v 0.1165936 -0.6220436 0.8689816
v 0.1156909 -0.6230000 0.8740730
v 0.1174516 -0.6230000 0.8718594
v 0.1154644 -0.6210001 0.8720858
v 0.1166529 -0.6230000 0.8736944
v 0.1156606 -0.6220013 0.8738075
v 0.1165815 -0.6220436 0.8734413
v 0.1171861 -0.6220013 0.8718897
v 0.1172992 -0.6230000 0.8728819
v 0.1170365 -0.6220436 0.8728693
v 0.1155775 -0.6212672 0.8730781
v 0.1164567 -0.6212672 0.8719727
v 0.1165230 -0.6215267 0.8729278
f 4805 4808 4810
f 4805 4810 4809
f 4808 4812 4813
f 4808 4813 4810
f 4806 4811 4813
f 4806 4813 4812
f 4811 4815 4816
f 4811 4816 4813
f 4807 4814 4816
f 4807 4816 4815
f 4814 4809 4810
f 4814 4810 4816
f 4810 4813 4816
f 4817 4820 4822
f 4817 4822 4821
f 4820 4824 4825
f 4820 4825 4822
f 4818 4823 4825
f 4818 4825 4824
f 4823 4827 4828
f 4823 4828 4825
f 4819 4826 4828
f 4819 4828 4827
f 4826 4821 4822
f 4826 4822 4828
f 4822 4825 4828
f 4829 4832 4834
f 4829 4834 4833
f 4832 4836 4837
f 4832 4837 4834
f 4830 4835 4837
f 4830 4837 4836
f 4835 4839 4840
f 4835 4840 4837
f 4831 4838 4840
f 4831 4840 4839
f 4838 4833 4834
f 4838 4834 4840
f 4834 4837 4840
f 4841 4844 4846
f 4841 4846 4845
f 4844 4848 4849
f 4844 4849 4846
f 4842 4847 4849
f 4842 4849 4848
f 4847 4851 4852
f 4847 4852 4849
f 4843 4850 4852
f 4843 4852 4851
f 4850 4845 4846
f 4850 4846 4852
f 4846 4849 4852
f 4853 4856 4858
f 4853 4858 4857
f 4856 4860 4861
f 4856 4861 4858
f 4854 4859 4861
f 4854 4861 4860
f 4859 4863 4864
f 4859 4864 4861
f 4855 4862 4864
f 4855 4864 4863
f 4862 4857 4858
f 4862 4858 4864
f 4858 4861 4864
f 4865 4868 4870
f 4865 4870 4869
f 4868 4872 4873
f 4868 4873 4870
f 4866 4871 4873
f 4866 4873 4872
f 4871 4875 4876
f 4871 4876 4873
f 4867 4874 4876
f 4867 4876 4875
f 4874 4869 4870
f 4874 4870 4876
f 4870 4873 4876
f 4877 4880 4882
f 4877 4882 4881
f 4880 4884 4885
f 4880 4885 4882
f 4878 4883 4885
f 4878 4885 4884
f 4883 4887 4888
f 4883 4888 4885
f 4879 4886 4888
f 4879 4888 4887
f 4886 4881 4882
f 4886 4882 4888
f 4882 4885 4888
f 4889 4892 4894
f 4889 4894 4893
f 4892 4896 4897
f 4892 4897 4894
f 4890 4895 4897
f 4890 4897 4896
f 4895 4899 4900
f 4895 4900 4897
f 4891 4898 4900
f 4891 4900 4899
f 4898 4893 4894
f 4898 4894 4900
f 4894 4897 4900
f 4829 4805 4809
f 4829 4809 4832
f 4832 4809 4814
f 4832 4814 4836
f 4836 4814 4807
f 4836 4807 4830
f 4806 4817 4821
f 4806 4821 4811
f 4811 4821 4826
f 4811 4826 4815
f 4815 4826 4819
f 4815 4819 4807
f 4818 4841 4845
f 4818 4845 4823
f 4823 4845 4850
f 4823 4850 4827
f 4827 4850 4843
f 4827 4843 4819
f 4842 4831 4839
f 4842 4839 4847
f 4847 4839 4835
f 4847 4835 4851
f 4851 4835 4830
f 4851 4830 4843
f 4877 4829 4833
f 4877 4833 4880
f 4880 4833 4838
f 4880 4838 4884
f 4884 4838 4831
f 4884 4831 4878
f 4841 4889 4893
f 4841 4893 4844
f 4844 4893 4898
f 4844 4898 4848
f 4848 4898 4891
f 4848 4891 4842
f 4890 4879 4887
f 4890 4887 4895
f 4895 4887 4883
f 4895 4883 4899
f 4899 4883 4878
f 4899 4878 4891
f 4853 4877 4881
f 4853 4881 4856
f 4856 4881 4886
f 4856 4886 4860
f 4860 4886 4879
f 4860 4879 4854
f 4889 4865 4869
f 4889 4869 4892
f 4892 4869 4874
f 4892 4874 4896
f 4896 4874 4867
f 4896 4867 4890
f 4866 4855 4863
f 4866 4863 4871
f 4871 4863 4859
f 4871 4859 4875
f 4875 4859 4854
f 4875 4854 4867
f 4805 4853 4857
f 4805 4857 4808
f 4808 4857 4862
f 4808 4862 4812
f 4812 4862 4855
f 4812 4855 4806
f 4865 4818 4824
f 4865 4824 4868
f 4868 4824 4820
f 4868 4820 4872
f 4872 4820 4817
f 4872 4817 4866
f 4829 4877 4853
f 4829 4853 4805
f 4807 4819 4843
f 4807 4843 4830
f 4855 4866 4817
f 4855 4817 4806
f 4889 4841 4818
f 4889 4818 4865
f 4831 4842 4891
f 4831 4891 4878
f 4879 4890 4867
f 4879 4867 4854
v -0.1150116 -0.7990000 0.8681116
v -0.1152380 -0.8010000 0.8700987
v -0.1172252 -0.7990000 0.8698723
v -0.1150419 -0.7999987 0.8683770
v -0.1160342 -0.7990000 0.8682640
v -0.1160215 -0.7999564 0.8685266
v -0.1162303 -0.8007329 0.8699856
v -0.1151250 -0.8007329 0.8691064
v -0.1160801 -0.8004733 0.8690401
v -0.1168467 -0.7990000 0.8689103
v -0.1169597 -0.7999987 0.8699025
v -0.1165936 -0.7999564 0.8689816
v -0.1154644 -0.8010000 0.8720858
v -0.1156909 -0.7990000 0.8740730
v -0.1174516 -0.7990000 0.8718594
v -0.1155775 -0.8007329 0.8730781
v -0.1164567 -0.8007329 0.8719727
v -0.1165230 -0.8004733 0.8729278
v -0.1166529 -0.7990000 0.8736944
v -0.1156606 -0.7999987 0.8738075
v -0.1165815 -0.7999564 0.8734413
v -0.1171861 -0.7999987 0.8718897
v -0.1172992 -0.7990000 0.8728819
v -0.1170365 -0.7999564 0.8728693
v -0.1150116 -0.6230000 0.8681116
v -0.1172252 -0.6230000 0.8698723
v -0.1152380 -0.6210001 0.8700987
v -0.1160342 -0.6230000 0.8682640
v -0.1150419 -0.6220013 0.8683770
v -0.1160215 -0.6220436 0.8685266
v -0.1169597 -0.6220013 0.8699025
v -0.1168467 -0.6230000 0.8689103
v -0.1165936 -0.6220436 0.8689816
v -0.1151250 -0.6212672 0.8691064
v -0.1162303 -0.6212672 0.8699856
v -0.1160800 -0.6215267 0.8690401
v -0.1156909 -0.6230000 0.8740730
v -0.1154644 -0.6210001 0.8720858
v -0.1174516 -0.6230000 0.8718594
v -0.1156606 -0.6220013 0.8738075
v -0.1166529 -0.6230000 0.8736944
v -0.1165815 -0.6220436 0.8734413
v -0.1164567 -0.6212672 0.8719727
v -0.1155775 -0.6212672 0.8730781
v -0.1165230 -0.6215268 0.8729278
v -0.1172992 -0.6230000 0.8728819
v -0.1171861 -0.6220013 0.8718897
v -0.1170365 -0.6220436 0.8728693
v 0.0024876 -0.7990000 0.8814989
v 0.0042484 -0.7990000 0.8837124
v 0.0022612 -0.8010000 0.8834860
v 0.0034497 -0.7990000 0.8818774
v 0.0024574 -0.7999987 0.8817644
v 0.0033783 -0.7999564 0.8821305
v 0.0039829 -0.7999987 0.8836822
v 0.0040960 -0.7990000 0.8826899
v 0.0038333 -0.7999564 0.8827025
v 0.0023743 -0.8007329 0.8824937
v 0.0032535 -0.8007329 0.8835991
v 0.0033198 -0.8004733 0.8826440
v 0.0018084 -0.7990000 0.8874603
v 0.0020348 -0.8010000 0.8854732
v 0.0040220 -0.7990000 0.8856996
v 0.0018387 -0.7999987 0.8871948
v 0.0028309 -0.7990000 0.8873079
v 0.0028183 -0.7999564 0.8870452
v 0.0030271 -0.8007329 0.8855862
v 0.0019218 -0.8007329 0.8864654
v 0.0028768 -0.8004733 0.8865317
v 0.0036434 -0.7990000 0.8866616
v 0.0037565 -0.7999987 0.8856694
v 0.0033904 -0.7999564 0.8865902
v 0.0024876 -0.6230000 0.8814989
v 0.0022612 -0.6210001 0.8834860
v 0.0042484 -0.6230000 0.8837124
v 0.0024574 -0.6220013 0.8817644
v 0.0034497 -0.6230000 0.8818774
v 0.0033783 -0.6220436 0.8821305
v 0.0032535 -0.6212672 0.8835991
v 0.0023743 -0.6212672 0.8824937
v 0.0033198 -0.6215268 0.8826440
v 0.0040960 -0.6230000 0.8826899
v 0.0039829 -0.6220013 0.8836822
v 0.0038333 -0.6220436 0.8827025
v 0.0018084 -0.6230000 0.8874603
v 0.0040220 -0.6230000 0.8856996
v 0.0020348 -0.6210001 0.8854732
v 0.0028309 -0.6230000 0.8873079
v 0.0018387 -0.6220013 0.8871948
v 0.0028183 -0.6220436 0.8870452
v 0.0037565 -0.6220013 0.8856694
v 0.0036434 -0.6230000 0.8866616
v 0.0033904 -0.6220436 0.8865902
v 0.0019218 -0.6212672 0.8864654
v 0.0030271 -0.6212672 0.8855862
v 0.0028768 -0.6215267 0.8865317
f 4901 4904 4906
f 4901 4906 4905
f 4904 4908 4909
f 4904 4909 4906
f 4902 4907 4909
f 4902 4909 4908
f 4907 4911 4912
f 4907 4912 4909
f 4903 4910 4912
f 4903 4912 4911
f 4910 4905 4906
f 4910 4906 4912
f 4906 4909 4912
f 4913 4916 4918
f 4913 4918 4917
f 4916 4920 4921
f 4916 4921 4918
f 4914 4919 4921
f 4914 4921 4920
f 4919 4923 4924
f 4919 4924 4921
f 4915 4922 4924
f 4915 4924 4923
f 4922 4917 4918
f 4922 4918 4924
f 4918 4921 4924
f 4925 4928 4930
f 4925 4930 4929
f 4928 4932 4933
f 4928 4933 4930
f 4926 4931 4933
f 4926 4933 4932
f 4931 4935 4936
f 4931 4936 4933
f 4927 4934 4936
f 4927 4936 4935
f 4934 4929 4930
f 4934 4930 4936
f 4930 4933 4936
f 4937 4940 4942
f 4937 4942 4941
f 4940 4944 4945
f 4940 4945 4942
f 4938 4943 4945
f 4938 4945 4944
f 4943 4947 4948
f 4943 4948 4945
f 4939 4946 4948
f 4939 4948 4947
f 4946 4941 4942
f 4946 4942 4948
f 4942 4945 4948
f 4949 4952 4954
f 4949 4954 4953
f 4952 4956 4957
f 4952 4957 4954
f 4950 4955 4957
f 4950 4957 4956
f 4955 4959 4960
f 4955 4960 4957
f 4951 4958 4960
f 4951 4960 4959
f 4958 4953 4954
f 4958 4954 4960
f 4954 4957 4960
f 4961 4964 4966
f 4961 4966 4965
f 4964 4968 4969
f 4964 4969 4966
f 4962 4967 4969
f 4962 4969 4968
f 4967 4971 4972
f 4967 4972 4969
f 4963 4970 4972
f 4963 4972 4971
f 4970 4965 4966
f 4970 4966 4972
f 4966 4969 4972
f 4973 4976 4978
f 4973 4978 4977
f 4976 4980 4981
f 4976 4981 4978
f 4974 4979 4981
f 4974 4981 4980
f 4979 4983 4984
f 4979 4984 4981
f 4975 4982 4984
f 4975 4984 4983
f 4982 4977 4978
f 4982 4978 4984
f 4978 4981 4984
f 4985 4988 4990
f 4985 4990 4989
f 4988 4992 4993
f 4988 4993 4990
f 4986 4991 4993
f 4986 4993 4992
f 4991 4995 4996
f 4991 4996 4993
f 4987 4994 4996
f 4987 4996 4995
f 4994 4989 4990
f 4994 4990 4996
f 4990 4993 4996
f 4925 4901 4905
f 4925 4905 4928
f 4928 4905 4910
f 4928 4910 4932
f 4932 4910 4903
f 4932 4903 4926
f 4902 4913 4917
f 4902 4917 4907
f 4907 4917 4922
f 4907 4922 4911
f 4911 4922 4915
f 4911 4915 4903
f 4914 4937 4941
f 4914 4941 4919
f 4919 4941 4946
f 4919 4946 4923
f 4923 4946 4939
f 4923 4939 4915
f 4938 4927 4935
f 4938 4935 4943
f 4943 4935 4931
f 4943 4931 4947
f 4947 4931 4926
f 4947 4926 4939
f 4973 4925 4929
f 4973 4929 4976
f 4976 4929 4934
f 4976 4934 4980
f 4980 4934 4927
f 4980 4927 4974
f 4937 4985 4989
f 4937 4989 4940
f 4940 4989 4994
f 4940 4994 4944
f 4944 4994 4987
f 4944 4987 4938
f 4986 4975 4983
f 4986 4983 4991
f 4991 4983 4979
f 4991 4979 4995
f 4995 4979 4974
f 4995 4974 4987
f 4949 4973 4977
f 4949 4977 4952
f 4952 4977 4982
f 4952 4982 4956
f 4956 4982 4975
f 4956 4975 4950
f 4985 4961 4965
f 4985 4965 4988
f 4988 4965 4970
f 4988 4970 4992
f 4992 4970 4963
f 4992 4963 4986
f 4962 4951 4959
f 4962 4959 4967
f 4967 4959 4955
f 4967 4955 4971
f 4971 4955 4950
f 4971 4950 4963
f 4901 4949 4953
f 4901 4953 4904
f 4904 4953 4958
f 4904 4958 4908
f 4908 4958 4951
f 4908 4951 4902
f 4961 4914 4920
f 4961 4920 4964
f 4964 4920 4916
f 4964 4916 4968
f 4968 4916 4913
f 4968 4913 4962
f 4925 4973 4949
f 4925 4949 4901
f 4903 4915 4939
f 4903 4939 4926
f 4951 4962 4913
f 4951 4913 4902
f 4985 4937 4914
f 4985 4914 4961
f 4927 4938 4987
f 4927 4987 4974
f 4975 4986 4963
f 4975 4963 4950
v -0.2216402 -0.7990000 0.8297549
v -0.2223078 -0.8010000 0.8316402
v -0.2241931 -0.7990000 0.8309726
v -0.2217294 -0.7999987 0.8300068
v -0.2226707 -0.7990000 0.8296734
v -0.2227176 -0.7999564 0.8299322
v -0.2232492 -0.8007329 0.8313068
v -0.2219744 -0.8007329 0.8306988
v -0.2228901 -0.8004733 0.8304194
v -0.2236078 -0.7990000 0.8301203
v -0.2239412 -0.7999987 0.8310618
v -0.2233773 -0.7999564 0.8302468
v -0.2229754 -0.8010000 0.8335255
v -0.2236430 -0.7990000 0.8354107
v -0.2248607 -0.7990000 0.8328578
v -0.2233088 -0.8007329 0.8344669
v -0.2239168 -0.8007329 0.8331921
v -0.2241962 -0.8004733 0.8341078
v -0.2244952 -0.7990000 0.8348255
v -0.2235538 -0.7999987 0.8351589
v -0.2243687 -0.7999564 0.8345950
v -0.2246088 -0.7999987 0.8329470
v -0.2249422 -0.7990000 0.8338884
v -0.2246834 -0.7999564 0.8339353
v -0.2216402 -0.6230000 0.8297549
v -0.2241931 -0.6230000 0.8309726
v -0.2223078 -0.6210001 0.8316402
v -0.2226707 -0.6230000 0.8296734
v -0.2217293 -0.6220013 0.8300068
v -0.2227175 -0.6220436 0.8299322
v -0.2239412 -0.6220013 0.8310618
v -0.2236078 -0.6230000 0.8301203
v -0.2233773 -0.6220436 0.8302468
v -0.2219744 -0.6212672 0.8306988
v -0.2232492 -0.6212672 0.8313068
v -0.2228901 -0.6215267 0.8304194
v -0.2236430 -0.6230000 0.8354107
v -0.2229754 -0.6210001 0.8335255
v -0.2248607 -0.6230000 0.8328578
v -0.2235538 -0.6220013 0.8351589
v -0.2244952 -0.6230000 0.8348255
v -0.2243687 -0.6220436 0.8345950
v -0.2239168 -0.6212672 0.8331921
v -0.2233088 -0.6212672 0.8344669
v -0.2241962 -0.6215268 0.8341078
v -0.2249422 -0.6230000 0.8338884
v -0.2246088 -0.6220013 0.8329470
v -0.2246834 -0.6220436 0.8339353
v -0.1101639 -0.7990000 0.8692307
v -0.1089462 -0.7990000 0.8717836
v -0.1108315 -0.8010000 0.8711160
v -0.1093117 -0.7990000 0.8698159
v -0.1102531 -0.7999987 0.8694826
v -0.1094381 -0.7999564 0.8700465
v -0.1091981 -0.7999987 0.8716944
v -0.1088647 -0.7990000 0.8707530
v -0.1091235 -0.7999564 0.8707062
v -0.1104981 -0.8007329 0.8701746
v -0.1098901 -0.8007329 0.8714494
v -0.1096107 -0.8004733 0.8705337
v -0.1121667 -0.7990000 0.8748866
v -0.1114991 -0.8010000 0.8730013
v -0.1096138 -0.7990000 0.8736689
v -0.1120775 -0.7999987 0.8746347
v -0.1111361 -0.7990000 0.8749681
v -0.1110893 -0.7999564 0.8747093
v -0.1105577 -0.8007329 0.8733346
v -0.1118325 -0.8007329 0.8739427
v -0.1109168 -0.8004733 0.8742221
v -0.1101990 -0.7990000 0.8745211
v -0.1098657 -0.7999987 0.8735797
v -0.1104296 -0.7999564 0.8743947
v -0.1101639 -0.6230000 0.8692307
v -0.1108315 -0.6210001 0.8711160
v -0.1089462 -0.6230000 0.8717836
v -0.1102531 -0.6220013 0.8694826
v -0.1093117 -0.6230000 0.8698159
v -0.1094381 -0.6220436 0.8700465
v -0.1098901 -0.6212672 0.8714494
v -0.1104981 -0.6212672 0.8701746
v -0.1096107 -0.6215268 0.8705337
v -0.1088647 -0.6230000 0.8707530
v -0.1091981 -0.6220013 0.8716944
v -0.1091235 -0.6220436 0.8707062
v -0.1121667 -0.6230000 0.8748866
v -0.1096138 -0.6230000 0.8736689
v -0.1114991 -0.6210001 0.8730013
v -0.1111361 -0.6230000 0.8749681
v -0.1120775 -0.6220013 0.8746347
v -0.1110893 -0.6220436 0.8747093
v -0.1098657 -0.6220013 0.8735797
v -0.1101991 -0.6230000 0.8745211
v -0.1104296 -0.6220436 0.8743947
v -0.1118325 -0.6212672 0.8739427
v -0.1105577 -0.6212672 0.8733346
v -0.1109168 -0.6215267 0.8742221
f 4997 5000 5002
f 4997 5002 5001
f 5000 5004 5005
f 5000 5005 5002
f 4998 5003 5005
f 4998 5005 5004
f 5003 5007 5008
f 5003 5008 5005
f 4999 5006 5008
f 4999 5008 5007
f 5006 5001 5002
f 5006 5002 5008
f 5002 5005 5008
f 5009 5012 5014
f 5009 5014 5013
f 5012 5016 5017
f 5012 5017 5014
f 5010 5015 5017
f 5010 5017 5016
f 5015 5019 5020
f 5015 5020 5017
f 5011 5018 5020
f 5011 5020 5019
f 5018 5013 5014
f 5018 5014 5020
f 5014 5017 5020
f 5021 5024 5026
f 5021 5026 5025
f 5024 5028 5029
f 5024 5029 5026
f 5022 5027 5029
f 5022 5029 5028
f 5027 5031 5032
f 5027 5032 5029
f 5023 5030 5032
f 5023 5032 5031
f 5030 5025 5026
f 5030 5026 5032
f 5026 5029 5032
f 5033 5036 5038
f 5033 5038 5037
f 5036 5040 5041
f 5036 5041 5038
f 5034 5039 5041
f 5034 5041 5040
f 5039 5043 5044
f 5039 5044 5041
f 5035 5042 5044
f 5035 5044 5043
f 5042 5037 5038
f 5042 5038 5044
f 5038 5041 5044
f 5045 5048 5050
f 5045 5050 5049
f 5048 5052 5053
f 5048 5053 5050
f 5046 5051 5053
f 5046 5053 5052
f 5051 5055 5056
f 5051 5056 5053
f 5047 5054 5056
f 5047 5056 5055
f 5054 5049 5050
f 5054 5050 5056
f 5050 5053 5056
f 5057 5060 5062
f 5057 5062 5061
f 5060 5064 5065
f 5060 5065 5062
f 5058 5063 5065
f 5058 5065 5064
f 5063 5067 5068
f 5063 5068 5065
f 5059 5066 5068
f 5059 5068 5067
f 5066 5061 5062
f 5066 5062 5068
f 5062 5065 5068
f 5069 5072 5074
f 5069 5074 5073
f 5072 5076 5077
f 5072 5077 5074
f 5070 5075 5077
f 5070 5077 5076
f 5075 5079 5080
f 5075 5080 5077
f 5071 5078 5080
f 5071 5080 5079
f 5078 5073 5074
f 5078 5074 5080
f 5074 5077 5080
f 5081 5084 5086
f 5081 5086 5085
f 5084 5088 5089
f 5084 5089 5086
f 5082 5087 5089
f 5082 5089 5088
f 5087 5091 5092
f 5087 5092 5089
f 5083 5090 5092
f 5083 5092 5091
f 5090 5085 5086
f 5090 5086 5092
f 5086 5089 5092
f 5021 4997 5001
f 5021 5001 5024
f 5024 5001 5006
f 5024 5006 5028
f 5028 5006 4999
f 5028 4999 5022
f 4998 5009 5013
f 4998 5013 5003
f 5003 5013 5018
f 5003 5018 5007
f 5007 5018 5011
f 5007 5011 4999
f 5010 5033 5037
f 5010 5037 5015
f 5015 5037 5042
f 5015 5042 5019
f 5019 5042 5035
f 5019 5035 5011
f 5034 5023 5031
f 5034 5031 5039
f 5039 5031 5027
f 5039 5027 5043
f 5043 5027 5022
f 5043 5022 5035
f 5069 5021 5025
f 5069 5025 5072
f 5072 5025 5030
f 5072 5030 5076
f 5076 5030 5023
f 5076 5023 5070
f 5033 5081 5085
f 5033 5085 5036
f 5036 5085 5090
f 5036 5090 5040
f 5040 5090 5083
f 5040 5083 5034
f 5082 5071 5079
f 5082 5079 5087
f 5087 5079 5075
f 5087 5075 5091
f 5091 5075 5070
f 5091 5070 5083
f 5045 5069 5073
f 5045 5073 5048
f 5048 5073 5078
f 5048 5078 5052
f 5052 5078 5071
f 5052 5071 5046
f 5081 5057 5061
f 5081 5061 5084
f 5084 5061 5066
f 5084 5066 5088
f 5088 5066 5059
f 5088 5059 5082
f 5058 5047 5055
f 5058 5055 5063
f 5063 5055 5051
f 5063 5051 5067
f 5067 5051 5046
f 5067 5046 5059
f 4997 5045 5049
f 4997 5049 5000
f 5000 5049 5054
f 5000 5054 5004
f 5004 5054 5047
f 5004 5047 4998
f 5057 5010 5016
f 5057 5016 5060
f 5060 5016 5012
f 5060 5012 5064
f 5064 5012 5009
f 5064 5009 5058
f 5021 5069 5045
f 5021 5045 4997
f 4999 5011 5035
f 4999 5035 5022
f 5047 5058 5009
f 5047 5009 4998
f 5081 5033 5010
f 5081 5010 5057
f 5023 5034 5083
f 5023 5083 5070
f 5071 5082 5059
f 5071 5059 5046
v -0.3169074 -0.7990000 0.7683952
v -0.3179820 -0.8010000 0.7700820
v -0.3196688 -0.7990000 0.7690074
v -0.3170510 -0.7999987 0.7686206
v -0.3178933 -0.7990000 0.7680839
v -0.3179971 -0.7999564 0.7683256
v -0.3188243 -0.8007329 0.7695454
v -0.3174454 -0.8007329 0.7692397
v -0.3182748 -0.8004733 0.7687615
v -0.3189069 -0.7990000 0.7683086
v -0.3194435 -0.7999987 0.7691509
v -0.3187107 -0.7999564 0.7684838
v -0.3190566 -0.8010000 0.7717687
v -0.3201312 -0.7990000 0.7734556
v -0.3207434 -0.7990000 0.7706941
v -0.3195932 -0.8007329 0.7726110
v -0.3198989 -0.8007329 0.7712322
v -0.3203771 -0.8004733 0.7720615
v -0.3208300 -0.7990000 0.7726936
v -0.3199877 -0.7999987 0.7732302
v -0.3206548 -0.7999564 0.7724974
v -0.3205181 -0.7999987 0.7708377
v -0.3210547 -0.7990000 0.7716800
v -0.3208131 -0.7999564 0.7717838
v -0.3169074 -0.6230000 0.7683952
v -0.3196688 -0.6230000 0.7690074
v -0.3179820 -0.6210001 0.7700820
v -0.3178933 -0.6230000 0.7680839
v -0.3170510 -0.6220013 0.7686206
v -0.3179971 -0.6220436 0.7683256
v -0.3194435 -0.6220013 0.7691509
v -0.3189069 -0.6230000 0.7683086
v -0.3187107 -0.6220436 0.7684838
v -0.3174454 -0.6212672 0.7692397
v -0.3188243 -0.6212672 0.7695454
v -0.3182748 -0.6215267 0.7687615
v -0.3201312 -0.6230000 0.7734556
v -0.3190566 -0.6210001 0.7717687
v -0.3207434 -0.6230000 0.7706941
v -0.3199877 -0.6220013 0.7732302
v -0.3208300 -0.6230000 0.7726936
v -0.3206548 -0.6220436 0.7724974
v -0.3198989 -0.6212672 0.7712322
v -0.3195932 -0.6212672 0.7726110
v -0.3203771 -0.6215268 0.7720615
v -0.3210547 -0.6230000 0.7716800
v -0.3205181 -0.6220013 0.7708377
v -0.3208131 -0.6220436 0.7717838
v -0.2171684 -0.7990000 0.8319359
v -0.2165562 -0.7990000 0.8346974
v -0.2182430 -0.8010000 0.8336228
v -0.2164697 -0.7990000 0.8326979
v -0.2173120 -0.7999987 0.8321613
v -0.2166448 -0.7999564 0.8328941
v -0.2167816 -0.7999987 0.8345538
v -0.2162450 -0.7990000 0.8337115
v -0.2164866 -0.7999564 0.8336077
v -0.2177064 -0.8007329 0.8327805
v -0.2174007 -0.8007329 0.8341593
v -0.2169225 -0.8004733 0.8333300
v -0.2203922 -0.7990000 0.8369963
v -0.2193176 -0.8010000 0.8353095
v -0.2176308 -0.7990000 0.8363841
v -0.2202486 -0.7999987 0.8367710
v -0.2194064 -0.7990000 0.8373076
v -0.2193025 -0.7999564 0.8370659
v -0.2184753 -0.8007329 0.8358461
v -0.2198542 -0.8007329 0.8361518
v -0.2190249 -0.8004733 0.8366300
v -0.2183928 -0.7990000 0.8370829
v -0.2178562 -0.7999987 0.8362406
v -0.2185889 -0.7999564 0.8369077
v -0.2171684 -0.6230000 0.8319359
v -0.2182430 -0.6210001 0.8336228
v -0.2165562 -0.6230000 0.8346974
v -0.2173120 -0.6220013 0.8321613
v -0.2164697 -0.6230000 0.8326979
v -0.2166448 -0.6220436 0.8328941
v -0.2174007 -0.6212672 0.8341593
v -0.2177064 -0.6212672 0.8327805
v -0.2169225 -0.6215268 0.8333300
v -0.2162450 -0.6230000 0.8337115
v -0.2167816 -0.6220013 0.8345538
v -0.2164866 -0.6220436 0.8336077
v -0.2203922 -0.6230000 0.8369963
v -0.2176308 -0.6230000 0.8363841
v -0.2193176 -0.6210001 0.8353095
v -0.2194064 -0.6230000 0.8373076
v -0.2202486 -0.6220013 0.8367710
v -0.2193025 -0.6220436 0.8370659
v -0.2178562 -0.6220013 0.8362406
v -0.2183928 -0.6230000 0.8370829
v -0.2185889 -0.6220436 0.8369077
v -0.2198542 -0.6212672 0.8361518
v -0.2184753 -0.6212672 0.8358461
v -0.2190249 -0.6215267 0.8366300
f 5093 5096 5098
f 5093 5098 5097
f 5096 5100 5101
f 5096 5101 5098
f 5094 5099 5101
f 5094 5101 5100
f 5099 5103 5104
f 5099 5104 5101
f 5095 5102 5104
f 5095 5104 5103
f 5102 5097 5098
f 5102 5098 5104
f 5098 5101 5104
f 5105 5108 5110
f 5105 5110 5109
f 5108 5112 5113
f 5108 5113 5110
f 5106 5111 5113
f 5106 5113 5112
f 5111 5115 5116
f 5111 5116 5113
f 5107 5114 5116
f 5107 5116 5115
f 5114 5109 5110
f 5114 5110 5116
f 5110 5113 5116
f 5117 5120 5122
f 5117 5122 5121
f 5120 5124 5125
f 5120 5125 5122
f 5118 5123 5125
f 5118 5125 5124
f 5123 5127 5128
f 5123 5128 5125
f 5119 5126 5128
f 5119 5128 5127
f 5126 5121 5122
f 5126 5122 5128
f 5122 5125 5128
f 5129 5132 5134
f 5129 5134 5133
f 5132 5136 5137
f 5132 5137 5134
f 5130 5135 5137
f 5130 5137 5136
f 5135 5139 5140
f 5135 5140 5137
f 5131 5138 5140
f 5131 5140 5139
f 5138 5133 5134
f 5138 5134 5140
f 5134 5137 5140
f 5141 5144 5146
f 5141 5146 5145
f 5144 5148 5149
f 5144 5149 5146
f 5142 5147 5149
f 5142 5149 5148
f 5147 5151 5152
f 5147 5152 5149
f 5143 5150 5152
f 5143 5152 5151
f 5150 5145 5146
f 5150 5146 5152
f 5146 5149 5152
f 5153 5156 5158
f 5153 5158 5157
f 5156 5160 5161
f 5156 5161 5158
f 5154 5159 5161
f 5154 5161 5160
f 5159 5163 5164
f 5159 5164 5161
f 5155 5162 5164
f 5155 5164 5163
f 5162 5157 5158
f 5162 5158 5164
f 5158 5161 5164
f 5165 5168 5170
f 5165 5170 5169
f 5168 5172 5173
f 5168 5173 5170
f 5166 5171 5173
f 5166 5173 5172
f 5171 5175 5176
f 5171 5176 5173
f 5167 5174 5176
f 5167 5176 5175
f 5174 5169 5170
f 5174 5170 5176
f 5170 5173 5176
f 5177 5180 5182
f 5177 5182 5181
f 5180 5184 5185
f 5180 5185 5182
f 5178 5183 5185
f 5178 5185 5184
f 5183 5187 5188
f 5183 5188 5185
f 5179 5186 5188
f 5179 5188 5187
f 5186 5181 5182
f 5186 5182 5188
f 5182 5185 5188
f 5117 5093 5097
f 5117 5097 5120
f 5120 5097 5102
f 5120 5102 5124
f 5124 5102 5095
f 5124 5095 5118
f 5094 5105 5109
f 5094 5109 5099
f 5099 5109 5114
f 5099 5114 5103
f 5103 5114 5107
f 5103 5107 5095
f 5106 5129 5133
f 5106 5133 5111
f 5111 5133 5138
f 5111 5138 5115
f 5115 5138 5131
f 5115 5131 5107
f 5130 5119 5127
f 5130 5127 5135
f 5135 5127 5123
f 5135 5123 5139
f 5139 5123 5118
f 5139 5118 5131
f 5165 5117 5121
f 5165 5121 5168
f 5168 5121 5126
f 5168 5126 5172
f 5172 5126 5119
f 5172 5119 5166
f 5129 5177 5181
f 5129 5181 5132
f 5132 5181 5186
f 5132 5186 5136
f 5136 5186 5179
f 5136 5179 5130
f 5178 5167 5175
f 5178 5175 5183
f 5183 5175 5171
f 5183 5171 5187
f 5187 5171 5166
f 5187 5166 5179
f 5141 5165 5169
f 5141 5169 5144
f 5144 5169 5174
f 5144 5174 5148
f 5148 5174 5167
f 5148 5167 5142
f 5177 5153 5157
f 5177 5157 5180
f 5180 5157 5162
f 5180 5162 5184
f 5184 5162 5155
f 5184 5155 5178
f 5154 5143 5151
f 5154 5151 5159
f 5159 5151 5147
f 5159 5147 5163
f 5163 5147 5142
f 5163 5142 5155
f 5093 5141 5145
f 5093 5145 5096
f 5096 5145 5150
f 5096 5150 5100
f 5100 5150 5143
f 5100 5143 5094
f 5153 5106 5112
f 5153 5112 5156
f 5156 5112 5108
f 5156 5108 5160
f 5160 5108 5105
f 5160 5105 5154
f 5117 5165 5141
f 5117 5141 5093
f 5095 5107 5131
f 5095 5131 5118
f 5143 5154 5105
f 5143 5105 5094
f 5177 5129 5106
f 5177 5106 5153
f 5119 5130 5179
f 5119 5179 5166
f 5167 5178 5155
f 5167 5155 5142
v -0.3959301 -0.7990000 0.6871776
v -0.3973566 -0.8010000 0.6885794
v -0.3987584 -0.7990000 0.6871529
v -0.3961206 -0.7999987 0.6873649
v -0.3968206 -0.7990000 0.6866525
v -0.3969761 -0.7999564 0.6868646
v -0.3980565 -0.8007329 0.6878671
v -0.3966442 -0.8007329 0.6878794
v -0.3973448 -0.8004733 0.6872268
v -0.3978588 -0.7990000 0.6866435
v -0.3985711 -0.7999987 0.6873435
v -0.3977070 -0.7999564 0.6868582
v -0.3987831 -0.8010000 0.6899812
v -0.4002095 -0.7990000 0.6913830
v -0.4001849 -0.7990000 0.6885547
v -0.3994954 -0.8007329 0.6906812
v -0.3994831 -0.8007329 0.6892689
v -0.4001356 -0.8004733 0.6899694
v -0.4007190 -0.7990000 0.6904835
v -0.4000190 -0.7999987 0.6911957
v -0.4005042 -0.7999564 0.6903316
v -0.3999976 -0.7999987 0.6887453
v -0.4007099 -0.7990000 0.6894453
v -0.4004979 -0.7999564 0.6896008
v -0.3959301 -0.6230000 0.6871776
v -0.3987584 -0.6230000 0.6871529
v -0.3973566 -0.6210001 0.6885794
v -0.3968206 -0.6230000 0.6866525
v -0.3961206 -0.6220013 0.6873649
v -0.3969761 -0.6220436 0.6868646
v -0.3985711 -0.6220013 0.6873435
v -0.3978588 -0.6230000 0.6866435
v -0.3977070 -0.6220436 0.6868582
v -0.3966442 -0.6212672 0.6878794
v -0.3980565 -0.6212672 0.6878671
v -0.3973447 -0.6215267 0.6872268
v -0.4002095 -0.6230000 0.6913830
v -0.3987831 -0.6210001 0.6899812
v -0.4001849 -0.6230000 0.6885547
v -0.4000190 -0.6220013 0.6911957
v -0.4007190 -0.6230000 0.6904835
v -0.4005042 -0.6220436 0.6903316
v -0.3994831 -0.6212672 0.6892689
v -0.3994954 -0.6212672 0.6906812
v -0.4001356 -0.6215268 0.6899694
v -0.4007099 -0.6230000 0.6894453
v -0.3999976 -0.6220013 0.6887453
v -0.4004979 -0.6220436 0.6896008
v -0.3130409 -0.7990000 0.7715262
v -0.3130656 -0.7990000 0.7743545
v -0.3144674 -0.8010000 0.7729280
v -0.3125315 -0.7990000 0.7724258
v -0.3132315 -0.7999987 0.7717135
v -0.3127462 -0.7999564 0.7725775
v -0.3132529 -0.7999987 0.7741640
v -0.3125406 -0.7990000 0.7734640
v -0.3127526 -0.7999564 0.7733085
v -0.3137551 -0.8007329 0.7722280
v -0.3137674 -0.8007329 0.7736403
v -0.3131149 -0.8004733 0.7729398
v -0.3173204 -0.7990000 0.7757316
v -0.3158939 -0.8010000 0.7743298
v -0.3144921 -0.7990000 0.7757564
v -0.3171298 -0.7999987 0.7755443
v -0.3164298 -0.7990000 0.7762567
v -0.3162743 -0.7999564 0.7760446
v -0.3151939 -0.8007329 0.7750421
v -0.3166062 -0.8007329 0.7750298
v -0.3159057 -0.8004733 0.7756824
v -0.3153917 -0.7990000 0.7762657
v -0.3146794 -0.7999987 0.7755657
v -0.3155434 -0.7999564 0.7760510
v -0.3130409 -0.6230000 0.7715262
v -0.3144674 -0.6210001 0.7729280
v -0.3130656 -0.6230000 0.7743545
v -0.3132315 -0.6220013 0.7717135
v -0.3125315 -0.6230000 0.7724258
v -0.3127462 -0.6220436 0.7725776
v -0.3137674 -0.6212672 0.7736403
v -0.3137551 -0.6212672 0.7722280
v -0.3131149 -0.6215268 0.7729398
v -0.3125405 -0.6230000 0.7734640
v -0.3132529 -0.6220013 0.7741640
v -0.3127526 -0.6220436 0.7733085
v -0.3173204 -0.6230000 0.7757316
v -0.3144921 -0.6230000 0.7757564
v -0.3158939 -0.6210001 0.7743298
v -0.3164299 -0.6230000 0.7762567
v -0.3171298 -0.6220013 0.7755443
v -0.3162743 -0.6220436 0.7760446
v -0.3146794 -0.6220013 0.7755657
v -0.3153917 -0.6230000 0.7762657
v -0.3155434 -0.6220436 0.7760510
v -0.3166062 -0.6212672 0.7750298
v -0.3151939 -0.6212672 0.7750421
v -0.3159057 -0.6215267 0.7756824
f 5189 5192 5194
f 5189 5194 5193
f 5192 5196 5197
f 5192 5197 5194
f 5190 5195 5197
f 5190 5197 5196
f 5195 5199 5200
f 5195 5200 5197
f 5191 5198 5200
f 5191 5200 5199
f 5198 5193 5194
f 5198 5194 5200
f 5194 5197 5200
f 5201 5204 5206
f 5201 5206 5205
f 5204 5208 5209
f 5204 5209 5206
f 5202 5207 5209
f 5202 5209 5208
f 5207 5211 5212
f 5207 5212 5209
f 5203 5210 5212
f 5203 5212 5211
f 5210 5205 5206
f 5210 5206 5212
f 5206 5209 5212
f 5213 5216 5218
f 5213 5218 5217
f 5216 5220 5221
f 5216 5221 5218
f 5214 5219 5221
f 5214 5221 5220
f 5219 5223 5224
f 5219 5224 5221
f 5215 5222 5224
f 5215 5224 5223
f 5222 5217 5218
f 5222 5218 5224
f 5218 5221 5224
f 5225 5228 5230
f 5225 5230 5229
f 5228 5232 5233
f 5228 5233 5230
f 5226 5231 5233
f 5226 5233 5232
f 5231 5235 5236
f 5231 5236 5233
f 5227 5234 5236
f 5227 5236 5235
f 5234 5229 5230
f 5234 5230 5236
f 5230 5233 5236
f 5237 5240 5242
f 5237 5242 5241
f 5240 5244 5245
f 5240 5245 5242
f 5238 5243 5245
f 5238 5245 5244
f 5243 5247 5248
f 5243 5248 5245
f 5239 5246 5248
f 5239 5248 5247
f 5246 5241 5242
f 5246 5242 5248
f 5242 5245 5248
f 5249 5252 5254
f 5249 5254 5253
f 5252 5256 5257
f 5252 5257 5254
f 5250 5255 5257
f 5250 5257 5256
f 5255 5259 5260
f 5255 5260 5257
f 5251 5258 5260
f 5251 5260 5259
f 5258 5253 5254
f 5258 5254 5260
f 5254 5257 5260
f 5261 5264 5266
f 5261 5266 5265
f 5264 5268 5269
f 5264 5269 5266
f 5262 5267 5269
f 5262 5269 5268
f 5267 5271 5272
f 5267 5272 5269
f 5263 5270 5272
f 5263 5272 5271
f 5270 5265 5266
f 5270 5266 5272
f 5266 5269 5272
f 5273 5276 5278
f 5273 5278 5277
f 5276 5280 5281
f 5276 5281 5278
f 5274 5279 5281
f 5274 5281 5280
f 5279 5283 5284
f 5279 5284 5281
f 5275 5282 5284
f 5275 5284 5283
f 5282 5277 5278
f 5282 5278 5284
f 5278 5281 5284
f 5213 5189 5193
f 5213 5193 5216
f 5216 5193 5198
f 5216 5198 5220
f 5220 5198 5191
f 5220 5191 5214
f 5190 5201 5205
f 5190 5205 5195
f 5195 5205 5210
f 5195 5210 5199
f 5199 5210 5203
f 5199 5203 5191
f 5202 5225 5229
f 5202 5229 5207
f 5207 5229 5234
f 5207 5234 5211
f 5211 5234 5227
f 5211 5227 5203
f 5226 5215 5223
f 5226 5223 5231
f 5231 5223 5219
f 5231 5219 5235
f 5235 5219 5214
f 5235 5214 5227
f 5261 5213 5217
f 5261 5217 5264
f 5264 5217 5222
f 5264 5222 5268
f 5268 5222 5215
f 5268 5215 5262
f 5225 5273 5277
f 5225 5277 5228
f 5228 5277 5282
f 5228 5282 5232
f 5232 5282 5275
f 5232 5275 5226
f 5274 5263 5271
f 5274 5271 5279
f 5279 5271 5267
f 5279 5267 5283
f 5283 5267 5262
f 5283 5262 5275
f 5237 5261 5265
f 5237 5265 5240
f 5240 5265 5270
f 5240 5270 5244
f 5244 5270 5263
f 5244 5263 5238
f 5273 5249 5253
f 5273 5253 5276
f 5276 5253 5258
f 5276 5258 5280
f 5280 5258 5251
f 5280 5251 5274
f 5250 5239 5247
f 5250 5247 5255
f 5255 5247 5243
f 5255 5243 5259
f 5259 5243 5238
f 5259 5238 5251
f 5189 5237 5241
f 5189 5241 5192
f 5192 5241 5246
f 5192 5246 5196
f 5196 5246 5239
f 5196 5239 5190
f 5249 5202 5208
f 5249 5208 5252
f 5252 5208 5204
f 5252 5204 5256
f 5256 5204 5201
f 5256 5201 5250
f 5213 5261 5237
f 5213 5237 5189
f 5191 5203 5227
f 5191 5227 5214
f 5239 5250 5201
f 5239 5201 5190
f 5273 5225 5202
f 5273 5202 5249
f 5215 5226 5275
f 5215 5275 5262
f 5263 5274 5251
f 5263 5251 5238
v -0.4546573 -0.7990000 0.5902654
v -0.4563626 -0.8010000 0.5913104
v -0.4574076 -0.7990000 0.5896051
v -0.4548852 -0.7999987 0.5904050
v -0.4554070 -0.7990000 0.5895535
v -0.4556062 -0.7999564 0.5897251
v -0.4568844 -0.8007329 0.5904589
v -0.4555111 -0.8007329 0.5907886
v -0.4560469 -0.8004733 0.5899952
v -0.4564165 -0.7990000 0.5893111
v -0.4572680 -0.7999987 0.5898330
v -0.4563169 -0.7999564 0.5895545
v -0.4580679 -0.8010000 0.5923554
v -0.4597732 -0.7990000 0.5934004
v -0.4591129 -0.7990000 0.5906501
v -0.4589194 -0.8007329 0.5928772
v -0.4585897 -0.8007329 0.5915039
v -0.4593831 -0.8004733 0.5920396
v -0.4600672 -0.7990000 0.5924093
v -0.4595454 -0.7999987 0.5932608
v -0.4598238 -0.7999564 0.5923097
v -0.4589733 -0.7999987 0.5908780
v -0.4598248 -0.7990000 0.5913997
v -0.4596532 -0.7999564 0.5915989
v -0.4546573 -0.6230000 0.5902654
v -0.4574076 -0.6230000 0.5896051
v -0.4563626 -0.6210001 0.5913104
v -0.4554070 -0.6230000 0.5895535
v -0.4548852 -0.6220013 0.5904050
v -0.4556062 -0.6220436 0.5897251
v -0.4572680 -0.6220013 0.5898330
v -0.4564165 -0.6230000 0.5893111
v -0.4563169 -0.6220436 0.5895545
v -0.4555111 -0.6212672 0.5907886
v -0.4568844 -0.6212672 0.5904589
v -0.4560469 -0.6215267 0.5899952
v -0.4597732 -0.6230000 0.5934004
v -0.4580679 -0.6210001 0.5923554
v -0.4591129 -0.6230000 0.5906501
v -0.4595454 -0.6220013 0.5932608
v -0.4600672 -0.6230000 0.5924093
v -0.4598238 -0.6220436 0.5923097
v -0.4585897 -0.6212672 0.5915039
v -0.4589194 -0.6212672 0.5928772
v -0.4593831 -0.6215268 0.5920396
v -0.4598248 -0.6230000 0.5913997
v -0.4589733 -0.6220013 0.5908780
v -0.4596532 -0.6220436 0.5915989
v -0.3928670 -0.7990000 0.6910982
v -0.3935272 -0.7990000 0.6938484
v -0.3945722 -0.8010000 0.6921432
v -0.3925730 -0.7990000 0.6920893
v -0.3930948 -0.7999987 0.6912378
v -0.3928163 -0.7999564 0.6921889
v -0.3936669 -0.7999987 0.6936206
v -0.3928153 -0.7990000 0.6930988
v -0.3929870 -0.7999564 0.6928996
v -0.3937207 -0.8007329 0.6916214
v -0.3940504 -0.8007329 0.6929947
v -0.3932570 -0.8004733 0.6924589
v -0.3979828 -0.7990000 0.6942332
v -0.3962775 -0.8010000 0.6931882
v -0.3952325 -0.7990000 0.6948935
v -0.3977550 -0.7999987 0.6940936
v -0.3972332 -0.7990000 0.6949451
v -0.3970340 -0.7999564 0.6947734
v -0.3957557 -0.8007329 0.6940397
v -0.3971290 -0.8007329 0.6937100
v -0.3965933 -0.8004733 0.6945034
v -0.3962237 -0.7990000 0.6951874
v -0.3953721 -0.7999987 0.6946656
v -0.3963232 -0.7999564 0.6949441
v -0.3928670 -0.6230000 0.6910982
v -0.3945722 -0.6210001 0.6921432
v -0.3935272 -0.6230000 0.6938484
v -0.3930948 -0.6220013 0.6912378
v -0.3925730 -0.6230000 0.6920893
v -0.3928163 -0.6220436 0.6921889
v -0.3940504 -0.6212672 0.6929947
v -0.3937207 -0.6212672 0.6916214
v -0.3932570 -0.6215268 0.6924589
v -0.3928153 -0.6230000 0.6930988
v -0.3936669 -0.6220013 0.6936206
v -0.3929870 -0.6220436 0.6928996
v -0.3979828 -0.6230000 0.6942332
v -0.3952325 -0.6230000 0.6948935
v -0.3962775 -0.6210001 0.6931882
v -0.3972332 -0.6230000 0.6949451
v -0.3977550 -0.6220013 0.6940936
v -0.3970340 -0.6220436 0.6947734
v -0.3953721 -0.6220013 0.6946656
v -0.3962237 -0.6230000 0.6951874
v -0.3963232 -0.6220436 0.6949441
v -0.3971290 -0.6212672 0.6937100
v -0.3957557 -0.6212672 0.6940397
v -0.3965933 -0.6215267 0.6945034
f 5285 5288 5290
f 5285 5290 5289
f 5288 5292 5293
f 5288 5293 5290
f 5286 5291 5293
f 5286 5293 5292
f 5291 5295 5296
f 5291 5296 5293
f 5287 5294 5296
f 5287 5296 5295
f 5294 5289 5290
f 5294 5290 5296
f 5290 5293 5296
f 5297 5300 5302
f 5297 5302 5301
f 5300 5304 5305
f 5300 5305 5302
f 5298 5303 5305
f 5298 5305 5304
f 5303 5307 5308
f 5303 5308 5305
f 5299 5306 5308
f 5299 5308 5307
f 5306 5301 5302
f 5306 5302 5308
f 5302 5305 5308
f 5309 5312 5314
f 5309 5314 5313
f 5312 5316 5317
f 5312 5317 5314
f 5310 5315 5317
f 5310 5317 5316
f 5315 5319 5320
f 5315 5320 5317
f 5311 5318 5320
f 5311 5320 5319
f 5318 5313 5314
f 5318 5314 5320
f 5314 5317 5320
f 5321 5324 5326
f 5321 5326 5325
f 5324 5328 5329
f 5324 5329 5326
f 5322 5327 5329
f 5322 5329 5328
f 5327 5331 5332
f 5327 5332 5329
f 5323 5330 5332
f 5323 5332 5331
f 5330 5325 5326
f 5330 5326 5332
f 5326 5329 5332
f 5333 5336 5338
f 5333 5338 5337
f 5336 5340 5341
f 5336 5341 5338
f 5334 5339 5341
f 5334 5341 5340
f 5339 5343 5344
f 5339 5344 5341
f 5335 5342 5344
f 5335 5344 5343
f 5342 5337 5338
f 5342 5338 5344
f 5338 5341 5344
f 5345 5348 5350
f 5345 5350 5349
f 5348 5352 5353
f 5348 5353 5350
f 5346 5351 5353
f 5346 5353 5352
f 5351 5355 5356
f 5351 5356 5353
f 5347 5354 5356
f 5347 5356 5355
f 5354 5349 5350
f 5354 5350 5356
f 5350 5353 5356
f 5357 5360 5362
f 5357 5362 5361
f 5360 5364 5365
f 5360 5365 5362
f 5358 5363 5365
f 5358 5365 5364
f 5363 5367 5368
f 5363 5368 5365
f 5359 5366 5368
f 5359 5368 5367
f 5366 5361 5362
f 5366 5362 5368
f 5362 5365 5368
f 5369 5372 5374
f 5369 5374 5373
f 5372 5376 5377
f 5372 5377 5374
f 5370 5375 5377
f 5370 5377 5376
f 5375 5379 5380
f 5375 5380 5377
f 5371 5378 5380
f 5371 5380 5379
f 5378 5373 5374
f 5378 5374 5380
f 5374 5377 5380
f 5309 5285 5289
f 5309 5289 5312
f 5312 5289 5294
f 5312 5294 5316
f 5316 5294 5287
f 5316 5287 5310
f 5286 5297 5301
f 5286 5301 5291
f 5291 5301 5306
f 5291 5306 5295
f 5295 5306 5299
f 5295 5299 5287
f 5298 5321 5325
f 5298 5325 5303
f 5303 5325 5330
f 5303 5330 5307
f 5307 5330 5323
f 5307 5323 5299
f 5322 5311 5319
f 5322 5319 5327
f 5327 5319 5315
f 5327 5315 5331
f 5331 5315 5310
f 5331 5310 5323
f 5357 5309 5313
f 5357 5313 5360
f 5360 5313 5318
f 5360 5318 5364
f 5364 5318 5311
f 5364 5311 5358
f 5321 5369 5373
f 5321 5373 5324
f 5324 5373 5378
f 5324 5378 5328
f 5328 5378 5371
f 5328 5371 5322
f 5370 5359 5367
f 5370 5367 5375
f 5375 5367 5363
f 5375 5363 5379
f 5379 5363 5358
f 5379 5358 5371
f 5333 5357 5361
f 5333 5361 5336
f 5336 5361 5366
f 5336 5366 5340
f 5340 5366 5359
f 5340 5359 5334
f 5369 5345 5349
f 5369 5349 5372
f 5372 5349 5354
f 5372 5354 5376
f 5376 5354 5347
f 5376 5347 5370
f 5346 5335 5343
f 5346 5343 5351
f 5351 5343 5339
f 5351 5339 5355
f 5355 5339 5334
f 5355 5334 5347
f 5285 5333 5337
f 5285 5337 5288
f 5288 5337 5342
f 5288 5342 5292
f 5292 5342 5335
f 5292 5335 5286
f 5345 5298 5304
f 5345 5304 5348
f 5348 5304 5300
f 5348 5300 5352
f 5352 5300 5297
f 5352 5297 5346
f 5309 5357 5333
f 5309 5333 5285
f 5287 5299 5323
f 5287 5323 5310
f 5335 5346 5297
f 5335 5297 5286
f 5369 5321 5298
f 5369 5298 5345
f 5311 5322 5371
f 5311 5371 5358
f 5359 5370 5347
f 5359 5347 5334
v 0.4740000 -0.6760000 0.4375000
v 0.4740000 -0.6800000 0.4415000
v 0.4700000 -0.6760000 0.4415000
v 0.4740000 -0.6779974 0.4380344
v 0.4720026 -0.6760000 0.4380344
v 0.4720871 -0.6779129 0.4385535
v 0.4720026 -0.6794657 0.4415000
v 0.4740000 -0.6794657 0.4395026
v 0.4720871 -0.6789466 0.4395871
v 0.4705344 -0.6760000 0.4395026
v 0.4705344 -0.6779974 0.4415000
v 0.4710534 -0.6779129 0.4395871
v 0.4740000 -0.6800000 0.4585000
v 0.4740000 -0.6760000 0.4625000
v 0.4700000 -0.6760000 0.4585000
v 0.4740000 -0.6794657 0.4604974
v 0.4720026 -0.6794657 0.4585000
v 0.4720871 -0.6789466 0.4604128
v 0.4720026 -0.6760000 0.4619656
v 0.4740000 -0.6779974 0.4619656
v 0.4720871 -0.6779129 0.4614465
v 0.4705344 -0.6779974 0.4585000
v 0.4705344 -0.6760000 0.4604974
v 0.4710534 -0.6779129 0.4604128
v 0.4740000 -0.4040000 0.4375000
v 0.4700000 -0.4040000 0.4415000
v 0.4740000 -0.4000000 0.4415000
v 0.4720026 -0.4040000 0.4380344
v 0.4740000 -0.4020026 0.4380344
v 0.4720871 -0.4020872 0.4385535
v 0.4705344 -0.4020026 0.4415000
v 0.4705344 -0.4040000 0.4395026
v 0.4710534 -0.4020872 0.4395871
v 0.4740000 -0.4005344 0.4395026
v 0.4720026 -0.4005344 0.4415000
v 0.4720871 -0.4010535 0.4395871
v 0.4740000 -0.4040000 0.4625000
v 0.4740000 -0.4000000 0.4585000
v 0.4700000 -0.4040000 0.4585000
v 0.4740000 -0.4020026 0.4619656
v 0.4720026 -0.4040000 0.4619656
v 0.4720871 -0.4020872 0.4614465
v 0.4720026 -0.4005344 0.4585000
v 0.4740000 -0.4005344 0.4604974
v 0.4720871 -0.4010535 0.4604128
v 0.4705344 -0.4040000 0.4604974
v 0.4705344 -0.4020026 0.4585000
v 0.4710534 -0.4020872 0.4604128
v 2.0460000 -0.6760000 0.4375000
v 2.0500000 -0.6760000 0.4415000
v 2.0460000 -0.6800000 0.4415000
v 2.0479975 -0.6760000 0.4380344
v 2.0460000 -0.6779974 0.4380344
v 2.0479128 -0.6779129 0.4385535
v 2.0494657 -0.6779974 0.4415000
v 2.0494657 -0.6760000 0.4395026
v 2.0489466 -0.6779129 0.4395871
v 2.0460000 -0.6794657 0.4395026
v 2.0479975 -0.6794657 0.4415000
v 2.0479128 -0.6789466 0.4395871
v 2.0460000 -0.6760000 0.4625000
v 2.0460000 -0.6800000 0.4585000
v 2.0500000 -0.6760000 0.4585000
v 2.0460000 -0.6779974 0.4619656
v 2.0479975 -0.6760000 0.4619656
v 2.0479128 -0.6779129 0.4614465
v 2.0479975 -0.6794657 0.4585000
v 2.0460000 -0.6794657 0.4604974
v 2.0479128 -0.6789466 0.4604128
v 2.0494657 -0.6760000 0.4604974
v 2.0494657 -0.6779974 0.4585000
v 2.0489466 -0.6779129 0.4604128
v 2.0460000 -0.4040000 0.4375000
v 2.0460000 -0.4000000 0.4415000
v 2.0500000 -0.4040000 0.4415000
v 2.0460000 -0.4020026 0.4380344
v 2.0479975 -0.4040000 0.4380344
v 2.0479128 -0.4020872 0.4385535
v 2.0479975 -0.4005344 0.4415000
v 2.0460000 -0.4005344 0.4395026
v 2.0479128 -0.4010535 0.4395871
v 2.0494657 -0.4040000 0.4395026
v 2.0494657 -0.4020026 0.4415000
v 2.0489466 -0.4020872 0.4395871
v 2.0460000 -0.4040000 0.4625000
v 2.0500000 -0.4040000 0.4585000
v 2.0460000 -0.4000000 0.4585000
v 2.0479975 -0.4040000 0.4619656
v 2.0460000 -0.4020026 0.4619656
v 2.0479128 -0.4020872 0.4614465
v 2.0494657 -0.4020026 0.4585000
v 2.0494657 -0.4040000 0.4604974
v 2.0489466 -0.4020872 0.4604128
v 2.0460000 -0.4005344 0.4604974
v 2.0479975 -0.4005344 0.4585000
v 2.0479128 -0.4010535 0.4604128
f 5381 5384 5386
f 5381 5386 5385
f 5384 5388 5389
f 5384 5389 5386
f 5382 5387 5389
f 5382 5389 5388
f 5387 5391 5392
f 5387 5392 5389
f 5383 5390 5392
f 5383 5392 5391
f 5390 5385 5386
f 5390 5386 5392
f 5386 5389 5392
f 5393 5396 5398
f 5393 5398 5397
f 5396 5400 5401
f 5396 5401 5398
f 5394 5399 5401
f 5394 5401 5400
f 5399 5403 5404
f 5399 5404 5401
f 5395 5402 5404
f 5395 5404 5403
f 5402 5397 5398
f 5402 5398 5404
f 5398 5401 5404
f 5405 5408 5410
f 5405 5410 5409
f 5408 5412 5413
f 5408 5413 5410
f 5406 5411 5413
f 5406 5413 5412
f 5411 5415 5416
f 5411 5416 5413
f 5407 5414 5416
f 5407 5416 5415
f 5414 5409 5410
f 5414 5410 5416
f 5410 5413 5416
f 5417 5420 5422
f 5417 5422 5421
f 5420 5424 5425
f 5420 5425 5422
f 5418 5423 5425
f 5418 5425 5424
f 5423 5427 5428
f 5423 5428 5425
f 5419 5426 5428
f 5419 5428 5427
f 5426 5421 5422
f 5426 5422 5428
f 5422 5425 5428
f 5429 5432 5434
f 5429 5434 5433
f 5432 5436 5437
f 5432 5437 5434
f 5430 5435 5437
f 5430 5437 5436
f 5435 5439 5440
f 5435 5440 5437
f 5431 5438 5440
f 5431 5440 5439
f 5438 5433 5434
f 5438 5434 5440
f 5434 5437 5440
f 5441 5444 5446
f 5441 5446 5445
f 5444 5448 5449
f 5444 5449 5446
f 5442 5447 5449
f 5442 5449 5448
f 5447 5451 5452
f 5447 5452 5449
f 5443 5450 5452
f 5443 5452 5451
f 5450 5445 5446
f 5450 5446 5452
f 5446 5449 5452
f 5453 5456 5458
f 5453 5458 5457
f 5456 5460 5461
f 5456 5461 5458
f 5454 5459 5461
f 5454 5461 5460
f 5459 5463 5464
f 5459 5464 5461
f 5455 5462 5464
f 5455 5464 5463
f 5462 5457 5458
f 5462 5458 5464
f 5458 5461 5464
f 5465 5468 5470
f 5465 5470 5469
f 5468 5472 5473
f 5468 5473 5470
f 5466 5471 5473
f 5466 5473 5472
f 5471 5475 5476
f 5471 5476 5473
f 5467 5474 5476
f 5467 5476 5475
f 5474 5469 5470
f 5474 5470 5476
f 5470 5473 5476
f 5405 5381 5385
f 5405 5385 5408
f 5408 5385 5390
f 5408 5390 5412
f 5412 5390 5383
f 5412 5383 5406
f 5382 5393 5397
f 5382 5397 5387
f 5387 5397 5402
f 5387 5402 5391
f 5391 5402 5395
f 5391 5395 5383
f 5394 5417 5421
f 5394 5421 5399
f 5399 5421 5426
f 5399 5426 5403
f 5403 5426 5419
f 5403 5419 5395
f 5418 5407 5415
f 5418 5415 5423
f 5423 5415 5411
f 5423 5411 5427
f 5427 5411 5406
f 5427 5406 5419
f 5453 5405 5409
f 5453 5409 5456
f 5456 5409 5414
f 5456 5414 5460
f 5460 5414 5407
f 5460 5407 5454
f 5417 5465 5469
f 5417 5469 5420
f 5420 5469 5474
f 5420 5474 5424
f 5424 5474 5467
f 5424 5467 5418
f 5466 5455 5463
f 5466 5463 5471
f 5471 5463 5459
f 5471 5459 5475
f 5475 5459 5454
f 5475 5454 5467
f 5429 5453 5457
f 5429 5457 5432
f 5432 5457 5462
f 5432 5462 5436
f 5436 5462 5455
f 5436 5455 5430
f 5465 5441 5445
f 5465 5445 5468
f 5468 5445 5450
f 5468 5450 5472
f 5472 5450 5443
f 5472 5443 5466
f 5442 5431 5439
f 5442 5439 5447
f 5447 5439 5435
f 5447 5435 5451
f 5451 5435 5430
f 5451 5430 5443
f 5381 5429 5433
f 5381 5433 5384
f 5384 5433 5438
f 5384 5438 5388
f 5388 5438 5431
f 5388 5431 5382
f 5441 5394 5400
f 5441 5400 5444
f 5444 5400 5396
f 5444 5396 5448
f 5448 5396 5393
f 5448 5393 5442
f 5405 5453 5429
f 5405 5429 5381
f 5383 5395 5419
f 5383 5419 5406
f 5431 5442 5393
f 5431 5393 5382
f 5465 5417 5394
f 5465 5394 5441
f 5407 5418 5467
f 5407 5467 5454
f 5455 5466 5443
f 5455 5443 5430
v 0.8000000 -0.3568636 0.5872021
v 0.8000000 -0.5568637 0.4747021
v 0.8053576 -0.3563412 0.5862733
v 0.8053576 -0.5563412 0.4737732
v 0.8098995 -0.3548533 0.5836282
v 0.8098995 -0.5548533 0.4711282
v 0.8129343 -0.3526266 0.5796695
v 0.8129343 -0.5526266 0.4671695
v 0.8140000 -0.3500000 0.5750000
v 0.8140000 -0.5500000 0.4625000
v 0.8129343 -0.3473734 0.5703305
v 0.8129343 -0.5473734 0.4578305
v 0.8098995 -0.3451466 0.5663719
v 0.8098995 -0.5451466 0.4538718
v 0.8053576 -0.3436588 0.5637268
v 0.8053576 -0.5436588 0.4512268
v 0.8000000 -0.3431363 0.5627980
v 0.8000000 -0.5431364 0.4502980
v 0.7946424 -0.3436588 0.5637268
v 0.7946424 -0.5436588 0.4512268
v 0.7901005 -0.3451466 0.5663719
v 0.7901005 -0.5451466 0.4538718
v 0.7870657 -0.3473734 0.5703305
v 0.7870657 -0.5473734 0.4578305
v 0.7860000 -0.3500000 0.5750000
v 0.7860000 -0.5500000 0.4625000
v 0.7870657 -0.3526266 0.5796695
v 0.7870657 -0.5526266 0.4671695
v 0.7901005 -0.3548533 0.5836282
v 0.7901005 -0.5548533 0.4711282
v 0.7946424 -0.3563412 0.5862733
v 0.7946424 -0.5563412 0.4737732
f 5477 5478 5480
f 5477 5480 5479
f 5479 5480 5482
f 5479 5482 5481
f 5481 5482 5484
f 5481 5484 5483
f 5483 5484 5486
f 5483 5486 5485
f 5485 5486 5488
f 5485 5488 5487
f 5487 5488 5490
f 5487 5490 5489
f 5489 5490 5492
f 5489 5492 5491
f 5491 5492 5494
f 5491 5494 5493
f 5493 5494 5496
f 5493 5496 5495
f 5495 5496 5498
f 5495 5498 5497
f 5497 5498 5500
f 5497 5500 5499
f 5499 5500 5502
f 5499 5502 5501
f 5501 5502 5504
f 5501 5504 5503
f 5503 5504 5506
f 5503 5506 5505
f 5482 5480 5478
f 5478 5508 5506
f 5506 5504 5502
f 5502 5500 5498
f 5498 5496 5494
f 5494 5492 5490
f 5490 5488 5486
f 5486 5484 5482
f 5482 5478 5506
f 5506 5502 5498
f 5498 5494 5490
f 5490 5486 5482
f 5482 5506 5498
f 5498 5490 5482
f 5505 5506 5508
f 5505 5508 5507
f 5507 5508 5478
f 5507 5478 5477
f 5507 5477 5479
f 5479 5481 5483
f 5483 5485 5487
f 5487 5489 5491
f 5491 5493 5495
f 5495 5497 5499
f 5499 5501 5503
f 5503 5505 5507
f 5507 5479 5483
f 5483 5487 5491
f 5491 5495 5499
f 5499 5503 5507
f 5507 5483 5491
f 5491 5499 5507
v 1.7000000 -0.3568636 0.5872021
v 1.7000000 -0.5568637 0.4747021
v 1.7053577 -0.3563412 0.5862733
v 1.7053577 -0.5563412 0.4737732
v 1.7098995 -0.3548533 0.5836282
v 1.7098995 -0.5548533 0.4711282
v 1.7129344 -0.3526266 0.5796695
v 1.7129344 -0.5526266 0.4671695
v 1.7140001 -0.3500000 0.5750000
v 1.7140001 -0.5500000 0.4625000
v 1.7129344 -0.3473734 0.5703305
v 1.7129344 -0.5473734 0.4578305
v 1.7098995 -0.3451466 0.5663719
v 1.7098995 -0.5451466 0.4538718
v 1.7053577 -0.3436588 0.5637268
v 1.7053577 -0.5436588 0.4512268
v 1.7000000 -0.3431363 0.5627980
v 1.7000000 -0.5431364 0.4502980
v 1.6946424 -0.3436588 0.5637268
v 1.6946424 -0.5436588 0.4512268
v 1.6901006 -0.3451466 0.5663719
v 1.6901006 -0.5451466 0.4538718
v 1.6870657 -0.3473734 0.5703305
v 1.6870657 -0.5473734 0.4578305
v 1.6860000 -0.3500000 0.5750000
v 1.6860000 -0.5500000 0.4625000
v 1.6870657 -0.3526266 0.5796695
v 1.6870657 -0.5526266 0.4671695
v 1.6901006 -0.3548533 0.5836282
v 1.6901006 -0.5548533 0.4711282
v 1.6946424 -0.3563412 0.5862733
v 1.6946424 -0.5563412 0.4737732
f 5509 5510 5512
f 5509 5512 5511
f 5511 5512 5514
f 5511 5514 5513
f 5513 5514 5516
f 5513 5516 5515
f 5515 5516 5518
f 5515 5518 5517
f 5517 5518 5520
f 5517 5520 5519
f 5519 5520 5522
f 5519 5522 5521
f 5521 5522 5524
f 5521 5524 5523
f 5523 5524 5526
f 5523 5526 5525
f 5525 5526 5528
f 5525 5528 5527
f 5527 5528 5530
f 5527 5530 5529
f 5529 5530 5532
f 5529 5532 5531
f 5531 5532 5534
f 5531 5534 5533
f 5533 5534 5536
f 5533 5536 5535
f 5535 5536 5538
f 5535 5538 5537
f 5514 5512 5510
f 5510 5540 5538
f 5538 5536 5534
f 5534 5532 5530
f 5530 5528 5526
f 5526 5524 5522
f 5522 5520 5518
f 5518 5516 5514
f 5514 5510 5538
f 5538 5534 5530
f 5530 5526 5522
f 5522 5518 5514
f 5514 5538 5530
f 5530 5522 5514
f 5537 5538 5540
f 5537 5540 5539
f 5539 5540 5510
f 5539 5510 5509
f 5539 5509 5511
f 5511 5513 5515
f 5515 5517 5519
f 5519 5521 5523
f 5523 5525 5527
f 5527 5529 5531
f 5531 5533 5535
f 5535 5537 5539
f 5539 5511 5515
f 5515 5519 5523
f 5523 5527 5531
f 5531 5535 5539
f 5539 5515 5523
f 5523 5531 5539
v 2.0868461 0.3750000 0.6043091
v 2.0868461 0.6310000 0.6043091
v 2.0822539 0.3750000 0.6033957
v 2.0822539 0.6310000 0.6033956
v 2.0783608 0.3750000 0.6007944
v 2.0783608 0.6310000 0.6007944
v 2.0757596 0.3750000 0.5969014
v 2.0757596 0.6310000 0.5969013
v 2.0748460 0.3750000 0.5923091
v 2.0748460 0.6310000 0.5923091
v 2.0757596 0.3750000 0.5877169
v 2.0757596 0.6310000 0.5877169
v 2.0783608 0.3750000 0.5838239
v 2.0783608 0.6310000 0.5838238
v 2.0822539 0.3750000 0.5812226
v 2.0822539 0.6310000 0.5812225
v 2.0868461 0.3750000 0.5803092
v 2.0868461 0.6310000 0.5803091
v 2.0914383 0.3750000 0.5812226
v 2.0914383 0.6310000 0.5812225
v 2.0953314 0.3750000 0.5838239
v 2.0953314 0.6310000 0.5838238
v 2.0979326 0.3750000 0.5877169
v 2.0979326 0.6310000 0.5877169
v 2.0988462 0.3750000 0.5923091
v 2.0988462 0.6310000 0.5923091
v 2.0979326 0.3750000 0.5969014
v 2.0979326 0.6310000 0.5969013
v 2.0953314 0.3750000 0.6007944
v 2.0953314 0.6310000 0.6007944
v 2.0914383 0.3750000 0.6033957
v 2.0914383 0.6310000 0.6033956
f 5541 5542 5544
f 5541 5544 5543
f 5543 5544 5546
f 5543 5546 5545
f 5545 5546 5548
f 5545 5548 5547
f 5547 5548 5550
f 5547 5550 5549
f 5549 5550 5552
f 5549 5552 5551
f 5551 5552 5554
f 5551 5554 5553
f 5553 5554 5556
f 5553 5556 5555
f 5555 5556 5558
f 5555 5558 5557
f 5557 5558 5560
f 5557 5560 5559
f 5559 5560 5562
f 5559 5562 5561
f 5561 5562 5564
f 5561 5564 5563
f 5563 5564 5566
f 5563 5566 5565
f 5565 5566 5568
f 5565 5568 5567
f 5567 5568 5570
f 5567 5570 5569
f 5546 5544 5542
f 5542 5572 5570
f 5570 5568 5566
f 5566 5564 5562
f 5562 5560 5558
f 5558 5556 5554
f 5554 5552 5550
f 5550 5548 5546
f 5546 5542 5570
f 5570 5566 5562
f 5562 5558 5554
f 5554 5550 5546
f 5546 5570 5562
f 5562 5554 5546
f 5569 5570 5572
f 5569 5572 5571
f 5571 5572 5542
f 5571 5542 5541
f 5571 5541 5543
f 5543 5545 5547
f 5547 5549 5551
f 5551 5553 5555
f 5555 5557 5559
f 5559 5561 5563
f 5563 5565 5567
f 5567 5569 5571
f 5571 5543 5547
f 5547 5551 5555
f 5555 5559 5563
f 5563 5567 5571
f 5571 5547 5555
f 5555 5563 5571
v 2.9640241 0.3750000 0.6579596
v 2.9640241 0.6310000 0.6579596
v 2.9594319 0.3750000 0.6570462
v 2.9594319 0.6310000 0.6570461
v 2.9555387 0.3750000 0.6544449
v 2.9555387 0.6310000 0.6544449
v 2.9529376 0.3750000 0.6505519
v 2.9529376 0.6310000 0.6505518
v 2.9520240 0.3750000 0.6459596
v 2.9520240 0.6310000 0.6459596
v 2.9529376 0.3750000 0.6413674
v 2.9529376 0.6310000 0.6413674
v 2.9555387 0.3750000 0.6374744
v 2.9555387 0.6310000 0.6374743
v 2.9594319 0.3750000 0.6348731
v 2.9594319 0.6310000 0.6348730
v 2.9640241 0.3750000 0.6339597
v 2.9640241 0.6310000 0.6339596
v 2.9686162 0.3750000 0.6348731
v 2.9686162 0.6310000 0.6348730
v 2.9725094 0.3750000 0.6374744
v 2.9725094 0.6310000 0.6374743
v 2.9751105 0.3750000 0.6413674
v 2.9751105 0.6310000 0.6413674
v 2.9760242 0.3750000 0.6459596
v 2.9760242 0.6310000 0.6459596
v 2.9751105 0.3750000 0.6505519
v 2.9751105 0.6310000 0.6505518
v 2.9725094 0.3750000 0.6544449
v 2.9725094 0.6310000 0.6544449
v 2.9686162 0.3750000 0.6570462
v 2.9686162 0.6310000 0.6570461
f 5573 5574 5576
f 5573 5576 5575
f 5575 5576 5578
f 5575 5578 5577
f 5577 5578 5580
f 5577 5580 5579
f 5579 5580 5582
f 5579 5582 5581
f 5581 5582 5584
f 5581 5584 5583
f 5583 5584 5586
f 5583 5586 5585
f 5585 5586 5588
f 5585 5588 5587
f 5587 5588 5590
f 5587 5590 5589
f 5589 5590 5592
f 5589 5592 5591
f 5591 5592 5594
f 5591 5594 5593
f 5593 5594 5596
f 5593 5596 5595
f 5595 5596 5598
f 5595 5598 5597
f 5597 5598 5600
f 5597 5600 5599
f 5599 5600 5602
f 5599 5602 5601
f 5578 5576 5574
f 5574 5604 5602
f 5602 5600 5598
f 5598 5596 5594
f 5594 5592 5590
f 5590 5588 5586
f 5586 5584 5582
f 5582 5580 5578
f 5578 5574 5602
f 5602 5598 5594
f 5594 5590 5586
f 5586 5582 5578
f 5578 5602 5594
f 5594 5586 5578
f 5601 5602 5604
f 5601 5604 5603
f 5603 5604 5574
f 5603 5574 5573
f 5603 5573 5575
f 5575 5577 5579
f 5579 5581 5583
f 5583 5585 5587
f 5587 5589 5591
f 5591 5593 5595
f 5595 5597 5599
f 5599 5601 5603
f 5603 5575 5579
f 5579 5583 5587
f 5587 5591 5595
f 5595 5599 5603
f 5603 5579 5587
f 5587 5595 5603
v 2.8963385 0.6230000 0.7319291
v 2.8979113 0.6210001 0.7331646
v 2.8966758 0.6230000 0.7347374
v 2.8965487 0.6220013 0.7320942
v 2.8959317 0.6230000 0.7328796
v 2.8961620 0.6220436 0.7330067
v 2.8972945 0.6212672 0.7339500
v 2.8971260 0.6212672 0.7325477
v 2.8965683 0.6215268 0.7333259
v 2.8960555 0.6230000 0.7339103
v 2.8968408 0.6220013 0.7345273
v 2.8962491 0.6220436 0.7337323
v 2.8994842 0.6210001 0.7344000
v 2.9010570 0.6230000 0.7356355
v 2.8982487 0.6230000 0.7359728
v 2.9002695 0.6212672 0.7350169
v 2.8988671 0.6212672 0.7351854
v 2.8996453 0.6215268 0.7357430
v 2.9002299 0.6230000 0.7362558
v 2.9008467 0.6220013 0.7354704
v 2.9000518 0.6220436 0.7360622
v 2.8984137 0.6220013 0.7357627
v 2.8991990 0.6230000 0.7363796
v 2.8993261 0.6220436 0.7361494
v 2.8963385 0.7990000 0.7319291
v 2.8966758 0.7990000 0.7347374
v 2.8979113 0.8010000 0.7331646
v 2.8959317 0.7990000 0.7328796
v 2.8965487 0.7999987 0.7320942
v 2.8961620 0.7999564 0.7330067
v 2.8968408 0.7999987 0.7345273
v 2.8960555 0.7990000 0.7339103
v 2.8962491 0.7999564 0.7337323
v 2.8971260 0.8007329 0.7325477
v 2.8972945 0.8007329 0.7339500
v 2.8965683 0.8004733 0.7333259
v 2.9010570 0.7990000 0.7356355
v 2.8994842 0.8010000 0.7344000
v 2.8982487 0.7990000 0.7359728
v 2.9008467 0.7999987 0.7354704
v 2.9002299 0.7990000 0.7362558
v 2.9000518 0.7999564 0.7360622
v 2.8988671 0.8007329 0.7351854
v 2.9002695 0.8007329 0.7350169
v 2.8996453 0.8004733 0.7357430
v 2.8991990 0.7990000 0.7363796
v 2.8984137 0.7999987 0.7357627
v 2.8993261 0.7999564 0.7361494
v 2.9653394 0.6230000 0.6440869
v 2.9681478 0.6230000 0.6437495
v 2.9669123 0.6210001 0.6453223
v 2.9661665 0.6230000 0.6434666
v 2.9655497 0.6220013 0.6442519
v 2.9663446 0.6220436 0.6436601
v 2.9679828 0.6220013 0.6439596
v 2.9671974 0.6230000 0.6433427
v 2.9670703 0.6220436 0.6435729
v 2.9661269 0.6212672 0.6447054
v 2.9675293 0.6212672 0.6445370
v 2.9667511 0.6215267 0.6439794
v 2.9700580 0.6230000 0.6477932
v 2.9684851 0.6210001 0.6465577
v 2.9697206 0.6230000 0.6449850
v 2.9698477 0.6220013 0.6476282
v 2.9704647 0.6230000 0.6468428
v 2.9702344 0.6220436 0.6467157
v 2.9691019 0.6212672 0.6457724
v 2.9692705 0.6212672 0.6471747
v 2.9698281 0.6215268 0.6463965
v 2.9703410 0.6230000 0.6458120
v 2.9695556 0.6220013 0.6451951
v 2.9701474 0.6220436 0.6459900
v 2.9653394 0.7990000 0.6440869
v 2.9669123 0.8010000 0.6453223
v 2.9681478 0.7990000 0.6437495
v 2.9655497 0.7999987 0.6442519
v 2.9661665 0.7990000 0.6434666
v 2.9663446 0.7999564 0.6436601
v 2.9675293 0.8007329 0.6445370
v 2.9661269 0.8007329 0.6447054
v 2.9667511 0.8004733 0.6439794
v 2.9671974 0.7990000 0.6433427
v 2.9679828 0.7999987 0.6439596
v 2.9670703 0.7999564 0.6435729
v 2.9700580 0.7990000 0.6477932
v 2.9697206 0.7990000 0.6449850
v 2.9684851 0.8010000 0.6465577
v 2.9704647 0.7990000 0.6468428
v 2.9698477 0.7999987 0.6476282
v 2.9702344 0.7999564 0.6467157
v 2.9695556 0.7999987 0.6451951
v 2.9703410 0.7990000 0.6458120
v 2.9701474 0.7999564 0.6459900
v 2.9692705 0.8007329 0.6471747
v 2.9691019 0.8007329 0.6457724
v 2.9698281 0.8004733 0.6463965
f 5605 5608 5610
f 5605 5610 5609
f 5608 5612 5613
f 5608 5613 5610
f 5606 5611 5613
f 5606 5613 5612
f 5611 5615 5616
f 5611 5616 5613
f 5607 5614 5616
f 5607 5616 5615
f 5614 5609 5610
f 5614 5610 5616
f 5610 5613 5616
f 5617 5620 5622
f 5617 5622 5621
f 5620 5624 5625
f 5620 5625 5622
f 5618 5623 5625
f 5618 5625 5624
f 5623 5627 5628
f 5623 5628 5625
f 5619 5626 5628
f 5619 5628 5627
f 5626 5621 5622
f 5626 5622 5628
f 5622 5625 5628
f 5629 5632 5634
f 5629 5634 5633
f 5632 5636 5637
f 5632 5637 5634
f 5630 5635 5637
f 5630 5637 5636
f 5635 5639 5640
f 5635 5640 5637
f 5631 5638 5640
f 5631 5640 5639
f 5638 5633 5634
f 5638 5634 5640
f 5634 5637 5640
f 5641 5644 5646
f 5641 5646 5645
f 5644 5648 5649
f 5644 5649 5646
f 5642 5647 5649
f 5642 5649 5648
f 5647 5651 5652
f 5647 5652 5649
f 5643 5650 5652
f 5643 5652 5651
f 5650 5645 5646
f 5650 5646 5652
f 5646 5649 5652
f 5653 5656 5658
f 5653 5658 5657
f 5656 5660 5661
f 5656 5661 5658
f 5654 5659 5661
f 5654 5661 5660
f 5659 5663 5664
f 5659 5664 5661
f 5655 5662 5664
f 5655 5664 5663
f 5662 5657 5658
f 5662 5658 5664
f 5658 5661 5664
f 5665 5668 5670
f 5665 5670 5669
f 5668 5672 5673
f 5668 5673 5670
f 5666 5671 5673
f 5666 5673 5672
f 5671 5675 5676
f 5671 5676 5673
f 5667 5674 5676
f 5667 5676 5675
f 5674 5669 5670
f 5674 5670 5676
f 5670 5673 5676
f 5677 5680 5682
f 5677 5682 5681
f 5680 5684 5685
f 5680 5685 5682
f 5678 5683 5685
f 5678 5685 5684
f 5683 5687 5688
f 5683 5688 5685
f 5679 5686 5688
f 5679 5688 5687
f 5686 5681 5682
f 5686 5682 5688
f 5682 5685 5688
f 5689 5692 5694
f 5689 5694 5693
f 5692 5696 5697
f 5692 5697 5694
f 5690 5695 5697
f 5690 5697 5696
f 5695 5699 5700
f 5695 5700 5697
f 5691 5698 5700
f 5691 5700 5699
f 5698 5693 5694
f 5698 5694 5700
f 5694 5697 5700
f 5629 5605 5609
f 5629 5609 5632
f 5632 5609 5614
f 5632 5614 5636
f 5636 5614 5607
f 5636 5607 5630
f 5606 5617 5621
f 5606 5621 5611
f 5611 5621 5626
f 5611 5626 5615
f 5615 5626 5619
f 5615 5619 5607
f 5618 5641 5645
f 5618 5645 5623
f 5623 5645 5650
f 5623 5650 5627
f 5627 5650 5643
f 5627 5643 5619
f 5642 5631 5639
f 5642 5639 5647
f 5647 5639 5635
f 5647 5635 5651
f 5651 5635 5630
f 5651 5630 5643
f 5677 5629 5633
f 5677 5633 5680
f 5680 5633 5638
f 5680 5638 5684
f 5684 5638 5631
f 5684 5631 5678
f 5641 5689 5693
f 5641 5693 5644
f 5644 5693 5698
f 5644 5698 5648
f 5648 5698 5691
f 5648 5691 5642
f 5690 5679 5687
f 5690 5687 5695
f 5695 5687 5683
f 5695 5683 5699
f 5699 5683 5678
f 5699 5678 5691
f 5653 5677 5681
f 5653 5681 5656
f 5656 5681 5686
f 5656 5686 5660
f 5660 5686 5679
f 5660 5679 5654
f 5689 5665 5669
f 5689 5669 5692
f 5692 5669 5674
f 5692 5674 5696
f 5696 5674 5667
f 5696 5667 5690
f 5666 5655 5663
f 5666 5663 5671
f 5671 5663 5659
f 5671 5659 5675
f 5675 5659 5654
f 5675 5654 5667
f 5605 5653 5657
f 5605 5657 5608
f 5608 5657 5662
f 5608 5662 5612
f 5612 5662 5655
f 5612 5655 5606
f 5665 5618 5624
f 5665 5624 5668
f 5668 5624 5620
f 5668 5620 5672
f 5672 5620 5617
f 5672 5617 5666
f 5629 5677 5653
f 5629 5653 5605
f 5607 5619 5643
f 5607 5643 5630
f 5655 5666 5617
f 5655 5617 5606
f 5689 5641 5618
f 5689 5618 5665
f 5631 5642 5691
f 5631 5691 5678
f 5679 5690 5667
f 5679 5667 5654
v 2.8134005 0.6230000 0.7997847
v 2.8146739 0.6210001 0.8013269
v 2.8131318 0.6230000 0.8026003
v 2.8135705 0.6220013 0.7999907
v 2.8128004 0.6230000 0.8006266
v 2.8129983 0.6220436 0.8007998
v 2.8139038 0.6212672 0.8019628
v 2.8140380 0.6212672 0.8005568
v 2.8133276 0.6215268 0.8011984
v 2.8127019 0.6230000 0.8016602
v 2.8133378 0.6220013 0.8024302
v 2.8129289 0.6220436 0.8015275
v 2.8159475 0.6210001 0.8028690
v 2.8172209 0.6230000 0.8044111
v 2.8144052 0.6230000 0.8041425
v 2.8165834 0.6212672 0.8036391
v 2.8151774 0.6212672 0.8035049
v 2.8158190 0.6215268 0.8042154
v 2.8162808 0.6230000 0.8048410
v 2.8170507 0.6220013 0.8042051
v 2.8161480 0.6220436 0.8046140
v 2.8146114 0.6220013 0.8039724
v 2.8152473 0.6230000 0.8047424
v 2.8154204 0.6220436 0.8045446
v 2.8134005 0.7990000 0.7997847
v 2.8131318 0.7990000 0.8026003
v 2.8146739 0.8010000 0.8013269
v 2.8128004 0.7990000 0.8006266
v 2.8135705 0.7999987 0.7999907
v 2.8129983 0.7999564 0.8007998
v 2.8133378 0.7999987 0.8024302
v 2.8127019 0.7990000 0.8016602
v 2.8129289 0.7999564 0.8015275
v 2.8140380 0.8007329 0.8005568
v 2.8139038 0.8007329 0.8019628
v 2.8133276 0.8004733 0.8011984
v 2.8172209 0.7990000 0.8044111
v 2.8159475 0.8010000 0.8028690
v 2.8144052 0.7990000 0.8041425
v 2.8170507 0.7999987 0.8042051
v 2.8162808 0.7990000 0.8048410
v 2.8161480 0.7999564 0.8046140
v 2.8151774 0.8007329 0.8035049
v 2.8165834 0.8007329 0.8036391
v 2.8158190 0.8004733 0.8042154
v 2.8152473 0.7990000 0.8047424
v 2.8146114 0.7999987 0.8039724
v 2.8154204 0.7999564 0.8045446
v 2.8995306 0.6230000 0.7286581
v 2.9023464 0.6230000 0.7289268
v 2.9008040 0.6210001 0.7302003
v 2.9004707 0.6230000 0.7282282
v 2.8997009 0.6220013 0.7288641
v 2.9006035 0.6220436 0.7284552
v 2.9021401 0.6220013 0.7290969
v 2.9015043 0.6230000 0.7283269
v 2.9013312 0.6220436 0.7285247
v 2.9001682 0.6212672 0.7294302
v 2.9015741 0.6212672 0.7295644
v 2.9009326 0.6215267 0.7288538
v 2.9033511 0.6230000 0.7332845
v 2.9020777 0.6210001 0.7317424
v 2.9036198 0.6230000 0.7304689
v 2.9031811 0.6220013 0.7330785
v 2.9039512 0.6230000 0.7324426
v 2.9037533 0.6220436 0.7322694
v 2.9028478 0.6212672 0.7311065
v 2.9027135 0.6212672 0.7325125
v 2.9034240 0.6215268 0.7318709
v 2.9040496 0.6230000 0.7314091
v 2.9034138 0.6220013 0.7306390
v 2.9038227 0.6220436 0.7315418
v 2.8995306 0.7990000 0.7286581
v 2.9008040 0.8010000 0.7302003
v 2.9023464 0.7990000 0.7289268
v 2.8997009 0.7999987 0.7288641
v 2.9004707 0.7990000 0.7282282
v 2.9006035 0.7999564 0.7284552
v 2.9015741 0.8007329 0.7295644
v 2.9001682 0.8007329 0.7294302
v 2.9009326 0.8004733 0.7288538
v 2.9015043 0.7990000 0.7283269
v 2.9021401 0.7999987 0.7290969
v 2.9013312 0.7999564 0.7285247
v 2.9033511 0.7990000 0.7332845
v 2.9036198 0.7990000 0.7304689
v 2.9020777 0.8010000 0.7317424
v 2.9039512 0.7990000 0.7324426
v 2.9031811 0.7999987 0.7330785
v 2.9037533 0.7999564 0.7322694
v 2.9034138 0.7999987 0.7306390
v 2.9040496 0.7990000 0.7314091
v 2.9038227 0.7999564 0.7315418
v 2.9027135 0.8007329 0.7325125
v 2.9028478 0.8007329 0.7311065
v 2.9034240 0.8004733 0.7318709
f 5701 5704 5706
f 5701 5706 5705
f 5704 5708 5709
f 5704 5709 5706
f 5702 5707 5709
f 5702 5709 5708
f 5707 5711 5712
f 5707 5712 5709
f 5703 5710 5712
f 5703 5712 5711
f 5710 5705 5706
f 5710 5706 5712
f 5706 5709 5712
f 5713 5716 5718
f 5713 5718 5717
f 5716 5720 5721
f 5716 5721 5718
f 5714 5719 5721
f 5714 5721 5720
f 5719 5723 5724
f 5719 5724 5721
f 5715 5722 5724
f 5715 5724 5723
f 5722 5717 5718
f 5722 5718 5724
f 5718 5721 5724
f 5725 5728 5730
f 5725 5730 5729
f 5728 5732 5733
f 5728 5733 5730
f 5726 5731 5733
f 5726 5733 5732
f 5731 5735 5736
f 5731 5736 5733
f 5727 5734 5736
f 5727 5736 5735
f 5734 5729 5730
f 5734 5730 5736
f 5730 5733 5736
f 5737 5740 5742
f 5737 5742 5741
f 5740 5744 5745
f 5740 5745 5742
f 5738 5743 5745
f 5738 5745 5744
f 5743 5747 5748
f 5743 5748 5745
f 5739 5746 5748
f 5739 5748 5747
f 5746 5741 5742
f 5746 5742 5748
f 5742 5745 5748
f 5749 5752 5754
f 5749 5754 5753
f 5752 5756 5757
f 5752 5757 5754
f 5750 5755 5757
f 5750 5757 5756
f 5755 5759 5760
f 5755 5760 5757
f 5751 5758 5760
f 5751 5760 5759
f 5758 5753 5754
f 5758 5754 5760
f 5754 5757 5760
f 5761 5764 5766
f 5761 5766 5765
f 5764 5768 5769
f 5764 5769 5766
f 5762 5767 5769
f 5762 5769 5768
f 5767 5771 5772
f 5767 5772 5769
f 5763 5770 5772
f 5763 5772 5771
f 5770 5765 5766
f 5770 5766 5772
f 5766 5769 5772
f 5773 5776 5778
f 5773 5778 5777
f 5776 5780 5781
f 5776 5781 5778
f 5774 5779 5781
f 5774 5781 5780
f 5779 5783 5784
f 5779 5784 5781
f 5775 5782 5784
f 5775 5784 5783
f 5782 5777 5778
f 5782 5778 5784
f 5778 5781 5784
f 5785 5788 5790
f 5785 5790 5789
f 5788 5792 5793
f 5788 5793 5790
f 5786 5791 5793
f 5786 5793 5792
f 5791 5795 5796
f 5791 5796 5793
f 5787 5794 5796
f 5787 5796 5795
f 5794 5789 5790
f 5794 5790 5796
f 5790 5793 5796
f 5725 5701 5705
f 5725 5705 5728
f 5728 5705 5710
f 5728 5710 5732
f 5732 5710 5703
f 5732 5703 5726
f 5702 5713 5717
f 5702 5717 5707
f 5707 5717 5722
f 5707 5722 5711
f 5711 5722 5715
f 5711 5715 5703
f 5714 5737 5741
f 5714 5741 5719
f 5719 5741 5746
f 5719 5746 5723
f 5723 5746 5739
f 5723 5739 5715
f 5738 5727 5735
f 5738 5735 5743
f 5743 5735 5731
f 5743 5731 5747
f 5747 5731 5726
f 5747 5726 5739
f 5773 5725 5729
f 5773 5729 5776
f 5776 5729 5734
f 5776 5734 5780
f 5780 5734 5727
f 5780 5727 5774
f 5737 5785 5789
f 5737 5789 5740
f 5740 5789 5794
f 5740 5794 5744
f 5744 5794 5787
f 5744 5787 5738
f 5786 5775 5783
f 5786 5783 5791
f 5791 5783 5779
f 5791 5779 5795
f 5795 5779 5774
f 5795 5774 5787
f 5749 5773 5777
f 5749 5777 5752
f 5752 5777 5782
f 5752 5782 5756
f 5756 5782 5775
f 5756 5775 5750
f 5785 5761 5765
f 5785 5765 5788
f 5788 5765 5770
f 5788 5770 5792
f 5792 5770 5763
f 5792 5763 5786
f 5762 5751 5759
f 5762 5759 5767
f 5767 5759 5755
f 5767 5755 5771
f 5771 5755 5750
f 5771 5750 5763
f 5701 5749 5753
f 5701 5753 5704
f 5704 5753 5758
f 5704 5758 5708
f 5708 5758 5751
f 5708 5751 5702
f 5761 5714 5720
f 5761 5720 5764
f 5764 5720 5716
f 5764 5716 5768
f 5768 5716 5713
f 5768 5713 5762
f 5725 5773 5749
f 5725 5749 5701
f 5703 5715 5739
f 5703 5739 5726
f 5751 5762 5713
f 5751 5713 5702
f 5785 5737 5714
f 5785 5714 5761
f 5727 5738 5787
f 5727 5787 5774
f 5775 5786 5763
f 5775 5763 5750
v 2.7179105 0.6230000 0.8484143
v 2.7188263 0.6210001 0.8501924
v 2.7170484 0.6230000 0.8511081
v 2.7180331 0.6220013 0.8486519
v 2.7171452 0.6230000 0.8491091
v 2.7173016 0.6220436 0.8493205
v 2.7179384 0.6212672 0.8506497
v 2.7183690 0.6212672 0.8493045
v 2.7175381 0.6215268 0.8497800
v 2.7168286 0.6230000 0.8500979
v 2.7172859 0.6220013 0.8509858
v 2.7170787 0.6220436 0.8500167
v 2.7197421 0.6210001 0.8519704
v 2.7206578 0.6230000 0.8537484
v 2.7179642 0.6230000 0.8528861
v 2.7201993 0.6212672 0.8528582
v 2.7188542 0.6212672 0.8524277
v 2.7193298 0.6215268 0.8532586
v 2.7196476 0.6230000 0.8539681
v 2.7205355 0.6220013 0.8535109
v 2.7195663 0.6220436 0.8537181
v 2.7182016 0.6220013 0.8527638
v 2.7186589 0.6230000 0.8536516
v 2.7188702 0.6220436 0.8534952
v 2.7179105 0.7990000 0.8484143
v 2.7170484 0.7990000 0.8511081
v 2.7188263 0.8010000 0.8501924
v 2.7171452 0.7990000 0.8491091
v 2.7180331 0.7999987 0.8486519
v 2.7173016 0.7999564 0.8493205
v 2.7172859 0.7999987 0.8509858
v 2.7168286 0.7990000 0.8500979
v 2.7170787 0.7999564 0.8500167
v 2.7183690 0.8007329 0.8493045
v 2.7179384 0.8007329 0.8506497
v 2.7175381 0.8004733 0.8497800
v 2.7206578 0.7990000 0.8537484
v 2.7197421 0.8010000 0.8519704
v 2.7179642 0.7990000 0.8528861
v 2.7205355 0.7999987 0.8535109
v 2.7196476 0.7990000 0.8539681
v 2.7195663 0.7999564 0.8537181
v 2.7188542 0.8007329 0.8524277
v 2.7201993 0.8007329 0.8528582
v 2.7193298 0.8004733 0.8532586
v 2.7186589 0.7990000 0.8536516
v 2.7182016 0.7999987 0.8527638
v 2.7188702 0.7999564 0.8534952
v 2.8172159 0.6230000 0.7972687
v 2.8199096 0.6230000 0.7981310
v 2.8181317 0.6210001 0.7990468
v 2.8182261 0.6230000 0.7970490
v 2.8173382 0.6220013 0.7975063
v 2.8183074 0.6220436 0.7972991
v 2.8196721 0.6220013 0.7982534
v 2.8192148 0.6230000 0.7973655
v 2.8190036 0.6220436 0.7975219
v 2.8176744 0.6212672 0.7981589
v 2.8190196 0.6212672 0.7985895
v 2.8185439 0.6215267 0.7977586
v 2.8199632 0.6230000 0.8026029
v 2.8190475 0.6210001 0.8008248
v 2.8208253 0.6230000 0.7999091
v 2.8198407 0.6220013 0.8023653
v 2.8207285 0.6230000 0.8019081
v 2.8205721 0.6220436 0.8016967
v 2.8199353 0.6212672 0.8003675
v 2.8195047 0.6212672 0.8017127
v 2.8203356 0.6215268 0.8012372
v 2.8210452 0.6230000 0.8009193
v 2.8205879 0.6220013 0.8000314
v 2.8207951 0.6220436 0.8010005
v 2.8172159 0.7990000 0.7972687
v 2.8181317 0.8010000 0.7990468
v 2.8199096 0.7990000 0.7981310
v 2.8173382 0.7999987 0.7975063
v 2.8182261 0.7990000 0.7970490
v 2.8183074 0.7999564 0.7972991
v 2.8190196 0.8007329 0.7985895
v 2.8176744 0.8007329 0.7981589
v 2.8185439 0.8004733 0.7977586
v 2.8192148 0.7990000 0.7973655
v 2.8196721 0.7999987 0.7982534
v 2.8190036 0.7999564 0.7975219
v 2.8199632 0.7990000 0.8026029
v 2.8208253 0.7990000 0.7999091
v 2.8190475 0.8010000 0.8008248
v 2.8207285 0.7990000 0.8019081
v 2.8198407 0.7999987 0.8023653
v 2.8205721 0.7999564 0.8016967
v 2.8205879 0.7999987 0.8000314
v 2.8210452 0.7990000 0.8009193
v 2.8207951 0.7999564 0.8010005
v 2.8195047 0.8007329 0.8017127
v 2.8199353 0.8007329 0.8003675
v 2.8203356 0.8004733 0.8012372
f 5797 5800 5802
f 5797 5802 5801
f 5800 5804 5805
f 5800 5805 5802
f 5798 5803 5805
f 5798 5805 5804
f 5803 5807 5808
f 5803 5808 5805
f 5799 5806 5808
f 5799 5808 5807
f 5806 5801 5802
f 5806 5802 5808
f 5802 5805 5808
f 5809 5812 5814
f 5809 5814 5813
f 5812 5816 5817
f 5812 5817 5814
f 5810 5815 5817
f 5810 5817 5816
f 5815 5819 5820
f 5815 5820 5817
f 5811 5818 5820
f 5811 5820 5819
f 5818 5813 5814
f 5818 5814 5820
f 5814 5817 5820
f 5821 5824 5826
f 5821 5826 5825
f 5824 5828 5829
f 5824 5829 5826
f 5822 5827 5829
f 5822 5829 5828
f 5827 5831 5832
f 5827 5832 5829
f 5823 5830 5832
f 5823 5832 5831
f 5830 5825 5826
f 5830 5826 5832
f 5826 5829 5832
f 5833 5836 5838
f 5833 5838 5837
f 5836 5840 5841
f 5836 5841 5838
f 5834 5839 5841
f 5834 5841 5840
f 5839 5843 5844
f 5839 5844 5841
f 5835 5842 5844
f 5835 5844 5843
f 5842 5837 5838
f 5842 5838 5844
f 5838 5841 5844
f 5845 5848 5850
f 5845 5850 5849
f 5848 5852 5853
f 5848 5853 5850
f 5846 5851 5853
f 5846 5853 5852
f 5851 5855 5856
f 5851 5856 5853
f 5847 5854 5856
f 5847 5856 5855
f 5854 5849 5850
f 5854 5850 5856
f 5850 5853 5856
f 5857 5860 5862
f 5857 5862 5861
f 5860 5864 5865
f 5860 5865 5862
f 5858 5863 5865
f 5858 5865 5864
f 5863 5867 5868
f 5863 5868 5865
f 5859 5866 5868
f 5859 5868 5867
f 5866 5861 5862
f 5866 5862 5868
f 5862 5865 5868
f 5869 5872 5874
f 5869 5874 5873
f 5872 5876 5877
f 5872 5877 5874
f 5870 5875 5877
f 5870 5877 5876
f 5875 5879 5880
f 5875 5880 5877
f 5871 5878 5880
f 5871 5880 5879
f 5878 5873 5874
f 5878 5874 5880
f 5874 5877 5880
f 5881 5884 5886
f 5881 5886 5885
f 5884 5888 5889
f 5884 5889 5886
f 5882 5887 5889
f 5882 5889 5888
f 5887 5891 5892
f 5887 5892 5889
f 5883 5890 5892
f 5883 5892 5891
f 5890 5885 5886
f 5890 5886 5892
f 5886 5889 5892
f 5821 5797 5801
f 5821 5801 5824
f 5824 5801 5806
f 5824 5806 5828
f 5828 5806 5799
f 5828 5799 5822
f 5798 5809 5813
f 5798 5813 5803
f 5803 5813 5818
f 5803 5818 5807
f 5807 5818 5811
f 5807 5811 5799
f 5810 5833 5837
f 5810 5837 5815
f 5815 5837 5842
f 5815 5842 5819
f 5819 5842 5835
f 5819 5835 5811
f 5834 5823 5831
f 5834 5831 5839
f 5839 5831 5827
f 5839 5827 5843
f 5843 5827 5822
f 5843 5822 5835
f 5869 5821 5825
f 5869 5825 5872
f 5872 5825 5830
f 5872 5830 5876
f 5876 5830 5823
f 5876 5823 5870
f 5833 5881 5885
f 5833 5885 5836
f 5836 5885 5890
f 5836 5890 5840
f 5840 5890 5883
f 5840 5883 5834
f 5882 5871 5879
f 5882 5879 5887
f 5887 5879 5875
f 5887 5875 5891
f 5891 5875 5870
f 5891 5870 5883
f 5845 5869 5873
f 5845 5873 5848
f 5848 5873 5878
f 5848 5878 5852
f 5852 5878 5871
f 5852 5871 5846
f 5881 5857 5861
f 5881 5861 5884
f 5884 5861 5866
f 5884 5866 5888
f 5888 5866 5859
f 5888 5859 5882
f 5858 5847 5855
f 5858 5855 5863
f 5863 5855 5851
f 5863 5851 5867
f 5867 5851 5846
f 5867 5846 5859
f 5797 5845 5849
f 5797 5849 5800
f 5800 5849 5854
f 5800 5854 5804
f 5804 5854 5847
f 5804 5847 5798
f 5857 5810 5816
f 5857 5816 5860
f 5860 5816 5812
f 5860 5812 5864
f 5864 5812 5809
f 5864 5809 5858
f 5821 5869 5845
f 5821 5845 5797
f 5799 5811 5835
f 5799 5835 5822
f 5847 5858 5809
f 5847 5809 5798
f 5881 5833 5810
f 5881 5810 5857
f 5823 5834 5883
f 5823 5883 5870
f 5871 5882 5859
f 5871 5859 5846
v 2.6142535 0.6230000 0.8755854
v 2.6147695 0.6210001 0.8775178
v 2.6128371 0.6230000 0.8780337
v 2.6143224 0.6220013 0.8758436
v 2.6133575 0.6230000 0.8761013
v 2.6134653 0.6220436 0.8763411
v 2.6138046 0.6212672 0.8777754
v 2.6145117 0.6212672 0.8765529
v 2.6135986 0.6215268 0.8768405
v 2.6128376 0.6230000 0.8769999
v 2.6130953 0.6220013 0.8779648
v 2.6130993 0.6220436 0.8769738
v 2.6152854 0.6210001 0.8794501
v 2.6158013 0.6230000 0.8813823
v 2.6133530 0.6230000 0.8799660
v 2.6155429 0.6212672 0.8804150
v 2.6143205 0.6212672 0.8797077
v 2.6146080 0.6215268 0.8806208
v 2.6147676 0.6230000 0.8813819
v 2.6157324 0.6220013 0.8811242
v 2.6147413 0.6220436 0.8811202
v 2.6136112 0.6220013 0.8798971
v 2.6138687 0.6230000 0.8808620
v 2.6141086 0.6220436 0.8807542
v 2.6142535 0.7990000 0.8755854
v 2.6128371 0.7990000 0.8780337
v 2.6147695 0.8010000 0.8775178
v 2.6133575 0.7990000 0.8761013
v 2.6143224 0.7999987 0.8758436
v 2.6134653 0.7999564 0.8763411
v 2.6130953 0.7999987 0.8779648
v 2.6128376 0.7990000 0.8769999
v 2.6130993 0.7999564 0.8769738
v 2.6145117 0.8007329 0.8765529
v 2.6138046 0.8007329 0.8777754
v 2.6135986 0.8004733 0.8768405
v 2.6158013 0.7990000 0.8813823
v 2.6152854 0.8010000 0.8794501
v 2.6133530 0.7990000 0.8799660
v 2.6157324 0.7999987 0.8811242
v 2.6147676 0.7990000 0.8813819
v 2.6147413 0.7999564 0.8811202
v 2.6143205 0.8007329 0.8797077
v 2.6155429 0.8007329 0.8804150
v 2.6146080 0.8004733 0.8806208
v 2.6138687 0.7990000 0.8808620
v 2.6136112 0.7999987 0.8798971
v 2.6141086 0.7999564 0.8807542
v 2.7221746 0.6230000 0.8467690
v 2.7246230 0.6230000 0.8481853
v 2.7226906 0.6210001 0.8487012
v 2.7232084 0.6230000 0.8467695
v 2.7222435 0.6220013 0.8470271
v 2.7232347 0.6220436 0.8470311
v 2.7243648 0.6220013 0.8482542
v 2.7241073 0.6230000 0.8472893
v 2.7238674 0.6220436 0.8473971
v 2.7224331 0.6212672 0.8477364
v 2.7236555 0.6212672 0.8484436
v 2.7233679 0.6215267 0.8475305
v 2.7237225 0.6230000 0.8525659
v 2.7232065 0.6210001 0.8506336
v 2.7251389 0.6230000 0.8501176
v 2.7236536 0.6220013 0.8523077
v 2.7246184 0.6230000 0.8520501
v 2.7245107 0.6220436 0.8518102
v 2.7241714 0.6212672 0.8503759
v 2.7234643 0.6212672 0.8515984
v 2.7243774 0.6215268 0.8513108
v 2.7251384 0.6230000 0.8511514
v 2.7248807 0.6220013 0.8501865
v 2.7248766 0.6220436 0.8511775
v 2.7221746 0.7990000 0.8467690
v 2.7226906 0.8010000 0.8487012
v 2.7246230 0.7990000 0.8481853
v 2.7222435 0.7999987 0.8470271
v 2.7232084 0.7990000 0.8467695
v 2.7232347 0.7999564 0.8470311
v 2.7236555 0.8007329 0.8484436
v 2.7224331 0.8007329 0.8477364
v 2.7233679 0.8004733 0.8475305
v 2.7241073 0.7990000 0.8472893
v 2.7243648 0.7999987 0.8482542
v 2.7238674 0.7999564 0.8473971
v 2.7237225 0.7990000 0.8525659
v 2.7251389 0.7990000 0.8501176
v 2.7232065 0.8010000 0.8506336
v 2.7246184 0.7990000 0.8520501
v 2.7236536 0.7999987 0.8523077
v 2.7245107 0.7999564 0.8518102
v 2.7248807 0.7999987 0.8501865
v 2.7251384 0.7990000 0.8511514
v 2.7248766 0.7999564 0.8511775
v 2.7234643 0.8007329 0.8515984
v 2.7241714 0.8007329 0.8503759
v 2.7243774 0.8004733 0.8513108
f 5893 5896 5898
f 5893 5898 5897
f 5896 5900 5901
f 5896 5901 5898
f 5894 5899 5901
f 5894 5901 5900
f 5899 5903 5904
f 5899 5904 5901
f 5895 5902 5904
f 5895 5904 5903
f 5902 5897 5898
f 5902 5898 5904
f 5898 5901 5904
f 5905 5908 5910
f 5905 5910 5909
f 5908 5912 5913
f 5908 5913 5910
f 5906 5911 5913
f 5906 5913 5912
f 5911 5915 5916
f 5911 5916 5913
f 5907 5914 5916
f 5907 5916 5915
f 5914 5909 5910
f 5914 5910 5916
f 5910 5913 5916
f 5917 5920 5922
f 5917 5922 5921
f 5920 5924 5925
f 5920 5925 5922
f 5918 5923 5925
f 5918 5925 5924
f 5923 5927 5928
f 5923 5928 5925
f 5919 5926 5928
f 5919 5928 5927
f 5926 5921 5922
f 5926 5922 5928
f 5922 5925 5928
f 5929 5932 5934
f 5929 5934 5933
f 5932 5936 5937
f 5932 5937 5934
f 5930 5935 5937
f 5930 5937 5936
f 5935 5939 5940
f 5935 5940 5937
f 5931 5938 5940
f 5931 5940 5939
f 5938 5933 5934
f 5938 5934 5940
f 5934 5937 5940
f 5941 5944 5946
f 5941 5946 5945
f 5944 5948 5949
f 5944 5949 5946
f 5942 5947 5949
f 5942 5949 5948
f 5947 5951 5952
f 5947 5952 5949
f 5943 5950 5952
f 5943 5952 5951
f 5950 5945 5946
f 5950 5946 5952
f 5946 5949 5952
f 5953 5956 5958
f 5953 5958 5957
f 5956 5960 5961
f 5956 5961 5958
f 5954 5959 5961
f 5954 5961 5960
f 5959 5963 5964
f 5959 5964 5961
f 5955 5962 5964
f 5955 5964 5963
f 5962 5957 5958
f 5962 5958 5964
f 5958 5961 5964
f 5965 5968 5970
f 5965 5970 5969
f 5968 5972 5973
f 5968 5973 5970
f 5966 5971 5973
f 5966 5973 5972
f 5971 5975 5976
f 5971 5976 5973
f 5967 5974 5976
f 5967 5976 5975
f 5974 5969 5970
f 5974 5970 5976
f 5970 5973 5976
f 5977 5980 5982
f 5977 5982 5981
f 5980 5984 5985
f 5980 5985 5982
f 5978 5983 5985
f 5978 5985 5984
f 5983 5987 5988
f 5983 5988 5985
f 5979 5986 5988
f 5979 5988 5987
f 5986 5981 5982
f 5986 5982 5988
f 5982 5985 5988
f 5917 5893 5897
f 5917 5897 5920
f 5920 5897 5902
f 5920 5902 5924
f 5924 5902 5895
f 5924 5895 5918
f 5894 5905 5909
f 5894 5909 5899
f 5899 5909 5914
f 5899 5914 5903
f 5903 5914 5907
f 5903 5907 5895
f 5906 5929 5933
f 5906 5933 5911
f 5911 5933 5938
f 5911 5938 5915
f 5915 5938 5931
f 5915 5931 5907
f 5930 5919 5927
f 5930 5927 5935
f 5935 5927 5923
f 5935 5923 5939
f 5939 5923 5918
f 5939 5918 5931
f 5965 5917 5921
f 5965 5921 5968
f 5968 5921 5926
f 5968 5926 5972
f 5972 5926 5919
f 5972 5919 5966
f 5929 5977 5981
f 5929 5981 5932
f 5932 5981 5986
f 5932 5986 5936
f 5936 5986 5979
f 5936 5979 5930
f 5978 5967 5975
f 5978 5975 5983
f 5983 5975 5971
f 5983 5971 5987
f 5987 5971 5966
f 5987 5966 5979
f 5941 5965 5969
f 5941 5969 5944
f 5944 5969 5974
f 5944 5974 5948
f 5948 5974 5967
f 5948 5967 5942
f 5977 5953 5957
f 5977 5957 5980
f 5980 5957 5962
f 5980 5962 5984
f 5984 5962 5955
f 5984 5955 5978
f 5954 5943 5951
f 5954 5951 5959
f 5959 5951 5947
f 5959 5947 5963
f 5963 5947 5942
f 5963 5942 5955
f 5893 5941 5945
f 5893 5945 5896
f 5896 5945 5950
f 5896 5950 5900
f 5900 5950 5943
f 5900 5943 5894
f 5953 5906 5912
f 5953 5912 5956
f 5956 5912 5908
f 5956 5908 5960
f 5960 5908 5905
f 5960 5905 5954
f 5917 5965 5941
f 5917 5941 5893
f 5895 5907 5931
f 5895 5931 5918
f 5943 5954 5905
f 5943 5905 5894
f 5977 5929 5906
f 5977 5906 5953
f 5919 5930 5979
f 5919 5979 5966
f 5967 5978 5955
f 5967 5955 5942
v 2.5071871 0.6230000 0.8800508
v 2.5072796 0.6210001 0.8820487
v 2.5052817 0.6230000 0.8821411
v 2.5071995 0.6220013 0.8803177
v 2.5062020 0.6230000 0.8803639
v 2.5062561 0.6220436 0.8806212
v 2.5062821 0.6212672 0.8820949
v 2.5072334 0.6212672 0.8810511
v 2.5062799 0.6215268 0.8811375
v 2.5055025 0.6230000 0.8811312
v 2.5055487 0.6220013 0.8821288
v 2.5057638 0.6220436 0.8811614
v 2.5073721 0.6210001 0.8840465
v 2.5074646 0.6230000 0.8860444
v 2.5053742 0.6230000 0.8841390
v 2.5074182 0.6212672 0.8850442
v 2.5063744 0.6212672 0.8840927
v 2.5064609 0.6215268 0.8850461
v 2.5064545 0.6230000 0.8858237
v 2.5074522 0.6220013 0.8857775
v 2.5064847 0.6220436 0.8855624
v 2.5056412 0.6220013 0.8841267
v 2.5056872 0.6230000 0.8851243
v 2.5059447 0.6220436 0.8850700
v 2.5071871 0.7990000 0.8800508
v 2.5052817 0.7990000 0.8821411
v 2.5072796 0.8010000 0.8820487
v 2.5062020 0.7990000 0.8803639
v 2.5071995 0.7999987 0.8803177
v 2.5062561 0.7999564 0.8806212
v 2.5055487 0.7999987 0.8821288
v 2.5055025 0.7990000 0.8811312
v 2.5057638 0.7999564 0.8811614
v 2.5072334 0.8007329 0.8810511
v 2.5062821 0.8007329 0.8820949
v 2.5062799 0.8004733 0.8811375
v 2.5074646 0.7990000 0.8860444
v 2.5073721 0.8010000 0.8840465
v 2.5053742 0.7990000 0.8841390
v 2.5074522 0.7999987 0.8857775
v 2.5064545 0.7990000 0.8858237
v 2.5064847 0.7999564 0.8855624
v 2.5063744 0.8007329 0.8840927
v 2.5074182 0.8007329 0.8850442
v 2.5064609 0.8004733 0.8850461
v 2.5056872 0.7990000 0.8851243
v 2.5056412 0.7999987 0.8841267
v 2.5059447 0.7999564 0.8850700
v 2.6187699 0.6230000 0.8748863
v 2.6208603 0.6230000 0.8767917
v 2.6188624 0.6210001 0.8768842
v 2.6197801 0.6230000 0.8751070
v 2.6187823 0.6220013 0.8751532
v 2.6197498 0.6220436 0.8753682
v 2.6205933 0.6220013 0.8768040
v 2.6205473 0.6230000 0.8758064
v 2.6202898 0.6220436 0.8758606
v 2.6188164 0.6212672 0.8758865
v 2.6198602 0.6212672 0.8768380
v 2.6197736 0.6215267 0.8758845
v 2.6190474 0.6230000 0.8808799
v 2.6189549 0.6210001 0.8788820
v 2.6209528 0.6230000 0.8787895
v 2.6190350 0.6220013 0.8806130
v 2.6200325 0.6230000 0.8805668
v 2.6199784 0.6220436 0.8803095
v 2.6199524 0.6212672 0.8788358
v 2.6190012 0.6212672 0.8798796
v 2.6199546 0.6215268 0.8797932
v 2.6207321 0.6230000 0.8797995
v 2.6206858 0.6220013 0.8788019
v 2.6204708 0.6220436 0.8797693
v 2.6187699 0.7990000 0.8748863
v 2.6188624 0.8010000 0.8768842
v 2.6208603 0.7990000 0.8767917
v 2.6187823 0.7999987 0.8751532
v 2.6197801 0.7990000 0.8751070
v 2.6197498 0.7999564 0.8753682
v 2.6198602 0.8007329 0.8768380
v 2.6188164 0.8007329 0.8758865
v 2.6197736 0.8004733 0.8758845
v 2.6205473 0.7990000 0.8758064
v 2.6205933 0.7999987 0.8768040
v 2.6202898 0.7999564 0.8758606
v 2.6190474 0.7990000 0.8808799
v 2.6209528 0.7990000 0.8787895
v 2.6189549 0.8010000 0.8788820
v 2.6200325 0.7990000 0.8805668
v 2.6190350 0.7999987 0.8806130
v 2.6199784 0.7999564 0.8803095
v 2.6206858 0.7999987 0.8788019
v 2.6207321 0.7990000 0.8797995
v 2.6204708 0.7999564 0.8797693
v 2.6190012 0.8007329 0.8798796
v 2.6199524 0.8007329 0.8788358
v 2.6199546 0.8004733 0.8797932
f 5989 5992 5994
f 5989 5994 5993
f 5992 5996 5997
f 5992 5997 5994
f 5990 5995 5997
f 5990 5997 5996
f 5995 5999 6000
f 5995 6000 5997
f 5991 5998 6000
f 5991 6000 5999
f 5998 5993 5994
f 5998 5994 6000
f 5994 5997 6000
f 6001 6004 6006
f 6001 6006 6005
f 6004 6008 6009
f 6004 6009 6006
f 6002 6007 6009
f 6002 6009 6008
f 6007 6011 6012
f 6007 6012 6009
f 6003 6010 6012
f 6003 6012 6011
f 6010 6005 6006
f 6010 6006 6012
f 6006 6009 6012
f 6013 6016 6018
f 6013 6018 6017
f 6016 6020 6021
f 6016 6021 6018
f 6014 6019 6021
f 6014 6021 6020
f 6019 6023 6024
f 6019 6024 6021
f 6015 6022 6024
f 6015 6024 6023
f 6022 6017 6018
f 6022 6018 6024
f 6018 6021 6024
f 6025 6028 6030
f 6025 6030 6029
f 6028 6032 6033
f 6028 6033 6030
f 6026 6031 6033
f 6026 6033 6032
f 6031 6035 6036
f 6031 6036 6033
f 6027 6034 6036
f 6027 6036 6035
f 6034 6029 6030
f 6034 6030 6036
f 6030 6033 6036
f 6037 6040 6042
f 6037 6042 6041
f 6040 6044 6045
f 6040 6045 6042
f 6038 6043 6045
f 6038 6045 6044
f 6043 6047 6048
f 6043 6048 6045
f 6039 6046 6048
f 6039 6048 6047
f 6046 6041 6042
f 6046 6042 6048
f 6042 6045 6048
f 6049 6052 6054
f 6049 6054 6053
f 6052 6056 6057
f 6052 6057 6054
f 6050 6055 6057
f 6050 6057 6056
f 6055 6059 6060
f 6055 6060 6057
f 6051 6058 6060
f 6051 6060 6059
f 6058 6053 6054
f 6058 6054 6060
f 6054 6057 6060
f 6061 6064 6066
f 6061 6066 6065
f 6064 6068 6069
f 6064 6069 6066
f 6062 6067 6069
f 6062 6069 6068
f 6067 6071 6072
f 6067 6072 6069
f 6063 6070 6072
f 6063 6072 6071
f 6070 6065 6066
f 6070 6066 6072
f 6066 6069 6072
f 6073 6076 6078
f 6073 6078 6077
f 6076 6080 6081
f 6076 6081 6078
f 6074 6079 6081
f 6074 6081 6080
f 6079 6083 6084
f 6079 6084 6081
f 6075 6082 6084
f 6075 6084 6083
f 6082 6077 6078
f 6082 6078 6084
f 6078 6081 6084
f 6013 5989 5993
f 6013 5993 6016
f 6016 5993 5998
f 6016 5998 6020
f 6020 5998 5991
f 6020 5991 6014
f 5990 6001 6005
f 5990 6005 5995
f 5995 6005 6010
f 5995 6010 5999
f 5999 6010 6003
f 5999 6003 5991
f 6002 6025 6029
f 6002 6029 6007
f 6007 6029 6034
f 6007 6034 6011
f 6011 6034 6027
f 6011 6027 6003
f 6026 6015 6023
f 6026 6023 6031
f 6031 6023 6019
f 6031 6019 6035
f 6035 6019 6014
f 6035 6014 6027
f 6061 6013 6017
f 6061 6017 6064
f 6064 6017 6022
f 6064 6022 6068
f 6068 6022 6015
f 6068 6015 6062
f 6025 6073 6077
f 6025 6077 6028
f 6028 6077 6082
f 6028 6082 6032
f 6032 6082 6075
f 6032 6075 6026
f 6074 6063 6071
f 6074 6071 6079
f 6079 6071 6067
f 6079 6067 6083
f 6083 6067 6062
f 6083 6062 6075
f 6037 6061 6065
f 6037 6065 6040
f 6040 6065 6070
f 6040 6070 6044
f 6044 6070 6063
f 6044 6063 6038
f 6073 6049 6053
f 6073 6053 6076
f 6076 6053 6058
f 6076 6058 6080
f 6080 6058 6051
f 6080 6051 6074
f 6050 6039 6047
f 6050 6047 6055
f 6055 6047 6043
f 6055 6043 6059
f 6059 6043 6038
f 6059 6038 6051
f 5989 6037 6041
f 5989 6041 5992
f 5992 6041 6046
f 5992 6046 5996
f 5996 6046 6039
f 5996 6039 5990
f 6049 6002 6008
f 6049 6008 6052
f 6052 6008 6004
f 6052 6004 6056
f 6056 6004 6001
f 6056 6001 6050
f 6013 6061 6037
f 6013 6037 5989
f 5991 6003 6027
f 5991 6027 6014
f 6039 6050 6001
f 6039 6001 5990
f 6073 6025 6002
f 6073 6002 6049
f 6015 6026 6075
f 6015 6075 6062
f 6063 6074 6051
f 6063 6051 6038
v 2.4016273 0.6230000 0.8616053
v 2.4012921 0.6210001 0.8635769
v 2.3993204 0.6230000 0.8632417
v 2.4015825 0.6220013 0.8618687
v 2.4005980 0.6230000 0.8617013
v 2.4005961 0.6220436 0.8619642
v 2.4003077 0.6212672 0.8634096
v 2.4014595 0.6212672 0.8625924
v 2.4005096 0.6215268 0.8624737
v 2.3997512 0.6230000 0.8623019
v 2.3995838 0.6220013 0.8632865
v 2.4000001 0.6220436 0.8623871
v 2.4009569 0.6210001 0.8655487
v 2.4006217 0.6230000 0.8675203
v 2.3989851 0.6230000 0.8652134
v 2.4007895 0.6212672 0.8665332
v 2.3999722 0.6212672 0.8653812
v 2.3998537 0.6215268 0.8663312
v 2.3996818 0.6230000 0.8670896
v 2.4006665 0.6220013 0.8672569
v 2.3997669 0.6220436 0.8668408
v 2.3992486 0.6220013 0.8652582
v 2.3990812 0.6230000 0.8662428
v 2.3993442 0.6220436 0.8662446
v 2.4016273 0.7990000 0.8616053
v 2.3993204 0.7990000 0.8632417
v 2.4012921 0.8010000 0.8635769
v 2.4005980 0.7990000 0.8617013
v 2.4015825 0.7999987 0.8618687
v 2.4005961 0.7999564 0.8619642
v 2.3995838 0.7999987 0.8632865
v 2.3997512 0.7990000 0.8623019
v 2.4000001 0.7999564 0.8623871
v 2.4014595 0.8007329 0.8625924
v 2.4003077 0.8007329 0.8634096
v 2.4005096 0.8004733 0.8624737
v 2.4006217 0.7990000 0.8675203
v 2.4009569 0.8010000 0.8655487
v 2.3989851 0.7990000 0.8652134
v 2.4006665 0.7999987 0.8672569
v 2.3996818 0.7990000 0.8670896
v 2.3997669 0.7999564 0.8668408
v 2.3999722 0.8007329 0.8653812
v 2.4007895 0.8007329 0.8665332
v 2.3998537 0.8004733 0.8663312
v 2.3990812 0.7990000 0.8662428
v 2.3992486 0.7999987 0.8652582
v 2.3993442 0.7999564 0.8662446
v 2.5117490 0.6230000 0.8803298
v 2.5133855 0.6230000 0.8826368
v 2.5114138 0.6210001 0.8823015
v 2.5126889 0.6230000 0.8807606
v 2.5117042 0.6220013 0.8805932
v 2.5126038 0.6220436 0.8810094
v 2.5131221 0.6220013 0.8825920
v 2.5132895 0.6230000 0.8816074
v 2.5130265 0.6220436 0.8816056
v 2.5115812 0.6212672 0.8813170
v 2.5123985 0.6212672 0.8824689
v 2.5125170 0.6215267 0.8815190
v 2.5107434 0.6230000 0.8862449
v 2.5110786 0.6210001 0.8842732
v 2.5130503 0.6230000 0.8846085
v 2.5107882 0.6220013 0.8859815
v 2.5117726 0.6230000 0.8861489
v 2.5117745 0.6220436 0.8858860
v 2.5120630 0.6212672 0.8844406
v 2.5109112 0.6212672 0.8852578
v 2.5118611 0.6215268 0.8853765
v 2.5126195 0.6230000 0.8855482
v 2.5127869 0.6220013 0.8845637
v 2.5123706 0.6220436 0.8854631
v 2.5117490 0.7990000 0.8803298
v 2.5114138 0.8010000 0.8823015
v 2.5133855 0.7990000 0.8826368
v 2.5117042 0.7999987 0.8805932
v 2.5126889 0.7990000 0.8807606
v 2.5126038 0.7999564 0.8810094
v 2.5123985 0.8007329 0.8824689
v 2.5115812 0.8007329 0.8813170
v 2.5125170 0.8004733 0.8815190
v 2.5132895 0.7990000 0.8816074
v 2.5131221 0.7999987 0.8825920
v 2.5130265 0.7999564 0.8816056
v 2.5107434 0.7990000 0.8862449
v 2.5130503 0.7990000 0.8846085
v 2.5110786 0.8010000 0.8842732
v 2.5117726 0.7990000 0.8861489
v 2.5107882 0.7999987 0.8859815
v 2.5117745 0.7999564 0.8858860
v 2.5127869 0.7999987 0.8845637
v 2.5126195 0.7990000 0.8855482
v 2.5123706 0.7999564 0.8854631
v 2.5109112 0.8007329 0.8852578
v 2.5120630 0.8007329 0.8844406
v 2.5118611 0.8004733 0.8853765
f 6085 6088 6090
f 6085 6090 6089
f 6088 6092 6093
f 6088 6093 6090
f 6086 6091 6093
f 6086 6093 6092
f 6091 6095 6096
f 6091 6096 6093
f 6087 6094 6096
f 6087 6096 6095
f 6094 6089 6090
f 6094 6090 6096
f 6090 6093 6096
f 6097 6100 6102
f 6097 6102 6101
f 6100 6104 6105
f 6100 6105 6102
f 6098 6103 6105
f 6098 6105 6104
f 6103 6107 6108
f 6103 6108 6105
f 6099 6106 6108
f 6099 6108 6107
f 6106 6101 6102
f 6106 6102 6108
f 6102 6105 6108
f 6109 6112 6114
f 6109 6114 6113
f 6112 6116 6117
f 6112 6117 6114
f 6110 6115 6117
f 6110 6117 6116
f 6115 6119 6120
f 6115 6120 6117
f 6111 6118 6120
f 6111 6120 6119
f 6118 6113 6114
f 6118 6114 6120
f 6114 6117 6120
f 6121 6124 6126
f 6121 6126 6125
f 6124 6128 6129
f 6124 6129 6126
f 6122 6127 6129
f 6122 6129 6128
f 6127 6131 6132
f 6127 6132 6129
f 6123 6130 6132
f 6123 6132 6131
f 6130 6125 6126
f 6130 6126 6132
f 6126 6129 6132
f 6133 6136 6138
f 6133 6138 6137
f 6136 6140 6141
f 6136 6141 6138
f 6134 6139 6141
f 6134 6141 6140
f 6139 6143 6144
f 6139 6144 6141
f 6135 6142 6144
f 6135 6144 6143
f 6142 6137 6138
f 6142 6138 6144
f 6138 6141 6144
f 6145 6148 6150
f 6145 6150 6149
f 6148 6152 6153
f 6148 6153 6150
f 6146 6151 6153
f 6146 6153 6152
f 6151 6155 6156
f 6151 6156 6153
f 6147 6154 6156
f 6147 6156 6155
f 6154 6149 6150
f 6154 6150 6156
f 6150 6153 6156
f 6157 6160 6162
f 6157 6162 6161
f 6160 6164 6165
f 6160 6165 6162
f 6158 6163 6165
f 6158 6165 6164
f 6163 6167 6168
f 6163 6168 6165
f 6159 6166 6168
f 6159 6168 6167
f 6166 6161 6162
f 6166 6162 6168
f 6162 6165 6168
f 6169 6172 6174
f 6169 6174 6173
f 6172 6176 6177
f 6172 6177 6174
f 6170 6175 6177
f 6170 6177 6176
f 6175 6179 6180
f 6175 6180 6177
f 6171 6178 6180
f 6171 6180 6179
f 6178 6173 6174
f 6178 6174 6180
f 6174 6177 6180
f 6109 6085 6089
f 6109 6089 6112
f 6112 6089 6094
f 6112 6094 6116
f 6116 6094 6087
f 6116 6087 6110
f 6086 6097 6101
f 6086 6101 6091
f 6091 6101 6106
f 6091 6106 6095
f 6095 6106 6099
f 6095 6099 6087
f 6098 6121 6125
f 6098 6125 6103
f 6103 6125 6130
f 6103 6130 6107
f 6107 6130 6123
f 6107 6123 6099
f 6122 6111 6119
f 6122 6119 6127
f 6127 6119 6115
f 6127 6115 6131
f 6131 6115 6110
f 6131 6110 6123
f 6157 6109 6113
f 6157 6113 6160
f 6160 6113 6118
f 6160 6118 6164
f 6164 6118 6111
f 6164 6111 6158
f 6121 6169 6173
f 6121 6173 6124
f 6124 6173 6178
f 6124 6178 6128
f 6128 6178 6171
f 6128 6171 6122
f 6170 6159 6167
f 6170 6167 6175
f 6175 6167 6163
f 6175 6163 6179
f 6179 6163 6158
f 6179 6158 6171
f 6133 6157 6161
f 6133 6161 6136
f 6136 6161 6166
f 6136 6166 6140
f 6140 6166 6159
f 6140 6159 6134
f 6169 6145 6149
f 6169 6149 6172
f 6172 6149 6154
f 6172 6154 6176
f 6176 6154 6147
f 6176 6147 6170
f 6146 6135 6143
f 6146 6143 6151
f 6151 6143 6139
f 6151 6139 6155
f 6155 6139 6134
f 6155 6134 6147
f 6085 6133 6137
f 6085 6137 6088
f 6088 6137 6142
f 6088 6142 6092
f 6092 6142 6135
f 6092 6135 6086
f 6145 6098 6104
f 6145 6104 6148
f 6148 6104 6100
f 6148 6100 6152
f 6152 6100 6097
f 6152 6097 6146
f 6109 6157 6133
f 6109 6133 6085
f 6087 6099 6123
f 6087 6123 6110
f 6135 6146 6097
f 6135 6097 6086
f 6169 6121 6098
f 6169 6098 6145
f 6111 6122 6171
f 6111 6171 6158
f 6159 6170 6147
f 6159 6147 6134
v 2.3024201 0.6230000 0.8210957
v 2.3016725 0.6210001 0.8229507
v 2.2998176 0.6230000 0.8222031
v 2.3023202 0.6220013 0.8213435
v 2.3013940 0.6230000 0.8209702
v 2.3013361 0.6220436 0.8212267
v 2.3007462 0.6212672 0.8225774
v 2.3020458 0.6212672 0.8220244
v 2.3011429 0.6215268 0.8217061
v 2.3004386 0.6230000 0.8213767
v 2.3000653 0.6220013 0.8223030
v 2.3006635 0.6220436 0.8215129
v 2.3009250 0.6210001 0.8248057
v 2.3001773 0.6230000 0.8266608
v 2.2990699 0.6230000 0.8240581
v 2.3005517 0.6212672 0.8257321
v 2.2999988 0.6212672 0.8244324
v 2.2996802 0.6215268 0.8253353
v 2.2993510 0.6230000 0.8260396
v 2.3002772 0.6220013 0.8264129
v 2.2994871 0.6220436 0.8258147
v 2.2993178 0.6220013 0.8241580
v 2.2989445 0.6230000 0.8250843
v 2.2992010 0.6220436 0.8251421
v 2.3024201 0.7990000 0.8210957
v 2.2998176 0.7990000 0.8222031
v 2.3016725 0.8010000 0.8229507
v 2.3013940 0.7990000 0.8209702
v 2.3023202 0.7999987 0.8213435
v 2.3013361 0.7999564 0.8212267
v 2.3000653 0.7999987 0.8223030
v 2.3004386 0.7990000 0.8213767
v 2.3006635 0.7999564 0.8215129
v 2.3020458 0.8007329 0.8220244
v 2.3007462 0.8007329 0.8225774
v 2.3011429 0.8004733 0.8217061
v 2.3001773 0.7990000 0.8266608
v 2.3009250 0.8010000 0.8248057
v 2.2990699 0.7990000 0.8240581
v 2.3002772 0.7999987 0.8264129
v 2.2993510 0.7990000 0.8260396
v 2.2994871 0.7999564 0.8258147
v 2.2999988 0.8007329 0.8244324
v 2.3005517 0.8007329 0.8257321
v 2.2996802 0.8004733 0.8253353
v 2.2989445 0.7990000 0.8250843
v 2.2993178 0.7999987 0.8241580
v 2.2992010 0.7999564 0.8251421
v 2.4060252 0.6230000 0.8628497
v 2.4071326 0.6230000 0.8654523
v 2.4052775 0.6210001 0.8647047
v 2.4068515 0.6230000 0.8634709
v 2.4059253 0.6220013 0.8630975
v 2.4067154 0.6220436 0.8636958
v 2.4068847 0.6220013 0.8653525
v 2.4072580 0.6230000 0.8644261
v 2.4070015 0.6220436 0.8643683
v 2.4056509 0.6212672 0.8637784
v 2.4062037 0.6212672 0.8650780
v 2.4065223 0.6215267 0.8641751
v 2.4037824 0.6230000 0.8684148
v 2.4045300 0.6210001 0.8665597
v 2.4063849 0.6230000 0.8673074
v 2.4038823 0.6220013 0.8681669
v 2.4048085 0.6230000 0.8685402
v 2.4048665 0.6220436 0.8682837
v 2.4054563 0.6212672 0.8669330
v 2.4041567 0.6212672 0.8674861
v 2.4050596 0.6215268 0.8678043
v 2.4057639 0.6230000 0.8681338
v 2.4061372 0.6220013 0.8672075
v 2.4055390 0.6220436 0.8679975
v 2.4060252 0.7990000 0.8628497
v 2.4052775 0.8010000 0.8647047
v 2.4071326 0.7990000 0.8654523
v 2.4059253 0.7999987 0.8630975
v 2.4068515 0.7990000 0.8634709
v 2.4067154 0.7999564 0.8636958
v 2.4062037 0.8007329 0.8650780
v 2.4056509 0.8007329 0.8637784
v 2.4065223 0.8004733 0.8641751
v 2.4072580 0.7990000 0.8644261
v 2.4068847 0.7999987 0.8653525
v 2.4070015 0.7999564 0.8643683
v 2.4037824 0.7990000 0.8684148
v 2.4063849 0.7990000 0.8673074
v 2.4045300 0.8010000 0.8665597
v 2.4048085 0.7990000 0.8685402
v 2.4038823 0.7999987 0.8681669
v 2.4048665 0.7999564 0.8682837
v 2.4061372 0.7999987 0.8672075
v 2.4057639 0.7990000 0.8681338
v 2.4055390 0.7999564 0.8679975
v 2.4041567 0.8007329 0.8674861
v 2.4054563 0.8007329 0.8669330
v 2.4050596 0.8004733 0.8678043
f 6181 6184 6186
f 6181 6186 6185
f 6184 6188 6189
f 6184 6189 6186
f 6182 6187 6189
f 6182 6189 6188
f 6187 6191 6192
f 6187 6192 6189
f 6183 6190 6192
f 6183 6192 6191
f 6190 6185 6186
f 6190 6186 6192
f 6186 6189 6192
f 6193 6196 6198
f 6193 6198 6197
f 6196 6200 6201
f 6196 6201 6198
f 6194 6199 6201
f 6194 6201 6200
f 6199 6203 6204
f 6199 6204 6201
f 6195 6202 6204
f 6195 6204 6203
f 6202 6197 6198
f 6202 6198 6204
f 6198 6201 6204
f 6205 6208 6210
f 6205 6210 6209
f 6208 6212 6213
f 6208 6213 6210
f 6206 6211 6213
f 6206 6213 6212
f 6211 6215 6216
f 6211 6216 6213
f 6207 6214 6216
f 6207 6216 6215
f 6214 6209 6210
f 6214 6210 6216
f 6210 6213 6216
f 6217 6220 6222
f 6217 6222 6221
f 6220 6224 6225
f 6220 6225 6222
f 6218 6223 6225
f 6218 6225 6224
f 6223 6227 6228
f 6223 6228 6225
f 6219 6226 6228
f 6219 6228 6227
f 6226 6221 6222
f 6226 6222 6228
f 6222 6225 6228
f 6229 6232 6234
f 6229 6234 6233
f 6232 6236 6237
f 6232 6237 6234
f 6230 6235 6237
f 6230 6237 6236
f 6235 6239 6240
f 6235 6240 6237
f 6231 6238 6240
f 6231 6240 6239
f 6238 6233 6234
f 6238 6234 6240
f 6234 6237 6240
f 6241 6244 6246
f 6241 6246 6245
f 6244 6248 6249
f 6244 6249 6246
f 6242 6247 6249
f 6242 6249 6248
f 6247 6251 6252
f 6247 6252 6249
f 6243 6250 6252
f 6243 6252 6251
f 6250 6245 6246
f 6250 6246 6252
f 6246 6249 6252
f 6253 6256 6258
f 6253 6258 6257
f 6256 6260 6261
f 6256 6261 6258
f 6254 6259 6261
f 6254 6261 6260
f 6259 6263 6264
f 6259 6264 6261
f 6255 6262 6264
f 6255 6264 6263
f 6262 6257 6258
f 6262 6258 6264
f 6258 6261 6264
f 6265 6268 6270
f 6265 6270 6269
f 6268 6272 6273
f 6268 6273 6270
f 6266 6271 6273
f 6266 6273 6272
f 6271 6275 6276
f 6271 6276 6273
f 6267 6274 6276
f 6267 6276 6275
f 6274 6269 6270
f 6274 6270 6276
f 6270 6273 6276
f 6205 6181 6185
f 6205 6185 6208
f 6208 6185 6190
f 6208 6190 6212
f 6212 6190 6183
f 6212 6183 6206
f 6182 6193 6197
f 6182 6197 6187
f 6187 6197 6202
f 6187 6202 6191
f 6191 6202 6195
f 6191 6195 6183
f 6194 6217 6221
f 6194 6221 6199
f 6199 6221 6226
f 6199 6226 6203
f 6203 6226 6219
f 6203 6219 6195
f 6218 6207 6215
f 6218 6215 6223
f 6223 6215 6211
f 6223 6211 6227
f 6227 6211 6206
f 6227 6206 6219
f 6253 6205 6209
f 6253 6209 6256
f 6256 6209 6214
f 6256 6214 6260
f 6260 6214 6207
f 6260 6207 6254
f 6217 6265 6269
f 6217 6269 6220
f 6220 6269 6274
f 6220 6274 6224
f 6224 6274 6267
f 6224 6267 6218
f 6266 6255 6263
f 6266 6263 6271
f 6271 6263 6259
f 6271 6259 6275
f 6275 6259 6254
f 6275 6254 6267
f 6229 6253 6257
f 6229 6257 6232
f 6232 6257 6262
f 6232 6262 6236
f 6236 6262 6255
f 6236 6255 6230
f 6265 6241 6245
f 6265 6245 6268
f 6268 6245 6250
f 6268 6250 6272
f 6272 6250 6243
f 6272 6243 6266
f 6242 6231 6239
f 6242 6239 6247
f 6247 6239 6235
f 6247 6235 6251
f 6251 6235 6230
f 6251 6230 6243
f 6181 6229 6233
f 6181 6233 6184
f 6184 6233 6238
f 6184 6238 6188
f 6188 6238 6231
f 6188 6231 6182
f 6241 6194 6200
f 6241 6200 6244
f 6244 6200 6196
f 6244 6196 6248
f 6248 6196 6193
f 6248 6193 6242
f 6205 6253 6229
f 6205 6229 6181
f 6183 6195 6219
f 6183 6219 6206
f 6231 6242 6193
f 6231 6193 6182
f 6265 6217 6194
f 6265 6194 6241
f 6207 6218 6267
f 6207 6267 6254
f 6255 6266 6243
f 6255 6243 6230
v 2.2141201 0.6230000 0.7603818
v 2.2129943 0.6210001 0.7620350
v 2.2113411 0.6230000 0.7609094
v 2.2139697 0.6220013 0.7606027
v 2.2131441 0.6230000 0.7600406
v 2.2130330 0.6220436 0.7602789
v 2.2121689 0.6212672 0.7614729
v 2.2135565 0.6212672 0.7612095
v 2.2127421 0.6215268 0.7607061
v 2.2121241 0.6230000 0.7602342
v 2.2115622 0.6220013 0.7610598
v 2.2123148 0.6220436 0.7604153
v 2.2118688 0.6210001 0.7636882
v 2.2107432 0.6230000 0.7653413
v 2.2102156 0.6230000 0.7625626
v 2.2113068 0.6212672 0.7645137
v 2.2110434 0.6212672 0.7631261
v 2.2105401 0.6215268 0.7639405
v 2.2100680 0.6230000 0.7645584
v 2.2108936 0.6220013 0.7651205
v 2.2102492 0.6220436 0.7643677
v 2.2104366 0.6220013 0.7627130
v 2.2098744 0.6230000 0.7635385
v 2.2101128 0.6220436 0.7636496
v 2.2141201 0.7990000 0.7603818
v 2.2113411 0.7990000 0.7609094
v 2.2129943 0.8010000 0.7620350
v 2.2131441 0.7990000 0.7600406
v 2.2139697 0.7999987 0.7606027
v 2.2130330 0.7999564 0.7602789
v 2.2115622 0.7999987 0.7610598
v 2.2121241 0.7990000 0.7602342
v 2.2123148 0.7999564 0.7604153
v 2.2135565 0.8007329 0.7612095
v 2.2121689 0.8007329 0.7614729
v 2.2127421 0.8004733 0.7607061
v 2.2107432 0.7990000 0.7653413
v 2.2118688 0.8010000 0.7636882
v 2.2102156 0.7990000 0.7625626
v 2.2108936 0.7999987 0.7651205
v 2.2100680 0.7990000 0.7645584
v 2.2102492 0.7999564 0.7643677
v 2.2110434 0.8007329 0.7631261
v 2.2113068 0.8007329 0.7645137
v 2.2105401 0.8004733 0.7639405
v 2.2098744 0.7990000 0.7635385
v 2.2104366 0.7999987 0.7627130
v 2.2101128 0.7999564 0.7636496
v 2.3064520 0.6230000 0.8232484
v 2.3069797 0.6230000 0.8260272
v 2.3053265 0.6210001 0.8249016
v 2.3071272 0.6230000 0.8240314
v 2.3063016 0.6220013 0.8234693
v 2.3069460 0.6220436 0.8242221
v 2.3067586 0.6220013 0.8258768
v 2.3073208 0.6230000 0.8250513
v 2.3070824 0.6220436 0.8249402
v 2.3058884 0.6212672 0.8240761
v 2.3061519 0.6212672 0.8254637
v 2.3066552 0.6215267 0.8246493
v 2.3030751 0.6230000 0.8282080
v 2.3042009 0.6210001 0.8265548
v 2.3058541 0.6230000 0.8276804
v 2.3032255 0.6220013 0.8279871
v 2.3040512 0.6230000 0.8285491
v 2.3041623 0.6220436 0.8283108
v 2.3050263 0.6212672 0.8271168
v 2.3036387 0.6212672 0.8273803
v 2.3044531 0.6215268 0.8278837
v 2.3050711 0.6230000 0.8283556
v 2.3056331 0.6220013 0.8275300
v 2.3048804 0.6220436 0.8281745
v 2.3064520 0.7990000 0.8232484
v 2.3053265 0.8010000 0.8249016
v 2.3069797 0.7990000 0.8260272
v 2.3063016 0.7999987 0.8234693
v 2.3071272 0.7990000 0.8240314
v 2.3069460 0.7999564 0.8242221
v 2.3061519 0.8007329 0.8254637
v 2.3058884 0.8007329 0.8240761
v 2.3066552 0.8004733 0.8246493
v 2.3073208 0.7990000 0.8250513
v 2.3067586 0.7999987 0.8258768
v 2.3070824 0.7999564 0.8249402
v 2.3030751 0.7990000 0.8282080
v 2.3058541 0.7990000 0.8276804
v 2.3042009 0.8010000 0.8265548
v 2.3040512 0.7990000 0.8285491
v 2.3032255 0.7999987 0.8279871
v 2.3041623 0.7999564 0.8283108
v 2.3056331 0.7999987 0.8275300
v 2.3050711 0.7990000 0.8283556
v 2.3048804 0.7999564 0.8281745
v 2.3036387 0.8007329 0.8273803
v 2.3050263 0.8007329 0.8271168
v 2.3044531 0.8004733 0.8278837
f 6277 6280 6282
f 6277 6282 6281
f 6280 6284 6285
f 6280 6285 6282
f 6278 6283 6285
f 6278 6285 6284
f 6283 6287 6288
f 6283 6288 6285
f 6279 6286 6288
f 6279 6288 6287
f 6286 6281 6282
f 6286 6282 6288
f 6282 6285 6288
f 6289 6292 6294
f 6289 6294 6293
f 6292 6296 6297
f 6292 6297 6294
f 6290 6295 6297
f 6290 6297 6296
f 6295 6299 6300
f 6295 6300 6297
f 6291 6298 6300
f 6291 6300 6299
f 6298 6293 6294
f 6298 6294 6300
f 6294 6297 6300
f 6301 6304 6306
f 6301 6306 6305
f 6304 6308 6309
f 6304 6309 6306
f 6302 6307 6309
f 6302 6309 6308
f 6307 6311 6312
f 6307 6312 6309
f 6303 6310 6312
f 6303 6312 6311
f 6310 6305 6306
f 6310 6306 6312
f 6306 6309 6312
f 6313 6316 6318
f 6313 6318 6317
f 6316 6320 6321
f 6316 6321 6318
f 6314 6319 6321
f 6314 6321 6320
f 6319 6323 6324
f 6319 6324 6321
f 6315 6322 6324
f 6315 6324 6323
f 6322 6317 6318
f 6322 6318 6324
f 6318 6321 6324
f 6325 6328 6330
f 6325 6330 6329
f 6328 6332 6333
f 6328 6333 6330
f 6326 6331 6333
f 6326 6333 6332
f 6331 6335 6336
f 6331 6336 6333
f 6327 6334 6336
f 6327 6336 6335
f 6334 6329 6330
f 6334 6330 6336
f 6330 6333 6336
f 6337 6340 6342
f 6337 6342 6341
f 6340 6344 6345
f 6340 6345 6342
f 6338 6343 6345
f 6338 6345 6344
f 6343 6347 6348
f 6343 6348 6345
f 6339 6346 6348
f 6339 6348 6347
f 6346 6341 6342
f 6346 6342 6348
f 6342 6345 6348
f 6349 6352 6354
f 6349 6354 6353
f 6352 6356 6357
f 6352 6357 6354
f 6350 6355 6357
f 6350 6357 6356
f 6355 6359 6360
f 6355 6360 6357
f 6351 6358 6360
f 6351 6360 6359
f 6358 6353 6354
f 6358 6354 6360
f 6354 6357 6360
f 6361 6364 6366
f 6361 6366 6365
f 6364 6368 6369
f 6364 6369 6366
f 6362 6367 6369
f 6362 6369 6368
f 6367 6371 6372
f 6367 6372 6369
f 6363 6370 6372
f 6363 6372 6371
f 6370 6365 6366
f 6370 6366 6372
f 6366 6369 6372
f 6301 6277 6281
f 6301 6281 6304
f 6304 6281 6286
f 6304 6286 6308
f 6308 6286 6279
f 6308 6279 6302
f 6278 6289 6293
f 6278 6293 6283
f 6283 6293 6298
f 6283 6298 6287
f 6287 6298 6291
f 6287 6291 6279
f 6290 6313 6317
f 6290 6317 6295
f 6295 6317 6322
f 6295 6322 6299
f 6299 6322 6315
f 6299 6315 6291
f 6314 6303 6311
f 6314 6311 6319
f 6319 6311 6307
f 6319 6307 6323
f 6323 6307 6302
f 6323 6302 6315
f 6349 6301 6305
f 6349 6305 6352
f 6352 6305 6310
f 6352 6310 6356
f 6356 6310 6303
f 6356 6303 6350
f 6313 6361 6365
f 6313 6365 6316
f 6316 6365 6370
f 6316 6370 6320
f 6320 6370 6363
f 6320 6363 6314
f 6362 6351 6359
f 6362 6359 6367
f 6367 6359 6355
f 6367 6355 6371
f 6371 6355 6350
f 6371 6350 6363
f 6325 6349 6353
f 6325 6353 6328
f 6328 6353 6358
f 6328 6358 6332
f 6332 6358 6351
f 6332 6351 6326
f 6361 6337 6341
f 6361 6341 6364
f 6364 6341 6346
f 6364 6346 6368
f 6368 6346 6339
f 6368 6339 6362
f 6338 6327 6335
f 6338 6335 6343
f 6343 6335 6331
f 6343 6331 6347
f 6347 6331 6326
f 6347 6326 6339
f 6277 6325 6329
f 6277 6329 6280
f 6280 6329 6334
f 6280 6334 6284
f 6284 6334 6327
f 6284 6327 6278
f 6337 6290 6296
f 6337 6296 6340
f 6340 6296 6292
f 6340 6292 6344
f 6344 6292 6289
f 6344 6289 6338
f 6301 6349 6325
f 6301 6325 6277
f 6279 6291 6315
f 6279 6315 6302
f 6327 6338 6289
f 6327 6289 6278
f 6361 6313 6290
f 6361 6290 6337
f 6303 6314 6363
f 6303 6363 6350
f 6351 6362 6339
f 6351 6339 6326
v 2.1407807 0.6230000 0.6822510
v 2.1393287 0.6210001 0.6836264
v 2.1379533 0.6230000 0.6821744
v 2.1405866 0.6220013 0.6824347
v 2.1398997 0.6230000 0.6817097
v 2.1397405 0.6220436 0.6819189
v 2.1386418 0.6212672 0.6829014
v 2.1400537 0.6212672 0.6829396
v 2.1393652 0.6215268 0.6822743
v 2.1388619 0.6230000 0.6816816
v 2.1381369 0.6220013 0.6823685
v 2.1390097 0.6220436 0.6818991
v 2.1378767 0.6210001 0.6850019
v 2.1364248 0.6230000 0.6863773
v 2.1365013 0.6230000 0.6835499
v 2.1371517 0.6212672 0.6856887
v 2.1371899 0.6212672 0.6842768
v 2.1365247 0.6215268 0.6849653
v 2.1359320 0.6230000 0.6854686
v 2.1366186 0.6220013 0.6861935
v 2.1361494 0.6220436 0.6853207
v 2.1366849 0.6220013 0.6837439
v 2.1359599 0.6230000 0.6844307
v 2.1361692 0.6220436 0.6845900
v 2.1407807 0.7990000 0.6822510
v 2.1379533 0.7990000 0.6821744
v 2.1393287 0.8010000 0.6836264
v 2.1398997 0.7990000 0.6817097
v 2.1405866 0.7999987 0.6824347
v 2.1397405 0.7999564 0.6819189
v 2.1381369 0.7999987 0.6823685
v 2.1388619 0.7990000 0.6816816
v 2.1390097 0.7999564 0.6818991
v 2.1400537 0.8007329 0.6829396
v 2.1386418 0.8007329 0.6829014
v 2.1393652 0.8004733 0.6822743
v 2.1364248 0.7990000 0.6863773
v 2.1378767 0.8010000 0.6850019
v 2.1365013 0.7990000 0.6835499
v 2.1366186 0.7999987 0.6861935
v 2.1359320 0.7990000 0.6854686
v 2.1361494 0.7999564 0.6853207
v 2.1371899 0.8007329 0.6842768
v 2.1371517 0.8007329 0.6856887
v 2.1365247 0.8004733 0.6849653
v 2.1359599 0.7990000 0.6844307
v 2.1366849 0.7999987 0.6837439
v 2.1361692 0.7999564 0.6845900
v 2.2176006 0.6230000 0.7633440
v 2.2175241 0.6230000 0.7661714
v 2.2161486 0.6210001 0.7647195
v 2.2180934 0.6230000 0.7642528
v 2.2174067 0.6220013 0.7635278
v 2.2178760 0.6220436 0.7644006
v 2.2173405 0.6220013 0.7659774
v 2.2180655 0.6230000 0.7652906
v 2.2178562 0.6220436 0.7651313
v 2.2168736 0.6212672 0.7640327
v 2.2168355 0.6212672 0.7654445
v 2.2175007 0.6215267 0.7647561
v 2.2132447 0.6230000 0.7674704
v 2.2146966 0.6210001 0.7660949
v 2.2160721 0.6230000 0.7675469
v 2.2134387 0.6220013 0.7672866
v 2.2141256 0.6230000 0.7680116
v 2.2142849 0.6220436 0.7678025
v 2.2153835 0.6212672 0.7668200
v 2.2139716 0.6212672 0.7667817
v 2.2146602 0.6215268 0.7674470
v 2.2151635 0.6230000 0.7680397
v 2.2158885 0.6220013 0.7673529
v 2.2150156 0.6220436 0.7678222
v 2.2176006 0.7990000 0.7633440
v 2.2161486 0.8010000 0.7647195
v 2.2175241 0.7990000 0.7661714
v 2.2174067 0.7999987 0.7635278
v 2.2180934 0.7990000 0.7642528
v 2.2178760 0.7999564 0.7644006
v 2.2168355 0.8007329 0.7654445
v 2.2168736 0.8007329 0.7640327
v 2.2175007 0.8004733 0.7647561
v 2.2180655 0.7990000 0.7652906
v 2.2173405 0.7999987 0.7659774
v 2.2178562 0.7999564 0.7651313
v 2.2132447 0.7990000 0.7674704
v 2.2160721 0.7990000 0.7675469
v 2.2146966 0.8010000 0.7660949
v 2.2141256 0.7990000 0.7680116
v 2.2134387 0.7999987 0.7672866
v 2.2142849 0.7999564 0.7678025
v 2.2158885 0.7999987 0.7673529
v 2.2151635 0.7990000 0.7680397
v 2.2150156 0.7999564 0.7678222
v 2.2139716 0.8007329 0.7667817
v 2.2153835 0.8007329 0.7668200
v 2.2146602 0.8004733 0.7674470
f 6373 6376 6378
f 6373 6378 6377
f 6376 6380 6381
f 6376 6381 6378
f 6374 6379 6381
f 6374 6381 6380
f 6379 6383 6384
f 6379 6384 6381
f 6375 6382 6384
f 6375 6384 6383
f 6382 6377 6378
f 6382 6378 6384
f 6378 6381 6384
f 6385 6388 6390
f 6385 6390 6389
f 6388 6392 6393
f 6388 6393 6390
f 6386 6391 6393
f 6386 6393 6392
f 6391 6395 6396
f 6391 6396 6393
f 6387 6394 6396
f 6387 6396 6395
f 6394 6389 6390
f 6394 6390 6396
f 6390 6393 6396
f 6397 6400 6402
f 6397 6402 6401
f 6400 6404 6405
f 6400 6405 6402
f 6398 6403 6405
f 6398 6405 6404
f 6403 6407 6408
f 6403 6408 6405
f 6399 6406 6408
f 6399 6408 6407
f 6406 6401 6402
f 6406 6402 6408
f 6402 6405 6408
f 6409 6412 6414
f 6409 6414 6413
f 6412 6416 6417
f 6412 6417 6414
f 6410 6415 6417
f 6410 6417 6416
f 6415 6419 6420
f 6415 6420 6417
f 6411 6418 6420
f 6411 6420 6419
f 6418 6413 6414
f 6418 6414 6420
f 6414 6417 6420
f 6421 6424 6426
f 6421 6426 6425
f 6424 6428 6429
f 6424 6429 6426
f 6422 6427 6429
f 6422 6429 6428
f 6427 6431 6432
f 6427 6432 6429
f 6423 6430 6432
f 6423 6432 6431
f 6430 6425 6426
f 6430 6426 6432
f 6426 6429 6432
f 6433 6436 6438
f 6433 6438 6437
f 6436 6440 6441
f 6436 6441 6438
f 6434 6439 6441
f 6434 6441 6440
f 6439 6443 6444
f 6439 6444 6441
f 6435 6442 6444
f 6435 6444 6443
f 6442 6437 6438
f 6442 6438 6444
f 6438 6441 6444
f 6445 6448 6450
f 6445 6450 6449
f 6448 6452 6453
f 6448 6453 6450
f 6446 6451 6453
f 6446 6453 6452
f 6451 6455 6456
f 6451 6456 6453
f 6447 6454 6456
f 6447 6456 6455
f 6454 6449 6450
f 6454 6450 6456
f 6450 6453 6456
f 6457 6460 6462
f 6457 6462 6461
f 6460 6464 6465
f 6460 6465 6462
f 6458 6463 6465
f 6458 6465 6464
f 6463 6467 6468
f 6463 6468 6465
f 6459 6466 6468
f 6459 6468 6467
f 6466 6461 6462
f 6466 6462 6468
f 6462 6465 6468
f 6397 6373 6377
f 6397 6377 6400
f 6400 6377 6382
f 6400 6382 6404
f 6404 6382 6375
f 6404 6375 6398
f 6374 6385 6389
f 6374 6389 6379
f 6379 6389 6394
f 6379 6394 6383
f 6383 6394 6387
f 6383 6387 6375
f 6386 6409 6413
f 6386 6413 6391
f 6391 6413 6418
f 6391 6418 6395
f 6395 6418 6411
f 6395 6411 6387
f 6410 6399 6407
f 6410 6407 6415
f 6415 6407 6403
f 6415 6403 6419
f 6419 6403 6398
f 6419 6398 6411
f 6445 6397 6401
f 6445 6401 6448
f 6448 6401 6406
f 6448 6406 6452
f 6452 6406 6399
f 6452 6399 6446
f 6409 6457 6461
f 6409 6461 6412
f 6412 6461 6466
f 6412 6466 6416
f 6416 6466 6459
f 6416 6459 6410
f 6458 6447 6455
f 6458 6455 6463
f 6463 6455 6451
f 6463 6451 6467
f 6467 6451 6446
f 6467 6446 6459
f 6421 6445 6449
f 6421 6449 6424
f 6424 6449 6454
f 6424 6454 6428
f 6428 6454 6447
f 6428 6447 6422
f 6457 6433 6437
f 6457 6437 6460
f 6460 6437 6442
f 6460 6442 6464
f 6464 6442 6435
f 6464 6435 6458
f 6434 6423 6431
f 6434 6431 6439
f 6439 6431 6427
f 6439 6427 6443
f 6443 6427 6422
f 6443 6422 6435
f 6373 6421 6425
f 6373 6425 6376
f 6376 6425 6430
f 6376 6430 6380
f 6380 6430 6423
f 6380 6423 6374
f 6433 6386 6392
f 6433 6392 6436
f 6436 6392 6388
f 6436 6388 6440
f 6440 6388 6385
f 6440 6385 6434
f 6397 6445 6421
f 6397 6421 6373
f 6375 6387 6411
f 6375 6411 6398
f 6423 6434 6385
f 6423 6385 6374
f 6457 6409 6386
f 6457 6386 6433
f 6399 6410 6459
f 6399 6459 6446
f 6447 6458 6435
f 6447 6435 6422
v 2.0857687 0.6230000 0.5902901
v 2.0840571 0.6210001 0.5913246
v 2.0830226 0.6230000 0.5896130
v 2.0855401 0.6220013 0.5904283
v 2.0850234 0.6230000 0.5895736
v 2.0848231 0.6220436 0.5897440
v 2.0835404 0.6212672 0.5904700
v 2.0849118 0.6212672 0.5908080
v 2.0843809 0.6215268 0.5900114
v 2.0840154 0.6230000 0.5893251
v 2.0831609 0.6220013 0.5898417
v 2.0841136 0.6220436 0.5895690
v 2.0823455 0.6210001 0.5923592
v 2.0806339 0.6230000 0.5933937
v 2.0813110 0.6230000 0.5906476
v 2.0814908 0.6212672 0.5928758
v 2.0818288 0.6212672 0.5915045
v 2.0810323 0.6215268 0.5920354
v 2.0803459 0.6230000 0.5924008
v 2.0808625 0.6220013 0.5932555
v 2.0805900 0.6220436 0.5923027
v 2.0814493 0.6220013 0.5908762
v 2.0805945 0.6230000 0.5913928
v 2.0807648 0.6220436 0.5915931
v 2.0857687 0.7990000 0.5902901
v 2.0830226 0.7990000 0.5896130
v 2.0840571 0.8010000 0.5913246
v 2.0850234 0.7990000 0.5895736
v 2.0855401 0.7999987 0.5904283
v 2.0848231 0.7999564 0.5897440
v 2.0831609 0.7999987 0.5898417
v 2.0840154 0.7990000 0.5893251
v 2.0841136 0.7999564 0.5895690
v 2.0849118 0.8007329 0.5908080
v 2.0835404 0.8007329 0.5904700
v 2.0843809 0.8004733 0.5900114
v 2.0806339 0.7990000 0.5933937
v 2.0823455 0.8010000 0.5923592
v 2.0813110 0.7990000 0.5906476
v 2.0808625 0.7999987 0.5932555
v 2.0803459 0.7990000 0.5924008
v 2.0805900 0.7999564 0.5923027
v 2.0818288 0.8007329 0.5915045
v 2.0814908 0.8007329 0.5928758
v 2.0810323 0.8004733 0.5920354
v 2.0805945 0.7990000 0.5913928
v 2.0814493 0.7999987 0.5908762
v 2.0807648 0.7999564 0.5915931
v 2.1435502 0.6230000 0.6858867
v 2.1428730 0.6230000 0.6886328
v 2.1418386 0.6210001 0.6869212
v 2.1438382 0.6230000 0.6868796
v 2.1433215 0.6220013 0.6860249
v 2.1435940 0.6220436 0.6869777
v 2.1427348 0.6220013 0.6884042
v 2.1435895 0.6230000 0.6878876
v 2.1434193 0.6220436 0.6876873
v 2.1426933 0.6212672 0.6864046
v 2.1423552 0.6212672 0.6877759
v 2.1431518 0.6215267 0.6872450
v 2.1384153 0.6230000 0.6889904
v 2.1401269 0.6210001 0.6879558
v 2.1411614 0.6230000 0.6896674
v 2.1386440 0.6220013 0.6888521
v 2.1391606 0.6230000 0.6897069
v 2.1393609 0.6220436 0.6895364
v 2.1406436 0.6212672 0.6888105
v 2.1392722 0.6212672 0.6884724
v 2.1398032 0.6215268 0.6892691
v 2.1401687 0.6230000 0.6899554
v 2.1410232 0.6220013 0.6894388
v 2.1400704 0.6220436 0.6897114
v 2.1435502 0.7990000 0.6858867
v 2.1418386 0.8010000 0.6869212
v 2.1428730 0.7990000 0.6886328
v 2.1433215 0.7999987 0.6860249
v 2.1438382 0.7990000 0.6868796
v 2.1435940 0.7999564 0.6869777
v 2.1423552 0.8007329 0.6877759
v 2.1426933 0.8007329 0.6864046
v 2.1431518 0.8004733 0.6872450
v 2.1435895 0.7990000 0.6878876
v 2.1427348 0.7999987 0.6884042
v 2.1434193 0.7999564 0.6876873
v 2.1384153 0.7990000 0.6889904
v 2.1411614 0.7990000 0.6896674
v 2.1401269 0.8010000 0.6879558
v 2.1391606 0.7990000 0.6897069
v 2.1386440 0.7999987 0.6888521
v 2.1393609 0.7999564 0.6895364
v 2.1410232 0.7999987 0.6894388
v 2.1401687 0.7990000 0.6899554
v 2.1400704 0.7999564 0.6897114
v 2.1392722 0.8007329 0.6884724
v 2.1406436 0.8007329 0.6888105
v 2.1398032 0.8004733 0.6892691
f 6469 6472 6474
f 6469 6474 6473
f 6472 6476 6477
f 6472 6477 6474
f 6470 6475 6477
f 6470 6477 6476
f 6475 6479 6480
f 6475 6480 6477
f 6471 6478 6480
f 6471 6480 6479
f 6478 6473 6474
f 6478 6474 6480
f 6474 6477 6480
f 6481 6484 6486
f 6481 6486 6485
f 6484 6488 6489
f 6484 6489 6486
f 6482 6487 6489
f 6482 6489 6488
f 6487 6491 6492
f 6487 6492 6489
f 6483 6490 6492
f 6483 6492 6491
f 6490 6485 6486
f 6490 6486 6492
f 6486 6489 6492
f 6493 6496 6498
f 6493 6498 6497
f 6496 6500 6501
f 6496 6501 6498
f 6494 6499 6501
f 6494 6501 6500
f 6499 6503 6504
f 6499 6504 6501
f 6495 6502 6504
f 6495 6504 6503
f 6502 6497 6498
f 6502 6498 6504
f 6498 6501 6504
f 6505 6508 6510
f 6505 6510 6509
f 6508 6512 6513
f 6508 6513 6510
f 6506 6511 6513
f 6506 6513 6512
f 6511 6515 6516
f 6511 6516 6513
f 6507 6514 6516
f 6507 6516 6515
f 6514 6509 6510
f 6514 6510 6516
f 6510 6513 6516
f 6517 6520 6522
f 6517 6522 6521
f 6520 6524 6525
f 6520 6525 6522
f 6518 6523 6525
f 6518 6525 6524
f 6523 6527 6528
f 6523 6528 6525
f 6519 6526 6528
f 6519 6528 6527
f 6526 6521 6522
f 6526 6522 6528
f 6522 6525 6528
f 6529 6532 6534
f 6529 6534 6533
f 6532 6536 6537
f 6532 6537 6534
f 6530 6535 6537
f 6530 6537 6536
f 6535 6539 6540
f 6535 6540 6537
f 6531 6538 6540
f 6531 6540 6539
f 6538 6533 6534
f 6538 6534 6540
f 6534 6537 6540
f 6541 6544 6546
f 6541 6546 6545
f 6544 6548 6549
f 6544 6549 6546
f 6542 6547 6549
f 6542 6549 6548
f 6547 6551 6552
f 6547 6552 6549
f 6543 6550 6552
f 6543 6552 6551
f 6550 6545 6546
f 6550 6546 6552
f 6546 6549 6552
f 6553 6556 6558
f 6553 6558 6557
f 6556 6560 6561
f 6556 6561 6558
f 6554 6559 6561
f 6554 6561 6560
f 6559 6563 6564
f 6559 6564 6561
f 6555 6562 6564
f 6555 6564 6563
f 6562 6557 6558
f 6562 6558 6564
f 6558 6561 6564
f 6493 6469 6473
f 6493 6473 6496
f 6496 6473 6478
f 6496 6478 6500
f 6500 6478 6471
f 6500 6471 6494
f 6470 6481 6485
f 6470 6485 6475
f 6475 6485 6490
f 6475 6490 6479
f 6479 6490 6483
f 6479 6483 6471
f 6482 6505 6509
f 6482 6509 6487
f 6487 6509 6514
f 6487 6514 6491
f 6491 6514 6507
f 6491 6507 6483
f 6506 6495 6503
f 6506 6503 6511
f 6511 6503 6499
f 6511 6499 6515
f 6515 6499 6494
f 6515 6494 6507
f 6541 6493 6497
f 6541 6497 6544
f 6544 6497 6502
f 6544 6502 6548
f 6548 6502 6495
f 6548 6495 6542
f 6505 6553 6557
f 6505 6557 6508
f 6508 6557 6562
f 6508 6562 6512
f 6512 6562 6555
f 6512 6555 6506
f 6554 6543 6551
f 6554 6551 6559
f 6559 6551 6547
f 6559 6547 6563
f 6563 6547 6542
f 6563 6542 6555
f 6517 6541 6545
f 6517 6545 6520
f 6520 6545 6550
f 6520 6550 6524
f 6524 6550 6543
f 6524 6543 6518
f 6553 6529 6533
f 6553 6533 6556
f 6556 6533 6538
f 6556 6538 6560
f 6560 6538 6531
f 6560 6531 6554
f 6530 6519 6527
f 6530 6527 6535
f 6535 6527 6523
f 6535 6523 6539
f 6539 6523 6518
f 6539 6518 6531
f 6469 6517 6521
f 6469 6521 6472
f 6472 6521 6526
f 6472 6526 6476
f 6476 6526 6519
f 6476 6519 6470
f 6529 6482 6488
f 6529 6488 6532
f 6532 6488 6484
f 6532 6484 6536
f 6536 6484 6481
f 6536 6481 6530
f 6493 6541 6517
f 6493 6517 6469
f 6471 6483 6507
f 6471 6507 6494
f 6519 6530 6481
f 6519 6481 6470
f 6553 6505 6482
f 6553 6482 6529
f 6495 6506 6555
f 6495 6555 6542
f 6543 6554 6531
f 6543 6531 6518
v -0.4531539 0.3750000 0.6043091
v -0.4531539 0.6310000 0.6043091
v -0.4577461 0.3750000 0.6033957
v -0.4577461 0.6310000 0.6033956
v -0.4616392 0.3750000 0.6007944
v -0.4616392 0.6310000 0.6007944
v -0.4642405 0.3750000 0.5969014
v -0.4642405 0.6310000 0.5969013
v -0.4651539 0.3750000 0.5923091
v -0.4651539 0.6310000 0.5923091
v -0.4642405 0.3750000 0.5877169
v -0.4642405 0.6310000 0.5877169
v -0.4616392 0.3750000 0.5838239
v -0.4616392 0.6310000 0.5838238
v -0.4577461 0.3750000 0.5812226
v -0.4577461 0.6310000 0.5812225
v -0.4531539 0.3750000 0.5803092
v -0.4531539 0.6310000 0.5803091
v -0.4485617 0.3750000 0.5812226
v -0.4485617 0.6310000 0.5812225
v -0.4446686 0.3750000 0.5838239
v -0.4446686 0.6310000 0.5838238
v -0.4420674 0.3750000 0.5877169
v -0.4420674 0.6310000 0.5877169
v -0.4411539 0.3750000 0.5923091
v -0.4411539 0.6310000 0.5923091
v -0.4420674 0.3750000 0.5969014
v -0.4420674 0.6310000 0.5969013
v -0.4446686 0.3750000 0.6007944
v -0.4446686 0.6310000 0.6007944
v -0.4485617 0.3750000 0.6033957
v -0.4485617 0.6310000 0.6033956
f 6565 6566 6568
f 6565 6568 6567
f 6567 6568 6570
f 6567 6570 6569
f 6569 6570 6572
f 6569 6572 6571
f 6571 6572 6574
f 6571 6574 6573
f 6573 6574 6576
f 6573 6576 6575
f 6575 6576 6578
f 6575 6578 6577
f 6577 6578 6580
f 6577 6580 6579
f 6579 6580 6582
f 6579 6582 6581
f 6581 6582 6584
f 6581 6584 6583
f 6583 6584 6586
f 6583 6586 6585
f 6585 6586 6588
f 6585 6588 6587
f 6587 6588 6590
f 6587 6590 6589
f 6589 6590 6592
f 6589 6592 6591
f 6591 6592 6594
f 6591 6594 6593
f 6570 6568 6566
f 6566 6596 6594
f 6594 6592 6590
f 6590 6588 6586
f 6586 6584 6582
f 6582 6580 6578
f 6578 6576 6574
f 6574 6572 6570
f 6570 6566 6594
f 6594 6590 6586
f 6586 6582 6578
f 6578 6574 6570
f 6570 6594 6586
f 6586 6578 6570
f 6593 6594 6596
f 6593 6596 6595
f 6595 6596 6566
f 6595 6566 6565
f 6595 6565 6567
f 6567 6569 6571
f 6571 6573 6575
f 6575 6577 6579
f 6579 6581 6583
f 6583 6585 6587
f 6587 6589 6591
f 6591 6593 6595
f 6595 6567 6571
f 6571 6575 6579
f 6579 6583 6587
f 6587 6591 6595
f 6595 6571 6579
f 6579 6587 6595
v 0.4531539 0.3750000 0.6043091
v 0.4531539 0.6310000 0.6043091
v 0.4485617 0.3750000 0.6033957
v 0.4485617 0.6310000 0.6033956
v 0.4446686 0.3750000 0.6007944
v 0.4446686 0.6310000 0.6007944
v 0.4420674 0.3750000 0.5969014
v 0.4420674 0.6310000 0.5969013
v 0.4411539 0.3750000 0.5923091
v 0.4411539 0.6310000 0.5923091
v 0.4420674 0.3750000 0.5877169
v 0.4420674 0.6310000 0.5877169
v 0.4446686 0.3750000 0.5838239
v 0.4446686 0.6310000 0.5838238
v 0.4485617 0.3750000 0.5812226
v 0.4485617 0.6310000 0.5812225
v 0.4531539 0.3750000 0.5803092
v 0.4531539 0.6310000 0.5803091
v 0.4577461 0.3750000 0.5812226
v 0.4577461 0.6310000 0.5812225
v 0.4616392 0.3750000 0.5838239
v 0.4616392 0.6310000 0.5838238
v 0.4642405 0.3750000 0.5877169
v 0.4642405 0.6310000 0.5877169
v 0.4651539 0.3750000 0.5923091
v 0.4651539 0.6310000 0.5923091
v 0.4642405 0.3750000 0.5969014
v 0.4642405 0.6310000 0.5969013
v 0.4616392 0.3750000 0.6007944
v 0.4616392 0.6310000 0.6007944
v 0.4577461 0.3750000 0.6033957
v 0.4577461 0.6310000 0.6033956
f 6597 6598 6600
f 6597 6600 6599
f 6599 6600 6602
f 6599 6602 6601
f 6601 6602 6604
f 6601 6604 6603
f 6603 6604 6606
f 6603 6606 6605
f 6605 6606 6608
f 6605 6608 6607
f 6607 6608 6610
f 6607 6610 6609
f 6609 6610 6612
f 6609 6612 6611
f 6611 6612 6614
f 6611 6614 6613
f 6613 6614 6616
f 6613 6616 6615
f 6615 6616 6618
f 6615 6618 6617
f 6617 6618 6620
f 6617 6620 6619
f 6619 6620 6622
f 6619 6622 6621
f 6621 6622 6624
f 6621 6624 6623
f 6623 6624 6626
f 6623 6626 6625
f 6602 6600 6598
f 6598 6628 6626
f 6626 6624 6622
f 6622 6620 6618
f 6618 6616 6614
f 6614 6612 6610
f 6610 6608 6606
f 6606 6604 6602
f 6602 6598 6626
f 6626 6622 6618
f 6618 6614 6610
f 6610 6606 6602
f 6602 6626 6618
f 6618 6610 6602
f 6625 6626 6628
f 6625 6628 6627
f 6627 6628 6598
f 6627 6598 6597
f 6627 6597 6599
f 6599 6601 6603
f 6603 6605 6607
f 6607 6609 6611
f 6611 6613 6615
f 6615 6617 6619
f 6619 6621 6623
f 6623 6625 6627
f 6627 6599 6603
f 6603 6607 6611
f 6611 6615 6619
f 6619 6623 6627
f 6627 6603 6611
f 6611 6619 6627
v 0.3928670 0.6230000 0.6910982
v 0.3945722 0.6210001 0.6921432
v 0.3935272 0.6230000 0.6938484
v 0.3930948 0.6220013 0.6912378
v 0.3925730 0.6230000 0.6920893
v 0.3928163 0.6220436 0.6921889
v 0.3940504 0.6212672 0.6929947
v 0.3937207 0.6212672 0.6916214
v 0.3932570 0.6215268 0.6924589
v 0.3928153 0.6230000 0.6930988
v 0.3936669 0.6220013 0.6936206
v 0.3929870 0.6220436 0.6928996
v 0.3962775 0.6210001 0.6931882
v 0.3979828 0.6230000 0.6942332
v 0.3952325 0.6230000 0.6948935
v 0.3971290 0.6212672 0.6937100
v 0.3957557 0.6212672 0.6940397
v 0.3965933 0.6215268 0.6945034
v 0.3972332 0.6230000 0.6949451
v 0.3977550 0.6220013 0.6940936
v 0.3970340 0.6220436 0.6947734
v 0.3953721 0.6220013 0.6946656
v 0.3962237 0.6230000 0.6951874
v 0.3963232 0.6220436 0.6949441
v 0.3928670 0.7990000 0.6910982
v 0.3935272 0.7990000 0.6938484
v 0.3945722 0.8010000 0.6921432
v 0.3925730 0.7990000 0.6920893
v 0.3930948 0.7999987 0.6912378
v 0.3928163 0.7999564 0.6921889
v 0.3936669 0.7999987 0.6936206
v 0.3928153 0.7990000 0.6930988
v 0.3929870 0.7999564 0.6928996
v 0.3937207 0.8007329 0.6916214
v 0.3940504 0.8007329 0.6929947
v 0.3932570 0.8004733 0.6924589
v 0.3979828 0.7990000 0.6942332
v 0.3962775 0.8010000 0.6931882
v 0.3952325 0.7990000 0.6948935
v 0.3977550 0.7999987 0.6940936
v 0.3972332 0.7990000 0.6949451
v 0.3970340 0.7999564 0.6947734
v 0.3957557 0.8007329 0.6940397
v 0.3971290 0.8007329 0.6937100
v 0.3965933 0.8004733 0.6945034
v 0.3962237 0.7990000 0.6951874
v 0.3953721 0.7999987 0.6946656
v 0.3963232 0.7999564 0.6949441
v 0.4546573 0.6230000 0.5902654
v 0.4574076 0.6230000 0.5896051
v 0.4563626 0.6210001 0.5913104
v 0.4554070 0.6230000 0.5895535
v 0.4548852 0.6220013 0.5904050
v 0.4556062 0.6220436 0.5897251
v 0.4572680 0.6220013 0.5898330
v 0.4564165 0.6230000 0.5893111
v 0.4563169 0.6220436 0.5895545
v 0.4555111 0.6212672 0.5907886
v 0.4568844 0.6212672 0.5904589
v 0.4560469 0.6215267 0.5899952
v 0.4597732 0.6230000 0.5934004
v 0.4580679 0.6210001 0.5923554
v 0.4591129 0.6230000 0.5906501
v 0.4595454 0.6220013 0.5932608
v 0.4600672 0.6230000 0.5924093
v 0.4598238 0.6220436 0.5923097
v 0.4585897 0.6212672 0.5915039
v 0.4589194 0.6212672 0.5928772
v 0.4593831 0.6215268 0.5920396
v 0.4598248 0.6230000 0.5913997
v 0.4589733 0.6220013 0.5908780
v 0.4596532 0.6220436 0.5915989
v 0.4546573 0.7990000 0.5902654
v 0.4563626 0.8010000 0.5913104
v 0.4574076 0.7990000 0.5896051
v 0.4548852 0.7999987 0.5904050
v 0.4554070 0.7990000 0.5895535
v 0.4556062 0.7999564 0.5897251
v 0.4568844 0.8007329 0.5904589
v 0.4555111 0.8007329 0.5907886
v 0.4560469 0.8004733 0.5899952
v 0.4564165 0.7990000 0.5893111
v 0.4572680 0.7999987 0.5898330
v 0.4563169 0.7999564 0.5895545
v 0.4597732 0.7990000 0.5934004
v 0.4591129 0.7990000 0.5906501
v 0.4580679 0.8010000 0.5923554
v 0.4600672 0.7990000 0.5924093
v 0.4595454 0.7999987 0.5932608
v 0.4598238 0.7999564 0.5923097
v 0.4589733 0.7999987 0.5908780
v 0.4598248 0.7990000 0.5913997
v 0.4596532 0.7999564 0.5915990
v 0.4589194 0.8007329 0.5928772
v 0.4585897 0.8007329 0.5915039
v 0.4593831 0.8004733 0.5920396
f 6629 6632 6634
f 6629 6634 6633
f 6632 6636 6637
f 6632 6637 6634
f 6630 6635 6637
f 6630 6637 6636
f 6635 6639 6640
f 6635 6640 6637
f 6631 6638 6640
f 6631 6640 6639
f 6638 6633 6634
f 6638 6634 6640
f 6634 6637 6640
f 6641 6644 6646
f 6641 6646 6645
f 6644 6648 6649
f 6644 6649 6646
f 6642 6647 6649
f 6642 6649 6648
f 6647 6651 6652
f 6647 6652 6649
f 6643 6650 6652
f 6643 6652 6651
f 6650 6645 6646
f 6650 6646 6652
f 6646 6649 6652
f 6653 6656 6658
f 6653 6658 6657
f 6656 6660 6661
f 6656 6661 6658
f 6654 6659 6661
f 6654 6661 6660
f 6659 6663 6664
f 6659 6664 6661
f 6655 6662 6664
f 6655 6664 6663
f 6662 6657 6658
f 6662 6658 6664
f 6658 6661 6664
f 6665 6668 6670
f 6665 6670 6669
f 6668 6672 6673
f 6668 6673 6670
f 6666 6671 6673
f 6666 6673 6672
f 6671 6675 6676
f 6671 6676 6673
f 6667 6674 6676
f 6667 6676 6675
f 6674 6669 6670
f 6674 6670 6676
f 6670 6673 6676
f 6677 6680 6682
f 6677 6682 6681
f 6680 6684 6685
f 6680 6685 6682
f 6678 6683 6685
f 6678 6685 6684
f 6683 6687 6688
f 6683 6688 6685
f 6679 6686 6688
f 6679 6688 6687
f 6686 6681 6682
f 6686 6682 6688
f 6682 6685 6688
f 6689 6692 6694
f 6689 6694 6693
f 6692 6696 6697
f 6692 6697 6694
f 6690 6695 6697
f 6690 6697 6696
f 6695 6699 6700
f 6695 6700 6697
f 6691 6698 6700
f 6691 6700 6699
f 6698 6693 6694
f 6698 6694 6700
f 6694 6697 6700
f 6701 6704 6706
f 6701 6706 6705
f 6704 6708 6709
f 6704 6709 6706
f 6702 6707 6709
f 6702 6709 6708
f 6707 6711 6712
f 6707 6712 6709
f 6703 6710 6712
f 6703 6712 6711
f 6710 6705 6706
f 6710 6706 6712
f 6706 6709 6712
f 6713 6716 6718
f 6713 6718 6717
f 6716 6720 6721
f 6716 6721 6718
f 6714 6719 6721
f 6714 6721 6720
f 6719 6723 6724
f 6719 6724 6721
f 6715 6722 6724
f 6715 6724 6723
f 6722 6717 6718
f 6722 6718 6724
f 6718 6721 6724
f 6653 6629 6633
f 6653 6633 6656
f 6656 6633 6638
f 6656 6638 6660
f 6660 6638 6631
f 6660 6631 6654
f 6630 6641 6645
f 6630 6645 6635
f 6635 6645 6650
f 6635 6650 6639
f 6639 6650 6643
f 6639 6643 6631
f 6642 6665 6669
f 6642 6669 6647
f 6647 6669 6674
f 6647 6674 6651
f 6651 6674 6667
f 6651 6667 6643
f 6666 6655 6663
f 6666 6663 6671
f 6671 6663 6659
f 6671 6659 6675
f 6675 6659 6654
f 6675 6654 6667
f 6701 6653 6657
f 6701 6657 6704
f 6704 6657 6662
f 6704 6662 6708
f 6708 6662 6655
f 6708 6655 6702
f 6665 6713 6717
f 6665 6717 6668
f 6668 6717 6722
f 6668 6722 6672
f 6672 6722 6715
f 6672 6715 6666
f 6714 6703 6711
f 6714 6711 6719
f 6719 6711 6707
f 6719 6707 6723
f 6723 6707 6702
f 6723 6702 6715
f 6677 6701 6705
f 6677 6705 6680
f 6680 6705 6710
f 6680 6710 6684
f 6684 6710 6703
f 6684 6703 6678
f 6713 6689 6693
f 6713 6693 6716
f 6716 6693 6698
f 6716 6698 6720
f 6720 6698 6691
f 6720 6691 6714
f 6690 6679 6687
f 6690 6687 6695
f 6695 6687 6683
f 6695 6683 6699
f 6699 6683 6678
f 6699 6678 6691
f 6629 6677 6681
f 6629 6681 6632
f 6632 6681 6686
f 6632 6686 6636
f 6636 6686 6679
f 6636 6679 6630
f 6689 6642 6648
f 6689 6648 6692
f 6692 6648 6644
f 6692 6644 6696
f 6696 6644 6641
f 6696 6641 6690
f 6653 6701 6677
f 6653 6677 6629
f 6631 6643 6667
f 6631 6667 6654
f 6679 6690 6641
f 6679 6641 6630
f 6713 6665 6642
f 6713 6642 6689
f 6655 6666 6715
f 6655 6715 6702
f 6703 6714 6691
f 6703 6691 6678
v 0.3130409 0.6230000 0.7715262
v 0.3144674 0.6210001 0.7729280
v 0.3130656 0.6230000 0.7743545
v 0.3132315 0.6220013 0.7717135
v 0.3125315 0.6230000 0.7724258
v 0.3127462 0.6220436 0.7725776
v 0.3137674 0.6212672 0.7736403
v 0.3137551 0.6212672 0.7722280
v 0.3131149 0.6215268 0.7729398
v 0.3125405 0.6230000 0.7734640
v 0.3132529 0.6220013 0.7741640
v 0.3127526 0.6220436 0.7733085
v 0.3158939 0.6210001 0.7743298
v 0.3173204 0.6230000 0.7757316
v 0.3144921 0.6230000 0.7757564
v 0.3166062 0.6212672 0.7750298
v 0.3151939 0.6212672 0.7750421
v 0.3159057 0.6215268 0.7756824
v 0.3164298 0.6230000 0.7762567
v 0.3171298 0.6220013 0.7755443
v 0.3162743 0.6220436 0.7760446
v 0.3146794 0.6220013 0.7755657
v 0.3153917 0.6230000 0.7762657
v 0.3155434 0.6220436 0.7760510
v 0.3130409 0.7990000 0.7715262
v 0.3130656 0.7990000 0.7743545
v 0.3144674 0.8010000 0.7729280
v 0.3125315 0.7990000 0.7724258
v 0.3132315 0.7999987 0.7717135
v 0.3127462 0.7999564 0.7725775
v 0.3132529 0.7999987 0.7741640
v 0.3125406 0.7990000 0.7734640
v 0.3127526 0.7999564 0.7733085
v 0.3137551 0.8007329 0.7722280
v 0.3137674 0.8007329 0.7736403
v 0.3131149 0.8004733 0.7729398
v 0.3173204 0.7990000 0.7757316
v 0.3158939 0.8010000 0.7743298
v 0.3144921 0.7990000 0.7757564
v 0.3171298 0.7999987 0.7755443
v 0.3164298 0.7990000 0.7762567
v 0.3162743 0.7999564 0.7760446
v 0.3151939 0.8007329 0.7750421
v 0.3166062 0.8007329 0.7750298
v 0.3159057 0.8004733 0.7756824
v 0.3153917 0.7990000 0.7762657
v 0.3146794 0.7999987 0.7755657
v 0.3155434 0.7999564 0.7760510
v 0.3959301 0.6230000 0.6871776
v 0.3987584 0.6230000 0.6871529
v 0.3973566 0.6210001 0.6885794
v 0.3968206 0.6230000 0.6866525
v 0.3961206 0.6220013 0.6873649
v 0.3969761 0.6220436 0.6868646
v 0.3985711 0.6220013 0.6873435
v 0.3978588 0.6230000 0.6866435
v 0.3977070 0.6220436 0.6868582
v 0.3966442 0.6212672 0.6878794
v 0.3980565 0.6212672 0.6878671
v 0.3973447 0.6215267 0.6872268
v 0.4002095 0.6230000 0.6913830
v 0.3987831 0.6210001 0.6899812
v 0.4001849 0.6230000 0.6885547
v 0.4000190 0.6220013 0.6911957
v 0.4007190 0.6230000 0.6904835
v 0.4005042 0.6220436 0.6903316
v 0.3994831 0.6212672 0.6892689
v 0.3994954 0.6212672 0.6906812
v 0.4001356 0.6215268 0.6899694
v 0.4007099 0.6230000 0.6894453
v 0.3999976 0.6220013 0.6887453
v 0.4004979 0.6220436 0.6896008
v 0.3959301 0.7990000 0.6871776
v 0.3973566 0.8010000 0.6885794
v 0.3987584 0.7990000 0.6871529
v 0.3961206 0.7999987 0.6873649
v 0.3968206 0.7990000 0.6866525
v 0.3969761 0.7999564 0.6868646
v 0.3980565 0.8007329 0.6878671
v 0.3966442 0.8007329 0.6878794
v 0.3973448 0.8004733 0.6872268
v 0.3978588 0.7990000 0.6866435
v 0.3985711 0.7999987 0.6873435
v 0.3977070 0.7999564 0.6868582
v 0.4002095 0.7990000 0.6913830
v 0.4001849 0.7990000 0.6885547
v 0.3987831 0.8010000 0.6899812
v 0.4007190 0.7990000 0.6904835
v 0.4000190 0.7999987 0.6911957
v 0.4005042 0.7999564 0.6903317
v 0.3999976 0.7999987 0.6887453
v 0.4007099 0.7990000 0.6894453
v 0.4004979 0.7999564 0.6896008
v 0.3994954 0.8007329 0.6906812
v 0.3994831 0.8007329 0.6892689
v 0.4001356 0.8004733 0.6899694
f 6725 6728 6730
f 6725 6730 6729
f 6728 6732 6733
f 6728 6733 6730
f 6726 6731 6733
f 6726 6733 6732
f 6731 6735 6736
f 6731 6736 6733
f 6727 6734 6736
f 6727 6736 6735
f 6734 6729 6730
f 6734 6730 6736
f 6730 6733 6736
f 6737 6740 6742
f 6737 6742 6741
f 6740 6744 6745
f 6740 6745 6742
f 6738 6743 6745
f 6738 6745 6744
f 6743 6747 6748
f 6743 6748 6745
f 6739 6746 6748
f 6739 6748 6747
f 6746 6741 6742
f 6746 6742 6748
f 6742 6745 6748
f 6749 6752 6754
f 6749 6754 6753
f 6752 6756 6757
f 6752 6757 6754
f 6750 6755 6757
f 6750 6757 6756
f 6755 6759 6760
f 6755 6760 6757
f 6751 6758 6760
f 6751 6760 6759
f 6758 6753 6754
f 6758 6754 6760
f 6754 6757 6760
f 6761 6764 6766
f 6761 6766 6765
f 6764 6768 6769
f 6764 6769 6766
f 6762 6767 6769
f 6762 6769 6768
f 6767 6771 6772
f 6767 6772 6769
f 6763 6770 6772
f 6763 6772 6771
f 6770 6765 6766
f 6770 6766 6772
f 6766 6769 6772
f 6773 6776 6778
f 6773 6778 6777
f 6776 6780 6781
f 6776 6781 6778
f 6774 6779 6781
f 6774 6781 6780
f 6779 6783 6784
f 6779 6784 6781
f 6775 6782 6784
f 6775 6784 6783
f 6782 6777 6778
f 6782 6778 6784
f 6778 6781 6784
f 6785 6788 6790
f 6785 6790 6789
f 6788 6792 6793
f 6788 6793 6790
f 6786 6791 6793
f 6786 6793 6792
f 6791 6795 6796
f 6791 6796 6793
f 6787 6794 6796
f 6787 6796 6795
f 6794 6789 6790
f 6794 6790 6796
f 6790 6793 6796
f 6797 6800 6802
f 6797 6802 6801
f 6800 6804 6805
f 6800 6805 6802
f 6798 6803 6805
f 6798 6805 6804
f 6803 6807 6808
f 6803 6808 6805
f 6799 6806 6808
f 6799 6808 6807
f 6806 6801 6802
f 6806 6802 6808
f 6802 6805 6808
f 6809 6812 6814
f 6809 6814 6813
f 6812 6816 6817
f 6812 6817 6814
f 6810 6815 6817
f 6810 6817 6816
f 6815 6819 6820
f 6815 6820 6817
f 6811 6818 6820
f 6811 6820 6819
f 6818 6813 6814
f 6818 6814 6820
f 6814 6817 6820
f 6749 6725 6729
f 6749 6729 6752
f 6752 6729 6734
f 6752 6734 6756
f 6756 6734 6727
f 6756 6727 6750
f 6726 6737 6741
f 6726 6741 6731
f 6731 6741 6746
f 6731 6746 6735
f 6735 6746 6739
f 6735 6739 6727
f 6738 6761 6765
f 6738 6765 6743
f 6743 6765 6770
f 6743 6770 6747
f 6747 6770 6763
f 6747 6763 6739
f 6762 6751 6759
f 6762 6759 6767
f 6767 6759 6755
f 6767 6755 6771
f 6771 6755 6750
f 6771 6750 6763
f 6797 6749 6753
f 6797 6753 6800
f 6800 6753 6758
f 6800 6758 6804
f 6804 6758 6751
f 6804 6751 6798
f 6761 6809 6813
f 6761 6813 6764
f 6764 6813 6818
f 6764 6818 6768
f 6768 6818 6811
f 6768 6811 6762
f 6810 6799 6807
f 6810 6807 6815
f 6815 6807 6803
f 6815 6803 6819
f 6819 6803 6798
f 6819 6798 6811
f 6773 6797 6801
f 6773 6801 6776
f 6776 6801 6806
f 6776 6806 6780
f 6780 6806 6799
f 6780 6799 6774
f 6809 6785 6789
f 6809 6789 6812
f 6812 6789 6794
f 6812 6794 6816
f 6816 6794 6787
f 6816 6787 6810
f 6786 6775 6783
f 6786 6783 6791
f 6791 6783 6779
f 6791 6779 6795
f 6795 6779 6774
f 6795 6774 6787
f 6725 6773 6777
f 6725 6777 6728
f 6728 6777 6782
f 6728 6782 6732
f 6732 6782 6775
f 6732 6775 6726
f 6785 6738 6744
f 6785 6744 6788
f 6788 6744 6740
f 6788 6740 6792
f 6792 6740 6737
f 6792 6737 6786
f 6749 6797 6773
f 6749 6773 6725
f 6727 6739 6763
f 6727 6763 6750
f 6775 6786 6737
f 6775 6737 6726
f 6809 6761 6738
f 6809 6738 6785
f 6751 6762 6811
f 6751 6811 6798
f 6799 6810 6787
f 6799 6787 6774
v 0.2171684 0.6230000 0.8319359
v 0.2182430 0.6210001 0.8336228
v 0.2165562 0.6230000 0.8346974
v 0.2173120 0.6220013 0.8321613
v 0.2164697 0.6230000 0.8326979
v 0.2166448 0.6220436 0.8328941
v 0.2174007 0.6212672 0.8341593
v 0.2177064 0.6212672 0.8327805
v 0.2169225 0.6215268 0.8333300
v 0.2162450 0.6230000 0.8337115
v 0.2167816 0.6220013 0.8345538
v 0.2164866 0.6220436 0.8336077
v 0.2193176 0.6210001 0.8353095
v 0.2203922 0.6230000 0.8369963
v 0.2176308 0.6230000 0.8363841
v 0.2198542 0.6212672 0.8361518
v 0.2184753 0.6212672 0.8358461
v 0.2190249 0.6215268 0.8366300
v 0.2194064 0.6230000 0.8373076
v 0.2202486 0.6220013 0.8367710
v 0.2193025 0.6220436 0.8370659
v 0.2178562 0.6220013 0.8362406
v 0.2183928 0.6230000 0.8370829
v 0.2185889 0.6220436 0.8369077
v 0.2171684 0.7990000 0.8319359
v 0.2165562 0.7990000 0.8346974
v 0.2182430 0.8010000 0.8336228
v 0.2164697 0.7990000 0.8326979
v 0.2173120 0.7999987 0.8321613
v 0.2166448 0.7999564 0.8328941
v 0.2167816 0.7999987 0.8345538
v 0.2162450 0.7990000 0.8337115
v 0.2164866 0.7999564 0.8336077
v 0.2177064 0.8007329 0.8327805
v 0.2174007 0.8007329 0.8341593
v 0.2169225 0.8004733 0.8333300
v 0.2203922 0.7990000 0.8369963
v 0.2193176 0.8010000 0.8353095
v 0.2176308 0.7990000 0.8363841
v 0.2202486 0.7999987 0.8367710
v 0.2194064 0.7990000 0.8373076
v 0.2193025 0.7999564 0.8370659
v 0.2184753 0.8007329 0.8358461
v 0.2198542 0.8007329 0.8361518
v 0.2190249 0.8004733 0.8366300
v 0.2183928 0.7990000 0.8370829
v 0.2178562 0.7999987 0.8362406
v 0.2185889 0.7999564 0.8369077
v 0.3169074 0.6230000 0.7683952
v 0.3196688 0.6230000 0.7690074
v 0.3179820 0.6210001 0.7700820
v 0.3178933 0.6230000 0.7680839
v 0.3170510 0.6220013 0.7686206
v 0.3179971 0.6220436 0.7683256
v 0.3194435 0.6220013 0.7691509
v 0.3189069 0.6230000 0.7683086
v 0.3187107 0.6220436 0.7684838
v 0.3174454 0.6212672 0.7692397
v 0.3188243 0.6212672 0.7695454
v 0.3182748 0.6215267 0.7687615
v 0.3201312 0.6230000 0.7734556
v 0.3190566 0.6210001 0.7717687
v 0.3207434 0.6230000 0.7706941
v 0.3199877 0.6220013 0.7732302
v 0.3208300 0.6230000 0.7726936
v 0.3206548 0.6220436 0.7724974
v 0.3198989 0.6212672 0.7712322
v 0.3195932 0.6212672 0.7726110
v 0.3203771 0.6215268 0.7720615
v 0.3210547 0.6230000 0.7716800
v 0.3205181 0.6220013 0.7708377
v 0.3208131 0.6220436 0.7717838
v 0.3169074 0.7990000 0.7683952
v 0.3179820 0.8010000 0.7700820
v 0.3196688 0.7990000 0.7690074
v 0.3170510 0.7999987 0.7686206
v 0.3178933 0.7990000 0.7680839
v 0.3179971 0.7999564 0.7683256
v 0.3188243 0.8007329 0.7695454
v 0.3174454 0.8007329 0.7692397
v 0.3182748 0.8004733 0.7687615
v 0.3189069 0.7990000 0.7683086
v 0.3194435 0.7999987 0.7691509
v 0.3187107 0.7999564 0.7684838
v 0.3201312 0.7990000 0.7734556
v 0.3207434 0.7990000 0.7706941
v 0.3190566 0.8010000 0.7717687
v 0.3208300 0.7990000 0.7726936
v 0.3199877 0.7999987 0.7732302
v 0.3206548 0.7999564 0.7724974
v 0.3205180 0.7999987 0.7708377
v 0.3210547 0.7990000 0.7716800
v 0.3208131 0.7999564 0.7717838
v 0.3195932 0.8007329 0.7726110
v 0.3198989 0.8007329 0.7712322
v 0.3203771 0.8004733 0.7720615
f 6821 6824 6826
f 6821 6826 6825
f 6824 6828 6829
f 6824 6829 6826
f 6822 6827 6829
f 6822 6829 6828
f 6827 6831 6832
f 6827 6832 6829
f 6823 6830 6832
f 6823 6832 6831
f 6830 6825 6826
f 6830 6826 6832
f 6826 6829 6832
f 6833 6836 6838
f 6833 6838 6837
f 6836 6840 6841
f 6836 6841 6838
f 6834 6839 6841
f 6834 6841 6840
f 6839 6843 6844
f 6839 6844 6841
f 6835 6842 6844
f 6835 6844 6843
f 6842 6837 6838
f 6842 6838 6844
f 6838 6841 6844
f 6845 6848 6850
f 6845 6850 6849
f 6848 6852 6853
f 6848 6853 6850
f 6846 6851 6853
f 6846 6853 6852
f 6851 6855 6856
f 6851 6856 6853
f 6847 6854 6856
f 6847 6856 6855
f 6854 6849 6850
f 6854 6850 6856
f 6850 6853 6856
f 6857 6860 6862
f 6857 6862 6861
f 6860 6864 6865
f 6860 6865 6862
f 6858 6863 6865
f 6858 6865 6864
f 6863 6867 6868
f 6863 6868 6865
f 6859 6866 6868
f 6859 6868 6867
f 6866 6861 6862
f 6866 6862 6868
f 6862 6865 6868
f 6869 6872 6874
f 6869 6874 6873
f 6872 6876 6877
f 6872 6877 6874
f 6870 6875 6877
f 6870 6877 6876
f 6875 6879 6880
f 6875 6880 6877
f 6871 6878 6880
f 6871 6880 6879
f 6878 6873 6874
f 6878 6874 6880
f 6874 6877 6880
f 6881 6884 6886
f 6881 6886 6885
f 6884 6888 6889
f 6884 6889 6886
f 6882 6887 6889
f 6882 6889 6888
f 6887 6891 6892
f 6887 6892 6889
f 6883 6890 6892
f 6883 6892 6891
f 6890 6885 6886
f 6890 6886 6892
f 6886 6889 6892
f 6893 6896 6898
f 6893 6898 6897
f 6896 6900 6901
f 6896 6901 6898
f 6894 6899 6901
f 6894 6901 6900
f 6899 6903 6904
f 6899 6904 6901
f 6895 6902 6904
f 6895 6904 6903
f 6902 6897 6898
f 6902 6898 6904
f 6898 6901 6904
f 6905 6908 6910
f 6905 6910 6909
f 6908 6912 6913
f 6908 6913 6910
f 6906 6911 6913
f 6906 6913 6912
f 6911 6915 6916
f 6911 6916 6913
f 6907 6914 6916
f 6907 6916 6915
f 6914 6909 6910
f 6914 6910 6916
f 6910 6913 6916
f 6845 6821 6825
f 6845 6825 6848
f 6848 6825 6830
f 6848 6830 6852
f 6852 6830 6823
f 6852 6823 6846
f 6822 6833 6837
f 6822 6837 6827
f 6827 6837 6842
f 6827 6842 6831
f 6831 6842 6835
f 6831 6835 6823
f 6834 6857 6861
f 6834 6861 6839
f 6839 6861 6866
f 6839 6866 6843
f 6843 6866 6859
f 6843 6859 6835
f 6858 6847 6855
f 6858 6855 6863
f 6863 6855 6851
f 6863 6851 6867
f 6867 6851 6846
f 6867 6846 6859
f 6893 6845 6849
f 6893 6849 6896
f 6896 6849 6854
f 6896 6854 6900
f 6900 6854 6847
f 6900 6847 6894
f 6857 6905 6909
f 6857 6909 6860
f 6860 6909 6914
f 6860 6914 6864
f 6864 6914 6907
f 6864 6907 6858
f 6906 6895 6903
f 6906 6903 6911
f 6911 6903 6899
f 6911 6899 6915
f 6915 6899 6894
f 6915 6894 6907
f 6869 6893 6897
f 6869 6897 6872
f 6872 6897 6902
f 6872 6902 6876
f 6876 6902 6895
f 6876 6895 6870
f 6905 6881 6885
f 6905 6885 6908
f 6908 6885 6890
f 6908 6890 6912
f 6912 6890 6883
f 6912 6883 6906
f 6882 6871 6879
f 6882 6879 6887
f 6887 6879 6875
f 6887 6875 6891
f 6891 6875 6870
f 6891 6870 6883
f 6821 6869 6873
f 6821 6873 6824
f 6824 6873 6878
f 6824 6878 6828
f 6828 6878 6871
f 6828 6871 6822
f 6881 6834 6840
f 6881 6840 6884
f 6884 6840 6836
f 6884 6836 6888
f 6888 6836 6833
f 6888 6833 6882
f 6845 6893 6869
f 6845 6869 6821
f 6823 6835 6859
f 6823 6859 6846
f 6871 6882 6833
f 6871 6833 6822
f 6905 6857 6834
f 6905 6834 6881
f 6847 6858 6907
f 6847 6907 6894
f 6895 6906 6883
f 6895 6883 6870
v 0.1101639 0.6230000 0.8692307
v 0.1108315 0.6210001 0.8711160
v 0.1089462 0.6230000 0.8717836
v 0.1102531 0.6220013 0.8694826
v 0.1093117 0.6230000 0.8698159
v 0.1094381 0.6220436 0.8700465
v 0.1098901 0.6212672 0.8714494
v 0.1104981 0.6212672 0.8701746
v 0.1096107 0.6215268 0.8705337
v 0.1088647 0.6230000 0.8707530
v 0.1091981 0.6220013 0.8716944
v 0.1091235 0.6220436 0.8707062
v 0.1114991 0.6210001 0.8730013
v 0.1121667 0.6230000 0.8748866
v 0.1096138 0.6230000 0.8736689
v 0.1118325 0.6212672 0.8739427
v 0.1105577 0.6212672 0.8733346
v 0.1109168 0.6215268 0.8742221
v 0.1111361 0.6230000 0.8749681
v 0.1120775 0.6220013 0.8746347
v 0.1110893 0.6220436 0.8747093
v 0.1098657 0.6220013 0.8735797
v 0.1101990 0.6230000 0.8745211
v 0.1104296 0.6220436 0.8743947
v 0.1101639 0.7990000 0.8692307
v 0.1089462 0.7990000 0.8717836
v 0.1108315 0.8010000 0.8711160
v 0.1093117 0.7990000 0.8698159
v 0.1102531 0.7999987 0.8694826
v 0.1094381 0.7999564 0.8700465
v 0.1091981 0.7999987 0.8716944
v 0.1088647 0.7990000 0.8707530
v 0.1091235 0.7999564 0.8707062
v 0.1104981 0.8007329 0.8701746
v 0.1098901 0.8007329 0.8714494
v 0.1096107 0.8004733 0.8705337
v 0.1121667 0.7990000 0.8748866
v 0.1114991 0.8010000 0.8730013
v 0.1096138 0.7990000 0.8736689
v 0.1120775 0.7999987 0.8746347
v 0.1111361 0.7990000 0.8749681
v 0.1110893 0.7999564 0.8747093
v 0.1105577 0.8007329 0.8733346
v 0.1118325 0.8007329 0.8739427
v 0.1109168 0.8004733 0.8742221
v 0.1101990 0.7990000 0.8745211
v 0.1098657 0.7999987 0.8735797
v 0.1104296 0.7999564 0.8743947
v 0.2216402 0.6230000 0.8297549
v 0.2241931 0.6230000 0.8309726
v 0.2223078 0.6210001 0.8316402
v 0.2226707 0.6230000 0.8296734
v 0.2217293 0.6220013 0.8300068
v 0.2227175 0.6220436 0.8299322
v 0.2239412 0.6220013 0.8310618
v 0.2236078 0.6230000 0.8301203
v 0.2233773 0.6220436 0.8302468
v 0.2219744 0.6212672 0.8306988
v 0.2232492 0.6212672 0.8313068
v 0.2228901 0.6215267 0.8304194
v 0.2236430 0.6230000 0.8354107
v 0.2229754 0.6210001 0.8335255
v 0.2248607 0.6230000 0.8328578
v 0.2235538 0.6220013 0.8351589
v 0.2244952 0.6230000 0.8348255
v 0.2243687 0.6220436 0.8345950
v 0.2239168 0.6212672 0.8331921
v 0.2233088 0.6212672 0.8344669
v 0.2241962 0.6215268 0.8341078
v 0.2249422 0.6230000 0.8338884
v 0.2246088 0.6220013 0.8329470
v 0.2246834 0.6220436 0.8339353
v 0.2216402 0.7990000 0.8297549
v 0.2223078 0.8010000 0.8316402
v 0.2241931 0.7990000 0.8309726
v 0.2217294 0.7999987 0.8300068
v 0.2226707 0.7990000 0.8296734
v 0.2227176 0.7999564 0.8299322
v 0.2232492 0.8007329 0.8313068
v 0.2219744 0.8007329 0.8306988
v 0.2228901 0.8004733 0.8304194
v 0.2236078 0.7990000 0.8301203
v 0.2239412 0.7999987 0.8310618
v 0.2233773 0.7999564 0.8302468
v 0.2236430 0.7990000 0.8354107
v 0.2248607 0.7990000 0.8328578
v 0.2229754 0.8010000 0.8335255
v 0.2244952 0.7990000 0.8348255
v 0.2235538 0.7999987 0.8351589
v 0.2243687 0.7999564 0.8345950
v 0.2246088 0.7999987 0.8329470
v 0.2249422 0.7990000 0.8338885
v 0.2246834 0.7999564 0.8339353
v 0.2233087 0.8007329 0.8344669
v 0.2239168 0.8007329 0.8331921
v 0.2241962 0.8004733 0.8341078
f 6917 6920 6922
f 6917 6922 6921
f 6920 6924 6925
f 6920 6925 6922
f 6918 6923 6925
f 6918 6925 6924
f 6923 6927 6928
f 6923 6928 6925
f 6919 6926 6928
f 6919 6928 6927
f 6926 6921 6922
f 6926 6922 6928
f 6922 6925 6928
f 6929 6932 6934
f 6929 6934 6933
f 6932 6936 6937
f 6932 6937 6934
f 6930 6935 6937
f 6930 6937 6936
f 6935 6939 6940
f 6935 6940 6937
f 6931 6938 6940
f 6931 6940 6939
f 6938 6933 6934
f 6938 6934 6940
f 6934 6937 6940
f 6941 6944 6946
f 6941 6946 6945
f 6944 6948 6949
f 6944 6949 6946
f 6942 6947 6949
f 6942 6949 6948
f 6947 6951 6952
f 6947 6952 6949
f 6943 6950 6952
f 6943 6952 6951
f 6950 6945 6946
f 6950 6946 6952
f 6946 6949 6952
f 6953 6956 6958
f 6953 6958 6957
f 6956 6960 6961
f 6956 6961 6958
f 6954 6959 6961
f 6954 6961 6960
f 6959 6963 6964
f 6959 6964 6961
f 6955 6962 6964
f 6955 6964 6963
f 6962 6957 6958
f 6962 6958 6964
f 6958 6961 6964
f 6965 6968 6970
f 6965 6970 6969
f 6968 6972 6973
f 6968 6973 6970
f 6966 6971 6973
f 6966 6973 6972
f 6971 6975 6976
f 6971 6976 6973
f 6967 6974 6976
f 6967 6976 6975
f 6974 6969 6970
f 6974 6970 6976
f 6970 6973 6976
f 6977 6980 6982
f 6977 6982 6981
f 6980 6984 6985
f 6980 6985 6982
f 6978 6983 6985
f 6978 6985 6984
f 6983 6987 6988
f 6983 6988 6985
f 6979 6986 6988
f 6979 6988 6987
f 6986 6981 6982
f 6986 6982 6988
f 6982 6985 6988
f 6989 6992 6994
f 6989 6994 6993
f 6992 6996 6997
f 6992 6997 6994
f 6990 6995 6997
f 6990 6997 6996
f 6995 6999 7000
f 6995 7000 6997
f 6991 6998 7000
f 6991 7000 6999
f 6998 6993 6994
f 6998 6994 7000
f 6994 6997 7000
f 7001 7004 7006
f 7001 7006 7005
f 7004 7008 7009
f 7004 7009 7006
f 7002 7007 7009
f 7002 7009 7008
f 7007 7011 7012
f 7007 7012 7009
f 7003 7010 7012
f 7003 7012 7011
f 7010 7005 7006
f 7010 7006 7012
f 7006 7009 7012
f 6941 6917 6921
f 6941 6921 6944
f 6944 6921 6926
f 6944 6926 6948
f 6948 6926 6919
f 6948 6919 6942
f 6918 6929 6933
f 6918 6933 6923
f 6923 6933 6938
f 6923 6938 6927
f 6927 6938 6931
f 6927 6931 6919
f 6930 6953 6957
f 6930 6957 6935
f 6935 6957 6962
f 6935 6962 6939
f 6939 6962 6955
f 6939 6955 6931
f 6954 6943 6951
f 6954 6951 6959
f 6959 6951 6947
f 6959 6947 6963
f 6963 6947 6942
f 6963 6942 6955
f 6989 6941 6945
f 6989 6945 6992
f 6992 6945 6950
f 6992 6950 6996
f 6996 6950 6943
f 6996 6943 6990
f 6953 7001 7005
f 6953 7005 6956
f 6956 7005 7010
f 6956 7010 6960
f 6960 7010 7003
f 6960 7003 6954
f 7002 6991 6999
f 7002 6999 7007
f 7007 6999 6995
f 7007 6995 7011
f 7011 6995 6990
f 7011 6990 7003
f 6965 6989 6993
f 6965 6993 6968
f 6968 6993 6998
f 6968 6998 6972
f 6972 6998 6991
f 6972 6991 6966
f 7001 6977 6981
f 7001 6981 7004
f 7004 6981 6986
f 7004 6986 7008
f 7008 6986 6979
f 7008 6979 7002
f 6978 6967 6975
f 6978 6975 6983
f 6983 6975 6971
f 6983 6971 6987
f 6987 6971 6966
f 6987 6966 6979
f 6917 6965 6969
f 6917 6969 6920
f 6920 6969 6974
f 6920 6974 6924
f 6924 6974 6967
f 6924 6967 6918
f 6977 6930 6936
f 6977 6936 6980
f 6980 6936 6932
f 6980 6932 6984
f 6984 6932 6929
f 6984 6929 6978
f 6941 6989 6965
f 6941 6965 6917
f 6919 6931 6955
f 6919 6955 6942
f 6967 6978 6929
f 6967 6929 6918
f 7001 6953 6930
f 7001 6930 6977
f 6943 6954 7003
f 6943 7003 6990
f 6991 7002 6979
f 6991 6979 6966
v -0.0024876 0.6230000 0.8814989
v -0.0022612 0.6210001 0.8834860
v -0.0042484 0.6230000 0.8837124
v -0.0024574 0.6220013 0.8817644
v -0.0034497 0.6230000 0.8818774
v -0.0033783 0.6220436 0.8821305
v -0.0032535 0.6212672 0.8835991
v -0.0023743 0.6212672 0.8824937
v -0.0033198 0.6215268 0.8826440
v -0.0040960 0.6230000 0.8826899
v -0.0039829 0.6220013 0.8836822
v -0.0038333 0.6220436 0.8827025
v -0.0020348 0.6210001 0.8854732
v -0.0018084 0.6230000 0.8874603
v -0.0040220 0.6230000 0.8856996
v -0.0019218 0.6212672 0.8864654
v -0.0030271 0.6212672 0.8855862
v -0.0028768 0.6215268 0.8865317
v -0.0028309 0.6230000 0.8873079
v -0.0018387 0.6220013 0.8871948
v -0.0028183 0.6220436 0.8870452
v -0.0037565 0.6220013 0.8856694
v -0.0036434 0.6230000 0.8866616
v -0.0033904 0.6220436 0.8865902
v -0.0024876 0.7990000 0.8814989
v -0.0042484 0.7990000 0.8837124
v -0.0022612 0.8010000 0.8834860
v -0.0034497 0.7990000 0.8818774
v -0.0024574 0.7999987 0.8817644
v -0.0033783 0.7999564 0.8821305
v -0.0039829 0.7999987 0.8836822
v -0.0040960 0.7990000 0.8826899
v -0.0038333 0.7999564 0.8827025
v -0.0023743 0.8007329 0.8824937
v -0.0032535 0.8007329 0.8835991
v -0.0033198 0.8004733 0.8826440
v -0.0018084 0.7990000 0.8874603
v -0.0020348 0.8010000 0.8854732
v -0.0040220 0.7990000 0.8856996
v -0.0018387 0.7999987 0.8871948
v -0.0028309 0.7990000 0.8873079
v -0.0028183 0.7999564 0.8870452
v -0.0030271 0.8007329 0.8855862
v -0.0019218 0.8007329 0.8864654
v -0.0028768 0.8004733 0.8865317
v -0.0036434 0.7990000 0.8866616
v -0.0037565 0.7999987 0.8856694
v -0.0033904 0.7999564 0.8865902
v 0.1150116 0.6230000 0.8681116
v 0.1172252 0.6230000 0.8698723
v 0.1152380 0.6210001 0.8700987
v 0.1160342 0.6230000 0.8682640
v 0.1150419 0.6220013 0.8683770
v 0.1160215 0.6220436 0.8685266
v 0.1169597 0.6220013 0.8699025
v 0.1168467 0.6230000 0.8689103
v 0.1165936 0.6220436 0.8689816
v 0.1151250 0.6212672 0.8691064
v 0.1162303 0.6212672 0.8699856
v 0.1160800 0.6215267 0.8690401
v 0.1156909 0.6230000 0.8740730
v 0.1154644 0.6210001 0.8720858
v 0.1174516 0.6230000 0.8718594
v 0.1156606 0.6220013 0.8738075
v 0.1166529 0.6230000 0.8736944
v 0.1165815 0.6220436 0.8734413
v 0.1164567 0.6212672 0.8719727
v 0.1155775 0.6212672 0.8730781
v 0.1165230 0.6215268 0.8729278
v 0.1172992 0.6230000 0.8728819
v 0.1171861 0.6220013 0.8718897
v 0.1170365 0.6220436 0.8728693
v 0.1150116 0.7990000 0.8681116
v 0.1152380 0.8010000 0.8700987
v 0.1172252 0.7990000 0.8698723
v 0.1150419 0.7999987 0.8683770
v 0.1160342 0.7990000 0.8682640
v 0.1160215 0.7999564 0.8685266
v 0.1162303 0.8007329 0.8699856
v 0.1151250 0.8007329 0.8691064
v 0.1160801 0.8004733 0.8690401
v 0.1168467 0.7990000 0.8689103
v 0.1169597 0.7999987 0.8699025
v 0.1165936 0.7999564 0.8689816
v 0.1156909 0.7990000 0.8740730
v 0.1174516 0.7990000 0.8718594
v 0.1154644 0.8010000 0.8720858
v 0.1166529 0.7990000 0.8736944
v 0.1156606 0.7999987 0.8738075
v 0.1165815 0.7999564 0.8734413
v 0.1171861 0.7999987 0.8718897
v 0.1172992 0.7990000 0.8728819
v 0.1170365 0.7999564 0.8728693
v 0.1155775 0.8007329 0.8730781
v 0.1164567 0.8007329 0.8719727
v 0.1165230 0.8004733 0.8729278
f 7013 7016 7018
f 7013 7018 7017
f 7016 7020 7021
f 7016 7021 7018
f 7014 7019 7021
f 7014 7021 7020
f 7019 7023 7024
f 7019 7024 7021
f 7015 7022 7024
f 7015 7024 7023
f 7022 7017 7018
f 7022 7018 7024
f 7018 7021 7024
f 7025 7028 7030
f 7025 7030 7029
f 7028 7032 7033
f 7028 7033 7030
f 7026 7031 7033
f 7026 7033 7032
f 7031 7035 7036
f 7031 7036 7033
f 7027 7034 7036
f 7027 7036 7035
f 7034 7029 7030
f 7034 7030 7036
f 7030 7033 7036
f 7037 7040 7042
f 7037 7042 7041
f 7040 7044 7045
f 7040 7045 7042
f 7038 7043 7045
f 7038 7045 7044
f 7043 7047 7048
f 7043 7048 7045
f 7039 7046 7048
f 7039 7048 7047
f 7046 7041 7042
f 7046 7042 7048
f 7042 7045 7048
f 7049 7052 7054
f 7049 7054 7053
f 7052 7056 7057
f 7052 7057 7054
f 7050 7055 7057
f 7050 7057 7056
f 7055 7059 7060
f 7055 7060 7057
f 7051 7058 7060
f 7051 7060 7059
f 7058 7053 7054
f 7058 7054 7060
f 7054 7057 7060
f 7061 7064 7066
f 7061 7066 7065
f 7064 7068 7069
f 7064 7069 7066
f 7062 7067 7069
f 7062 7069 7068
f 7067 7071 7072
f 7067 7072 7069
f 7063 7070 7072
f 7063 7072 7071
f 7070 7065 7066
f 7070 7066 7072
f 7066 7069 7072
f 7073 7076 7078
f 7073 7078 7077
f 7076 7080 7081
f 7076 7081 7078
f 7074 7079 7081
f 7074 7081 7080
f 7079 7083 7084
f 7079 7084 7081
f 7075 7082 7084
f 7075 7084 7083
f 7082 7077 7078
f 7082 7078 7084
f 7078 7081 7084
f 7085 7088 7090
f 7085 7090 7089
f 7088 7092 7093
f 7088 7093 7090
f 7086 7091 7093
f 7086 7093 7092
f 7091 7095 7096
f 7091 7096 7093
f 7087 7094 7096
f 7087 7096 7095
f 7094 7089 7090
f 7094 7090 7096
f 7090 7093 7096
f 7097 7100 7102
f 7097 7102 7101
f 7100 7104 7105
f 7100 7105 7102
f 7098 7103 7105
f 7098 7105 7104
f 7103 7107 7108
f 7103 7108 7105
f 7099 7106 7108
f 7099 7108 7107
f 7106 7101 7102
f 7106 7102 7108
f 7102 7105 7108
f 7037 7013 7017
f 7037 7017 7040
f 7040 7017 7022
f 7040 7022 7044
f 7044 7022 7015
f 7044 7015 7038
f 7014 7025 7029
f 7014 7029 7019
f 7019 7029 7034
f 7019 7034 7023
f 7023 7034 7027
f 7023 7027 7015
f 7026 7049 7053
f 7026 7053 7031
f 7031 7053 7058
f 7031 7058 7035
f 7035 7058 7051
f 7035 7051 7027
f 7050 7039 7047
f 7050 7047 7055
f 7055 7047 7043
f 7055 7043 7059
f 7059 7043 7038
f 7059 7038 7051
f 7085 7037 7041
f 7085 7041 7088
f 7088 7041 7046
f 7088 7046 7092
f 7092 7046 7039
f 7092 7039 7086
f 7049 7097 7101
f 7049 7101 7052
f 7052 7101 7106
f 7052 7106 7056
f 7056 7106 7099
f 7056 7099 7050
f 7098 7087 7095
f 7098 7095 7103
f 7103 7095 7091
f 7103 7091 7107
f 7107 7091 7086
f 7107 7086 7099
f 7061 7085 7089
f 7061 7089 7064
f 7064 7089 7094
f 7064 7094 7068
f 7068 7094 7087
f 7068 7087 7062
f 7097 7073 7077
f 7097 7077 7100
f 7100 7077 7082
f 7100 7082 7104
f 7104 7082 7075
f 7104 7075 7098
f 7074 7063 7071
f 7074 7071 7079
f 7079 7071 7067
f 7079 7067 7083
f 7083 7067 7062
f 7083 7062 7075
f 7013 7061 7065
f 7013 7065 7016
f 7016 7065 7070
f 7016 7070 7020
f 7020 7070 7063
f 7020 7063 7014
f 7073 7026 7032
f 7073 7032 7076
f 7076 7032 7028
f 7076 7028 7080
f 7080 7028 7025
f 7080 7025 7074
f 7037 7085 7061
f 7037 7061 7013
f 7015 7027 7051
f 7015 7051 7038
f 7063 7074 7025
f 7063 7025 7014
f 7097 7049 7026
f 7097 7026 7073
f 7039 7050 7099
f 7039 7099 7086
f 7087 7098 7075
f 7087 7075 7062
v -0.1150116 0.6230000 0.8681116
v -0.1152380 0.6210001 0.8700987
v -0.1172252 0.6230000 0.8698723
v -0.1150419 0.6220013 0.8683770
v -0.1160342 0.6230000 0.8682640
v -0.1160215 0.6220436 0.8685266
v -0.1162303 0.6212672 0.8699856
v -0.1151250 0.6212672 0.8691064
v -0.1160801 0.6215268 0.8690401
v -0.1168467 0.6230000 0.8689103
v -0.1169597 0.6220013 0.8699025
v -0.1165936 0.6220436 0.8689816
v -0.1154644 0.6210001 0.8720858
v -0.1156909 0.6230000 0.8740730
v -0.1174516 0.6230000 0.8718594
v -0.1155775 0.6212672 0.8730781
v -0.1164567 0.6212672 0.8719727
v -0.1165230 0.6215268 0.8729278
v -0.1166529 0.6230000 0.8736944
v -0.1156606 0.6220013 0.8738075
v -0.1165815 0.6220436 0.8734413
v -0.1171861 0.6220013 0.8718897
v -0.1172992 0.6230000 0.8728819
v -0.1170365 0.6220436 0.8728693
v -0.1150116 0.7990000 0.8681116
v -0.1172252 0.7990000 0.8698723
v -0.1152380 0.8010000 0.8700987
v -0.1160342 0.7990000 0.8682640
v -0.1150419 0.7999987 0.8683770
v -0.1160215 0.7999564 0.8685266
v -0.1169597 0.7999987 0.8699025
v -0.1168467 0.7990000 0.8689103
v -0.1165936 0.7999564 0.8689816
v -0.1151250 0.8007329 0.8691064
v -0.1162303 0.8007329 0.8699856
v -0.1160800 0.8004733 0.8690401
v -0.1156909 0.7990000 0.8740730
v -0.1154644 0.8010000 0.8720858
v -0.1174516 0.7990000 0.8718594
v -0.1156606 0.7999987 0.8738075
v -0.1166529 0.7990000 0.8736944
v -0.1165815 0.7999564 0.8734413
v -0.1164567 0.8007329 0.8719727
v -0.1155775 0.8007329 0.8730781
v -0.1165230 0.8004733 0.8729278
v -0.1172992 0.7990000 0.8728819
v -0.1171861 0.7999987 0.8718897
v -0.1170365 0.7999564 0.8728693
v 0.0024876 0.6230000 0.8814989
v 0.0042484 0.6230000 0.8837124
v 0.0022612 0.6210001 0.8834860
v 0.0034497 0.6230000 0.8818774
v 0.0024574 0.6220013 0.8817644
v 0.0033783 0.6220436 0.8821305
v 0.0039829 0.6220013 0.8836822
v 0.0040960 0.6230000 0.8826899
v 0.0038333 0.6220436 0.8827025
v 0.0023743 0.6212672 0.8824937
v 0.0032535 0.6212672 0.8835991
v 0.0033198 0.6215267 0.8826440
v 0.0018084 0.6230000 0.8874603
v 0.0020348 0.6210001 0.8854732
v 0.0040220 0.6230000 0.8856996
v 0.0018387 0.6220013 0.8871948
v 0.0028309 0.6230000 0.8873079
v 0.0028183 0.6220436 0.8870452
v 0.0030271 0.6212672 0.8855862
v 0.0019218 0.6212672 0.8864654
v 0.0028768 0.6215268 0.8865317
v 0.0036434 0.6230000 0.8866616
v 0.0037565 0.6220013 0.8856694
v 0.0033904 0.6220436 0.8865902
v 0.0024876 0.7990000 0.8814989
v 0.0022612 0.8010000 0.8834860
v 0.0042484 0.7990000 0.8837124
v 0.0024574 0.7999987 0.8817644
v 0.0034497 0.7990000 0.8818774
v 0.0033783 0.7999564 0.8821305
v 0.0032535 0.8007329 0.8835991
v 0.0023743 0.8007329 0.8824937
v 0.0033198 0.8004733 0.8826440
v 0.0040960 0.7990000 0.8826899
v 0.0039829 0.7999987 0.8836822
v 0.0038333 0.7999564 0.8827025
v 0.0018084 0.7990000 0.8874603
v 0.0040220 0.7990000 0.8856996
v 0.0020348 0.8010000 0.8854732
v 0.0028309 0.7990000 0.8873079
v 0.0018387 0.7999987 0.8871948
v 0.0028183 0.7999564 0.8870452
v 0.0037565 0.7999987 0.8856694
v 0.0036434 0.7990000 0.8866616
v 0.0033904 0.7999564 0.8865902
v 0.0019218 0.8007329 0.8864654
v 0.0030271 0.8007329 0.8855862
v 0.0028768 0.8004733 0.8865317
f 7109 7112 7114
f 7109 7114 7113
f 7112 7116 7117
f 7112 7117 7114
f 7110 7115 7117
f 7110 7117 7116
f 7115 7119 7120
f 7115 7120 7117
f 7111 7118 7120
f 7111 7120 7119
f 7118 7113 7114
f 7118 7114 7120
f 7114 7117 7120
f 7121 7124 7126
f 7121 7126 7125
f 7124 7128 7129
f 7124 7129 7126
f 7122 7127 7129
f 7122 7129 7128
f 7127 7131 7132
f 7127 7132 7129
f 7123 7130 7132
f 7123 7132 7131
f 7130 7125 7126
f 7130 7126 7132
f 7126 7129 7132
f 7133 7136 7138
f 7133 7138 7137
f 7136 7140 7141
f 7136 7141 7138
f 7134 7139 7141
f 7134 7141 7140
f 7139 7143 7144
f 7139 7144 7141
f 7135 7142 7144
f 7135 7144 7143
f 7142 7137 7138
f 7142 7138 7144
f 7138 7141 7144
f 7145 7148 7150
f 7145 7150 7149
f 7148 7152 7153
f 7148 7153 7150
f 7146 7151 7153
f 7146 7153 7152
f 7151 7155 7156
f 7151 7156 7153
f 7147 7154 7156
f 7147 7156 7155
f 7154 7149 7150
f 7154 7150 7156
f 7150 7153 7156
f 7157 7160 7162
f 7157 7162 7161
f 7160 7164 7165
f 7160 7165 7162
f 7158 7163 7165
f 7158 7165 7164
f 7163 7167 7168
f 7163 7168 7165
f 7159 7166 7168
f 7159 7168 7167
f 7166 7161 7162
f 7166 7162 7168
f 7162 7165 7168
f 7169 7172 7174
f 7169 7174 7173
f 7172 7176 7177
f 7172 7177 7174
f 7170 7175 7177
f 7170 7177 7176
f 7175 7179 7180
f 7175 7180 7177
f 7171 7178 7180
f 7171 7180 7179
f 7178 7173 7174
f 7178 7174 7180
f 7174 7177 7180
f 7181 7184 7186
f 7181 7186 7185
f 7184 7188 7189
f 7184 7189 7186
f 7182 7187 7189
f 7182 7189 7188
f 7187 7191 7192
f 7187 7192 7189
f 7183 7190 7192
f 7183 7192 7191
f 7190 7185 7186
f 7190 7186 7192
f 7186 7189 7192
f 7193 7196 7198
f 7193 7198 7197
f 7196 7200 7201
f 7196 7201 7198
f 7194 7199 7201
f 7194 7201 7200
f 7199 7203 7204
f 7199 7204 7201
f 7195 7202 7204
f 7195 7204 7203
f 7202 7197 7198
f 7202 7198 7204
f 7198 7201 7204
f 7133 7109 7113
f 7133 7113 7136
f 7136 7113 7118
f 7136 7118 7140
f 7140 7118 7111
f 7140 7111 7134
f 7110 7121 7125
f 7110 7125 7115
f 7115 7125 7130
f 7115 7130 7119
f 7119 7130 7123
f 7119 7123 7111
f 7122 7145 7149
f 7122 7149 7127
f 7127 7149 7154
f 7127 7154 7131
f 7131 7154 7147
f 7131 7147 7123
f 7146 7135 7143
f 7146 7143 7151
f 7151 7143 7139
f 7151 7139 7155
f 7155 7139 7134
f 7155 7134 7147
f 7181 7133 7137
f 7181 7137 7184
f 7184 7137 7142
f 7184 7142 7188
f 7188 7142 7135
f 7188 7135 7182
f 7145 7193 7197
f 7145 7197 7148
f 7148 7197 7202
f 7148 7202 7152
f 7152 7202 7195
f 7152 7195 7146
f 7194 7183 7191
f 7194 7191 7199
f 7199 7191 7187
f 7199 7187 7203
f 7203 7187 7182
f 7203 7182 7195
f 7157 7181 7185
f 7157 7185 7160
f 7160 7185 7190
f 7160 7190 7164
f 7164 7190 7183
f 7164 7183 7158
f 7193 7169 7173
f 7193 7173 7196
f 7196 7173 7178
f 7196 7178 7200
f 7200 7178 7171
f 7200 7171 7194
f 7170 7159 7167
f 7170 7167 7175
f 7175 7167 7163
f 7175 7163 7179
f 7179 7163 7158
f 7179 7158 7171
f 7109 7157 7161
f 7109 7161 7112
f 7112 7161 7166
f 7112 7166 7116
f 7116 7166 7159
f 7116 7159 7110
f 7169 7122 7128
f 7169 7128 7172
f 7172 7128 7124
f 7172 7124 7176
f 7176 7124 7121
f 7176 7121 7170
f 7133 7181 7157
f 7133 7157 7109
f 7111 7123 7147
f 7111 7147 7134
f 7159 7170 7121
f 7159 7121 7110
f 7193 7145 7122
f 7193 7122 7169
f 7135 7146 7195
f 7135 7195 7182
f 7183 7194 7171
f 7183 7171 7158
v -0.2216402 0.6230000 0.8297549
v -0.2223078 0.6210001 0.8316402
v -0.2241931 0.6230000 0.8309726
v -0.2217294 0.6220013 0.8300068
v -0.2226707 0.6230000 0.8296734
v -0.2227176 0.6220436 0.8299322
v -0.2232492 0.6212672 0.8313068
v -0.2219744 0.6212672 0.8306988
v -0.2228901 0.6215268 0.8304194
v -0.2236078 0.6230000 0.8301203
v -0.2239412 0.6220013 0.8310618
v -0.2233773 0.6220436 0.8302468
v -0.2229754 0.6210001 0.8335255
v -0.2236430 0.6230000 0.8354107
v -0.2248607 0.6230000 0.8328578
v -0.2233088 0.6212672 0.8344669
v -0.2239168 0.6212672 0.8331921
v -0.2241962 0.6215268 0.8341078
v -0.2244952 0.6230000 0.8348255
v -0.2235538 0.6220013 0.8351589
v -0.2243687 0.6220436 0.8345950
v -0.2246088 0.6220013 0.8329470
v -0.2249422 0.6230000 0.8338884
v -0.2246834 0.6220436 0.8339353
v -0.2216402 0.7990000 0.8297549
v -0.2241931 0.7990000 0.8309726
v -0.2223078 0.8010000 0.8316402
v -0.2226707 0.7990000 0.8296734
v -0.2217293 0.7999987 0.8300068
v -0.2227175 0.7999564 0.8299322
v -0.2239412 0.7999987 0.8310618
v -0.2236078 0.7990000 0.8301203
v -0.2233773 0.7999564 0.8302468
v -0.2219744 0.8007329 0.8306988
v -0.2232492 0.8007329 0.8313068
v -0.2228901 0.8004733 0.8304194
v -0.2236430 0.7990000 0.8354107
v -0.2229754 0.8010000 0.8335255
v -0.2248607 0.7990000 0.8328578
v -0.2235538 0.7999987 0.8351589
v -0.2244952 0.7990000 0.8348255
v -0.2243687 0.7999564 0.8345950
v -0.2239168 0.8007329 0.8331921
v -0.2233088 0.8007329 0.8344669
v -0.2241962 0.8004733 0.8341078
v -0.2249422 0.7990000 0.8338884
v -0.2246088 0.7999987 0.8329470
v -0.2246834 0.7999564 0.8339353
v -0.1101639 0.6230000 0.8692307
v -0.1089462 0.6230000 0.8717836
v -0.1108315 0.6210001 0.8711160
v -0.1093117 0.6230000 0.8698159
v -0.1102531 0.6220013 0.8694826
v -0.1094381 0.6220436 0.8700465
v -0.1091981 0.6220013 0.8716944
v -0.1088647 0.6230000 0.8707530
v -0.1091235 0.6220436 0.8707062
v -0.1104981 0.6212672 0.8701746
v -0.1098901 0.6212672 0.8714494
v -0.1096107 0.6215267 0.8705337
v -0.1121667 0.6230000 0.8748866
v -0.1114991 0.6210001 0.8730013
v -0.1096138 0.6230000 0.8736689
v -0.1120775 0.6220013 0.8746347
v -0.1111361 0.6230000 0.8749681
v -0.1110893 0.6220436 0.8747093
v -0.1105577 0.6212672 0.8733346
v -0.1118325 0.6212672 0.8739427
v -0.1109168 0.6215268 0.8742221
v -0.1101990 0.6230000 0.8745211
v -0.1098657 0.6220013 0.8735797
v -0.1104296 0.6220436 0.8743947
v -0.1101639 0.7990000 0.8692307
v -0.1108315 0.8010000 0.8711160
v -0.1089462 0.7990000 0.8717836
v -0.1102531 0.7999987 0.8694826
v -0.1093117 0.7990000 0.8698159
v -0.1094381 0.7999564 0.8700465
v -0.1098901 0.8007329 0.8714494
v -0.1104981 0.8007329 0.8701746
v -0.1096107 0.8004733 0.8705337
v -0.1088647 0.7990000 0.8707530
v -0.1091981 0.7999987 0.8716944
v -0.1091235 0.7999564 0.8707062
v -0.1121667 0.7990000 0.8748866
v -0.1096138 0.7990000 0.8736689
v -0.1114991 0.8010000 0.8730013
v -0.1111361 0.7990000 0.8749681
v -0.1120775 0.7999987 0.8746347
v -0.1110893 0.7999564 0.8747093
v -0.1098657 0.7999987 0.8735797
v -0.1101991 0.7990000 0.8745211
v -0.1104296 0.7999564 0.8743947
v -0.1118325 0.8007329 0.8739427
v -0.1105577 0.8007329 0.8733346
v -0.1109168 0.8004733 0.8742221
f 7205 7208 7210
f 7205 7210 7209
f 7208 7212 7213
f 7208 7213 7210
f 7206 7211 7213
f 7206 7213 7212
f 7211 7215 7216
f 7211 7216 7213
f 7207 7214 7216
f 7207 7216 7215
f 7214 7209 7210
f 7214 7210 7216
f 7210 7213 7216
f 7217 7220 7222
f 7217 7222 7221
f 7220 7224 7225
f 7220 7225 7222
f 7218 7223 7225
f 7218 7225 7224
f 7223 7227 7228
f 7223 7228 7225
f 7219 7226 7228
f 7219 7228 7227
f 7226 7221 7222
f 7226 7222 7228
f 7222 7225 7228
f 7229 7232 7234
f 7229 7234 7233
f 7232 7236 7237
f 7232 7237 7234
f 7230 7235 7237
f 7230 7237 7236
f 7235 7239 7240
f 7235 7240 7237
f 7231 7238 7240
f 7231 7240 7239
f 7238 7233 7234
f 7238 7234 7240
f 7234 7237 7240
f 7241 7244 7246
f 7241 7246 7245
f 7244 7248 7249
f 7244 7249 7246
f 7242 7247 7249
f 7242 7249 7248
f 7247 7251 7252
f 7247 7252 7249
f 7243 7250 7252
f 7243 7252 7251
f 7250 7245 7246
f 7250 7246 7252
f 7246 7249 7252
f 7253 7256 7258
f 7253 7258 7257
f 7256 7260 7261
f 7256 7261 7258
f 7254 7259 7261
f 7254 7261 7260
f 7259 7263 7264
f 7259 7264 7261
f 7255 7262 7264
f 7255 7264 7263
f 7262 7257 7258
f 7262 7258 7264
f 7258 7261 7264
f 7265 7268 7270
f 7265 7270 7269
f 7268 7272 7273
f 7268 7273 7270
f 7266 7271 7273
f 7266 7273 7272
f 7271 7275 7276
f 7271 7276 7273
f 7267 7274 7276
f 7267 7276 7275
f 7274 7269 7270
f 7274 7270 7276
f 7270 7273 7276
f 7277 7280 7282
f 7277 7282 7281
f 7280 7284 7285
f 7280 7285 7282
f 7278 7283 7285
f 7278 7285 7284
f 7283 7287 7288
f 7283 7288 7285
f 7279 7286 7288
f 7279 7288 7287
f 7286 7281 7282
f 7286 7282 7288
f 7282 7285 7288
f 7289 7292 7294
f 7289 7294 7293
f 7292 7296 7297
f 7292 7297 7294
f 7290 7295 7297
f 7290 7297 7296
f 7295 7299 7300
f 7295 7300 7297
f 7291 7298 7300
f 7291 7300 7299
f 7298 7293 7294
f 7298 7294 7300
f 7294 7297 7300
f 7229 7205 7209
f 7229 7209 7232
f 7232 7209 7214
f 7232 7214 7236
f 7236 7214 7207
f 7236 7207 7230
f 7206 7217 7221
f 7206 7221 7211
f 7211 7221 7226
f 7211 7226 7215
f 7215 7226 7219
f 7215 7219 7207
f 7218 7241 7245
f 7218 7245 7223
f 7223 7245 7250
f 7223 7250 7227
f 7227 7250 7243
f 7227 7243 7219
f 7242 7231 7239
f 7242 7239 7247
f 7247 7239 7235
f 7247 7235 7251
f 7251 7235 7230
f 7251 7230 7243
f 7277 7229 7233
f 7277 7233 7280
f 7280 7233 7238
f 7280 7238 7284
f 7284 7238 7231
f 7284 7231 7278
f 7241 7289 7293
f 7241 7293 7244
f 7244 7293 7298
f 7244 7298 7248
f 7248 7298 7291
f 7248 7291 7242
f 7290 7279 7287
f 7290 7287 7295
f 7295 7287 7283
f 7295 7283 7299
f 7299 7283 7278
f 7299 7278 7291
f 7253 7277 7281
f 7253 7281 7256
f 7256 7281 7286
f 7256 7286 7260
f 7260 7286 7279
f 7260 7279 7254
f 7289 7265 7269
f 7289 7269 7292
f 7292 7269 7274
f 7292 7274 7296
f 7296 7274 7267
f 7296 7267 7290
f 7266 7255 7263
f 7266 7263 7271
f 7271 7263 7259
f 7271 7259 7275
f 7275 7259 7254
f 7275 7254 7267
f 7205 7253 7257
f 7205 7257 7208
f 7208 7257 7262
f 7208 7262 7212
f 7212 7262 7255
f 7212 7255 7206
f 7265 7218 7224
f 7265 7224 7268
f 7268 7224 7220
f 7268 7220 7272
f 7272 7220 7217
f 7272 7217 7266
f 7229 7277 7253
f 7229 7253 7205
f 7207 7219 7243
f 7207 7243 7230
f 7255 7266 7217
f 7255 7217 7206
f 7289 7241 7218
f 7289 7218 7265
f 7231 7242 7291
f 7231 7291 7278
f 7279 7290 7267
f 7279 7267 7254
v -0.3169074 0.6230000 0.7683952
v -0.3179820 0.6210001 0.7700820
v -0.3196688 0.6230000 0.7690074
v -0.3170510 0.6220013 0.7686206
v -0.3178933 0.6230000 0.7680839
v -0.3179971 0.6220436 0.7683256
v -0.3188243 0.6212672 0.7695454
v -0.3174454 0.6212672 0.7692397
v -0.3182748 0.6215268 0.7687615
v -0.3189069 0.6230000 0.7683086
v -0.3194435 0.6220013 0.7691509
v -0.3187107 0.6220436 0.7684838
v -0.3190566 0.6210001 0.7717687
v -0.3201312 0.6230000 0.7734556
v -0.3207434 0.6230000 0.7706941
v -0.3195932 0.6212672 0.7726110
v -0.3198989 0.6212672 0.7712322
v -0.3203771 0.6215268 0.7720615
v -0.3208300 0.6230000 0.7726936
v -0.3199877 0.6220013 0.7732302
v -0.3206548 0.6220436 0.7724974
v -0.3205181 0.6220013 0.7708377
v -0.3210547 0.6230000 0.7716800
v -0.3208131 0.6220436 0.7717838
v -0.3169074 0.7990000 0.7683952
v -0.3196688 0.7990000 0.7690074
v -0.3179820 0.8010000 0.7700820
v -0.3178933 0.7990000 0.7680839
v -0.3170510 0.7999987 0.7686206
v -0.3179971 0.7999564 0.7683256
v -0.3194435 0.7999987 0.7691509
v -0.3189069 0.7990000 0.7683086
v -0.3187107 0.7999564 0.7684838
v -0.3174454 0.8007329 0.7692397
v -0.3188243 0.8007329 0.7695454
v -0.3182748 0.8004733 0.7687615
v -0.3201312 0.7990000 0.7734556
v -0.3190566 0.8010000 0.7717687
v -0.3207434 0.7990000 0.7706941
v -0.3199877 0.7999987 0.7732302
v -0.3208300 0.7990000 0.7726936
v -0.3206548 0.7999564 0.7724974
v -0.3198989 0.8007329 0.7712322
v -0.3195932 0.8007329 0.7726110
v -0.3203771 0.8004733 0.7720615
v -0.3210547 0.7990000 0.7716800
v -0.3205181 0.7999987 0.7708377
v -0.3208131 0.7999564 0.7717838
v -0.2171684 0.6230000 0.8319359
v -0.2165562 0.6230000 0.8346974
v -0.2182430 0.6210001 0.8336228
v -0.2164697 0.6230000 0.8326979
v -0.2173120 0.6220013 0.8321613
v -0.2166448 0.6220436 0.8328941
v -0.2167816 0.6220013 0.8345538
v -0.2162450 0.6230000 0.8337115
v -0.2164866 0.6220436 0.8336077
v -0.2177064 0.6212672 0.8327805
v -0.2174007 0.6212672 0.8341593
v -0.2169225 0.6215267 0.8333300
v -0.2203922 0.6230000 0.8369963
v -0.2193176 0.6210001 0.8353095
v -0.2176308 0.6230000 0.8363841
v -0.2202486 0.6220013 0.8367710
v -0.2194064 0.6230000 0.8373076
v -0.2193025 0.6220436 0.8370659
v -0.2184753 0.6212672 0.8358461
v -0.2198542 0.6212672 0.8361518
v -0.2190249 0.6215268 0.8366300
v -0.2183928 0.6230000 0.8370829
v -0.2178562 0.6220013 0.8362406
v -0.2185889 0.6220436 0.8369077
v -0.2171684 0.7990000 0.8319359
v -0.2182430 0.8010000 0.8336228
v -0.2165562 0.7990000 0.8346974
v -0.2173120 0.7999987 0.8321613
v -0.2164697 0.7990000 0.8326979
v -0.2166448 0.7999564 0.8328941
v -0.2174007 0.8007329 0.8341593
v -0.2177064 0.8007329 0.8327805
v -0.2169225 0.8004733 0.8333300
v -0.2162450 0.7990000 0.8337115
v -0.2167816 0.7999987 0.8345538
v -0.2164866 0.7999564 0.8336077
v -0.2203922 0.7990000 0.8369963
v -0.2176308 0.7990000 0.8363841
v -0.2193176 0.8010000 0.8353095
v -0.2194064 0.7990000 0.8373076
v -0.2202486 0.7999987 0.8367710
v -0.2193025 0.7999564 0.8370659
v -0.2178562 0.7999987 0.8362406
v -0.2183928 0.7990000 0.8370829
v -0.2185889 0.7999564 0.8369077
v -0.2198542 0.8007329 0.8361518
v -0.2184753 0.8007329 0.8358461
v -0.2190249 0.8004733 0.8366300
f 7301 7304 7306
f 7301 7306 7305
f 7304 7308 7309
f 7304 7309 7306
f 7302 7307 7309
f 7302 7309 7308
f 7307 7311 7312
f 7307 7312 7309
f 7303 7310 7312
f 7303 7312 7311
f 7310 7305 7306
f 7310 7306 7312
f 7306 7309 7312
f 7313 7316 7318
f 7313 7318 7317
f 7316 7320 7321
f 7316 7321 7318
f 7314 7319 7321
f 7314 7321 7320
f 7319 7323 7324
f 7319 7324 7321
f 7315 7322 7324
f 7315 7324 7323
f 7322 7317 7318
f 7322 7318 7324
f 7318 7321 7324
f 7325 7328 7330
f 7325 7330 7329
f 7328 7332 7333
f 7328 7333 7330
f 7326 7331 7333
f 7326 7333 7332
f 7331 7335 7336
f 7331 7336 7333
f 7327 7334 7336
f 7327 7336 7335
f 7334 7329 7330
f 7334 7330 7336
f 7330 7333 7336
f 7337 7340 7342
f 7337 7342 7341
f 7340 7344 7345
f 7340 7345 7342
f 7338 7343 7345
f 7338 7345 7344
f 7343 7347 7348
f 7343 7348 7345
f 7339 7346 7348
f 7339 7348 7347
f 7346 7341 7342
f 7346 7342 7348
f 7342 7345 7348
f 7349 7352 7354
f 7349 7354 7353
f 7352 7356 7357
f 7352 7357 7354
f 7350 7355 7357
f 7350 7357 7356
f 7355 7359 7360
f 7355 7360 7357
f 7351 7358 7360
f 7351 7360 7359
f 7358 7353 7354
f 7358 7354 7360
f 7354 7357 7360
f 7361 7364 7366
f 7361 7366 7365
f 7364 7368 7369
f 7364 7369 7366
f 7362 7367 7369
f 7362 7369 7368
f 7367 7371 7372
f 7367 7372 7369
f 7363 7370 7372
f 7363 7372 7371
f 7370 7365 7366
f 7370 7366 7372
f 7366 7369 7372
f 7373 7376 7378
f 7373 7378 7377
f 7376 7380 7381
f 7376 7381 7378
f 7374 7379 7381
f 7374 7381 7380
f 7379 7383 7384
f 7379 7384 7381
f 7375 7382 7384
f 7375 7384 7383
f 7382 7377 7378
f 7382 7378 7384
f 7378 7381 7384
f 7385 7388 7390
f 7385 7390 7389
f 7388 7392 7393
f 7388 7393 7390
f 7386 7391 7393
f 7386 7393 7392
f 7391 7395 7396
f 7391 7396 7393
f 7387 7394 7396
f 7387 7396 7395
f 7394 7389 7390
f 7394 7390 7396
f 7390 7393 7396
f 7325 7301 7305
f 7325 7305 7328
f 7328 7305 7310
f 7328 7310 7332
f 7332 7310 7303
f 7332 7303 7326
f 7302 7313 7317
f 7302 7317 7307
f 7307 7317 7322
f 7307 7322 7311
f 7311 7322 7315
f 7311 7315 7303
f 7314 7337 7341
f 7314 7341 7319
f 7319 7341 7346
f 7319 7346 7323
f 7323 7346 7339
f 7323 7339 7315
f 7338 7327 7335
f 7338 7335 7343
f 7343 7335 7331
f 7343 7331 7347
f 7347 7331 7326
f 7347 7326 7339
f 7373 7325 7329
f 7373 7329 7376
f 7376 7329 7334
f 7376 7334 7380
f 7380 7334 7327
f 7380 7327 7374
f 7337 7385 7389
f 7337 7389 7340
f 7340 7389 7394
f 7340 7394 7344
f 7344 7394 7387
f 7344 7387 7338
f 7386 7375 7383
f 7386 7383 7391
f 7391 7383 7379
f 7391 7379 7395
f 7395 7379 7374
f 7395 7374 7387
f 7349 7373 7377
f 7349 7377 7352
f 7352 7377 7382
f 7352 7382 7356
f 7356 7382 7375
f 7356 7375 7350
f 7385 7361 7365
f 7385 7365 7388
f 7388 7365 7370
f 7388 7370 7392
f 7392 7370 7363
f 7392 7363 7386
f 7362 7351 7359
f 7362 7359 7367
f 7367 7359 7355
f 7367 7355 7371
f 7371 7355 7350
f 7371 7350 7363
f 7301 7349 7353
f 7301 7353 7304
f 7304 7353 7358
f 7304 7358 7308
f 7308 7358 7351
f 7308 7351 7302
f 7361 7314 7320
f 7361 7320 7364
f 7364 7320 7316
f 7364 7316 7368
f 7368 7316 7313
f 7368 7313 7362
f 7325 7373 7349
f 7325 7349 7301
f 7303 7315 7339
f 7303 7339 7326
f 7351 7362 7313
f 7351 7313 7302
f 7385 7337 7314
f 7385 7314 7361
f 7327 7338 7387
f 7327 7387 7374
f 7375 7386 7363
f 7375 7363 7350
v -0.3959301 0.6230000 0.6871776
v -0.3973566 0.6210001 0.6885794
v -0.3987584 0.6230000 0.6871529
v -0.3961206 0.6220013 0.6873649
v -0.3968206 0.6230000 0.6866525
v -0.3969761 0.6220436 0.6868646
v -0.3980565 0.6212672 0.6878671
v -0.3966442 0.6212672 0.6878794
v -0.3973448 0.6215268 0.6872268
v -0.3978588 0.6230000 0.6866435
v -0.3985711 0.6220013 0.6873435
v -0.3977070 0.6220436 0.6868582
v -0.3987831 0.6210001 0.6899812
v -0.4002095 0.6230000 0.6913830
v -0.4001849 0.6230000 0.6885547
v -0.3994954 0.6212672 0.6906812
v -0.3994831 0.6212672 0.6892689
v -0.4001356 0.6215268 0.6899694
v -0.4007190 0.6230000 0.6904835
v -0.4000190 0.6220013 0.6911957
v -0.4005042 0.6220436 0.6903316
v -0.3999976 0.6220013 0.6887453
v -0.4007099 0.6230000 0.6894453
v -0.4004979 0.6220436 0.6896008
v -0.3959301 0.7990000 0.6871776
v -0.3987584 0.7990000 0.6871529
v -0.3973566 0.8010000 0.6885794
v -0.3968206 0.7990000 0.6866525
v -0.3961206 0.7999987 0.6873649
v -0.3969761 0.7999564 0.6868646
v -0.3985711 0.7999987 0.6873435
v -0.3978588 0.7990000 0.6866435
v -0.3977070 0.7999564 0.6868582
v -0.3966442 0.8007329 0.6878794
v -0.3980565 0.8007329 0.6878671
v -0.3973447 0.8004733 0.6872268
v -0.4002095 0.7990000 0.6913830
v -0.3987831 0.8010000 0.6899812
v -0.4001849 0.7990000 0.6885547
v -0.4000190 0.7999987 0.6911957
v -0.4007190 0.7990000 0.6904835
v -0.4005042 0.7999564 0.6903316
v -0.3994831 0.8007329 0.6892689
v -0.3994954 0.8007329 0.6906812
v -0.4001356 0.8004733 0.6899694
v -0.4007099 0.7990000 0.6894453
v -0.3999976 0.7999987 0.6887453
v -0.4004979 0.7999564 0.6896008
v -0.3130409 0.6230000 0.7715262
v -0.3130656 0.6230000 0.7743545
v -0.3144674 0.6210001 0.7729280
v -0.3125315 0.6230000 0.7724258
v -0.3132315 0.6220013 0.7717135
v -0.3127462 0.6220436 0.7725775
v -0.3132529 0.6220013 0.7741640
v -0.3125406 0.6230000 0.7734640
v -0.3127526 0.6220436 0.7733085
v -0.3137551 0.6212672 0.7722280
v -0.3137674 0.6212672 0.7736403
v -0.3131149 0.6215267 0.7729398
v -0.3173204 0.6230000 0.7757316
v -0.3158939 0.6210001 0.7743298
v -0.3144921 0.6230000 0.7757564
v -0.3171298 0.6220013 0.7755443
v -0.3164298 0.6230000 0.7762567
v -0.3162743 0.6220436 0.7760446
v -0.3151939 0.6212672 0.7750421
v -0.3166062 0.6212672 0.7750298
v -0.3159057 0.6215268 0.7756824
v -0.3153917 0.6230000 0.7762657
v -0.3146794 0.6220013 0.7755657
v -0.3155434 0.6220436 0.7760510
v -0.3130409 0.7990000 0.7715262
v -0.3144674 0.8010000 0.7729280
v -0.3130656 0.7990000 0.7743545
v -0.3132315 0.7999987 0.7717135
v -0.3125315 0.7990000 0.7724258
v -0.3127462 0.7999564 0.7725776
v -0.3137674 0.8007329 0.7736403
v -0.3137551 0.8007329 0.7722280
v -0.3131149 0.8004733 0.7729398
v -0.3125405 0.7990000 0.7734640
v -0.3132529 0.7999987 0.7741640
v -0.3127526 0.7999564 0.7733085
v -0.3173204 0.7990000 0.7757316
v -0.3144921 0.7990000 0.7757564
v -0.3158939 0.8010000 0.7743298
v -0.3164299 0.7990000 0.7762567
v -0.3171298 0.7999987 0.7755443
v -0.3162743 0.7999564 0.7760446
v -0.3146794 0.7999987 0.7755657
v -0.3153917 0.7990000 0.7762657
v -0.3155434 0.7999564 0.7760510
v -0.3166062 0.8007329 0.7750298
v -0.3151939 0.8007329 0.7750421
v -0.3159057 0.8004733 0.7756824
f 7397 7400 7402
f 7397 7402 7401
f 7400 7404 7405
f 7400 7405 7402
f 7398 7403 7405
f 7398 7405 7404
f 7403 7407 7408
f 7403 7408 7405
f 7399 7406 7408
f 7399 7408 7407
f 7406 7401 7402
f 7406 7402 7408
f 7402 7405 7408
f 7409 7412 7414
f 7409 7414 7413
f 7412 7416 7417
f 7412 7417 7414
f 7410 7415 7417
f 7410 7417 7416
f 7415 7419 7420
f 7415 7420 7417
f 7411 7418 7420
f 7411 7420 7419
f 7418 7413 7414
f 7418 7414 7420
f 7414 7417 7420
f 7421 7424 7426
f 7421 7426 7425
f 7424 7428 7429
f 7424 7429 7426
f 7422 7427 7429
f 7422 7429 7428
f 7427 7431 7432
f 7427 7432 7429
f 7423 7430 7432
f 7423 7432 7431
f 7430 7425 7426
f 7430 7426 7432
f 7426 7429 7432
f 7433 7436 7438
f 7433 7438 7437
f 7436 7440 7441
f 7436 7441 7438
f 7434 7439 7441
f 7434 7441 7440
f 7439 7443 7444
f 7439 7444 7441
f 7435 7442 7444
f 7435 7444 7443
f 7442 7437 7438
f 7442 7438 7444
f 7438 7441 7444
f 7445 7448 7450
f 7445 7450 7449
f 7448 7452 7453
f 7448 7453 7450
f 7446 7451 7453
f 7446 7453 7452
f 7451 7455 7456
f 7451 7456 7453
f 7447 7454 7456
f 7447 7456 7455
f 7454 7449 7450
f 7454 7450 7456
f 7450 7453 7456
f 7457 7460 7462
f 7457 7462 7461
f 7460 7464 7465
f 7460 7465 7462
f 7458 7463 7465
f 7458 7465 7464
f 7463 7467 7468
f 7463 7468 7465
f 7459 7466 7468
f 7459 7468 7467
f 7466 7461 7462
f 7466 7462 7468
f 7462 7465 7468
f 7469 7472 7474
f 7469 7474 7473
f 7472 7476 7477
f 7472 7477 7474
f 7470 7475 7477
f 7470 7477 7476
f 7475 7479 7480
f 7475 7480 7477
f 7471 7478 7480
f 7471 7480 7479
f 7478 7473 7474
f 7478 7474 7480
f 7474 7477 7480
f 7481 7484 7486
f 7481 7486 7485
f 7484 7488 7489
f 7484 7489 7486
f 7482 7487 7489
f 7482 7489 7488
f 7487 7491 7492
f 7487 7492 7489
f 7483 7490 7492
f 7483 7492 7491
f 7490 7485 7486
f 7490 7486 7492
f 7486 7489 7492
f 7421 7397 7401
f 7421 7401 7424
f 7424 7401 7406
f 7424 7406 7428
f 7428 7406 7399
f 7428 7399 7422
f 7398 7409 7413
f 7398 7413 7403
f 7403 7413 7418
f 7403 7418 7407
f 7407 7418 7411
f 7407 7411 7399
f 7410 7433 7437
f 7410 7437 7415
f 7415 7437 7442
f 7415 7442 7419
f 7419 7442 7435
f 7419 7435 7411
f 7434 7423 7431
f 7434 7431 7439
f 7439 7431 7427
f 7439 7427 7443
f 7443 7427 7422
f 7443 7422 7435
f 7469 7421 7425
f 7469 7425 7472
f 7472 7425 7430
f 7472 7430 7476
f 7476 7430 7423
f 7476 7423 7470
f 7433 7481 7485
f 7433 7485 7436
f 7436 7485 7490
f 7436 7490 7440
f 7440 7490 7483
f 7440 7483 7434
f 7482 7471 7479
f 7482 7479 7487
f 7487 7479 7475
f 7487 7475 7491
f 7491 7475 7470
f 7491 7470 7483
f 7445 7469 7473
f 7445 7473 7448
f 7448 7473 7478
f 7448 7478 7452
f 7452 7478 7471
f 7452 7471 7446
f 7481 7457 7461
f 7481 7461 7484
f 7484 7461 7466
f 7484 7466 7488
f 7488 7466 7459
f 7488 7459 7482
f 7458 7447 7455
f 7458 7455 7463
f 7463 7455 7451
f 7463 7451 7467
f 7467 7451 7446
f 7467 7446 7459
f 7397 7445 7449
f 7397 7449 7400
f 7400 7449 7454
f 7400 7454 7404
f 7404 7454 7447
f 7404 7447 7398
f 7457 7410 7416
f 7457 7416 7460
f 7460 7416 7412
f 7460 7412 7464
f 7464 7412 7409
f 7464 7409 7458
f 7421 7469 7445
f 7421 7445 7397
f 7399 7411 7435
f 7399 7435 7422
f 7447 7458 7409
f 7447 7409 7398
f 7481 7433 7410
f 7481 7410 7457
f 7423 7434 7483
f 7423 7483 7470
f 7471 7482 7459
f 7471 7459 7446
v -0.4546573 0.6230000 0.5902654
v -0.4563626 0.6210001 0.5913104
v -0.4574076 0.6230000 0.5896051
v -0.4548852 0.6220013 0.5904050
v -0.4554070 0.6230000 0.5895535
v -0.4556062 0.6220436 0.5897251
v -0.4568844 0.6212672 0.5904589
v -0.4555111 0.6212672 0.5907886
v -0.4560469 0.6215268 0.5899952
v -0.4564165 0.6230000 0.5893111
v -0.4572680 0.6220013 0.5898330
v -0.4563169 0.6220436 0.5895545
v -0.4580679 0.6210001 0.5923554
v -0.4597732 0.6230000 0.5934004
v -0.4591129 0.6230000 0.5906501
v -0.4589194 0.6212672 0.5928772
v -0.4585897 0.6212672 0.5915039
v -0.4593831 0.6215268 0.5920396
v -0.4600672 0.6230000 0.5924093
v -0.4595454 0.6220013 0.5932608
v -0.4598238 0.6220436 0.5923097
v -0.4589733 0.6220013 0.5908780
v -0.4598248 0.6230000 0.5913997
v -0.4596532 0.6220436 0.5915989
v -0.4546573 0.7990000 0.5902654
v -0.4574076 0.7990000 0.5896051
v -0.4563626 0.8010000 0.5913104
v -0.4554070 0.7990000 0.5895535
v -0.4548852 0.7999987 0.5904050
v -0.4556062 0.7999564 0.5897251
v -0.4572680 0.7999987 0.5898330
v -0.4564165 0.7990000 0.5893111
v -0.4563169 0.7999564 0.5895545
v -0.4555111 0.8007329 0.5907886
v -0.4568844 0.8007329 0.5904589
v -0.4560469 0.8004733 0.5899952
v -0.4597732 0.7990000 0.5934004
v -0.4580679 0.8010000 0.5923554
v -0.4591129 0.7990000 0.5906501
v -0.4595454 0.7999987 0.5932608
v -0.4600672 0.7990000 0.5924093
v -0.4598238 0.7999564 0.5923097
v -0.4585897 0.8007329 0.5915039
v -0.4589194 0.8007329 0.5928772
v -0.4593831 0.8004733 0.5920396
v -0.4598248 0.7990000 0.5913997
v -0.4589733 0.7999987 0.5908780
v -0.4596532 0.7999564 0.5915989
v -0.3928670 0.6230000 0.6910982
v -0.3935272 0.6230000 0.6938484
v -0.3945722 0.6210001 0.6921432
v -0.3925730 0.6230000 0.6920893
v -0.3930948 0.6220013 0.6912378
v -0.3928163 0.6220436 0.6921889
v -0.3936669 0.6220013 0.6936206
v -0.3928153 0.6230000 0.6930988
v -0.3929870 0.6220436 0.6928996
v -0.3937207 0.6212672 0.6916214
v -0.3940504 0.6212672 0.6929947
v -0.3932570 0.6215267 0.6924589
v -0.3979828 0.6230000 0.6942332
v -0.3962775 0.6210001 0.6931882
v -0.3952325 0.6230000 0.6948935
v -0.3977550 0.6220013 0.6940936
v -0.3972332 0.6230000 0.6949451
v -0.3970340 0.6220436 0.6947734
v -0.3957557 0.6212672 0.6940397
v -0.3971290 0.6212672 0.6937100
v -0.3965933 0.6215268 0.6945034
v -0.3962237 0.6230000 0.6951874
v -0.3953721 0.6220013 0.6946656
v -0.3963232 0.6220436 0.6949441
v -0.3928670 0.7990000 0.6910982
v -0.3945722 0.8010000 0.6921432
v -0.3935272 0.7990000 0.6938484
v -0.3930948 0.7999987 0.6912378
v -0.3925730 0.7990000 0.6920893
v -0.3928163 0.7999564 0.6921889
v -0.3940504 0.8007329 0.6929947
v -0.3937207 0.8007329 0.6916214
v -0.3932570 0.8004733 0.6924589
v -0.3928153 0.7990000 0.6930988
v -0.3936669 0.7999987 0.6936206
v -0.3929870 0.7999564 0.6928996
v -0.3979828 0.7990000 0.6942332
v -0.3952325 0.7990000 0.6948935
v -0.3962775 0.8010000 0.6931882
v -0.3972332 0.7990000 0.6949451
v -0.3977550 0.7999987 0.6940936
v -0.3970340 0.7999564 0.6947734
v -0.3953721 0.7999987 0.6946656
v -0.3962237 0.7990000 0.6951874
v -0.3963232 0.7999564 0.6949441
v -0.3971290 0.8007329 0.6937100
v -0.3957557 0.8007329 0.6940397
v -0.3965933 0.8004733 0.6945034
f 7493 7496 7498
f 7493 7498 7497
f 7496 7500 7501
f 7496 7501 7498
f 7494 7499 7501
f 7494 7501 7500
f 7499 7503 7504
f 7499 7504 7501
f 7495 7502 7504
f 7495 7504 7503
f 7502 7497 7498
f 7502 7498 7504
f 7498 7501 7504
f 7505 7508 7510
f 7505 7510 7509
f 7508 7512 7513
f 7508 7513 7510
f 7506 7511 7513
f 7506 7513 7512
f 7511 7515 7516
f 7511 7516 7513
f 7507 7514 7516
f 7507 7516 7515
f 7514 7509 7510
f 7514 7510 7516
f 7510 7513 7516
f 7517 7520 7522
f 7517 7522 7521
f 7520 7524 7525
f 7520 7525 7522
f 7518 7523 7525
f 7518 7525 7524
f 7523 7527 7528
f 7523 7528 7525
f 7519 7526 7528
f 7519 7528 7527
f 7526 7521 7522
f 7526 7522 7528
f 7522 7525 7528
f 7529 7532 7534
f 7529 7534 7533
f 7532 7536 7537
f 7532 7537 7534
f 7530 7535 7537
f 7530 7537 7536
f 7535 7539 7540
f 7535 7540 7537
f 7531 7538 7540
f 7531 7540 7539
f 7538 7533 7534
f 7538 7534 7540
f 7534 7537 7540
f 7541 7544 7546
f 7541 7546 7545
f 7544 7548 7549
f 7544 7549 7546
f 7542 7547 7549
f 7542 7549 7548
f 7547 7551 7552
f 7547 7552 7549
f 7543 7550 7552
f 7543 7552 7551
f 7550 7545 7546
f 7550 7546 7552
f 7546 7549 7552
f 7553 7556 7558
f 7553 7558 7557
f 7556 7560 7561
f 7556 7561 7558
f 7554 7559 7561
f 7554 7561 7560
f 7559 7563 7564
f 7559 7564 7561
f 7555 7562 7564
f 7555 7564 7563
f 7562 7557 7558
f 7562 7558 7564
f 7558 7561 7564
f 7565 7568 7570
f 7565 7570 7569
f 7568 7572 7573
f 7568 7573 7570
f 7566 7571 7573
f 7566 7573 7572
f 7571 7575 7576
f 7571 7576 7573
f 7567 7574 7576
f 7567 7576 7575
f 7574 7569 7570
f 7574 7570 7576
f 7570 7573 7576
f 7577 7580 7582
f 7577 7582 7581
f 7580 7584 7585
f 7580 7585 7582
f 7578 7583 7585
f 7578 7585 7584
f 7583 7587 7588
f 7583 7588 7585
f 7579 7586 7588
f 7579 7588 7587
f 7586 7581 7582
f 7586 7582 7588
f 7582 7585 7588
f 7517 7493 7497
f 7517 7497 7520
f 7520 7497 7502
f 7520 7502 7524
f 7524 7502 7495
f 7524 7495 7518
f 7494 7505 7509
f 7494 7509 7499
f 7499 7509 7514
f 7499 7514 7503
f 7503 7514 7507
f 7503 7507 7495
f 7506 7529 7533
f 7506 7533 7511
f 7511 7533 7538
f 7511 7538 7515
f 7515 7538 7531
f 7515 7531 7507
f 7530 7519 7527
f 7530 7527 7535
f 7535 7527 7523
f 7535 7523 7539
f 7539 7523 7518
f 7539 7518 7531
f 7565 7517 7521
f 7565 7521 7568
f 7568 7521 7526
f 7568 7526 7572
f 7572 7526 7519
f 7572 7519 7566
f 7529 7577 7581
f 7529 7581 7532
f 7532 7581 7586
f 7532 7586 7536
f 7536 7586 7579
f 7536 7579 7530
f 7578 7567 7575
f 7578 7575 7583
f 7583 7575 7571
f 7583 7571 7587
f 7587 7571 7566
f 7587 7566 7579
f 7541 7565 7569
f 7541 7569 7544
f 7544 7569 7574
f 7544 7574 7548
f 7548 7574 7567
f 7548 7567 7542
f 7577 7553 7557
f 7577 7557 7580
f 7580 7557 7562
f 7580 7562 7584
f 7584 7562 7555
f 7584 7555 7578
f 7554 7543 7551
f 7554 7551 7559
f 7559 7551 7547
f 7559 7547 7563
f 7563 7547 7542
f 7563 7542 7555
f 7493 7541 7545
f 7493 7545 7496
f 7496 7545 7550
f 7496 7550 7500
f 7500 7550 7543
f 7500 7543 7494
f 7553 7506 7512
f 7553 7512 7556
f 7556 7512 7508
f 7556 7508 7560
f 7560 7508 7505
f 7560 7505 7554
f 7517 7565 7541
f 7517 7541 7493
f 7495 7507 7531
f 7495 7531 7518
f 7543 7554 7505
f 7543 7505 7494
f 7577 7529 7506
f 7577 7506 7553
f 7519 7530 7579
f 7519 7579 7566
f 7567 7578 7555
f 7567 7555 7542
v 0.4740000 0.4040000 0.4375000
v 0.4740000 0.4000000 0.4415000
v 0.4700000 0.4040000 0.4415000
v 0.4740000 0.4020026 0.4380344
v 0.4720026 0.4040000 0.4380344
v 0.4720871 0.4020872 0.4385535
v 0.4720026 0.4005344 0.4415000
v 0.4740000 0.4005344 0.4395026
v 0.4720871 0.4010535 0.4395871
v 0.4705344 0.4040000 0.4395026
v 0.4705344 0.4020026 0.4415000
v 0.4710534 0.4020872 0.4395871
v 0.4740000 0.4000000 0.4585000
v 0.4740000 0.4040000 0.4625000
v 0.4700000 0.4040000 0.4585000
v 0.4740000 0.4005344 0.4604974
v 0.4720026 0.4005344 0.4585000
v 0.4720871 0.4010535 0.4604128
v 0.4720026 0.4040000 0.4619656
v 0.4740000 0.4020026 0.4619656
v 0.4720871 0.4020872 0.4614465
v 0.4705344 0.4020026 0.4585000
v 0.4705344 0.4040000 0.4604974
v 0.4710534 0.4020872 0.4604128
v 0.4740000 0.6760000 0.4375000
v 0.4700000 0.6760000 0.4415000
v 0.4740000 0.6800000 0.4415000
v 0.4720026 0.6760000 0.4380344
v 0.4740000 0.6779974 0.4380344
v 0.4720871 0.6779129 0.4385535
v 0.4705344 0.6779974 0.4415000
v 0.4705344 0.6760000 0.4395026
v 0.4710534 0.6779129 0.4395871
v 0.4740000 0.6794657 0.4395026
v 0.4720026 0.6794657 0.4415000
v 0.4720871 0.6789466 0.4395871
v 0.4740000 0.6760000 0.4625000
v 0.4740000 0.6800000 0.4585000
v 0.4700000 0.6760000 0.4585000
v 0.4740000 0.6779974 0.4619656
v 0.4720026 0.6760000 0.4619656
v 0.4720871 0.6779129 0.4614465
v 0.4720026 0.6794657 0.4585000
v 0.4740000 0.6794657 0.4604974
v 0.4720871 0.6789466 0.4604128
v 0.4705344 0.6760000 0.4604974
v 0.4705344 0.6779974 0.4585000
v 0.4710534 0.6779129 0.4604128
v 2.0460000 0.4040000 0.4375000
v 2.0500000 0.4040000 0.4415000
v 2.0460000 0.4000000 0.4415000
v 2.0479975 0.4040000 0.4380344
v 2.0460000 0.4020026 0.4380344
v 2.0479128 0.4020872 0.4385535
v 2.0494657 0.4020026 0.4415000
v 2.0494657 0.4040000 0.4395026
v 2.0489466 0.4020872 0.4395871
v 2.0460000 0.4005344 0.4395026
v 2.0479975 0.4005344 0.4415000
v 2.0479128 0.4010535 0.4395871
v 2.0460000 0.4040000 0.4625000
v 2.0460000 0.4000000 0.4585000
v 2.0500000 0.4040000 0.4585000
v 2.0460000 0.4020026 0.4619656
v 2.0479975 0.4040000 0.4619656
v 2.0479128 0.4020872 0.4614465
v 2.0479975 0.4005344 0.4585000
v 2.0460000 0.4005344 0.4604974
v 2.0479128 0.4010535 0.4604128
v 2.0494657 0.4040000 0.4604974
v 2.0494657 0.4020026 0.4585000
v 2.0489466 0.4020872 0.4604128
v 2.0460000 0.6760000 0.4375000
v 2.0460000 0.6800000 0.4415000
v 2.0500000 0.6760000 0.4415000
v 2.0460000 0.6779974 0.4380344
v 2.0479975 0.6760000 0.4380344
v 2.0479128 0.6779129 0.4385535
v 2.0479975 0.6794657 0.4415000
v 2.0460000 0.6794657 0.4395026
v 2.0479128 0.6789466 0.4395871
v 2.0494657 0.6760000 0.4395026
v 2.0494657 0.6779974 0.4415000
v 2.0489466 0.6779129 0.4395871
v 2.0460000 0.6760000 0.4625000
v 2.0500000 0.6760000 0.4585000
v 2.0460000 0.6800000 0.4585000
v 2.0479975 0.6760000 0.4619656
v 2.0460000 0.6779974 0.4619656
v 2.0479128 0.6779129 0.4614465
v 2.0494657 0.6779974 0.4585000
v 2.0494657 0.6760000 0.4604974
v 2.0489466 0.6779129 0.4604128
v 2.0460000 0.6794657 0.4604974
v 2.0479975 0.6794657 0.4585000
v 2.0479128 0.6789466 0.4604128
f 7589 7592 7594
f 7589 7594 7593
f 7592 7596 7597
f 7592 7597 7594
f 7590 7595 7597
f 7590 7597 7596
f 7595 7599 7600
f 7595 7600 7597
f 7591 7598 7600
f 7591 7600 7599
f 7598 7593 7594
f 7598 7594 7600
f 7594 7597 7600
f 7601 7604 7606
f 7601 7606 7605
f 7604 7608 7609
f 7604 7609 7606
f 7602 7607 7609
f 7602 7609 7608
f 7607 7611 7612
f 7607 7612 7609
f 7603 7610 7612
f 7603 7612 7611
f 7610 7605 7606
f 7610 7606 7612
f 7606 7609 7612
f 7613 7616 7618
f 7613 7618 7617
f 7616 7620 7621
f 7616 7621 7618
f 7614 7619 7621
f 7614 7621 7620
f 7619 7623 7624
f 7619 7624 7621
f 7615 7622 7624
f 7615 7624 7623
f 7622 7617 7618
f 7622 7618 7624
f 7618 7621 7624
f 7625 7628 7630
f 7625 7630 7629
f 7628 7632 7633
f 7628 7633 7630
f 7626 7631 7633
f 7626 7633 7632
f 7631 7635 7636
f 7631 7636 7633
f 7627 7634 7636
f 7627 7636 7635
f 7634 7629 7630
f 7634 7630 7636
f 7630 7633 7636
f 7637 7640 7642
f 7637 7642 7641
f 7640 7644 7645
f 7640 7645 7642
f 7638 7643 7645
f 7638 7645 7644
f 7643 7647 7648
f 7643 7648 7645
f 7639 7646 7648
f 7639 7648 7647
f 7646 7641 7642
f 7646 7642 7648
f 7642 7645 7648
f 7649 7652 7654
f 7649 7654 7653
f 7652 7656 7657
f 7652 7657 7654
f 7650 7655 7657
f 7650 7657 7656
f 7655 7659 7660
f 7655 7660 7657
f 7651 7658 7660
f 7651 7660 7659
f 7658 7653 7654
f 7658 7654 7660
f 7654 7657 7660
f 7661 7664 7666
f 7661 7666 7665
f 7664 7668 7669
f 7664 7669 7666
f 7662 7667 7669
f 7662 7669 7668
f 7667 7671 7672
f 7667 7672 7669
f 7663 7670 7672
f 7663 7672 7671
f 7670 7665 7666
f 7670 7666 7672
f 7666 7669 7672
f 7673 7676 7678
f 7673 7678 7677
f 7676 7680 7681
f 7676 7681 7678
f 7674 7679 7681
f 7674 7681 7680
f 7679 7683 7684
f 7679 7684 7681
f 7675 7682 7684
f 7675 7684 7683
f 7682 7677 7678
f 7682 7678 7684
f 7678 7681 7684
f 7613 7589 7593
f 7613 7593 7616
f 7616 7593 7598
f 7616 7598 7620
f 7620 7598 7591
f 7620 7591 7614
f 7590 7601 7605
f 7590 7605 7595
f 7595 7605 7610
f 7595 7610 7599
f 7599 7610 7603
f 7599 7603 7591
f 7602 7625 7629
f 7602 7629 7607
f 7607 7629 7634
f 7607 7634 7611
f 7611 7634 7627
f 7611 7627 7603
f 7626 7615 7623
f 7626 7623 7631
f 7631 7623 7619
f 7631 7619 7635
f 7635 7619 7614
f 7635 7614 7627
f 7661 7613 7617
f 7661 7617 7664
f 7664 7617 7622
f 7664 7622 7668
f 7668 7622 7615
f 7668 7615 7662
f 7625 7673 7677
f 7625 7677 7628
f 7628 7677 7682
f 7628 7682 7632
f 7632 7682 7675
f 7632 7675 7626
f 7674 7663 7671
f 7674 7671 7679
f 7679 7671 7667
f 7679 7667 7683
f 7683 7667 7662
f 7683 7662 7675
f 7637 7661 7665
f 7637 7665 7640
f 7640 7665 7670
f 7640 7670 7644
f 7644 7670 7663
f 7644 7663 7638
f 7673 7649 7653
f 7673 7653 7676
f 7676 7653 7658
f 7676 7658 7680
f 7680 7658 7651
f 7680 7651 7674
f 7650 7639 7647
f 7650 7647 7655
f 7655 7647 7643
f 7655 7643 7659
f 7659 7643 7638
f 7659 7638 7651
f 7589 7637 7641
f 7589 7641 7592
f 7592 7641 7646
f 7592 7646 7596
f 7596 7646 7639
f 7596 7639 7590
f 7649 7602 7608
f 7649 7608 7652
f 7652 7608 7604
f 7652 7604 7656
f 7656 7604 7601
f 7656 7601 7650
f 7613 7661 7637
f 7613 7637 7589
f 7591 7603 7627
f 7591 7627 7614
f 7639 7650 7601
f 7639 7601 7590
f 7673 7625 7602
f 7673 7602 7649
f 7615 7626 7675
f 7615 7675 7662
f 7663 7674 7651
f 7663 7651 7638
v 0.8000000 0.3568636 0.5872021
v 0.8000000 0.5568637 0.4747021
v 0.7946424 0.3563412 0.5862733
v 0.7946424 0.5563412 0.4737732
v 0.7901005 0.3548533 0.5836282
v 0.7901005 0.5548534 0.4711282
v 0.7870657 0.3526266 0.5796695
v 0.7870657 0.5526266 0.4671695
v 0.7860000 0.3500000 0.5750000
v 0.7860000 0.5500000 0.4625000
v 0.7870657 0.3473733 0.5703305
v 0.7870657 0.5473734 0.4578305
v 0.7901005 0.3451466 0.5663719
v 0.7901005 0.5451467 0.4538718
v 0.7946424 0.3436588 0.5637268
v 0.7946424 0.5436589 0.4512268
v 0.8000000 0.3431363 0.5627980
v 0.8000000 0.5431364 0.4502980
v 0.8053576 0.3436588 0.5637268
v 0.8053576 0.5436589 0.4512268
v 0.8098995 0.3451466 0.5663719
v 0.8098995 0.5451467 0.4538718
v 0.8129343 0.3473733 0.5703305
v 0.8129343 0.5473734 0.4578305
v 0.8140000 0.3500000 0.5750000
v 0.8140000 0.5500000 0.4625000
v 0.8129343 0.3526266 0.5796695
v 0.8129343 0.5526266 0.4671695
v 0.8098995 0.3548533 0.5836282
v 0.8098995 0.5548534 0.4711282
v 0.8053576 0.3563412 0.5862733
v 0.8053576 0.5563412 0.4737732
f 7685 7686 7688
f 7685 7688 7687
f 7687 7688 7690
f 7687 7690 7689
f 7689 7690 7692
f 7689 7692 7691
f 7691 7692 7694
f 7691 7694 7693
f 7693 7694 7696
f 7693 7696 7695
f 7695 7696 7698
f 7695 7698 7697
f 7697 7698 7700
f 7697 7700 7699
f 7699 7700 7702
f 7699 7702 7701
f 7701 7702 7704
f 7701 7704 7703
f 7703 7704 7706
f 7703 7706 7705
f 7705 7706 7708
f 7705 7708 7707
f 7707 7708 7710
f 7707 7710 7709
f 7709 7710 7712
f 7709 7712 7711
f 7711 7712 7714
f 7711 7714 7713
f 7690 7688 7686
f 7686 7716 7714
f 7714 7712 7710
f 7710 7708 7706
f 7706 7704 7702
f 7702 7700 7698
f 7698 7696 7694
f 7694 7692 7690
f 7690 7686 7714
f 7714 7710 7706
f 7706 7702 7698
f 7698 7694 7690
f 7690 7714 7706
f 7706 7698 7690
f 7713 7714 7716
f 7713 7716 7715
f 7715 7716 7686
f 7715 7686 7685
f 7715 7685 7687
f 7687 7689 7691
f 7691 7693 7695
f 7695 7697 7699
f 7699 7701 7703
f 7703 7705 7707
f 7707 7709 7711
f 7711 7713 7715
f 7715 7687 7691
f 7691 7695 7699
f 7699 7703 7707
f 7707 7711 7715
f 7715 7691 7699
f 7699 7707 7715
v 1.7000000 0.3568636 0.5872021
v 1.7000000 0.5568637 0.4747021
v 1.6946424 0.3563412 0.5862733
v 1.6946424 0.5563412 0.4737732
v 1.6901006 0.3548533 0.5836282
v 1.6901006 0.5548534 0.4711282
v 1.6870657 0.3526266 0.5796695
v 1.6870657 0.5526266 0.4671695
v 1.6860000 0.3500000 0.5750000
v 1.6860000 0.5500000 0.4625000
v 1.6870657 0.3473733 0.5703305
v 1.6870657 0.5473734 0.4578305
v 1.6901006 0.3451466 0.5663719
v 1.6901006 0.5451467 0.4538718
v 1.6946424 0.3436588 0.5637268
v 1.6946424 0.5436589 0.4512268
v 1.7000000 0.3431363 0.5627980
v 1.7000000 0.5431364 0.4502980
v 1.7053577 0.3436588 0.5637268
v 1.7053577 0.5436589 0.4512268
v 1.7098995 0.3451466 0.5663719
v 1.7098995 0.5451467 0.4538718
v 1.7129344 0.3473733 0.5703305
v 1.7129344 0.5473734 0.4578305
v 1.7140001 0.3500000 0.5750000
v 1.7140001 0.5500000 0.4625000
v 1.7129344 0.3526266 0.5796695
v 1.7129344 0.5526266 0.4671695
v 1.7098995 0.3548533 0.5836282
v 1.7098995 0.5548534 0.4711282
v 1.7053577 0.3563412 0.5862733
v 1.7053577 0.5563412 0.4737732
f 7717 7718 7720
f 7717 7720 7719
f 7719 7720 7722
f 7719 7722 7721
f 7721 7722 7724
f 7721 7724 7723
f 7723 7724 7726
f 7723 7726 7725
f 7725 7726 7728
f 7725 7728 7727
f 7727 7728 7730
f 7727 7730 7729
f 7729 7730 7732
f 7729 7732 7731
f 7731 7732 7734
f 7731 7734 7733
f 7733 7734 7736
f 7733 7736 7735
f 7735 7736 7738
f 7735 7738 7737
f 7737 7738 7740
f 7737 7740 7739
f 7739 7740 7742
f 7739 7742 7741
f 7741 7742 7744
f 7741 7744 7743
f 7743 7744 7746
f 7743 7746 7745
f 7722 7720 7718
f 7718 7748 7746
f 7746 7744 7742
f 7742 7740 7738
f 7738 7736 7734
f 7734 7732 7730
f 7730 7728 7726
f 7726 7724 7722
f 7722 7718 7746
f 7746 7742 7738
f 7738 7734 7730
f 7730 7726 7722
f 7722 7746 7738
f 7738 7730 7722
f 7745 7746 7748
f 7745 7748 7747
f 7747 7748 7718
f 7747 7718 7717
f 7747 7717 7719
f 7719 7721 7723
f 7723 7725 7727
f 7727 7729 7731
f 7731 7733 7735
f 7735 7737 7739
f 7739 7741 7743
f 7743 7745 7747
f 7747 7719 7723
f 7723 7727 7731
f 7731 7735 7739
f 7739 7743 7747
f 7747 7723 7731
f 7731 7739 7747
v 2.8399999 0.3250000 0.6400000
v 2.8399999 0.4450000 0.6400000
v 2.8323462 0.3250000 0.6384776
v 2.8323462 0.4450000 0.6384776
v 2.8258579 0.3250000 0.6341422
v 2.8258579 0.4450000 0.6341422
v 2.8215222 0.3250000 0.6276537
v 2.8215222 0.4450000 0.6276537
v 2.8199999 0.3250000 0.6200000
v 2.8199999 0.4450000 0.6200000
v 2.8215222 0.3250000 0.6123464
v 2.8215222 0.4450000 0.6123464
v 2.8258579 0.3250000 0.6058578
v 2.8258579 0.4450000 0.6058578
v 2.8323462 0.3250000 0.6015224
v 2.8323462 0.4450000 0.6015224
v 2.8399999 0.3250000 0.6000000
v 2.8399999 0.4450000 0.6000000
v 2.8476536 0.3250000 0.6015224
v 2.8476536 0.4450000 0.6015224
v 2.8541420 0.3250000 0.6058578
v 2.8541420 0.4450000 0.6058578
v 2.8584776 0.3250000 0.6123464
v 2.8584776 0.4450000 0.6123464
v 2.8599999 0.3250000 0.6200000
v 2.8599999 0.4450000 0.6200000
v 2.8584776 0.3250000 0.6276537
v 2.8584776 0.4450000 0.6276537
v 2.8541420 0.3250000 0.6341422
v 2.8541420 0.4450000 0.6341422
v 2.8476536 0.3250000 0.6384776
v 2.8476536 0.4450000 0.6384776
f 7749 7750 7752
f 7749 7752 7751
f 7751 7752 7754
f 7751 7754 7753
f 7753 7754 7756
f 7753 7756 7755
f 7755 7756 7758
f 7755 7758 7757
f 7757 7758 7760
f 7757 7760 7759
f 7759 7760 7762
f 7759 7762 7761
f 7761 7762 7764
f 7761 7764 7763
f 7763 7764 7766
f 7763 7766 7765
f 7765 7766 7768
f 7765 7768 7767
f 7767 7768 7770
f 7767 7770 7769
f 7769 7770 7772
f 7769 7772 7771
f 7771 7772 7774
f 7771 7774 7773
f 7773 7774 7776
f 7773 7776 7775
f 7775 7776 7778
f 7775 7778 7777
f 7754 7752 7750
f 7750 7780 7778
f 7778 7776 7774
f 7774 7772 7770
f 7770 7768 7766
f 7766 7764 7762
f 7762 7760 7758
f 7758 7756 7754
f 7754 7750 7778
f 7778 7774 7770
f 7770 7766 7762
f 7762 7758 7754
f 7754 7778 7770
f 7770 7762 7754
f 7777 7778 7780
f 7777 7780 7779
f 7779 7780 7750
f 7779 7750 7749
f 7779 7749 7751
f 7751 7753 7755
f 7755 7757 7759
f 7759 7761 7763
f 7763 7765 7767
f 7767 7769 7771
f 7771 7773 7775
f 7775 7777 7779
f 7779 7751 7755
f 7755 7759 7763
f 7763 7767 7771
f 7771 7775 7779
f 7779 7755 7763
f 7763 7771 7779
v 2.8399999 -0.3250000 0.6400000
v 2.8399999 -0.4450000 0.6400000
v 2.8476536 -0.3250000 0.6384776
v 2.8476536 -0.4450000 0.6384776
v 2.8541420 -0.3250000 0.6341422
v 2.8541420 -0.4450000 0.6341422
v 2.8584776 -0.3250000 0.6276537
v 2.8584776 -0.4450000 0.6276537
v 2.8599999 -0.3250000 0.6200000
v 2.8599999 -0.4450000 0.6200000
v 2.8584776 -0.3250000 0.6123464
v 2.8584776 -0.4450000 0.6123464
v 2.8541420 -0.3250000 0.6058578
v 2.8541420 -0.4450000 0.6058578
v 2.8476536 -0.3250000 0.6015224
v 2.8476536 -0.4450000 0.6015224
v 2.8399999 -0.3250000 0.6000000
v 2.8399999 -0.4450000 0.6000000
v 2.8323462 -0.3250000 0.6015224
v 2.8323462 -0.4450000 0.6015224
v 2.8258579 -0.3250000 0.6058578
v 2.8258579 -0.4450000 0.6058578
v 2.8215222 -0.3250000 0.6123464
v 2.8215222 -0.4450000 0.6123464
v 2.8199999 -0.3250000 0.6200000
v 2.8199999 -0.4450000 0.6200000
v 2.8215222 -0.3250000 0.6276537
v 2.8215222 -0.4450000 0.6276537
v 2.8258579 -0.3250000 0.6341422
v 2.8258579 -0.4450000 0.6341422
v 2.8323462 -0.3250000 0.6384776
v 2.8323462 -0.4450000 0.6384776
f 7781 7782 7784
f 7781 7784 7783
f 7783 7784 7786
f 7783 7786 7785
f 7785 7786 7788
f 7785 7788 7787
f 7787 7788 7790
f 7787 7790 7789
f 7789 7790 7792
f 7789 7792 7791
f 7791 7792 7794
f 7791 7794 7793
f 7793 7794 7796
f 7793 7796 7795
f 7795 7796 7798
f 7795 7798 7797
f 7797 7798 7800
f 7797 7800 7799
f 7799 7800 7802
f 7799 7802 7801
f 7801 7802 7804
f 7801 7804 7803
f 7803 7804 7806
f 7803 7806 7805
f 7805 7806 7808
f 7805 7808 7807
f 7807 7808 7810
f 7807 7810 7809
f 7786 7784 7782
f 7782 7812 7810
f 7810 7808 7806
f 7806 7804 7802
f 7802 7800 7798
f 7798 7796 7794
f 7794 7792 7790
f 7790 7788 7786
f 7786 7782 7810
f 7810 7806 7802
f 7802 7798 7794
f 7794 7790 7786
f 7786 7810 7802
f 7802 7794 7786
f 7809 7810 7812
f 7809 7812 7811
f 7811 7812 7782
f 7811 7782 7781
f 7811 7781 7783
f 7783 7785 7787
f 7787 7789 7791
f 7791 7793 7795
f 7795 7797 7799
f 7799 7801 7803
f 7803 7805 7807
f 7807 7809 7811
f 7811 7783 7787
f 7787 7791 7795
f 7795 7799 7803
f 7803 7807 7811
f 7811 7787 7795
f 7795 7803 7811
v -0.3000000 0.3250000 0.6400000
v -0.3000000 0.5050000 0.6400000
v -0.3076537 0.3250000 0.6384776
v -0.3076537 0.5050000 0.6384776
v -0.3141421 0.3250000 0.6341422
v -0.3141421 0.5050000 0.6341422
v -0.3184776 0.3250000 0.6276537
v -0.3184776 0.5050000 0.6276537
v -0.3200000 0.3250000 0.6200000
v -0.3200000 0.5050000 0.6200000
v -0.3184776 0.3250000 0.6123464
v -0.3184776 0.5050000 0.6123464
v -0.3141421 0.3250000 0.6058579
v -0.3141421 0.5050000 0.6058578
v -0.3076537 0.3250000 0.6015224
v -0.3076537 0.5050000 0.6015224
v -0.3000000 0.3250000 0.6000000
v -0.3000000 0.5050000 0.6000000
v -0.2923463 0.3250000 0.6015224
v -0.2923463 0.5050000 0.6015224
v -0.2858579 0.3250000 0.6058578
v -0.2858579 0.5050000 0.6058578
v -0.2815224 0.3250000 0.6123464
v -0.2815224 0.5050000 0.6123463
v -0.2800000 0.3250000 0.6200000
v -0.2800000 0.5050000 0.6200000
v -0.2815224 0.3250000 0.6276537
v -0.2815224 0.5050000 0.6276537
v -0.2858579 0.3250000 0.6341422
v -0.2858579 0.5050000 0.6341421
v -0.2923463 0.3250000 0.6384776
v -0.2923463 0.5050000 0.6384776
f 7813 7814 7816
f 7813 7816 7815
f 7815 7816 7818
f 7815 7818 7817
f 7817 7818 7820
f 7817 7820 7819
f 7819 7820 7822
f 7819 7822 7821
f 7821 7822 7824
f 7821 7824 7823
f 7823 7824 7826
f 7823 7826 7825
f 7825 7826 7828
f 7825 7828 7827
f 7827 7828 7830
f 7827 7830 7829
f 7829 7830 7832
f 7829 7832 7831
f 7831 7832 7834
f 7831 7834 7833
f 7833 7834 7836
f 7833 7836 7835
f 7835 7836 7838
f 7835 7838 7837
f 7837 7838 7840
f 7837 7840 7839
f 7839 7840 7842
f 7839 7842 7841
f 7818 7816 7814
f 7814 7844 7842
f 7842 7840 7838
f 7838 7836 7834
f 7834 7832 7830
f 7830 7828 7826
f 7826 7824 7822
f 7822 7820 7818
f 7818 7814 7842
f 7842 7838 7834
f 7834 7830 7826
f 7826 7822 7818
f 7818 7842 7834
f 7834 7826 7818
f 7841 7842 7844
f 7841 7844 7843
f 7843 7844 7814
f 7843 7814 7813
f 7843 7813 7815
f 7815 7817 7819
f 7819 7821 7823
f 7823 7825 7827
f 7827 7829 7831
f 7831 7833 7835
f 7835 7837 7839
f 7839 7841 7843
f 7843 7815 7819
f 7819 7823 7827
f 7827 7831 7835
f 7835 7839 7843
f 7843 7819 7827
f 7827 7835 7843
v -0.3000000 -0.3250000 0.6400000
v -0.3000000 -0.5050000 0.6400000
v -0.2923463 -0.3250000 0.6384776
v -0.2923463 -0.5050000 0.6384776
v -0.2858579 -0.3250000 0.6341422
v -0.2858579 -0.5050000 0.6341421
v -0.2815224 -0.3250000 0.6276537
v -0.2815224 -0.5050000 0.6276537
v -0.2800000 -0.3250000 0.6200000
v -0.2800000 -0.5050000 0.6200000
v -0.2815224 -0.3250000 0.6123464
v -0.2815224 -0.5050000 0.6123464
v -0.2858579 -0.3250000 0.6058579
v -0.2858579 -0.5050000 0.6058578
v -0.2923463 -0.3250000 0.6015224
v -0.2923463 -0.5050000 0.6015224
v -0.3000000 -0.3250000 0.6000000
v -0.3000000 -0.5050000 0.6000000
v -0.3076537 -0.3250000 0.6015224
v -0.3076537 -0.5050000 0.6015224
v -0.3141421 -0.3250000 0.6058579
v -0.3141421 -0.5050000 0.6058578
v -0.3184776 -0.3250000 0.6123464
v -0.3184776 -0.5050000 0.6123464
v -0.3200000 -0.3250000 0.6200000
v -0.3200000 -0.5050000 0.6200000
v -0.3184776 -0.3250000 0.6276537
v -0.3184776 -0.5050000 0.6276537
v -0.3141421 -0.3250000 0.6341422
v -0.3141421 -0.5050000 0.6341421
v -0.3076537 -0.3250000 0.6384776
v -0.3076537 -0.5050000 0.6384776
f 7845 7846 7848
f 7845 7848 7847
f 7847 7848 7850
f 7847 7850 7849
f 7849 7850 7852
f 7849 7852 7851
f 7851 7852 7854
f 7851 7854 7853
f 7853 7854 7856
f 7853 7856 7855
f 7855 7856 7858
f 7855 7858 7857
f 7857 7858 7860
f 7857 7860 7859
f 7859 7860 7862
f 7859 7862 7861
f 7861 7862 7864
f 7861 7864 7863
f 7863 7864 7866
f 7863 7866 7865
f 7865 7866 7868
f 7865 7868 7867
f 7867 7868 7870
f 7867 7870 7869
f 7869 7870 7872
f 7869 7872 7871
f 7871 7872 7874
f 7871 7874 7873
f 7850 7848 7846
f 7846 7876 7874
f 7874 7872 7870
f 7870 7868 7866
f 7866 7864 7862
f 7862 7860 7858
f 7858 7856 7854
f 7854 7852 7850
f 7850 7846 7874
f 7874 7870 7866
f 7866 7862 7858
f 7858 7854 7850
f 7850 7874 7866
f 7866 7858 7850
f 7873 7874 7876
f 7873 7876 7875
f 7875 7876 7846
f 7875 7846 7845
f 7875 7845 7847
f 7847 7849 7851
f 7851 7853 7855
f 7855 7857 7859
f 7859 7861 7863
f 7863 7865 7867
f 7867 7869 7871
f 7871 7873 7875
f 7875 7847 7851
f 7851 7855 7859
f 7859 7863 7867
f 7867 7871 7875
f 7875 7851 7859
f 7859 7867 7875
