v -0.5940000 -0.3490000 0.6250000
v -0.5940000 -0.3550000 0.6310000
v -0.6000000 -0.3490000 0.6310000
v -0.5939999 -0.3519961 0.6258016
v -0.5969959 -0.3490000 0.6258016
v -0.5968691 -0.3518693 0.6265802
v -0.5969959 -0.3541984 0.6310000
v -0.5939999 -0.3541984 0.6280039
v -0.5968691 -0.3534198 0.6281307
v -0.5991983 -0.3490000 0.6280039
v -0.5991983 -0.3519961 0.6310000
v -0.5984197 -0.3518693 0.6281307
v -0.5940000 -0.3550000 0.7690000
v -0.5940000 -0.3490000 0.7750000
v -0.6000000 -0.3490000 0.7690000
v -0.5939999 -0.3541984 0.7719961
v -0.5969959 -0.3541984 0.7690000
v -0.5968691 -0.3534198 0.7718692
v -0.5969959 -0.3490000 0.7741984
v -0.5939999 -0.3519961 0.7741984
v -0.5968691 -0.3518693 0.7734198
v -0.5991983 -0.3519961 0.7690000
v -0.5991983 -0.3490000 0.7719961
v -0.5984197 -0.3518693 0.7718692
v -0.5940000 -0.3110000 0.6250000
v -0.6000000 -0.3110000 0.6310000
v -0.5940000 -0.3050000 0.6310000
v -0.5969959 -0.3110000 0.6258016
v -0.5939999 -0.3080040 0.6258016
v -0.5968691 -0.3081307 0.6265802
v -0.5991983 -0.3080040 0.6310000
v -0.5991983 -0.3110000 0.6280039
v -0.5984197 -0.3081307 0.6281307
v -0.5939999 -0.3058016 0.6280039
v -0.5969959 -0.3058016 0.6310000
v -0.5968691 -0.3065802 0.6281307
v -0.5940000 -0.3110000 0.7750000
v -0.5940000 -0.3050000 0.7690000
v -0.6000000 -0.3110000 0.7690000
v -0.5939999 -0.3080040 0.7741984
v -0.5969959 -0.3110000 0.7741984
v -0.5968691 -0.3081307 0.7734198
v -0.5969959 -0.3058016 0.7690000
v -0.5939999 -0.3058016 0.7719961
v -0.5968691 -0.3065802 0.7718692
v -0.5991983 -0.3110000 0.7719961
v -0.5991983 -0.3080040 0.7690000
v -0.5984197 -0.3081307 0.7718692
v 2.9439998 -0.3490000 0.6250000
v 2.9499998 -0.3490000 0.6310000
v 2.9439998 -0.3550000 0.6310000
v 2.9469957 -0.3490000 0.6258016
v 2.9439998 -0.3519961 0.6258016
v 2.9468689 -0.3518693 0.6265802
v 2.9491982 -0.3519961 0.6310000
v 2.9491982 -0.3490000 0.6280039
v 2.9484196 -0.3518693 0.6281307
v 2.9439998 -0.3541984 0.6280039
v 2.9469957 -0.3541984 0.6310000
v 2.9468689 -0.3534198 0.6281307
v 2.9439998 -0.3490000 0.7750000
v 2.9439998 -0.3550000 0.7690000
v 2.9499998 -0.3490000 0.7690000
v 2.9439998 -0.3519961 0.7741984
v 2.9469957 -0.3490000 0.7741984
v 2.9468689 -0.3518693 0.7734198
v 2.9469957 -0.3541984 0.7690000
v 2.9439998 -0.3541984 0.7719961
v 2.9468689 -0.3534198 0.7718692
v 2.9491982 -0.3490000 0.7719961
v 2.9491982 -0.3519961 0.7690000
v 2.9484196 -0.3518693 0.7718692
v 2.9439998 -0.3110000 0.6250000
v 2.9439998 -0.3050000 0.6310000
v 2.9499998 -0.3110000 0.6310000
v 2.9439998 -0.3080040 0.6258016
v 2.9469957 -0.3110000 0.6258016
v 2.9468689 -0.3081307 0.6265802
v 2.9469957 -0.3058016 0.6310000
v 2.9439998 -0.3058016 0.6280039
v 2.9468689 -0.3065802 0.6281307
v 2.9491982 -0.3110000 0.6280039
v 2.9491982 -0.3080040 0.6310000
v 2.9484196 -0.3081307 0.6281307
v 2.9439998 -0.3110000 0.7750000
v 2.9499998 -0.3110000 0.7690000
v 2.9439998 -0.3050000 0.7690000
v 2.9469957 -0.3110000 0.7741984
v 2.9439998 -0.3080040 0.7741984
v 2.9468689 -0.3081307 0.7734198
v 2.9491982 -0.3080040 0.7690000
v 2.9491982 -0.3110000 0.7719961
v 2.9484196 -0.3081307 0.7718692
v 2.9439998 -0.3058016 0.7719961
v 2.9469957 -0.3058016 0.7690000
v 2.9468689 -0.3065802 0.7718692
f 1 4 6
f 1 6 5
f 4 8 9
f 4 9 6
f 2 7 9
f 2 9 8
f 7 11 12
f 7 12 9
f 3 10 12
f 3 12 11
f 10 5 6
f 10 6 12
f 6 9 12
f 13 16 18
f 13 18 17
f 16 20 21
f 16 21 18
f 14 19 21
f 14 21 20
f 19 23 24
f 19 24 21
f 15 22 24
f 15 24 23
f 22 17 18
f 22 18 24
f 18 21 24
f 25 28 30
f 25 30 29
f 28 32 33
f 28 33 30
f 26 31 33
f 26 33 32
f 31 35 36
f 31 36 33
f 27 34 36
f 27 36 35
f 34 29 30
f 34 30 36
f 30 33 36
f 37 40 42
f 37 42 41
f 40 44 45
f 40 45 42
f 38 43 45
f 38 45 44
f 43 47 48
f 43 48 45
f 39 46 48
f 39 48 47
f 46 41 42
f 46 42 48
f 42 45 48
f 49 52 54
f 49 54 53
f 52 56 57
f 52 57 54
f 50 55 57
f 50 57 56
f 55 59 60
f 55 60 57
f 51 58 60
f 51 60 59
f 58 53 54
f 58 54 60
f 54 57 60
f 61 64 66
f 61 66 65
f 64 68 69
f 64 69 66
f 62 67 69
f 62 69 68
f 67 71 72
f 67 72 69
f 63 70 72
f 63 72 71
f 70 65 66
f 70 66 72
f 66 69 72
f 73 76 78
f 73 78 77
f 76 80 81
f 76 81 78
f 74 79 81
f 74 81 80
f 79 83 84
f 79 84 81
f 75 82 84
f 75 84 83
f 82 77 78
f 82 78 84
f 78 81 84
f 85 88 90
f 85 90 89
f 88 92 93
f 88 93 90
f 86 91 93
f 86 93 92
f 91 95 96
f 91 96 93
f 87 94 96
f 87 96 95
f 94 89 90
f 94 90 96
f 90 93 96
f 25 1 5
f 25 5 28
f 28 5 10
f 28 10 32
f 32 10 3
f 32 3 26
f 2 13 17
f 2 17 7
f 7 17 22
f 7 22 11
f 11 22 15
f 11 15 3
f 14 37 41
f 14 41 19
f 19 41 46
f 19 46 23
f 23 46 39
f 23 39 15
f 38 27 35
f 38 35 43
f 43 35 31
f 43 31 47
f 47 31 26
f 47 26 39
f 73 25 29
f 73 29 76
f 76 29 34
f 76 34 80
f 80 34 27
f 80 27 74
f 37 85 89
f 37 89 40
f 40 89 94
f 40 94 44
f 44 94 87
f 44 87 38
f 86 75 83
f 86 83 91
f 91 83 79
f 91 79 95
f 95 79 74
f 95 74 87
f 49 73 77
f 49 77 52
f 52 77 82
f 52 82 56
f 56 82 75
f 56 75 50
f 85 61 65
f 85 65 88
f 88 65 70
f 88 70 92
f 92 70 63
f 92 63 86
f 62 51 59
f 62 59 67
f 67 59 55
f 67 55 71
f 71 55 50
f 71 50 63
f 1 49 53
f 1 53 4
f 4 53 58
f 4 58 8
f 8 58 51
f 8 51 2
f 61 14 20
f 61 20 64
f 64 20 16
f 64 16 68
f 68 16 13
f 68 13 62
f 25 73 49
f 25 49 1
f 3 15 39
f 3 39 26
f 51 62 13
f 51 13 2
f 85 37 14
f 85 14 61
f 27 38 87
f 27 87 74
f 75 86 63
f 75 63 50
v -0.5940000 0.3110000 0.6250000
v -0.5940000 0.3050000 0.6310000
v -0.6000000 0.3110000 0.6310000
v -0.5939999 0.3080040 0.6258016
v -0.5969959 0.3110000 0.6258016
v -0.5968691 0.3081307 0.6265802
v -0.5969959 0.3058016 0.6310000
v -0.5939999 0.3058016 0.6280039
v -0.5968691 0.3065802 0.6281307
v -0.5991983 0.3110000 0.6280039
v -0.5991983 0.3080040 0.6310000
v -0.5984197 0.3081307 0.6281307
v -0.5940000 0.3050000 0.7690000
v -0.5940000 0.3110000 0.7750000
v -0.6000000 0.3110000 0.7690000
v -0.5939999 0.3058016 0.7719961
v -0.5969959 0.3058016 0.7690000
v -0.5968691 0.3065802 0.7718692
v -0.5969959 0.3110000 0.7741984
v -0.5939999 0.3080040 0.7741984
v -0.5968691 0.3081307 0.7734198
v -0.5991983 0.3080040 0.7690000
v -0.5991983 0.3110000 0.7719961
v -0.5984197 0.3081307 0.7718692
v -0.5940000 0.3490000 0.6250000
v -0.6000000 0.3490000 0.6310000
v -0.5940000 0.3550000 0.6310000
v -0.5969959 0.3490000 0.6258016
v -0.5939999 0.3519961 0.6258016
v -0.5968691 0.3518693 0.6265802
v -0.5991983 0.3519961 0.6310000
v -0.5991983 0.3490000 0.6280039
v -0.5984197 0.3518693 0.6281307
v -0.5939999 0.3541984 0.6280039
v -0.5969959 0.3541984 0.6310000
v -0.5968691 0.3534198 0.6281307
v -0.5940000 0.3490000 0.7750000
v -0.5940000 0.3550000 0.7690000
v -0.6000000 0.3490000 0.7690000
v -0.5939999 0.3519961 0.7741984
v -0.5969959 0.3490000 0.7741984
v -0.5968691 0.3518693 0.7734198
v -0.5969959 0.3541984 0.7690000
v -0.5939999 0.3541984 0.7719961
v -0.5968691 0.3534198 0.7718692
v -0.5991983 0.3490000 0.7719961
v -0.5991983 0.3519961 0.7690000
v -0.5984197 0.3518693 0.7718692
v 2.9439998 0.3110000 0.6250000
v 2.9499998 0.3110000 0.6310000
v 2.9439998 0.3050000 0.6310000
v 2.9469957 0.3110000 0.6258016
v 2.9439998 0.3080040 0.6258016
v 2.9468689 0.3081307 0.6265802
v 2.9491982 0.3080040 0.6310000
v 2.9491982 0.3110000 0.6280039
v 2.9484196 0.3081307 0.6281307
v 2.9439998 0.3058016 0.6280039
v 2.9469957 0.3058016 0.6310000
v 2.9468689 0.3065802 0.6281307
v 2.9439998 0.3110000 0.7750000
v 2.9439998 0.3050000 0.7690000
v 2.9499998 0.3110000 0.7690000
v 2.9439998 0.3080040 0.7741984
v 2.9469957 0.3110000 0.7741984
v 2.9468689 0.3081307 0.7734198
v 2.9469957 0.3058016 0.7690000
v 2.9439998 0.3058016 0.7719961
v 2.9468689 0.3065802 0.7718692
v 2.9491982 0.3110000 0.7719961
v 2.9491982 0.3080040 0.7690000
v 2.9484196 0.3081307 0.7718692
v 2.9439998 0.3490000 0.6250000
v 2.9439998 0.3550000 0.6310000
v 2.9499998 0.3490000 0.6310000
v 2.9439998 0.3519961 0.6258016
v 2.9469957 0.3490000 0.6258016
v 2.9468689 0.3518693 0.6265802
v 2.9469957 0.3541984 0.6310000
v 2.9439998 0.3541984 0.6280039
v 2.9468689 0.3534198 0.6281307
v 2.9491982 0.3490000 0.6280039
v 2.9491982 0.3519961 0.6310000
v 2.9484196 0.3518693 0.6281307
v 2.9439998 0.3490000 0.7750000
v 2.9499998 0.3490000 0.7690000
v 2.9439998 0.3550000 0.7690000
v 2.9469957 0.3490000 0.7741984
v 2.9439998 0.3519961 0.7741984
v 2.9468689 0.3518693 0.7734198
v 2.9491982 0.3519961 0.7690000
v 2.9491982 0.3490000 0.7719961
v 2.9484196 0.3518693 0.7718692
v 2.9439998 0.3541984 0.7719961
v 2.9469957 0.3541984 0.7690000
v 2.9468689 0.3534198 0.7718692
f 97 100 102
f 97 102 101
f 100 104 105
f 100 105 102
f 98 103 105
f 98 105 104
f 103 107 108
f 103 108 105
f 99 106 108
f 99 108 107
f 106 101 102
f 106 102 108
f 102 105 108
f 109 112 114
f 109 114 113
f 112 116 117
f 112 117 114
f 110 115 117
f 110 117 116
f 115 119 120
f 115 120 117
f 111 118 120
f 111 120 119
f 118 113 114
f 118 114 120
f 114 117 120
f 121 124 126
f 121 126 125
f 124 128 129
f 124 129 126
f 122 127 129
f 122 129 128
f 127 131 132
f 127 132 129
f 123 130 132
f 123 132 131
f 130 125 126
f 130 126 132
f 126 129 132
f 133 136 138
f 133 138 137
f 136 140 141
f 136 141 138
f 134 139 141
f 134 141 140
f 139 143 144
f 139 144 141
f 135 142 144
f 135 144 143
f 142 137 138
f 142 138 144
f 138 141 144
f 145 148 150
f 145 150 149
f 148 152 153
f 148 153 150
f 146 151 153
f 146 153 152
f 151 155 156
f 151 156 153
f 147 154 156
f 147 156 155
f 154 149 150
f 154 150 156
f 150 153 156
f 157 160 162
f 157 162 161
f 160 164 165
f 160 165 162
f 158 163 165
f 158 165 164
f 163 167 168
f 163 168 165
f 159 166 168
f 159 168 167
f 166 161 162
f 166 162 168
f 162 165 168
f 169 172 174
f 169 174 173
f 172 176 177
f 172 177 174
f 170 175 177
f 170 177 176
f 175 179 180
f 175 180 177
f 171 178 180
f 171 180 179
f 178 173 174
f 178 174 180
f 174 177 180
f 181 184 186
f 181 186 185
f 184 188 189
f 184 189 186
f 182 187 189
f 182 189 188
f 187 191 192
f 187 192 189
f 183 190 192
f 183 192 191
f 190 185 186
f 190 186 192
f 186 189 192
f 121 97 101
f 121 101 124
f 124 101 106
f 124 106 128
f 128 106 99
f 128 99 122
f 98 109 113
f 98 113 103
f 103 113 118
f 103 118 107
f 107 118 111
f 107 111 99
f 110 133 137
f 110 137 115
f 115 137 142
f 115 142 119
f 119 142 135
f 119 135 111
f 134 123 131
f 134 131 139
f 139 131 127
f 139 127 143
f 143 127 122
f 143 122 135
f 169 121 125
f 169 125 172
f 172 125 130
f 172 130 176
f 176 130 123
f 176 123 170
f 133 181 185
f 133 185 136
f 136 185 190
f 136 190 140
f 140 190 183
f 140 183 134
f 182 171 179
f 182 179 187
f 187 179 175
f 187 175 191
f 191 175 170
f 191 170 183
f 145 169 173
f 145 173 148
f 148 173 178
f 148 178 152
f 152 178 171
f 152 171 146
f 181 157 161
f 181 161 184
f 184 161 166
f 184 166 188
f 188 166 159
f 188 159 182
f 158 147 155
f 158 155 163
f 163 155 151
f 163 151 167
f 167 151 146
f 167 146 159
f 97 145 149
f 97 149 100
f 100 149 154
f 100 154 104
f 104 154 147
f 104 147 98
f 157 110 116
f 157 116 160
f 160 116 112
f 160 112 164
f 164 112 109
f 164 109 158
f 121 169 145
f 121 145 97
f 99 111 135
f 99 135 122
f 147 158 109
f 147 109 98
f 181 133 110
f 181 110 157
f 123 134 183
f 123 183 170
f 171 182 159
f 171 159 146
v -0.5690000 -0.2990000 0.6500000
v -0.5690000 -0.3050000 0.6560000
v -0.5750000 -0.2990000 0.6560000
v -0.5690000 -0.3019961 0.6508015
v -0.5719961 -0.2990000 0.6508015
v -0.5718693 -0.3018693 0.6515802
v -0.5719961 -0.3041984 0.6560000
v -0.5690000 -0.3041984 0.6530039
v -0.5718693 -0.3034198 0.6531307
v -0.5741984 -0.2990000 0.6530039
v -0.5741984 -0.3019961 0.6560000
v -0.5734198 -0.3018693 0.6531307
v -0.5690000 -0.3050000 0.7440000
v -0.5690000 -0.2990000 0.7500000
v -0.5750000 -0.2990000 0.7440000
v -0.5690000 -0.3041984 0.7469960
v -0.5719961 -0.3041984 0.7440000
v -0.5718693 -0.3034198 0.7468693
v -0.5719961 -0.2990000 0.7491984
v -0.5690000 -0.3019961 0.7491984
v -0.5718693 -0.3018693 0.7484198
v -0.5741984 -0.3019961 0.7440000
v -0.5741984 -0.2990000 0.7469960
v -0.5734198 -0.3018693 0.7468693
v -0.5690000 0.2990000 0.6500000
v -0.5750000 0.2990000 0.6560000
v -0.5690000 0.3050000 0.6560000
v -0.5719961 0.2990000 0.6508015
v -0.5690000 0.3019961 0.6508015
v -0.5718693 0.3018693 0.6515802
v -0.5741984 0.3019961 0.6560000
v -0.5741984 0.2990000 0.6530039
v -0.5734198 0.3018693 0.6531307
v -0.5690000 0.3041984 0.6530039
v -0.5719961 0.3041984 0.6560000
v -0.5718693 0.3034198 0.6531307
v -0.5690000 0.2990000 0.7500000
v -0.5690000 0.3050000 0.7440000
v -0.5750000 0.2990000 0.7440000
v -0.5690000 0.3019961 0.7491984
v -0.5719961 0.2990000 0.7491984
v -0.5718693 0.3018693 0.7484198
v -0.5719961 0.3041984 0.7440000
v -0.5690000 0.3041984 0.7469960
v -0.5718693 0.3034198 0.7468693
v -0.5741984 0.2990000 0.7469960
v -0.5741984 0.3019961 0.7440000
v -0.5734198 0.3018693 0.7468693
v -0.5310000 -0.2990000 0.6500000
v -0.5250000 -0.2990000 0.6560000
v -0.5310000 -0.3050000 0.6560000
v -0.5280039 -0.2990000 0.6508015
v -0.5310000 -0.3019961 0.6508015
v -0.5281308 -0.3018693 0.6515802
v -0.5258016 -0.3019961 0.6560000
v -0.5258016 -0.2990000 0.6530039
v -0.5265802 -0.3018693 0.6531307
v -0.5310000 -0.3041984 0.6530039
v -0.5280039 -0.3041984 0.6560000
v -0.5281308 -0.3034198 0.6531307
v -0.5310000 -0.2990000 0.7500000
v -0.5310000 -0.3050000 0.7440000
v -0.5250000 -0.2990000 0.7440000
v -0.5310000 -0.3019961 0.7491984
v -0.5280039 -0.2990000 0.7491984
v -0.5281308 -0.3018693 0.7484198
v -0.5280039 -0.3041984 0.7440000
v -0.5310000 -0.3041984 0.7469960
v -0.5281308 -0.3034198 0.7468693
v -0.5258016 -0.2990000 0.7469960
v -0.5258016 -0.3019961 0.7440000
v -0.5265802 -0.3018693 0.7468693
v -0.5310000 0.2990000 0.6500000
v -0.5310000 0.3050000 0.6560000
v -0.5250000 0.2990000 0.6560000
v -0.5310000 0.3019961 0.6508015
v -0.5280039 0.2990000 0.6508015
v -0.5281308 0.3018693 0.6515802
v -0.5280039 0.3041984 0.6560000
v -0.5310000 0.3041984 0.6530039
v -0.5281308 0.3034198 0.6531307
v -0.5258016 0.2990000 0.6530039
v -0.5258016 0.3019961 0.6560000
v -0.5265802 0.3018693 0.6531307
v -0.5310000 0.2990000 0.7500000
v -0.5250000 0.2990000 0.7440000
v -0.5310000 0.3050000 0.7440000
v -0.5280039 0.2990000 0.7491984
v -0.5310000 0.3019961 0.7491984
v -0.5281308 0.3018693 0.7484198
v -0.5258016 0.3019961 0.7440000
v -0.5258016 0.2990000 0.7469960
v -0.5265802 0.3018693 0.7468693
v -0.5310000 0.3041984 0.7469960
v -0.5280039 0.3041984 0.7440000
v -0.5281308 0.3034198 0.7468693
f 193 196 198
f 193 198 197
f 196 200 201
f 196 201 198
f 194 199 201
f 194 201 200
f 199 203 204
f 199 204 201
f 195 202 204
f 195 204 203
f 202 197 198
f 202 198 204
f 198 201 204
f 205 208 210
f 205 210 209
f 208 212 213
f 208 213 210
f 206 211 213
f 206 213 212
f 211 215 216
f 211 216 213
f 207 214 216
f 207 216 215
f 214 209 210
f 214 210 216
f 210 213 216
f 217 220 222
f 217 222 221
f 220 224 225
f 220 225 222
f 218 223 225
f 218 225 224
f 223 227 228
f 223 228 225
f 219 226 228
f 219 228 227
f 226 221 222
f 226 222 228
f 222 225 228
f 229 232 234
f 229 234 233
f 232 236 237
f 232 237 234
f 230 235 237
f 230 237 236
f 235 239 240
f 235 240 237
f 231 238 240
f 231 240 239
f 238 233 234
f 238 234 240
f 234 237 240
f 241 244 246
f 241 246 245
f 244 248 249
f 244 249 246
f 242 247 249
f 242 249 248
f 247 251 252
f 247 252 249
f 243 250 252
f 243 252 251
f 250 245 246
f 250 246 252
f 246 249 252
f 253 256 258
f 253 258 257
f 256 260 261
f 256 261 258
f 254 259 261
f 254 261 260
f 259 263 264
f 259 264 261
f 255 262 264
f 255 264 263
f 262 257 258
f 262 258 264
f 258 261 264
f 265 268 270
f 265 270 269
f 268 272 273
f 268 273 270
f 266 271 273
f 266 273 272
f 271 275 276
f 271 276 273
f 267 274 276
f 267 276 275
f 274 269 270
f 274 270 276
f 270 273 276
f 277 280 282
f 277 282 281
f 280 284 285
f 280 285 282
f 278 283 285
f 278 285 284
f 283 287 288
f 283 288 285
f 279 286 288
f 279 288 287
f 286 281 282
f 286 282 288
f 282 285 288
f 217 193 197
f 217 197 220
f 220 197 202
f 220 202 224
f 224 202 195
f 224 195 218
f 194 205 209
f 194 209 199
f 199 209 214
f 199 214 203
f 203 214 207
f 203 207 195
f 206 229 233
f 206 233 211
f 211 233 238
f 211 238 215
f 215 238 231
f 215 231 207
f 230 219 227
f 230 227 235
f 235 227 223
f 235 223 239
f 239 223 218
f 239 218 231
f 265 217 221
f 265 221 268
f 268 221 226
f 268 226 272
f 272 226 219
f 272 219 266
f 229 277 281
f 229 281 232
f 232 281 286
f 232 286 236
f 236 286 279
f 236 279 230
f 278 267 275
f 278 275 283
f 283 275 271
f 283 271 287
f 287 271 266
f 287 266 279
f 241 265 269
f 241 269 244
f 244 269 274
f 244 274 248
f 248 274 267
f 248 267 242
f 277 253 257
f 277 257 280
f 280 257 262
f 280 262 284
f 284 262 255
f 284 255 278
f 254 243 251
f 254 251 259
f 259 251 247
f 259 247 263
f 263 247 242
f 263 242 255
f 193 241 245
f 193 245 196
f 196 245 250
f 196 250 200
f 200 250 243
f 200 243 194
f 253 206 212
f 253 212 256
f 256 212 208
f 256 208 260
f 260 208 205
f 260 205 254
f 217 265 241
f 217 241 193
f 195 207 231
f 195 231 218
f 243 254 205
f 243 205 194
f 277 229 206
f 277 206 253
f 219 230 279
f 219 279 266
f 267 278 255
f 267 255 242
v 2.8810000 -0.2990000 0.6500000
v 2.8810000 -0.3050000 0.6560000
v 2.8750000 -0.2990000 0.6560000
v 2.8810000 -0.3019961 0.6508015
v 2.8780041 -0.2990000 0.6508015
v 2.8781309 -0.3018693 0.6515802
v 2.8780041 -0.3041984 0.6560000
v 2.8810000 -0.3041984 0.6530039
v 2.8781309 -0.3034198 0.6531307
v 2.8758016 -0.2990000 0.6530039
v 2.8758016 -0.3019961 0.6560000
v 2.8765802 -0.3018693 0.6531307
v 2.8810000 -0.3050000 0.7440000
v 2.8810000 -0.2990000 0.7500000
v 2.8750000 -0.2990000 0.7440000
v 2.8810000 -0.3041984 0.7469960
v 2.8780041 -0.3041984 0.7440000
v 2.8781309 -0.3034198 0.7468693
v 2.8780041 -0.2990000 0.7491984
v 2.8810000 -0.3019961 0.7491984
v 2.8781309 -0.3018693 0.7484198
v 2.8758016 -0.3019961 0.7440000
v 2.8758016 -0.2990000 0.7469960
v 2.8765802 -0.3018693 0.7468693
v 2.8810000 0.2990000 0.6500000
v 2.8750000 0.2990000 0.6560000
v 2.8810000 0.3050000 0.6560000
v 2.8780041 0.2990000 0.6508015
v 2.8810000 0.3019961 0.6508015
v 2.8781309 0.3018693 0.6515802
v 2.8758016 0.3019961 0.6560000
v 2.8758016 0.2990000 0.6530039
v 2.8765802 0.3018693 0.6531307
v 2.8810000 0.3041984 0.6530039
v 2.8780041 0.3041984 0.6560000
v 2.8781309 0.3034198 0.6531307
v 2.8810000 0.2990000 0.7500000
v 2.8810000 0.3050000 0.7440000
v 2.8750000 0.2990000 0.7440000
v 2.8810000 0.3019961 0.7491984
v 2.8780041 0.2990000 0.7491984
v 2.8781309 0.3018693 0.7484198
v 2.8780041 0.3041984 0.7440000
v 2.8810000 0.3041984 0.7469960
v 2.8781309 0.3034198 0.7468693
v 2.8758016 0.2990000 0.7469960
v 2.8758016 0.3019961 0.7440000
v 2.8765802 0.3018693 0.7468693
v 2.9190001 -0.2990000 0.6500000
v 2.9250002 -0.2990000 0.6560000
v 2.9190001 -0.3050000 0.6560000
v 2.9219961 -0.2990000 0.6508015
v 2.9190001 -0.3019961 0.6508015
v 2.9218693 -0.3018693 0.6515802
v 2.9241986 -0.3019961 0.6560000
v 2.9241986 -0.2990000 0.6530039
v 2.9234200 -0.3018693 0.6531307
v 2.9190001 -0.3041984 0.6530039
v 2.9219961 -0.3041984 0.6560000
v 2.9218693 -0.3034198 0.6531307
v 2.9190001 -0.2990000 0.7500000
v 2.9190001 -0.3050000 0.7440000
v 2.9250002 -0.2990000 0.7440000
v 2.9190001 -0.3019961 0.7491984
v 2.9219961 -0.2990000 0.7491984
v 2.9218693 -0.3018693 0.7484198
v 2.9219961 -0.3041984 0.7440000
v 2.9190001 -0.3041984 0.7469960
v 2.9218693 -0.3034198 0.7468693
v 2.9241986 -0.2990000 0.7469960
v 2.9241986 -0.3019961 0.7440000
v 2.9234200 -0.3018693 0.7468693
v 2.9190001 0.2990000 0.6500000
v 2.9190001 0.3050000 0.6560000
v 2.9250002 0.2990000 0.6560000
v 2.9190001 0.3019961 0.6508015
v 2.9219961 0.2990000 0.6508015
v 2.9218693 0.3018693 0.6515802
v 2.9219961 0.3041984 0.6560000
v 2.9190001 0.3041984 0.6530039
v 2.9218693 0.3034198 0.6531307
v 2.9241986 0.2990000 0.6530039
v 2.9241986 0.3019961 0.6560000
v 2.9234200 0.3018693 0.6531307
v 2.9190001 0.2990000 0.7500000
v 2.9250002 0.2990000 0.7440000
v 2.9190001 0.3050000 0.7440000
v 2.9219961 0.2990000 0.7491984
v 2.9190001 0.3019961 0.7491984
v 2.9218693 0.3018693 0.7484198
v 2.9241986 0.3019961 0.7440000
v 2.9241986 0.2990000 0.7469960
v 2.9234200 0.3018693 0.7468693
v 2.9190001 0.3041984 0.7469960
v 2.9219961 0.3041984 0.7440000
v 2.9218693 0.3034198 0.7468693
f 289 292 294
f 289 294 293
f 292 296 297
f 292 297 294
f 290 295 297
f 290 297 296
f 295 299 300
f 295 300 297
f 291 298 300
f 291 300 299
f 298 293 294
f 298 294 300
f 294 297 300
f 301 304 306
f 301 306 305
f 304 308 309
f 304 309 306
f 302 307 309
f 302 309 308
f 307 311 312
f 307 312 309
f 303 310 312
f 303 312 311
f 310 305 306
f 310 306 312
f 306 309 312
f 313 316 318
f 313 318 317
f 316 320 321
f 316 321 318
f 314 319 321
f 314 321 320
f 319 323 324
f 319 324 321
f 315 322 324
f 315 324 323
f 322 317 318
f 322 318 324
f 318 321 324
f 325 328 330
f 325 330 329
f 328 332 333
f 328 333 330
f 326 331 333
f 326 333 332
f 331 335 336
f 331 336 333
f 327 334 336
f 327 336 335
f 334 329 330
f 334 330 336
f 330 333 336
f 337 340 342
f 337 342 341
f 340 344 345
f 340 345 342
f 338 343 345
f 338 345 344
f 343 347 348
f 343 348 345
f 339 346 348
f 339 348 347
f 346 341 342
f 346 342 348
f 342 345 348
f 349 352 354
f 349 354 353
f 352 356 357
f 352 357 354
f 350 355 357
f 350 357 356
f 355 359 360
f 355 360 357
f 351 358 360
f 351 360 359
f 358 353 354
f 358 354 360
f 354 357 360
f 361 364 366
f 361 366 365
f 364 368 369
f 364 369 366
f 362 367 369
f 362 369 368
f 367 371 372
f 367 372 369
f 363 370 372
f 363 372 371
f 370 365 366
f 370 366 372
f 366 369 372
f 373 376 378
f 373 378 377
f 376 380 381
f 376 381 378
f 374 379 381
f 374 381 380
f 379 383 384
f 379 384 381
f 375 382 384
f 375 384 383
f 382 377 378
f 382 378 384
f 378 381 384
f 313 289 293
f 313 293 316
f 316 293 298
f 316 298 320
f 320 298 291
f 320 291 314
f 290 301 305
f 290 305 295
f 295 305 310
f 295 310 299
f 299 310 303
f 299 303 291
f 302 325 329
f 302 329 307
f 307 329 334
f 307 334 311
f 311 334 327
f 311 327 303
f 326 315 323
f 326 323 331
f 331 323 319
f 331 319 335
f 335 319 314
f 335 314 327
f 361 313 317
f 361 317 364
f 364 317 322
f 364 322 368
f 368 322 315
f 368 315 362
f 325 373 377
f 325 377 328
f 328 377 382
f 328 382 332
f 332 382 375
f 332 375 326
f 374 363 371
f 374 371 379
f 379 371 367
f 379 367 383
f 383 367 362
f 383 362 375
f 337 361 365
f 337 365 340
f 340 365 370
f 340 370 344
f 344 370 363
f 344 363 338
f 373 349 353
f 373 353 376
f 376 353 358
f 376 358 380
f 380 358 351
f 380 351 374
f 350 339 347
f 350 347 355
f 355 347 343
f 355 343 359
f 359 343 338
f 359 338 351
f 289 337 341
f 289 341 292
f 292 341 346
f 292 346 296
f 296 346 339
f 296 339 290
f 349 302 308
f 349 308 352
f 352 308 304
f 352 304 356
f 356 304 301
f 356 301 350
f 313 361 337
f 313 337 289
f 291 303 327
f 291 327 314
f 339 350 301
f 339 301 290
f 373 325 302
f 373 302 349
f 315 326 375
f 315 375 362
f 363 374 351
f 363 351 338
v 2.1500001 -0.2950000 0.5600000
v 2.1500001 -0.3050000 0.5700000
v 2.1400001 -0.2950000 0.5700000
v 2.1500001 -0.2999934 0.5613360
v 2.1450067 -0.2950000 0.5613360
v 2.1452179 -0.2997821 0.5626337
v 2.1450067 -0.3036640 0.5700000
v 2.1500001 -0.3036640 0.5650066
v 2.1452179 -0.3023663 0.5652179
v 2.1413360 -0.2950000 0.5650066
v 2.1413360 -0.2999934 0.5700000
v 2.1426337 -0.2997821 0.5652179
v 2.1500001 -0.3050000 0.6700000
v 2.1500001 -0.2950000 0.6800000
v 2.1400001 -0.2950000 0.6700000
v 2.1500001 -0.3036640 0.6749935
v 2.1450067 -0.3036640 0.6700000
v 2.1452179 -0.3023663 0.6747821
v 2.1450067 -0.2950000 0.6786640
v 2.1500001 -0.2999934 0.6786640
v 2.1452179 -0.2997821 0.6773663
v 2.1413360 -0.2999934 0.6700000
v 2.1413360 -0.2950000 0.6749935
v 2.1426337 -0.2997821 0.6747821
v 2.1500001 -0.2250000 0.5600000
v 2.1400001 -0.2250000 0.5700000
v 2.1500001 -0.2150000 0.5700000
v 2.1450067 -0.2250000 0.5613360
v 2.1500001 -0.2200066 0.5613360
v 2.1452179 -0.2202179 0.5626337
v 2.1413360 -0.2200066 0.5700000
v 2.1413360 -0.2250000 0.5650066
v 2.1426337 -0.2202179 0.5652179
v 2.1500001 -0.2163360 0.5650066
v 2.1450067 -0.2163360 0.5700000
v 2.1452179 -0.2176337 0.5652179
v 2.1500001 -0.2250000 0.6800000
v 2.1500001 -0.2150000 0.6700000
v 2.1400001 -0.2250000 0.6700000
v 2.1500001 -0.2200066 0.6786640
v 2.1450067 -0.2250000 0.6786640
v 2.1452179 -0.2202179 0.6773663
v 2.1450067 -0.2163360 0.6700000
v 2.1500001 -0.2163360 0.6749935
v 2.1452179 -0.2176337 0.6747821
v 2.1413360 -0.2250000 0.6749935
v 2.1413360 -0.2200066 0.6700000
v 2.1426337 -0.2202179 0.6747821
v 2.2500000 -0.2950000 0.5600000
v 2.2600000 -0.2950000 0.5700000
v 2.2500000 -0.3050000 0.5700000
v 2.2549934 -0.2950000 0.5613360
v 2.2500000 -0.2999934 0.5613360
v 2.2547822 -0.2997821 0.5626337
v 2.2586641 -0.2999934 0.5700000
v 2.2586641 -0.2950000 0.5650066
v 2.2573664 -0.2997821 0.5652179
v 2.2500000 -0.3036640 0.5650066
v 2.2549934 -0.3036640 0.5700000
v 2.2547822 -0.3023663 0.5652179
v 2.2500000 -0.2950000 0.6800000
v 2.2500000 -0.3050000 0.6700000
v 2.2600000 -0.2950000 0.6700000
v 2.2500000 -0.2999934 0.6786640
v 2.2549934 -0.2950000 0.6786640
v 2.2547822 -0.2997821 0.6773663
v 2.2549934 -0.3036640 0.6700000
v 2.2500000 -0.3036640 0.6749935
v 2.2547822 -0.3023663 0.6747821
v 2.2586641 -0.2950000 0.6749935
v 2.2586641 -0.2999934 0.6700000
v 2.2573664 -0.2997821 0.6747821
v 2.2500000 -0.2250000 0.5600000
v 2.2500000 -0.2150000 0.5700000
v 2.2600000 -0.2250000 0.5700000
v 2.2500000 -0.2200066 0.5613360
v 2.2549934 -0.2250000 0.5613360
v 2.2547822 -0.2202179 0.5626337
v 2.2549934 -0.2163360 0.5700000
v 2.2500000 -0.2163360 0.5650066
v 2.2547822 -0.2176337 0.5652179
v 2.2586641 -0.2250000 0.5650066
v 2.2586641 -0.2200066 0.5700000
v 2.2573664 -0.2202179 0.5652179
v 2.2500000 -0.2250000 0.6800000
v 2.2600000 -0.2250000 0.6700000
v 2.2500000 -0.2150000 0.6700000
v 2.2549934 -0.2250000 0.6786640
v 2.2500000 -0.2200066 0.6786640
v 2.2547822 -0.2202179 0.6773663
v 2.2586641 -0.2200066 0.6700000
v 2.2586641 -0.2250000 0.6749935
v 2.2573664 -0.2202179 0.6747821
v 2.2500000 -0.2163360 0.6749935
v 2.2549934 -0.2163360 0.6700000
v 2.2547822 -0.2176337 0.6747821
f 385 388 390
f 385 390 389
f 388 392 393
f 388 393 390
f 386 391 393
f 386 393 392
f 391 395 396
f 391 396 393
f 387 394 396
f 387 396 395
f 394 389 390
f 394 390 396
f 390 393 396
f 397 400 402
f 397 402 401
f 400 404 405
f 400 405 402
f 398 403 405
f 398 405 404
f 403 407 408
f 403 408 405
f 399 406 408
f 399 408 407
f 406 401 402
f 406 402 408
f 402 405 408
f 409 412 414
f 409 414 413
f 412 416 417
f 412 417 414
f 410 415 417
f 410 417 416
f 415 419 420
f 415 420 417
f 411 418 420
f 411 420 419
f 418 413 414
f 418 414 420
f 414 417 420
f 421 424 426
f 421 426 425
f 424 428 429
f 424 429 426
f 422 427 429
f 422 429 428
f 427 431 432
f 427 432 429
f 423 430 432
f 423 432 431
f 430 425 426
f 430 426 432
f 426 429 432
f 433 436 438
f 433 438 437
f 436 440 441
f 436 441 438
f 434 439 441
f 434 441 440
f 439 443 444
f 439 444 441
f 435 442 444
f 435 444 443
f 442 437 438
f 442 438 444
f 438 441 444
f 445 448 450
f 445 450 449
f 448 452 453
f 448 453 450
f 446 451 453
f 446 453 452
f 451 455 456
f 451 456 453
f 447 454 456
f 447 456 455
f 454 449 450
f 454 450 456
f 450 453 456
f 457 460 462
f 457 462 461
f 460 464 465
f 460 465 462
f 458 463 465
f 458 465 464
f 463 467 468
f 463 468 465
f 459 466 468
f 459 468 467
f 466 461 462
f 466 462 468
f 462 465 468
f 469 472 474
f 469 474 473
f 472 476 477
f 472 477 474
f 470 475 477
f 470 477 476
f 475 479 480
f 475 480 477
f 471 478 480
f 471 480 479
f 478 473 474
f 478 474 480
f 474 477 480
f 409 385 389
f 409 389 412
f 412 389 394
f 412 394 416
f 416 394 387
f 416 387 410
f 386 397 401
f 386 401 391
f 391 401 406
f 391 406 395
f 395 406 399
f 395 399 387
f 398 421 425
f 398 425 403
f 403 425 430
f 403 430 407
f 407 430 423
f 407 423 399
f 422 411 419
f 422 419 427
f 427 419 415
f 427 415 431
f 431 415 410
f 431 410 423
f 457 409 413
f 457 413 460
f 460 413 418
f 460 418 464
f 464 418 411
f 464 411 458
f 421 469 473
f 421 473 424
f 424 473 478
f 424 478 428
f 428 478 471
f 428 471 422
f 470 459 467
f 470 467 475
f 475 467 463
f 475 463 479
f 479 463 458
f 479 458 471
f 433 457 461
f 433 461 436
f 436 461 466
f 436 466 440
f 440 466 459
f 440 459 434
f 469 445 449
f 469 449 472
f 472 449 454
f 472 454 476
f 476 454 447
f 476 447 470
f 446 435 443
f 446 443 451
f 451 443 439
f 451 439 455
f 455 439 434
f 455 434 447
f 385 433 437
f 385 437 388
f 388 437 442
f 388 442 392
f 392 442 435
f 392 435 386
f 445 398 404
f 445 404 448
f 448 404 400
f 448 400 452
f 452 400 397
f 452 397 446
f 409 457 433
f 409 433 385
f 387 399 423
f 387 423 410
f 435 446 397
f 435 397 386
f 469 421 398
f 469 398 445
f 411 422 471
f 411 471 458
f 459 470 447
f 459 447 434
v 2.7902706 -0.3138197 0.6407624
v 2.7873476 -0.3238197 0.6474139
v 2.7873476 -0.3361804 0.6474139
v 2.7902706 -0.3461803 0.6407624
v 2.7950001 -0.3500000 0.6300000
v 2.7997296 -0.3461803 0.6192376
v 2.8026526 -0.3361804 0.6125861
v 2.8026526 -0.3238197 0.6125861
v 2.7997296 -0.3138197 0.6192376
v 2.7950001 -0.3100000 0.6300000
v 1.8997295 -0.3138197 0.6407624
v 1.9026524 -0.3238197 0.6474139
v 1.9026524 -0.3361804 0.6474139
v 1.8997295 -0.3461803 0.6407624
v 1.8950000 -0.3500000 0.6300000
v 1.8902705 -0.3461803 0.6192376
v 1.8873476 -0.3361804 0.6125861
v 1.8873476 -0.3238197 0.6125861
v 1.8902705 -0.3138197 0.6192376
v 1.8950000 -0.3100000 0.6300000
v 1.8997295 -0.3138197 0.6407624
v 1.9026524 -0.3238197 0.6474139
v 1.9026524 -0.3361804 0.6474139
v 1.8997295 -0.3461803 0.6407624
v 1.8950000 -0.3500000 0.6300000
v 1.8902705 -0.3461803 0.6192376
v 1.8873476 -0.3361804 0.6125861
v 1.8873476 -0.3238197 0.6125861
v 1.8902705 -0.3138197 0.6192376
v 1.8950000 -0.3100000 0.6300000
v 2.0116313 -0.3138197 0.5915684
v 2.0141845 -0.3238197 0.5983703
v 2.0141845 -0.3361804 0.5983703
v 2.0116313 -0.3461803 0.5915684
v 2.0074999 -0.3500000 0.5805625
v 2.0033686 -0.3461803 0.5695566
v 2.0008154 -0.3361804 0.5627546
v 2.0008154 -0.3238197 0.5627546
v 2.0033686 -0.3138197 0.5695566
v 2.0074999 -0.3100000 0.5805625
v 2.1228530 -0.3138197 0.5566542
v 2.1246164 -0.3238197 0.5637024
v 2.1246164 -0.3361804 0.5637024
v 2.1228530 -0.3461803 0.5566542
v 2.1199999 -0.3500000 0.5452500
v 2.1171467 -0.3461803 0.5338458
v 2.1153834 -0.3361804 0.5267976
v 2.1153834 -0.3238197 0.5267976
v 2.1171467 -0.3138197 0.5338458
v 2.1199999 -0.3100000 0.5452500
v 2.2339590 -0.3138197 0.5357273
v 2.2348607 -0.3238197 0.5429366
v 2.2348607 -0.3361804 0.5429366
v 2.2339590 -0.3461803 0.5357273
v 2.2325001 -0.3500000 0.5240625
v 2.2310412 -0.3461803 0.5123977
v 2.2301395 -0.3361804 0.5051884
v 2.2301395 -0.3238197 0.5051884
v 2.2310412 -0.3138197 0.5123977
v 2.2325001 -0.3100000 0.5240625
v 2.3450000 -0.3138197 0.5287557
v 2.3450000 -0.3238197 0.5360212
v 2.3450000 -0.3361804 0.5360212
v 2.3450000 -0.3461803 0.5287557
v 2.3450000 -0.3500000 0.5170000
v 2.3450000 -0.3461803 0.5052443
v 2.3450000 -0.3361804 0.4979789
v 2.3450000 -0.3238197 0.4979789
v 2.3450000 -0.3138197 0.5052443
v 2.3450000 -0.3100000 0.5170000
v 2.4560411 -0.3138197 0.5357273
v 2.4551394 -0.3238197 0.5429366
v 2.4551394 -0.3361804 0.5429366
v 2.4560411 -0.3461803 0.5357273
v 2.4575000 -0.3500000 0.5240625
v 2.4589589 -0.3461803 0.5123977
v 2.4598606 -0.3361804 0.5051884
v 2.4598606 -0.3238197 0.5051884
v 2.4589589 -0.3138197 0.5123977
v 2.4575000 -0.3100000 0.5240625
v 2.5671468 -0.3138197 0.5566542
v 2.5653834 -0.3238197 0.5637024
v 2.5653834 -0.3361804 0.5637024
v 2.5671468 -0.3461803 0.5566542
v 2.5699999 -0.3500000 0.5452500
v 2.5728531 -0.3461803 0.5338458
v 2.5746164 -0.3361804 0.5267976
v 2.5746164 -0.3238197 0.5267976
v 2.5728531 -0.3138197 0.5338458
v 2.5699999 -0.3100000 0.5452500
v 2.6783686 -0.3138197 0.5915684
v 2.6758153 -0.3238197 0.5983704
v 2.6758153 -0.3361804 0.5983704
v 2.6783686 -0.3461803 0.5915684
v 2.6824999 -0.3500000 0.5805625
v 2.6866312 -0.3461803 0.5695566
v 2.6891844 -0.3361804 0.5627546
v 2.6891844 -0.3238197 0.5627546
v 2.6866312 -0.3138197 0.5695566
v 2.6824999 -0.3100000 0.5805625
v 2.7902706 -0.3138197 0.6407624
v 2.7873476 -0.3238197 0.6474139
v 2.7873476 -0.3361804 0.6474139
v 2.7902706 -0.3461803 0.6407624
v 2.7950001 -0.3500000 0.6300000
v 2.7997296 -0.3461803 0.6192376
v 2.8026526 -0.3361804 0.6125861
v 2.8026526 -0.3238197 0.6125861
v 2.7997296 -0.3138197 0.6192376
v 2.7950001 -0.3100000 0.6300000
f 489 487 488
f 489 486 487
f 490 486 489
f 490 485 486
f 481 485 490
f 481 484 485
f 482 484 481
f 482 483 484
f 496 498 497
f 496 499 498
f 495 499 496
f 495 500 499
f 494 500 495
f 494 491 500
f 493 491 494
f 493 492 491
f 501 511 520
f 501 520 510
f 502 512 511
f 502 511 501
f 503 513 512
f 503 512 502
f 504 514 513
f 504 513 503
f 505 515 514
f 505 514 504
f 506 516 515
f 506 515 505
f 507 517 516
f 507 516 506
f 508 518 517
f 508 517 507
f 509 519 518
f 509 518 508
f 510 520 519
f 510 519 509
f 511 521 530
f 511 530 520
f 512 522 521
f 512 521 511
f 513 523 522
f 513 522 512
f 514 524 523
f 514 523 513
f 515 525 524
f 515 524 514
f 516 526 525
f 516 525 515
f 517 527 526
f 517 526 516
f 518 528 527
f 518 527 517
f 519 529 528
f 519 528 518
f 520 530 529
f 520 529 519
f 521 531 540
f 521 540 530
f 522 532 531
f 522 531 521
f 523 533 532
f 523 532 522
f 524 534 533
f 524 533 523
f 525 535 534
f 525 534 524
f 526 536 535
f 526 535 525
f 527 537 536
f 527 536 526
f 528 538 537
f 528 537 527
f 529 539 538
f 529 538 528
f 530 540 539
f 530 539 529
f 531 541 550
f 531 550 540
f 532 542 541
f 532 541 531
f 533 543 542
f 533 542 532
f 534 544 543
f 534 543 533
f 535 545 544
f 535 544 534
f 536 546 545
f 536 545 535
f 537 547 546
f 537 546 536
f 538 548 547
f 538 547 537
f 539 549 548
f 539 548 538
f 540 550 549
f 540 549 539
f 541 551 560
f 541 560 550
f 542 552 551
f 542 551 541
f 543 553 552
f 543 552 542
f 544 554 553
f 544 553 543
f 545 555 554
f 545 554 544
f 546 556 555
f 546 555 545
f 547 557 556
f 547 556 546
f 548 558 557
f 548 557 547
f 549 559 558
f 549 558 548
f 550 560 559
f 550 559 549
f 551 561 570
f 551 570 560
f 552 562 561
f 552 561 551
f 553 563 562
f 553 562 552
f 554 564 563
f 554 563 553
f 555 565 564
f 555 564 554
f 556 566 565
f 556 565 555
f 557 567 566
f 557 566 556
f 558 568 567
f 558 567 557
f 559 569 568
f 559 568 558
f 560 570 569
f 560 569 559
f 561 571 580
f 561 580 570
f 562 572 571
f 562 571 561
f 563 573 572
f 563 572 562
f 564 574 573
f 564 573 563
f 565 575 574
f 565 574 564
f 566 576 575
f 566 575 565
f 567 577 576
f 567 576 566
f 568 578 577
f 568 577 567
f 569 579 578
f 569 578 568
f 570 580 579
f 570 579 569
f 571 581 590
f 571 590 580
f 572 582 581
f 572 581 571
f 573 583 582
f 573 582 572
f 574 584 583
f 574 583 573
f 575 585 584
f 575 584 574
f 576 586 585
f 576 585 575
f 577 587 586
f 577 586 576
f 578 588 587
f 578 587 577
f 579 589 588
f 579 588 578
f 580 590 589
f 580 589 579
v 2.7902706 0.3461803 0.6407624
v 2.7873476 0.3361804 0.6474139
v 2.7873476 0.3238197 0.6474139
v 2.7902706 0.3138197 0.6407624
v 2.7950001 0.3100000 0.6300000
v 2.7997296 0.3138197 0.6192376
v 2.8026526 0.3238197 0.6125861
v 2.8026526 0.3361804 0.6125861
v 2.7997296 0.3461803 0.6192376
v 2.7950001 0.3500000 0.6300000
v 1.8997295 0.3461803 0.6407624
v 1.9026524 0.3361804 0.6474139
v 1.9026524 0.3238197 0.6474139
v 1.8997295 0.3138197 0.6407624
v 1.8950000 0.3100000 0.6300000
v 1.8902705 0.3138197 0.6192376
v 1.8873476 0.3238197 0.6125861
v 1.8873476 0.3361804 0.6125861
v 1.8902705 0.3461803 0.6192376
v 1.8950000 0.3500000 0.6300000
v 1.8997295 0.3461803 0.6407624
v 1.9026524 0.3361804 0.6474139
v 1.9026524 0.3238197 0.6474139
v 1.8997295 0.3138197 0.6407624
v 1.8950000 0.3100000 0.6300000
v 1.8902705 0.3138197 0.6192376
v 1.8873476 0.3238197 0.6125861
v 1.8873476 0.3361804 0.6125861
v 1.8902705 0.3461803 0.6192376
v 1.8950000 0.3500000 0.6300000
v 2.0116313 0.3461803 0.5915684
v 2.0141845 0.3361804 0.5983703
v 2.0141845 0.3238197 0.5983703
v 2.0116313 0.3138197 0.5915684
v 2.0074999 0.3100000 0.5805625
v 2.0033686 0.3138197 0.5695566
v 2.0008154 0.3238197 0.5627546
v 2.0008154 0.3361804 0.5627546
v 2.0033686 0.3461803 0.5695566
v 2.0074999 0.3500000 0.5805625
v 2.1228530 0.3461803 0.5566542
v 2.1246164 0.3361804 0.5637024
v 2.1246164 0.3238197 0.5637024
v 2.1228530 0.3138197 0.5566542
v 2.1199999 0.3100000 0.5452500
v 2.1171467 0.3138197 0.5338458
v 2.1153834 0.3238197 0.5267976
v 2.1153834 0.3361804 0.5267976
v 2.1171467 0.3461803 0.5338458
v 2.1199999 0.3500000 0.5452500
v 2.2339590 0.3461803 0.5357273
v 2.2348607 0.3361804 0.5429366
v 2.2348607 0.3238197 0.5429366
v 2.2339590 0.3138197 0.5357273
v 2.2325001 0.3100000 0.5240625
v 2.2310412 0.3138197 0.5123977
v 2.2301395 0.3238197 0.5051884
v 2.2301395 0.3361804 0.5051884
v 2.2310412 0.3461803 0.5123977
v 2.2325001 0.3500000 0.5240625
v 2.3450000 0.3461803 0.5287557
v 2.3450000 0.3361804 0.5360212
v 2.3450000 0.3238197 0.5360212
v 2.3450000 0.3138197 0.5287557
v 2.3450000 0.3100000 0.5170000
v 2.3450000 0.3138197 0.5052443
v 2.3450000 0.3238197 0.4979789
v 2.3450000 0.3361804 0.4979789
v 2.3450000 0.3461803 0.5052443
v 2.3450000 0.3500000 0.5170000
v 2.4560411 0.3461803 0.5357273
v 2.4551394 0.3361804 0.5429366
v 2.4551394 0.3238197 0.5429366
v 2.4560411 0.3138197 0.5357273
v 2.4575000 0.3100000 0.5240625
v 2.4589589 0.3138197 0.5123977
v 2.4598606 0.3238197 0.5051884
v 2.4598606 0.3361804 0.5051884
v 2.4589589 0.3461803 0.5123977
v 2.4575000 0.3500000 0.5240625
v 2.5671468 0.3461803 0.5566542
v 2.5653834 0.3361804 0.5637024
v 2.5653834 0.3238197 0.5637024
v 2.5671468 0.3138197 0.5566542
v 2.5699999 0.3100000 0.5452500
v 2.5728531 0.3138197 0.5338458
v 2.5746164 0.3238197 0.5267976
v 2.5746164 0.3361804 0.5267976
v 2.5728531 0.3461803 0.5338458
v 2.5699999 0.3500000 0.5452500
v 2.6783686 0.3461803 0.5915684
v 2.6758153 0.3361804 0.5983704
v 2.6758153 0.3238197 0.5983704
v 2.6783686 0.3138197 0.5915684
v 2.6824999 0.3100000 0.5805625
v 2.6866312 0.3138197 0.5695566
v 2.6891844 0.3238197 0.5627546
v 2.6891844 0.3361804 0.5627546
v 2.6866312 0.3461803 0.5695566
v 2.6824999 0.3500000 0.5805625
v 2.7902706 0.3461803 0.6407624
v 2.7873476 0.3361804 0.6474139
v 2.7873476 0.3238197 0.6474139
v 2.7902706 0.3138197 0.6407624
v 2.7950001 0.3100000 0.6300000
v 2.7997296 0.3138197 0.6192376
v 2.8026526 0.3238197 0.6125861
v 2.8026526 0.3361804 0.6125861
v 2.7997296 0.3461803 0.6192376
v 2.7950001 0.3500000 0.6300000
f 599 597 598
f 599 596 597
f 600 596 599
f 600 595 596
f 591 595 600
f 591 594 595
f 592 594 591
f 592 593 594
f 606 608 607
f 606 609 608
f 605 609 606
f 605 610 609
f 604 610 605
f 604 601 610
f 603 601 604
f 603 602 601
f 611 621 630
f 611 630 620
f 612 622 621
f 612 621 611
f 613 623 622
f 613 622 612
f 614 624 623
f 614 623 613
f 615 625 624
f 615 624 614
f 616 626 625
f 616 625 615
f 617 627 626
f 617 626 616
f 618 628 627
f 618 627 617
f 619 629 628
f 619 628 618
f 620 630 629
f 620 629 619
f 621 631 640
f 621 640 630
f 622 632 631
f 622 631 621
f 623 633 632
f 623 632 622
f 624 634 633
f 624 633 623
f 625 635 634
f 625 634 624
f 626 636 635
f 626 635 625
f 627 637 636
f 627 636 626
f 628 638 637
f 628 637 627
f 629 639 638
f 629 638 628
f 630 640 639
f 630 639 629
f 631 641 650
f 631 650 640
f 632 642 641
f 632 641 631
f 633 643 642
f 633 642 632
f 634 644 643
f 634 643 633
f 635 645 644
f 635 644 634
f 636 646 645
f 636 645 635
f 637 647 646
f 637 646 636
f 638 648 647
f 638 647 637
f 639 649 648
f 639 648 638
f 640 650 649
f 640 649 639
f 641 651 660
f 641 660 650
f 642 652 651
f 642 651 641
f 643 653 652
f 643 652 642
f 644 654 653
f 644 653 643
f 645 655 654
f 645 654 644
f 646 656 655
f 646 655 645
f 647 657 656
f 647 656 646
f 648 658 657
f 648 657 647
f 649 659 658
f 649 658 648
f 650 660 659
f 650 659 649
f 651 661 670
f 651 670 660
f 652 662 661
f 652 661 651
f 653 663 662
f 653 662 652
f 654 664 663
f 654 663 653
f 655 665 664
f 655 664 654
f 656 666 665
f 656 665 655
f 657 667 666
f 657 666 656
f 658 668 667
f 658 667 657
f 659 669 668
f 659 668 658
f 660 670 669
f 660 669 659
f 661 671 680
f 661 680 670
f 662 672 671
f 662 671 661
f 663 673 672
f 663 672 662
f 664 674 673
f 664 673 663
f 665 675 674
f 665 674 664
f 666 676 675
f 666 675 665
f 667 677 676
f 667 676 666
f 668 678 677
f 668 677 667
f 669 679 678
f 669 678 668
f 670 680 679
f 670 679 669
f 671 681 690
f 671 690 680
f 672 682 681
f 672 681 671
f 673 683 682
f 673 682 672
f 674 684 683
f 674 683 673
f 675 685 684
f 675 684 674
f 676 686 685
f 676 685 675
f 677 687 686
f 677 686 676
f 678 688 687
f 678 687 677
f 679 689 688
f 679 688 678
f 680 690 689
f 680 689 679
f 681 691 700
f 681 700 690
f 682 692 691
f 682 691 681
f 683 693 692
f 683 692 682
f 684 694 693
f 684 693 683
f 685 695 694
f 685 694 684
f 686 696 695
f 686 695 685
f 687 697 696
f 687 696 686
f 688 698 697
f 688 697 687
f 689 699 698
f 689 698 688
f 690 700 699
f 690 699 689
v 0.6000000 -0.6800001 0.5900001
v 0.6000000 0.6800001 0.5899999
v 0.5885195 -0.6800001 0.5877165
v 0.5885195 0.6800001 0.5877163
v 0.5787868 -0.6800001 0.5812133
v 0.5787868 0.6800001 0.5812131
v 0.5722836 -0.6800001 0.5714806
v 0.5722836 0.6800001 0.5714804
v 0.5700000 -0.6800001 0.5600001
v 0.5700000 0.6800001 0.5599999
v 0.5722836 -0.6800001 0.5485196
v 0.5722836 0.6800001 0.5485194
v 0.5787868 -0.6800001 0.5387869
v 0.5787868 0.6800001 0.5387867
v 0.5885195 -0.6800001 0.5322837
v 0.5885195 0.6800001 0.5322835
v 0.6000000 -0.6800001 0.5300001
v 0.6000000 0.6800001 0.5299999
v 0.6114805 -0.6800001 0.5322837
v 0.6114805 0.6800001 0.5322835
v 0.6212133 -0.6800001 0.5387869
v 0.6212133 0.6800001 0.5387867
v 0.6277164 -0.6800001 0.5485196
v 0.6277164 0.6800001 0.5485194
v 0.6300001 -0.6800001 0.5600001
v 0.6300001 0.6800001 0.5599999
v 0.6277164 -0.6800001 0.5714806
v 0.6277164 0.6800001 0.5714804
v 0.6212133 -0.6800001 0.5812133
v 0.6212133 0.6800001 0.5812131
v 0.6114805 -0.6800001 0.5877165
v 0.6114805 0.6800001 0.5877163
f 701 702 704
f 701 704 703
f 703 704 706
f 703 706 705
f 705 706 708
f 705 708 707
f 707 708 710
f 707 710 709
f 709 710 712
f 709 712 711
f 711 712 714
f 711 714 713
f 713 714 716
f 713 716 715
f 715 716 718
f 715 718 717
f 717 718 720
f 717 720 719
f 719 720 722
f 719 722 721
f 721 722 724
f 721 724 723
f 723 724 726
f 723 726 725
f 725 726 728
f 725 728 727
f 727 728 730
f 727 730 729
f 706 704 702
f 702 732 730
f 730 728 726
f 726 724 722
f 722 720 718
f 718 716 714
f 714 712 710
f 710 708 706
f 706 702 730
f 730 726 722
f 722 718 714
f 714 710 706
f 706 730 722
f 722 714 706
f 729 730 732
f 729 732 731
f 731 732 702
f 731 702 701
f 731 701 703
f 703 705 707
f 707 709 711
f 711 713 715
f 715 717 719
f 719 721 723
f 723 725 727
f 727 729 731
f 731 703 707
f 707 711 715
f 715 719 723
f 723 727 731
f 731 707 715
f 715 723 731
v 0.6000000 -0.3100000 0.6249999
v 0.6000000 -0.3100000 0.5599999
v 0.5923464 -0.3115224 0.6249999
v 0.5923464 -0.3115224 0.5599999
v 0.5858579 -0.3158579 0.6249999
v 0.5858579 -0.3158579 0.5599999
v 0.5815225 -0.3223463 0.6249999
v 0.5815225 -0.3223464 0.5599999
v 0.5800000 -0.3300000 0.6250000
v 0.5800000 -0.3300000 0.5599999
v 0.5815224 -0.3376537 0.6250000
v 0.5815224 -0.3376537 0.5600000
v 0.5858579 -0.3441421 0.6250000
v 0.5858579 -0.3441421 0.5600000
v 0.5923464 -0.3484776 0.6250000
v 0.5923464 -0.3484776 0.5600000
v 0.6000000 -0.3500000 0.6250000
v 0.6000000 -0.3500000 0.5600000
v 0.6076537 -0.3484776 0.6250000
v 0.6076537 -0.3484776 0.5600000
v 0.6141422 -0.3441421 0.6250000
v 0.6141422 -0.3441421 0.5600000
v 0.6184776 -0.3376537 0.6250000
v 0.6184776 -0.3376537 0.5600000
v 0.6200000 -0.3300000 0.6250000
v 0.6200000 -0.3300000 0.5599999
v 0.6184776 -0.3223463 0.6249999
v 0.6184776 -0.3223464 0.5599999
v 0.6141422 -0.3158579 0.6249999
v 0.6141422 -0.3158579 0.5599999
v 0.6076537 -0.3115224 0.6249999
v 0.6076537 -0.3115224 0.5599999
f 733 734 736
f 733 736 735
f 735 736 738
f 735 738 737
f 737 738 740
f 737 740 739
f 739 740 742
f 739 742 741
f 741 742 744
f 741 744 743
f 743 744 746
f 743 746 745
f 745 746 748
f 745 748 747
f 747 748 750
f 747 750 749
f 749 750 752
f 749 752 751
f 751 752 754
f 751 754 753
f 753 754 756
f 753 756 755
f 755 756 758
f 755 758 757
f 757 758 760
f 757 760 759
f 759 760 762
f 759 762 761
f 738 736 734
f 734 764 762
f 762 760 758
f 758 756 754
f 754 752 750
f 750 748 746
f 746 744 742
f 742 740 738
f 738 734 762
f 762 758 754
f 754 750 746
f 746 742 738
f 738 762 754
f 754 746 738
f 761 762 764
f 761 764 763
f 763 764 734
f 763 734 733
f 763 733 735
f 735 737 739
f 739 741 743
f 743 745 747
f 747 749 751
f 751 753 755
f 755 757 759
f 759 761 763
f 763 735 739
f 739 743 747
f 747 751 755
f 755 759 763
f 763 739 747
f 747 755 763
v 0.4983701 -0.3138197 0.6416422
v 0.4973628 -0.3238197 0.6488374
v 0.4973628 -0.3361804 0.6488374
v 0.4983701 -0.3461803 0.6416422
v 0.5000000 -0.3500000 0.6300000
v 0.5016299 -0.3461803 0.6183578
v 0.5026373 -0.3361804 0.6111625
v 0.5026373 -0.3238197 0.6111626
v 0.5016299 -0.3138197 0.6183578
v 0.5000000 -0.3100000 0.6300000
v -0.4983701 -0.3138197 0.6416422
v -0.4973628 -0.3238197 0.6488374
v -0.4973628 -0.3361804 0.6488374
v -0.4983701 -0.3461803 0.6416422
v -0.5000000 -0.3500000 0.6300000
v -0.5016299 -0.3461803 0.6183578
v -0.5026372 -0.3361804 0.6111626
v -0.5026372 -0.3238197 0.6111626
v -0.5016299 -0.3138197 0.6183578
v -0.5000000 -0.3100000 0.6300000
v -0.4983701 -0.3138197 0.6416422
v -0.4973628 -0.3238197 0.6488374
v -0.4973628 -0.3361804 0.6488374
v -0.4983701 -0.3461803 0.6416422
v -0.5000000 -0.3500000 0.6300000
v -0.5016299 -0.3461803 0.6183578
v -0.5026372 -0.3361804 0.6111626
v -0.5026372 -0.3238197 0.6111626
v -0.5016299 -0.3138197 0.6183578
v -0.5000000 -0.3100000 0.6300000
v -0.3735999 -0.3138197 0.6241720
v -0.3727346 -0.3238197 0.6313857
v -0.3727346 -0.3361804 0.6313857
v -0.3735999 -0.3461803 0.6241720
v -0.3750000 -0.3500000 0.6125000
v -0.3764001 -0.3461803 0.6008280
v -0.3772654 -0.3361804 0.5936143
v -0.3772654 -0.3238197 0.5936143
v -0.3764001 -0.3138197 0.6008280
v -0.3750000 -0.3100000 0.6125000
v -0.2490629 -0.3138197 0.6117183
v -0.2484837 -0.3238197 0.6189606
v -0.2484837 -0.3361804 0.6189606
v -0.2490629 -0.3461803 0.6117183
v -0.2500000 -0.3500000 0.6000000
v -0.2509371 -0.3461803 0.5882818
v -0.2515163 -0.3361804 0.5810394
v -0.2515163 -0.3238197 0.5810394
v -0.2509371 -0.3138197 0.5882818
v -0.2500000 -0.3100000 0.6000000
v -0.1245303 -0.3138197 0.6042463
v -0.1242401 -0.3238197 0.6115059
v -0.1242401 -0.3361804 0.6115059
v -0.1245303 -0.3461803 0.6042463
v -0.1250000 -0.3500000 0.5925000
v -0.1254697 -0.3461803 0.5807536
v -0.1257599 -0.3361804 0.5734940
v -0.1257599 -0.3238197 0.5734940
v -0.1254697 -0.3138197 0.5807537
v -0.1250000 -0.3100000 0.5925000
v -0.0000000 -0.3138197 0.6017557
v -0.0000000 -0.3238197 0.6090211
v 0.0000000 -0.3361804 0.6090211
v 0.0000000 -0.3461803 0.6017557
v 0.0000000 -0.3500000 0.5900000
v 0.0000000 -0.3461803 0.5782443
v 0.0000000 -0.3361804 0.5709788
v 0.0000000 -0.3238197 0.5709788
v -0.0000000 -0.3138197 0.5782443
v -0.0000000 -0.3100000 0.5900000
v 0.1245303 -0.3138197 0.6042463
v 0.1242401 -0.3238197 0.6115059
v 0.1242401 -0.3361804 0.6115059
v 0.1245303 -0.3461803 0.6042463
v 0.1250000 -0.3500000 0.5925000
v 0.1254697 -0.3461803 0.5807536
v 0.1257599 -0.3361804 0.5734940
v 0.1257599 -0.3238197 0.5734940
v 0.1254697 -0.3138197 0.5807537
v 0.1250000 -0.3100000 0.5925000
v 0.2490629 -0.3138197 0.6117183
v 0.2484837 -0.3238197 0.6189606
v 0.2484837 -0.3361804 0.6189606
v 0.2490629 -0.3461803 0.6117183
v 0.2500000 -0.3500000 0.6000000
v 0.2509371 -0.3461803 0.5882818
v 0.2515163 -0.3361804 0.5810394
v 0.2515163 -0.3238197 0.5810394
v 0.2509371 -0.3138197 0.5882818
v 0.2500000 -0.3100000 0.6000000
v 0.3735999 -0.3138197 0.6241720
v 0.3727346 -0.3238197 0.6313857
v 0.3727346 -0.3361804 0.6313857
v 0.3735999 -0.3461803 0.6241720
v 0.3750000 -0.3500000 0.6125000
v 0.3764001 -0.3461803 0.6008280
v 0.3772654 -0.3361804 0.5936143
v 0.3772654 -0.3238197 0.5936143
v 0.3764001 -0.3138197 0.6008280
v 0.3750000 -0.3100000 0.6125000
v 0.4983701 -0.3138197 0.6416422
v 0.4973628 -0.3238197 0.6488374
v 0.4973628 -0.3361804 0.6488374
v 0.4983701 -0.3461803 0.6416422
v 0.5000000 -0.3500000 0.6300000
v 0.5016299 -0.3461803 0.6183578
v 0.5026373 -0.3361804 0.6111625
v 0.5026373 -0.3238197 0.6111626
v 0.5016299 -0.3138197 0.6183578
v 0.5000000 -0.3100000 0.6300000
f 772 770 771
f 773 770 772
f 774 770 773
f 774 769 770
f 765 769 774
f 765 768 769
f 766 768 765
f 766 767 768
f 780 782 781
f 780 783 782
f 779 783 780
f 779 784 783
f 778 784 779
f 778 775 784
f 777 775 778
f 777 776 775
f 785 795 804
f 785 804 794
f 786 796 795
f 786 795 785
f 787 797 796
f 787 796 786
f 788 798 797
f 788 797 787
f 789 799 798
f 789 798 788
f 790 800 799
f 790 799 789
f 791 801 800
f 791 800 790
f 792 802 801
f 792 801 791
f 793 803 802
f 793 802 792
f 794 804 803
f 794 803 793
f 795 805 814
f 795 814 804
f 796 806 805
f 796 805 795
f 797 807 806
f 797 806 796
f 798 808 807
f 798 807 797
f 799 809 808
f 799 808 798
f 800 810 809
f 800 809 799
f 801 811 810
f 801 810 800
f 802 812 811
f 802 811 801
f 803 813 812
f 803 812 802
f 804 814 813
f 804 813 803
f 805 815 824
f 805 824 814
f 806 816 815
f 806 815 805
f 807 817 816
f 807 816 806
f 808 818 817
f 808 817 807
f 809 819 818
f 809 818 808
f 810 820 819
f 810 819 809
f 811 821 820
f 811 820 810
f 812 822 821
f 812 821 811
f 813 823 822
f 813 822 812
f 814 824 823
f 814 823 813
f 815 825 834
f 815 834 824
f 816 826 825
f 816 825 815
f 817 827 826
f 817 826 816
f 818 828 827
f 818 827 817
f 819 829 828
f 819 828 818
f 820 830 829
f 820 829 819
f 821 831 830
f 821 830 820
f 822 832 831
f 822 831 821
f 823 833 832
f 823 832 822
f 824 834 833
f 824 833 823
f 825 835 844
f 825 844 834
f 826 836 835
f 826 835 825
f 827 837 836
f 827 836 826
f 828 838 837
f 828 837 827
f 829 839 838
f 829 838 828
f 830 840 839
f 830 839 829
f 831 841 840
f 831 840 830
f 832 842 841
f 832 841 831
f 833 843 842
f 833 842 832
f 834 844 843
f 834 843 833
f 835 845 854
f 835 854 844
f 836 846 845
f 836 845 835
f 837 847 846
f 837 846 836
f 838 848 847
f 838 847 837
f 839 849 848
f 839 848 838
f 840 850 849
f 840 849 839
f 841 851 850
f 841 850 840
f 842 852 851
f 842 851 841
f 843 853 852
f 843 852 842
f 844 854 853
f 844 853 843
f 845 855 864
f 845 864 854
f 846 856 855
f 846 855 845
f 847 857 856
f 847 856 846
f 848 858 857
f 848 857 847
f 849 859 858
f 849 858 848
f 850 860 859
f 850 859 849
f 851 861 860
f 851 860 850
f 852 862 861
f 852 861 851
f 853 863 862
f 853 862 852
f 854 864 863
f 854 863 853
f 855 865 874
f 855 874 864
f 856 866 865
f 856 865 855
f 857 867 866
f 857 866 856
f 858 868 867
f 858 867 857
f 859 869 868
f 859 868 858
f 860 870 869
f 860 869 859
f 861 871 870
f 861 870 860
f 862 872 871
f 862 871 861
f 863 873 872
f 863 872 862
f 864 874 873
f 864 873 863
v 0.6000000 0.3500000 0.6249999
v 0.6000000 0.3500000 0.5599999
v 0.5923464 0.3484776 0.6249999
v 0.5923464 0.3484776 0.5599999
v 0.5858579 0.3441421 0.6249999
v 0.5858579 0.3441421 0.5599999
v 0.5815225 0.3376537 0.6249999
v 0.5815225 0.3376537 0.5599999
v 0.5800000 0.3300000 0.6250000
v 0.5800000 0.3300000 0.5599999
v 0.5815224 0.3223464 0.6250000
v 0.5815224 0.3223463 0.5600000
v 0.5858579 0.3158579 0.6250000
v 0.5858579 0.3158579 0.5600000
v 0.5923464 0.3115224 0.6250000
v 0.5923464 0.3115224 0.5600000
v 0.6000000 0.3100000 0.6250000
v 0.6000000 0.3100000 0.5600000
v 0.6076537 0.3115224 0.6250000
v 0.6076537 0.3115224 0.5600000
v 0.6141422 0.3158579 0.6250000
v 0.6141422 0.3158579 0.5600000
v 0.6184776 0.3223464 0.6250000
v 0.6184776 0.3223463 0.5600000
v 0.6200000 0.3300000 0.6250000
v 0.6200000 0.3300000 0.5599999
v 0.6184776 0.3376537 0.6249999
v 0.6184776 0.3376537 0.5599999
v 0.6141422 0.3441421 0.6249999
v 0.6141422 0.3441421 0.5599999
v 0.6076537 0.3484776 0.6249999
v 0.6076537 0.3484776 0.5599999
f 875 876 878
f 875 878 877
f 877 878 880
f 877 880 879
f 879 880 882
f 879 882 881
f 881 882 884
f 881 884 883
f 883 884 886
f 883 886 885
f 885 886 888
f 885 888 887
f 887 888 890
f 887 890 889
f 889 890 892
f 889 892 891
f 891 892 894
f 891 894 893
f 893 894 896
f 893 896 895
f 895 896 898
f 895 898 897
f 897 898 900
f 897 900 899
f 899 900 902
f 899 902 901
f 901 902 904
f 901 904 903
f 880 878 876
f 876 906 904
f 904 902 900
f 900 898 896
f 896 894 892
f 892 890 888
f 888 886 884
f 884 882 880
f 880 876 904
f 904 900 896
f 896 892 888
f 888 884 880
f 880 904 896
f 896 888 880
f 903 904 906
f 903 906 905
f 905 906 876
f 905 876 875
f 905 875 877
f 877 879 881
f 881 883 885
f 885 887 889
f 889 891 893
f 893 895 897
f 897 899 901
f 901 903 905
f 905 877 881
f 881 885 889
f 889 893 897
f 897 901 905
f 905 881 889
f 889 897 905
v 0.4983701 0.3461803 0.6416422
v 0.4973628 0.3361804 0.6488374
v 0.4973628 0.3238197 0.6488374
v 0.4983701 0.3138197 0.6416422
v 0.5000000 0.3100000 0.6300000
v 0.5016299 0.3138197 0.6183578
v 0.5026373 0.3238197 0.6111625
v 0.5026373 0.3361804 0.6111626
v 0.5016299 0.3461803 0.6183578
v 0.5000000 0.3500000 0.6300000
v -0.4983701 0.3461803 0.6416422
v -0.4973628 0.3361804 0.6488374
v -0.4973628 0.3238197 0.6488374
v -0.4983701 0.3138197 0.6416422
v -0.5000000 0.3100000 0.6300000
v -0.5016299 0.3138197 0.6183578
v -0.5026372 0.3238197 0.6111626
v -0.5026372 0.3361804 0.6111626
v -0.5016299 0.3461803 0.6183578
v -0.5000000 0.3500000 0.6300000
v -0.4983701 0.3461803 0.6416422
v -0.4973628 0.3361804 0.6488374
v -0.4973628 0.3238197 0.6488374
v -0.4983701 0.3138197 0.6416422
v -0.5000000 0.3100000 0.6300000
v -0.5016299 0.3138197 0.6183578
v -0.5026372 0.3238197 0.6111626
v -0.5026372 0.3361804 0.6111626
v -0.5016299 0.3461803 0.6183578
v -0.5000000 0.3500000 0.6300000
v -0.3735999 0.3461803 0.6241720
v -0.3727346 0.3361804 0.6313857
v -0.3727346 0.3238197 0.6313857
v -0.3735999 0.3138197 0.6241720
v -0.3750000 0.3100000 0.6125000
v -0.3764001 0.3138197 0.6008280
v -0.3772654 0.3238197 0.5936143
v -0.3772654 0.3361804 0.5936143
v -0.3764001 0.3461803 0.6008280
v -0.3750000 0.3500000 0.6125000
v -0.2490629 0.3461803 0.6117183
v -0.2484837 0.3361804 0.6189606
v -0.2484837 0.3238197 0.6189606
v -0.2490629 0.3138197 0.6117183
v -0.2500000 0.3100000 0.6000000
v -0.2509371 0.3138197 0.5882818
v -0.2515163 0.3238197 0.5810394
v -0.2515163 0.3361804 0.5810394
v -0.2509371 0.3461803 0.5882818
v -0.2500000 0.3500000 0.6000000
v -0.1245303 0.3461803 0.6042463
v -0.1242401 0.3361804 0.6115059
v -0.1242401 0.3238197 0.6115059
v -0.1245303 0.3138197 0.6042463
v -0.1250000 0.3100000 0.5925000
v -0.1254697 0.3138197 0.5807536
v -0.1257599 0.3238197 0.5734940
v -0.1257599 0.3361804 0.5734940
v -0.1254697 0.3461803 0.5807537
v -0.1250000 0.3500000 0.5925000
v -0.0000000 0.3461803 0.6017557
v -0.0000000 0.3361804 0.6090211
v 0.0000000 0.3238197 0.6090211
v 0.0000000 0.3138197 0.6017557
v 0.0000000 0.3100000 0.5900000
v 0.0000000 0.3138197 0.5782443
v 0.0000000 0.3238197 0.5709788
v 0.0000000 0.3361804 0.5709788
v -0.0000000 0.3461803 0.5782443
v -0.0000000 0.3500000 0.5900000
v 0.1245303 0.3461803 0.6042463
v 0.1242401 0.3361804 0.6115059
v 0.1242401 0.3238197 0.6115059
v 0.1245303 0.3138197 0.6042463
v 0.1250000 0.3100000 0.5925000
v 0.1254697 0.3138197 0.5807536
v 0.1257599 0.3238197 0.5734940
v 0.1257599 0.3361804 0.5734940
v 0.1254697 0.3461803 0.5807537
v 0.1250000 0.3500000 0.5925000
v 0.2490629 0.3461803 0.6117183
v 0.2484837 0.3361804 0.6189606
v 0.2484837 0.3238197 0.6189606
v 0.2490629 0.3138197 0.6117183
v 0.2500000 0.3100000 0.6000000
v 0.2509371 0.3138197 0.5882818
v 0.2515163 0.3238197 0.5810394
v 0.2515163 0.3361804 0.5810394
v 0.2509371 0.3461803 0.5882818
v 0.2500000 0.3500000 0.6000000
v 0.3735999 0.3461803 0.6241720
v 0.3727346 0.3361804 0.6313857
v 0.3727346 0.3238197 0.6313857
v 0.3735999 0.3138197 0.6241720
v 0.3750000 0.3100000 0.6125000
v 0.3764001 0.3138197 0.6008280
v 0.3772654 0.3238197 0.5936143
v 0.3772654 0.3361804 0.5936143
v 0.3764001 0.3461803 0.6008280
v 0.3750000 0.3500000 0.6125000
v 0.4983701 0.3461803 0.6416422
v 0.4973628 0.3361804 0.6488374
v 0.4973628 0.3238197 0.6488374
v 0.4983701 0.3138197 0.6416422
v 0.5000000 0.3100000 0.6300000
v 0.5016299 0.3138197 0.6183578
v 0.5026373 0.3238197 0.6111625
v 0.5026373 0.3361804 0.6111626
v 0.5016299 0.3461803 0.6183578
v 0.5000000 0.3500000 0.6300000
f 914 912 913
f 915 912 914
f 916 912 915
f 916 911 912
f 907 911 916
f 907 910 911
f 908 910 907
f 908 909 910
f 922 924 923
f 922 925 924
f 921 925 922
f 921 926 925
f 920 926 921
f 920 917 926
f 919 917 920
f 919 918 917
f 927 937 946
f 927 946 936
f 928 938 937
f 928 937 927
f 929 939 938
f 929 938 928
f 930 940 939
f 930 939 929
f 931 941 940
f 931 940 930
f 932 942 941
f 932 941 931
f 933 943 942
f 933 942 932
f 934 944 943
f 934 943 933
f 935 945 944
f 935 944 934
f 936 946 945
f 936 945 935
f 937 947 956
f 937 956 946
f 938 948 947
f 938 947 937
f 939 949 948
f 939 948 938
f 940 950 949
f 940 949 939
f 941 951 950
f 941 950 940
f 942 952 951
f 942 951 941
f 943 953 952
f 943 952 942
f 944 954 953
f 944 953 943
f 945 955 954
f 945 954 944
f 946 956 955
f 946 955 945
f 947 957 966
f 947 966 956
f 948 958 957
f 948 957 947
f 949 959 958
f 949 958 948
f 950 960 959
f 950 959 949
f 951 961 960
f 951 960 950
f 952 962 961
f 952 961 951
f 953 963 962
f 953 962 952
f 954 964 963
f 954 963 953
f 955 965 964
f 955 964 954
f 956 966 965
f 956 965 955
f 957 967 976
f 957 976 966
f 958 968 967
f 958 967 957
f 959 969 968
f 959 968 958
f 960 970 969
f 960 969 959
f 961 971 970
f 961 970 960
f 962 972 971
f 962 971 961
f 963 973 972
f 963 972 962
f 964 974 973
f 964 973 963
f 965 975 974
f 965 974 964
f 966 976 975
f 966 975 965
f 967 977 986
f 967 986 976
f 968 978 977
f 968 977 967
f 969 979 978
f 969 978 968
f 970 980 979
f 970 979 969
f 971 981 980
f 971 980 970
f 972 982 981
f 972 981 971
f 973 983 982
f 973 982 972
f 974 984 983
f 974 983 973
f 975 985 984
f 975 984 974
f 976 986 985
f 976 985 975
f 977 987 996
f 977 996 986
f 978 988 987
f 978 987 977
f 979 989 988
f 979 988 978
f 980 990 989
f 980 989 979
f 981 991 990
f 981 990 980
f 982 992 991
f 982 991 981
f 983 993 992
f 983 992 982
f 984 994 993
f 984 993 983
f 985 995 994
f 985 994 984
f 986 996 995
f 986 995 985
f 987 997 1006
f 987 1006 996
f 988 998 997
f 988 997 987
f 989 999 998
f 989 998 988
f 990 1000 999
f 990 999 989
f 991 1001 1000
f 991 1000 990
f 992 1002 1001
f 992 1001 991
f 993 1003 1002
f 993 1002 992
f 994 1004 1003
f 994 1003 993
f 995 1005 1004
f 995 1004 994
f 996 1006 1005
f 996 1005 995
f 997 1007 1016
f 997 1016 1006
f 998 1008 1007
f 998 1007 997
f 999 1009 1008
f 999 1008 998
f 1000 1010 1009
f 1000 1009 999
f 1001 1011 1010
f 1001 1010 1000
f 1002 1012 1011
f 1002 1011 1001
f 1003 1013 1012
f 1003 1012 1002
f 1004 1014 1013
f 1004 1013 1003
f 1005 1015 1014
f 1005 1014 1004
f 1006 1016 1015
f 1006 1015 1005
v 1.7620001 -0.1880000 0.5200000
v 1.7620001 -0.2000000 0.5320000
v 1.7500001 -0.1880000 0.5320000
v 1.7620001 -0.1939922 0.5216032
v 1.7560079 -0.1880000 0.5216032
v 1.7562616 -0.1937386 0.5231604
v 1.7560079 -0.1983969 0.5320000
v 1.7620001 -0.1983969 0.5260079
v 1.7562616 -0.1968396 0.5262614
v 1.7516032 -0.1880000 0.5260079
v 1.7516032 -0.1939922 0.5320000
v 1.7531605 -0.1937386 0.5262614
v 1.7620001 -0.2000000 0.6880000
v 1.7620001 -0.1880000 0.7000000
v 1.7500001 -0.1880000 0.6880000
v 1.7620001 -0.1983969 0.6939921
v 1.7560079 -0.1983969 0.6880000
v 1.7562616 -0.1968396 0.6937386
v 1.7560079 -0.1880000 0.6983969
v 1.7620001 -0.1939922 0.6983969
v 1.7562616 -0.1937386 0.6968396
v 1.7516032 -0.1939922 0.6880000
v 1.7516032 -0.1880000 0.6939921
v 1.7531605 -0.1937386 0.6937386
v 1.7620001 0.1880000 0.5200000
v 1.7500001 0.1880000 0.5320000
v 1.7620001 0.2000000 0.5320000
v 1.7560079 0.1880000 0.5216032
v 1.7620001 0.1939922 0.5216032
v 1.7562616 0.1937386 0.5231604
v 1.7516032 0.1939922 0.5320000
v 1.7516032 0.1880000 0.5260079
v 1.7531605 0.1937386 0.5262614
v 1.7620001 0.1983969 0.5260079
v 1.7560079 0.1983969 0.5320000
v 1.7562616 0.1968396 0.5262614
v 1.7620001 0.1880000 0.7000000
v 1.7620001 0.2000000 0.6880000
v 1.7500001 0.1880000 0.6880000
v 1.7620001 0.1939922 0.6983969
v 1.7560079 0.1880000 0.6983969
v 1.7562616 0.1937386 0.6968396
v 1.7560079 0.1983969 0.6880000
v 1.7620001 0.1983969 0.6939921
v 1.7562616 0.1968396 0.6937386
v 1.7516032 0.1880000 0.6939921
v 1.7516032 0.1939922 0.6880000
v 1.7531605 0.1937386 0.6937386
v 2.2880001 -0.1880000 0.5200000
v 2.3000002 -0.1880000 0.5320000
v 2.2880001 -0.2000000 0.5320000
v 2.2939923 -0.1880000 0.5216032
v 2.2880001 -0.1939922 0.5216032
v 2.2937386 -0.1937386 0.5231604
v 2.2983971 -0.1939922 0.5320000
v 2.2983971 -0.1880000 0.5260079
v 2.2968397 -0.1937386 0.5262614
v 2.2880001 -0.1983969 0.5260079
v 2.2939923 -0.1983969 0.5320000
v 2.2937386 -0.1968396 0.5262614
v 2.2880001 -0.1880000 0.7000000
v 2.2880001 -0.2000000 0.6880000
v 2.3000002 -0.1880000 0.6880000
v 2.2880001 -0.1939922 0.6983969
v 2.2939923 -0.1880000 0.6983969
v 2.2937386 -0.1937386 0.6968396
v 2.2939923 -0.1983969 0.6880000
v 2.2880001 -0.1983969 0.6939921
v 2.2937386 -0.1968396 0.6937386
v 2.2983971 -0.1880000 0.6939921
v 2.2983971 -0.1939922 0.6880000
v 2.2968397 -0.1937386 0.6937386
v 2.2880001 0.1880000 0.5200000
v 2.2880001 0.2000000 0.5320000
v 2.3000002 0.1880000 0.5320000
v 2.2880001 0.1939922 0.5216032
v 2.2939923 0.1880000 0.5216032
v 2.2937386 0.1937386 0.5231604
v 2.2939923 0.1983969 0.5320000
v 2.2880001 0.1983969 0.5260079
v 2.2937386 0.1968396 0.5262614
v 2.2983971 0.1880000 0.5260079
v 2.2983971 0.1939922 0.5320000
v 2.2968397 0.1937386 0.5262614
v 2.2880001 0.1880000 0.7000000
v 2.3000002 0.1880000 0.6880000
v 2.2880001 0.2000000 0.6880000
v 2.2939923 0.1880000 0.6983969
v 2.2880001 0.1939922 0.6983969
v 2.2937386 0.1937386 0.6968396
v 2.2983971 0.1939922 0.6880000
v 2.2983971 0.1880000 0.6939921
v 2.2968397 0.1937386 0.6937386
v 2.2880001 0.1983969 0.6939921
v 2.2939923 0.1983969 0.6880000
v 2.2937386 0.1968396 0.6937386
f 1017 1020 1022
f 1017 1022 1021
f 1020 1024 1025
f 1020 1025 1022
f 1018 1023 1025
f 1018 1025 1024
f 1023 1027 1028
f 1023 1028 1025
f 1019 1026 1028
f 1019 1028 1027
f 1026 1021 1022
f 1026 1022 1028
f 1022 1025 1028
f 1029 1032 1034
f 1029 1034 1033
f 1032 1036 1037
f 1032 1037 1034
f 1030 1035 1037
f 1030 1037 1036
f 1035 1039 1040
f 1035 1040 1037
f 1031 1038 1040
f 1031 1040 1039
f 1038 1033 1034
f 1038 1034 1040
f 1034 1037 1040
f 1041 1044 1046
f 1041 1046 1045
f 1044 1048 1049
f 1044 1049 1046
f 1042 1047 1049
f 1042 1049 1048
f 1047 1051 1052
f 1047 1052 1049
f 1043 1050 1052
f 1043 1052 1051
f 1050 1045 1046
f 1050 1046 1052
f 1046 1049 1052
f 1053 1056 1058
f 1053 1058 1057
f 1056 1060 1061
f 1056 1061 1058
f 1054 1059 1061
f 1054 1061 1060
f 1059 1063 1064
f 1059 1064 1061
f 1055 1062 1064
f 1055 1064 1063
f 1062 1057 1058
f 1062 1058 1064
f 1058 1061 1064
f 1065 1068 1070
f 1065 1070 1069
f 1068 1072 1073
f 1068 1073 1070
f 1066 1071 1073
f 1066 1073 1072
f 1071 1075 1076
f 1071 1076 1073
f 1067 1074 1076
f 1067 1076 1075
f 1074 1069 1070
f 1074 1070 1076
f 1070 1073 1076
f 1077 1080 1082
f 1077 1082 1081
f 1080 1084 1085
f 1080 1085 1082
f 1078 1083 1085
f 1078 1085 1084
f 1083 1087 1088
f 1083 1088 1085
f 1079 1086 1088
f 1079 1088 1087
f 1086 1081 1082
f 1086 1082 1088
f 1082 1085 1088
f 1089 1092 1094
f 1089 1094 1093
f 1092 1096 1097
f 1092 1097 1094
f 1090 1095 1097
f 1090 1097 1096
f 1095 1099 1100
f 1095 1100 1097
f 1091 1098 1100
f 1091 1100 1099
f 1098 1093 1094
f 1098 1094 1100
f 1094 1097 1100
f 1101 1104 1106
f 1101 1106 1105
f 1104 1108 1109
f 1104 1109 1106
f 1102 1107 1109
f 1102 1109 1108
f 1107 1111 1112
f 1107 1112 1109
f 1103 1110 1112
f 1103 1112 1111
f 1110 1105 1106
f 1110 1106 1112
f 1106 1109 1112
f 1041 1017 1021
f 1041 1021 1044
f 1044 1021 1026
f 1044 1026 1048
f 1048 1026 1019
f 1048 1019 1042
f 1018 1029 1033
f 1018 1033 1023
f 1023 1033 1038
f 1023 1038 1027
f 1027 1038 1031
f 1027 1031 1019
f 1030 1053 1057
f 1030 1057 1035
f 1035 1057 1062
f 1035 1062 1039
f 1039 1062 1055
f 1039 1055 1031
f 1054 1043 1051
f 1054 1051 1059
f 1059 1051 1047
f 1059 1047 1063
f 1063 1047 1042
f 1063 1042 1055
f 1089 1041 1045
f 1089 1045 1092
f 1092 1045 1050
f 1092 1050 1096
f 1096 1050 1043
f 1096 1043 1090
f 1053 1101 1105
f 1053 1105 1056
f 1056 1105 1110
f 1056 1110 1060
f 1060 1110 1103
f 1060 1103 1054
f 1102 1091 1099
f 1102 1099 1107
f 1107 1099 1095
f 1107 1095 1111
f 1111 1095 1090
f 1111 1090 1103
f 1065 1089 1093
f 1065 1093 1068
f 1068 1093 1098
f 1068 1098 1072
f 1072 1098 1091
f 1072 1091 1066
f 1101 1077 1081
f 1101 1081 1104
f 1104 1081 1086
f 1104 1086 1108
f 1108 1086 1079
f 1108 1079 1102
f 1078 1067 1075
f 1078 1075 1083
f 1083 1075 1071
f 1083 1071 1087
f 1087 1071 1066
f 1087 1066 1079
f 1017 1065 1069
f 1017 1069 1020
f 1020 1069 1074
f 1020 1074 1024
f 1024 1074 1067
f 1024 1067 1018
f 1077 1030 1036
f 1077 1036 1080
f 1080 1036 1032
f 1080 1032 1084
f 1084 1032 1029
f 1084 1029 1078
f 1041 1089 1065
f 1041 1065 1017
f 1019 1031 1055
f 1019 1055 1042
f 1067 1078 1029
f 1067 1029 1018
f 1101 1053 1030
f 1101 1030 1077
f 1043 1054 1103
f 1043 1103 1090
f 1091 1102 1079
f 1091 1079 1066
v 1.8299999 -0.0900000 0.7000000
v 1.8299999 -0.1000000 0.7100000
v 1.8199999 -0.0900000 0.7100000
v 1.8299999 -0.0949934 0.7013360
v 1.8250065 -0.0900000 0.7013360
v 1.8252178 -0.0947821 0.7026337
v 1.8250065 -0.0986640 0.7100000
v 1.8299999 -0.0986640 0.7050066
v 1.8252178 -0.0973663 0.7052179
v 1.8213359 -0.0900000 0.7050066
v 1.8213359 -0.0949934 0.7100000
v 1.8226336 -0.0947821 0.7052179
v 1.8299999 -0.1000000 0.9900000
v 1.8299999 -0.0900000 1.0000000
v 1.8199999 -0.0900000 0.9900000
v 1.8299999 -0.0986640 0.9949934
v 1.8250065 -0.0986640 0.9900000
v 1.8252178 -0.0973663 0.9947821
v 1.8250065 -0.0900000 0.9986641
v 1.8299999 -0.0949934 0.9986641
v 1.8252178 -0.0947821 0.9973664
v 1.8213359 -0.0949934 0.9900000
v 1.8213359 -0.0900000 0.9949934
v 1.8226336 -0.0947821 0.9947821
v 1.8299999 0.0900000 0.7000000
v 1.8199999 0.0900000 0.7100000
v 1.8299999 0.1000000 0.7100000
v 1.8250065 0.0900000 0.7013360
v 1.8299999 0.0949934 0.7013360
v 1.8252178 0.0947821 0.7026337
v 1.8213359 0.0949934 0.7100000
v 1.8213359 0.0900000 0.7050066
v 1.8226336 0.0947821 0.7052179
v 1.8299999 0.0986640 0.7050066
v 1.8250065 0.0986640 0.7100000
v 1.8252178 0.0973663 0.7052179
v 1.8299999 0.0900000 1.0000000
v 1.8299999 0.1000000 0.9900000
v 1.8199999 0.0900000 0.9900000
v 1.8299999 0.0949934 0.9986641
v 1.8250065 0.0900000 0.9986641
v 1.8252178 0.0947821 0.9973664
v 1.8250065 0.0986640 0.9900000
v 1.8299999 0.0986640 0.9949934
v 1.8252178 0.0973663 0.9947821
v 1.8213359 0.0900000 0.9949934
v 1.8213359 0.0949934 0.9900000
v 1.8226336 0.0947821 0.9947821
v 2.0100000 -0.0900000 0.7000000
v 2.0200000 -0.0900000 0.7100000
v 2.0100000 -0.1000000 0.7100000
v 2.0149934 -0.0900000 0.7013360
v 2.0100000 -0.0949934 0.7013360
v 2.0147822 -0.0947821 0.7026337
v 2.0186639 -0.0949934 0.7100000
v 2.0186639 -0.0900000 0.7050066
v 2.0173662 -0.0947821 0.7052179
v 2.0100000 -0.0986640 0.7050066
v 2.0149934 -0.0986640 0.7100000
v 2.0147822 -0.0973663 0.7052179
v 2.0100000 -0.0900000 1.0000000
v 2.0100000 -0.1000000 0.9900000
v 2.0200000 -0.0900000 0.9900000
v 2.0100000 -0.0949934 0.9986641
v 2.0149934 -0.0900000 0.9986641
v 2.0147822 -0.0947821 0.9973664
v 2.0149934 -0.0986640 0.9900000
v 2.0100000 -0.0986640 0.9949934
v 2.0147822 -0.0973663 0.9947821
v 2.0186639 -0.0900000 0.9949934
v 2.0186639 -0.0949934 0.9900000
v 2.0173662 -0.0947821 0.9947821
v 2.0100000 0.0900000 0.7000000
v 2.0100000 0.1000000 0.7100000
v 2.0200000 0.0900000 0.7100000
v 2.0100000 0.0949934 0.7013360
v 2.0149934 0.0900000 0.7013360
v 2.0147822 0.0947821 0.7026337
v 2.0149934 0.0986640 0.7100000
v 2.0100000 0.0986640 0.7050066
v 2.0147822 0.0973663 0.7052179
v 2.0186639 0.0900000 0.7050066
v 2.0186639 0.0949934 0.7100000
v 2.0173662 0.0947821 0.7052179
v 2.0100000 0.0900000 1.0000000
v 2.0200000 0.0900000 0.9900000
v 2.0100000 0.1000000 0.9900000
v 2.0149934 0.0900000 0.9986641
v 2.0100000 0.0949934 0.9986641
v 2.0147822 0.0947821 0.9973664
v 2.0186639 0.0949934 0.9900000
v 2.0186639 0.0900000 0.9949934
v 2.0173662 0.0947821 0.9947821
v 2.0100000 0.0986640 0.9949934
v 2.0149934 0.0986640 0.9900000
v 2.0147822 0.0973663 0.9947821
f 1113 1116 1118
f 1113 1118 1117
f 1116 1120 1121
f 1116 1121 1118
f 1114 1119 1121
f 1114 1121 1120
f 1119 1123 1124
f 1119 1124 1121
f 1115 1122 1124
f 1115 1124 1123
f 1122 1117 1118
f 1122 1118 1124
f 1118 1121 1124
f 1125 1128 1130
f 1125 1130 1129
f 1128 1132 1133
f 1128 1133 1130
f 1126 1131 1133
f 1126 1133 1132
f 1131 1135 1136
f 1131 1136 1133
f 1127 1134 1136
f 1127 1136 1135
f 1134 1129 1130
f 1134 1130 1136
f 1130 1133 1136
f 1137 1140 1142
f 1137 1142 1141
f 1140 1144 1145
f 1140 1145 1142
f 1138 1143 1145
f 1138 1145 1144
f 1143 1147 1148
f 1143 1148 1145
f 1139 1146 1148
f 1139 1148 1147
f 1146 1141 1142
f 1146 1142 1148
f 1142 1145 1148
f 1149 1152 1154
f 1149 1154 1153
f 1152 1156 1157
f 1152 1157 1154
f 1150 1155 1157
f 1150 1157 1156
f 1155 1159 1160
f 1155 1160 1157
f 1151 1158 1160
f 1151 1160 1159
f 1158 1153 1154
f 1158 1154 1160
f 1154 1157 1160
f 1161 1164 1166
f 1161 1166 1165
f 1164 1168 1169
f 1164 1169 1166
f 1162 1167 1169
f 1162 1169 1168
f 1167 1171 1172
f 1167 1172 1169
f 1163 1170 1172
f 1163 1172 1171
f 1170 1165 1166
f 1170 1166 1172
f 1166 1169 1172
f 1173 1176 1178
f 1173 1178 1177
f 1176 1180 1181
f 1176 1181 1178
f 1174 1179 1181
f 1174 1181 1180
f 1179 1183 1184
f 1179 1184 1181
f 1175 1182 1184
f 1175 1184 1183
f 1182 1177 1178
f 1182 1178 1184
f 1178 1181 1184
f 1185 1188 1190
f 1185 1190 1189
f 1188 1192 1193
f 1188 1193 1190
f 1186 1191 1193
f 1186 1193 1192
f 1191 1195 1196
f 1191 1196 1193
f 1187 1194 1196
f 1187 1196 1195
f 1194 1189 1190
f 1194 1190 1196
f 1190 1193 1196
f 1197 1200 1202
f 1197 1202 1201
f 1200 1204 1205
f 1200 1205 1202
f 1198 1203 1205
f 1198 1205 1204
f 1203 1207 1208
f 1203 1208 1205
f 1199 1206 1208
f 1199 1208 1207
f 1206 1201 1202
f 1206 1202 1208
f 1202 1205 1208
f 1137 1113 1117
f 1137 1117 1140
f 1140 1117 1122
f 1140 1122 1144
f 1144 1122 1115
f 1144 1115 1138
f 1114 1125 1129
f 1114 1129 1119
f 1119 1129 1134
f 1119 1134 1123
f 1123 1134 1127
f 1123 1127 1115
f 1126 1149 1153
f 1126 1153 1131
f 1131 1153 1158
f 1131 1158 1135
f 1135 1158 1151
f 1135 1151 1127
f 1150 1139 1147
f 1150 1147 1155
f 1155 1147 1143
f 1155 1143 1159
f 1159 1143 1138
f 1159 1138 1151
f 1185 1137 1141
f 1185 1141 1188
f 1188 1141 1146
f 1188 1146 1192
f 1192 1146 1139
f 1192 1139 1186
f 1149 1197 1201
f 1149 1201 1152
f 1152 1201 1206
f 1152 1206 1156
f 1156 1206 1199
f 1156 1199 1150
f 1198 1187 1195
f 1198 1195 1203
f 1203 1195 1191
f 1203 1191 1207
f 1207 1191 1186
f 1207 1186 1199
f 1161 1185 1189
f 1161 1189 1164
f 1164 1189 1194
f 1164 1194 1168
f 1168 1194 1187
f 1168 1187 1162
f 1197 1173 1177
f 1197 1177 1200
f 1200 1177 1182
f 1200 1182 1204
f 1204 1182 1175
f 1204 1175 1198
f 1174 1163 1171
f 1174 1171 1179
f 1179 1171 1167
f 1179 1167 1183
f 1183 1167 1162
f 1183 1162 1175
f 1113 1161 1165
f 1113 1165 1116
f 1116 1165 1170
f 1116 1170 1120
f 1120 1170 1163
f 1120 1163 1114
f 1173 1126 1132
f 1173 1132 1176
f 1176 1132 1128
f 1176 1128 1180
f 1180 1128 1125
f 1180 1125 1174
f 1137 1185 1161
f 1137 1161 1113
f 1115 1127 1151
f 1115 1151 1138
f 1163 1174 1125
f 1163 1125 1114
f 1197 1149 1126
f 1197 1126 1173
f 1139 1150 1199
f 1139 1199 1186
f 1187 1198 1175
f 1187 1175 1162
v 2.0400002 -0.0900000 0.7000000
v 2.0400002 -0.1000000 0.7100000
v 2.0300002 -0.0900000 0.7100000
v 2.0400002 -0.0949934 0.7013360
v 2.0350068 -0.0900000 0.7013360
v 2.0352180 -0.0947821 0.7026337
v 2.0350068 -0.0986640 0.7100000
v 2.0400002 -0.0986640 0.7050066
v 2.0352180 -0.0973663 0.7052179
v 2.0313361 -0.0900000 0.7050066
v 2.0313361 -0.0949934 0.7100000
v 2.0326338 -0.0947821 0.7052179
v 2.0400002 -0.1000000 0.9900000
v 2.0400002 -0.0900000 1.0000000
v 2.0300002 -0.0900000 0.9900000
v 2.0400002 -0.0986640 0.9949934
v 2.0350068 -0.0986640 0.9900000
v 2.0352180 -0.0973663 0.9947821
v 2.0350068 -0.0900000 0.9986641
v 2.0400002 -0.0949934 0.9986641
v 2.0352180 -0.0947821 0.9973664
v 2.0313361 -0.0949934 0.9900000
v 2.0313361 -0.0900000 0.9949934
v 2.0326338 -0.0947821 0.9947821
v 2.0400002 0.0900000 0.7000000
v 2.0300002 0.0900000 0.7100000
v 2.0400002 0.1000000 0.7100000
v 2.0350068 0.0900000 0.7013360
v 2.0400002 0.0949934 0.7013360
v 2.0352180 0.0947821 0.7026337
v 2.0313361 0.0949934 0.7100000
v 2.0313361 0.0900000 0.7050066
v 2.0326338 0.0947821 0.7052179
v 2.0400002 0.0986640 0.7050066
v 2.0350068 0.0986640 0.7100000
v 2.0352180 0.0973663 0.7052179
v 2.0400002 0.0900000 1.0000000
v 2.0400002 0.1000000 0.9900000
v 2.0300002 0.0900000 0.9900000
v 2.0400002 0.0949934 0.9986641
v 2.0350068 0.0900000 0.9986641
v 2.0352180 0.0947821 0.9973664
v 2.0350068 0.0986640 0.9900000
v 2.0400002 0.0986640 0.9949934
v 2.0352180 0.0973663 0.9947821
v 2.0313361 0.0900000 0.9949934
v 2.0313361 0.0949934 0.9900000
v 2.0326338 0.0947821 0.9947821
v 2.2200000 -0.0900000 0.7000000
v 2.2300000 -0.0900000 0.7100000
v 2.2200000 -0.1000000 0.7100000
v 2.2249935 -0.0900000 0.7013360
v 2.2200000 -0.0949934 0.7013360
v 2.2247822 -0.0947821 0.7026337
v 2.2286642 -0.0949934 0.7100000
v 2.2286642 -0.0900000 0.7050066
v 2.2273664 -0.0947821 0.7052179
v 2.2200000 -0.0986640 0.7050066
v 2.2249935 -0.0986640 0.7100000
v 2.2247822 -0.0973663 0.7052179
v 2.2200000 -0.0900000 1.0000000
v 2.2200000 -0.1000000 0.9900000
v 2.2300000 -0.0900000 0.9900000
v 2.2200000 -0.0949934 0.9986641
v 2.2249935 -0.0900000 0.9986641
v 2.2247822 -0.0947821 0.9973664
v 2.2249935 -0.0986640 0.9900000
v 2.2200000 -0.0986640 0.9949934
v 2.2247822 -0.0973663 0.9947821
v 2.2286642 -0.0900000 0.9949934
v 2.2286642 -0.0949934 0.9900000
v 2.2273664 -0.0947821 0.9947821
v 2.2200000 0.0900000 0.7000000
v 2.2200000 0.1000000 0.7100000
v 2.2300000 0.0900000 0.7100000
v 2.2200000 0.0949934 0.7013360
v 2.2249935 0.0900000 0.7013360
v 2.2247822 0.0947821 0.7026337
v 2.2249935 0.0986640 0.7100000
v 2.2200000 0.0986640 0.7050066
v 2.2247822 0.0973663 0.7052179
v 2.2286642 0.0900000 0.7050066
v 2.2286642 0.0949934 0.7100000
v 2.2273664 0.0947821 0.7052179
v 2.2200000 0.0900000 1.0000000
v 2.2300000 0.0900000 0.9900000
v 2.2200000 0.1000000 0.9900000
v 2.2249935 0.0900000 0.9986641
v 2.2200000 0.0949934 0.9986641
v 2.2247822 0.0947821 0.9973664
v 2.2286642 0.0949934 0.9900000
v 2.2286642 0.0900000 0.9949934
v 2.2273664 0.0947821 0.9947821
v 2.2200000 0.0986640 0.9949934
v 2.2249935 0.0986640 0.9900000
v 2.2247822 0.0973663 0.9947821
f 1209 1212 1214
f 1209 1214 1213
f 1212 1216 1217
f 1212 1217 1214
f 1210 1215 1217
f 1210 1217 1216
f 1215 1219 1220
f 1215 1220 1217
f 1211 1218 1220
f 1211 1220 1219
f 1218 1213 1214
f 1218 1214 1220
f 1214 1217 1220
f 1221 1224 1226
f 1221 1226 1225
f 1224 1228 1229
f 1224 1229 1226
f 1222 1227 1229
f 1222 1229 1228
f 1227 1231 1232
f 1227 1232 1229
f 1223 1230 1232
f 1223 1232 1231
f 1230 1225 1226
f 1230 1226 1232
f 1226 1229 1232
f 1233 1236 1238
f 1233 1238 1237
f 1236 1240 1241
f 1236 1241 1238
f 1234 1239 1241
f 1234 1241 1240
f 1239 1243 1244
f 1239 1244 1241
f 1235 1242 1244
f 1235 1244 1243
f 1242 1237 1238
f 1242 1238 1244
f 1238 1241 1244
f 1245 1248 1250
f 1245 1250 1249
f 1248 1252 1253
f 1248 1253 1250
f 1246 1251 1253
f 1246 1253 1252
f 1251 1255 1256
f 1251 1256 1253
f 1247 1254 1256
f 1247 1256 1255
f 1254 1249 1250
f 1254 1250 1256
f 1250 1253 1256
f 1257 1260 1262
f 1257 1262 1261
f 1260 1264 1265
f 1260 1265 1262
f 1258 1263 1265
f 1258 1265 1264
f 1263 1267 1268
f 1263 1268 1265
f 1259 1266 1268
f 1259 1268 1267
f 1266 1261 1262
f 1266 1262 1268
f 1262 1265 1268
f 1269 1272 1274
f 1269 1274 1273
f 1272 1276 1277
f 1272 1277 1274
f 1270 1275 1277
f 1270 1277 1276
f 1275 1279 1280
f 1275 1280 1277
f 1271 1278 1280
f 1271 1280 1279
f 1278 1273 1274
f 1278 1274 1280
f 1274 1277 1280
f 1281 1284 1286
f 1281 1286 1285
f 1284 1288 1289
f 1284 1289 1286
f 1282 1287 1289
f 1282 1289 1288
f 1287 1291 1292
f 1287 1292 1289
f 1283 1290 1292
f 1283 1292 1291
f 1290 1285 1286
f 1290 1286 1292
f 1286 1289 1292
f 1293 1296 1298
f 1293 1298 1297
f 1296 1300 1301
f 1296 1301 1298
f 1294 1299 1301
f 1294 1301 1300
f 1299 1303 1304
f 1299 1304 1301
f 1295 1302 1304
f 1295 1304 1303
f 1302 1297 1298
f 1302 1298 1304
f 1298 1301 1304
f 1233 1209 1213
f 1233 1213 1236
f 1236 1213 1218
f 1236 1218 1240
f 1240 1218 1211
f 1240 1211 1234
f 1210 1221 1225
f 1210 1225 1215
f 1215 1225 1230
f 1215 1230 1219
f 1219 1230 1223
f 1219 1223 1211
f 1222 1245 1249
f 1222 1249 1227
f 1227 1249 1254
f 1227 1254 1231
f 1231 1254 1247
f 1231 1247 1223
f 1246 1235 1243
f 1246 1243 1251
f 1251 1243 1239
f 1251 1239 1255
f 1255 1239 1234
f 1255 1234 1247
f 1281 1233 1237
f 1281 1237 1284
f 1284 1237 1242
f 1284 1242 1288
f 1288 1242 1235
f 1288 1235 1282
f 1245 1293 1297
f 1245 1297 1248
f 1248 1297 1302
f 1248 1302 1252
f 1252 1302 1295
f 1252 1295 1246
f 1294 1283 1291
f 1294 1291 1299
f 1299 1291 1287
f 1299 1287 1303
f 1303 1287 1282
f 1303 1282 1295
f 1257 1281 1285
f 1257 1285 1260
f 1260 1285 1290
f 1260 1290 1264
f 1264 1290 1283
f 1264 1283 1258
f 1293 1269 1273
f 1293 1273 1296
f 1296 1273 1278
f 1296 1278 1300
f 1300 1278 1271
f 1300 1271 1294
f 1270 1259 1267
f 1270 1267 1275
f 1275 1267 1263
f 1275 1263 1279
f 1279 1263 1258
f 1279 1258 1271
f 1209 1257 1261
f 1209 1261 1212
f 1212 1261 1266
f 1212 1266 1216
f 1216 1266 1259
f 1216 1259 1210
f 1269 1222 1228
f 1269 1228 1272
f 1272 1228 1224
f 1272 1224 1276
f 1276 1224 1221
f 1276 1221 1270
f 1233 1281 1257
f 1233 1257 1209
f 1211 1223 1247
f 1211 1247 1234
f 1259 1270 1221
f 1259 1221 1210
f 1293 1245 1222
f 1293 1222 1269
f 1235 1246 1295
f 1235 1295 1282
f 1283 1294 1271
f 1283 1271 1258
v 1.9000000 -0.1928801 0.6786898
v 1.9000000 -0.2978801 0.7186897
v 1.9076537 -0.1934221 0.6772671
v 1.9076537 -0.2984221 0.7172670
v 1.9141421 -0.1949655 0.6732157
v 1.9141421 -0.2999655 0.7132156
v 1.9184775 -0.1972753 0.6671523
v 1.9184775 -0.3022753 0.7071522
v 1.9200000 -0.2000000 0.6600000
v 1.9200000 -0.3050000 0.7000000
v 1.9184775 -0.2027247 0.6528478
v 1.9184775 -0.3077247 0.6928477
v 1.9141421 -0.2050345 0.6467844
v 1.9141421 -0.3100345 0.6867843
v 1.9076537 -0.2065779 0.6427330
v 1.9076537 -0.3115779 0.6827329
v 1.9000000 -0.2071199 0.6413103
v 1.9000000 -0.3121199 0.6813102
v 1.8923463 -0.2065779 0.6427330
v 1.8923463 -0.3115779 0.6827329
v 1.8858578 -0.2050345 0.6467844
v 1.8858578 -0.3100345 0.6867843
v 1.8815224 -0.2027247 0.6528478
v 1.8815224 -0.3077247 0.6928477
v 1.8800000 -0.2000000 0.6600000
v 1.8800000 -0.3050000 0.7000000
v 1.8815224 -0.1972753 0.6671523
v 1.8815224 -0.3022753 0.7071522
v 1.8858578 -0.1949655 0.6732157
v 1.8858578 -0.2999655 0.7132156
v 1.8923463 -0.1934221 0.6772671
v 1.8923463 -0.2984221 0.7172670
f 1305 1306 1308
f 1305 1308 1307
f 1307 1308 1310
f 1307 1310 1309
f 1309 1310 1312
f 1309 1312 1311
f 1311 1312 1314
f 1311 1314 1313
f 1313 1314 1316
f 1313 1316 1315
f 1315 1316 1318
f 1315 1318 1317
f 1317 1318 1320
f 1317 1320 1319
f 1319 1320 1322
f 1319 1322 1321
f 1321 1322 1324
f 1321 1324 1323
f 1323 1324 1326
f 1323 1326 1325
f 1325 1326 1328
f 1325 1328 1327
f 1327 1328 1330
f 1327 1330 1329
f 1329 1330 1332
f 1329 1332 1331
f 1331 1332 1334
f 1331 1334 1333
f 1310 1308 1306
f 1306 1336 1334
f 1334 1332 1330
f 1330 1328 1326
f 1326 1324 1322
f 1322 1320 1318
f 1318 1316 1314
f 1314 1312 1310
f 1310 1306 1334
f 1334 1330 1326
f 1326 1322 1318
f 1318 1314 1310
f 1310 1334 1326
f 1326 1318 1310
f 1333 1334 1336
f 1333 1336 1335
f 1335 1336 1306
f 1335 1306 1305
f 1335 1305 1307
f 1307 1309 1311
f 1311 1313 1315
f 1315 1317 1319
f 1319 1321 1323
f 1323 1325 1327
f 1327 1329 1331
f 1331 1333 1335
f 1335 1307 1311
f 1311 1315 1319
f 1319 1323 1327
f 1327 1331 1335
f 1335 1311 1319
f 1319 1327 1335
v 1.9000000 0.1928801 0.6786898
v 1.9000000 0.2978801 0.7186897
v 1.8923463 0.1934221 0.6772671
v 1.8923463 0.2984221 0.7172671
v 1.8858578 0.1949655 0.6732157
v 1.8858578 0.2999655 0.7132156
v 1.8815224 0.1972753 0.6671523
v 1.8815224 0.3022753 0.7071522
v 1.8800000 0.2000000 0.6600000
v 1.8800000 0.3050000 0.7000000
v 1.8815224 0.2027247 0.6528478
v 1.8815224 0.3077247 0.6928477
v 1.8858578 0.2050345 0.6467844
v 1.8858578 0.3100345 0.6867843
v 1.8923463 0.2065779 0.6427329
v 1.8923463 0.3115779 0.6827329
v 1.9000000 0.2071199 0.6413103
v 1.9000000 0.3121199 0.6813102
v 1.9076537 0.2065779 0.6427329
v 1.9076537 0.3115779 0.6827329
v 1.9141421 0.2050345 0.6467844
v 1.9141421 0.3100345 0.6867843
v 1.9184775 0.2027247 0.6528478
v 1.9184775 0.3077247 0.6928477
v 1.9200000 0.2000000 0.6600000
v 1.9200000 0.3050000 0.7000000
v 1.9184775 0.1972753 0.6671523
v 1.9184775 0.3022753 0.7071522
v 1.9141421 0.1949655 0.6732157
v 1.9141421 0.2999655 0.7132156
v 1.9076537 0.1934221 0.6772671
v 1.9076537 0.2984221 0.7172671
f 1337 1338 1340
f 1337 1340 1339
f 1339 1340 1342
f 1339 1342 1341
f 1341 1342 1344
f 1341 1344 1343
f 1343 1344 1346
f 1343 1346 1345
f 1345 1346 1348
f 1345 1348 1347
f 1347 1348 1350
f 1347 1350 1349
f 1349 1350 1352
f 1349 1352 1351
f 1351 1352 1354
f 1351 1354 1353
f 1353 1354 1356
f 1353 1356 1355
f 1355 1356 1358
f 1355 1358 1357
f 1357 1358 1360
f 1357 1360 1359
f 1359 1360 1362
f 1359 1362 1361
f 1361 1362 1364
f 1361 1364 1363
f 1363 1364 1366
f 1363 1366 1365
f 1342 1340 1338
f 1338 1368 1366
f 1366 1364 1362
f 1362 1360 1358
f 1358 1356 1354
f 1354 1352 1350
f 1350 1348 1346
f 1346 1344 1342
f 1342 1338 1366
f 1366 1362 1358
f 1358 1354 1350
f 1350 1346 1342
f 1342 1366 1358
f 1358 1350 1342
f 1365 1366 1368
f 1365 1368 1367
f 1367 1368 1338
f 1367 1338 1337
f 1367 1337 1339
f 1339 1341 1343
f 1343 1345 1347
f 1347 1349 1351
f 1351 1353 1355
f 1355 1357 1359
f 1359 1361 1363
f 1363 1365 1367
f 1367 1339 1343
f 1343 1347 1351
f 1351 1355 1359
f 1359 1363 1367
f 1367 1343 1351
f 1351 1359 1367
v 2.0999999 -0.1928801 0.6786898
v 2.0999999 -0.2978801 0.7186897
v 2.1076536 -0.1934221 0.6772671
v 2.1076536 -0.2984221 0.7172670
v 2.1141419 -0.1949655 0.6732157
v 2.1141419 -0.2999655 0.7132156
v 2.1184776 -0.1972753 0.6671523
v 2.1184776 -0.3022753 0.7071522
v 2.1199999 -0.2000000 0.6600000
v 2.1199999 -0.3050000 0.7000000
v 2.1184776 -0.2027247 0.6528478
v 2.1184776 -0.3077247 0.6928477
v 2.1141419 -0.2050345 0.6467844
v 2.1141419 -0.3100345 0.6867843
v 2.1076536 -0.2065779 0.6427330
v 2.1076536 -0.3115779 0.6827329
v 2.0999999 -0.2071199 0.6413103
v 2.0999999 -0.3121199 0.6813102
v 2.0923462 -0.2065779 0.6427330
v 2.0923462 -0.3115779 0.6827329
v 2.0858579 -0.2050345 0.6467844
v 2.0858579 -0.3100345 0.6867843
v 2.0815222 -0.2027247 0.6528478
v 2.0815222 -0.3077247 0.6928477
v 2.0799999 -0.2000000 0.6600000
v 2.0799999 -0.3050000 0.7000000
v 2.0815222 -0.1972753 0.6671523
v 2.0815222 -0.3022753 0.7071522
v 2.0858579 -0.1949655 0.6732157
v 2.0858579 -0.2999655 0.7132156
v 2.0923462 -0.1934221 0.6772671
v 2.0923462 -0.2984221 0.7172670
f 1369 1370 1372
f 1369 1372 1371
f 1371 1372 1374
f 1371 1374 1373
f 1373 1374 1376
f 1373 1376 1375
f 1375 1376 1378
f 1375 1378 1377
f 1377 1378 1380
f 1377 1380 1379
f 1379 1380 1382
f 1379 1382 1381
f 1381 1382 1384
f 1381 1384 1383
f 1383 1384 1386
f 1383 1386 1385
f 1385 1386 1388
f 1385 1388 1387
f 1387 1388 1390
f 1387 1390 1389
f 1389 1390 1392
f 1389 1392 1391
f 1391 1392 1394
f 1391 1394 1393
f 1393 1394 1396
f 1393 1396 1395
f 1395 1396 1398
f 1395 1398 1397
f 1374 1372 1370
f 1370 1400 1398
f 1398 1396 1394
f 1394 1392 1390
f 1390 1388 1386
f 1386 1384 1382
f 1382 1380 1378
f 1378 1376 1374
f 1374 1370 1398
f 1398 1394 1390
f 1390 1386 1382
f 1382 1378 1374
f 1374 1398 1390
f 1390 1382 1374
f 1397 1398 1400
f 1397 1400 1399
f 1399 1400 1370
f 1399 1370 1369
f 1399 1369 1371
f 1371 1373 1375
f 1375 1377 1379
f 1379 1381 1383
f 1383 1385 1387
f 1387 1389 1391
f 1391 1393 1395
f 1395 1397 1399
f 1399 1371 1375
f 1375 1379 1383
f 1383 1387 1391
f 1391 1395 1399
f 1399 1375 1383
f 1383 1391 1399
v 2.0999999 0.1928801 0.6786898
v 2.0999999 0.2978801 0.7186897
v 2.0923462 0.1934221 0.6772671
v 2.0923462 0.2984221 0.7172671
v 2.0858579 0.1949655 0.6732157
v 2.0858579 0.2999655 0.7132156
v 2.0815222 0.1972753 0.6671523
v 2.0815222 0.3022753 0.7071522
v 2.0799999 0.2000000 0.6600000
v 2.0799999 0.3050000 0.7000000
v 2.0815222 0.2027247 0.6528478
v 2.0815222 0.3077247 0.6928477
v 2.0858579 0.2050345 0.6467844
v 2.0858579 0.3100345 0.6867843
v 2.0923462 0.2065779 0.6427329
v 2.0923462 0.3115779 0.6827329
v 2.0999999 0.2071199 0.6413103
v 2.0999999 0.3121199 0.6813102
v 2.1076536 0.2065779 0.6427329
v 2.1076536 0.3115779 0.6827329
v 2.1141419 0.2050345 0.6467844
v 2.1141419 0.3100345 0.6867843
v 2.1184776 0.2027247 0.6528478
v 2.1184776 0.3077247 0.6928477
v 2.1199999 0.2000000 0.6600000
v 2.1199999 0.3050000 0.7000000
v 2.1184776 0.1972753 0.6671523
v 2.1184776 0.3022753 0.7071522
v 2.1141419 0.1949655 0.6732157
v 2.1141419 0.2999655 0.7132156
v 2.1076536 0.1934221 0.6772671
v 2.1076536 0.2984221 0.7172671
f 1401 1402 1404
f 1401 1404 1403
f 1403 1404 1406
f 1403 1406 1405
f 1405 1406 1408
f 1405 1408 1407
f 1407 1408 1410
f 1407 1410 1409
f 1409 1410 1412
f 1409 1412 1411
f 1411 1412 1414
f 1411 1414 1413
f 1413 1414 1416
f 1413 1416 1415
f 1415 1416 1418
f 1415 1418 1417
f 1417 1418 1420
f 1417 1420 1419
f 1419 1420 1422
f 1419 1422 1421
f 1421 1422 1424
f 1421 1424 1423
f 1423 1424 1426
f 1423 1426 1425
f 1425 1426 1428
f 1425 1428 1427
f 1427 1428 1430
f 1427 1430 1429
f 1406 1404 1402
f 1402 1432 1430
f 1430 1428 1426
f 1426 1424 1422
f 1422 1420 1418
f 1418 1416 1414
f 1414 1412 1410
f 1410 1408 1406
f 1406 1402 1430
f 1430 1426 1422
f 1422 1418 1414
f 1414 1410 1406
f 1406 1430 1422
f 1422 1414 1406
f 1429 1430 1432
f 1429 1432 1431
f 1431 1432 1402
f 1431 1402 1401
f 1431 1401 1403
f 1403 1405 1407
f 1407 1409 1411
f 1411 1413 1415
f 1415 1417 1419
f 1419 1421 1423
f 1423 1425 1427
f 1427 1429 1431
f 1431 1403 1407
f 1407 1411 1415
f 1415 1419 1423
f 1423 1427 1431
f 1431 1407 1415
f 1415 1423 1431
v 2.3800001 -0.3200000 0.7500000
v 2.3800001 -0.3300000 0.7600000
v 2.3700001 -0.3200000 0.7600000
v 2.3800001 -0.3249934 0.7513360
v 2.3750067 -0.3200000 0.7513360
v 2.3752179 -0.3247821 0.7526337
v 2.3750067 -0.3286640 0.7600000
v 2.3800001 -0.3286640 0.7550066
v 2.3752179 -0.3273663 0.7552179
v 2.3713360 -0.3200000 0.7550066
v 2.3713360 -0.3249934 0.7600000
v 2.3726337 -0.3247821 0.7552179
v 2.3800001 -0.3300000 1.2400000
v 2.3800001 -0.3200000 1.2500000
v 2.3700001 -0.3200000 1.2400000
v 2.3800001 -0.3286640 1.2449934
v 2.3750067 -0.3286640 1.2400000
v 2.3752179 -0.3273663 1.2447821
v 2.3750067 -0.3200000 1.2486640
v 2.3800001 -0.3249934 1.2486640
v 2.3752179 -0.3247821 1.2473663
v 2.3713360 -0.3249934 1.2400000
v 2.3713360 -0.3200000 1.2449934
v 2.3726337 -0.3247821 1.2447821
v 2.3800001 0.3200000 0.7500000
v 2.3700001 0.3200000 0.7600000
v 2.3800001 0.3300000 0.7600000
v 2.3750067 0.3200000 0.7513360
v 2.3800001 0.3249934 0.7513360
v 2.3752179 0.3247821 0.7526337
v 2.3713360 0.3249934 0.7600000
v 2.3713360 0.3200000 0.7550066
v 2.3726337 0.3247821 0.7552179
v 2.3800001 0.3286640 0.7550066
v 2.3750067 0.3286640 0.7600000
v 2.3752179 0.3273663 0.7552179
v 2.3800001 0.3200000 1.2500000
v 2.3800001 0.3300000 1.2400000
v 2.3700001 0.3200000 1.2400000
v 2.3800001 0.3249934 1.2486640
v 2.3750067 0.3200000 1.2486640
v 2.3752179 0.3247821 1.2473663
v 2.3750067 0.3286640 1.2400000
v 2.3800001 0.3286640 1.2449934
v 2.3752179 0.3273663 1.2447821
v 2.3713360 0.3200000 1.2449934
v 2.3713360 0.3249934 1.2400000
v 2.3726337 0.3247821 1.2447821
v 2.4600000 -0.3200000 0.7500000
v 2.4700000 -0.3200000 0.7600000
v 2.4600000 -0.3300000 0.7600000
v 2.4649935 -0.3200000 0.7513360
v 2.4600000 -0.3249934 0.7513360
v 2.4647822 -0.3247821 0.7526337
v 2.4686642 -0.3249934 0.7600000
v 2.4686642 -0.3200000 0.7550066
v 2.4673665 -0.3247821 0.7552179
v 2.4600000 -0.3286640 0.7550066
v 2.4649935 -0.3286640 0.7600000
v 2.4647822 -0.3273663 0.7552179
v 2.4600000 -0.3200000 1.2500000
v 2.4600000 -0.3300000 1.2400000
v 2.4700000 -0.3200000 1.2400000
v 2.4600000 -0.3249934 1.2486640
v 2.4649935 -0.3200000 1.2486640
v 2.4647822 -0.3247821 1.2473663
v 2.4649935 -0.3286640 1.2400000
v 2.4600000 -0.3286640 1.2449934
v 2.4647822 -0.3273663 1.2447821
v 2.4686642 -0.3200000 1.2449934
v 2.4686642 -0.3249934 1.2400000
v 2.4673665 -0.3247821 1.2447821
v 2.4600000 0.3200000 0.7500000
v 2.4600000 0.3300000 0.7600000
v 2.4700000 0.3200000 0.7600000
v 2.4600000 0.3249934 0.7513360
v 2.4649935 0.3200000 0.7513360
v 2.4647822 0.3247821 0.7526337
v 2.4649935 0.3286640 0.7600000
v 2.4600000 0.3286640 0.7550066
v 2.4647822 0.3273663 0.7552179
v 2.4686642 0.3200000 0.7550066
v 2.4686642 0.3249934 0.7600000
v 2.4673665 0.3247821 0.7552179
v 2.4600000 0.3200000 1.2500000
v 2.4700000 0.3200000 1.2400000
v 2.4600000 0.3300000 1.2400000
v 2.4649935 0.3200000 1.2486640
v 2.4600000 0.3249934 1.2486640
v 2.4647822 0.3247821 1.2473663
v 2.4686642 0.3249934 1.2400000
v 2.4686642 0.3200000 1.2449934
v 2.4673665 0.3247821 1.2447821
v 2.4600000 0.3286640 1.2449934
v 2.4649935 0.3286640 1.2400000
v 2.4647822 0.3273663 1.2447821
f 1433 1436 1438
f 1433 1438 1437
f 1436 1440 1441
f 1436 1441 1438
f 1434 1439 1441
f 1434 1441 1440
f 1439 1443 1444
f 1439 1444 1441
f 1435 1442 1444
f 1435 1444 1443
f 1442 1437 1438
f 1442 1438 1444
f 1438 1441 1444
f 1445 1448 1450
f 1445 1450 1449
f 1448 1452 1453
f 1448 1453 1450
f 1446 1451 1453
f 1446 1453 1452
f 1451 1455 1456
f 1451 1456 1453
f 1447 1454 1456
f 1447 1456 1455
f 1454 1449 1450
f 1454 1450 1456
f 1450 1453 1456
f 1457 1460 1462
f 1457 1462 1461
f 1460 1464 1465
f 1460 1465 1462
f 1458 1463 1465
f 1458 1465 1464
f 1463 1467 1468
f 1463 1468 1465
f 1459 1466 1468
f 1459 1468 1467
f 1466 1461 1462
f 1466 1462 1468
f 1462 1465 1468
f 1469 1472 1474
f 1469 1474 1473
f 1472 1476 1477
f 1472 1477 1474
f 1470 1475 1477
f 1470 1477 1476
f 1475 1479 1480
f 1475 1480 1477
f 1471 1478 1480
f 1471 1480 1479
f 1478 1473 1474
f 1478 1474 1480
f 1474 1477 1480
f 1481 1484 1486
f 1481 1486 1485
f 1484 1488 1489
f 1484 1489 1486
f 1482 1487 1489
f 1482 1489 1488
f 1487 1491 1492
f 1487 1492 1489
f 1483 1490 1492
f 1483 1492 1491
f 1490 1485 1486
f 1490 1486 1492
f 1486 1489 1492
f 1493 1496 1498
f 1493 1498 1497
f 1496 1500 1501
f 1496 1501 1498
f 1494 1499 1501
f 1494 1501 1500
f 1499 1503 1504
f 1499 1504 1501
f 1495 1502 1504
f 1495 1504 1503
f 1502 1497 1498
f 1502 1498 1504
f 1498 1501 1504
f 1505 1508 1510
f 1505 1510 1509
f 1508 1512 1513
f 1508 1513 1510
f 1506 1511 1513
f 1506 1513 1512
f 1511 1515 1516
f 1511 1516 1513
f 1507 1514 1516
f 1507 1516 1515
f 1514 1509 1510
f 1514 1510 1516
f 1510 1513 1516
f 1517 1520 1522
f 1517 1522 1521
f 1520 1524 1525
f 1520 1525 1522
f 1518 1523 1525
f 1518 1525 1524
f 1523 1527 1528
f 1523 1528 1525
f 1519 1526 1528
f 1519 1528 1527
f 1526 1521 1522
f 1526 1522 1528
f 1522 1525 1528
f 1457 1433 1437
f 1457 1437 1460
f 1460 1437 1442
f 1460 1442 1464
f 1464 1442 1435
f 1464 1435 1458
f 1434 1445 1449
f 1434 1449 1439
f 1439 1449 1454
f 1439 1454 1443
f 1443 1454 1447
f 1443 1447 1435
f 1446 1469 1473
f 1446 1473 1451
f 1451 1473 1478
f 1451 1478 1455
f 1455 1478 1471
f 1455 1471 1447
f 1470 1459 1467
f 1470 1467 1475
f 1475 1467 1463
f 1475 1463 1479
f 1479 1463 1458
f 1479 1458 1471
f 1505 1457 1461
f 1505 1461 1508
f 1508 1461 1466
f 1508 1466 1512
f 1512 1466 1459
f 1512 1459 1506
f 1469 1517 1521
f 1469 1521 1472
f 1472 1521 1526
f 1472 1526 1476
f 1476 1526 1519
f 1476 1519 1470
f 1518 1507 1515
f 1518 1515 1523
f 1523 1515 1511
f 1523 1511 1527
f 1527 1511 1506
f 1527 1506 1519
f 1481 1505 1509
f 1481 1509 1484
f 1484 1509 1514
f 1484 1514 1488
f 1488 1514 1507
f 1488 1507 1482
f 1517 1493 1497
f 1517 1497 1520
f 1520 1497 1502
f 1520 1502 1524
f 1524 1502 1495
f 1524 1495 1518
f 1494 1483 1491
f 1494 1491 1499
f 1499 1491 1487
f 1499 1487 1503
f 1503 1487 1482
f 1503 1482 1495
f 1433 1481 1485
f 1433 1485 1436
f 1436 1485 1490
f 1436 1490 1440
f 1440 1490 1483
f 1440 1483 1434
f 1493 1446 1452
f 1493 1452 1496
f 1496 1452 1448
f 1496 1448 1500
f 1500 1448 1445
f 1500 1445 1494
f 1457 1505 1481
f 1457 1481 1433
f 1435 1447 1471
f 1435 1471 1458
f 1483 1494 1445
f 1483 1445 1434
f 1517 1469 1446
f 1517 1446 1493
f 1459 1470 1519
f 1459 1519 1506
f 1507 1518 1495
f 1507 1495 1482
v 1.6700001 -0.0000000 0.8200001
v 1.7300000 -0.0000000 0.8200001
v 1.6700001 0.0841904 0.8032535
v 1.7300000 0.0841904 0.8032535
v 1.6700001 0.1555635 0.7555635
v 1.7300000 0.1555635 0.7555635
v 1.6700001 0.2032535 0.6841904
v 1.7300000 0.2032535 0.6841904
v 1.6700001 0.2200000 0.6000000
v 1.7300000 0.2200000 0.6000000
v 1.6700001 0.2032535 0.5158097
v 1.7300000 0.2032535 0.5158097
v 1.6700001 0.1555635 0.4444366
v 1.7300000 0.1555635 0.4444366
v 1.6700001 0.0841904 0.3967465
v 1.7300000 0.0841904 0.3967465
v 1.6700001 0.0000000 0.3800000
v 1.7300000 0.0000000 0.3800000
v 1.6700001 -0.0841904 0.3967465
v 1.7300000 -0.0841904 0.3967465
v 1.6700001 -0.1555635 0.4444366
v 1.7300000 -0.1555635 0.4444366
v 1.6700001 -0.2032535 0.5158097
v 1.7300000 -0.2032535 0.5158097
v 1.6700001 -0.2200000 0.6000000
v 1.7300000 -0.2200000 0.6000000
v 1.6700001 -0.2032535 0.6841904
v 1.7300000 -0.2032535 0.6841904
v 1.6700001 -0.1555635 0.7555635
v 1.7300000 -0.1555635 0.7555635
v 1.6700001 -0.0841904 0.8032535
v 1.7300000 -0.0841904 0.8032535
f 1529 1530 1532
f 1529 1532 1531
f 1531 1532 1534
f 1531 1534 1533
f 1533 1534 1536
f 1533 1536 1535
f 1535 1536 1538
f 1535 1538 1537
f 1537 1538 1540
f 1537 1540 1539
f 1539 1540 1542
f 1539 1542 1541
f 1541 1542 1544
f 1541 1544 1543
f 1543 1544 1546
f 1543 1546 1545
f 1545 1546 1548
f 1545 1548 1547
f 1547 1548 1550
f 1547 1550 1549
f 1549 1550 1552
f 1549 1552 1551
f 1551 1552 1554
f 1551 1554 1553
f 1553 1554 1556
f 1553 1556 1555
f 1555 1556 1558
f 1555 1558 1557
f 1534 1532 1530
f 1530 1560 1558
f 1558 1556 1554
f 1554 1552 1550
f 1550 1548 1546
f 1546 1544 1542
f 1542 1540 1538
f 1538 1536 1534
f 1534 1530 1558
f 1558 1554 1550
f 1550 1546 1542
f 1542 1538 1534
f 1534 1558 1550
f 1550 1542 1534
f 1557 1558 1560
f 1557 1560 1559
f 1559 1560 1530
f 1559 1530 1529
f 1559 1529 1531
f 1531 1533 1535
f 1535 1537 1539
f 1539 1541 1543
f 1543 1545 1547
f 1547 1549 1551
f 1551 1553 1555
f 1555 1557 1559
f 1559 1531 1535
f 1535 1539 1543
f 1543 1547 1551
f 1551 1555 1559
f 1559 1535 1543
f 1543 1551 1559
v 1.7600000 -0.0000000 0.6300000
v 1.2900000 -0.0000000 0.6300000
v 1.7600000 -0.0114805 0.6277164
v 1.2900000 -0.0114805 0.6277164
v 1.7600000 -0.0212132 0.6212132
v 1.2900000 -0.0212132 0.6212132
v 1.7600000 -0.0277164 0.6114805
v 1.2900000 -0.0277164 0.6114805
v 1.7600000 -0.0300000 0.6000000
v 1.2900000 -0.0300000 0.6000000
v 1.7600000 -0.0277164 0.5885195
v 1.2900000 -0.0277164 0.5885195
v 1.7600000 -0.0212132 0.5787868
v 1.2900000 -0.0212132 0.5787868
v 1.7600000 -0.0114805 0.5722836
v 1.2900000 -0.0114805 0.5722836
v 1.7600000 0.0000000 0.5700001
v 1.2900000 0.0000000 0.5700001
v 1.7600000 0.0114805 0.5722836
v 1.2900000 0.0114805 0.5722836
v 1.7600000 0.0212132 0.5787868
v 1.2900000 0.0212132 0.5787868
v 1.7600000 0.0277164 0.5885195
v 1.2900000 0.0277164 0.5885195
v 1.7600000 0.0300000 0.6000000
v 1.2900000 0.0300000 0.6000000
v 1.7600000 0.0277164 0.6114805
v 1.2900000 0.0277164 0.6114805
v 1.7600000 0.0212132 0.6212132
v 1.2900000 0.0212132 0.6212132
v 1.7600000 0.0114805 0.6277164
v 1.2900000 0.0114805 0.6277164
f 1561 1562 1564
f 1561 1564 1563
f 1563 1564 1566
f 1563 1566 1565
f 1565 1566 1568
f 1565 1568 1567
f 1567 1568 1570
f 1567 1570 1569
f 1569 1570 1572
f 1569 1572 1571
f 1571 1572 1574
f 1571 1574 1573
f 1573 1574 1576
f 1573 1576 1575
f 1575 1576 1578
f 1575 1578 1577
f 1577 1578 1580
f 1577 1580 1579
f 1579 1580 1582
f 1579 1582 1581
f 1581 1582 1584
f 1581 1584 1583
f 1583 1584 1586
f 1583 1586 1585
f 1585 1586 1588
f 1585 1588 1587
f 1587 1588 1590
f 1587 1590 1589
f 1566 1564 1562
f 1562 1592 1590
f 1590 1588 1586
f 1586 1584 1582
f 1582 1580 1578
f 1578 1576 1574
f 1574 1572 1570
f 1570 1568 1566
f 1566 1562 1590
f 1590 1586 1582
f 1582 1578 1574
f 1574 1570 1566
f 1566 1590 1582
f 1582 1574 1566
f 1589 1590 1592
f 1589 1592 1591
f 1591 1592 1562
f 1591 1562 1561
f 1591 1561 1563
f 1563 1565 1567
f 1567 1569 1571
f 1571 1573 1575
f 1575 1577 1579
f 1579 1581 1583
f 1583 1585 1587
f 1587 1589 1591
f 1591 1563 1567
f 1567 1571 1575
f 1575 1579 1583
f 1583 1587 1591
f 1591 1567 1575
f 1575 1583 1591
v 0.8600001 -0.1400000 0.4800000
v 0.8600001 -0.1500000 0.4900000
v 0.8500000 -0.1400000 0.4900000
v 0.8600001 -0.1449934 0.4813359
v 0.8550066 -0.1400000 0.4813359
v 0.8552179 -0.1447821 0.4826337
v 0.8550066 -0.1486640 0.4900000
v 0.8600001 -0.1486640 0.4850065
v 0.8552179 -0.1473663 0.4852179
v 0.8513360 -0.1400000 0.4850065
v 0.8513360 -0.1449934 0.4900000
v 0.8526337 -0.1447821 0.4852179
v 0.8600001 -0.1500000 0.6700000
v 0.8600001 -0.1400000 0.6800000
v 0.8500000 -0.1400000 0.6700000
v 0.8600001 -0.1486640 0.6749934
v 0.8550066 -0.1486640 0.6700000
v 0.8552179 -0.1473663 0.6747821
v 0.8550066 -0.1400000 0.6786640
v 0.8600001 -0.1449934 0.6786640
v 0.8552179 -0.1447821 0.6773663
v 0.8513360 -0.1449934 0.6700000
v 0.8513360 -0.1400000 0.6749934
v 0.8526337 -0.1447821 0.6747821
v 0.8600001 0.1400000 0.4800000
v 0.8500000 0.1400000 0.4900000
v 0.8600001 0.1500000 0.4900000
v 0.8550066 0.1400000 0.4813359
v 0.8600001 0.1449934 0.4813359
v 0.8552179 0.1447821 0.4826337
v 0.8513360 0.1449934 0.4900000
v 0.8513360 0.1400000 0.4850065
v 0.8526337 0.1447821 0.4852179
v 0.8600001 0.1486640 0.4850065
v 0.8550066 0.1486640 0.4900000
v 0.8552179 0.1473663 0.4852179
v 0.8600001 0.1400000 0.6800000
v 0.8600001 0.1500000 0.6700000
v 0.8500000 0.1400000 0.6700000
v 0.8600001 0.1449934 0.6786640
v 0.8550066 0.1400000 0.6786640
v 0.8552179 0.1447821 0.6773663
v 0.8550066 0.1486640 0.6700000
v 0.8600001 0.1486640 0.6749934
v 0.8552179 0.1473663 0.6747821
v 0.8513360 0.1400000 0.6749934
v 0.8513360 0.1449934 0.6700000
v 0.8526337 0.1447821 0.6747821
v 1.2900001 -0.1400000 0.4800000
v 1.3000001 -0.1400000 0.4900000
v 1.2900001 -0.1500000 0.4900000
v 1.2949935 -0.1400000 0.4813359
v 1.2900001 -0.1449934 0.4813359
v 1.2947822 -0.1447821 0.4826337
v 1.2986641 -0.1449934 0.4900000
v 1.2986641 -0.1400000 0.4850065
v 1.2973664 -0.1447821 0.4852179
v 1.2900001 -0.1486640 0.4850065
v 1.2949935 -0.1486640 0.4900000
v 1.2947822 -0.1473663 0.4852179
v 1.2900001 -0.1400000 0.6800000
v 1.2900001 -0.1500000 0.6700000
v 1.3000001 -0.1400000 0.6700000
v 1.2900001 -0.1449934 0.6786640
v 1.2949935 -0.1400000 0.6786640
v 1.2947822 -0.1447821 0.6773663
v 1.2949935 -0.1486640 0.6700000
v 1.2900001 -0.1486640 0.6749934
v 1.2947822 -0.1473663 0.6747821
v 1.2986641 -0.1400000 0.6749934
v 1.2986641 -0.1449934 0.6700000
v 1.2973664 -0.1447821 0.6747821
v 1.2900001 0.1400000 0.4800000
v 1.2900001 0.1500000 0.4900000
v 1.3000001 0.1400000 0.4900000
v 1.2900001 0.1449934 0.4813359
v 1.2949935 0.1400000 0.4813359
v 1.2947822 0.1447821 0.4826337
v 1.2949935 0.1486640 0.4900000
v 1.2900001 0.1486640 0.4850065
v 1.2947822 0.1473663 0.4852179
v 1.2986641 0.1400000 0.4850065
v 1.2986641 0.1449934 0.4900000
v 1.2973664 0.1447821 0.4852179
v 1.2900001 0.1400000 0.6800000
v 1.3000001 0.1400000 0.6700000
v 1.2900001 0.1500000 0.6700000
v 1.2949935 0.1400000 0.6786640
v 1.2900001 0.1449934 0.6786640
v 1.2947822 0.1447821 0.6773663
v 1.2986641 0.1449934 0.6700000
v 1.2986641 0.1400000 0.6749934
v 1.2973664 0.1447821 0.6747821
v 1.2900001 0.1486640 0.6749934
v 1.2949935 0.1486640 0.6700000
v 1.2947822 0.1473663 0.6747821
f 1593 1596 1598
f 1593 1598 1597
f 1596 1600 1601
f 1596 1601 1598
f 1594 1599 1601
f 1594 1601 1600
f 1599 1603 1604
f 1599 1604 1601
f 1595 1602 1604
f 1595 1604 1603
f 1602 1597 1598
f 1602 1598 1604
f 1598 1601 1604
f 1605 1608 1610
f 1605 1610 1609
f 1608 1612 1613
f 1608 1613 1610
f 1606 1611 1613
f 1606 1613 1612
f 1611 1615 1616
f 1611 1616 1613
f 1607 1614 1616
f 1607 1616 1615
f 1614 1609 1610
f 1614 1610 1616
f 1610 1613 1616
f 1617 1620 1622
f 1617 1622 1621
f 1620 1624 1625
f 1620 1625 1622
f 1618 1623 1625
f 1618 1625 1624
f 1623 1627 1628
f 1623 1628 1625
f 1619 1626 1628
f 1619 1628 1627
f 1626 1621 1622
f 1626 1622 1628
f 1622 1625 1628
f 1629 1632 1634
f 1629 1634 1633
f 1632 1636 1637
f 1632 1637 1634
f 1630 1635 1637
f 1630 1637 1636
f 1635 1639 1640
f 1635 1640 1637
f 1631 1638 1640
f 1631 1640 1639
f 1638 1633 1634
f 1638 1634 1640
f 1634 1637 1640
f 1641 1644 1646
f 1641 1646 1645
f 1644 1648 1649
f 1644 1649 1646
f 1642 1647 1649
f 1642 1649 1648
f 1647 1651 1652
f 1647 1652 1649
f 1643 1650 1652
f 1643 1652 1651
f 1650 1645 1646
f 1650 1646 1652
f 1646 1649 1652
f 1653 1656 1658
f 1653 1658 1657
f 1656 1660 1661
f 1656 1661 1658
f 1654 1659 1661
f 1654 1661 1660
f 1659 1663 1664
f 1659 1664 1661
f 1655 1662 1664
f 1655 1664 1663
f 1662 1657 1658
f 1662 1658 1664
f 1658 1661 1664
f 1665 1668 1670
f 1665 1670 1669
f 1668 1672 1673
f 1668 1673 1670
f 1666 1671 1673
f 1666 1673 1672
f 1671 1675 1676
f 1671 1676 1673
f 1667 1674 1676
f 1667 1676 1675
f 1674 1669 1670
f 1674 1670 1676
f 1670 1673 1676
f 1677 1680 1682
f 1677 1682 1681
f 1680 1684 1685
f 1680 1685 1682
f 1678 1683 1685
f 1678 1685 1684
f 1683 1687 1688
f 1683 1688 1685
f 1679 1686 1688
f 1679 1688 1687
f 1686 1681 1682
f 1686 1682 1688
f 1682 1685 1688
f 1617 1593 1597
f 1617 1597 1620
f 1620 1597 1602
f 1620 1602 1624
f 1624 1602 1595
f 1624 1595 1618
f 1594 1605 1609
f 1594 1609 1599
f 1599 1609 1614
f 1599 1614 1603
f 1603 1614 1607
f 1603 1607 1595
f 1606 1629 1633
f 1606 1633 1611
f 1611 1633 1638
f 1611 1638 1615
f 1615 1638 1631
f 1615 1631 1607
f 1630 1619 1627
f 1630 1627 1635
f 1635 1627 1623
f 1635 1623 1639
f 1639 1623 1618
f 1639 1618 1631
f 1665 1617 1621
f 1665 1621 1668
f 1668 1621 1626
f 1668 1626 1672
f 1672 1626 1619
f 1672 1619 1666
f 1629 1677 1681
f 1629 1681 1632
f 1632 1681 1686
f 1632 1686 1636
f 1636 1686 1679
f 1636 1679 1630
f 1678 1667 1675
f 1678 1675 1683
f 1683 1675 1671
f 1683 1671 1687
f 1687 1671 1666
f 1687 1666 1679
f 1641 1665 1669
f 1641 1669 1644
f 1644 1669 1674
f 1644 1674 1648
f 1648 1674 1667
f 1648 1667 1642
f 1677 1653 1657
f 1677 1657 1680
f 1680 1657 1662
f 1680 1662 1684
f 1684 1662 1655
f 1684 1655 1678
f 1654 1643 1651
f 1654 1651 1659
f 1659 1651 1647
f 1659 1647 1663
f 1663 1647 1642
f 1663 1642 1655
f 1593 1641 1645
f 1593 1645 1596
f 1596 1645 1650
f 1596 1650 1600
f 1600 1650 1643
f 1600 1643 1594
f 1653 1606 1612
f 1653 1612 1656
f 1656 1612 1608
f 1656 1608 1660
f 1660 1608 1605
f 1660 1605 1654
f 1617 1665 1641
f 1617 1641 1593
f 1595 1607 1631
f 1595 1631 1618
f 1643 1654 1605
f 1643 1605 1594
f 1677 1629 1606
f 1677 1606 1653
f 1619 1630 1679
f 1619 1679 1666
f 1667 1678 1655
f 1667 1655 1642
v 1.0750000 -0.1465796 0.6476720
v 1.0750000 -0.3015796 0.6776720
v 1.0818883 -0.1468400 0.6463268
v 1.0818883 -0.3018400 0.6763268
v 1.0877280 -0.1475814 0.6424960
v 1.0877280 -0.3025814 0.6724960
v 1.0916299 -0.1486911 0.6367628
v 1.0916299 -0.3036911 0.6667628
v 1.0930001 -0.1500000 0.6300000
v 1.0930001 -0.3050000 0.6600000
v 1.0916299 -0.1513089 0.6232372
v 1.0916299 -0.3063089 0.6532372
v 1.0877280 -0.1524186 0.6175039
v 1.0877280 -0.3074186 0.6475040
v 1.0818883 -0.1531600 0.6136732
v 1.0818883 -0.3081600 0.6436732
v 1.0750000 -0.1534204 0.6123279
v 1.0750000 -0.3084204 0.6423280
v 1.0681118 -0.1531600 0.6136732
v 1.0681118 -0.3081600 0.6436732
v 1.0622721 -0.1524186 0.6175039
v 1.0622721 -0.3074186 0.6475040
v 1.0583702 -0.1513089 0.6232372
v 1.0583702 -0.3063089 0.6532372
v 1.0570000 -0.1500000 0.6300000
v 1.0570000 -0.3050000 0.6600000
v 1.0583702 -0.1486911 0.6367628
v 1.0583702 -0.3036911 0.6667628
v 1.0622721 -0.1475814 0.6424960
v 1.0622721 -0.3025814 0.6724960
v 1.0681118 -0.1468400 0.6463268
v 1.0681118 -0.3018400 0.6763268
f 1689 1690 1692
f 1689 1692 1691
f 1691 1692 1694
f 1691 1694 1693
f 1693 1694 1696
f 1693 1696 1695
f 1695 1696 1698
f 1695 1698 1697
f 1697 1698 1700
f 1697 1700 1699
f 1699 1700 1702
f 1699 1702 1701
f 1701 1702 1704
f 1701 1704 1703
f 1703 1704 1706
f 1703 1706 1705
f 1705 1706 1708
f 1705 1708 1707
f 1707 1708 1710
f 1707 1710 1709
f 1709 1710 1712
f 1709 1712 1711
f 1711 1712 1714
f 1711 1714 1713
f 1713 1714 1716
f 1713 1716 1715
f 1715 1716 1718
f 1715 1718 1717
f 1694 1692 1690
f 1690 1720 1718
f 1718 1716 1714
f 1714 1712 1710
f 1710 1708 1706
f 1706 1704 1702
f 1702 1700 1698
f 1698 1696 1694
f 1694 1690 1718
f 1718 1714 1710
f 1710 1706 1702
f 1702 1698 1694
f 1694 1718 1710
f 1710 1702 1694
f 1717 1718 1720
f 1717 1720 1719
f 1719 1720 1690
f 1719 1690 1689
f 1719 1689 1691
f 1691 1693 1695
f 1695 1697 1699
f 1699 1701 1703
f 1703 1705 1707
f 1707 1709 1711
f 1711 1713 1715
f 1715 1717 1719
f 1719 1691 1695
f 1695 1699 1703
f 1703 1707 1711
f 1711 1715 1719
f 1719 1695 1703
f 1703 1711 1719
v 1.0750000 0.1465796 0.6476720
v 1.0750000 0.3015796 0.6776720
v 1.0681118 0.1468400 0.6463268
v 1.0681118 0.3018399 0.6763269
v 1.0622721 0.1475814 0.6424960
v 1.0622721 0.3025814 0.6724960
v 1.0583702 0.1486911 0.6367627
v 1.0583702 0.3036911 0.6667628
v 1.0570000 0.1500000 0.6299999
v 1.0570000 0.3050000 0.6600000
v 1.0583702 0.1513090 0.6232371
v 1.0583702 0.3063089 0.6532372
v 1.0622721 0.1524186 0.6175039
v 1.0622721 0.3074186 0.6475040
v 1.0681118 0.1531601 0.6136732
v 1.0681118 0.3081600 0.6436732
v 1.0750000 0.1534204 0.6123279
v 1.0750000 0.3084204 0.6423280
v 1.0818883 0.1531601 0.6136731
v 1.0818883 0.3081600 0.6436732
v 1.0877280 0.1524186 0.6175039
v 1.0877280 0.3074186 0.6475040
v 1.0916299 0.1513090 0.6232371
v 1.0916299 0.3063089 0.6532372
v 1.0930001 0.1500000 0.6299999
v 1.0930001 0.3050000 0.6600000
v 1.0916299 0.1486911 0.6367627
v 1.0916299 0.3036911 0.6667628
v 1.0877280 0.1475814 0.6424960
v 1.0877280 0.3025814 0.6724960
v 1.0818883 0.1468400 0.6463268
v 1.0818883 0.3018399 0.6763268
f 1721 1722 1724
f 1721 1724 1723
f 1723 1724 1726
f 1723 1726 1725
f 1725 1726 1728
f 1725 1728 1727
f 1727 1728 1730
f 1727 1730 1729
f 1729 1730 1732
f 1729 1732 1731
f 1731 1732 1734
f 1731 1734 1733
f 1733 1734 1736
f 1733 1736 1735
f 1735 1736 1738
f 1735 1738 1737
f 1737 1738 1740
f 1737 1740 1739
f 1739 1740 1742
f 1739 1742 1741
f 1741 1742 1744
f 1741 1744 1743
f 1743 1744 1746
f 1743 1746 1745
f 1745 1746 1748
f 1745 1748 1747
f 1747 1748 1750
f 1747 1750 1749
f 1726 1724 1722
f 1722 1752 1750
f 1750 1748 1746
f 1746 1744 1742
f 1742 1740 1738
f 1738 1736 1734
f 1734 1732 1730
f 1730 1728 1726
f 1726 1722 1750
f 1750 1746 1742
f 1742 1738 1734
f 1734 1730 1726
f 1726 1750 1742
f 1742 1734 1726
f 1749 1750 1752
f 1749 1752 1751
f 1751 1752 1722
f 1751 1722 1721
f 1751 1721 1723
f 1723 1725 1727
f 1727 1729 1731
f 1731 1733 1735
f 1735 1737 1739
f 1739 1741 1743
f 1743 1745 1747
f 1747 1749 1751
f 1751 1723 1727
f 1727 1731 1735
f 1735 1739 1743
f 1743 1747 1751
f 1751 1727 1735
f 1735 1743 1751
v 0.8600000 -0.0000000 0.6100000
v 0.6999999 -0.0000000 0.6100000
v 0.8600000 -0.0114805 0.6077164
v 0.6999999 -0.0114805 0.6077164
v 0.8600000 -0.0212132 0.6012132
v 0.6999999 -0.0212132 0.6012132
v 0.8600000 -0.0277164 0.5914805
v 0.6999999 -0.0277164 0.5914805
v 0.8600000 -0.0300000 0.5800000
v 0.6999999 -0.0300000 0.5800000
v 0.8600000 -0.0277164 0.5685195
v 0.6999999 -0.0277164 0.5685195
v 0.8600000 -0.0212132 0.5587868
v 0.6999999 -0.0212132 0.5587868
v 0.8600000 -0.0114805 0.5522836
v 0.6999999 -0.0114805 0.5522836
v 0.8600000 0.0000000 0.5500000
v 0.6999999 0.0000000 0.5500000
v 0.8600000 0.0114805 0.5522836
v 0.6999999 0.0114805 0.5522836
v 0.8600000 0.0212132 0.5587868
v 0.6999999 0.0212132 0.5587868
v 0.8600000 0.0277164 0.5685195
v 0.6999999 0.0277164 0.5685195
v 0.8600000 0.0300000 0.5800000
v 0.6999999 0.0300000 0.5800000
v 0.8600000 0.0277164 0.5914805
v 0.6999999 0.0277164 0.5914805
v 0.8600000 0.0212132 0.6012132
v 0.6999999 0.0212132 0.6012132
v 0.8600000 0.0114805 0.6077164
v 0.6999999 0.0114805 0.6077164
f 1753 1754 1756
f 1753 1756 1755
f 1755 1756 1758
f 1755 1758 1757
f 1757 1758 1760
f 1757 1760 1759
f 1759 1760 1762
f 1759 1762 1761
f 1761 1762 1764
f 1761 1764 1763
f 1763 1764 1766
f 1763 1766 1765
f 1765 1766 1768
f 1765 1768 1767
f 1767 1768 1770
f 1767 1770 1769
f 1769 1770 1772
f 1769 1772 1771
f 1771 1772 1774
f 1771 1774 1773
f 1773 1774 1776
f 1773 1776 1775
f 1775 1776 1778
f 1775 1778 1777
f 1777 1778 1780
f 1777 1780 1779
f 1779 1780 1782
f 1779 1782 1781
f 1758 1756 1754
f 1754 1784 1782
f 1782 1780 1778
f 1778 1776 1774
f 1774 1772 1770
f 1770 1768 1766
f 1766 1764 1762
f 1762 1760 1758
f 1758 1754 1782
f 1782 1778 1774
f 1774 1770 1766
f 1766 1762 1758
f 1758 1782 1774
f 1774 1766 1758
f 1781 1782 1784
f 1781 1784 1783
f 1783 1784 1754
f 1783 1754 1753
f 1783 1753 1755
f 1755 1757 1759
f 1759 1761 1763
f 1763 1765 1767
f 1767 1769 1771
f 1771 1773 1775
f 1775 1777 1779
f 1779 1781 1783
f 1783 1755 1759
f 1759 1763 1767
f 1767 1771 1775
f 1775 1779 1783
f 1783 1759 1767
f 1767 1775 1783
v 0.6000000 -0.0800000 0.6800000
v 0.6000000 0.0800000 0.6800000
v 0.5540780 -0.0800000 0.6708656
v 0.5540780 0.0800000 0.6708655
v 0.5151472 -0.0800000 0.6448528
v 0.5151472 0.0800000 0.6448528
v 0.4891345 -0.0800000 0.6059220
v 0.4891345 0.0800000 0.6059220
v 0.4800000 -0.0800000 0.5600000
v 0.4800000 0.0800000 0.5600000
v 0.4891345 -0.0800000 0.5140780
v 0.4891345 0.0800000 0.5140780
v 0.5151472 -0.0800000 0.4751472
v 0.5151472 0.0800000 0.4751472
v 0.5540780 -0.0800000 0.4491345
v 0.5540780 0.0800000 0.4491344
v 0.6000000 -0.0800000 0.4400000
v 0.6000000 0.0800000 0.4400000
v 0.6459221 -0.0800000 0.4491344
v 0.6459221 0.0800000 0.4491344
v 0.6848528 -0.0800000 0.4751472
v 0.6848528 0.0800000 0.4751472
v 0.7108656 -0.0800000 0.5140780
v 0.7108656 0.0800000 0.5140780
v 0.7200000 -0.0800000 0.5600000
v 0.7200000 0.0800000 0.5600000
v 0.7108656 -0.0800000 0.6059220
v 0.7108656 0.0800000 0.6059220
v 0.6848528 -0.0800000 0.6448528
v 0.6848528 0.0800000 0.6448528
v 0.6459221 -0.0800000 0.6708655
v 0.6459221 0.0800000 0.6708655
f 1785 1786 1788
f 1785 1788 1787
f 1787 1788 1790
f 1787 1790 1789
f 1789 1790 1792
f 1789 1792 1791
f 1791 1792 1794
f 1791 1794 1793
f 1793 1794 1796
f 1793 1796 1795
f 1795 1796 1798
f 1795 1798 1797
f 1797 1798 1800
f 1797 1800 1799
f 1799 1800 1802
f 1799 1802 1801
f 1801 1802 1804
f 1801 1804 1803
f 1803 1804 1806
f 1803 1806 1805
f 1805 1806 1808
f 1805 1808 1807
f 1807 1808 1810
f 1807 1810 1809
f 1809 1810 1812
f 1809 1812 1811
f 1811 1812 1814
f 1811 1814 1813
f 1790 1788 1786
f 1786 1816 1814
f 1814 1812 1810
f 1810 1808 1806
f 1806 1804 1802
f 1802 1800 1798
f 1798 1796 1794
f 1794 1792 1790
f 1790 1786 1814
f 1814 1810 1806
f 1806 1802 1798
f 1798 1794 1790
f 1790 1814 1806
f 1806 1798 1790
f 1813 1814 1816
f 1813 1816 1815
f 1815 1816 1786
f 1815 1786 1785
f 1815 1785 1787
f 1787 1789 1791
f 1791 1793 1795
f 1795 1797 1799
f 1799 1801 1803
f 1803 1805 1807
f 1807 1809 1811
f 1811 1813 1815
f 1815 1787 1791
f 1791 1795 1799
f 1799 1803 1807
f 1807 1811 1815
f 1815 1791 1799
f 1799 1807 1815
v 0.6000000 -0.2000000 0.6900000
v 0.6000000 -0.1400000 0.6900000
v 0.5502512 -0.2000000 0.6801044
v 0.5502512 -0.1400000 0.6801044
v 0.5080761 -0.2000000 0.6519239
v 0.5080761 -0.1400000 0.6519239
v 0.4798957 -0.2000000 0.6097489
v 0.4798957 -0.1400000 0.6097488
v 0.4700000 -0.2000000 0.5600000
v 0.4700000 -0.1400000 0.5600000
v 0.4798957 -0.2000000 0.5102512
v 0.4798957 -0.1400000 0.5102512
v 0.5080761 -0.2000000 0.4680761
v 0.5080761 -0.1400000 0.4680761
v 0.5502511 -0.2000000 0.4398957
v 0.5502511 -0.1400000 0.4398957
v 0.6000000 -0.2000000 0.4300000
v 0.6000000 -0.1400000 0.4300000
v 0.6497489 -0.2000000 0.4398957
v 0.6497489 -0.1400000 0.4398957
v 0.6919239 -0.2000000 0.4680761
v 0.6919239 -0.1400000 0.4680761
v 0.7201044 -0.2000000 0.5102512
v 0.7201044 -0.1400000 0.5102511
v 0.7300000 -0.2000000 0.5600000
v 0.7300000 -0.1400000 0.5600000
v 0.7201044 -0.2000000 0.6097488
v 0.7201044 -0.1400000 0.6097488
v 0.6919239 -0.2000000 0.6519239
v 0.6919239 -0.1400000 0.6519239
v 0.6497489 -0.2000000 0.6801043
v 0.6497489 -0.1400000 0.6801043
f 1817 1818 1820
f 1817 1820 1819
f 1819 1820 1822
f 1819 1822 1821
f 1821 1822 1824
f 1821 1824 1823
f 1823 1824 1826
f 1823 1826 1825
f 1825 1826 1828
f 1825 1828 1827
f 1827 1828 1830
f 1827 1830 1829
f 1829 1830 1832
f 1829 1832 1831
f 1831 1832 1834
f 1831 1834 1833
f 1833 1834 1836
f 1833 1836 1835
f 1835 1836 1838
f 1835 1838 1837
f 1837 1838 1840
f 1837 1840 1839
f 1839 1840 1842
f 1839 1842 1841
f 1841 1842 1844
f 1841 1844 1843
f 1843 1844 1846
f 1843 1846 1845
f 1822 1820 1818
f 1818 1848 1846
f 1846 1844 1842
f 1842 1840 1838
f 1838 1836 1834
f 1834 1832 1830
f 1830 1828 1826
f 1826 1824 1822
f 1822 1818 1846
f 1846 1842 1838
f 1838 1834 1830
f 1830 1826 1822
f 1822 1846 1838
f 1838 1830 1822
f 1845 1846 1848
f 1845 1848 1847
f 1847 1848 1818
f 1847 1818 1817
f 1847 1817 1819
f 1819 1821 1823
f 1823 1825 1827
f 1827 1829 1831
f 1831 1833 1835
f 1835 1837 1839
f 1839 1841 1843
f 1843 1845 1847
f 1847 1819 1823
f 1823 1827 1831
f 1831 1835 1839
f 1839 1843 1847
f 1847 1823 1831
f 1831 1839 1847
v 0.7420000 -0.1700000 0.5600000
v 0.7411962 -0.1730000 0.5600000
v 0.7390000 -0.1751962 0.5600000
v 0.7360001 -0.1760000 0.5600000
v 0.7330000 -0.1751962 0.5600000
v 0.7308038 -0.1730000 0.5600000
v 0.7300000 -0.1700000 0.5600000
v 0.7308038 -0.1670000 0.5600000
v 0.7330000 -0.1648038 0.5600000
v 0.7360001 -0.1640000 0.5600000
v 0.7390000 -0.1648038 0.5600000
v 0.7411962 -0.1670000 0.5600000
v 0.7416960 -0.1700000 0.5692872
v 0.7408938 -0.1730000 0.5692347
v 0.7387024 -0.1751962 0.5690911
v 0.7357088 -0.1760000 0.5688949
v 0.7327152 -0.1751962 0.5686986
v 0.7305238 -0.1730000 0.5685550
v 0.7297217 -0.1700000 0.5685024
v 0.7305238 -0.1670000 0.5685550
v 0.7327152 -0.1648038 0.5686986
v 0.7357088 -0.1640000 0.5688949
v 0.7387024 -0.1648038 0.5690911
v 0.7408938 -0.1670000 0.5692347
v 0.7407852 -0.1700000 0.5785347
v 0.7399882 -0.1730000 0.5784298
v 0.7378109 -0.1751962 0.5781431
v 0.7348365 -0.1760000 0.5777516
v 0.7318622 -0.1751962 0.5773600
v 0.7296848 -0.1730000 0.5770733
v 0.7288879 -0.1700000 0.5769684
v 0.7296848 -0.1670000 0.5770733
v 0.7318622 -0.1648038 0.5773600
v 0.7348365 -0.1640000 0.5777516
v 0.7378109 -0.1648038 0.5781431
v 0.7399882 -0.1670000 0.5784298
v 0.7392715 -0.1700000 0.5877029
v 0.7384831 -0.1730000 0.5875460
v 0.7363292 -0.1751962 0.5871176
v 0.7333868 -0.1760000 0.5865323
v 0.7304444 -0.1751962 0.5859470
v 0.7282905 -0.1730000 0.5855186
v 0.7275021 -0.1700000 0.5853618
v 0.7282905 -0.1670000 0.5855186
v 0.7304444 -0.1648038 0.5859470
v 0.7333868 -0.1640000 0.5865323
v 0.7363292 -0.1648038 0.5871176
v 0.7384831 -0.1670000 0.5875460
v 0.7371615 -0.1700000 0.5967523
v 0.7363850 -0.1730000 0.5965443
v 0.7342637 -0.1751962 0.5959759
v 0.7313659 -0.1760000 0.5951994
v 0.7284682 -0.1751962 0.5944229
v 0.7263469 -0.1730000 0.5938545
v 0.7255704 -0.1700000 0.5936465
v 0.7263469 -0.1670000 0.5938545
v 0.7284682 -0.1648038 0.5944229
v 0.7313659 -0.1640000 0.5951994
v 0.7342637 -0.1648038 0.5959758
v 0.7363850 -0.1670000 0.5965443
v 0.7344641 -0.1700000 0.6056444
v 0.7337029 -0.1730000 0.6053860
v 0.7316233 -0.1751962 0.6046801
v 0.7287825 -0.1760000 0.6037158
v 0.7259417 -0.1751962 0.6027514
v 0.7238621 -0.1730000 0.6020455
v 0.7231010 -0.1700000 0.6017871
v 0.7238621 -0.1670000 0.6020455
v 0.7259417 -0.1648038 0.6027514
v 0.7287825 -0.1640000 0.6037158
v 0.7316233 -0.1648038 0.6046801
v 0.7337029 -0.1670000 0.6053860
v 0.7311909 -0.1700000 0.6143410
v 0.7304482 -0.1730000 0.6140334
v 0.7284193 -0.1751962 0.6131930
v 0.7256477 -0.1760000 0.6120449
v 0.7228760 -0.1751962 0.6108969
v 0.7208470 -0.1730000 0.6100565
v 0.7201044 -0.1700000 0.6097488
v 0.7208470 -0.1670000 0.6100565
v 0.7228760 -0.1648038 0.6108969
v 0.7256477 -0.1640000 0.6120449
v 0.7284193 -0.1648038 0.6131930
v 0.7304482 -0.1670000 0.6140334
v 0.7273560 -0.1700000 0.6228050
v 0.7266350 -0.1730000 0.6224495
v 0.7246653 -0.1751962 0.6214781
v 0.7219747 -0.1760000 0.6201513
v 0.7192841 -0.1751962 0.6188244
v 0.7173144 -0.1730000 0.6178530
v 0.7165935 -0.1700000 0.6174976
v 0.7173144 -0.1670000 0.6178530
v 0.7192841 -0.1648038 0.6188244
v 0.7219747 -0.1640000 0.6201513
v 0.7246653 -0.1648038 0.6214781
v 0.7266350 -0.1670000 0.6224495
v 0.7229756 -0.1700000 0.6310000
v 0.7222795 -0.1730000 0.6305981
v 0.7203776 -0.1751962 0.6295000
v 0.7177795 -0.1760000 0.6280000
v 0.7151814 -0.1751962 0.6265000
v 0.7132795 -0.1730000 0.6254020
v 0.7125833 -0.1700000 0.6250000
v 0.7132795 -0.1670000 0.6254019
v 0.7151814 -0.1648038 0.6265000
v 0.7177795 -0.1640000 0.6280000
v 0.7203776 -0.1648038 0.6295000
v 0.7222795 -0.1670000 0.6305981
v 0.7180687 -0.1700000 0.6388910
v 0.7174003 -0.1730000 0.6384444
v 0.7155743 -0.1751961 0.6372243
v 0.7130799 -0.1760000 0.6355576
v 0.7105855 -0.1751962 0.6338909
v 0.7087594 -0.1730000 0.6326708
v 0.7080911 -0.1700000 0.6322241
v 0.7087594 -0.1670000 0.6326707
v 0.7105855 -0.1648038 0.6338909
v 0.7130799 -0.1640000 0.6355575
v 0.7155743 -0.1648038 0.6372243
v 0.7174003 -0.1670000 0.6384444
v 0.7126562 -0.1700000 0.6464441
v 0.7120185 -0.1730000 0.6459548
v 0.7102762 -0.1751961 0.6446179
v 0.7078961 -0.1760000 0.6427916
v 0.7055160 -0.1751961 0.6409653
v 0.7037737 -0.1730000 0.6396284
v 0.7031360 -0.1700000 0.6391390
v 0.7037737 -0.1670000 0.6396284
v 0.7055160 -0.1648038 0.6409653
v 0.7078961 -0.1640000 0.6427916
v 0.7102762 -0.1648038 0.6446179
v 0.7120185 -0.1670000 0.6459548
v 0.7067613 -0.1700000 0.6536271
v 0.7061569 -0.1730000 0.6530971
v 0.7045058 -0.1751961 0.6516491
v 0.7022502 -0.1760000 0.6496710
v 0.6999947 -0.1751961 0.6476930
v 0.6983436 -0.1730000 0.6462450
v 0.6977392 -0.1700000 0.6457149
v 0.6983436 -0.1670000 0.6462449
v 0.6999947 -0.1648038 0.6476930
v 0.7022502 -0.1640000 0.6496710
v 0.7045058 -0.1648038 0.6516491
v 0.7061569 -0.1670000 0.6530971
v 0.7004092 -0.1700000 0.6604092
v 0.6998408 -0.1730000 0.6598408
v 0.6982878 -0.1751961 0.6582879
v 0.6961665 -0.1760000 0.6561666
v 0.6940452 -0.1751961 0.6540452
v 0.6924923 -0.1730000 0.6524923
v 0.6919239 -0.1700000 0.6519239
v 0.6924923 -0.1670000 0.6524923
v 0.6940452 -0.1648038 0.6540452
v 0.6961665 -0.1640000 0.6561666
v 0.6982878 -0.1648038 0.6582879
v 0.6998408 -0.1670000 0.6598408
v 0.6936271 -0.1700000 0.6667613
v 0.6930971 -0.1730000 0.6661569
v 0.6916491 -0.1751961 0.6645057
v 0.6896710 -0.1760000 0.6622502
v 0.6876930 -0.1751961 0.6599947
v 0.6862450 -0.1730000 0.6583436
v 0.6857150 -0.1700000 0.6577392
v 0.6862450 -0.1670000 0.6583436
v 0.6876930 -0.1648038 0.6599947
v 0.6896710 -0.1640000 0.6622502
v 0.6916491 -0.1648038 0.6645057
v 0.6930971 -0.1670000 0.6661569
v 0.6864442 -0.1700000 0.6726562
v 0.6859548 -0.1730000 0.6720184
v 0.6846179 -0.1751961 0.6702761
v 0.6827916 -0.1760000 0.6678960
v 0.6809653 -0.1751961 0.6655160
v 0.6796284 -0.1730000 0.6637737
v 0.6791390 -0.1700000 0.6631359
v 0.6796284 -0.1670000 0.6637737
v 0.6809653 -0.1648038 0.6655160
v 0.6827916 -0.1640000 0.6678960
v 0.6846179 -0.1648038 0.6702761
v 0.6859548 -0.1670000 0.6720184
v 0.6788910 -0.1700000 0.6780687
v 0.6784444 -0.1730000 0.6774004
v 0.6772243 -0.1751961 0.6755743
v 0.6755576 -0.1760000 0.6730799
v 0.6738908 -0.1751961 0.6705855
v 0.6726707 -0.1730000 0.6687595
v 0.6722242 -0.1700000 0.6680911
v 0.6726707 -0.1670000 0.6687595
v 0.6738908 -0.1648038 0.6705855
v 0.6755576 -0.1640000 0.6730799
v 0.6772243 -0.1648038 0.6755743
v 0.6784444 -0.1670000 0.6774004
v 0.6710000 -0.1700000 0.6829756
v 0.6705981 -0.1730000 0.6822795
v 0.6695000 -0.1751961 0.6803775
v 0.6680000 -0.1760000 0.6777795
v 0.6665000 -0.1751961 0.6751814
v 0.6654019 -0.1730000 0.6732795
v 0.6650000 -0.1700000 0.6725833
v 0.6654019 -0.1670000 0.6732795
v 0.6665000 -0.1648038 0.6751814
v 0.6680000 -0.1640000 0.6777795
v 0.6695000 -0.1648038 0.6803775
v 0.6705981 -0.1670000 0.6822795
v 0.6628050 -0.1700000 0.6873559
v 0.6624495 -0.1730000 0.6866350
v 0.6614782 -0.1751961 0.6846653
v 0.6601513 -0.1760000 0.6819747
v 0.6588244 -0.1751961 0.6792841
v 0.6578531 -0.1730000 0.6773144
v 0.6574976 -0.1700000 0.6765935
v 0.6578531 -0.1670000 0.6773144
v 0.6588244 -0.1648038 0.6792841
v 0.6601513 -0.1640000 0.6819747
v 0.6614782 -0.1648038 0.6846653
v 0.6624495 -0.1670000 0.6866350
v 0.6543411 -0.1700000 0.6911909
v 0.6540335 -0.1730000 0.6904482
v 0.6531931 -0.1751961 0.6884193
v 0.6520450 -0.1760000 0.6856476
v 0.6508970 -0.1751961 0.6828760
v 0.6500565 -0.1730000 0.6808470
v 0.6497489 -0.1700000 0.6801043
v 0.6500565 -0.1670000 0.6808470
v 0.6508970 -0.1648038 0.6828760
v 0.6520450 -0.1640000 0.6856476
v 0.6531931 -0.1648038 0.6884192
v 0.6540335 -0.1670000 0.6904482
v 0.6456444 -0.1700000 0.6944641
v 0.6453860 -0.1730000 0.6937029
v 0.6446801 -0.1751961 0.6916233
v 0.6437158 -0.1760000 0.6887825
v 0.6427515 -0.1751961 0.6859417
v 0.6420456 -0.1730000 0.6838621
v 0.6417872 -0.1700000 0.6831009
v 0.6420456 -0.1670000 0.6838621
v 0.6427515 -0.1648038 0.6859417
v 0.6437158 -0.1640000 0.6887825
v 0.6446801 -0.1648038 0.6916233
v 0.6453860 -0.1670000 0.6937029
v 0.6367523 -0.1700000 0.6971614
v 0.6365443 -0.1730000 0.6963850
v 0.6359759 -0.1751961 0.6942637
v 0.6351994 -0.1760000 0.6913660
v 0.6344230 -0.1751961 0.6884682
v 0.6338546 -0.1730000 0.6863468
v 0.6336465 -0.1700000 0.6855704
v 0.6338546 -0.1670000 0.6863468
v 0.6344230 -0.1648038 0.6884682
v 0.6351994 -0.1640000 0.6913659
v 0.6359759 -0.1648038 0.6942637
v 0.6365443 -0.1670000 0.6963850
v 0.6277029 -0.1700000 0.6992715
v 0.6275461 -0.1730000 0.6984831
v 0.6271176 -0.1751961 0.6963292
v 0.6265323 -0.1760000 0.6933868
v 0.6259471 -0.1751961 0.6904445
v 0.6255186 -0.1730000 0.6882905
v 0.6253618 -0.1700000 0.6875021
v 0.6255186 -0.1670000 0.6882905
v 0.6259471 -0.1648038 0.6904444
v 0.6265323 -0.1640000 0.6933868
v 0.6271176 -0.1648038 0.6963292
v 0.6275461 -0.1670000 0.6984831
v 0.6185347 -0.1700000 0.7007852
v 0.6184298 -0.1730000 0.6999882
v 0.6181431 -0.1751961 0.6978109
v 0.6177515 -0.1760000 0.6948365
v 0.6173600 -0.1751961 0.6918622
v 0.6170734 -0.1730000 0.6896848
v 0.6169684 -0.1700000 0.6888878
v 0.6170734 -0.1670000 0.6896848
v 0.6173600 -0.1648038 0.6918622
v 0.6177515 -0.1640000 0.6948365
v 0.6181431 -0.1648038 0.6978108
v 0.6184298 -0.1670000 0.6999882
v 0.6092873 -0.1700000 0.7016960
v 0.6092347 -0.1730000 0.7008939
v 0.6090910 -0.1751961 0.6987024
v 0.6088948 -0.1760000 0.6957088
v 0.6086986 -0.1751961 0.6927152
v 0.6085550 -0.1730000 0.6905238
v 0.6085024 -0.1700000 0.6897217
v 0.6085550 -0.1670000 0.6905238
v 0.6086986 -0.1648038 0.6927152
v 0.6088948 -0.1640000 0.6957088
v 0.6090910 -0.1648038 0.6987024
v 0.6092347 -0.1670000 0.7008938
v 0.6000000 -0.1700000 0.7020000
v 0.6000000 -0.1730000 0.7011962
v 0.6000000 -0.1751961 0.6990000
v 0.6000000 -0.1760000 0.6960000
v 0.6000000 -0.1751961 0.6930000
v 0.6000000 -0.1730000 0.6908039
v 0.6000000 -0.1700000 0.6900000
v 0.6000000 -0.1670000 0.6908038
v 0.6000000 -0.1648038 0.6930000
v 0.6000000 -0.1640000 0.6960000
v 0.6000000 -0.1648038 0.6990000
v 0.6000000 -0.1670000 0.7011961
v 0.5907128 -0.1700000 0.7016960
v 0.5907654 -0.1730000 0.7008939
v 0.5909090 -0.1751961 0.6987024
v 0.5911052 -0.1760000 0.6957088
v 0.5913014 -0.1751961 0.6927152
v 0.5914451 -0.1730000 0.6905238
v 0.5914977 -0.1700000 0.6897217
v 0.5914451 -0.1670000 0.6905238
v 0.5913014 -0.1648038 0.6927152
v 0.5911052 -0.1640000 0.6957088
v 0.5909090 -0.1648038 0.6987024
v 0.5907654 -0.1670000 0.7008938
v 0.5814653 -0.1700000 0.7007852
v 0.5815702 -0.1730000 0.6999882
v 0.5818568 -0.1751961 0.6978108
v 0.5822484 -0.1760000 0.6948365
v 0.5826401 -0.1751961 0.6918622
v 0.5829267 -0.1730000 0.6896848
v 0.5830316 -0.1700000 0.6888878
v 0.5829267 -0.1670000 0.6896848
v 0.5826401 -0.1648038 0.6918622
v 0.5822484 -0.1640000 0.6948365
v 0.5818568 -0.1648038 0.6978108
v 0.5815702 -0.1670000 0.6999882
v 0.5722972 -0.1700000 0.6992715
v 0.5724540 -0.1730000 0.6984831
v 0.5728825 -0.1751961 0.6963292
v 0.5734677 -0.1760000 0.6933868
v 0.5740530 -0.1751961 0.6904445
v 0.5744815 -0.1730000 0.6882905
v 0.5746383 -0.1700000 0.6875021
v 0.5744815 -0.1670000 0.6882905
v 0.5740530 -0.1648038 0.6904444
v 0.5734677 -0.1640000 0.6933868
v 0.5728825 -0.1648038 0.6963292
v 0.5724540 -0.1670000 0.6984831
v 0.5632477 -0.1700000 0.6971615
v 0.5634558 -0.1730000 0.6963850
v 0.5640242 -0.1751961 0.6942637
v 0.5648006 -0.1760000 0.6913660
v 0.5655771 -0.1751961 0.6884682
v 0.5661455 -0.1730000 0.6863468
v 0.5663536 -0.1700000 0.6855704
v 0.5661455 -0.1670000 0.6863468
v 0.5655771 -0.1648038 0.6884682
v 0.5648006 -0.1640000 0.6913659
v 0.5640242 -0.1648038 0.6942637
v 0.5634558 -0.1670000 0.6963850
v 0.5543556 -0.1700000 0.6944641
v 0.5546139 -0.1730000 0.6937029
v 0.5553199 -0.1751961 0.6916233
v 0.5562842 -0.1760000 0.6887825
v 0.5572485 -0.1751961 0.6859417
v 0.5579545 -0.1730000 0.6838621
v 0.5582129 -0.1700000 0.6831009
v 0.5579545 -0.1670000 0.6838621
v 0.5572485 -0.1648038 0.6859417
v 0.5562842 -0.1640000 0.6887825
v 0.5553199 -0.1648038 0.6916233
v 0.5546139 -0.1670000 0.6937029
v 0.5456589 -0.1700000 0.6911909
v 0.5459666 -0.1730000 0.6904482
v 0.5468070 -0.1751961 0.6884193
v 0.5479550 -0.1760000 0.6856476
v 0.5491031 -0.1751961 0.6828760
v 0.5499436 -0.1730000 0.6808470
v 0.5502512 -0.1700000 0.6801044
v 0.5499436 -0.1670000 0.6808470
v 0.5491031 -0.1648038 0.6828760
v 0.5479550 -0.1640000 0.6856476
v 0.5468070 -0.1648038 0.6884193
v 0.5459666 -0.1670000 0.6904482
v 0.5371950 -0.1700000 0.6873559
v 0.5375506 -0.1730000 0.6866350
v 0.5385219 -0.1751961 0.6846653
v 0.5398487 -0.1760000 0.6819747
v 0.5411756 -0.1751961 0.6792841
v 0.5421470 -0.1730000 0.6773144
v 0.5425025 -0.1700000 0.6765935
v 0.5421470 -0.1670000 0.6773144
v 0.5411756 -0.1648038 0.6792841
v 0.5398487 -0.1640000 0.6819747
v 0.5385219 -0.1648038 0.6846653
v 0.5375506 -0.1670000 0.6866350
v 0.5290000 -0.1700000 0.6829756
v 0.5294020 -0.1730000 0.6822795
v 0.5305001 -0.1751961 0.6803775
v 0.5320001 -0.1760000 0.6777795
v 0.5335001 -0.1751961 0.6751814
v 0.5345981 -0.1730000 0.6732795
v 0.5350000 -0.1700000 0.6725833
v 0.5345981 -0.1670000 0.6732795
v 0.5335001 -0.1648038 0.6751814
v 0.5320001 -0.1640000 0.6777795
v 0.5305001 -0.1648038 0.6803775
v 0.5294020 -0.1670000 0.6822795
v 0.5211091 -0.1700000 0.6780687
v 0.5215557 -0.1730000 0.6774004
v 0.5227758 -0.1751961 0.6755743
v 0.5244425 -0.1760000 0.6730799
v 0.5261092 -0.1751961 0.6705855
v 0.5273293 -0.1730000 0.6687595
v 0.5277759 -0.1700000 0.6680911
v 0.5273293 -0.1670000 0.6687595
v 0.5261092 -0.1648038 0.6705855
v 0.5244425 -0.1640000 0.6730799
v 0.5227758 -0.1648038 0.6755743
v 0.5215557 -0.1670000 0.6774004
v 0.5135559 -0.1700000 0.6726562
v 0.5140452 -0.1730000 0.6720185
v 0.5153822 -0.1751961 0.6702761
v 0.5172085 -0.1760000 0.6678961
v 0.5190347 -0.1751961 0.6655160
v 0.5203717 -0.1730000 0.6637737
v 0.5208610 -0.1700000 0.6631359
v 0.5203717 -0.1670000 0.6637737
v 0.5190347 -0.1648038 0.6655160
v 0.5172085 -0.1640000 0.6678960
v 0.5153822 -0.1648038 0.6702761
v 0.5140452 -0.1670000 0.6720185
v 0.5063729 -0.1700000 0.6667613
v 0.5069029 -0.1730000 0.6661569
v 0.5083510 -0.1751961 0.6645058
v 0.5103290 -0.1760000 0.6622502
v 0.5123070 -0.1751961 0.6599947
v 0.5137551 -0.1730000 0.6583436
v 0.5142851 -0.1700000 0.6577392
v 0.5137551 -0.1670000 0.6583436
v 0.5123070 -0.1648038 0.6599947
v 0.5103290 -0.1640000 0.6622502
v 0.5083510 -0.1648038 0.6645058
v 0.5069029 -0.1670000 0.6661569
v 0.4995908 -0.1700000 0.6604092
v 0.5001593 -0.1730000 0.6598408
v 0.5017121 -0.1751961 0.6582878
v 0.5038335 -0.1760000 0.6561665
v 0.5059548 -0.1751961 0.6540452
v 0.5075077 -0.1730000 0.6524923
v 0.5080761 -0.1700000 0.6519239
v 0.5075077 -0.1670000 0.6524923
v 0.5059548 -0.1648038 0.6540452
v 0.5038335 -0.1640000 0.6561665
v 0.5017121 -0.1648038 0.6582878
v 0.5001593 -0.1670000 0.6598408
v 0.4932387 -0.1700000 0.6536271
v 0.4938431 -0.1730000 0.6530971
v 0.4954943 -0.1751961 0.6516491
v 0.4977498 -0.1760000 0.6496710
v 0.5000053 -0.1751961 0.6476930
v 0.5016565 -0.1730000 0.6462449
v 0.5022608 -0.1700000 0.6457149
v 0.5016565 -0.1670000 0.6462449
v 0.5000053 -0.1648038 0.6476930
v 0.4977498 -0.1640000 0.6496710
v 0.4954943 -0.1648038 0.6516491
v 0.4938431 -0.1670000 0.6530971
v 0.4873438 -0.1700000 0.6464441
v 0.4879816 -0.1730000 0.6459548
v 0.4897239 -0.1751961 0.6446179
v 0.4921040 -0.1760000 0.6427916
v 0.4944840 -0.1751961 0.6409653
v 0.4962264 -0.1730000 0.6396284
v 0.4968641 -0.1700000 0.6391390
v 0.4962264 -0.1670000 0.6396284
v 0.4944840 -0.1648038 0.6409653
v 0.4921040 -0.1640000 0.6427916
v 0.4897239 -0.1648038 0.6446179
v 0.4879816 -0.1670000 0.6459548
v 0.4819313 -0.1700000 0.6388910
v 0.4825997 -0.1730000 0.6384444
v 0.4844258 -0.1751961 0.6372243
v 0.4869202 -0.1760000 0.6355576
v 0.4894146 -0.1751962 0.6338909
v 0.4912406 -0.1730000 0.6326708
v 0.4919090 -0.1700000 0.6322241
v 0.4912406 -0.1670000 0.6326708
v 0.4894146 -0.1648038 0.6338909
v 0.4869202 -0.1640000 0.6355576
v 0.4844258 -0.1648038 0.6372243
v 0.4825997 -0.1670000 0.6384444
v 0.4770244 -0.1700000 0.6310000
v 0.4777206 -0.1730000 0.6305981
v 0.4796225 -0.1751962 0.6295000
v 0.4822206 -0.1760000 0.6280000
v 0.4848187 -0.1751962 0.6265000
v 0.4867206 -0.1730000 0.6254020
v 0.4874167 -0.1700000 0.6250001
v 0.4867206 -0.1670000 0.6254020
v 0.4848187 -0.1648038 0.6265000
v 0.4822206 -0.1640000 0.6280000
v 0.4796225 -0.1648038 0.6295000
v 0.4777206 -0.1670000 0.6305981
v 0.4726441 -0.1700000 0.6228050
v 0.4733650 -0.1730000 0.6224495
v 0.4753347 -0.1751962 0.6214781
v 0.4780253 -0.1760000 0.6201513
v 0.4807159 -0.1751962 0.6188244
v 0.4826856 -0.1730000 0.6178530
v 0.4834065 -0.1700000 0.6174975
v 0.4826856 -0.1670000 0.6178530
v 0.4807159 -0.1648038 0.6188244
v 0.4780253 -0.1640000 0.6201513
v 0.4753347 -0.1648038 0.6214781
v 0.4733650 -0.1670000 0.6224495
v 0.4688091 -0.1700000 0.6143411
v 0.4695518 -0.1730000 0.6140335
v 0.4715807 -0.1751962 0.6131930
v 0.4743524 -0.1760000 0.6120450
v 0.4771240 -0.1751962 0.6108969
v 0.4791530 -0.1730000 0.6100565
v 0.4798957 -0.1700000 0.6097488
v 0.4791530 -0.1670000 0.6100565
v 0.4771240 -0.1648038 0.6108969
v 0.4743524 -0.1640000 0.6120449
v 0.4715807 -0.1648038 0.6131930
v 0.4695518 -0.1670000 0.6140335
v 0.4655359 -0.1700000 0.6056443
v 0.4662971 -0.1730000 0.6053860
v 0.4683767 -0.1751962 0.6046801
v 0.4712175 -0.1760000 0.6037157
v 0.4740583 -0.1751962 0.6027514
v 0.4761379 -0.1730000 0.6020455
v 0.4768991 -0.1700000 0.6017871
v 0.4761379 -0.1670000 0.6020455
v 0.4740583 -0.1648038 0.6027514
v 0.4712175 -0.1640000 0.6037157
v 0.4683767 -0.1648038 0.6046801
v 0.4662971 -0.1670000 0.6053860
v 0.4628385 -0.1700000 0.5967523
v 0.4636150 -0.1730000 0.5965443
v 0.4657363 -0.1751962 0.5959758
v 0.4686341 -0.1760000 0.5951994
v 0.4715319 -0.1751962 0.5944229
v 0.4736532 -0.1730000 0.5938545
v 0.4744297 -0.1700000 0.5936465
v 0.4736532 -0.1670000 0.5938545
v 0.4715319 -0.1648038 0.5944229
v 0.4686341 -0.1640000 0.5951993
v 0.4657363 -0.1648038 0.5959758
v 0.4636150 -0.1670000 0.5965443
v 0.4607285 -0.1700000 0.5877028
v 0.4615169 -0.1730000 0.5875460
v 0.4636708 -0.1751962 0.5871176
v 0.4666132 -0.1760000 0.5865323
v 0.4695556 -0.1751962 0.5859470
v 0.4717095 -0.1730000 0.5855185
v 0.4724979 -0.1700000 0.5853617
v 0.4717095 -0.1670000 0.5855185
v 0.4695556 -0.1648038 0.5859470
v 0.4666132 -0.1640000 0.5865323
v 0.4636708 -0.1648038 0.5871176
v 0.4615169 -0.1670000 0.5875460
v 0.4592149 -0.1700000 0.5785347
v 0.4600118 -0.1730000 0.5784298
v 0.4621892 -0.1751962 0.5781432
v 0.4651635 -0.1760000 0.5777516
v 0.4681379 -0.1751962 0.5773600
v 0.4703152 -0.1730000 0.5770733
v 0.4711122 -0.1700000 0.5769684
v 0.4703152 -0.1670000 0.5770733
v 0.4681379 -0.1648038 0.5773600
v 0.4651635 -0.1640000 0.5777516
v 0.4621892 -0.1648038 0.5781432
v 0.4600118 -0.1670000 0.5784298
v 0.4583040 -0.1700000 0.5692873
v 0.4591062 -0.1730000 0.5692347
v 0.4612976 -0.1751962 0.5690911
v 0.4642912 -0.1760000 0.5688949
v 0.4672848 -0.1751962 0.5686986
v 0.4694762 -0.1730000 0.5685550
v 0.4702784 -0.1700000 0.5685024
v 0.4694762 -0.1670000 0.5685550
v 0.4672848 -0.1648038 0.5686986
v 0.4642912 -0.1640000 0.5688949
v 0.4612976 -0.1648038 0.5690911
v 0.4591062 -0.1670000 0.5692347
v 0.4580000 -0.1700000 0.5600000
v 0.4588039 -0.1730000 0.5600000
v 0.4610000 -0.1751962 0.5600000
v 0.4640000 -0.1760000 0.5600000
v 0.4670000 -0.1751962 0.5600000
v 0.4691962 -0.1730000 0.5600000
v 0.4700000 -0.1700000 0.5600000
v 0.4691962 -0.1670000 0.5600000
v 0.4670000 -0.1648038 0.5600000
v 0.4640000 -0.1640000 0.5600000
v 0.4610000 -0.1648038 0.5600000
v 0.4588039 -0.1670000 0.5600000
v 0.4583040 -0.1700000 0.5507128
v 0.4591062 -0.1730000 0.5507653
v 0.4612976 -0.1751962 0.5509090
v 0.4642912 -0.1760000 0.5511052
v 0.4672848 -0.1751962 0.5513014
v 0.4694762 -0.1730000 0.5514451
v 0.4702784 -0.1700000 0.5514976
v 0.4694762 -0.1670000 0.5514451
v 0.4672848 -0.1648038 0.5513014
v 0.4642912 -0.1640000 0.5511052
v 0.4612976 -0.1648038 0.5509090
v 0.4591062 -0.1670000 0.5507653
v 0.4592149 -0.1700000 0.5414653
v 0.4600118 -0.1730000 0.5415702
v 0.4621892 -0.1751962 0.5418568
v 0.4651635 -0.1760000 0.5422484
v 0.4681379 -0.1751962 0.5426400
v 0.4703152 -0.1730000 0.5429267
v 0.4711122 -0.1700000 0.5430316
v 0.4703152 -0.1670000 0.5429267
v 0.4681379 -0.1648038 0.5426400
v 0.4651635 -0.1640000 0.5422484
v 0.4621892 -0.1648038 0.5418568
v 0.4600118 -0.1670000 0.5415702
v 0.4607285 -0.1700000 0.5322972
v 0.4615169 -0.1730000 0.5324540
v 0.4636708 -0.1751962 0.5328825
v 0.4666132 -0.1760000 0.5334677
v 0.4695556 -0.1751962 0.5340530
v 0.4717095 -0.1730000 0.5344815
v 0.4724979 -0.1700000 0.5346383
v 0.4717095 -0.1670000 0.5344815
v 0.4695556 -0.1648038 0.5340530
v 0.4666132 -0.1640000 0.5334677
v 0.4636708 -0.1648038 0.5328825
v 0.4615169 -0.1670000 0.5324540
v 0.4628385 -0.1700000 0.5232477
v 0.4636150 -0.1730000 0.5234557
v 0.4657363 -0.1751962 0.5240242
v 0.4686341 -0.1760000 0.5248007
v 0.4715319 -0.1751962 0.5255771
v 0.4736532 -0.1730000 0.5261455
v 0.4744297 -0.1700000 0.5263535
v 0.4736532 -0.1670000 0.5261455
v 0.4715319 -0.1648038 0.5255771
v 0.4686341 -0.1640000 0.5248006
v 0.4657363 -0.1648038 0.5240242
v 0.4636150 -0.1670000 0.5234557
v 0.4655359 -0.1700000 0.5143557
v 0.4662971 -0.1730000 0.5146140
v 0.4683767 -0.1751962 0.5153199
v 0.4712175 -0.1760000 0.5162843
v 0.4740583 -0.1751962 0.5172486
v 0.4761379 -0.1730000 0.5179545
v 0.4768991 -0.1700000 0.5182129
v 0.4761379 -0.1670000 0.5179545
v 0.4740583 -0.1648038 0.5172486
v 0.4712175 -0.1640000 0.5162843
v 0.4683767 -0.1648038 0.5153199
v 0.4662971 -0.1670000 0.5146140
v 0.4688091 -0.1700000 0.5056590
v 0.4695517 -0.1730000 0.5059666
v 0.4715807 -0.1751962 0.5068070
v 0.4743524 -0.1760000 0.5079551
v 0.4771240 -0.1751962 0.5091032
v 0.4791530 -0.1730000 0.5099436
v 0.4798957 -0.1700000 0.5102512
v 0.4791530 -0.1670000 0.5099436
v 0.4771240 -0.1648038 0.5091032
v 0.4743524 -0.1640000 0.5079551
v 0.4715807 -0.1648038 0.5068070
v 0.4695517 -0.1670000 0.5059666
v 0.4726441 -0.1700000 0.4971950
v 0.4733650 -0.1730000 0.4975505
v 0.4753347 -0.1751962 0.4985219
v 0.4780253 -0.1760000 0.4998488
v 0.4807159 -0.1751962 0.5011756
v 0.4826856 -0.1730000 0.5021470
v 0.4834065 -0.1700000 0.5025025
v 0.4826856 -0.1670000 0.5021470
v 0.4807159 -0.1648038 0.5011756
v 0.4780253 -0.1640000 0.4998488
v 0.4753347 -0.1648038 0.4985219
v 0.4733650 -0.1670000 0.4975505
v 0.4770244 -0.1700000 0.4890000
v 0.4777206 -0.1730000 0.4894019
v 0.4796225 -0.1751962 0.4905000
v 0.4822205 -0.1760000 0.4920000
v 0.4848186 -0.1751962 0.4935000
v 0.4867206 -0.1730000 0.4945981
v 0.4874167 -0.1700000 0.4950000
v 0.4867206 -0.1670000 0.4945981
v 0.4848186 -0.1648038 0.4935000
v 0.4822205 -0.1640000 0.4920000
v 0.4796225 -0.1648038 0.4905000
v 0.4777206 -0.1670000 0.4894019
v 0.4819313 -0.1700000 0.4811090
v 0.4825997 -0.1730000 0.4815556
v 0.4844258 -0.1751962 0.4827757
v 0.4869202 -0.1760000 0.4844424
v 0.4894146 -0.1751962 0.4861091
v 0.4912406 -0.1730000 0.4873293
v 0.4919090 -0.1700000 0.4877759
v 0.4912406 -0.1670000 0.4873292
v 0.4894146 -0.1648038 0.4861091
v 0.4869202 -0.1640000 0.4844424
v 0.4844258 -0.1648039 0.4827757
v 0.4825997 -0.1670000 0.4815556
v 0.4873438 -0.1700000 0.4735559
v 0.4879816 -0.1730000 0.4740452
v 0.4897239 -0.1751962 0.4753821
v 0.4921040 -0.1760000 0.4772084
v 0.4944840 -0.1751962 0.4790347
v 0.4962264 -0.1730000 0.4803717
v 0.4968641 -0.1700000 0.4808610
v 0.4962264 -0.1670000 0.4803717
v 0.4944840 -0.1648039 0.4790347
v 0.4921040 -0.1640000 0.4772084
v 0.4897239 -0.1648039 0.4753821
v 0.4879816 -0.1670000 0.4740452
v 0.4932387 -0.1700000 0.4663729
v 0.4938431 -0.1730000 0.4669029
v 0.4954943 -0.1751962 0.4683509
v 0.4977498 -0.1760000 0.4703290
v 0.5000053 -0.1751962 0.4723070
v 0.5016565 -0.1730000 0.4737550
v 0.5022608 -0.1700000 0.4742851
v 0.5016565 -0.1670000 0.4737550
v 0.5000053 -0.1648039 0.4723070
v 0.4977498 -0.1640000 0.4703290
v 0.4954943 -0.1648039 0.4683509
v 0.4938431 -0.1670000 0.4669029
v 0.4995908 -0.1700000 0.4595909
v 0.5001593 -0.1730000 0.4601593
v 0.5017121 -0.1751962 0.4617122
v 0.5038335 -0.1760000 0.4638335
v 0.5059548 -0.1751962 0.4659548
v 0.5075077 -0.1730000 0.4675077
v 0.5080761 -0.1700000 0.4680761
v 0.5075077 -0.1670000 0.4675077
v 0.5059548 -0.1648039 0.4659548
v 0.5038335 -0.1640000 0.4638335
v 0.5017121 -0.1648039 0.4617122
v 0.5001593 -0.1670000 0.4601593
v 0.5063729 -0.1700000 0.4532388
v 0.5069029 -0.1730000 0.4538431
v 0.5083509 -0.1751962 0.4554943
v 0.5103289 -0.1760000 0.4577498
v 0.5123070 -0.1751962 0.4600053
v 0.5137550 -0.1730000 0.4616565
v 0.5142850 -0.1700000 0.4622608
v 0.5137550 -0.1670000 0.4616565
v 0.5123070 -0.1648039 0.4600053
v 0.5103289 -0.1640000 0.4577498
v 0.5083509 -0.1648039 0.4554943
v 0.5069029 -0.1670000 0.4538431
v 0.5135558 -0.1700000 0.4473439
v 0.5140452 -0.1730000 0.4479816
v 0.5153821 -0.1751962 0.4497239
v 0.5172084 -0.1760000 0.4521040
v 0.5190347 -0.1751962 0.4544840
v 0.5203716 -0.1730000 0.4562264
v 0.5208610 -0.1700000 0.4568641
v 0.5203716 -0.1670000 0.4562264
v 0.5190347 -0.1648039 0.4544840
v 0.5172084 -0.1640000 0.4521040
v 0.5153821 -0.1648039 0.4497239
v 0.5140452 -0.1670000 0.4479816
v 0.5211090 -0.1700000 0.4419314
v 0.5215555 -0.1730000 0.4425997
v 0.5227757 -0.1751962 0.4444258
v 0.5244424 -0.1760000 0.4469202
v 0.5261091 -0.1751962 0.4494146
v 0.5273292 -0.1730000 0.4512406
v 0.5277758 -0.1700000 0.4519090
v 0.5273292 -0.1670000 0.4512406
v 0.5261091 -0.1648039 0.4494146
v 0.5244424 -0.1640000 0.4469202
v 0.5227757 -0.1648039 0.4444258
v 0.5215555 -0.1670000 0.4425997
v 0.5290000 -0.1700000 0.4370244
v 0.5294020 -0.1730000 0.4377205
v 0.5305001 -0.1751962 0.4396225
v 0.5320001 -0.1760000 0.4422205
v 0.5335001 -0.1751962 0.4448186
v 0.5345981 -0.1730000 0.4467205
v 0.5350000 -0.1700000 0.4474167
v 0.5345981 -0.1670000 0.4467205
v 0.5335001 -0.1648039 0.4448186
v 0.5320001 -0.1640000 0.4422205
v 0.5305001 -0.1648039 0.4396224
v 0.5294020 -0.1670000 0.4377205
v 0.5371950 -0.1700000 0.4326441
v 0.5375506 -0.1730000 0.4333650
v 0.5385219 -0.1751962 0.4353347
v 0.5398487 -0.1760000 0.4380253
v 0.5411756 -0.1751962 0.4407159
v 0.5421470 -0.1730000 0.4426856
v 0.5425025 -0.1700000 0.4434065
v 0.5421470 -0.1670000 0.4426856
v 0.5411756 -0.1648039 0.4407159
v 0.5398487 -0.1640000 0.4380253
v 0.5385219 -0.1648039 0.4353347
v 0.5375506 -0.1670000 0.4333650
v 0.5456589 -0.1700000 0.4288091
v 0.5459666 -0.1730000 0.4295518
v 0.5468070 -0.1751962 0.4315808
v 0.5479550 -0.1760000 0.4343524
v 0.5491031 -0.1751962 0.4371240
v 0.5499436 -0.1730000 0.4391530
v 0.5502512 -0.1700000 0.4398957
v 0.5499436 -0.1670000 0.4391530
v 0.5491031 -0.1648039 0.4371240
v 0.5479550 -0.1640000 0.4343524
v 0.5468070 -0.1648039 0.4315807
v 0.5459666 -0.1670000 0.4295518
v 0.5543556 -0.1700000 0.4255359
v 0.5546139 -0.1730000 0.4262971
v 0.5553199 -0.1751962 0.4283767
v 0.5562842 -0.1760000 0.4312175
v 0.5572485 -0.1751962 0.4340583
v 0.5579545 -0.1730000 0.4361379
v 0.5582129 -0.1700000 0.4368991
v 0.5579545 -0.1670000 0.4361379
v 0.5572485 -0.1648039 0.4340583
v 0.5562842 -0.1640000 0.4312175
v 0.5553199 -0.1648039 0.4283767
v 0.5546139 -0.1670000 0.4262971
v 0.5632477 -0.1700000 0.4228385
v 0.5634557 -0.1730000 0.4236150
v 0.5640242 -0.1751962 0.4257363
v 0.5648006 -0.1760000 0.4286341
v 0.5655770 -0.1751962 0.4315319
v 0.5661455 -0.1730000 0.4336532
v 0.5663535 -0.1700000 0.4344296
v 0.5661455 -0.1670000 0.4336532
v 0.5655770 -0.1648039 0.4315319
v 0.5648006 -0.1640000 0.4286341
v 0.5640242 -0.1648039 0.4257363
v 0.5634557 -0.1670000 0.4236150
v 0.5722972 -0.1700000 0.4207285
v 0.5724540 -0.1730000 0.4215169
v 0.5728824 -0.1751962 0.4236709
v 0.5734677 -0.1760000 0.4266132
v 0.5740529 -0.1751962 0.4295556
v 0.5744814 -0.1730000 0.4317095
v 0.5746382 -0.1700000 0.4324979
v 0.5744814 -0.1670000 0.4317095
v 0.5740529 -0.1648039 0.4295556
v 0.5734677 -0.1640000 0.4266132
v 0.5728824 -0.1648039 0.4236708
v 0.5724540 -0.1670000 0.4215169
v 0.5814652 -0.1700000 0.4192148
v 0.5815701 -0.1730000 0.4200118
v 0.5818568 -0.1751962 0.4221892
v 0.5822484 -0.1760000 0.4251635
v 0.5826399 -0.1751962 0.4281379
v 0.5829266 -0.1730000 0.4303152
v 0.5830315 -0.1700000 0.4311122
v 0.5829266 -0.1670000 0.4303152
v 0.5826399 -0.1648039 0.4281378
v 0.5822484 -0.1640000 0.4251635
v 0.5818568 -0.1648039 0.4221891
v 0.5815701 -0.1670000 0.4200118
v 0.5907128 -0.1700000 0.4183040
v 0.5907654 -0.1730000 0.4191062
v 0.5909090 -0.1751962 0.4212976
v 0.5911052 -0.1760000 0.4242912
v 0.5913014 -0.1751962 0.4272848
v 0.5914451 -0.1730000 0.4294762
v 0.5914977 -0.1700000 0.4302783
v 0.5914451 -0.1670000 0.4294762
v 0.5913014 -0.1648039 0.4272847
v 0.5911052 -0.1640000 0.4242912
v 0.5909090 -0.1648039 0.4212976
v 0.5907654 -0.1670000 0.4191062
v 0.6000000 -0.1700000 0.4180000
v 0.6000000 -0.1730000 0.4188038
v 0.6000000 -0.1751962 0.4210000
v 0.6000000 -0.1760000 0.4240000
v 0.6000000 -0.1751962 0.4270000
v 0.6000000 -0.1730000 0.4291961
v 0.6000000 -0.1700000 0.4300000
v 0.6000000 -0.1670000 0.4291961
v 0.6000000 -0.1648039 0.4270000
v 0.6000000 -0.1640000 0.4240000
v 0.6000000 -0.1648039 0.4210000
v 0.6000000 -0.1670000 0.4188038
v 0.6092873 -0.1700000 0.4183040
v 0.6092347 -0.1730000 0.4191062
v 0.6090910 -0.1751962 0.4212976
v 0.6088948 -0.1760000 0.4242912
v 0.6086986 -0.1751962 0.4272848
v 0.6085550 -0.1730000 0.4294762
v 0.6085024 -0.1700000 0.4302783
v 0.6085550 -0.1670000 0.4294762
v 0.6086986 -0.1648039 0.4272847
v 0.6088948 -0.1640000 0.4242912
v 0.6090910 -0.1648039 0.4212976
v 0.6092347 -0.1670000 0.4191062
v 0.6185347 -0.1700000 0.4192148
v 0.6184298 -0.1730000 0.4200118
v 0.6181431 -0.1751962 0.4221891
v 0.6177515 -0.1760000 0.4251635
v 0.6173600 -0.1751962 0.4281378
v 0.6170734 -0.1730000 0.4303152
v 0.6169684 -0.1700000 0.4311122
v 0.6170734 -0.1670000 0.4303152
v 0.6173600 -0.1648039 0.4281378
v 0.6177515 -0.1640000 0.4251635
v 0.6181431 -0.1648039 0.4221891
v 0.6184298 -0.1670000 0.4200118
v 0.6277028 -0.1700000 0.4207285
v 0.6275460 -0.1730000 0.4215169
v 0.6271175 -0.1751962 0.4236708
v 0.6265323 -0.1760000 0.4266132
v 0.6259470 -0.1751962 0.4295556
v 0.6255186 -0.1730000 0.4317095
v 0.6253617 -0.1700000 0.4324979
v 0.6255186 -0.1670000 0.4317095
v 0.6259470 -0.1648039 0.4295555
v 0.6265323 -0.1640000 0.4266132
v 0.6271175 -0.1648039 0.4236708
v 0.6275460 -0.1670000 0.4215169
v 0.6367522 -0.1700000 0.4228385
v 0.6365442 -0.1730000 0.4236150
v 0.6359758 -0.1751962 0.4257363
v 0.6351994 -0.1760000 0.4286341
v 0.6344229 -0.1751962 0.4315318
v 0.6338545 -0.1730000 0.4336532
v 0.6336464 -0.1700000 0.4344296
v 0.6338545 -0.1670000 0.4336532
v 0.6344229 -0.1648039 0.4315318
v 0.6351994 -0.1640000 0.4286340
v 0.6359758 -0.1648039 0.4257363
v 0.6365442 -0.1670000 0.4236149
v 0.6456444 -0.1700000 0.4255359
v 0.6453860 -0.1730000 0.4262971
v 0.6446800 -0.1751962 0.4283767
v 0.6437157 -0.1760000 0.4312175
v 0.6427514 -0.1751962 0.4340583
v 0.6420455 -0.1730000 0.4361379
v 0.6417871 -0.1700000 0.4368991
v 0.6420455 -0.1670000 0.4361379
v 0.6427514 -0.1648039 0.4340583
v 0.6437157 -0.1640000 0.4312175
v 0.6446800 -0.1648039 0.4283767
v 0.6453860 -0.1670000 0.4262971
v 0.6543411 -0.1700000 0.4288091
v 0.6540335 -0.1730000 0.4295518
v 0.6531931 -0.1751962 0.4315808
v 0.6520450 -0.1760000 0.4343524
v 0.6508970 -0.1751962 0.4371240
v 0.6500565 -0.1730000 0.4391530
v 0.6497489 -0.1700000 0.4398957
v 0.6500565 -0.1670000 0.4391530
v 0.6508970 -0.1648039 0.4371240
v 0.6520450 -0.1640000 0.4343524
v 0.6531931 -0.1648039 0.4315808
v 0.6540335 -0.1670000 0.4295518
v 0.6628050 -0.1700000 0.4326441
v 0.6624495 -0.1730000 0.4333650
v 0.6614782 -0.1751962 0.4353347
v 0.6601513 -0.1760000 0.4380253
v 0.6588244 -0.1751962 0.4407159
v 0.6578531 -0.1730000 0.4426856
v 0.6574976 -0.1700000 0.4434066
v 0.6578531 -0.1670000 0.4426856
v 0.6588244 -0.1648039 0.4407159
v 0.6601513 -0.1640000 0.4380253
v 0.6614782 -0.1648039 0.4353347
v 0.6624495 -0.1670000 0.4333650
v 0.6710000 -0.1700000 0.4370244
v 0.6705981 -0.1730000 0.4377205
v 0.6695000 -0.1751962 0.4396225
v 0.6680000 -0.1760000 0.4422205
v 0.6665000 -0.1751962 0.4448186
v 0.6654019 -0.1730000 0.4467205
v 0.6650000 -0.1700000 0.4474167
v 0.6654019 -0.1670000 0.4467205
v 0.6665000 -0.1648039 0.4448186
v 0.6680000 -0.1640000 0.4422205
v 0.6695000 -0.1648039 0.4396225
v 0.6705981 -0.1670000 0.4377205
v 0.6788910 -0.1700000 0.4419313
v 0.6784444 -0.1730000 0.4425997
v 0.6772243 -0.1751962 0.4444257
v 0.6755576 -0.1760000 0.4469201
v 0.6738908 -0.1751962 0.4494145
v 0.6726707 -0.1730000 0.4512406
v 0.6722242 -0.1700000 0.4519089
v 0.6726707 -0.1670000 0.4512406
v 0.6738908 -0.1648039 0.4494145
v 0.6755576 -0.1640000 0.4469201
v 0.6772243 -0.1648039 0.4444257
v 0.6784444 -0.1670000 0.4425997
v 0.6864441 -0.1700000 0.4473438
v 0.6859547 -0.1730000 0.4479815
v 0.6846178 -0.1751962 0.4497239
v 0.6827915 -0.1760000 0.4521039
v 0.6809652 -0.1751962 0.4544840
v 0.6796283 -0.1730000 0.4562263
v 0.6791390 -0.1700000 0.4568640
v 0.6796283 -0.1670000 0.4562263
v 0.6809652 -0.1648039 0.4544840
v 0.6827915 -0.1640000 0.4521039
v 0.6846178 -0.1648039 0.4497238
v 0.6859547 -0.1670000 0.4479815
v 0.6936271 -0.1700000 0.4532387
v 0.6930971 -0.1730000 0.4538431
v 0.6916491 -0.1751962 0.4554942
v 0.6896710 -0.1760000 0.4577498
v 0.6876930 -0.1751962 0.4600053
v 0.6862450 -0.1730000 0.4616564
v 0.6857150 -0.1700000 0.4622608
v 0.6862450 -0.1670000 0.4616564
v 0.6876930 -0.1648039 0.4600053
v 0.6896710 -0.1640000 0.4577497
v 0.6916491 -0.1648039 0.4554942
v 0.6930971 -0.1670000 0.4538431
v 0.7004091 -0.1700000 0.4595908
v 0.6998407 -0.1730000 0.4601592
v 0.6982878 -0.1751962 0.4617121
v 0.6961665 -0.1760000 0.4638334
v 0.6940452 -0.1751962 0.4659548
v 0.6924922 -0.1730000 0.4675077
v 0.6919239 -0.1700000 0.4680761
v 0.6924922 -0.1670000 0.4675077
v 0.6940452 -0.1648039 0.4659548
v 0.6961665 -0.1640000 0.4638334
v 0.6982878 -0.1648039 0.4617121
v 0.6998407 -0.1670000 0.4601592
v 0.7067613 -0.1700000 0.4663729
v 0.7061570 -0.1730000 0.4669029
v 0.7045058 -0.1751962 0.4683509
v 0.7022502 -0.1760000 0.4703290
v 0.6999947 -0.1751962 0.4723070
v 0.6983436 -0.1730000 0.4737551
v 0.6977392 -0.1700000 0.4742851
v 0.6983436 -0.1670000 0.4737551
v 0.6999947 -0.1648039 0.4723070
v 0.7022502 -0.1640000 0.4703290
v 0.7045058 -0.1648039 0.4683509
v 0.7061570 -0.1670000 0.4669029
v 0.7126562 -0.1700000 0.4735559
v 0.7120185 -0.1730000 0.4740452
v 0.7102762 -0.1751962 0.4753822
v 0.7078961 -0.1760000 0.4772085
v 0.7055160 -0.1751962 0.4790348
v 0.7037737 -0.1730000 0.4803717
v 0.7031360 -0.1700000 0.4808610
v 0.7037737 -0.1670000 0.4803717
v 0.7055160 -0.1648039 0.4790348
v 0.7078961 -0.1640000 0.4772085
v 0.7102762 -0.1648039 0.4753822
v 0.7120185 -0.1670000 0.4740452
v 0.7180687 -0.1700000 0.4811090
v 0.7174003 -0.1730000 0.4815556
v 0.7155743 -0.1751962 0.4827757
v 0.7130799 -0.1760000 0.4844424
v 0.7105855 -0.1751962 0.4861092
v 0.7087594 -0.1730000 0.4873293
v 0.7080911 -0.1700000 0.4877759
v 0.7087594 -0.1670000 0.4873293
v 0.7105855 -0.1648038 0.4861092
v 0.7130799 -0.1640000 0.4844424
v 0.7155743 -0.1648039 0.4827757
v 0.7174003 -0.1670000 0.4815556
v 0.7229756 -0.1700000 0.4890000
v 0.7222795 -0.1730000 0.4894019
v 0.7203776 -0.1751962 0.4905000
v 0.7177795 -0.1760000 0.4920000
v 0.7151814 -0.1751962 0.4935000
v 0.7132795 -0.1730000 0.4945981
v 0.7125833 -0.1700000 0.4950000
v 0.7132795 -0.1670000 0.4945981
v 0.7151814 -0.1648038 0.4935000
v 0.7177795 -0.1640000 0.4920000
v 0.7203776 -0.1648038 0.4905000
v 0.7222795 -0.1670000 0.4894019
v 0.7273560 -0.1700000 0.4971950
v 0.7266350 -0.1730000 0.4975505
v 0.7246653 -0.1751962 0.4985218
v 0.7219747 -0.1760000 0.4998487
v 0.7192841 -0.1751962 0.5011756
v 0.7173144 -0.1730000 0.5021469
v 0.7165935 -0.1700000 0.5025024
v 0.7173144 -0.1670000 0.5021469
v 0.7192841 -0.1648038 0.5011756
v 0.7219747 -0.1640000 0.4998487
v 0.7246653 -0.1648038 0.4985218
v 0.7266350 -0.1670000 0.4975505
v 0.7311909 -0.1700000 0.5056589
v 0.7304482 -0.1730000 0.5059665
v 0.7284193 -0.1751962 0.5068070
v 0.7256476 -0.1760000 0.5079550
v 0.7228760 -0.1751962 0.5091031
v 0.7208470 -0.1730000 0.5099435
v 0.7201043 -0.1700000 0.5102511
v 0.7208470 -0.1670000 0.5099435
v 0.7228760 -0.1648038 0.5091031
v 0.7256476 -0.1640000 0.5079550
v 0.7284193 -0.1648038 0.5068070
v 0.7304482 -0.1670000 0.5059665
v 0.7344640 -0.1700000 0.5143555
v 0.7337029 -0.1730000 0.5146139
v 0.7316233 -0.1751962 0.5153198
v 0.7287825 -0.1760000 0.5162842
v 0.7259417 -0.1751962 0.5172485
v 0.7238621 -0.1730000 0.5179544
v 0.7231009 -0.1700000 0.5182128
v 0.7238621 -0.1670000 0.5179544
v 0.7259417 -0.1648038 0.5172485
v 0.7287825 -0.1640000 0.5162842
v 0.7316233 -0.1648038 0.5153198
v 0.7337029 -0.1670000 0.5146139
v 0.7371615 -0.1700000 0.5232477
v 0.7363850 -0.1730000 0.5234558
v 0.7342637 -0.1751962 0.5240242
v 0.7313659 -0.1760000 0.5248007
v 0.7284682 -0.1751962 0.5255771
v 0.7263469 -0.1730000 0.5261455
v 0.7255704 -0.1700000 0.5263535
v 0.7263469 -0.1670000 0.5261455
v 0.7284682 -0.1648038 0.5255771
v 0.7313659 -0.1640000 0.5248007
v 0.7342637 -0.1648038 0.5240242
v 0.7363850 -0.1670000 0.5234558
v 0.7392715 -0.1700000 0.5322972
v 0.7384831 -0.1730000 0.5324540
v 0.7363292 -0.1751962 0.5328825
v 0.7333868 -0.1760000 0.5334678
v 0.7304445 -0.1751962 0.5340530
v 0.7282906 -0.1730000 0.5344815
v 0.7275021 -0.1700000 0.5346383
v 0.7282906 -0.1670000 0.5344815
v 0.7304445 -0.1648038 0.5340530
v 0.7333868 -0.1640000 0.5334677
v 0.7363292 -0.1648038 0.5328825
v 0.7384831 -0.1670000 0.5324540
v 0.7407852 -0.1700000 0.5414653
v 0.7399882 -0.1730000 0.5415702
v 0.7378109 -0.1751962 0.5418569
v 0.7348365 -0.1760000 0.5422484
v 0.7318622 -0.1751962 0.5426400
v 0.7296848 -0.1730000 0.5429267
v 0.7288879 -0.1700000 0.5430316
v 0.7296848 -0.1670000 0.5429267
v 0.7318622 -0.1648038 0.5426400
v 0.7348365 -0.1640000 0.5422484
v 0.7378109 -0.1648038 0.5418569
v 0.7399882 -0.1670000 0.5415702
v 0.7416960 -0.1700000 0.5507128
v 0.7408938 -0.1730000 0.5507653
v 0.7387024 -0.1751962 0.5509089
v 0.7357088 -0.1760000 0.5511051
v 0.7327152 -0.1751962 0.5513014
v 0.7305238 -0.1730000 0.5514450
v 0.7297217 -0.1700000 0.5514976
v 0.7305238 -0.1670000 0.5514450
v 0.7327152 -0.1648038 0.5513014
v 0.7357088 -0.1640000 0.5511051
v 0.7387024 -0.1648038 0.5509089
v 0.7408938 -0.1670000 0.5507653
f 1849 1861 1862
f 1849 1862 1850
f 1850 1862 1863
f 1850 1863 1851
f 1851 1863 1864
f 1851 1864 1852
f 1852 1864 1865
f 1852 1865 1853
f 1853 1865 1866
f 1853 1866 1854
f 1854 1866 1867
f 1854 1867 1855
f 1855 1867 1868
f 1855 1868 1856
f 1856 1868 1869
f 1856 1869 1857
f 1857 1869 1870
f 1857 1870 1858
f 1858 1870 1871
f 1858 1871 1859
f 1859 1871 1872
f 1859 1872 1860
f 1860 1872 1861
f 1860 1861 1849
f 1861 1873 1874
f 1861 1874 1862
f 1862 1874 1875
f 1862 1875 1863
f 1863 1875 1876
f 1863 1876 1864
f 1864 1876 1877
f 1864 1877 1865
f 1865 1877 1878
f 1865 1878 1866
f 1866 1878 1879
f 1866 1879 1867
f 1867 1879 1880
f 1867 1880 1868
f 1868 1880 1881
f 1868 1881 1869
f 1869 1881 1882
f 1869 1882 1870
f 1870 1882 1883
f 1870 1883 1871
f 1871 1883 1884
f 1871 1884 1872
f 1872 1884 1873
f 1872 1873 1861
f 1873 1885 1886
f 1873 1886 1874
f 1874 1886 1887
f 1874 1887 1875
f 1875 1887 1888
f 1875 1888 1876
f 1876 1888 1889
f 1876 1889 1877
f 1877 1889 1890
f 1877 1890 1878
f 1878 1890 1891
f 1878 1891 1879
f 1879 1891 1892
f 1879 1892 1880
f 1880 1892 1893
f 1880 1893 1881
f 1881 1893 1894
f 1881 1894 1882
f 1882 1894 1895
f 1882 1895 1883
f 1883 1895 1896
f 1883 1896 1884
f 1884 1896 1885
f 1884 1885 1873
f 1885 1897 1898
f 1885 1898 1886
f 1886 1898 1899
f 1886 1899 1887
f 1887 1899 1900
f 1887 1900 1888
f 1888 1900 1901
f 1888 1901 1889
f 1889 1901 1902
f 1889 1902 1890
f 1890 1902 1903
f 1890 1903 1891
f 1891 1903 1904
f 1891 1904 1892
f 1892 1904 1905
f 1892 1905 1893
f 1893 1905 1906
f 1893 1906 1894
f 1894 1906 1907
f 1894 1907 1895
f 1895 1907 1908
f 1895 1908 1896
f 1896 1908 1897
f 1896 1897 1885
f 1897 1909 1910
f 1897 1910 1898
f 1898 1910 1911
f 1898 1911 1899
f 1899 1911 1912
f 1899 1912 1900
f 1900 1912 1913
f 1900 1913 1901
f 1901 1913 1914
f 1901 1914 1902
f 1902 1914 1915
f 1902 1915 1903
f 1903 1915 1916
f 1903 1916 1904
f 1904 1916 1917
f 1904 1917 1905
f 1905 1917 1918
f 1905 1918 1906
f 1906 1918 1919
f 1906 1919 1907
f 1907 1919 1920
f 1907 1920 1908
f 1908 1920 1909
f 1908 1909 1897
f 1909 1921 1922
f 1909 1922 1910
f 1910 1922 1923
f 1910 1923 1911
f 1911 1923 1924
f 1911 1924 1912
f 1912 1924 1925
f 1912 1925 1913
f 1913 1925 1926
f 1913 1926 1914
f 1914 1926 1927
f 1914 1927 1915
f 1915 1927 1928
f 1915 1928 1916
f 1916 1928 1929
f 1916 1929 1917
f 1917 1929 1930
f 1917 1930 1918
f 1918 1930 1931
f 1918 1931 1919
f 1919 1931 1932
f 1919 1932 1920
f 1920 1932 1921
f 1920 1921 1909
f 1921 1933 1934
f 1921 1934 1922
f 1922 1934 1935
f 1922 1935 1923
f 1923 1935 1936
f 1923 1936 1924
f 1924 1936 1937
f 1924 1937 1925
f 1925 1937 1938
f 1925 1938 1926
f 1926 1938 1939
f 1926 1939 1927
f 1927 1939 1940
f 1927 1940 1928
f 1928 1940 1941
f 1928 1941 1929
f 1929 1941 1942
f 1929 1942 1930
f 1930 1942 1943
f 1930 1943 1931
f 1931 1943 1944
f 1931 1944 1932
f 1932 1944 1933
f 1932 1933 1921
f 1933 1945 1946
f 1933 1946 1934
f 1934 1946 1947
f 1934 1947 1935
f 1935 1947 1948
f 1935 1948 1936
f 1936 1948 1949
f 1936 1949 1937
f 1937 1949 1950
f 1937 1950 1938
f 1938 1950 1951
f 1938 1951 1939
f 1939 1951 1952
f 1939 1952 1940
f 1940 1952 1953
f 1940 1953 1941
f 1941 1953 1954
f 1941 1954 1942
f 1942 1954 1955
f 1942 1955 1943
f 1943 1955 1956
f 1943 1956 1944
f 1944 1956 1945
f 1944 1945 1933
f 1945 1957 1958
f 1945 1958 1946
f 1946 1958 1959
f 1946 1959 1947
f 1947 1959 1960
f 1947 1960 1948
f 1948 1960 1961
f 1948 1961 1949
f 1949 1961 1962
f 1949 1962 1950
f 1950 1962 1963
f 1950 1963 1951
f 1951 1963 1964
f 1951 1964 1952
f 1952 1964 1965
f 1952 1965 1953
f 1953 1965 1966
f 1953 1966 1954
f 1954 1966 1967
f 1954 1967 1955
f 1955 1967 1968
f 1955 1968 1956
f 1956 1968 1957
f 1956 1957 1945
f 1957 1969 1970
f 1957 1970 1958
f 1958 1970 1971
f 1958 1971 1959
f 1959 1971 1972
f 1959 1972 1960
f 1960 1972 1973
f 1960 1973 1961
f 1961 1973 1974
f 1961 1974 1962
f 1962 1974 1975
f 1962 1975 1963
f 1963 1975 1976
f 1963 1976 1964
f 1964 1976 1977
f 1964 1977 1965
f 1965 1977 1978
f 1965 1978 1966
f 1966 1978 1979
f 1966 1979 1967
f 1967 1979 1980
f 1967 1980 1968
f 1968 1980 1969
f 1968 1969 1957
f 1969 1981 1982
f 1969 1982 1970
f 1970 1982 1983
f 1970 1983 1971
f 1971 1983 1984
f 1971 1984 1972
f 1972 1984 1985
f 1972 1985 1973
f 1973 1985 1986
f 1973 1986 1974
f 1974 1986 1987
f 1974 1987 1975
f 1975 1987 1988
f 1975 1988 1976
f 1976 1988 1989
f 1976 1989 1977
f 1977 1989 1990
f 1977 1990 1978
f 1978 1990 1991
f 1978 1991 1979
f 1979 1991 1992
f 1979 1992 1980
f 1980 1992 1981
f 1980 1981 1969
f 1981 1993 1994
f 1981 1994 1982
f 1982 1994 1995
f 1982 1995 1983
f 1983 1995 1996
f 1983 1996 1984
f 1984 1996 1997
f 1984 1997 1985
f 1985 1997 1998
f 1985 1998 1986
f 1986 1998 1999
f 1986 1999 1987
f 1987 1999 2000
f 1987 2000 1988
f 1988 2000 2001
f 1988 2001 1989
f 1989 2001 2002
f 1989 2002 1990
f 1990 2002 2003
f 1990 2003 1991
f 1991 2003 2004
f 1991 2004 1992
f 1992 2004 1993
f 1992 1993 1981
f 1993 2005 2006
f 1993 2006 1994
f 1994 2006 2007
f 1994 2007 1995
f 1995 2007 2008
f 1995 2008 1996
f 1996 2008 2009
f 1996 2009 1997
f 1997 2009 2010
f 1997 2010 1998
f 1998 2010 2011
f 1998 2011 1999
f 1999 2011 2012
f 1999 2012 2000
f 2000 2012 2013
f 2000 2013 2001
f 2001 2013 2014
f 2001 2014 2002
f 2002 2014 2015
f 2002 2015 2003
f 2003 2015 2016
f 2003 2016 2004
f 2004 2016 2005
f 2004 2005 1993
f 2005 2017 2018
f 2005 2018 2006
f 2006 2018 2019
f 2006 2019 2007
f 2007 2019 2020
f 2007 2020 2008
f 2008 2020 2021
f 2008 2021 2009
f 2009 2021 2022
f 2009 2022 2010
f 2010 2022 2023
f 2010 2023 2011
f 2011 2023 2024
f 2011 2024 2012
f 2012 2024 2025
f 2012 2025 2013
f 2013 2025 2026
f 2013 2026 2014
f 2014 2026 2027
f 2014 2027 2015
f 2015 2027 2028
f 2015 2028 2016
f 2016 2028 2017
f 2016 2017 2005
f 2017 2029 2030
f 2017 2030 2018
f 2018 2030 2031
f 2018 2031 2019
f 2019 2031 2032
f 2019 2032 2020
f 2020 2032 2033
f 2020 2033 2021
f 2021 2033 2034
f 2021 2034 2022
f 2022 2034 2035
f 2022 2035 2023
f 2023 2035 2036
f 2023 2036 2024
f 2024 2036 2037
f 2024 2037 2025
f 2025 2037 2038
f 2025 2038 2026
f 2026 2038 2039
f 2026 2039 2027
f 2027 2039 2040
f 2027 2040 2028
f 2028 2040 2029
f 2028 2029 2017
f 2029 2041 2042
f 2029 2042 2030
f 2030 2042 2043
f 2030 2043 2031
f 2031 2043 2044
f 2031 2044 2032
f 2032 2044 2045
f 2032 2045 2033
f 2033 2045 2046
f 2033 2046 2034
f 2034 2046 2047
f 2034 2047 2035
f 2035 2047 2048
f 2035 2048 2036
f 2036 2048 2049
f 2036 2049 2037
f 2037 2049 2050
f 2037 2050 2038
f 2038 2050 2051
f 2038 2051 2039
f 2039 2051 2052
f 2039 2052 2040
f 2040 2052 2041
f 2040 2041 2029
f 2041 2053 2054
f 2041 2054 2042
f 2042 2054 2055
f 2042 2055 2043
f 2043 2055 2056
f 2043 2056 2044
f 2044 2056 2057
f 2044 2057 2045
f 2045 2057 2058
f 2045 2058 2046
f 2046 2058 2059
f 2046 2059 2047
f 2047 2059 2060
f 2047 2060 2048
f 2048 2060 2061
f 2048 2061 2049
f 2049 2061 2062
f 2049 2062 2050
f 2050 2062 2063
f 2050 2063 2051
f 2051 2063 2064
f 2051 2064 2052
f 2052 2064 2053
f 2052 2053 2041
f 2053 2065 2066
f 2053 2066 2054
f 2054 2066 2067
f 2054 2067 2055
f 2055 2067 2068
f 2055 2068 2056
f 2056 2068 2069
f 2056 2069 2057
f 2057 2069 2070
f 2057 2070 2058
f 2058 2070 2071
f 2058 2071 2059
f 2059 2071 2072
f 2059 2072 2060
f 2060 2072 2073
f 2060 2073 2061
f 2061 2073 2074
f 2061 2074 2062
f 2062 2074 2075
f 2062 2075 2063
f 2063 2075 2076
f 2063 2076 2064
f 2064 2076 2065
f 2064 2065 2053
f 2065 2077 2078
f 2065 2078 2066
f 2066 2078 2079
f 2066 2079 2067
f 2067 2079 2080
f 2067 2080 2068
f 2068 2080 2081
f 2068 2081 2069
f 2069 2081 2082
f 2069 2082 2070
f 2070 2082 2083
f 2070 2083 2071
f 2071 2083 2084
f 2071 2084 2072
f 2072 2084 2085
f 2072 2085 2073
f 2073 2085 2086
f 2073 2086 2074
f 2074 2086 2087
f 2074 2087 2075
f 2075 2087 2088
f 2075 2088 2076
f 2076 2088 2077
f 2076 2077 2065
f 2077 2089 2090
f 2077 2090 2078
f 2078 2090 2091
f 2078 2091 2079
f 2079 2091 2092
f 2079 2092 2080
f 2080 2092 2093
f 2080 2093 2081
f 2081 2093 2094
f 2081 2094 2082
f 2082 2094 2095
f 2082 2095 2083
f 2083 2095 2096
f 2083 2096 2084
f 2084 2096 2097
f 2084 2097 2085
f 2085 2097 2098
f 2085 2098 2086
f 2086 2098 2099
f 2086 2099 2087
f 2087 2099 2100
f 2087 2100 2088
f 2088 2100 2089
f 2088 2089 2077
f 2089 2101 2102
f 2089 2102 2090
f 2090 2102 2103
f 2090 2103 2091
f 2091 2103 2104
f 2091 2104 2092
f 2092 2104 2105
f 2092 2105 2093
f 2093 2105 2106
f 2093 2106 2094
f 2094 2106 2107
f 2094 2107 2095
f 2095 2107 2108
f 2095 2108 2096
f 2096 2108 2109
f 2096 2109 2097
f 2097 2109 2110
f 2097 2110 2098
f 2098 2110 2111
f 2098 2111 2099
f 2099 2111 2112
f 2099 2112 2100
f 2100 2112 2101
f 2100 2101 2089
f 2101 2113 2114
f 2101 2114 2102
f 2102 2114 2115
f 2102 2115 2103
f 2103 2115 2116
f 2103 2116 2104
f 2104 2116 2117
f 2104 2117 2105
f 2105 2117 2118
f 2105 2118 2106
f 2106 2118 2119
f 2106 2119 2107
f 2107 2119 2120
f 2107 2120 2108
f 2108 2120 2121
f 2108 2121 2109
f 2109 2121 2122
f 2109 2122 2110
f 2110 2122 2123
f 2110 2123 2111
f 2111 2123 2124
f 2111 2124 2112
f 2112 2124 2113
f 2112 2113 2101
f 2113 2125 2126
f 2113 2126 2114
f 2114 2126 2127
f 2114 2127 2115
f 2115 2127 2128
f 2115 2128 2116
f 2116 2128 2129
f 2116 2129 2117
f 2117 2129 2130
f 2117 2130 2118
f 2118 2130 2131
f 2118 2131 2119
f 2119 2131 2132
f 2119 2132 2120
f 2120 2132 2133
f 2120 2133 2121
f 2121 2133 2134
f 2121 2134 2122
f 2122 2134 2135
f 2122 2135 2123
f 2123 2135 2136
f 2123 2136 2124
f 2124 2136 2125
f 2124 2125 2113
f 2125 2137 2138
f 2125 2138 2126
f 2126 2138 2139
f 2126 2139 2127
f 2127 2139 2140
f 2127 2140 2128
f 2128 2140 2141
f 2128 2141 2129
f 2129 2141 2142
f 2129 2142 2130
f 2130 2142 2143
f 2130 2143 2131
f 2131 2143 2144
f 2131 2144 2132
f 2132 2144 2145
f 2132 2145 2133
f 2133 2145 2146
f 2133 2146 2134
f 2134 2146 2147
f 2134 2147 2135
f 2135 2147 2148
f 2135 2148 2136
f 2136 2148 2137
f 2136 2137 2125
f 2137 2149 2150
f 2137 2150 2138
f 2138 2150 2151
f 2138 2151 2139
f 2139 2151 2152
f 2139 2152 2140
f 2140 2152 2153
f 2140 2153 2141
f 2141 2153 2154
f 2141 2154 2142
f 2142 2154 2155
f 2142 2155 2143
f 2143 2155 2156
f 2143 2156 2144
f 2144 2156 2157
f 2144 2157 2145
f 2145 2157 2158
f 2145 2158 2146
f 2146 2158 2159
f 2146 2159 2147
f 2147 2159 2160
f 2147 2160 2148
f 2148 2160 2149
f 2148 2149 2137
f 2149 2161 2162
f 2149 2162 2150
f 2150 2162 2163
f 2150 2163 2151
f 2151 2163 2164
f 2151 2164 2152
f 2152 2164 2165
f 2152 2165 2153
f 2153 2165 2166
f 2153 2166 2154
f 2154 2166 2167
f 2154 2167 2155
f 2155 2167 2168
f 2155 2168 2156
f 2156 2168 2169
f 2156 2169 2157
f 2157 2169 2170
f 2157 2170 2158
f 2158 2170 2171
f 2158 2171 2159
f 2159 2171 2172
f 2159 2172 2160
f 2160 2172 2161
f 2160 2161 2149
f 2161 2173 2174
f 2161 2174 2162
f 2162 2174 2175
f 2162 2175 2163
f 2163 2175 2176
f 2163 2176 2164
f 2164 2176 2177
f 2164 2177 2165
f 2165 2177 2178
f 2165 2178 2166
f 2166 2178 2179
f 2166 2179 2167
f 2167 2179 2180
f 2167 2180 2168
f 2168 2180 2181
f 2168 2181 2169
f 2169 2181 2182
f 2169 2182 2170
f 2170 2182 2183
f 2170 2183 2171
f 2171 2183 2184
f 2171 2184 2172
f 2172 2184 2173
f 2172 2173 2161
f 2173 2185 2186
f 2173 2186 2174
f 2174 2186 2187
f 2174 2187 2175
f 2175 2187 2188
f 2175 2188 2176
f 2176 2188 2189
f 2176 2189 2177
f 2177 2189 2190
f 2177 2190 2178
f 2178 2190 2191
f 2178 2191 2179
f 2179 2191 2192
f 2179 2192 2180
f 2180 2192 2193
f 2180 2193 2181
f 2181 2193 2194
f 2181 2194 2182
f 2182 2194 2195
f 2182 2195 2183
f 2183 2195 2196
f 2183 2196 2184
f 2184 2196 2185
f 2184 2185 2173
f 2185 2197 2198
f 2185 2198 2186
f 2186 2198 2199
f 2186 2199 2187
f 2187 2199 2200
f 2187 2200 2188
f 2188 2200 2201
f 2188 2201 2189
f 2189 2201 2202
f 2189 2202 2190
f 2190 2202 2203
f 2190 2203 2191
f 2191 2203 2204
f 2191 2204 2192
f 2192 2204 2205
f 2192 2205 2193
f 2193 2205 2206
f 2193 2206 2194
f 2194 2206 2207
f 2194 2207 2195
f 2195 2207 2208
f 2195 2208 2196
f 2196 2208 2197
f 2196 2197 2185
f 2197 2209 2210
f 2197 2210 2198
f 2198 2210 2211
f 2198 2211 2199
f 2199 2211 2212
f 2199 2212 2200
f 2200 2212 2213
f 2200 2213 2201
f 2201 2213 2214
f 2201 2214 2202
f 2202 2214 2215
f 2202 2215 2203
f 2203 2215 2216
f 2203 2216 2204
f 2204 2216 2217
f 2204 2217 2205
f 2205 2217 2218
f 2205 2218 2206
f 2206 2218 2219
f 2206 2219 2207
f 2207 2219 2220
f 2207 2220 2208
f 2208 2220 2209
f 2208 2209 2197
f 2209 2221 2222
f 2209 2222 2210
f 2210 2222 2223
f 2210 2223 2211
f 2211 2223 2224
f 2211 2224 2212
f 2212 2224 2225
f 2212 2225 2213
f 2213 2225 2226
f 2213 2226 2214
f 2214 2226 2227
f 2214 2227 2215
f 2215 2227 2228
f 2215 2228 2216
f 2216 2228 2229
f 2216 2229 2217
f 2217 2229 2230
f 2217 2230 2218
f 2218 2230 2231
f 2218 2231 2219
f 2219 2231 2232
f 2219 2232 2220
f 2220 2232 2221
f 2220 2221 2209
f 2221 2233 2234
f 2221 2234 2222
f 2222 2234 2235
f 2222 2235 2223
f 2223 2235 2236
f 2223 2236 2224
f 2224 2236 2237
f 2224 2237 2225
f 2225 2237 2238
f 2225 2238 2226
f 2226 2238 2239
f 2226 2239 2227
f 2227 2239 2240
f 2227 2240 2228
f 2228 2240 2241
f 2228 2241 2229
f 2229 2241 2242
f 2229 2242 2230
f 2230 2242 2243
f 2230 2243 2231
f 2231 2243 2244
f 2231 2244 2232
f 2232 2244 2233
f 2232 2233 2221
f 2233 2245 2246
f 2233 2246 2234
f 2234 2246 2247
f 2234 2247 2235
f 2235 2247 2248
f 2235 2248 2236
f 2236 2248 2249
f 2236 2249 2237
f 2237 2249 2250
f 2237 2250 2238
f 2238 2250 2251
f 2238 2251 2239
f 2239 2251 2252
f 2239 2252 2240
f 2240 2252 2253
f 2240 2253 2241
f 2241 2253 2254
f 2241 2254 2242
f 2242 2254 2255
f 2242 2255 2243
f 2243 2255 2256
f 2243 2256 2244
f 2244 2256 2245
f 2244 2245 2233
f 2245 2257 2258
f 2245 2258 2246
f 2246 2258 2259
f 2246 2259 2247
f 2247 2259 2260
f 2247 2260 2248
f 2248 2260 2261
f 2248 2261 2249
f 2249 2261 2262
f 2249 2262 2250
f 2250 2262 2263
f 2250 2263 2251
f 2251 2263 2264
f 2251 2264 2252
f 2252 2264 2265
f 2252 2265 2253
f 2253 2265 2266
f 2253 2266 2254
f 2254 2266 2267
f 2254 2267 2255
f 2255 2267 2268
f 2255 2268 2256
f 2256 2268 2257
f 2256 2257 2245
f 2257 2269 2270
f 2257 2270 2258
f 2258 2270 2271
f 2258 2271 2259
f 2259 2271 2272
f 2259 2272 2260
f 2260 2272 2273
f 2260 2273 2261
f 2261 2273 2274
f 2261 2274 2262
f 2262 2274 2275
f 2262 2275 2263
f 2263 2275 2276
f 2263 2276 2264
f 2264 2276 2277
f 2264 2277 2265
f 2265 2277 2278
f 2265 2278 2266
f 2266 2278 2279
f 2266 2279 2267
f 2267 2279 2280
f 2267 2280 2268
f 2268 2280 2269
f 2268 2269 2257
f 2269 2281 2282
f 2269 2282 2270
f 2270 2282 2283
f 2270 2283 2271
f 2271 2283 2284
f 2271 2284 2272
f 2272 2284 2285
f 2272 2285 2273
f 2273 2285 2286
f 2273 2286 2274
f 2274 2286 2287
f 2274 2287 2275
f 2275 2287 2288
f 2275 2288 2276
f 2276 2288 2289
f 2276 2289 2277
f 2277 2289 2290
f 2277 2290 2278
f 2278 2290 2291
f 2278 2291 2279
f 2279 2291 2292
f 2279 2292 2280
f 2280 2292 2281
f 2280 2281 2269
f 2281 2293 2294
f 2281 2294 2282
f 2282 2294 2295
f 2282 2295 2283
f 2283 2295 2296
f 2283 2296 2284
f 2284 2296 2297
f 2284 2297 2285
f 2285 2297 2298
f 2285 2298 2286
f 2286 2298 2299
f 2286 2299 2287
f 2287 2299 2300
f 2287 2300 2288
f 2288 2300 2301
f 2288 2301 2289
f 2289 2301 2302
f 2289 2302 2290
f 2290 2302 2303
f 2290 2303 2291
f 2291 2303 2304
f 2291 2304 2292
f 2292 2304 2293
f 2292 2293 2281
f 2293 2305 2306
f 2293 2306 2294
f 2294 2306 2307
f 2294 2307 2295
f 2295 2307 2308
f 2295 2308 2296
f 2296 2308 2309
f 2296 2309 2297
f 2297 2309 2310
f 2297 2310 2298
f 2298 2310 2311
f 2298 2311 2299
f 2299 2311 2312
f 2299 2312 2300
f 2300 2312 2313
f 2300 2313 2301
f 2301 2313 2314
f 2301 2314 2302
f 2302 2314 2315
f 2302 2315 2303
f 2303 2315 2316
f 2303 2316 2304
f 2304 2316 2305
f 2304 2305 2293
f 2305 2317 2318
f 2305 2318 2306
f 2306 2318 2319
f 2306 2319 2307
f 2307 2319 2320
f 2307 2320 2308
f 2308 2320 2321
f 2308 2321 2309
f 2309 2321 2322
f 2309 2322 2310
f 2310 2322 2323
f 2310 2323 2311
f 2311 2323 2324
f 2311 2324 2312
f 2312 2324 2325
f 2312 2325 2313
f 2313 2325 2326
f 2313 2326 2314
f 2314 2326 2327
f 2314 2327 2315
f 2315 2327 2328
f 2315 2328 2316
f 2316 2328 2317
f 2316 2317 2305
f 2317 2329 2330
f 2317 2330 2318
f 2318 2330 2331
f 2318 2331 2319
f 2319 2331 2332
f 2319 2332 2320
f 2320 2332 2333
f 2320 2333 2321
f 2321 2333 2334
f 2321 2334 2322
f 2322 2334 2335
f 2322 2335 2323
f 2323 2335 2336
f 2323 2336 2324
f 2324 2336 2337
f 2324 2337 2325
f 2325 2337 2338
f 2325 2338 2326
f 2326 2338 2339
f 2326 2339 2327
f 2327 2339 2340
f 2327 2340 2328
f 2328 2340 2329
f 2328 2329 2317
f 2329 2341 2342
f 2329 2342 2330
f 2330 2342 2343
f 2330 2343 2331
f 2331 2343 2344
f 2331 2344 2332
f 2332 2344 2345
f 2332 2345 2333
f 2333 2345 2346
f 2333 2346 2334
f 2334 2346 2347
f 2334 2347 2335
f 2335 2347 2348
f 2335 2348 2336
f 2336 2348 2349
f 2336 2349 2337
f 2337 2349 2350
f 2337 2350 2338
f 2338 2350 2351
f 2338 2351 2339
f 2339 2351 2352
f 2339 2352 2340
f 2340 2352 2341
f 2340 2341 2329
f 2341 2353 2354
f 2341 2354 2342
f 2342 2354 2355
f 2342 2355 2343
f 2343 2355 2356
f 2343 2356 2344
f 2344 2356 2357
f 2344 2357 2345
f 2345 2357 2358
f 2345 2358 2346
f 2346 2358 2359
f 2346 2359 2347
f 2347 2359 2360
f 2347 2360 2348
f 2348 2360 2361
f 2348 2361 2349
f 2349 2361 2362
f 2349 2362 2350
f 2350 2362 2363
f 2350 2363 2351
f 2351 2363 2364
f 2351 2364 2352
f 2352 2364 2353
f 2352 2353 2341
f 2353 2365 2366
f 2353 2366 2354
f 2354 2366 2367
f 2354 2367 2355
f 2355 2367 2368
f 2355 2368 2356
f 2356 2368 2369
f 2356 2369 2357
f 2357 2369 2370
f 2357 2370 2358
f 2358 2370 2371
f 2358 2371 2359
f 2359 2371 2372
f 2359 2372 2360
f 2360 2372 2373
f 2360 2373 2361
f 2361 2373 2374
f 2361 2374 2362
f 2362 2374 2375
f 2362 2375 2363
f 2363 2375 2376
f 2363 2376 2364
f 2364 2376 2365
f 2364 2365 2353
f 2365 2377 2378
f 2365 2378 2366
f 2366 2378 2379
f 2366 2379 2367
f 2367 2379 2380
f 2367 2380 2368
f 2368 2380 2381
f 2368 2381 2369
f 2369 2381 2382
f 2369 2382 2370
f 2370 2382 2383
f 2370 2383 2371
f 2371 2383 2384
f 2371 2384 2372
f 2372 2384 2385
f 2372 2385 2373
f 2373 2385 2386
f 2373 2386 2374
f 2374 2386 2387
f 2374 2387 2375
f 2375 2387 2388
f 2375 2388 2376
f 2376 2388 2377
f 2376 2377 2365
f 2377 2389 2390
f 2377 2390 2378
f 2378 2390 2391
f 2378 2391 2379
f 2379 2391 2392
f 2379 2392 2380
f 2380 2392 2393
f 2380 2393 2381
f 2381 2393 2394
f 2381 2394 2382
f 2382 2394 2395
f 2382 2395 2383
f 2383 2395 2396
f 2383 2396 2384
f 2384 2396 2397
f 2384 2397 2385
f 2385 2397 2398
f 2385 2398 2386
f 2386 2398 2399
f 2386 2399 2387
f 2387 2399 2400
f 2387 2400 2388
f 2388 2400 2389
f 2388 2389 2377
f 2389 2401 2402
f 2389 2402 2390
f 2390 2402 2403
f 2390 2403 2391
f 2391 2403 2404
f 2391 2404 2392
f 2392 2404 2405
f 2392 2405 2393
f 2393 2405 2406
f 2393 2406 2394
f 2394 2406 2407
f 2394 2407 2395
f 2395 2407 2408
f 2395 2408 2396
f 2396 2408 2409
f 2396 2409 2397
f 2397 2409 2410
f 2397 2410 2398
f 2398 2410 2411
f 2398 2411 2399
f 2399 2411 2412
f 2399 2412 2400
f 2400 2412 2401
f 2400 2401 2389
f 2401 2413 2414
f 2401 2414 2402
f 2402 2414 2415
f 2402 2415 2403
f 2403 2415 2416
f 2403 2416 2404
f 2404 2416 2417
f 2404 2417 2405
f 2405 2417 2418
f 2405 2418 2406
f 2406 2418 2419
f 2406 2419 2407
f 2407 2419 2420
f 2407 2420 2408
f 2408 2420 2421
f 2408 2421 2409
f 2409 2421 2422
f 2409 2422 2410
f 2410 2422 2423
f 2410 2423 2411
f 2411 2423 2424
f 2411 2424 2412
f 2412 2424 2413
f 2412 2413 2401
f 2413 2425 2426
f 2413 2426 2414
f 2414 2426 2427
f 2414 2427 2415
f 2415 2427 2428
f 2415 2428 2416
f 2416 2428 2429
f 2416 2429 2417
f 2417 2429 2430
f 2417 2430 2418
f 2418 2430 2431
f 2418 2431 2419
f 2419 2431 2432
f 2419 2432 2420
f 2420 2432 2433
f 2420 2433 2421
f 2421 2433 2434
f 2421 2434 2422
f 2422 2434 2435
f 2422 2435 2423
f 2423 2435 2436
f 2423 2436 2424
f 2424 2436 2425
f 2424 2425 2413
f 2425 2437 2438
f 2425 2438 2426
f 2426 2438 2439
f 2426 2439 2427
f 2427 2439 2440
f 2427 2440 2428
f 2428 2440 2441
f 2428 2441 2429
f 2429 2441 2442
f 2429 2442 2430
f 2430 2442 2443
f 2430 2443 2431
f 2431 2443 2444
f 2431 2444 2432
f 2432 2444 2445
f 2432 2445 2433
f 2433 2445 2446
f 2433 2446 2434
f 2434 2446 2447
f 2434 2447 2435
f 2435 2447 2448
f 2435 2448 2436
f 2436 2448 2437
f 2436 2437 2425
f 2437 2449 2450
f 2437 2450 2438
f 2438 2450 2451
f 2438 2451 2439
f 2439 2451 2452
f 2439 2452 2440
f 2440 2452 2453
f 2440 2453 2441
f 2441 2453 2454
f 2441 2454 2442
f 2442 2454 2455
f 2442 2455 2443
f 2443 2455 2456
f 2443 2456 2444
f 2444 2456 2457
f 2444 2457 2445
f 2445 2457 2458
f 2445 2458 2446
f 2446 2458 2459
f 2446 2459 2447
f 2447 2459 2460
f 2447 2460 2448
f 2448 2460 2449
f 2448 2449 2437
f 2449 2461 2462
f 2449 2462 2450
f 2450 2462 2463
f 2450 2463 2451
f 2451 2463 2464
f 2451 2464 2452
f 2452 2464 2465
f 2452 2465 2453
f 2453 2465 2466
f 2453 2466 2454
f 2454 2466 2467
f 2454 2467 2455
f 2455 2467 2468
f 2455 2468 2456
f 2456 2468 2469
f 2456 2469 2457
f 2457 2469 2470
f 2457 2470 2458
f 2458 2470 2471
f 2458 2471 2459
f 2459 2471 2472
f 2459 2472 2460
f 2460 2472 2461
f 2460 2461 2449
f 2461 2473 2474
f 2461 2474 2462
f 2462 2474 2475
f 2462 2475 2463
f 2463 2475 2476
f 2463 2476 2464
f 2464 2476 2477
f 2464 2477 2465
f 2465 2477 2478
f 2465 2478 2466
f 2466 2478 2479
f 2466 2479 2467
f 2467 2479 2480
f 2467 2480 2468
f 2468 2480 2481
f 2468 2481 2469
f 2469 2481 2482
f 2469 2482 2470
f 2470 2482 2483
f 2470 2483 2471
f 2471 2483 2484
f 2471 2484 2472
f 2472 2484 2473
f 2472 2473 2461
f 2473 2485 2486
f 2473 2486 2474
f 2474 2486 2487
f 2474 2487 2475
f 2475 2487 2488
f 2475 2488 2476
f 2476 2488 2489
f 2476 2489 2477
f 2477 2489 2490
f 2477 2490 2478
f 2478 2490 2491
f 2478 2491 2479
f 2479 2491 2492
f 2479 2492 2480
f 2480 2492 2493
f 2480 2493 2481
f 2481 2493 2494
f 2481 2494 2482
f 2482 2494 2495
f 2482 2495 2483
f 2483 2495 2496
f 2483 2496 2484
f 2484 2496 2485
f 2484 2485 2473
f 2485 2497 2498
f 2485 2498 2486
f 2486 2498 2499
f 2486 2499 2487
f 2487 2499 2500
f 2487 2500 2488
f 2488 2500 2501
f 2488 2501 2489
f 2489 2501 2502
f 2489 2502 2490
f 2490 2502 2503
f 2490 2503 2491
f 2491 2503 2504
f 2491 2504 2492
f 2492 2504 2505
f 2492 2505 2493
f 2493 2505 2506
f 2493 2506 2494
f 2494 2506 2507
f 2494 2507 2495
f 2495 2507 2508
f 2495 2508 2496
f 2496 2508 2497
f 2496 2497 2485
f 2497 2509 2510
f 2497 2510 2498
f 2498 2510 2511
f 2498 2511 2499
f 2499 2511 2512
f 2499 2512 2500
f 2500 2512 2513
f 2500 2513 2501
f 2501 2513 2514
f 2501 2514 2502
f 2502 2514 2515
f 2502 2515 2503
f 2503 2515 2516
f 2503 2516 2504
f 2504 2516 2517
f 2504 2517 2505
f 2505 2517 2518
f 2505 2518 2506
f 2506 2518 2519
f 2506 2519 2507
f 2507 2519 2520
f 2507 2520 2508
f 2508 2520 2509
f 2508 2509 2497
f 2509 2521 2522
f 2509 2522 2510
f 2510 2522 2523
f 2510 2523 2511
f 2511 2523 2524
f 2511 2524 2512
f 2512 2524 2525
f 2512 2525 2513
f 2513 2525 2526
f 2513 2526 2514
f 2514 2526 2527
f 2514 2527 2515
f 2515 2527 2528
f 2515 2528 2516
f 2516 2528 2529
f 2516 2529 2517
f 2517 2529 2530
f 2517 2530 2518
f 2518 2530 2531
f 2518 2531 2519
f 2519 2531 2532
f 2519 2532 2520
f 2520 2532 2521
f 2520 2521 2509
f 2521 2533 2534
f 2521 2534 2522
f 2522 2534 2535
f 2522 2535 2523
f 2523 2535 2536
f 2523 2536 2524
f 2524 2536 2537
f 2524 2537 2525
f 2525 2537 2538
f 2525 2538 2526
f 2526 2538 2539
f 2526 2539 2527
f 2527 2539 2540
f 2527 2540 2528
f 2528 2540 2541
f 2528 2541 2529
f 2529 2541 2542
f 2529 2542 2530
f 2530 2542 2543
f 2530 2543 2531
f 2531 2543 2544
f 2531 2544 2532
f 2532 2544 2533
f 2532 2533 2521
f 2533 2545 2546
f 2533 2546 2534
f 2534 2546 2547
f 2534 2547 2535
f 2535 2547 2548
f 2535 2548 2536
f 2536 2548 2549
f 2536 2549 2537
f 2537 2549 2550
f 2537 2550 2538
f 2538 2550 2551
f 2538 2551 2539
f 2539 2551 2552
f 2539 2552 2540
f 2540 2552 2553
f 2540 2553 2541
f 2541 2553 2554
f 2541 2554 2542
f 2542 2554 2555
f 2542 2555 2543
f 2543 2555 2556
f 2543 2556 2544
f 2544 2556 2545
f 2544 2545 2533
f 2545 2557 2558
f 2545 2558 2546
f 2546 2558 2559
f 2546 2559 2547
f 2547 2559 2560
f 2547 2560 2548
f 2548 2560 2561
f 2548 2561 2549
f 2549 2561 2562
f 2549 2562 2550
f 2550 2562 2563
f 2550 2563 2551
f 2551 2563 2564
f 2551 2564 2552
f 2552 2564 2565
f 2552 2565 2553
f 2553 2565 2566
f 2553 2566 2554
f 2554 2566 2567
f 2554 2567 2555
f 2555 2567 2568
f 2555 2568 2556
f 2556 2568 2557
f 2556 2557 2545
f 2557 2569 2570
f 2557 2570 2558
f 2558 2570 2571
f 2558 2571 2559
f 2559 2571 2572
f 2559 2572 2560
f 2560 2572 2573
f 2560 2573 2561
f 2561 2573 2574
f 2561 2574 2562
f 2562 2574 2575
f 2562 2575 2563
f 2563 2575 2576
f 2563 2576 2564
f 2564 2576 2577
f 2564 2577 2565
f 2565 2577 2578
f 2565 2578 2566
f 2566 2578 2579
f 2566 2579 2567
f 2567 2579 2580
f 2567 2580 2568
f 2568 2580 2569
f 2568 2569 2557
f 2569 2581 2582
f 2569 2582 2570
f 2570 2582 2583
f 2570 2583 2571
f 2571 2583 2584
f 2571 2584 2572
f 2572 2584 2585
f 2572 2585 2573
f 2573 2585 2586
f 2573 2586 2574
f 2574 2586 2587
f 2574 2587 2575
f 2575 2587 2588
f 2575 2588 2576
f 2576 2588 2589
f 2576 2589 2577
f 2577 2589 2590
f 2577 2590 2578
f 2578 2590 2591
f 2578 2591 2579
f 2579 2591 2592
f 2579 2592 2580
f 2580 2592 2581
f 2580 2581 2569
f 2581 2593 2594
f 2581 2594 2582
f 2582 2594 2595
f 2582 2595 2583
f 2583 2595 2596
f 2583 2596 2584
f 2584 2596 2597
f 2584 2597 2585
f 2585 2597 2598
f 2585 2598 2586
f 2586 2598 2599
f 2586 2599 2587
f 2587 2599 2600
f 2587 2600 2588
f 2588 2600 2601
f 2588 2601 2589
f 2589 2601 2602
f 2589 2602 2590
f 2590 2602 2603
f 2590 2603 2591
f 2591 2603 2604
f 2591 2604 2592
f 2592 2604 2593
f 2592 2593 2581
f 2593 2605 2606
f 2593 2606 2594
f 2594 2606 2607
f 2594 2607 2595
f 2595 2607 2608
f 2595 2608 2596
f 2596 2608 2609
f 2596 2609 2597
f 2597 2609 2610
f 2597 2610 2598
f 2598 2610 2611
f 2598 2611 2599
f 2599 2611 2612
f 2599 2612 2600
f 2600 2612 2613
f 2600 2613 2601
f 2601 2613 2614
f 2601 2614 2602
f 2602 2614 2615
f 2602 2615 2603
f 2603 2615 2616
f 2603 2616 2604
f 2604 2616 2605
f 2604 2605 2593
f 2605 2617 2618
f 2605 2618 2606
f 2606 2618 2619
f 2606 2619 2607
f 2607 2619 2620
f 2607 2620 2608
f 2608 2620 2621
f 2608 2621 2609
f 2609 2621 2622
f 2609 2622 2610
f 2610 2622 2623
f 2610 2623 2611
f 2611 2623 2624
f 2611 2624 2612
f 2612 2624 2625
f 2612 2625 2613
f 2613 2625 2626
f 2613 2626 2614
f 2614 2626 2627
f 2614 2627 2615
f 2615 2627 2628
f 2615 2628 2616
f 2616 2628 2617
f 2616 2617 2605
f 2617 2629 2630
f 2617 2630 2618
f 2618 2630 2631
f 2618 2631 2619
f 2619 2631 2632
f 2619 2632 2620
f 2620 2632 2633
f 2620 2633 2621
f 2621 2633 2634
f 2621 2634 2622
f 2622 2634 2635
f 2622 2635 2623
f 2623 2635 2636
f 2623 2636 2624
f 2624 2636 2637
f 2624 2637 2625
f 2625 2637 2638
f 2625 2638 2626
f 2626 2638 2639
f 2626 2639 2627
f 2627 2639 2640
f 2627 2640 2628
f 2628 2640 2629
f 2628 2629 2617
f 2629 2641 2642
f 2629 2642 2630
f 2630 2642 2643
f 2630 2643 2631
f 2631 2643 2644
f 2631 2644 2632
f 2632 2644 2645
f 2632 2645 2633
f 2633 2645 2646
f 2633 2646 2634
f 2634 2646 2647
f 2634 2647 2635
f 2635 2647 2648
f 2635 2648 2636
f 2636 2648 2649
f 2636 2649 2637
f 2637 2649 2650
f 2637 2650 2638
f 2638 2650 2651
f 2638 2651 2639
f 2639 2651 2652
f 2639 2652 2640
f 2640 2652 2641
f 2640 2641 2629
f 2641 2653 2654
f 2641 2654 2642
f 2642 2654 2655
f 2642 2655 2643
f 2643 2655 2656
f 2643 2656 2644
f 2644 2656 2657
f 2644 2657 2645
f 2645 2657 2658
f 2645 2658 2646
f 2646 2658 2659
f 2646 2659 2647
f 2647 2659 2660
f 2647 2660 2648
f 2648 2660 2661
f 2648 2661 2649
f 2649 2661 2662
f 2649 2662 2650
f 2650 2662 2663
f 2650 2663 2651
f 2651 2663 2664
f 2651 2664 2652
f 2652 2664 2653
f 2652 2653 2641
f 2653 2665 2666
f 2653 2666 2654
f 2654 2666 2667
f 2654 2667 2655
f 2655 2667 2668
f 2655 2668 2656
f 2656 2668 2669
f 2656 2669 2657
f 2657 2669 2670
f 2657 2670 2658
f 2658 2670 2671
f 2658 2671 2659
f 2659 2671 2672
f 2659 2672 2660
f 2660 2672 2673
f 2660 2673 2661
f 2661 2673 2674
f 2661 2674 2662
f 2662 2674 2675
f 2662 2675 2663
f 2663 2675 2676
f 2663 2676 2664
f 2664 2676 2665
f 2664 2665 2653
f 2665 2677 2678
f 2665 2678 2666
f 2666 2678 2679
f 2666 2679 2667
f 2667 2679 2680
f 2667 2680 2668
f 2668 2680 2681
f 2668 2681 2669
f 2669 2681 2682
f 2669 2682 2670
f 2670 2682 2683
f 2670 2683 2671
f 2671 2683 2684
f 2671 2684 2672
f 2672 2684 2685
f 2672 2685 2673
f 2673 2685 2686
f 2673 2686 2674
f 2674 2686 2687
f 2674 2687 2675
f 2675 2687 2688
f 2675 2688 2676
f 2676 2688 2677
f 2676 2677 2665
f 2677 2689 2690
f 2677 2690 2678
f 2678 2690 2691
f 2678 2691 2679
f 2679 2691 2692
f 2679 2692 2680
f 2680 2692 2693
f 2680 2693 2681
f 2681 2693 2694
f 2681 2694 2682
f 2682 2694 2695
f 2682 2695 2683
f 2683 2695 2696
f 2683 2696 2684
f 2684 2696 2697
f 2684 2697 2685
f 2685 2697 2698
f 2685 2698 2686
f 2686 2698 2699
f 2686 2699 2687
f 2687 2699 2700
f 2687 2700 2688
f 2688 2700 2689
f 2688 2689 2677
f 2689 2701 2702
f 2689 2702 2690
f 2690 2702 2703
f 2690 2703 2691
f 2691 2703 2704
f 2691 2704 2692
f 2692 2704 2705
f 2692 2705 2693
f 2693 2705 2706
f 2693 2706 2694
f 2694 2706 2707
f 2694 2707 2695
f 2695 2707 2708
f 2695 2708 2696
f 2696 2708 2709
f 2696 2709 2697
f 2697 2709 2710
f 2697 2710 2698
f 2698 2710 2711
f 2698 2711 2699
f 2699 2711 2712
f 2699 2712 2700
f 2700 2712 2701
f 2700 2701 2689
f 2701 2713 2714
f 2701 2714 2702
f 2702 2714 2715
f 2702 2715 2703
f 2703 2715 2716
f 2703 2716 2704
f 2704 2716 2717
f 2704 2717 2705
f 2705 2717 2718
f 2705 2718 2706
f 2706 2718 2719
f 2706 2719 2707
f 2707 2719 2720
f 2707 2720 2708
f 2708 2720 2721
f 2708 2721 2709
f 2709 2721 2722
f 2709 2722 2710
f 2710 2722 2723
f 2710 2723 2711
f 2711 2723 2724
f 2711 2724 2712
f 2712 2724 2713
f 2712 2713 2701
f 2713 2725 2726
f 2713 2726 2714
f 2714 2726 2727
f 2714 2727 2715
f 2715 2727 2728
f 2715 2728 2716
f 2716 2728 2729
f 2716 2729 2717
f 2717 2729 2730
f 2717 2730 2718
f 2718 2730 2731
f 2718 2731 2719
f 2719 2731 2732
f 2719 2732 2720
f 2720 2732 2733
f 2720 2733 2721
f 2721 2733 2734
f 2721 2734 2722
f 2722 2734 2735
f 2722 2735 2723
f 2723 2735 2736
f 2723 2736 2724
f 2724 2736 2725
f 2724 2725 2713
f 2725 2737 2738
f 2725 2738 2726
f 2726 2738 2739
f 2726 2739 2727
f 2727 2739 2740
f 2727 2740 2728
f 2728 2740 2741
f 2728 2741 2729
f 2729 2741 2742
f 2729 2742 2730
f 2730 2742 2743
f 2730 2743 2731
f 2731 2743 2744
f 2731 2744 2732
f 2732 2744 2745
f 2732 2745 2733
f 2733 2745 2746
f 2733 2746 2734
f 2734 2746 2747
f 2734 2747 2735
f 2735 2747 2748
f 2735 2748 2736
f 2736 2748 2737
f 2736 2737 2725
f 2737 2749 2750
f 2737 2750 2738
f 2738 2750 2751
f 2738 2751 2739
f 2739 2751 2752
f 2739 2752 2740
f 2740 2752 2753
f 2740 2753 2741
f 2741 2753 2754
f 2741 2754 2742
f 2742 2754 2755
f 2742 2755 2743
f 2743 2755 2756
f 2743 2756 2744
f 2744 2756 2757
f 2744 2757 2745
f 2745 2757 2758
f 2745 2758 2746
f 2746 2758 2759
f 2746 2759 2747
f 2747 2759 2760
f 2747 2760 2748
f 2748 2760 2749
f 2748 2749 2737
f 2749 2761 2762
f 2749 2762 2750
f 2750 2762 2763
f 2750 2763 2751
f 2751 2763 2764
f 2751 2764 2752
f 2752 2764 2765
f 2752 2765 2753
f 2753 2765 2766
f 2753 2766 2754
f 2754 2766 2767
f 2754 2767 2755
f 2755 2767 2768
f 2755 2768 2756
f 2756 2768 2769
f 2756 2769 2757
f 2757 2769 2770
f 2757 2770 2758
f 2758 2770 2771
f 2758 2771 2759
f 2759 2771 2772
f 2759 2772 2760
f 2760 2772 2761
f 2760 2761 2749
f 2761 2773 2774
f 2761 2774 2762
f 2762 2774 2775
f 2762 2775 2763
f 2763 2775 2776
f 2763 2776 2764
f 2764 2776 2777
f 2764 2777 2765
f 2765 2777 2778
f 2765 2778 2766
f 2766 2778 2779
f 2766 2779 2767
f 2767 2779 2780
f 2767 2780 2768
f 2768 2780 2781
f 2768 2781 2769
f 2769 2781 2782
f 2769 2782 2770
f 2770 2782 2783
f 2770 2783 2771
f 2771 2783 2784
f 2771 2784 2772
f 2772 2784 2773
f 2772 2773 2761
f 2773 2785 2786
f 2773 2786 2774
f 2774 2786 2787
f 2774 2787 2775
f 2775 2787 2788
f 2775 2788 2776
f 2776 2788 2789
f 2776 2789 2777
f 2777 2789 2790
f 2777 2790 2778
f 2778 2790 2791
f 2778 2791 2779
f 2779 2791 2792
f 2779 2792 2780
f 2780 2792 2793
f 2780 2793 2781
f 2781 2793 2794
f 2781 2794 2782
f 2782 2794 2795
f 2782 2795 2783
f 2783 2795 2796
f 2783 2796 2784
f 2784 2796 2785
f 2784 2785 2773
f 2785 2797 2798
f 2785 2798 2786
f 2786 2798 2799
f 2786 2799 2787
f 2787 2799 2800
f 2787 2800 2788
f 2788 2800 2801
f 2788 2801 2789
f 2789 2801 2802
f 2789 2802 2790
f 2790 2802 2803
f 2790 2803 2791
f 2791 2803 2804
f 2791 2804 2792
f 2792 2804 2805
f 2792 2805 2793
f 2793 2805 2806
f 2793 2806 2794
f 2794 2806 2807
f 2794 2807 2795
f 2795 2807 2808
f 2795 2808 2796
f 2796 2808 2797
f 2796 2797 2785
f 2797 2809 2810
f 2797 2810 2798
f 2798 2810 2811
f 2798 2811 2799
f 2799 2811 2812
f 2799 2812 2800
f 2800 2812 2813
f 2800 2813 2801
f 2801 2813 2814
f 2801 2814 2802
f 2802 2814 2815
f 2802 2815 2803
f 2803 2815 2816
f 2803 2816 2804
f 2804 2816 2817
f 2804 2817 2805
f 2805 2817 2818
f 2805 2818 2806
f 2806 2818 2819
f 2806 2819 2807
f 2807 2819 2820
f 2807 2820 2808
f 2808 2820 2809
f 2808 2809 2797
f 2809 2821 2822
f 2809 2822 2810
f 2810 2822 2823
f 2810 2823 2811
f 2811 2823 2824
f 2811 2824 2812
f 2812 2824 2825
f 2812 2825 2813
f 2813 2825 2826
f 2813 2826 2814
f 2814 2826 2827
f 2814 2827 2815
f 2815 2827 2828
f 2815 2828 2816
f 2816 2828 2829
f 2816 2829 2817
f 2817 2829 2830
f 2817 2830 2818
f 2818 2830 2831
f 2818 2831 2819
f 2819 2831 2832
f 2819 2832 2820
f 2820 2832 2821
f 2820 2821 2809
f 2821 2833 2834
f 2821 2834 2822
f 2822 2834 2835
f 2822 2835 2823
f 2823 2835 2836
f 2823 2836 2824
f 2824 2836 2837
f 2824 2837 2825
f 2825 2837 2838
f 2825 2838 2826
f 2826 2838 2839
f 2826 2839 2827
f 2827 2839 2840
f 2827 2840 2828
f 2828 2840 2841
f 2828 2841 2829
f 2829 2841 2842
f 2829 2842 2830
f 2830 2842 2843
f 2830 2843 2831
f 2831 2843 2844
f 2831 2844 2832
f 2832 2844 2833
f 2832 2833 2821
f 2833 2845 2846
f 2833 2846 2834
f 2834 2846 2847
f 2834 2847 2835
f 2835 2847 2848
f 2835 2848 2836
f 2836 2848 2849
f 2836 2849 2837
f 2837 2849 2850
f 2837 2850 2838
f 2838 2850 2851
f 2838 2851 2839
f 2839 2851 2852
f 2839 2852 2840
f 2840 2852 2853
f 2840 2853 2841
f 2841 2853 2854
f 2841 2854 2842
f 2842 2854 2855
f 2842 2855 2843
f 2843 2855 2856
f 2843 2856 2844
f 2844 2856 2845
f 2844 2845 2833
f 2845 2857 2858
f 2845 2858 2846
f 2846 2858 2859
f 2846 2859 2847
f 2847 2859 2860
f 2847 2860 2848
f 2848 2860 2861
f 2848 2861 2849
f 2849 2861 2862
f 2849 2862 2850
f 2850 2862 2863
f 2850 2863 2851
f 2851 2863 2864
f 2851 2864 2852
f 2852 2864 2865
f 2852 2865 2853
f 2853 2865 2866
f 2853 2866 2854
f 2854 2866 2867
f 2854 2867 2855
f 2855 2867 2868
f 2855 2868 2856
f 2856 2868 2857
f 2856 2857 2845
f 2857 2869 2870
f 2857 2870 2858
f 2858 2870 2871
f 2858 2871 2859
f 2859 2871 2872
f 2859 2872 2860
f 2860 2872 2873
f 2860 2873 2861
f 2861 2873 2874
f 2861 2874 2862
f 2862 2874 2875
f 2862 2875 2863
f 2863 2875 2876
f 2863 2876 2864
f 2864 2876 2877
f 2864 2877 2865
f 2865 2877 2878
f 2865 2878 2866
f 2866 2878 2879
f 2866 2879 2867
f 2867 2879 2880
f 2867 2880 2868
f 2868 2880 2869
f 2868 2869 2857
f 2869 2881 2882
f 2869 2882 2870
f 2870 2882 2883
f 2870 2883 2871
f 2871 2883 2884
f 2871 2884 2872
f 2872 2884 2885
f 2872 2885 2873
f 2873 2885 2886
f 2873 2886 2874
f 2874 2886 2887
f 2874 2887 2875
f 2875 2887 2888
f 2875 2888 2876
f 2876 2888 2889
f 2876 2889 2877
f 2877 2889 2890
f 2877 2890 2878
f 2878 2890 2891
f 2878 2891 2879
f 2879 2891 2892
f 2879 2892 2880
f 2880 2892 2881
f 2880 2881 2869
f 2881 2893 2894
f 2881 2894 2882
f 2882 2894 2895
f 2882 2895 2883
f 2883 2895 2896
f 2883 2896 2884
f 2884 2896 2897
f 2884 2897 2885
f 2885 2897 2898
f 2885 2898 2886
f 2886 2898 2899
f 2886 2899 2887
f 2887 2899 2900
f 2887 2900 2888
f 2888 2900 2901
f 2888 2901 2889
f 2889 2901 2902
f 2889 2902 2890
f 2890 2902 2903
f 2890 2903 2891
f 2891 2903 2904
f 2891 2904 2892
f 2892 2904 2893
f 2892 2893 2881
f 2893 2905 2906
f 2893 2906 2894
f 2894 2906 2907
f 2894 2907 2895
f 2895 2907 2908
f 2895 2908 2896
f 2896 2908 2909
f 2896 2909 2897
f 2897 2909 2910
f 2897 2910 2898
f 2898 2910 2911
f 2898 2911 2899
f 2899 2911 2912
f 2899 2912 2900
f 2900 2912 2913
f 2900 2913 2901
f 2901 2913 2914
f 2901 2914 2902
f 2902 2914 2915
f 2902 2915 2903
f 2903 2915 2916
f 2903 2916 2904
f 2904 2916 2905
f 2904 2905 2893
f 2905 2917 2918
f 2905 2918 2906
f 2906 2918 2919
f 2906 2919 2907
f 2907 2919 2920
f 2907 2920 2908
f 2908 2920 2921
f 2908 2921 2909
f 2909 2921 2922
f 2909 2922 2910
f 2910 2922 2923
f 2910 2923 2911
f 2911 2923 2924
f 2911 2924 2912
f 2912 2924 2925
f 2912 2925 2913
f 2913 2925 2926
f 2913 2926 2914
f 2914 2926 2927
f 2914 2927 2915
f 2915 2927 2928
f 2915 2928 2916
f 2916 2928 2917
f 2916 2917 2905
f 2917 2929 2930
f 2917 2930 2918
f 2918 2930 2931
f 2918 2931 2919
f 2919 2931 2932
f 2919 2932 2920
f 2920 2932 2933
f 2920 2933 2921
f 2921 2933 2934
f 2921 2934 2922
f 2922 2934 2935
f 2922 2935 2923
f 2923 2935 2936
f 2923 2936 2924
f 2924 2936 2937
f 2924 2937 2925
f 2925 2937 2938
f 2925 2938 2926
f 2926 2938 2939
f 2926 2939 2927
f 2927 2939 2940
f 2927 2940 2928
f 2928 2940 2929
f 2928 2929 2917
f 2929 2941 2942
f 2929 2942 2930
f 2930 2942 2943
f 2930 2943 2931
f 2931 2943 2944
f 2931 2944 2932
f 2932 2944 2945
f 2932 2945 2933
f 2933 2945 2946
f 2933 2946 2934
f 2934 2946 2947
f 2934 2947 2935
f 2935 2947 2948
f 2935 2948 2936
f 2936 2948 2949
f 2936 2949 2937
f 2937 2949 2950
f 2937 2950 2938
f 2938 2950 2951
f 2938 2951 2939
f 2939 2951 2952
f 2939 2952 2940
f 2940 2952 2941
f 2940 2941 2929
f 2941 2953 2954
f 2941 2954 2942
f 2942 2954 2955
f 2942 2955 2943
f 2943 2955 2956
f 2943 2956 2944
f 2944 2956 2957
f 2944 2957 2945
f 2945 2957 2958
f 2945 2958 2946
f 2946 2958 2959
f 2946 2959 2947
f 2947 2959 2960
f 2947 2960 2948
f 2948 2960 2961
f 2948 2961 2949
f 2949 2961 2962
f 2949 2962 2950
f 2950 2962 2963
f 2950 2963 2951
f 2951 2963 2964
f 2951 2964 2952
f 2952 2964 2953
f 2952 2953 2941
f 2953 2965 2966
f 2953 2966 2954
f 2954 2966 2967
f 2954 2967 2955
f 2955 2967 2968
f 2955 2968 2956
f 2956 2968 2969
f 2956 2969 2957
f 2957 2969 2970
f 2957 2970 2958
f 2958 2970 2971
f 2958 2971 2959
f 2959 2971 2972
f 2959 2972 2960
f 2960 2972 2973
f 2960 2973 2961
f 2961 2973 2974
f 2961 2974 2962
f 2962 2974 2975
f 2962 2975 2963
f 2963 2975 2976
f 2963 2976 2964
f 2964 2976 2965
f 2964 2965 2953
f 2965 2977 2978
f 2965 2978 2966
f 2966 2978 2979
f 2966 2979 2967
f 2967 2979 2980
f 2967 2980 2968
f 2968 2980 2981
f 2968 2981 2969
f 2969 2981 2982
f 2969 2982 2970
f 2970 2982 2983
f 2970 2983 2971
f 2971 2983 2984
f 2971 2984 2972
f 2972 2984 2985
f 2972 2985 2973
f 2973 2985 2986
f 2973 2986 2974
f 2974 2986 2987
f 2974 2987 2975
f 2975 2987 2988
f 2975 2988 2976
f 2976 2988 2977
f 2976 2977 2965
f 2977 2989 2990
f 2977 2990 2978
f 2978 2990 2991
f 2978 2991 2979
f 2979 2991 2992
f 2979 2992 2980
f 2980 2992 2993
f 2980 2993 2981
f 2981 2993 2994
f 2981 2994 2982
f 2982 2994 2995
f 2982 2995 2983
f 2983 2995 2996
f 2983 2996 2984
f 2984 2996 2997
f 2984 2997 2985
f 2985 2997 2998
f 2985 2998 2986
f 2986 2998 2999
f 2986 2999 2987
f 2987 2999 3000
f 2987 3000 2988
f 2988 3000 2989
f 2988 2989 2977
f 2989 1849 1850
f 2989 1850 2990
f 2990 1850 1851
f 2990 1851 2991
f 2991 1851 1852
f 2991 1852 2992
f 2992 1852 1853
f 2992 1853 2993
f 2993 1853 1854
f 2993 1854 2994
f 2994 1854 1855
f 2994 1855 2995
f 2995 1855 1856
f 2995 1856 2996
f 2996 1856 1857
f 2996 1857 2997
f 2997 1857 1858
f 2997 1858 2998
f 2998 1858 1859
f 2998 1859 2999
f 2999 1859 1860
f 2999 1860 3000
f 3000 1860 1849
f 3000 1849 2989
v 0.6000000 -0.1700000 0.7120000
v 0.6000000 -0.3300000 0.7120000
v 0.6030615 -0.1700000 0.7113910
v 0.6030615 -0.3300000 0.7113910
v 0.6056569 -0.1700000 0.7096568
v 0.6056569 -0.3300000 0.7096568
v 0.6073911 -0.1700000 0.7070615
v 0.6073911 -0.3300000 0.7070615
v 0.6080000 -0.1700000 0.7040000
v 0.6080000 -0.3300000 0.7040000
v 0.6073911 -0.1700000 0.7009385
v 0.6073911 -0.3300000 0.7009385
v 0.6056569 -0.1700000 0.6983432
v 0.6056569 -0.3300000 0.6983432
v 0.6030615 -0.1700000 0.6966090
v 0.6030615 -0.3300000 0.6966090
v 0.6000000 -0.1700000 0.6960000
v 0.6000000 -0.3300000 0.6960000
v 0.5969386 -0.1700000 0.6966090
v 0.5969386 -0.3300000 0.6966090
v 0.5943432 -0.1700000 0.6983432
v 0.5943432 -0.3300000 0.6983432
v 0.5926090 -0.1700000 0.7009385
v 0.5926090 -0.3300000 0.7009385
v 0.5920000 -0.1700000 0.7040000
v 0.5920000 -0.3300000 0.7040000
v 0.5926090 -0.1700000 0.7070615
v 0.5926090 -0.3300000 0.7070615
v 0.5943432 -0.1700000 0.7096568
v 0.5943432 -0.3300000 0.7096568
v 0.5969386 -0.1700000 0.7113910
v 0.5969386 -0.3300000 0.7113910
f 3001 3002 3004
f 3001 3004 3003
f 3003 3004 3006
f 3003 3006 3005
f 3005 3006 3008
f 3005 3008 3007
f 3007 3008 3010
f 3007 3010 3009
f 3009 3010 3012
f 3009 3012 3011
f 3011 3012 3014
f 3011 3014 3013
f 3013 3014 3016
f 3013 3016 3015
f 3015 3016 3018
f 3015 3018 3017
f 3017 3018 3020
f 3017 3020 3019
f 3019 3020 3022
f 3019 3022 3021
f 3021 3022 3024
f 3021 3024 3023
f 3023 3024 3026
f 3023 3026 3025
f 3025 3026 3028
f 3025 3028 3027
f 3027 3028 3030
f 3027 3030 3029
f 3006 3004 3002
f 3002 3032 3030
f 3030 3028 3026
f 3026 3024 3022
f 3022 3020 3018
f 3018 3016 3014
f 3014 3012 3010
f 3010 3008 3006
f 3006 3002 3030
f 3030 3026 3022
f 3022 3018 3014
f 3014 3010 3006
f 3006 3030 3022
f 3022 3014 3006
f 3029 3030 3032
f 3029 3032 3031
f 3031 3032 3002
f 3031 3002 3001
f 3031 3001 3003
f 3003 3005 3007
f 3007 3009 3011
f 3011 3013 3015
f 3015 3017 3019
f 3019 3021 3023
f 3023 3025 3027
f 3027 3029 3031
f 3031 3003 3007
f 3007 3011 3015
f 3015 3019 3023
f 3023 3027 3031
f 3031 3007 3015
f 3015 3023 3031
v 0.6000000 -0.6080000 0.6600000
v 0.6000000 -0.5920001 0.6600000
v 0.5617317 -0.6080000 0.6523880
v 0.5617317 -0.5920001 0.6523880
v 0.5292893 -0.6080000 0.6307107
v 0.5292893 -0.5920001 0.6307107
v 0.5076120 -0.6080000 0.5982684
v 0.5076120 -0.5920001 0.5982683
v 0.5000000 -0.6080000 0.5600000
v 0.5000000 -0.5920000 0.5600000
v 0.5076120 -0.6080000 0.5217317
v 0.5076120 -0.5920000 0.5217317
v 0.5292893 -0.6080000 0.4892893
v 0.5292893 -0.5920000 0.4892893
v 0.5617316 -0.6080000 0.4676121
v 0.5617316 -0.5920000 0.4676121
v 0.6000000 -0.6080000 0.4600000
v 0.6000000 -0.5920000 0.4600000
v 0.6382684 -0.6080000 0.4676120
v 0.6382684 -0.5920000 0.4676120
v 0.6707107 -0.6080000 0.4892893
v 0.6707107 -0.5920000 0.4892893
v 0.6923880 -0.6080000 0.5217317
v 0.6923880 -0.5920000 0.5217316
v 0.7000000 -0.6080000 0.5600000
v 0.7000000 -0.5920000 0.5600000
v 0.6923880 -0.6080000 0.5982683
v 0.6923880 -0.5920001 0.5982683
v 0.6707107 -0.6080000 0.6307107
v 0.6707107 -0.5920001 0.6307107
v 0.6382684 -0.6080000 0.6523880
v 0.6382684 -0.5920001 0.6523880
f 3033 3034 3036
f 3033 3036 3035
f 3035 3036 3038
f 3035 3038 3037
f 3037 3038 3040
f 3037 3040 3039
f 3039 3040 3042
f 3039 3042 3041
f 3041 3042 3044
f 3041 3044 3043
f 3043 3044 3046
f 3043 3046 3045
f 3045 3046 3048
f 3045 3048 3047
f 3047 3048 3050
f 3047 3050 3049
f 3049 3050 3052
f 3049 3052 3051
f 3051 3052 3054
f 3051 3054 3053
f 3053 3054 3056
f 3053 3056 3055
f 3055 3056 3058
f 3055 3058 3057
f 3057 3058 3060
f 3057 3060 3059
f 3059 3060 3062
f 3059 3062 3061
f 3038 3036 3034
f 3034 3064 3062
f 3062 3060 3058
f 3058 3056 3054
f 3054 3052 3050
f 3050 3048 3046
f 3046 3044 3042
f 3042 3040 3038
f 3038 3034 3062
f 3062 3058 3054
f 3054 3050 3046
f 3046 3042 3038
f 3038 3062 3054
f 3054 3046 3038
f 3061 3062 3064
f 3061 3064 3063
f 3063 3064 3034
f 3063 3034 3033
f 3063 3033 3035
f 3035 3037 3039
f 3039 3041 3043
f 3043 3045 3047
f 3047 3049 3051
f 3051 3053 3055
f 3055 3057 3059
f 3059 3061 3063
f 3063 3035 3039
f 3039 3043 3047
f 3047 3051 3055
f 3055 3059 3063
f 3063 3039 3047
f 3047 3055 3063
v 0.6000000 0.5920000 0.6600000
v 0.6000000 0.6080000 0.6600000
v 0.5617317 0.5920000 0.6523880
v 0.5617317 0.6080000 0.6523880
v 0.5292893 0.5920000 0.6307107
v 0.5292893 0.6080000 0.6307107
v 0.5076120 0.5920000 0.5982684
v 0.5076120 0.6080000 0.5982683
v 0.5000000 0.5920000 0.5600000
v 0.5000000 0.6080000 0.5600000
v 0.5076120 0.5920001 0.5217317
v 0.5076120 0.6080000 0.5217317
v 0.5292893 0.5920001 0.4892893
v 0.5292893 0.6080000 0.4892893
v 0.5617316 0.5920001 0.4676121
v 0.5617316 0.6080000 0.4676121
v 0.6000000 0.5920001 0.4600000
v 0.6000000 0.6080000 0.4600000
v 0.6382684 0.5920001 0.4676120
v 0.6382684 0.6080000 0.4676120
v 0.6707107 0.5920001 0.4892893
v 0.6707107 0.6080000 0.4892893
v 0.6923880 0.5920001 0.5217317
v 0.6923880 0.6080000 0.5217316
v 0.7000000 0.5920000 0.5600000
v 0.7000000 0.6080000 0.5600000
v 0.6923880 0.5920000 0.5982683
v 0.6923880 0.6080000 0.5982683
v 0.6707107 0.5920000 0.6307107
v 0.6707107 0.6080000 0.6307107
v 0.6382684 0.5920000 0.6523880
v 0.6382684 0.6080000 0.6523880
f 3065 3066 3068
f 3065 3068 3067
f 3067 3068 3070
f 3067 3070 3069
f 3069 3070 3072
f 3069 3072 3071
f 3071 3072 3074
f 3071 3074 3073
f 3073 3074 3076
f 3073 3076 3075
f 3075 3076 3078
f 3075 3078 3077
f 3077 3078 3080
f 3077 3080 3079
f 3079 3080 3082
f 3079 3082 3081
f 3081 3082 3084
f 3081 3084 3083
f 3083 3084 3086
f 3083 3086 3085
f 3085 3086 3088
f 3085 3088 3087
f 3087 3088 3090
f 3087 3090 3089
f 3089 3090 3092
f 3089 3092 3091
f 3091 3092 3094
f 3091 3094 3093
f 3070 3068 3066
f 3066 3096 3094
f 3094 3092 3090
f 3090 3088 3086
f 3086 3084 3082
f 3082 3080 3078
f 3078 3076 3074
f 3074 3072 3070
f 3070 3066 3094
f 3094 3090 3086
f 3086 3082 3078
f 3078 3074 3070
f 3070 3094 3086
f 3086 3078 3070
f 3093 3094 3096
f 3093 3096 3095
f 3095 3096 3066
f 3095 3066 3065
f 3095 3065 3067
f 3067 3069 3071
f 3071 3073 3075
f 3075 3077 3079
f 3079 3081 3083
f 3083 3085 3087
f 3087 3089 3091
f 3091 3093 3095
f 3095 3067 3071
f 3071 3075 3079
f 3079 3083 3087
f 3087 3091 3095
f 3095 3071 3079
f 3079 3087 3095
v 1.1840000 -0.5010000 0.6800000
v 1.1840000 -0.5050000 0.6840000
v 1.1799999 -0.5010000 0.6840000
v 1.1840000 -0.5029974 0.6805344
v 1.1820027 -0.5010000 0.6805344
v 1.1820872 -0.5029129 0.6810535
v 1.1820027 -0.5044656 0.6840000
v 1.1840000 -0.5044656 0.6820026
v 1.1820872 -0.5039465 0.6820871
v 1.1805344 -0.5010000 0.6820026
v 1.1805344 -0.5029974 0.6840000
v 1.1810534 -0.5029129 0.6820871
v 1.1840000 -0.5050000 0.7160000
v 1.1840000 -0.5010000 0.7200000
v 1.1799999 -0.5010000 0.7160000
v 1.1840000 -0.5044656 0.7179974
v 1.1820027 -0.5044656 0.7160000
v 1.1820872 -0.5039465 0.7179129
v 1.1820027 -0.5010000 0.7194656
v 1.1840000 -0.5029974 0.7194656
v 1.1820872 -0.5029129 0.7189465
v 1.1805344 -0.5029974 0.7160000
v 1.1805344 -0.5010000 0.7179974
v 1.1810534 -0.5029129 0.7179129
v 1.1840000 -0.3590000 0.6800000
v 1.1799999 -0.3590000 0.6840000
v 1.1840000 -0.3550000 0.6840000
v 1.1820027 -0.3590000 0.6805344
v 1.1840000 -0.3570026 0.6805344
v 1.1820872 -0.3570872 0.6810535
v 1.1805344 -0.3570026 0.6840000
v 1.1805344 -0.3590000 0.6820026
v 1.1810534 -0.3570872 0.6820871
v 1.1840000 -0.3555344 0.6820026
v 1.1820027 -0.3555344 0.6840000
v 1.1820872 -0.3560535 0.6820871
v 1.1840000 -0.3590000 0.7200000
v 1.1840000 -0.3550000 0.7160000
v 1.1799999 -0.3590000 0.7160000
v 1.1840000 -0.3570026 0.7194656
v 1.1820027 -0.3590000 0.7194656
v 1.1820872 -0.3570872 0.7189465
v 1.1820027 -0.3555344 0.7160000
v 1.1840000 -0.3555344 0.7179974
v 1.1820872 -0.3560535 0.7179129
v 1.1805344 -0.3590000 0.7179974
v 1.1805344 -0.3570026 0.7160000
v 1.1810534 -0.3570872 0.7179129
v 1.3360000 -0.5010000 0.6800000
v 1.3400000 -0.5010000 0.6840000
v 1.3360000 -0.5050000 0.6840000
v 1.3379973 -0.5010000 0.6805344
v 1.3360000 -0.5029974 0.6805344
v 1.3379128 -0.5029129 0.6810535
v 1.3394656 -0.5029974 0.6840000
v 1.3394656 -0.5010000 0.6820026
v 1.3389466 -0.5029129 0.6820871
v 1.3360000 -0.5044656 0.6820026
v 1.3379973 -0.5044656 0.6840000
v 1.3379128 -0.5039465 0.6820871
v 1.3360000 -0.5010000 0.7200000
v 1.3360000 -0.5050000 0.7160000
v 1.3400000 -0.5010000 0.7160000
v 1.3360000 -0.5029974 0.7194656
v 1.3379973 -0.5010000 0.7194656
v 1.3379128 -0.5029129 0.7189465
v 1.3379973 -0.5044656 0.7160000
v 1.3360000 -0.5044656 0.7179974
v 1.3379128 -0.5039465 0.7179129
v 1.3394656 -0.5010000 0.7179974
v 1.3394656 -0.5029974 0.7160000
v 1.3389466 -0.5029129 0.7179129
v 1.3360000 -0.3590000 0.6800000
v 1.3360000 -0.3550000 0.6840000
v 1.3400000 -0.3590000 0.6840000
v 1.3360000 -0.3570026 0.6805344
v 1.3379973 -0.3590000 0.6805344
v 1.3379128 -0.3570872 0.6810535
v 1.3379973 -0.3555344 0.6840000
v 1.3360000 -0.3555344 0.6820026
v 1.3379128 -0.3560535 0.6820871
v 1.3394656 -0.3590000 0.6820026
v 1.3394656 -0.3570026 0.6840000
v 1.3389466 -0.3570872 0.6820871
v 1.3360000 -0.3590000 0.7200000
v 1.3400000 -0.3590000 0.7160000
v 1.3360000 -0.3550000 0.7160000
v 1.3379973 -0.3590000 0.7194656
v 1.3360000 -0.3570026 0.7194656
v 1.3379128 -0.3570872 0.7189465
v 1.3394656 -0.3570026 0.7160000
v 1.3394656 -0.3590000 0.7179974
v 1.3389466 -0.3570872 0.7179129
v 1.3360000 -0.3555344 0.7179974
v 1.3379973 -0.3555344 0.7160000
v 1.3379128 -0.3560535 0.7179129
f 3097 3100 3102
f 3097 3102 3101
f 3100 3104 3105
f 3100 3105 3102
f 3098 3103 3105
f 3098 3105 3104
f 3103 3107 3108
f 3103 3108 3105
f 3099 3106 3108
f 3099 3108 3107
f 3106 3101 3102
f 3106 3102 3108
f 3102 3105 3108
f 3109 3112 3114
f 3109 3114 3113
f 3112 3116 3117
f 3112 3117 3114
f 3110 3115 3117
f 3110 3117 3116
f 3115 3119 3120
f 3115 3120 3117
f 3111 3118 3120
f 3111 3120 3119
f 3118 3113 3114
f 3118 3114 3120
f 3114 3117 3120
f 3121 3124 3126
f 3121 3126 3125
f 3124 3128 3129
f 3124 3129 3126
f 3122 3127 3129
f 3122 3129 3128
f 3127 3131 3132
f 3127 3132 3129
f 3123 3130 3132
f 3123 3132 3131
f 3130 3125 3126
f 3130 3126 3132
f 3126 3129 3132
f 3133 3136 3138
f 3133 3138 3137
f 3136 3140 3141
f 3136 3141 3138
f 3134 3139 3141
f 3134 3141 3140
f 3139 3143 3144
f 3139 3144 3141
f 3135 3142 3144
f 3135 3144 3143
f 3142 3137 3138
f 3142 3138 3144
f 3138 3141 3144
f 3145 3148 3150
f 3145 3150 3149
f 3148 3152 3153
f 3148 3153 3150
f 3146 3151 3153
f 3146 3153 3152
f 3151 3155 3156
f 3151 3156 3153
f 3147 3154 3156
f 3147 3156 3155
f 3154 3149 3150
f 3154 3150 3156
f 3150 3153 3156
f 3157 3160 3162
f 3157 3162 3161
f 3160 3164 3165
f 3160 3165 3162
f 3158 3163 3165
f 3158 3165 3164
f 3163 3167 3168
f 3163 3168 3165
f 3159 3166 3168
f 3159 3168 3167
f 3166 3161 3162
f 3166 3162 3168
f 3162 3165 3168
f 3169 3172 3174
f 3169 3174 3173
f 3172 3176 3177
f 3172 3177 3174
f 3170 3175 3177
f 3170 3177 3176
f 3175 3179 3180
f 3175 3180 3177
f 3171 3178 3180
f 3171 3180 3179
f 3178 3173 3174
f 3178 3174 3180
f 3174 3177 3180
f 3181 3184 3186
f 3181 3186 3185
f 3184 3188 3189
f 3184 3189 3186
f 3182 3187 3189
f 3182 3189 3188
f 3187 3191 3192
f 3187 3192 3189
f 3183 3190 3192
f 3183 3192 3191
f 3190 3185 3186
f 3190 3186 3192
f 3186 3189 3192
f 3121 3097 3101
f 3121 3101 3124
f 3124 3101 3106
f 3124 3106 3128
f 3128 3106 3099
f 3128 3099 3122
f 3098 3109 3113
f 3098 3113 3103
f 3103 3113 3118
f 3103 3118 3107
f 3107 3118 3111
f 3107 3111 3099
f 3110 3133 3137
f 3110 3137 3115
f 3115 3137 3142
f 3115 3142 3119
f 3119 3142 3135
f 3119 3135 3111
f 3134 3123 3131
f 3134 3131 3139
f 3139 3131 3127
f 3139 3127 3143
f 3143 3127 3122
f 3143 3122 3135
f 3169 3121 3125
f 3169 3125 3172
f 3172 3125 3130
f 3172 3130 3176
f 3176 3130 3123
f 3176 3123 3170
f 3133 3181 3185
f 3133 3185 3136
f 3136 3185 3190
f 3136 3190 3140
f 3140 3190 3183
f 3140 3183 3134
f 3182 3171 3179
f 3182 3179 3187
f 3187 3179 3175
f 3187 3175 3191
f 3191 3175 3170
f 3191 3170 3183
f 3145 3169 3173
f 3145 3173 3148
f 3148 3173 3178
f 3148 3178 3152
f 3152 3178 3171
f 3152 3171 3146
f 3181 3157 3161
f 3181 3161 3184
f 3184 3161 3166
f 3184 3166 3188
f 3188 3166 3159
f 3188 3159 3182
f 3158 3147 3155
f 3158 3155 3163
f 3163 3155 3151
f 3163 3151 3167
f 3167 3151 3146
f 3167 3146 3159
f 3097 3145 3149
f 3097 3149 3100
f 3100 3149 3154
f 3100 3154 3104
f 3104 3154 3147
f 3104 3147 3098
f 3157 3110 3116
f 3157 3116 3160
f 3160 3116 3112
f 3160 3112 3164
f 3164 3112 3109
f 3164 3109 3158
f 3121 3169 3145
f 3121 3145 3097
f 3099 3111 3135
f 3099 3135 3122
f 3147 3158 3109
f 3147 3109 3098
f 3181 3133 3110
f 3181 3110 3157
f 3123 3134 3183
f 3123 3183 3170
f 3171 3182 3159
f 3171 3159 3146
v 1.2296008 -0.4903992 0.7034135
v 1.1496007 -0.5703992 1.1534135
v 1.2326584 -0.4949184 0.7031537
v 1.1526583 -0.5749184 1.1531537
v 1.2337888 -0.5002112 0.7024137
v 1.1537888 -0.5802112 1.1524137
v 1.2328200 -0.5054719 0.7013063
v 1.1528200 -0.5854719 1.1513063
v 1.2298996 -0.5098994 0.7000000
v 1.1498995 -0.5898995 1.1500000
v 1.2254720 -0.5128199 0.6986936
v 1.1454719 -0.5928199 1.1486937
v 1.2202114 -0.5137887 0.6975862
v 1.1402112 -0.5937887 1.1475862
v 1.2149186 -0.5126582 0.6968462
v 1.1349185 -0.5926582 1.1468462
v 1.2103994 -0.5096007 0.6965864
v 1.1303993 -0.5896007 1.1465863
v 1.2073418 -0.5050815 0.6968462
v 1.1273417 -0.5850815 1.1468462
v 1.2062113 -0.4997887 0.6975862
v 1.1262113 -0.5797887 1.1475862
v 1.2071801 -0.4945281 0.6986936
v 1.1271801 -0.5745280 1.1486937
v 1.2101007 -0.4901005 0.6999999
v 1.1301005 -0.5701005 1.1500000
v 1.2145282 -0.4871800 0.7013063
v 1.1345282 -0.5671800 1.1513063
v 1.2197889 -0.4862112 0.7024137
v 1.1397887 -0.5662112 1.1524137
v 1.2250817 -0.4873417 0.7031537
v 1.1450815 -0.5673417 1.1531537
f 3193 3194 3196
f 3193 3196 3195
f 3195 3196 3198
f 3195 3198 3197
f 3197 3198 3200
f 3197 3200 3199
f 3199 3200 3202
f 3199 3202 3201
f 3201 3202 3204
f 3201 3204 3203
f 3203 3204 3206
f 3203 3206 3205
f 3205 3206 3208
f 3205 3208 3207
f 3207 3208 3210
f 3207 3210 3209
f 3209 3210 3212
f 3209 3212 3211
f 3211 3212 3214
f 3211 3214 3213
f 3213 3214 3216
f 3213 3216 3215
f 3215 3216 3218
f 3215 3218 3217
f 3217 3218 3220
f 3217 3220 3219
f 3219 3220 3222
f 3219 3222 3221
f 3198 3196 3194
f 3194 3224 3222
f 3222 3220 3218
f 3218 3216 3214
f 3214 3212 3210
f 3210 3208 3206
f 3206 3204 3202
f 3202 3200 3198
f 3198 3194 3222
f 3222 3218 3214
f 3214 3210 3206
f 3206 3202 3198
f 3198 3222 3214
f 3214 3206 3198
f 3221 3222 3224
f 3221 3224 3223
f 3223 3224 3194
f 3223 3194 3193
f 3223 3193 3195
f 3195 3197 3199
f 3199 3201 3203
f 3203 3205 3207
f 3207 3209 3211
f 3211 3213 3215
f 3215 3217 3219
f 3219 3221 3223
f 3223 3195 3199
f 3199 3203 3207
f 3207 3211 3215
f 3215 3219 3223
f 3223 3199 3207
f 3207 3215 3223
v 1.3096007 -0.4903992 0.7034135
v 1.2296007 -0.5703992 1.1534135
v 1.3126582 -0.4949184 0.7031537
v 1.2326583 -0.5749184 1.1531537
v 1.3137887 -0.5002112 0.7024137
v 1.2337887 -0.5802112 1.1524137
v 1.3128200 -0.5054719 0.7013063
v 1.2328200 -0.5854719 1.1513063
v 1.3098994 -0.5098994 0.7000000
v 1.2298995 -0.5898994 1.1500000
v 1.3054719 -0.5128199 0.6986936
v 1.2254720 -0.5928199 1.1486937
v 1.3002112 -0.5137887 0.6975862
v 1.2202113 -0.5937887 1.1475862
v 1.2949184 -0.5126582 0.6968462
v 1.2149185 -0.5926582 1.1468462
v 1.2903993 -0.5096007 0.6965864
v 1.2103993 -0.5896007 1.1465864
v 1.2873417 -0.5050815 0.6968462
v 1.2073418 -0.5850815 1.1468462
v 1.2862113 -0.4997887 0.6975862
v 1.2062113 -0.5797887 1.1475862
v 1.2871799 -0.4945281 0.6986936
v 1.2071800 -0.5745280 1.1486937
v 1.2901005 -0.4901005 0.6999999
v 1.2101005 -0.5701005 1.1500000
v 1.2945280 -0.4871800 0.7013063
v 1.2145281 -0.5671800 1.1513063
v 1.2997887 -0.4862112 0.7024137
v 1.2197888 -0.5662112 1.1524137
v 1.3050815 -0.4873417 0.7031537
v 1.2250816 -0.5673417 1.1531537
f 3225 3226 3228
f 3225 3228 3227
f 3227 3228 3230
f 3227 3230 3229
f 3229 3230 3232
f 3229 3232 3231
f 3231 3232 3234
f 3231 3234 3233
f 3233 3234 3236
f 3233 3236 3235
f 3235 3236 3238
f 3235 3238 3237
f 3237 3238 3240
f 3237 3240 3239
f 3239 3240 3242
f 3239 3242 3241
f 3241 3242 3244
f 3241 3244 3243
f 3243 3244 3246
f 3243 3246 3245
f 3245 3246 3248
f 3245 3248 3247
f 3247 3248 3250
f 3247 3250 3249
f 3249 3250 3252
f 3249 3252 3251
f 3251 3252 3254
f 3251 3254 3253
f 3230 3228 3226
f 3226 3256 3254
f 3254 3252 3250
f 3250 3248 3246
f 3246 3244 3242
f 3242 3240 3238
f 3238 3236 3234
f 3234 3232 3230
f 3230 3226 3254
f 3254 3250 3246
f 3246 3242 3238
f 3238 3234 3230
f 3230 3254 3246
f 3246 3238 3230
f 3253 3254 3256
f 3253 3256 3255
f 3255 3256 3226
f 3255 3226 3225
f 3255 3225 3227
f 3227 3229 3231
f 3231 3233 3235
f 3235 3237 3239
f 3239 3241 3243
f 3243 3245 3247
f 3247 3249 3251
f 3251 3253 3255
f 3255 3227 3231
f 3231 3235 3239
f 3239 3243 3247
f 3247 3251 3255
f 3255 3231 3239
f 3239 3247 3255
v 1.6160001 -0.3490000 0.7750000
v 1.6160001 -0.3550000 0.7810000
v 1.6100000 -0.3490000 0.7810000
v 1.6160001 -0.3519960 0.7758015
v 1.6130040 -0.3490000 0.7758015
v 1.6131307 -0.3518693 0.7765802
v 1.6130040 -0.3541984 0.7810000
v 1.6160001 -0.3541984 0.7780039
v 1.6131307 -0.3534198 0.7781307
v 1.6108016 -0.3490000 0.7780039
v 1.6108016 -0.3519960 0.7810000
v 1.6115803 -0.3518693 0.7781307
v 1.6160001 -0.3550000 1.0990000
v 1.6160001 -0.3490000 1.1050000
v 1.6100000 -0.3490000 1.0990000
v 1.6160001 -0.3541984 1.1019961
v 1.6130040 -0.3541984 1.0990000
v 1.6131307 -0.3534198 1.1018692
v 1.6130040 -0.3490000 1.1041985
v 1.6160001 -0.3519960 1.1041985
v 1.6131307 -0.3518693 1.1034198
v 1.6108016 -0.3519960 1.0990000
v 1.6108016 -0.3490000 1.1019961
v 1.6115803 -0.3518693 1.1018692
v 1.6160001 0.3490000 0.7750000
v 1.6100000 0.3490000 0.7810000
v 1.6160001 0.3550000 0.7810000
v 1.6130040 0.3490000 0.7758015
v 1.6160001 0.3519960 0.7758015
v 1.6131307 0.3518693 0.7765802
v 1.6108016 0.3519960 0.7810000
v 1.6108016 0.3490000 0.7780039
v 1.6115803 0.3518693 0.7781307
v 1.6160001 0.3541984 0.7780039
v 1.6130040 0.3541984 0.7810000
v 1.6131307 0.3534198 0.7781307
v 1.6160001 0.3490000 1.1050000
v 1.6160001 0.3550000 1.0990000
v 1.6100000 0.3490000 1.0990000
v 1.6160001 0.3519960 1.1041985
v 1.6130040 0.3490000 1.1041985
v 1.6131307 0.3518693 1.1034198
v 1.6130040 0.3541984 1.0990000
v 1.6160001 0.3541984 1.1019961
v 1.6131307 0.3534198 1.1018692
v 1.6108016 0.3490000 1.1019961
v 1.6108016 0.3519960 1.0990000
v 1.6115803 0.3518693 1.1018692
v 1.6240000 -0.3490000 0.7750000
v 1.6300000 -0.3490000 0.7810000
v 1.6240000 -0.3550000 0.7810000
v 1.6269960 -0.3490000 0.7758015
v 1.6240000 -0.3519960 0.7758015
v 1.6268693 -0.3518693 0.7765802
v 1.6291984 -0.3519960 0.7810000
v 1.6291984 -0.3490000 0.7780039
v 1.6284198 -0.3518693 0.7781307
v 1.6240000 -0.3541984 0.7780039
v 1.6269960 -0.3541984 0.7810000
v 1.6268693 -0.3534198 0.7781307
v 1.6240000 -0.3490000 1.1050000
v 1.6240000 -0.3550000 1.0990000
v 1.6300000 -0.3490000 1.0990000
v 1.6240000 -0.3519960 1.1041985
v 1.6269960 -0.3490000 1.1041985
v 1.6268693 -0.3518693 1.1034198
v 1.6269960 -0.3541984 1.0990000
v 1.6240000 -0.3541984 1.1019961
v 1.6268693 -0.3534198 1.1018692
v 1.6291984 -0.3490000 1.1019961
v 1.6291984 -0.3519960 1.0990000
v 1.6284198 -0.3518693 1.1018692
v 1.6240000 0.3490000 0.7750000
v 1.6240000 0.3550000 0.7810000
v 1.6300000 0.3490000 0.7810000
v 1.6240000 0.3519960 0.7758015
v 1.6269960 0.3490000 0.7758015
v 1.6268693 0.3518693 0.7765802
v 1.6269960 0.3541984 0.7810000
v 1.6240000 0.3541984 0.7780039
v 1.6268693 0.3534198 0.7781307
v 1.6291984 0.3490000 0.7780039
v 1.6291984 0.3519960 0.7810000
v 1.6284198 0.3518693 0.7781307
v 1.6240000 0.3490000 1.1050000
v 1.6300000 0.3490000 1.0990000
v 1.6240000 0.3550000 1.0990000
v 1.6269960 0.3490000 1.1041985
v 1.6240000 0.3519960 1.1041985
v 1.6268693 0.3518693 1.1034198
v 1.6291984 0.3519960 1.0990000
v 1.6291984 0.3490000 1.1019961
v 1.6284198 0.3518693 1.1018692
v 1.6240000 0.3541984 1.1019961
v 1.6269960 0.3541984 1.0990000
v 1.6268693 0.3534198 1.1018692
f 3257 3260 3262
f 3257 3262 3261
f 3260 3264 3265
f 3260 3265 3262
f 3258 3263 3265
f 3258 3265 3264
f 3263 3267 3268
f 3263 3268 3265
f 3259 3266 3268
f 3259 3268 3267
f 3266 3261 3262
f 3266 3262 3268
f 3262 3265 3268
f 3269 3272 3274
f 3269 3274 3273
f 3272 3276 3277
f 3272 3277 3274
f 3270 3275 3277
f 3270 3277 3276
f 3275 3279 3280
f 3275 3280 3277
f 3271 3278 3280
f 3271 3280 3279
f 3278 3273 3274
f 3278 3274 3280
f 3274 3277 3280
f 3281 3284 3286
f 3281 3286 3285
f 3284 3288 3289
f 3284 3289 3286
f 3282 3287 3289
f 3282 3289 3288
f 3287 3291 3292
f 3287 3292 3289
f 3283 3290 3292
f 3283 3292 3291
f 3290 3285 3286
f 3290 3286 3292
f 3286 3289 3292
f 3293 3296 3298
f 3293 3298 3297
f 3296 3300 3301
f 3296 3301 3298
f 3294 3299 3301
f 3294 3301 3300
f 3299 3303 3304
f 3299 3304 3301
f 3295 3302 3304
f 3295 3304 3303
f 3302 3297 3298
f 3302 3298 3304
f 3298 3301 3304
f 3305 3308 3310
f 3305 3310 3309
f 3308 3312 3313
f 3308 3313 3310
f 3306 3311 3313
f 3306 3313 3312
f 3311 3315 3316
f 3311 3316 3313
f 3307 3314 3316
f 3307 3316 3315
f 3314 3309 3310
f 3314 3310 3316
f 3310 3313 3316
f 3317 3320 3322
f 3317 3322 3321
f 3320 3324 3325
f 3320 3325 3322
f 3318 3323 3325
f 3318 3325 3324
f 3323 3327 3328
f 3323 3328 3325
f 3319 3326 3328
f 3319 3328 3327
f 3326 3321 3322
f 3326 3322 3328
f 3322 3325 3328
f 3329 3332 3334
f 3329 3334 3333
f 3332 3336 3337
f 3332 3337 3334
f 3330 3335 3337
f 3330 3337 3336
f 3335 3339 3340
f 3335 3340 3337
f 3331 3338 3340
f 3331 3340 3339
f 3338 3333 3334
f 3338 3334 3340
f 3334 3337 3340
f 3341 3344 3346
f 3341 3346 3345
f 3344 3348 3349
f 3344 3349 3346
f 3342 3347 3349
f 3342 3349 3348
f 3347 3351 3352
f 3347 3352 3349
f 3343 3350 3352
f 3343 3352 3351
f 3350 3345 3346
f 3350 3346 3352
f 3346 3349 3352
f 3281 3257 3261
f 3281 3261 3284
f 3284 3261 3266
f 3284 3266 3288
f 3288 3266 3259
f 3288 3259 3282
f 3258 3269 3273
f 3258 3273 3263
f 3263 3273 3278
f 3263 3278 3267
f 3267 3278 3271
f 3267 3271 3259
f 3270 3293 3297
f 3270 3297 3275
f 3275 3297 3302
f 3275 3302 3279
f 3279 3302 3295
f 3279 3295 3271
f 3294 3283 3291
f 3294 3291 3299
f 3299 3291 3287
f 3299 3287 3303
f 3303 3287 3282
f 3303 3282 3295
f 3329 3281 3285
f 3329 3285 3332
f 3332 3285 3290
f 3332 3290 3336
f 3336 3290 3283
f 3336 3283 3330
f 3293 3341 3345
f 3293 3345 3296
f 3296 3345 3350
f 3296 3350 3300
f 3300 3350 3343
f 3300 3343 3294
f 3342 3331 3339
f 3342 3339 3347
f 3347 3339 3335
f 3347 3335 3351
f 3351 3335 3330
f 3351 3330 3343
f 3305 3329 3333
f 3305 3333 3308
f 3308 3333 3338
f 3308 3338 3312
f 3312 3338 3331
f 3312 3331 3306
f 3341 3317 3321
f 3341 3321 3344
f 3344 3321 3326
f 3344 3326 3348
f 3348 3326 3319
f 3348 3319 3342
f 3318 3307 3315
f 3318 3315 3323
f 3323 3315 3311
f 3323 3311 3327
f 3327 3311 3306
f 3327 3306 3319
f 3257 3305 3309
f 3257 3309 3260
f 3260 3309 3314
f 3260 3314 3264
f 3264 3314 3307
f 3264 3307 3258
f 3317 3270 3276
f 3317 3276 3320
f 3320 3276 3272
f 3320 3272 3324
f 3324 3272 3269
f 3324 3269 3318
f 3281 3329 3305
f 3281 3305 3257
f 3259 3271 3295
f 3259 3295 3282
f 3307 3318 3269
f 3307 3269 3258
f 3341 3293 3270
f 3341 3270 3317
f 3283 3294 3343
f 3283 3343 3330
f 3331 3342 3319
f 3331 3319 3306
v 0.6030000 -0.3520000 0.7750000
v 0.6030000 -0.3550000 0.7780000
v 0.6000000 -0.3520000 0.7780000
v 0.6030000 -0.3534980 0.7754008
v 0.6015019 -0.3520000 0.7754008
v 0.6015654 -0.3534346 0.7757902
v 0.6015019 -0.3545992 0.7780000
v 0.6030000 -0.3545992 0.7765020
v 0.6015654 -0.3542099 0.7765654
v 0.6004008 -0.3520000 0.7765020
v 0.6004008 -0.3534980 0.7780000
v 0.6007901 -0.3534346 0.7765654
v 0.6030000 -0.3550000 0.7970001
v 0.6030000 -0.3520000 0.8000000
v 0.6000000 -0.3520000 0.7970001
v 0.6030000 -0.3545992 0.7984980
v 0.6015019 -0.3545992 0.7970001
v 0.6015654 -0.3542099 0.7984347
v 0.6015019 -0.3520000 0.7995992
v 0.6030000 -0.3534980 0.7995992
v 0.6015654 -0.3534346 0.7992099
v 0.6004008 -0.3534980 0.7970001
v 0.6004008 -0.3520000 0.7984980
v 0.6007901 -0.3534346 0.7984347
v 0.6030000 0.3520000 0.7750000
v 0.6000000 0.3520000 0.7780000
v 0.6030000 0.3550000 0.7780000
v 0.6015019 0.3520000 0.7754008
v 0.6030000 0.3534980 0.7754008
v 0.6015654 0.3534346 0.7757902
v 0.6004008 0.3534980 0.7780000
v 0.6004008 0.3520000 0.7765020
v 0.6007901 0.3534346 0.7765654
v 0.6030000 0.3545992 0.7765020
v 0.6015019 0.3545992 0.7780000
v 0.6015654 0.3542099 0.7765654
v 0.6030000 0.3520000 0.8000000
v 0.6030000 0.3550000 0.7970001
v 0.6000000 0.3520000 0.7970001
v 0.6030000 0.3534980 0.7995992
v 0.6015019 0.3520000 0.7995992
v 0.6015654 0.3534346 0.7992099
v 0.6015019 0.3545992 0.7970001
v 0.6030000 0.3545992 0.7984980
v 0.6015654 0.3542099 0.7984347
v 0.6004008 0.3520000 0.7984980
v 0.6004008 0.3534980 0.7970001
v 0.6007901 0.3534346 0.7984347
v 1.4170001 -0.3520000 0.7750000
v 1.4200000 -0.3520000 0.7780000
v 1.4170001 -0.3550000 0.7780000
v 1.4184980 -0.3520000 0.7754008
v 1.4170001 -0.3534980 0.7754008
v 1.4184346 -0.3534346 0.7757902
v 1.4195992 -0.3534980 0.7780000
v 1.4195992 -0.3520000 0.7765020
v 1.4192100 -0.3534346 0.7765654
v 1.4170001 -0.3545992 0.7765020
v 1.4184980 -0.3545992 0.7780000
v 1.4184346 -0.3542099 0.7765654
v 1.4170001 -0.3520000 0.8000000
v 1.4170001 -0.3550000 0.7970001
v 1.4200000 -0.3520000 0.7970001
v 1.4170001 -0.3534980 0.7995992
v 1.4184980 -0.3520000 0.7995992
v 1.4184346 -0.3534346 0.7992099
v 1.4184980 -0.3545992 0.7970001
v 1.4170001 -0.3545992 0.7984980
v 1.4184346 -0.3542099 0.7984347
v 1.4195992 -0.3520000 0.7984980
v 1.4195992 -0.3534980 0.7970001
v 1.4192100 -0.3534346 0.7984347
v 1.4170001 0.3520000 0.7750000
v 1.4170001 0.3550000 0.7780000
v 1.4200000 0.3520000 0.7780000
v 1.4170001 0.3534980 0.7754008
v 1.4184980 0.3520000 0.7754008
v 1.4184346 0.3534346 0.7757902
v 1.4184980 0.3545992 0.7780000
v 1.4170001 0.3545992 0.7765020
v 1.4184346 0.3542099 0.7765654
v 1.4195992 0.3520000 0.7765020
v 1.4195992 0.3534980 0.7780000
v 1.4192100 0.3534346 0.7765654
v 1.4170001 0.3520000 0.8000000
v 1.4200000 0.3520000 0.7970001
v 1.4170001 0.3550000 0.7970001
v 1.4184980 0.3520000 0.7995992
v 1.4170001 0.3534980 0.7995992
v 1.4184346 0.3534346 0.7992099
v 1.4195992 0.3534980 0.7970001
v 1.4195992 0.3520000 0.7984980
v 1.4192100 0.3534346 0.7984347
v 1.4170001 0.3545992 0.7984980
v 1.4184980 0.3545992 0.7970001
v 1.4184346 0.3542099 0.7984347
f 3353 3356 3358
f 3353 3358 3357
f 3356 3360 3361
f 3356 3361 3358
f 3354 3359 3361
f 3354 3361 3360
f 3359 3363 3364
f 3359 3364 3361
f 3355 3362 3364
f 3355 3364 3363
f 3362 3357 3358
f 3362 3358 3364
f 3358 3361 3364
f 3365 3368 3370
f 3365 3370 3369
f 3368 3372 3373
f 3368 3373 3370
f 3366 3371 3373
f 3366 3373 3372
f 3371 3375 3376
f 3371 3376 3373
f 3367 3374 3376
f 3367 3376 3375
f 3374 3369 3370
f 3374 3370 3376
f 3370 3373 3376
f 3377 3380 3382
f 3377 3382 3381
f 3380 3384 3385
f 3380 3385 3382
f 3378 3383 3385
f 3378 3385 3384
f 3383 3387 3388
f 3383 3388 3385
f 3379 3386 3388
f 3379 3388 3387
f 3386 3381 3382
f 3386 3382 3388
f 3382 3385 3388
f 3389 3392 3394
f 3389 3394 3393
f 3392 3396 3397
f 3392 3397 3394
f 3390 3395 3397
f 3390 3397 3396
f 3395 3399 3400
f 3395 3400 3397
f 3391 3398 3400
f 3391 3400 3399
f 3398 3393 3394
f 3398 3394 3400
f 3394 3397 3400
f 3401 3404 3406
f 3401 3406 3405
f 3404 3408 3409
f 3404 3409 3406
f 3402 3407 3409
f 3402 3409 3408
f 3407 3411 3412
f 3407 3412 3409
f 3403 3410 3412
f 3403 3412 3411
f 3410 3405 3406
f 3410 3406 3412
f 3406 3409 3412
f 3413 3416 3418
f 3413 3418 3417
f 3416 3420 3421
f 3416 3421 3418
f 3414 3419 3421
f 3414 3421 3420
f 3419 3423 3424
f 3419 3424 3421
f 3415 3422 3424
f 3415 3424 3423
f 3422 3417 3418
f 3422 3418 3424
f 3418 3421 3424
f 3425 3428 3430
f 3425 3430 3429
f 3428 3432 3433
f 3428 3433 3430
f 3426 3431 3433
f 3426 3433 3432
f 3431 3435 3436
f 3431 3436 3433
f 3427 3434 3436
f 3427 3436 3435
f 3434 3429 3430
f 3434 3430 3436
f 3430 3433 3436
f 3437 3440 3442
f 3437 3442 3441
f 3440 3444 3445
f 3440 3445 3442
f 3438 3443 3445
f 3438 3445 3444
f 3443 3447 3448
f 3443 3448 3445
f 3439 3446 3448
f 3439 3448 3447
f 3446 3441 3442
f 3446 3442 3448
f 3442 3445 3448
f 3377 3353 3357
f 3377 3357 3380
f 3380 3357 3362
f 3380 3362 3384
f 3384 3362 3355
f 3384 3355 3378
f 3354 3365 3369
f 3354 3369 3359
f 3359 3369 3374
f 3359 3374 3363
f 3363 3374 3367
f 3363 3367 3355
f 3366 3389 3393
f 3366 3393 3371
f 3371 3393 3398
f 3371 3398 3375
f 3375 3398 3391
f 3375 3391 3367
f 3390 3379 3387
f 3390 3387 3395
f 3395 3387 3383
f 3395 3383 3399
f 3399 3383 3378
f 3399 3378 3391
f 3425 3377 3381
f 3425 3381 3428
f 3428 3381 3386
f 3428 3386 3432
f 3432 3386 3379
f 3432 3379 3426
f 3389 3437 3441
f 3389 3441 3392
f 3392 3441 3446
f 3392 3446 3396
f 3396 3446 3439
f 3396 3439 3390
f 3438 3427 3435
f 3438 3435 3443
f 3443 3435 3431
f 3443 3431 3447
f 3447 3431 3426
f 3447 3426 3439
f 3401 3425 3429
f 3401 3429 3404
f 3404 3429 3434
f 3404 3434 3408
f 3408 3434 3427
f 3408 3427 3402
f 3437 3413 3417
f 3437 3417 3440
f 3440 3417 3422
f 3440 3422 3444
f 3444 3422 3415
f 3444 3415 3438
f 3414 3403 3411
f 3414 3411 3419
f 3419 3411 3407
f 3419 3407 3423
f 3423 3407 3402
f 3423 3402 3415
f 3353 3401 3405
f 3353 3405 3356
f 3356 3405 3410
f 3356 3410 3360
f 3360 3410 3403
f 3360 3403 3354
f 3413 3366 3372
f 3413 3372 3416
f 3416 3372 3368
f 3416 3368 3420
f 3420 3368 3365
f 3420 3365 3414
f 3377 3425 3401
f 3377 3401 3353
f 3355 3367 3391
f 3355 3391 3378
f 3403 3414 3365
f 3403 3365 3354
f 3437 3389 3366
f 3437 3366 3413
f 3379 3390 3439
f 3379 3439 3426
f 3427 3438 3415
f 3427 3415 3402
v 0.7800000 -0.3180000 0.8000000
v 0.7800000 -0.3180000 0.9300000
v 0.7731116 -0.3166299 0.8000000
v 0.7731116 -0.3166299 0.9300000
v 0.7672721 -0.3127279 0.8000000
v 0.7672721 -0.3127279 0.9300000
v 0.7633702 -0.3068883 0.8000000
v 0.7633702 -0.3068883 0.9300000
v 0.7620000 -0.3000000 0.8000000
v 0.7620000 -0.3000000 0.9300000
v 0.7633702 -0.2931117 0.8000000
v 0.7633702 -0.2931117 0.9300000
v 0.7672721 -0.2872721 0.8000000
v 0.7672721 -0.2872721 0.9300000
v 0.7731116 -0.2833702 0.8000000
v 0.7731116 -0.2833702 0.9300000
v 0.7800000 -0.2820000 0.8000000
v 0.7800000 -0.2820000 0.9300000
v 0.7868883 -0.2833702 0.8000000
v 0.7868883 -0.2833702 0.9300000
v 0.7927279 -0.2872721 0.8000000
v 0.7927279 -0.2872721 0.9300000
v 0.7966298 -0.2931117 0.8000000
v 0.7966298 -0.2931117 0.9300000
v 0.7980000 -0.3000000 0.8000000
v 0.7980000 -0.3000000 0.9300000
v 0.7966298 -0.3068883 0.8000000
v 0.7966298 -0.3068883 0.9300000
v 0.7927279 -0.3127279 0.8000000
v 0.7927279 -0.3127279 0.9300000
v 0.7868883 -0.3166298 0.8000000
v 0.7868883 -0.3166298 0.9300000
f 3449 3450 3452
f 3449 3452 3451
f 3451 3452 3454
f 3451 3454 3453
f 3453 3454 3456
f 3453 3456 3455
f 3455 3456 3458
f 3455 3458 3457
f 3457 3458 3460
f 3457 3460 3459
f 3459 3460 3462
f 3459 3462 3461
f 3461 3462 3464
f 3461 3464 3463
f 3463 3464 3466
f 3463 3466 3465
f 3465 3466 3468
f 3465 3468 3467
f 3467 3468 3470
f 3467 3470 3469
f 3469 3470 3472
f 3469 3472 3471
f 3471 3472 3474
f 3471 3474 3473
f 3473 3474 3476
f 3473 3476 3475
f 3475 3476 3478
f 3475 3478 3477
f 3454 3452 3450
f 3450 3480 3478
f 3478 3476 3474
f 3474 3472 3470
f 3470 3468 3466
f 3466 3464 3462
f 3462 3460 3458
f 3458 3456 3454
f 3454 3450 3478
f 3478 3474 3470
f 3470 3466 3462
f 3462 3458 3454
f 3454 3478 3470
f 3470 3462 3454
f 3477 3478 3480
f 3477 3480 3479
f 3479 3480 3450
f 3479 3450 3449
f 3479 3449 3451
f 3451 3453 3455
f 3455 3457 3459
f 3459 3461 3463
f 3463 3465 3467
f 3467 3469 3471
f 3471 3473 3475
f 3475 3477 3479
f 3479 3451 3455
f 3455 3459 3463
f 3463 3467 3471
f 3471 3475 3479
f 3479 3455 3463
f 3463 3471 3479
v 0.7800000 0.2820000 0.8000000
v 0.7800000 0.2820000 0.9300000
v 0.7731116 0.2833702 0.8000000
v 0.7731116 0.2833702 0.9300000
v 0.7672721 0.2872721 0.8000000
v 0.7672721 0.2872721 0.9300000
v 0.7633702 0.2931117 0.8000000
v 0.7633702 0.2931117 0.9300000
v 0.7620000 0.3000000 0.8000000
v 0.7620000 0.3000000 0.9300000
v 0.7633702 0.3068883 0.8000000
v 0.7633702 0.3068883 0.9300000
v 0.7672721 0.3127279 0.8000000
v 0.7672721 0.3127279 0.9300000
v 0.7731116 0.3166298 0.8000000
v 0.7731116 0.3166298 0.9300000
v 0.7800000 0.3180000 0.8000000
v 0.7800000 0.3180000 0.9300000
v 0.7868883 0.3166299 0.8000000
v 0.7868883 0.3166299 0.9300000
v 0.7927279 0.3127279 0.8000000
v 0.7927279 0.3127279 0.9300000
v 0.7966298 0.3068883 0.8000000
v 0.7966298 0.3068883 0.9300000
v 0.7980000 0.3000000 0.8000000
v 0.7980000 0.3000000 0.9300000
v 0.7966298 0.2931117 0.8000000
v 0.7966298 0.2931117 0.9300000
v 0.7927279 0.2872721 0.8000000
v 0.7927279 0.2872721 0.9300000
v 0.7868883 0.2833702 0.8000000
v 0.7868883 0.2833702 0.9300000
f 3481 3482 3484
f 3481 3484 3483
f 3483 3484 3486
f 3483 3486 3485
f 3485 3486 3488
f 3485 3488 3487
f 3487 3488 3490
f 3487 3490 3489
f 3489 3490 3492
f 3489 3492 3491
f 3491 3492 3494
f 3491 3494 3493
f 3493 3494 3496
f 3493 3496 3495
f 3495 3496 3498
f 3495 3498 3497
f 3497 3498 3500
f 3497 3500 3499
f 3499 3500 3502
f 3499 3502 3501
f 3501 3502 3504
f 3501 3504 3503
f 3503 3504 3506
f 3503 3506 3505
f 3505 3506 3508
f 3505 3508 3507
f 3507 3508 3510
f 3507 3510 3509
f 3486 3484 3482
f 3482 3512 3510
f 3510 3508 3506
f 3506 3504 3502
f 3502 3500 3498
f 3498 3496 3494
f 3494 3492 3490
f 3490 3488 3486
f 3486 3482 3510
f 3510 3506 3502
f 3502 3498 3494
f 3494 3490 3486
f 3486 3510 3502
f 3502 3494 3486
f 3509 3510 3512
f 3509 3512 3511
f 3511 3512 3482
f 3511 3482 3481
f 3511 3481 3483
f 3483 3485 3487
f 3487 3489 3491
f 3491 3493 3495
f 3495 3497 3499
f 3499 3501 3503
f 3503 3505 3507
f 3507 3509 3511
f 3511 3483 3487
f 3487 3491 3495
f 3495 3499 3503
f 3503 3507 3511
f 3511 3487 3495
f 3495 3503 3511
v 1.1200000 -0.3180000 0.8000000
v 1.1200000 -0.3180000 0.9300000
v 1.1131117 -0.3166299 0.8000000
v 1.1131117 -0.3166299 0.9300000
v 1.1072720 -0.3127279 0.8000000
v 1.1072720 -0.3127279 0.9300000
v 1.1033702 -0.3068883 0.8000000
v 1.1033702 -0.3068883 0.9300000
v 1.1020000 -0.3000000 0.8000000
v 1.1020000 -0.3000000 0.9300000
v 1.1033702 -0.2931117 0.8000000
v 1.1033702 -0.2931117 0.9300000
v 1.1072720 -0.2872721 0.8000000
v 1.1072720 -0.2872721 0.9300000
v 1.1131117 -0.2833702 0.8000000
v 1.1131117 -0.2833702 0.9300000
v 1.1200000 -0.2820000 0.8000000
v 1.1200000 -0.2820000 0.9300000
v 1.1268883 -0.2833702 0.8000000
v 1.1268883 -0.2833702 0.9300000
v 1.1327280 -0.2872721 0.8000000
v 1.1327280 -0.2872721 0.9300000
v 1.1366298 -0.2931117 0.8000000
v 1.1366298 -0.2931117 0.9300000
v 1.1380000 -0.3000000 0.8000000
v 1.1380000 -0.3000000 0.9300000
v 1.1366298 -0.3068883 0.8000000
v 1.1366298 -0.3068883 0.9300000
v 1.1327280 -0.3127279 0.8000000
v 1.1327280 -0.3127279 0.9300000
v 1.1268883 -0.3166298 0.8000000
v 1.1268883 -0.3166298 0.9300000
f 3513 3514 3516
f 3513 3516 3515
f 3515 3516 3518
f 3515 3518 3517
f 3517 3518 3520
f 3517 3520 3519
f 3519 3520 3522
f 3519 3522 3521
f 3521 3522 3524
f 3521 3524 3523
f 3523 3524 3526
f 3523 3526 3525
f 3525 3526 3528
f 3525 3528 3527
f 3527 3528 3530
f 3527 3530 3529
f 3529 3530 3532
f 3529 3532 3531
f 3531 3532 3534
f 3531 3534 3533
f 3533 3534 3536
f 3533 3536 3535
f 3535 3536 3538
f 3535 3538 3537
f 3537 3538 3540
f 3537 3540 3539
f 3539 3540 3542
f 3539 3542 3541
f 3518 3516 3514
f 3514 3544 3542
f 3542 3540 3538
f 3538 3536 3534
f 3534 3532 3530
f 3530 3528 3526
f 3526 3524 3522
f 3522 3520 3518
f 3518 3514 3542
f 3542 3538 3534
f 3534 3530 3526
f 3526 3522 3518
f 3518 3542 3534
f 3534 3526 3518
f 3541 3542 3544
f 3541 3544 3543
f 3543 3544 3514
f 3543 3514 3513
f 3543 3513 3515
f 3515 3517 3519
f 3519 3521 3523
f 3523 3525 3527
f 3527 3529 3531
f 3531 3533 3535
f 3535 3537 3539
f 3539 3541 3543
f 3543 3515 3519
f 3519 3523 3527
f 3527 3531 3535
f 3535 3539 3543
f 3543 3519 3527
f 3527 3535 3543
v 1.1200000 0.2820000 0.8000000
v 1.1200000 0.2820000 0.9300000
v 1.1131117 0.2833702 0.8000000
v 1.1131117 0.2833702 0.9300000
v 1.1072720 0.2872721 0.8000000
v 1.1072720 0.2872721 0.9300000
v 1.1033702 0.2931117 0.8000000
v 1.1033702 0.2931117 0.9300000
v 1.1020000 0.3000000 0.8000000
v 1.1020000 0.3000000 0.9300000
v 1.1033702 0.3068883 0.8000000
v 1.1033702 0.3068883 0.9300000
v 1.1072720 0.3127279 0.8000000
v 1.1072720 0.3127279 0.9300000
v 1.1131117 0.3166298 0.8000000
v 1.1131117 0.3166298 0.9300000
v 1.1200000 0.3180000 0.8000000
v 1.1200000 0.3180000 0.9300000
v 1.1268883 0.3166299 0.8000000
v 1.1268883 0.3166299 0.9300000
v 1.1327280 0.3127279 0.8000000
v 1.1327280 0.3127279 0.9300000
v 1.1366298 0.3068883 0.8000000
v 1.1366298 0.3068883 0.9300000
v 1.1380000 0.3000000 0.8000000
v 1.1380000 0.3000000 0.9300000
v 1.1366298 0.2931117 0.8000000
v 1.1366298 0.2931117 0.9300000
v 1.1327280 0.2872721 0.8000000
v 1.1327280 0.2872721 0.9300000
v 1.1268883 0.2833702 0.8000000
v 1.1268883 0.2833702 0.9300000
f 3545 3546 3548
f 3545 3548 3547
f 3547 3548 3550
f 3547 3550 3549
f 3549 3550 3552
f 3549 3552 3551
f 3551 3552 3554
f 3551 3554 3553
f 3553 3554 3556
f 3553 3556 3555
f 3555 3556 3558
f 3555 3558 3557
f 3557 3558 3560
f 3557 3560 3559
f 3559 3560 3562
f 3559 3562 3561
f 3561 3562 3564
f 3561 3564 3563
f 3563 3564 3566
f 3563 3566 3565
f 3565 3566 3568
f 3565 3568 3567
f 3567 3568 3570
f 3567 3570 3569
f 3569 3570 3572
f 3569 3572 3571
f 3571 3572 3574
f 3571 3574 3573
f 3550 3548 3546
f 3546 3576 3574
f 3574 3572 3570
f 3570 3568 3566
f 3566 3564 3562
f 3562 3560 3558
f 3558 3556 3554
f 3554 3552 3550
f 3550 3546 3574
f 3574 3570 3566
f 3566 3562 3558
f 3558 3554 3550
f 3550 3574 3566
f 3566 3558 3550
f 3573 3574 3576
f 3573 3576 3575
f 3575 3576 3546
f 3575 3546 3545
f 3575 3545 3547
f 3547 3549 3551
f 3551 3553 3555
f 3555 3557 3559
f 3559 3561 3563
f 3563 3565 3567
f 3567 3569 3571
f 3571 3573 3575
f 3575 3547 3551
f 3551 3555 3559
f 3559 3563 3567
f 3567 3571 3575
f 3575 3551 3559
f 3559 3567 3575
v 0.7120000 -0.4880000 0.9300000
v 0.7120000 -0.5000000 0.9420000
v 0.7000000 -0.4880000 0.9420000
v 0.7120000 -0.4939921 0.9316031
v 0.7060078 -0.4880000 0.9316031
v 0.7062615 -0.4937386 0.9331604
v 0.7060078 -0.4983969 0.9420000
v 0.7120000 -0.4983969 0.9360079
v 0.7062615 -0.4968396 0.9362615
v 0.7016032 -0.4880000 0.9360079
v 0.7016032 -0.4939921 0.9420000
v 0.7031604 -0.4937386 0.9362615
v 0.7120000 -0.5000000 0.9480000
v 0.7120000 -0.4880000 0.9600000
v 0.7000000 -0.4880000 0.9480000
v 0.7120000 -0.4983969 0.9539921
v 0.7060078 -0.4983969 0.9480000
v 0.7062615 -0.4968396 0.9537385
v 0.7060078 -0.4880000 0.9583969
v 0.7120000 -0.4939921 0.9583969
v 0.7062615 -0.4937386 0.9568396
v 0.7016032 -0.4939921 0.9480000
v 0.7016032 -0.4880000 0.9539921
v 0.7031604 -0.4937386 0.9537385
v 0.7120000 0.4880000 0.9300000
v 0.7000000 0.4880000 0.9420000
v 0.7120000 0.5000000 0.9420000
v 0.7060078 0.4880000 0.9316031
v 0.7120000 0.4939921 0.9316031
v 0.7062615 0.4937386 0.9331604
v 0.7016032 0.4939921 0.9420000
v 0.7016032 0.4880000 0.9360079
v 0.7031604 0.4937386 0.9362615
v 0.7120000 0.4983969 0.9360079
v 0.7060078 0.4983969 0.9420000
v 0.7062615 0.4968396 0.9362615
v 0.7120000 0.4880000 0.9600000
v 0.7120000 0.5000000 0.9480000
v 0.7000000 0.4880000 0.9480000
v 0.7120000 0.4939921 0.9583969
v 0.7060078 0.4880000 0.9583969
v 0.7062615 0.4937386 0.9568396
v 0.7060078 0.4983969 0.9480000
v 0.7120000 0.4983969 0.9539921
v 0.7062615 0.4968396 0.9537385
v 0.7016032 0.4880000 0.9539921
v 0.7016032 0.4939921 0.9480000
v 0.7031604 0.4937386 0.9537385
v 1.1880000 -0.4880000 0.9300000
v 1.2000000 -0.4880000 0.9420000
v 1.1880000 -0.5000000 0.9420000
v 1.1939921 -0.4880000 0.9316031
v 1.1880000 -0.4939921 0.9316031
v 1.1937386 -0.4937386 0.9331604
v 1.1983968 -0.4939921 0.9420000
v 1.1983968 -0.4880000 0.9360079
v 1.1968396 -0.4937386 0.9362615
v 1.1880000 -0.4983969 0.9360079
v 1.1939921 -0.4983969 0.9420000
v 1.1937386 -0.4968396 0.9362615
v 1.1880000 -0.4880000 0.9600000
v 1.1880000 -0.5000000 0.9480000
v 1.2000000 -0.4880000 0.9480000
v 1.1880000 -0.4939921 0.9583969
v 1.1939921 -0.4880000 0.9583969
v 1.1937386 -0.4937386 0.9568396
v 1.1939921 -0.4983969 0.9480000
v 1.1880000 -0.4983969 0.9539921
v 1.1937386 -0.4968396 0.9537385
v 1.1983968 -0.4880000 0.9539921
v 1.1983968 -0.4939921 0.9480000
v 1.1968396 -0.4937386 0.9537385
v 1.1880000 0.4880000 0.9300000
v 1.1880000 0.5000000 0.9420000
v 1.2000000 0.4880000 0.9420000
v 1.1880000 0.4939921 0.9316031
v 1.1939921 0.4880000 0.9316031
v 1.1937386 0.4937386 0.9331604
v 1.1939921 0.4983969 0.9420000
v 1.1880000 0.4983969 0.9360079
v 1.1937386 0.4968396 0.9362615
v 1.1983968 0.4880000 0.9360079
v 1.1983968 0.4939921 0.9420000
v 1.1968396 0.4937386 0.9362615
v 1.1880000 0.4880000 0.9600000
v 1.2000000 0.4880000 0.9480000
v 1.1880000 0.5000000 0.9480000
v 1.1939921 0.4880000 0.9583969
v 1.1880000 0.4939921 0.9583969
v 1.1937386 0.4937386 0.9568396
v 1.1983968 0.4939921 0.9480000
v 1.1983968 0.4880000 0.9539921
v 1.1968396 0.4937386 0.9537385
v 1.1880000 0.4983969 0.9539921
v 1.1939921 0.4983969 0.9480000
v 1.1937386 0.4968396 0.9537385
f 3577 3580 3582
f 3577 3582 3581
f 3580 3584 3585
f 3580 3585 3582
f 3578 3583 3585
f 3578 3585 3584
f 3583 3587 3588
f 3583 3588 3585
f 3579 3586 3588
f 3579 3588 3587
f 3586 3581 3582
f 3586 3582 3588
f 3582 3585 3588
f 3589 3592 3594
f 3589 3594 3593
f 3592 3596 3597
f 3592 3597 3594
f 3590 3595 3597
f 3590 3597 3596
f 3595 3599 3600
f 3595 3600 3597
f 3591 3598 3600
f 3591 3600 3599
f 3598 3593 3594
f 3598 3594 3600
f 3594 3597 3600
f 3601 3604 3606
f 3601 3606 3605
f 3604 3608 3609
f 3604 3609 3606
f 3602 3607 3609
f 3602 3609 3608
f 3607 3611 3612
f 3607 3612 3609
f 3603 3610 3612
f 3603 3612 3611
f 3610 3605 3606
f 3610 3606 3612
f 3606 3609 3612
f 3613 3616 3618
f 3613 3618 3617
f 3616 3620 3621
f 3616 3621 3618
f 3614 3619 3621
f 3614 3621 3620
f 3619 3623 3624
f 3619 3624 3621
f 3615 3622 3624
f 3615 3624 3623
f 3622 3617 3618
f 3622 3618 3624
f 3618 3621 3624
f 3625 3628 3630
f 3625 3630 3629
f 3628 3632 3633
f 3628 3633 3630
f 3626 3631 3633
f 3626 3633 3632
f 3631 3635 3636
f 3631 3636 3633
f 3627 3634 3636
f 3627 3636 3635
f 3634 3629 3630
f 3634 3630 3636
f 3630 3633 3636
f 3637 3640 3642
f 3637 3642 3641
f 3640 3644 3645
f 3640 3645 3642
f 3638 3643 3645
f 3638 3645 3644
f 3643 3647 3648
f 3643 3648 3645
f 3639 3646 3648
f 3639 3648 3647
f 3646 3641 3642
f 3646 3642 3648
f 3642 3645 3648
f 3649 3652 3654
f 3649 3654 3653
f 3652 3656 3657
f 3652 3657 3654
f 3650 3655 3657
f 3650 3657 3656
f 3655 3659 3660
f 3655 3660 3657
f 3651 3658 3660
f 3651 3660 3659
f 3658 3653 3654
f 3658 3654 3660
f 3654 3657 3660
f 3661 3664 3666
f 3661 3666 3665
f 3664 3668 3669
f 3664 3669 3666
f 3662 3667 3669
f 3662 3669 3668
f 3667 3671 3672
f 3667 3672 3669
f 3663 3670 3672
f 3663 3672 3671
f 3670 3665 3666
f 3670 3666 3672
f 3666 3669 3672
f 3601 3577 3581
f 3601 3581 3604
f 3604 3581 3586
f 3604 3586 3608
f 3608 3586 3579
f 3608 3579 3602
f 3578 3589 3593
f 3578 3593 3583
f 3583 3593 3598
f 3583 3598 3587
f 3587 3598 3591
f 3587 3591 3579
f 3590 3613 3617
f 3590 3617 3595
f 3595 3617 3622
f 3595 3622 3599
f 3599 3622 3615
f 3599 3615 3591
f 3614 3603 3611
f 3614 3611 3619
f 3619 3611 3607
f 3619 3607 3623
f 3623 3607 3602
f 3623 3602 3615
f 3649 3601 3605
f 3649 3605 3652
f 3652 3605 3610
f 3652 3610 3656
f 3656 3610 3603
f 3656 3603 3650
f 3613 3661 3665
f 3613 3665 3616
f 3616 3665 3670
f 3616 3670 3620
f 3620 3670 3663
f 3620 3663 3614
f 3662 3651 3659
f 3662 3659 3667
f 3667 3659 3655
f 3667 3655 3671
f 3671 3655 3650
f 3671 3650 3663
f 3625 3649 3653
f 3625 3653 3628
f 3628 3653 3658
f 3628 3658 3632
f 3632 3658 3651
f 3632 3651 3626
f 3661 3637 3641
f 3661 3641 3664
f 3664 3641 3646
f 3664 3646 3668
f 3668 3646 3639
f 3668 3639 3662
f 3638 3627 3635
f 3638 3635 3643
f 3643 3635 3631
f 3643 3631 3647
f 3647 3631 3626
f 3647 3626 3639
f 3577 3625 3629
f 3577 3629 3580
f 3580 3629 3634
f 3580 3634 3584
f 3584 3634 3627
f 3584 3627 3578
f 3637 3590 3596
f 3637 3596 3640
f 3640 3596 3592
f 3640 3592 3644
f 3644 3592 3589
f 3644 3589 3638
f 3601 3649 3625
f 3601 3625 3577
f 3579 3591 3615
f 3579 3615 3602
f 3627 3638 3589
f 3627 3589 3578
f 3661 3613 3590
f 3661 3590 3637
f 3603 3614 3663
f 3603 3663 3650
f 3651 3662 3639
f 3651 3639 3626
v 0.7650000 -0.4500000 0.9600000
v 0.7650000 -0.4800000 0.9900000
v 0.7350000 -0.4500000 0.9900000
v 0.7650000 -0.4649802 0.9640079
v 0.7500197 -0.4499999 0.9640079
v 0.7506536 -0.4643463 0.9679011
v 0.7500197 -0.4759921 0.9900000
v 0.7650000 -0.4759921 0.9750197
v 0.7506536 -0.4720989 0.9756536
v 0.7390078 -0.4499999 0.9750197
v 0.7390078 -0.4649802 0.9900000
v 0.7429010 -0.4643463 0.9756536
v 0.7650000 -0.4800000 1.0100000
v 0.7650000 -0.4500000 1.0400000
v 0.7350000 -0.4500000 1.0100000
v 0.7650000 -0.4759921 1.0249803
v 0.7500197 -0.4759921 1.0100000
v 0.7506536 -0.4720989 1.0243464
v 0.7500197 -0.4499999 1.0359921
v 0.7650000 -0.4649802 1.0359921
v 0.7506536 -0.4643463 1.0320990
v 0.7390078 -0.4649802 1.0100000
v 0.7390078 -0.4499999 1.0249803
v 0.7429010 -0.4643463 1.0243464
v 0.7650000 0.4500000 0.9600000
v 0.7350000 0.4500000 0.9900000
v 0.7650000 0.4800000 0.9900000
v 0.7500197 0.4500000 0.9640079
v 0.7650000 0.4649803 0.9640079
v 0.7506536 0.4643463 0.9679011
v 0.7390078 0.4649803 0.9900000
v 0.7390078 0.4500000 0.9750197
v 0.7429010 0.4643463 0.9756536
v 0.7650000 0.4759921 0.9750197
v 0.7500197 0.4759921 0.9900000
v 0.7506536 0.4720990 0.9756536
v 0.7650000 0.4500000 1.0400000
v 0.7650000 0.4800000 1.0100000
v 0.7350000 0.4500000 1.0100000
v 0.7650000 0.4649802 1.0359921
v 0.7500197 0.4499999 1.0359921
v 0.7506536 0.4643463 1.0320990
v 0.7500197 0.4759921 1.0100000
v 0.7650000 0.4759921 1.0249803
v 0.7506536 0.4720989 1.0243464
v 0.7390078 0.4499999 1.0249803
v 0.7390078 0.4649802 1.0100000
v 0.7429010 0.4643463 1.0243464
v 1.1450000 -0.4500000 0.9600000
v 1.1750000 -0.4500000 0.9900000
v 1.1450000 -0.4800000 0.9900000
v 1.1599803 -0.4500000 0.9640079
v 1.1450000 -0.4649803 0.9640079
v 1.1593463 -0.4643463 0.9679011
v 1.1709921 -0.4649803 0.9900000
v 1.1709921 -0.4500000 0.9750197
v 1.1670990 -0.4643463 0.9756536
v 1.1450000 -0.4759921 0.9750197
v 1.1599803 -0.4759921 0.9900000
v 1.1593463 -0.4720990 0.9756536
v 1.1450000 -0.4500000 1.0400000
v 1.1450000 -0.4800000 1.0100000
v 1.1750000 -0.4500000 1.0100000
v 1.1450000 -0.4649802 1.0359921
v 1.1599803 -0.4499999 1.0359921
v 1.1593463 -0.4643463 1.0320990
v 1.1599803 -0.4759921 1.0100000
v 1.1450000 -0.4759921 1.0249803
v 1.1593463 -0.4720989 1.0243464
v 1.1709921 -0.4499999 1.0249803
v 1.1709921 -0.4649802 1.0100000
v 1.1670990 -0.4643463 1.0243464
v 1.1450000 0.4500000 0.9600000
v 1.1450000 0.4800000 0.9900000
v 1.1750000 0.4500000 0.9900000
v 1.1450000 0.4649802 0.9640079
v 1.1599803 0.4499999 0.9640079
v 1.1593463 0.4643463 0.9679011
v 1.1599803 0.4759921 0.9900000
v 1.1450000 0.4759921 0.9750197
v 1.1593463 0.4720989 0.9756536
v 1.1709921 0.4499999 0.9750197
v 1.1709921 0.4649802 0.9900000
v 1.1670990 0.4643463 0.9756536
v 1.1450000 0.4500000 1.0400000
v 1.1750000 0.4500000 1.0100000
v 1.1450000 0.4800000 1.0100000
v 1.1599803 0.4500000 1.0359921
v 1.1450000 0.4649803 1.0359921
v 1.1593463 0.4643463 1.0320990
v 1.1709921 0.4649803 1.0100000
v 1.1709921 0.4500000 1.0249803
v 1.1670990 0.4643463 1.0243464
v 1.1450000 0.4759921 1.0249803
v 1.1599803 0.4759921 1.0100000
v 1.1593463 0.4720990 1.0243464
f 3673 3676 3678
f 3673 3678 3677
f 3676 3680 3681
f 3676 3681 3678
f 3674 3679 3681
f 3674 3681 3680
f 3679 3683 3684
f 3679 3684 3681
f 3675 3682 3684
f 3675 3684 3683
f 3682 3677 3678
f 3682 3678 3684
f 3678 3681 3684
f 3685 3688 3690
f 3685 3690 3689
f 3688 3692 3693
f 3688 3693 3690
f 3686 3691 3693
f 3686 3693 3692
f 3691 3695 3696
f 3691 3696 3693
f 3687 3694 3696
f 3687 3696 3695
f 3694 3689 3690
f 3694 3690 3696
f 3690 3693 3696
f 3697 3700 3702
f 3697 3702 3701
f 3700 3704 3705
f 3700 3705 3702
f 3698 3703 3705
f 3698 3705 3704
f 3703 3707 3708
f 3703 3708 3705
f 3699 3706 3708
f 3699 3708 3707
f 3706 3701 3702
f 3706 3702 3708
f 3702 3705 3708
f 3709 3712 3714
f 3709 3714 3713
f 3712 3716 3717
f 3712 3717 3714
f 3710 3715 3717
f 3710 3717 3716
f 3715 3719 3720
f 3715 3720 3717
f 3711 3718 3720
f 3711 3720 3719
f 3718 3713 3714
f 3718 3714 3720
f 3714 3717 3720
f 3721 3724 3726
f 3721 3726 3725
f 3724 3728 3729
f 3724 3729 3726
f 3722 3727 3729
f 3722 3729 3728
f 3727 3731 3732
f 3727 3732 3729
f 3723 3730 3732
f 3723 3732 3731
f 3730 3725 3726
f 3730 3726 3732
f 3726 3729 3732
f 3733 3736 3738
f 3733 3738 3737
f 3736 3740 3741
f 3736 3741 3738
f 3734 3739 3741
f 3734 3741 3740
f 3739 3743 3744
f 3739 3744 3741
f 3735 3742 3744
f 3735 3744 3743
f 3742 3737 3738
f 3742 3738 3744
f 3738 3741 3744
f 3745 3748 3750
f 3745 3750 3749
f 3748 3752 3753
f 3748 3753 3750
f 3746 3751 3753
f 3746 3753 3752
f 3751 3755 3756
f 3751 3756 3753
f 3747 3754 3756
f 3747 3756 3755
f 3754 3749 3750
f 3754 3750 3756
f 3750 3753 3756
f 3757 3760 3762
f 3757 3762 3761
f 3760 3764 3765
f 3760 3765 3762
f 3758 3763 3765
f 3758 3765 3764
f 3763 3767 3768
f 3763 3768 3765
f 3759 3766 3768
f 3759 3768 3767
f 3766 3761 3762
f 3766 3762 3768
f 3762 3765 3768
f 3697 3673 3677
f 3697 3677 3700
f 3700 3677 3682
f 3700 3682 3704
f 3704 3682 3675
f 3704 3675 3698
f 3674 3685 3689
f 3674 3689 3679
f 3679 3689 3694
f 3679 3694 3683
f 3683 3694 3687
f 3683 3687 3675
f 3686 3709 3713
f 3686 3713 3691
f 3691 3713 3718
f 3691 3718 3695
f 3695 3718 3711
f 3695 3711 3687
f 3710 3699 3707
f 3710 3707 3715
f 3715 3707 3703
f 3715 3703 3719
f 3719 3703 3698
f 3719 3698 3711
f 3745 3697 3701
f 3745 3701 3748
f 3748 3701 3706
f 3748 3706 3752
f 3752 3706 3699
f 3752 3699 3746
f 3709 3757 3761
f 3709 3761 3712
f 3712 3761 3766
f 3712 3766 3716
f 3716 3766 3759
f 3716 3759 3710
f 3758 3747 3755
f 3758 3755 3763
f 3763 3755 3751
f 3763 3751 3767
f 3767 3751 3746
f 3767 3746 3759
f 3721 3745 3749
f 3721 3749 3724
f 3724 3749 3754
f 3724 3754 3728
f 3728 3754 3747
f 3728 3747 3722
f 3757 3733 3737
f 3757 3737 3760
f 3760 3737 3742
f 3760 3742 3764
f 3764 3742 3735
f 3764 3735 3758
f 3734 3723 3731
f 3734 3731 3739
f 3739 3731 3727
f 3739 3727 3743
f 3743 3727 3722
f 3743 3722 3735
f 3673 3721 3725
f 3673 3725 3676
f 3676 3725 3730
f 3676 3730 3680
f 3680 3730 3723
f 3680 3723 3674
f 3733 3686 3692
f 3733 3692 3736
f 3736 3692 3688
f 3736 3688 3740
f 3740 3688 3685
f 3740 3685 3734
f 3697 3745 3721
f 3697 3721 3673
f 3675 3687 3711
f 3675 3711 3698
f 3723 3734 3685
f 3723 3685 3674
f 3757 3709 3686
f 3757 3686 3733
f 3699 3710 3759
f 3699 3759 3746
f 3747 3758 3735
f 3747 3735 3722
v 0.7000000 -0.4550000 0.9600000
v 0.7000000 -0.4800000 0.9850000
v 0.6750000 -0.4550000 0.9850000
v 0.7000000 -0.4674835 0.9633399
v 0.6875164 -0.4549999 0.9633399
v 0.6880447 -0.4669552 0.9665841
v 0.6875164 -0.4766600 0.9850000
v 0.7000000 -0.4766600 0.9725164
v 0.6880447 -0.4734157 0.9730447
v 0.6783399 -0.4549999 0.9725164
v 0.6783399 -0.4674835 0.9850000
v 0.6815842 -0.4669552 0.9730447
v 0.7000000 -0.4800000 1.3149999
v 0.7000000 -0.4550000 1.3399999
v 0.6750000 -0.4550000 1.3149999
v 0.7000000 -0.4766600 1.3274835
v 0.6875164 -0.4766600 1.3149999
v 0.6880447 -0.4734157 1.3269553
v 0.6875164 -0.4549999 1.3366600
v 0.7000000 -0.4674835 1.3366600
v 0.6880447 -0.4669552 1.3334157
v 0.6783399 -0.4674835 1.3149999
v 0.6783399 -0.4549999 1.3274835
v 0.6815842 -0.4669552 1.3269553
v 0.7000000 0.4550000 0.9600000
v 0.6750000 0.4550000 0.9850000
v 0.7000000 0.4800000 0.9850000
v 0.6875164 0.4550000 0.9633399
v 0.7000000 0.4674836 0.9633399
v 0.6880447 0.4669553 0.9665841
v 0.6783399 0.4674836 0.9850000
v 0.6783399 0.4550000 0.9725164
v 0.6815842 0.4669553 0.9730447
v 0.7000000 0.4766601 0.9725164
v 0.6875164 0.4766601 0.9850000
v 0.6880447 0.4734158 0.9730447
v 0.7000000 0.4550000 1.3399999
v 0.7000000 0.4800000 1.3149999
v 0.6750000 0.4550000 1.3149999
v 0.7000000 0.4674835 1.3366600
v 0.6875164 0.4549999 1.3366600
v 0.6880447 0.4669552 1.3334157
v 0.6875164 0.4766600 1.3149999
v 0.7000000 0.4766600 1.3274835
v 0.6880447 0.4734157 1.3269553
v 0.6783399 0.4549999 1.3274835
v 0.6783399 0.4674835 1.3149999
v 0.6815842 0.4669552 1.3269553
v 0.7100000 -0.4550000 0.9600000
v 0.7350000 -0.4550000 0.9850000
v 0.7100000 -0.4800000 0.9850000
v 0.7224836 -0.4550000 0.9633399
v 0.7100000 -0.4674836 0.9633399
v 0.7219553 -0.4669553 0.9665841
v 0.7316601 -0.4674836 0.9850000
v 0.7316601 -0.4550000 0.9725164
v 0.7284158 -0.4669553 0.9730447
v 0.7100000 -0.4766601 0.9725164
v 0.7224836 -0.4766601 0.9850000
v 0.7219553 -0.4734158 0.9730447
v 0.7100000 -0.4550000 1.3399999
v 0.7100000 -0.4800000 1.3149999
v 0.7350000 -0.4550000 1.3149999
v 0.7100000 -0.4674835 1.3366600
v 0.7224836 -0.4549999 1.3366600
v 0.7219553 -0.4669552 1.3334157
v 0.7224836 -0.4766600 1.3149999
v 0.7100000 -0.4766600 1.3274835
v 0.7219553 -0.4734157 1.3269553
v 0.7316601 -0.4549999 1.3274835
v 0.7316601 -0.4674835 1.3149999
v 0.7284158 -0.4669552 1.3269553
v 0.7100000 0.4550000 0.9600000
v 0.7100000 0.4800000 0.9850000
v 0.7350000 0.4550000 0.9850000
v 0.7100000 0.4674835 0.9633399
v 0.7224836 0.4549999 0.9633399
v 0.7219553 0.4669552 0.9665841
v 0.7224836 0.4766600 0.9850000
v 0.7100000 0.4766600 0.9725164
v 0.7219553 0.4734157 0.9730447
v 0.7316601 0.4549999 0.9725164
v 0.7316601 0.4674835 0.9850000
v 0.7284158 0.4669552 0.9730447
v 0.7100000 0.4550000 1.3399999
v 0.7350000 0.4550000 1.3149999
v 0.7100000 0.4800000 1.3149999
v 0.7224836 0.4550000 1.3366600
v 0.7100000 0.4674836 1.3366600
v 0.7219553 0.4669553 1.3334157
v 0.7316601 0.4674836 1.3149999
v 0.7316601 0.4550000 1.3274835
v 0.7284158 0.4669553 1.3269553
v 0.7100000 0.4766601 1.3274835
v 0.7224836 0.4766601 1.3149999
v 0.7219553 0.4734158 1.3269553
f 3769 3772 3774
f 3769 3774 3773
f 3772 3776 3777
f 3772 3777 3774
f 3770 3775 3777
f 3770 3777 3776
f 3775 3779 3780
f 3775 3780 3777
f 3771 3778 3780
f 3771 3780 3779
f 3778 3773 3774
f 3778 3774 3780
f 3774 3777 3780
f 3781 3784 3786
f 3781 3786 3785
f 3784 3788 3789
f 3784 3789 3786
f 3782 3787 3789
f 3782 3789 3788
f 3787 3791 3792
f 3787 3792 3789
f 3783 3790 3792
f 3783 3792 3791
f 3790 3785 3786
f 3790 3786 3792
f 3786 3789 3792
f 3793 3796 3798
f 3793 3798 3797
f 3796 3800 3801
f 3796 3801 3798
f 3794 3799 3801
f 3794 3801 3800
f 3799 3803 3804
f 3799 3804 3801
f 3795 3802 3804
f 3795 3804 3803
f 3802 3797 3798
f 3802 3798 3804
f 3798 3801 3804
f 3805 3808 3810
f 3805 3810 3809
f 3808 3812 3813
f 3808 3813 3810
f 3806 3811 3813
f 3806 3813 3812
f 3811 3815 3816
f 3811 3816 3813
f 3807 3814 3816
f 3807 3816 3815
f 3814 3809 3810
f 3814 3810 3816
f 3810 3813 3816
f 3817 3820 3822
f 3817 3822 3821
f 3820 3824 3825
f 3820 3825 3822
f 3818 3823 3825
f 3818 3825 3824
f 3823 3827 3828
f 3823 3828 3825
f 3819 3826 3828
f 3819 3828 3827
f 3826 3821 3822
f 3826 3822 3828
f 3822 3825 3828
f 3829 3832 3834
f 3829 3834 3833
f 3832 3836 3837
f 3832 3837 3834
f 3830 3835 3837
f 3830 3837 3836
f 3835 3839 3840
f 3835 3840 3837
f 3831 3838 3840
f 3831 3840 3839
f 3838 3833 3834
f 3838 3834 3840
f 3834 3837 3840
f 3841 3844 3846
f 3841 3846 3845
f 3844 3848 3849
f 3844 3849 3846
f 3842 3847 3849
f 3842 3849 3848
f 3847 3851 3852
f 3847 3852 3849
f 3843 3850 3852
f 3843 3852 3851
f 3850 3845 3846
f 3850 3846 3852
f 3846 3849 3852
f 3853 3856 3858
f 3853 3858 3857
f 3856 3860 3861
f 3856 3861 3858
f 3854 3859 3861
f 3854 3861 3860
f 3859 3863 3864
f 3859 3864 3861
f 3855 3862 3864
f 3855 3864 3863
f 3862 3857 3858
f 3862 3858 3864
f 3858 3861 3864
f 3793 3769 3773
f 3793 3773 3796
f 3796 3773 3778
f 3796 3778 3800
f 3800 3778 3771
f 3800 3771 3794
f 3770 3781 3785
f 3770 3785 3775
f 3775 3785 3790
f 3775 3790 3779
f 3779 3790 3783
f 3779 3783 3771
f 3782 3805 3809
f 3782 3809 3787
f 3787 3809 3814
f 3787 3814 3791
f 3791 3814 3807
f 3791 3807 3783
f 3806 3795 3803
f 3806 3803 3811
f 3811 3803 3799
f 3811 3799 3815
f 3815 3799 3794
f 3815 3794 3807
f 3841 3793 3797
f 3841 3797 3844
f 3844 3797 3802
f 3844 3802 3848
f 3848 3802 3795
f 3848 3795 3842
f 3805 3853 3857
f 3805 3857 3808
f 3808 3857 3862
f 3808 3862 3812
f 3812 3862 3855
f 3812 3855 3806
f 3854 3843 3851
f 3854 3851 3859
f 3859 3851 3847
f 3859 3847 3863
f 3863 3847 3842
f 3863 3842 3855
f 3817 3841 3845
f 3817 3845 3820
f 3820 3845 3850
f 3820 3850 3824
f 3824 3850 3843
f 3824 3843 3818
f 3853 3829 3833
f 3853 3833 3856
f 3856 3833 3838
f 3856 3838 3860
f 3860 3838 3831
f 3860 3831 3854
f 3830 3819 3827
f 3830 3827 3835
f 3835 3827 3823
f 3835 3823 3839
f 3839 3823 3818
f 3839 3818 3831
f 3769 3817 3821
f 3769 3821 3772
f 3772 3821 3826
f 3772 3826 3776
f 3776 3826 3819
f 3776 3819 3770
f 3829 3782 3788
f 3829 3788 3832
f 3832 3788 3784
f 3832 3784 3836
f 3836 3784 3781
f 3836 3781 3830
f 3793 3841 3817
f 3793 3817 3769
f 3771 3783 3807
f 3771 3807 3794
f 3819 3830 3781
f 3819 3781 3770
f 3853 3805 3782
f 3853 3782 3829
f 3795 3806 3855
f 3795 3855 3842
f 3843 3854 3831
f 3843 3831 3818
v 1.6330000 -0.3230000 0.7750000
v 1.6330000 -0.3260000 0.7780000
v 1.6300000 -0.3230000 0.7780000
v 1.6329999 -0.3244980 0.7754008
v 1.6315019 -0.3230000 0.7754008
v 1.6315653 -0.3244346 0.7757901
v 1.6315019 -0.3255992 0.7780000
v 1.6329999 -0.3255992 0.7765020
v 1.6315653 -0.3252099 0.7765654
v 1.6304008 -0.3230000 0.7765020
v 1.6304008 -0.3244980 0.7780000
v 1.6307900 -0.3244346 0.7765654
v 1.6330000 -0.3260000 1.0970000
v 1.6330000 -0.3230000 1.1000000
v 1.6300000 -0.3230000 1.0970000
v 1.6329999 -0.3255992 1.0984980
v 1.6315019 -0.3255992 1.0970000
v 1.6315653 -0.3252099 1.0984347
v 1.6315019 -0.3230000 1.0995992
v 1.6329999 -0.3244980 1.0995992
v 1.6315653 -0.3244346 1.0992099
v 1.6304008 -0.3244980 1.0970000
v 1.6304008 -0.3230000 1.0984980
v 1.6307900 -0.3244346 1.0984347
v 1.6330000 -0.3170000 0.7750000
v 1.6300000 -0.3170000 0.7780000
v 1.6330000 -0.3140000 0.7780000
v 1.6315020 -0.3170000 0.7754008
v 1.6330000 -0.3155020 0.7754008
v 1.6315653 -0.3155653 0.7757901
v 1.6304008 -0.3155020 0.7780000
v 1.6304008 -0.3170000 0.7765020
v 1.6307901 -0.3155653 0.7765654
v 1.6330000 -0.3144008 0.7765020
v 1.6315020 -0.3144008 0.7780000
v 1.6315653 -0.3147901 0.7765654
v 1.6330000 -0.3170000 1.1000000
v 1.6330000 -0.3140000 1.0970000
v 1.6300000 -0.3170000 1.0970000
v 1.6329999 -0.3155020 1.0995992
v 1.6315019 -0.3170000 1.0995992
v 1.6315653 -0.3155653 1.0992099
v 1.6315019 -0.3144008 1.0970000
v 1.6329999 -0.3144008 1.0984980
v 1.6315653 -0.3147901 1.0984347
v 1.6304008 -0.3170000 1.0984980
v 1.6304008 -0.3155020 1.0970000
v 1.6307900 -0.3155653 1.0984347
v 2.3670001 -0.3230000 0.7750000
v 2.3699999 -0.3230000 0.7780000
v 2.3670001 -0.3260000 0.7780000
v 2.3684981 -0.3230000 0.7754008
v 2.3670001 -0.3244980 0.7754008
v 2.3684347 -0.3244346 0.7757901
v 2.3695991 -0.3244980 0.7780000
v 2.3695991 -0.3230000 0.7765020
v 2.3692098 -0.3244346 0.7765654
v 2.3670001 -0.3255992 0.7765020
v 2.3684981 -0.3255992 0.7780000
v 2.3684347 -0.3252099 0.7765654
v 2.3670001 -0.3230000 1.1000000
v 2.3670001 -0.3260000 1.0970000
v 2.3699999 -0.3230000 1.0970000
v 2.3670001 -0.3244980 1.0995992
v 2.3684981 -0.3230000 1.0995992
v 2.3684347 -0.3244346 1.0992099
v 2.3684981 -0.3255992 1.0970000
v 2.3670001 -0.3255992 1.0984980
v 2.3684347 -0.3252099 1.0984347
v 2.3695993 -0.3230000 1.0984980
v 2.3695993 -0.3244980 1.0970000
v 2.3692100 -0.3244346 1.0984347
v 2.3670001 -0.3170000 0.7750000
v 2.3670001 -0.3140000 0.7780000
v 2.3699999 -0.3170000 0.7780000
v 2.3670001 -0.3155020 0.7754008
v 2.3684981 -0.3170000 0.7754008
v 2.3684347 -0.3155653 0.7757901
v 2.3684981 -0.3144008 0.7780000
v 2.3670001 -0.3144008 0.7765020
v 2.3684347 -0.3147901 0.7765654
v 2.3695993 -0.3170000 0.7765020
v 2.3695993 -0.3155020 0.7780000
v 2.3692100 -0.3155653 0.7765654
v 2.3670001 -0.3170000 1.1000000
v 2.3699999 -0.3170000 1.0970000
v 2.3670001 -0.3140000 1.0970000
v 2.3684981 -0.3170000 1.0995992
v 2.3670001 -0.3155020 1.0995992
v 2.3684347 -0.3155653 1.0992099
v 2.3695991 -0.3155020 1.0970000
v 2.3695991 -0.3170000 1.0984980
v 2.3692098 -0.3155653 1.0984347
v 2.3670001 -0.3144008 1.0984980
v 2.3684981 -0.3144008 1.0970000
v 2.3684347 -0.3147901 1.0984347
f 3865 3868 3870
f 3865 3870 3869
f 3868 3872 3873
f 3868 3873 3870
f 3866 3871 3873
f 3866 3873 3872
f 3871 3875 3876
f 3871 3876 3873
f 3867 3874 3876
f 3867 3876 3875
f 3874 3869 3870
f 3874 3870 3876
f 3870 3873 3876
f 3877 3880 3882
f 3877 3882 3881
f 3880 3884 3885
f 3880 3885 3882
f 3878 3883 3885
f 3878 3885 3884
f 3883 3887 3888
f 3883 3888 3885
f 3879 3886 3888
f 3879 3888 3887
f 3886 3881 3882
f 3886 3882 3888
f 3882 3885 3888
f 3889 3892 3894
f 3889 3894 3893
f 3892 3896 3897
f 3892 3897 3894
f 3890 3895 3897
f 3890 3897 3896
f 3895 3899 3900
f 3895 3900 3897
f 3891 3898 3900
f 3891 3900 3899
f 3898 3893 3894
f 3898 3894 3900
f 3894 3897 3900
f 3901 3904 3906
f 3901 3906 3905
f 3904 3908 3909
f 3904 3909 3906
f 3902 3907 3909
f 3902 3909 3908
f 3907 3911 3912
f 3907 3912 3909
f 3903 3910 3912
f 3903 3912 3911
f 3910 3905 3906
f 3910 3906 3912
f 3906 3909 3912
f 3913 3916 3918
f 3913 3918 3917
f 3916 3920 3921
f 3916 3921 3918
f 3914 3919 3921
f 3914 3921 3920
f 3919 3923 3924
f 3919 3924 3921
f 3915 3922 3924
f 3915 3924 3923
f 3922 3917 3918
f 3922 3918 3924
f 3918 3921 3924
f 3925 3928 3930
f 3925 3930 3929
f 3928 3932 3933
f 3928 3933 3930
f 3926 3931 3933
f 3926 3933 3932
f 3931 3935 3936
f 3931 3936 3933
f 3927 3934 3936
f 3927 3936 3935
f 3934 3929 3930
f 3934 3930 3936
f 3930 3933 3936
f 3937 3940 3942
f 3937 3942 3941
f 3940 3944 3945
f 3940 3945 3942
f 3938 3943 3945
f 3938 3945 3944
f 3943 3947 3948
f 3943 3948 3945
f 3939 3946 3948
f 3939 3948 3947
f 3946 3941 3942
f 3946 3942 3948
f 3942 3945 3948
f 3949 3952 3954
f 3949 3954 3953
f 3952 3956 3957
f 3952 3957 3954
f 3950 3955 3957
f 3950 3957 3956
f 3955 3959 3960
f 3955 3960 3957
f 3951 3958 3960
f 3951 3960 3959
f 3958 3953 3954
f 3958 3954 3960
f 3954 3957 3960
f 3889 3865 3869
f 3889 3869 3892
f 3892 3869 3874
f 3892 3874 3896
f 3896 3874 3867
f 3896 3867 3890
f 3866 3877 3881
f 3866 3881 3871
f 3871 3881 3886
f 3871 3886 3875
f 3875 3886 3879
f 3875 3879 3867
f 3878 3901 3905
f 3878 3905 3883
f 3883 3905 3910
f 3883 3910 3887
f 3887 3910 3903
f 3887 3903 3879
f 3902 3891 3899
f 3902 3899 3907
f 3907 3899 3895
f 3907 3895 3911
f 3911 3895 3890
f 3911 3890 3903
f 3937 3889 3893
f 3937 3893 3940
f 3940 3893 3898
f 3940 3898 3944
f 3944 3898 3891
f 3944 3891 3938
f 3901 3949 3953
f 3901 3953 3904
f 3904 3953 3958
f 3904 3958 3908
f 3908 3958 3951
f 3908 3951 3902
f 3950 3939 3947
f 3950 3947 3955
f 3955 3947 3943
f 3955 3943 3959
f 3959 3943 3938
f 3959 3938 3951
f 3913 3937 3941
f 3913 3941 3916
f 3916 3941 3946
f 3916 3946 3920
f 3920 3946 3939
f 3920 3939 3914
f 3949 3925 3929
f 3949 3929 3952
f 3952 3929 3934
f 3952 3934 3956
f 3956 3934 3927
f 3956 3927 3950
f 3926 3915 3923
f 3926 3923 3931
f 3931 3923 3919
f 3931 3919 3935
f 3935 3919 3914
f 3935 3914 3927
f 3865 3913 3917
f 3865 3917 3868
f 3868 3917 3922
f 3868 3922 3872
f 3872 3922 3915
f 3872 3915 3866
f 3925 3878 3884
f 3925 3884 3928
f 3928 3884 3880
f 3928 3880 3932
f 3932 3880 3877
f 3932 3877 3926
f 3889 3937 3913
f 3889 3913 3865
f 3867 3879 3903
f 3867 3903 3890
f 3915 3926 3877
f 3915 3877 3866
f 3949 3901 3878
f 3949 3878 3925
f 3891 3902 3951
f 3891 3951 3938
f 3939 3950 3927
f 3939 3927 3914
v 1.6330000 0.3170000 0.7750000
v 1.6330000 0.3140000 0.7780000
v 1.6300000 0.3170000 0.7780000
v 1.6329999 0.3155020 0.7754008
v 1.6315019 0.3170000 0.7754008
v 1.6315653 0.3155653 0.7757901
v 1.6315019 0.3144008 0.7780000
v 1.6329999 0.3144008 0.7765020
v 1.6315653 0.3147901 0.7765654
v 1.6304008 0.3170000 0.7765020
v 1.6304008 0.3155020 0.7780000
v 1.6307900 0.3155653 0.7765654
v 1.6330000 0.3140000 1.0970000
v 1.6330000 0.3170000 1.1000000
v 1.6300000 0.3170000 1.0970000
v 1.6329999 0.3144008 1.0984980
v 1.6315019 0.3144008 1.0970000
v 1.6315653 0.3147901 1.0984347
v 1.6315019 0.3170000 1.0995992
v 1.6329999 0.3155020 1.0995992
v 1.6315653 0.3155653 1.0992099
v 1.6304008 0.3155020 1.0970000
v 1.6304008 0.3170000 1.0984980
v 1.6307900 0.3155653 1.0984347
v 1.6330000 0.3230000 0.7750000
v 1.6300000 0.3230000 0.7780000
v 1.6330000 0.3260000 0.7780000
v 1.6315020 0.3230000 0.7754008
v 1.6330000 0.3244980 0.7754008
v 1.6315653 0.3244346 0.7757901
v 1.6304008 0.3244980 0.7780000
v 1.6304008 0.3230000 0.7765020
v 1.6307901 0.3244346 0.7765654
v 1.6330000 0.3255992 0.7765020
v 1.6315020 0.3255992 0.7780000
v 1.6315653 0.3252099 0.7765654
v 1.6330000 0.3230000 1.1000000
v 1.6330000 0.3260000 1.0970000
v 1.6300000 0.3230000 1.0970000
v 1.6329999 0.3244980 1.0995992
v 1.6315019 0.3230000 1.0995992
v 1.6315653 0.3244346 1.0992099
v 1.6315019 0.3255992 1.0970000
v 1.6329999 0.3255992 1.0984980
v 1.6315653 0.3252099 1.0984347
v 1.6304008 0.3230000 1.0984980
v 1.6304008 0.3244980 1.0970000
v 1.6307900 0.3244346 1.0984347
v 2.3670001 0.3170000 0.7750000
v 2.3699999 0.3170000 0.7780000
v 2.3670001 0.3140000 0.7780000
v 2.3684981 0.3170000 0.7754008
v 2.3670001 0.3155020 0.7754008
v 2.3684347 0.3155653 0.7757901
v 2.3695991 0.3155020 0.7780000
v 2.3695991 0.3170000 0.7765020
v 2.3692098 0.3155653 0.7765654
v 2.3670001 0.3144008 0.7765020
v 2.3684981 0.3144008 0.7780000
v 2.3684347 0.3147901 0.7765654
v 2.3670001 0.3170000 1.1000000
v 2.3670001 0.3140000 1.0970000
v 2.3699999 0.3170000 1.0970000
v 2.3670001 0.3155020 1.0995992
v 2.3684981 0.3170000 1.0995992
v 2.3684347 0.3155653 1.0992099
v 2.3684981 0.3144008 1.0970000
v 2.3670001 0.3144008 1.0984980
v 2.3684347 0.3147901 1.0984347
v 2.3695993 0.3170000 1.0984980
v 2.3695993 0.3155020 1.0970000
v 2.3692100 0.3155653 1.0984347
v 2.3670001 0.3230000 0.7750000
v 2.3670001 0.3260000 0.7780000
v 2.3699999 0.3230000 0.7780000
v 2.3670001 0.3244980 0.7754008
v 2.3684981 0.3230000 0.7754008
v 2.3684347 0.3244346 0.7757901
v 2.3684981 0.3255992 0.7780000
v 2.3670001 0.3255992 0.7765020
v 2.3684347 0.3252099 0.7765654
v 2.3695993 0.3230000 0.7765020
v 2.3695993 0.3244980 0.7780000
v 2.3692100 0.3244346 0.7765654
v 2.3670001 0.3230000 1.1000000
v 2.3699999 0.3230000 1.0970000
v 2.3670001 0.3260000 1.0970000
v 2.3684981 0.3230000 1.0995992
v 2.3670001 0.3244980 1.0995992
v 2.3684347 0.3244346 1.0992099
v 2.3695991 0.3244980 1.0970000
v 2.3695991 0.3230000 1.0984980
v 2.3692098 0.3244346 1.0984347
v 2.3670001 0.3255992 1.0984980
v 2.3684981 0.3255992 1.0970000
v 2.3684347 0.3252099 1.0984347
f 3961 3964 3966
f 3961 3966 3965
f 3964 3968 3969
f 3964 3969 3966
f 3962 3967 3969
f 3962 3969 3968
f 3967 3971 3972
f 3967 3972 3969
f 3963 3970 3972
f 3963 3972 3971
f 3970 3965 3966
f 3970 3966 3972
f 3966 3969 3972
f 3973 3976 3978
f 3973 3978 3977
f 3976 3980 3981
f 3976 3981 3978
f 3974 3979 3981
f 3974 3981 3980
f 3979 3983 3984
f 3979 3984 3981
f 3975 3982 3984
f 3975 3984 3983
f 3982 3977 3978
f 3982 3978 3984
f 3978 3981 3984
f 3985 3988 3990
f 3985 3990 3989
f 3988 3992 3993
f 3988 3993 3990
f 3986 3991 3993
f 3986 3993 3992
f 3991 3995 3996
f 3991 3996 3993
f 3987 3994 3996
f 3987 3996 3995
f 3994 3989 3990
f 3994 3990 3996
f 3990 3993 3996
f 3997 4000 4002
f 3997 4002 4001
f 4000 4004 4005
f 4000 4005 4002
f 3998 4003 4005
f 3998 4005 4004
f 4003 4007 4008
f 4003 4008 4005
f 3999 4006 4008
f 3999 4008 4007
f 4006 4001 4002
f 4006 4002 4008
f 4002 4005 4008
f 4009 4012 4014
f 4009 4014 4013
f 4012 4016 4017
f 4012 4017 4014
f 4010 4015 4017
f 4010 4017 4016
f 4015 4019 4020
f 4015 4020 4017
f 4011 4018 4020
f 4011 4020 4019
f 4018 4013 4014
f 4018 4014 4020
f 4014 4017 4020
f 4021 4024 4026
f 4021 4026 4025
f 4024 4028 4029
f 4024 4029 4026
f 4022 4027 4029
f 4022 4029 4028
f 4027 4031 4032
f 4027 4032 4029
f 4023 4030 4032
f 4023 4032 4031
f 4030 4025 4026
f 4030 4026 4032
f 4026 4029 4032
f 4033 4036 4038
f 4033 4038 4037
f 4036 4040 4041
f 4036 4041 4038
f 4034 4039 4041
f 4034 4041 4040
f 4039 4043 4044
f 4039 4044 4041
f 4035 4042 4044
f 4035 4044 4043
f 4042 4037 4038
f 4042 4038 4044
f 4038 4041 4044
f 4045 4048 4050
f 4045 4050 4049
f 4048 4052 4053
f 4048 4053 4050
f 4046 4051 4053
f 4046 4053 4052
f 4051 4055 4056
f 4051 4056 4053
f 4047 4054 4056
f 4047 4056 4055
f 4054 4049 4050
f 4054 4050 4056
f 4050 4053 4056
f 3985 3961 3965
f 3985 3965 3988
f 3988 3965 3970
f 3988 3970 3992
f 3992 3970 3963
f 3992 3963 3986
f 3962 3973 3977
f 3962 3977 3967
f 3967 3977 3982
f 3967 3982 3971
f 3971 3982 3975
f 3971 3975 3963
f 3974 3997 4001
f 3974 4001 3979
f 3979 4001 4006
f 3979 4006 3983
f 3983 4006 3999
f 3983 3999 3975
f 3998 3987 3995
f 3998 3995 4003
f 4003 3995 3991
f 4003 3991 4007
f 4007 3991 3986
f 4007 3986 3999
f 4033 3985 3989
f 4033 3989 4036
f 4036 3989 3994
f 4036 3994 4040
f 4040 3994 3987
f 4040 3987 4034
f 3997 4045 4049
f 3997 4049 4000
f 4000 4049 4054
f 4000 4054 4004
f 4004 4054 4047
f 4004 4047 3998
f 4046 4035 4043
f 4046 4043 4051
f 4051 4043 4039
f 4051 4039 4055
f 4055 4039 4034
f 4055 4034 4047
f 4009 4033 4037
f 4009 4037 4012
f 4012 4037 4042
f 4012 4042 4016
f 4016 4042 4035
f 4016 4035 4010
f 4045 4021 4025
f 4045 4025 4048
f 4048 4025 4030
f 4048 4030 4052
f 4052 4030 4023
f 4052 4023 4046
f 4022 4011 4019
f 4022 4019 4027
f 4027 4019 4015
f 4027 4015 4031
f 4031 4015 4010
f 4031 4010 4023
f 3961 4009 4013
f 3961 4013 3964
f 3964 4013 4018
f 3964 4018 3968
f 3968 4018 4011
f 3968 4011 3962
f 4021 3974 3980
f 4021 3980 4024
f 4024 3980 3976
f 4024 3976 4028
f 4028 3976 3973
f 4028 3973 4022
f 3985 4033 4009
f 3985 4009 3961
f 3963 3975 3999
f 3963 3999 3986
f 4011 4022 3973
f 4011 3973 3962
f 4045 3997 3974
f 4045 3974 4021
f 3987 3998 4047
f 3987 4047 4034
f 4035 4046 4023
f 4035 4023 4010
v 1.6340001 -0.3260000 1.1000000
v 1.6340001 -0.3300000 1.1040000
v 1.6300000 -0.3260000 1.1040000
v 1.6340001 -0.3279974 1.1005344
v 1.6320026 -0.3260000 1.1005344
v 1.6320871 -0.3279128 1.1010535
v 1.6320026 -0.3294656 1.1040000
v 1.6340001 -0.3294656 1.1020026
v 1.6320871 -0.3289465 1.1020871
v 1.6305344 -0.3260000 1.1020026
v 1.6305344 -0.3279974 1.1040000
v 1.6310534 -0.3279128 1.1020871
v 1.6340001 -0.3300000 1.1160001
v 1.6340001 -0.3260000 1.1200000
v 1.6300000 -0.3260000 1.1160001
v 1.6340001 -0.3294656 1.1179974
v 1.6320026 -0.3294656 1.1160001
v 1.6320871 -0.3289465 1.1179129
v 1.6320026 -0.3260000 1.1194656
v 1.6340001 -0.3279974 1.1194656
v 1.6320871 -0.3279128 1.1189466
v 1.6305344 -0.3279974 1.1160001
v 1.6305344 -0.3260000 1.1179974
v 1.6310534 -0.3279128 1.1179129
v 1.6340001 0.3260000 1.1000000
v 1.6300000 0.3260000 1.1040000
v 1.6340001 0.3300000 1.1040000
v 1.6320026 0.3260000 1.1005344
v 1.6340001 0.3279974 1.1005344
v 1.6320871 0.3279128 1.1010535
v 1.6305344 0.3279974 1.1040000
v 1.6305344 0.3260000 1.1020026
v 1.6310534 0.3279128 1.1020871
v 1.6340001 0.3294656 1.1020026
v 1.6320026 0.3294656 1.1040000
v 1.6320871 0.3289465 1.1020871
v 1.6340001 0.3260000 1.1200000
v 1.6340001 0.3300000 1.1160001
v 1.6300000 0.3260000 1.1160001
v 1.6340001 0.3279974 1.1194656
v 1.6320026 0.3260000 1.1194656
v 1.6320871 0.3279128 1.1189466
v 1.6320026 0.3294656 1.1160001
v 1.6340001 0.3294656 1.1179974
v 1.6320871 0.3289465 1.1179129
v 1.6305344 0.3260000 1.1179974
v 1.6305344 0.3279974 1.1160001
v 1.6310534 0.3279128 1.1179129
v 2.3659999 -0.3260000 1.1000000
v 2.3699999 -0.3260000 1.1040000
v 2.3659999 -0.3300000 1.1040000
v 2.3679974 -0.3260000 1.1005344
v 2.3659999 -0.3279974 1.1005344
v 2.3679128 -0.3279128 1.1010535
v 2.3694656 -0.3279974 1.1040000
v 2.3694656 -0.3260000 1.1020026
v 2.3689466 -0.3279128 1.1020871
v 2.3659999 -0.3294656 1.1020026
v 2.3679974 -0.3294656 1.1040000
v 2.3679128 -0.3289465 1.1020871
v 2.3659999 -0.3260000 1.1200000
v 2.3659999 -0.3300000 1.1160001
v 2.3699999 -0.3260000 1.1160001
v 2.3659999 -0.3279974 1.1194656
v 2.3679974 -0.3260000 1.1194656
v 2.3679128 -0.3279128 1.1189466
v 2.3679974 -0.3294656 1.1160001
v 2.3659999 -0.3294656 1.1179974
v 2.3679128 -0.3289465 1.1179129
v 2.3694656 -0.3260000 1.1179974
v 2.3694656 -0.3279974 1.1160001
v 2.3689466 -0.3279128 1.1179129
v 2.3659999 0.3260000 1.1000000
v 2.3659999 0.3300000 1.1040000
v 2.3699999 0.3260000 1.1040000
v 2.3659999 0.3279974 1.1005344
v 2.3679974 0.3260000 1.1005344
v 2.3679128 0.3279128 1.1010535
v 2.3679974 0.3294656 1.1040000
v 2.3659999 0.3294656 1.1020026
v 2.3679128 0.3289465 1.1020871
v 2.3694656 0.3260000 1.1020026
v 2.3694656 0.3279974 1.1040000
v 2.3689466 0.3279128 1.1020871
v 2.3659999 0.3260000 1.1200000
v 2.3699999 0.3260000 1.1160001
v 2.3659999 0.3300000 1.1160001
v 2.3679974 0.3260000 1.1194656
v 2.3659999 0.3279974 1.1194656
v 2.3679128 0.3279128 1.1189466
v 2.3694656 0.3279974 1.1160001
v 2.3694656 0.3260000 1.1179974
v 2.3689466 0.3279128 1.1179129
v 2.3659999 0.3294656 1.1179974
v 2.3679974 0.3294656 1.1160001
v 2.3679128 0.3289465 1.1179129
f 4057 4060 4062
f 4057 4062 4061
f 4060 4064 4065
f 4060 4065 4062
f 4058 4063 4065
f 4058 4065 4064
f 4063 4067 4068
f 4063 4068 4065
f 4059 4066 4068
f 4059 4068 4067
f 4066 4061 4062
f 4066 4062 4068
f 4062 4065 4068
f 4069 4072 4074
f 4069 4074 4073
f 4072 4076 4077
f 4072 4077 4074
f 4070 4075 4077
f 4070 4077 4076
f 4075 4079 4080
f 4075 4080 4077
f 4071 4078 4080
f 4071 4080 4079
f 4078 4073 4074
f 4078 4074 4080
f 4074 4077 4080
f 4081 4084 4086
f 4081 4086 4085
f 4084 4088 4089
f 4084 4089 4086
f 4082 4087 4089
f 4082 4089 4088
f 4087 4091 4092
f 4087 4092 4089
f 4083 4090 4092
f 4083 4092 4091
f 4090 4085 4086
f 4090 4086 4092
f 4086 4089 4092
f 4093 4096 4098
f 4093 4098 4097
f 4096 4100 4101
f 4096 4101 4098
f 4094 4099 4101
f 4094 4101 4100
f 4099 4103 4104
f 4099 4104 4101
f 4095 4102 4104
f 4095 4104 4103
f 4102 4097 4098
f 4102 4098 4104
f 4098 4101 4104
f 4105 4108 4110
f 4105 4110 4109
f 4108 4112 4113
f 4108 4113 4110
f 4106 4111 4113
f 4106 4113 4112
f 4111 4115 4116
f 4111 4116 4113
f 4107 4114 4116
f 4107 4116 4115
f 4114 4109 4110
f 4114 4110 4116
f 4110 4113 4116
f 4117 4120 4122
f 4117 4122 4121
f 4120 4124 4125
f 4120 4125 4122
f 4118 4123 4125
f 4118 4125 4124
f 4123 4127 4128
f 4123 4128 4125
f 4119 4126 4128
f 4119 4128 4127
f 4126 4121 4122
f 4126 4122 4128
f 4122 4125 4128
f 4129 4132 4134
f 4129 4134 4133
f 4132 4136 4137
f 4132 4137 4134
f 4130 4135 4137
f 4130 4137 4136
f 4135 4139 4140
f 4135 4140 4137
f 4131 4138 4140
f 4131 4140 4139
f 4138 4133 4134
f 4138 4134 4140
f 4134 4137 4140
f 4141 4144 4146
f 4141 4146 4145
f 4144 4148 4149
f 4144 4149 4146
f 4142 4147 4149
f 4142 4149 4148
f 4147 4151 4152
f 4147 4152 4149
f 4143 4150 4152
f 4143 4152 4151
f 4150 4145 4146
f 4150 4146 4152
f 4146 4149 4152
f 4081 4057 4061
f 4081 4061 4084
f 4084 4061 4066
f 4084 4066 4088
f 4088 4066 4059
f 4088 4059 4082
f 4058 4069 4073
f 4058 4073 4063
f 4063 4073 4078
f 4063 4078 4067
f 4067 4078 4071
f 4067 4071 4059
f 4070 4093 4097
f 4070 4097 4075
f 4075 4097 4102
f 4075 4102 4079
f 4079 4102 4095
f 4079 4095 4071
f 4094 4083 4091
f 4094 4091 4099
f 4099 4091 4087
f 4099 4087 4103
f 4103 4087 4082
f 4103 4082 4095
f 4129 4081 4085
f 4129 4085 4132
f 4132 4085 4090
f 4132 4090 4136
f 4136 4090 4083
f 4136 4083 4130
f 4093 4141 4145
f 4093 4145 4096
f 4096 4145 4150
f 4096 4150 4100
f 4100 4150 4143
f 4100 4143 4094
f 4142 4131 4139
f 4142 4139 4147
f 4147 4139 4135
f 4147 4135 4151
f 4151 4135 4130
f 4151 4130 4143
f 4105 4129 4133
f 4105 4133 4108
f 4108 4133 4138
f 4108 4138 4112
f 4112 4138 4131
f 4112 4131 4106
f 4141 4117 4121
f 4141 4121 4144
f 4144 4121 4126
f 4144 4126 4148
f 4148 4126 4119
f 4148 4119 4142
f 4118 4107 4115
f 4118 4115 4123
f 4123 4115 4111
f 4123 4111 4127
f 4127 4111 4106
f 4127 4106 4119
f 4057 4105 4109
f 4057 4109 4060
f 4060 4109 4114
f 4060 4114 4064
f 4064 4114 4107
f 4064 4107 4058
f 4117 4070 4076
f 4117 4076 4120
f 4120 4076 4072
f 4120 4072 4124
f 4124 4072 4069
f 4124 4069 4118
f 4081 4129 4105
f 4081 4105 4057
f 4059 4071 4095
f 4059 4095 4082
f 4107 4118 4069
f 4107 4069 4058
f 4141 4093 4070
f 4141 4070 4117
f 4083 4094 4143
f 4083 4143 4130
f 4131 4142 4119
f 4131 4119 4106
v 1.7830892 -0.3550000 0.7290233
v 1.7830892 -0.6100001 0.7290233
v 1.7876813 -0.3550000 0.7281099
v 1.7876813 -0.6100001 0.7281098
v 1.7915745 -0.3550000 0.7255086
v 1.7915745 -0.6100001 0.7255086
v 1.7941757 -0.3550000 0.7216156
v 1.7941757 -0.6100001 0.7216155
v 1.7950891 -0.3550000 0.7170233
v 1.7950891 -0.6100000 0.7170233
v 1.7941757 -0.3550000 0.7124311
v 1.7941757 -0.6100000 0.7124311
v 1.7915745 -0.3550000 0.7085381
v 1.7915745 -0.6100000 0.7085380
v 1.7876813 -0.3550000 0.7059368
v 1.7876813 -0.6100000 0.7059367
v 1.7830892 -0.3550000 0.7050233
v 1.7830892 -0.6100000 0.7050233
v 1.7784970 -0.3550000 0.7059368
v 1.7784970 -0.6100000 0.7059367
v 1.7746038 -0.3550000 0.7085381
v 1.7746038 -0.6100000 0.7085380
v 1.7720026 -0.3550000 0.7124311
v 1.7720026 -0.6100000 0.7124311
v 1.7710892 -0.3550000 0.7170233
v 1.7710892 -0.6100000 0.7170233
v 1.7720026 -0.3550000 0.7216156
v 1.7720026 -0.6100001 0.7216155
v 1.7746038 -0.3550000 0.7255086
v 1.7746038 -0.6100001 0.7255086
v 1.7784970 -0.3550000 0.7281099
v 1.7784970 -0.6100001 0.7281098
f 4153 4154 4156
f 4153 4156 4155
f 4155 4156 4158
f 4155 4158 4157
f 4157 4158 4160
f 4157 4160 4159
f 4159 4160 4162
f 4159 4162 4161
f 4161 4162 4164
f 4161 4164 4163
f 4163 4164 4166
f 4163 4166 4165
f 4165 4166 4168
f 4165 4168 4167
f 4167 4168 4170
f 4167 4170 4169
f 4169 4170 4172
f 4169 4172 4171
f 4171 4172 4174
f 4171 4174 4173
f 4173 4174 4176
f 4173 4176 4175
f 4175 4176 4178
f 4175 4178 4177
f 4177 4178 4180
f 4177 4180 4179
f 4179 4180 4182
f 4179 4182 4181
f 4158 4156 4154
f 4154 4184 4182
f 4182 4180 4178
f 4178 4176 4174
f 4174 4172 4170
f 4170 4168 4166
f 4166 4164 4162
f 4162 4160 4158
f 4158 4154 4182
f 4182 4178 4174
f 4174 4170 4166
f 4166 4162 4158
f 4158 4182 4174
f 4174 4166 4158
f 4181 4182 4184
f 4181 4184 4183
f 4183 4184 4154
f 4183 4154 4153
f 4183 4153 4155
f 4155 4157 4159
f 4159 4161 4163
f 4163 4165 4167
f 4167 4169 4171
f 4171 4173 4175
f 4175 4177 4179
f 4179 4181 4183
f 4183 4155 4159
f 4159 4163 4167
f 4167 4171 4175
f 4175 4179 4183
f 4183 4159 4167
f 4167 4175 4183
v 2.9069109 -0.3550000 0.7290233
v 2.9069109 -0.6100001 0.7290233
v 2.9115031 -0.3550000 0.7281099
v 2.9115031 -0.6100001 0.7281098
v 2.9153962 -0.3550000 0.7255086
v 2.9153962 -0.6100001 0.7255086
v 2.9179974 -0.3550000 0.7216156
v 2.9179974 -0.6100001 0.7216155
v 2.9189110 -0.3550000 0.7170233
v 2.9189110 -0.6100000 0.7170233
v 2.9179974 -0.3550000 0.7124311
v 2.9179974 -0.6100000 0.7124311
v 2.9153962 -0.3550000 0.7085381
v 2.9153962 -0.6100000 0.7085380
v 2.9115031 -0.3550000 0.7059368
v 2.9115031 -0.6100000 0.7059367
v 2.9069109 -0.3550000 0.7050233
v 2.9069109 -0.6100000 0.7050233
v 2.9023187 -0.3550000 0.7059368
v 2.9023187 -0.6100000 0.7059367
v 2.8984256 -0.3550000 0.7085381
v 2.8984256 -0.6100000 0.7085380
v 2.8958244 -0.3550000 0.7124311
v 2.8958244 -0.6100000 0.7124311
v 2.8949108 -0.3550000 0.7170233
v 2.8949108 -0.6100000 0.7170233
v 2.8958244 -0.3550000 0.7216156
v 2.8958244 -0.6100001 0.7216155
v 2.8984256 -0.3550000 0.7255086
v 2.8984256 -0.6100001 0.7255086
v 2.9023187 -0.3550000 0.7281099
v 2.9023187 -0.6100001 0.7281098
f 4185 4186 4188
f 4185 4188 4187
f 4187 4188 4190
f 4187 4190 4189
f 4189 4190 4192
f 4189 4192 4191
f 4191 4192 4194
f 4191 4194 4193
f 4193 4194 4196
f 4193 4196 4195
f 4195 4196 4198
f 4195 4198 4197
f 4197 4198 4200
f 4197 4200 4199
f 4199 4200 4202
f 4199 4202 4201
f 4201 4202 4204
f 4201 4204 4203
f 4203 4204 4206
f 4203 4206 4205
f 4205 4206 4208
f 4205 4208 4207
f 4207 4208 4210
f 4207 4210 4209
f 4209 4210 4212
f 4209 4212 4211
f 4211 4212 4214
f 4211 4214 4213
f 4190 4188 4186
f 4186 4216 4214
f 4214 4212 4210
f 4210 4208 4206
f 4206 4204 4202
f 4202 4200 4198
f 4198 4196 4194
f 4194 4192 4190
f 4190 4186 4214
f 4214 4210 4206
f 4206 4202 4198
f 4198 4194 4190
f 4190 4214 4206
f 4206 4198 4190
f 4213 4214 4216
f 4213 4216 4215
f 4215 4216 4186
f 4215 4186 4185
f 4215 4185 4187
f 4187 4189 4191
f 4191 4193 4195
f 4195 4197 4199
f 4199 4201 4203
f 4203 4205 4207
f 4207 4209 4211
f 4211 4213 4215
f 4215 4187 4191
f 4191 4195 4199
f 4199 4203 4207
f 4207 4211 4215
f 4215 4191 4199
f 4199 4207 4215
v 2.8325181 -0.7980000 0.8403072
v 2.8342235 -0.8000000 0.8413522
v 2.8331785 -0.7980000 0.8430575
v 2.8327460 -0.7989987 0.8404468
v 2.8322241 -0.7980000 0.8412983
v 2.8324676 -0.7989564 0.8413979
v 2.8337016 -0.7997328 0.8422037
v 2.8333719 -0.7997328 0.8408304
v 2.8329082 -0.7994733 0.8416680
v 2.8324666 -0.7980000 0.8423078
v 2.8333180 -0.7989987 0.8428296
v 2.8326383 -0.7989564 0.8421086
v 2.8359287 -0.8000000 0.8423972
v 2.8376341 -0.7980000 0.8434421
v 2.8348837 -0.7980000 0.8441024
v 2.8367803 -0.7997328 0.8429190
v 2.8354070 -0.7997328 0.8432487
v 2.8362446 -0.7994733 0.8437124
v 2.8368845 -0.7980000 0.8441541
v 2.8374062 -0.7989987 0.8433025
v 2.8366852 -0.7989564 0.8439825
v 2.8350234 -0.7989987 0.8438746
v 2.8358748 -0.7980000 0.8443965
v 2.8359745 -0.7989564 0.8441530
v 2.8325181 -0.6020000 0.8403072
v 2.8331785 -0.6020000 0.8430575
v 2.8342235 -0.6000000 0.8413522
v 2.8322241 -0.6020000 0.8412983
v 2.8327460 -0.6010013 0.8404468
v 2.8324676 -0.6010436 0.8413979
v 2.8333180 -0.6010013 0.8428296
v 2.8324666 -0.6020000 0.8423078
v 2.8326383 -0.6010436 0.8421086
v 2.8333719 -0.6002672 0.8408304
v 2.8337016 -0.6002672 0.8422037
v 2.8329082 -0.6005267 0.8416680
v 2.8376341 -0.6020000 0.8434421
v 2.8359287 -0.6000000 0.8423972
v 2.8348837 -0.6020000 0.8441024
v 2.8374062 -0.6010013 0.8433025
v 2.8368845 -0.6020000 0.8441541
v 2.8366852 -0.6010436 0.8439825
v 2.8354070 -0.6002672 0.8432487
v 2.8367803 -0.6002672 0.8429190
v 2.8362446 -0.6005267 0.8437124
v 2.8358748 -0.6020000 0.8443965
v 2.8350234 -0.6010013 0.8438746
v 2.8359745 -0.6010436 0.8441530
v 2.9096398 -0.7980000 0.7144560
v 2.9123902 -0.7980000 0.7137957
v 2.9113452 -0.8000000 0.7155010
v 2.9103894 -0.7980000 0.7137441
v 2.9098678 -0.7989987 0.7145956
v 2.9105887 -0.7989564 0.7139157
v 2.9122505 -0.7989987 0.7140235
v 2.9113991 -0.7980000 0.7135017
v 2.9112995 -0.7989564 0.7137451
v 2.9104936 -0.7997328 0.7149792
v 2.9118669 -0.7997328 0.7146495
v 2.9110293 -0.7994733 0.7141858
v 2.9147558 -0.7980000 0.7175910
v 2.9130504 -0.8000000 0.7165460
v 2.9140954 -0.7980000 0.7148407
v 2.9145279 -0.7989987 0.7174514
v 2.9150498 -0.7980000 0.7165999
v 2.9148064 -0.7989564 0.7165003
v 2.9135723 -0.7997328 0.7156945
v 2.9139020 -0.7997328 0.7170678
v 2.9143658 -0.7994733 0.7162302
v 2.9148073 -0.7980000 0.7155904
v 2.9139559 -0.7989987 0.7150685
v 2.9146357 -0.7989564 0.7157896
v 2.9096398 -0.6020000 0.7144560
v 2.9113452 -0.6000000 0.7155010
v 2.9123902 -0.6020000 0.7137957
v 2.9098678 -0.6010013 0.7145956
v 2.9103894 -0.6020000 0.7137441
v 2.9105887 -0.6010436 0.7139157
v 2.9118669 -0.6002672 0.7146495
v 2.9104936 -0.6002672 0.7149792
v 2.9110293 -0.6005267 0.7141858
v 2.9113991 -0.6020000 0.7135017
v 2.9122505 -0.6010013 0.7140235
v 2.9112995 -0.6010436 0.7137451
v 2.9147558 -0.6020000 0.7175910
v 2.9140954 -0.6020000 0.7148407
v 2.9130504 -0.6000000 0.7165460
v 2.9150498 -0.6020000 0.7165999
v 2.9145279 -0.6010013 0.7174514
v 2.9148064 -0.6010436 0.7165003
v 2.9139559 -0.6010013 0.7150685
v 2.9148073 -0.6020000 0.7155904
v 2.9146357 -0.6010436 0.7157896
v 2.9139020 -0.6002672 0.7170678
v 2.9135723 -0.6002672 0.7156945
v 2.9143658 -0.6005267 0.7162302
f 4217 4220 4222
f 4217 4222 4221
f 4220 4224 4225
f 4220 4225 4222
f 4218 4223 4225
f 4218 4225 4224
f 4223 4227 4228
f 4223 4228 4225
f 4219 4226 4228
f 4219 4228 4227
f 4226 4221 4222
f 4226 4222 4228
f 4222 4225 4228
f 4229 4232 4234
f 4229 4234 4233
f 4232 4236 4237
f 4232 4237 4234
f 4230 4235 4237
f 4230 4237 4236
f 4235 4239 4240
f 4235 4240 4237
f 4231 4238 4240
f 4231 4240 4239
f 4238 4233 4234
f 4238 4234 4240
f 4234 4237 4240
f 4241 4244 4246
f 4241 4246 4245
f 4244 4248 4249
f 4244 4249 4246
f 4242 4247 4249
f 4242 4249 4248
f 4247 4251 4252
f 4247 4252 4249
f 4243 4250 4252
f 4243 4252 4251
f 4250 4245 4246
f 4250 4246 4252
f 4246 4249 4252
f 4253 4256 4258
f 4253 4258 4257
f 4256 4260 4261
f 4256 4261 4258
f 4254 4259 4261
f 4254 4261 4260
f 4259 4263 4264
f 4259 4264 4261
f 4255 4262 4264
f 4255 4264 4263
f 4262 4257 4258
f 4262 4258 4264
f 4258 4261 4264
f 4265 4268 4270
f 4265 4270 4269
f 4268 4272 4273
f 4268 4273 4270
f 4266 4271 4273
f 4266 4273 4272
f 4271 4275 4276
f 4271 4276 4273
f 4267 4274 4276
f 4267 4276 4275
f 4274 4269 4270
f 4274 4270 4276
f 4270 4273 4276
f 4277 4280 4282
f 4277 4282 4281
f 4280 4284 4285
f 4280 4285 4282
f 4278 4283 4285
f 4278 4285 4284
f 4283 4287 4288
f 4283 4288 4285
f 4279 4286 4288
f 4279 4288 4287
f 4286 4281 4282
f 4286 4282 4288
f 4282 4285 4288
f 4289 4292 4294
f 4289 4294 4293
f 4292 4296 4297
f 4292 4297 4294
f 4290 4295 4297
f 4290 4297 4296
f 4295 4299 4300
f 4295 4300 4297
f 4291 4298 4300
f 4291 4300 4299
f 4298 4293 4294
f 4298 4294 4300
f 4294 4297 4300
f 4301 4304 4306
f 4301 4306 4305
f 4304 4308 4309
f 4304 4309 4306
f 4302 4307 4309
f 4302 4309 4308
f 4307 4311 4312
f 4307 4312 4309
f 4303 4310 4312
f 4303 4312 4311
f 4310 4305 4306
f 4310 4306 4312
f 4306 4309 4312
f 4241 4217 4221
f 4241 4221 4244
f 4244 4221 4226
f 4244 4226 4248
f 4248 4226 4219
f 4248 4219 4242
f 4218 4229 4233
f 4218 4233 4223
f 4223 4233 4238
f 4223 4238 4227
f 4227 4238 4231
f 4227 4231 4219
f 4230 4253 4257
f 4230 4257 4235
f 4235 4257 4262
f 4235 4262 4239
f 4239 4262 4255
f 4239 4255 4231
f 4254 4243 4251
f 4254 4251 4259
f 4259 4251 4247
f 4259 4247 4263
f 4263 4247 4242
f 4263 4242 4255
f 4289 4241 4245
f 4289 4245 4292
f 4292 4245 4250
f 4292 4250 4296
f 4296 4250 4243
f 4296 4243 4290
f 4253 4301 4305
f 4253 4305 4256
f 4256 4305 4310
f 4256 4310 4260
f 4260 4310 4303
f 4260 4303 4254
f 4302 4291 4299
f 4302 4299 4307
f 4307 4299 4295
f 4307 4295 4311
f 4311 4295 4290
f 4311 4290 4303
f 4265 4289 4293
f 4265 4293 4268
f 4268 4293 4298
f 4268 4298 4272
f 4272 4298 4291
f 4272 4291 4266
f 4301 4277 4281
f 4301 4281 4304
f 4304 4281 4286
f 4304 4286 4308
f 4308 4286 4279
f 4308 4279 4302
f 4278 4267 4275
f 4278 4275 4283
f 4283 4275 4271
f 4283 4271 4287
f 4287 4271 4266
f 4287 4266 4279
f 4217 4265 4269
f 4217 4269 4220
f 4220 4269 4274
f 4220 4274 4224
f 4224 4274 4267
f 4224 4267 4218
f 4277 4230 4236
f 4277 4236 4280
f 4280 4236 4232
f 4280 4232 4284
f 4284 4232 4229
f 4284 4229 4278
f 4241 4289 4265
f 4241 4265 4217
f 4219 4231 4255
f 4219 4255 4242
f 4267 4278 4229
f 4267 4229 4218
f 4301 4253 4230
f 4301 4230 4277
f 4243 4254 4303
f 4243 4303 4290
f 4291 4302 4279
f 4291 4279 4266
v 2.7333477 -0.7980000 0.9400995
v 2.7347744 -0.8000000 0.9415013
v 2.7333724 -0.7980000 0.9429278
v 2.7335384 -0.7989987 0.9402868
v 2.7328384 -0.7980000 0.9409991
v 2.7330532 -0.7989564 0.9411509
v 2.7340744 -0.7997328 0.9422137
v 2.7340620 -0.7997328 0.9408013
v 2.7334218 -0.7994733 0.9415131
v 2.7328475 -0.7980000 0.9420373
v 2.7335596 -0.7989987 0.9427373
v 2.7330594 -0.7989564 0.9418818
v 2.7362008 -0.8000000 0.9429032
v 2.7376273 -0.7980000 0.9443050
v 2.7347989 -0.7980000 0.9443297
v 2.7369130 -0.7997328 0.9436032
v 2.7355008 -0.7997328 0.9436155
v 2.7362125 -0.7994733 0.9442557
v 2.7367368 -0.7980000 0.9448300
v 2.7374368 -0.7989987 0.9441177
v 2.7365811 -0.7989564 0.9446179
v 2.7349863 -0.7989987 0.9441391
v 2.7356985 -0.7980000 0.9448391
v 2.7358503 -0.7989564 0.9446243
v 2.7333477 -0.6020000 0.9400995
v 2.7333724 -0.6020000 0.9429278
v 2.7347744 -0.6000000 0.9415013
v 2.7328384 -0.6020000 0.9409991
v 2.7335384 -0.6010013 0.9402868
v 2.7330532 -0.6010436 0.9411509
v 2.7335596 -0.6010013 0.9427373
v 2.7328475 -0.6020000 0.9420373
v 2.7330594 -0.6010436 0.9418818
v 2.7340620 -0.6002672 0.9408013
v 2.7340744 -0.6002672 0.9422137
v 2.7334218 -0.6005267 0.9415131
v 2.7376273 -0.6020000 0.9443050
v 2.7362008 -0.6000000 0.9429032
v 2.7347989 -0.6020000 0.9443297
v 2.7374368 -0.6010013 0.9441177
v 2.7367368 -0.6020000 0.9448300
v 2.7365811 -0.6010436 0.9446179
v 2.7355008 -0.6002672 0.9436155
v 2.7369130 -0.6002672 0.9436032
v 2.7362125 -0.6005267 0.9442557
v 2.7356985 -0.6020000 0.9448391
v 2.7349863 -0.6010013 0.9441391
v 2.7358503 -0.6010436 0.9446243
v 2.8368032 -0.7980000 0.8348225
v 2.8396316 -0.7980000 0.8347978
v 2.8382297 -0.8000000 0.8362243
v 2.8376937 -0.7980000 0.8342975
v 2.8369937 -0.7989987 0.8350098
v 2.8378494 -0.7989564 0.8345096
v 2.8394442 -0.7989987 0.8349884
v 2.8387320 -0.7980000 0.8342884
v 2.8385801 -0.7989564 0.8345032
v 2.8375175 -0.7997328 0.8355243
v 2.8389297 -0.7997328 0.8355120
v 2.8382180 -0.7994733 0.8348718
v 2.8410828 -0.7980000 0.8390279
v 2.8396561 -0.8000000 0.8376262
v 2.8410580 -0.7980000 0.8361996
v 2.8408921 -0.7989987 0.8388407
v 2.8415921 -0.7980000 0.8381284
v 2.8413773 -0.7989564 0.8379766
v 2.8403561 -0.7997328 0.8369138
v 2.8403685 -0.7997328 0.8383262
v 2.8410087 -0.7994733 0.8376144
v 2.8415830 -0.7980000 0.8370902
v 2.8408709 -0.7989987 0.8363902
v 2.8413711 -0.7989564 0.8372457
v 2.8368032 -0.6020000 0.8348225
v 2.8382297 -0.6000000 0.8362243
v 2.8396316 -0.6020000 0.8347978
v 2.8369937 -0.6010013 0.8350098
v 2.8376937 -0.6020000 0.8342975
v 2.8378494 -0.6010436 0.8345096
v 2.8389297 -0.6002672 0.8355120
v 2.8375175 -0.6002672 0.8355243
v 2.8382180 -0.6005267 0.8348718
v 2.8387320 -0.6020000 0.8342884
v 2.8394442 -0.6010013 0.8349884
v 2.8385801 -0.6010436 0.8345032
v 2.8410828 -0.6020000 0.8390279
v 2.8410580 -0.6020000 0.8361996
v 2.8396561 -0.6000000 0.8376262
v 2.8415921 -0.6020000 0.8381284
v 2.8408921 -0.6010013 0.8388407
v 2.8413773 -0.6010436 0.8379766
v 2.8408709 -0.6010013 0.8363902
v 2.8415830 -0.6020000 0.8370902
v 2.8413711 -0.6010436 0.8372457
v 2.8403685 -0.6002672 0.8383262
v 2.8403561 -0.6002672 0.8369138
v 2.8410087 -0.6005267 0.8376144
f 4313 4316 4318
f 4313 4318 4317
f 4316 4320 4321
f 4316 4321 4318
f 4314 4319 4321
f 4314 4321 4320
f 4319 4323 4324
f 4319 4324 4321
f 4315 4322 4324
f 4315 4324 4323
f 4322 4317 4318
f 4322 4318 4324
f 4318 4321 4324
f 4325 4328 4330
f 4325 4330 4329
f 4328 4332 4333
f 4328 4333 4330
f 4326 4331 4333
f 4326 4333 4332
f 4331 4335 4336
f 4331 4336 4333
f 4327 4334 4336
f 4327 4336 4335
f 4334 4329 4330
f 4334 4330 4336
f 4330 4333 4336
f 4337 4340 4342
f 4337 4342 4341
f 4340 4344 4345
f 4340 4345 4342
f 4338 4343 4345
f 4338 4345 4344
f 4343 4347 4348
f 4343 4348 4345
f 4339 4346 4348
f 4339 4348 4347
f 4346 4341 4342
f 4346 4342 4348
f 4342 4345 4348
f 4349 4352 4354
f 4349 4354 4353
f 4352 4356 4357
f 4352 4357 4354
f 4350 4355 4357
f 4350 4357 4356
f 4355 4359 4360
f 4355 4360 4357
f 4351 4358 4360
f 4351 4360 4359
f 4358 4353 4354
f 4358 4354 4360
f 4354 4357 4360
f 4361 4364 4366
f 4361 4366 4365
f 4364 4368 4369
f 4364 4369 4366
f 4362 4367 4369
f 4362 4369 4368
f 4367 4371 4372
f 4367 4372 4369
f 4363 4370 4372
f 4363 4372 4371
f 4370 4365 4366
f 4370 4366 4372
f 4366 4369 4372
f 4373 4376 4378
f 4373 4378 4377
f 4376 4380 4381
f 4376 4381 4378
f 4374 4379 4381
f 4374 4381 4380
f 4379 4383 4384
f 4379 4384 4381
f 4375 4382 4384
f 4375 4384 4383
f 4382 4377 4378
f 4382 4378 4384
f 4378 4381 4384
f 4385 4388 4390
f 4385 4390 4389
f 4388 4392 4393
f 4388 4393 4390
f 4386 4391 4393
f 4386 4393 4392
f 4391 4395 4396
f 4391 4396 4393
f 4387 4394 4396
f 4387 4396 4395
f 4394 4389 4390
f 4394 4390 4396
f 4390 4393 4396
f 4397 4400 4402
f 4397 4402 4401
f 4400 4404 4405
f 4400 4405 4402
f 4398 4403 4405
f 4398 4405 4404
f 4403 4407 4408
f 4403 4408 4405
f 4399 4406 4408
f 4399 4408 4407
f 4406 4401 4402
f 4406 4402 4408
f 4402 4405 4408
f 4337 4313 4317
f 4337 4317 4340
f 4340 4317 4322
f 4340 4322 4344
f 4344 4322 4315
f 4344 4315 4338
f 4314 4325 4329
f 4314 4329 4319
f 4319 4329 4334
f 4319 4334 4323
f 4323 4334 4327
f 4323 4327 4315
f 4326 4349 4353
f 4326 4353 4331
f 4331 4353 4358
f 4331 4358 4335
f 4335 4358 4351
f 4335 4351 4327
f 4350 4339 4347
f 4350 4347 4355
f 4355 4347 4343
f 4355 4343 4359
f 4359 4343 4338
f 4359 4338 4351
f 4385 4337 4341
f 4385 4341 4388
f 4388 4341 4346
f 4388 4346 4392
f 4392 4346 4339
f 4392 4339 4386
f 4349 4397 4401
f 4349 4401 4352
f 4352 4401 4406
f 4352 4406 4356
f 4356 4406 4399
f 4356 4399 4350
f 4398 4387 4395
f 4398 4395 4403
f 4403 4395 4391
f 4403 4391 4407
f 4407 4391 4386
f 4407 4386 4399
f 4361 4385 4389
f 4361 4389 4364
f 4364 4389 4394
f 4364 4394 4368
f 4368 4394 4387
f 4368 4387 4362
f 4397 4373 4377
f 4397 4377 4400
f 4400 4377 4382
f 4400 4382 4404
f 4404 4382 4375
f 4404 4375 4398
f 4374 4363 4371
f 4374 4371 4379
f 4379 4371 4367
f 4379 4367 4383
f 4383 4367 4362
f 4383 4362 4375
f 4313 4361 4365
f 4313 4365 4316
f 4316 4365 4370
f 4316 4370 4320
f 4320 4370 4363
f 4320 4363 4314
f 4373 4326 4332
f 4373 4332 4376
f 4376 4332 4328
f 4376 4328 4380
f 4380 4328 4325
f 4380 4325 4374
f 4337 4385 4361
f 4337 4361 4313
f 4315 4327 4351
f 4315 4351 4338
f 4363 4374 4325
f 4363 4325 4314
f 4397 4349 4326
f 4397 4326 4373
f 4339 4350 4399
f 4339 4399 4386
f 4387 4398 4375
f 4387 4375 4362
v 2.6142709 -0.7980000 1.0150257
v 2.6153455 -0.8000000 1.0167125
v 2.6136587 -0.7980000 1.0177871
v 2.6144145 -0.7989987 1.0152510
v 2.6135721 -0.7980000 1.0157876
v 2.6137474 -0.7989564 1.0159838
v 2.6145031 -0.7997328 1.0172491
v 2.6148090 -0.7997328 1.0158702
v 2.6140251 -0.7994733 1.0164198
v 2.6133475 -0.7980000 1.0168012
v 2.6138842 -0.7989987 1.0176436
v 2.6135890 -0.7989564 1.0166974
v 2.6164200 -0.8000000 1.0183992
v 2.6174948 -0.7980000 1.0200861
v 2.6147335 -0.7980000 1.0194739
v 2.6169567 -0.7997328 1.0192416
v 2.6155779 -0.7997328 1.0189359
v 2.6161275 -0.7994733 1.0197198
v 2.6165090 -0.7980000 1.0203973
v 2.6173511 -0.7989987 1.0198607
v 2.6164050 -0.7989564 1.0201557
v 2.6149588 -0.7989987 1.0193303
v 2.6154952 -0.7980000 1.0201726
v 2.6156914 -0.7989564 1.0199975
v 2.6142709 -0.6020000 1.0150257
v 2.6136587 -0.6020000 1.0177871
v 2.6153455 -0.6000000 1.0167125
v 2.6135721 -0.6020000 1.0157876
v 2.6144145 -0.6010013 1.0152510
v 2.6137474 -0.6010436 1.0159838
v 2.6138842 -0.6010013 1.0176436
v 2.6133475 -0.6020000 1.0168012
v 2.6135890 -0.6010436 1.0166974
v 2.6148090 -0.6002672 1.0158702
v 2.6145031 -0.6002672 1.0172491
v 2.6140251 -0.6005267 1.0164198
v 2.6174948 -0.6020000 1.0200861
v 2.6164200 -0.6000000 1.0183992
v 2.6147335 -0.6020000 1.0194739
v 2.6173511 -0.6010013 1.0198607
v 2.6165090 -0.6020000 1.0203973
v 2.6164050 -0.6010436 1.0201557
v 2.6155779 -0.6002672 1.0189359
v 2.6169567 -0.6002672 1.0192416
v 2.6161275 -0.6005267 1.0197198
v 2.6154952 -0.6020000 1.0201726
v 2.6149588 -0.6010013 1.0193303
v 2.6156914 -0.6010436 1.0199975
v 2.7387569 -0.7980000 0.9357194
v 2.7415183 -0.7980000 0.9363315
v 2.7398317 -0.8000000 0.9374061
v 2.7397428 -0.7980000 0.9354081
v 2.7389007 -0.7989987 0.9359447
v 2.7398467 -0.7989564 0.9356497
v 2.7412930 -0.7989987 0.9364751
v 2.7407565 -0.7980000 0.9356328
v 2.7405603 -0.7989564 0.9358079
v 2.7392950 -0.7997328 0.9365638
v 2.7406738 -0.7997328 0.9368696
v 2.7401242 -0.7994733 0.9360856
v 2.7419808 -0.7980000 0.9407797
v 2.7409062 -0.8000000 0.9390929
v 2.7425931 -0.7980000 0.9380183
v 2.7418373 -0.7989987 0.9405544
v 2.7426796 -0.7980000 0.9400178
v 2.7425044 -0.7989564 0.9398215
v 2.7417486 -0.7997328 0.9385563
v 2.7414427 -0.7997328 0.9399352
v 2.7422266 -0.7994733 0.9393857
v 2.7429042 -0.7980000 0.9390042
v 2.7423675 -0.7989987 0.9381619
v 2.7426627 -0.7989564 0.9391080
v 2.7387569 -0.6020000 0.9357194
v 2.7398317 -0.6000000 0.9374061
v 2.7415183 -0.6020000 0.9363315
v 2.7389007 -0.6010013 0.9359447
v 2.7397428 -0.6020000 0.9354081
v 2.7398467 -0.6010436 0.9356497
v 2.7406738 -0.6002672 0.9368696
v 2.7392950 -0.6002672 0.9365638
v 2.7401242 -0.6005267 0.9360856
v 2.7407565 -0.6020000 0.9356328
v 2.7412930 -0.6010013 0.9364751
v 2.7405603 -0.6010436 0.9358079
v 2.7419808 -0.6020000 0.9407797
v 2.7425931 -0.6020000 0.9380183
v 2.7409062 -0.6000000 0.9390929
v 2.7426796 -0.6020000 0.9400178
v 2.7418373 -0.6010013 0.9405544
v 2.7425044 -0.6010436 0.9398215
v 2.7423675 -0.6010013 0.9381619
v 2.7429042 -0.6020000 0.9390042
v 2.7426627 -0.6010436 0.9391080
v 2.7414427 -0.6002672 0.9399352
v 2.7417486 -0.6002672 0.9385563
v 2.7422266 -0.6005267 0.9393857
f 4409 4412 4414
f 4409 4414 4413
f 4412 4416 4417
f 4412 4417 4414
f 4410 4415 4417
f 4410 4417 4416
f 4415 4419 4420
f 4415 4420 4417
f 4411 4418 4420
f 4411 4420 4419
f 4418 4413 4414
f 4418 4414 4420
f 4414 4417 4420
f 4421 4424 4426
f 4421 4426 4425
f 4424 4428 4429
f 4424 4429 4426
f 4422 4427 4429
f 4422 4429 4428
f 4427 4431 4432
f 4427 4432 4429
f 4423 4430 4432
f 4423 4432 4431
f 4430 4425 4426
f 4430 4426 4432
f 4426 4429 4432
f 4433 4436 4438
f 4433 4438 4437
f 4436 4440 4441
f 4436 4441 4438
f 4434 4439 4441
f 4434 4441 4440
f 4439 4443 4444
f 4439 4444 4441
f 4435 4442 4444
f 4435 4444 4443
f 4442 4437 4438
f 4442 4438 4444
f 4438 4441 4444
f 4445 4448 4450
f 4445 4450 4449
f 4448 4452 4453
f 4448 4453 4450
f 4446 4451 4453
f 4446 4453 4452
f 4451 4455 4456
f 4451 4456 4453
f 4447 4454 4456
f 4447 4456 4455
f 4454 4449 4450
f 4454 4450 4456
f 4450 4453 4456
f 4457 4460 4462
f 4457 4462 4461
f 4460 4464 4465
f 4460 4465 4462
f 4458 4463 4465
f 4458 4465 4464
f 4463 4467 4468
f 4463 4468 4465
f 4459 4466 4468
f 4459 4468 4467
f 4466 4461 4462
f 4466 4462 4468
f 4462 4465 4468
f 4469 4472 4474
f 4469 4474 4473
f 4472 4476 4477
f 4472 4477 4474
f 4470 4475 4477
f 4470 4477 4476
f 4475 4479 4480
f 4475 4480 4477
f 4471 4478 4480
f 4471 4480 4479
f 4478 4473 4474
f 4478 4474 4480
f 4474 4477 4480
f 4481 4484 4486
f 4481 4486 4485
f 4484 4488 4489
f 4484 4489 4486
f 4482 4487 4489
f 4482 4489 4488
f 4487 4491 4492
f 4487 4492 4489
f 4483 4490 4492
f 4483 4492 4491
f 4490 4485 4486
f 4490 4486 4492
f 4486 4489 4492
f 4493 4496 4498
f 4493 4498 4497
f 4496 4500 4501
f 4496 4501 4498
f 4494 4499 4501
f 4494 4501 4500
f 4499 4503 4504
f 4499 4504 4501
f 4495 4502 4504
f 4495 4504 4503
f 4502 4497 4498
f 4502 4498 4504
f 4498 4501 4504
f 4433 4409 4413
f 4433 4413 4436
f 4436 4413 4418
f 4436 4418 4440
f 4440 4418 4411
f 4440 4411 4434
f 4410 4421 4425
f 4410 4425 4415
f 4415 4425 4430
f 4415 4430 4419
f 4419 4430 4423
f 4419 4423 4411
f 4422 4445 4449
f 4422 4449 4427
f 4427 4449 4454
f 4427 4454 4431
f 4431 4454 4447
f 4431 4447 4423
f 4446 4435 4443
f 4446 4443 4451
f 4451 4443 4439
f 4451 4439 4455
f 4455 4439 4434
f 4455 4434 4447
f 4481 4433 4437
f 4481 4437 4484
f 4484 4437 4442
f 4484 4442 4488
f 4488 4442 4435
f 4488 4435 4482
f 4445 4493 4497
f 4445 4497 4448
f 4448 4497 4502
f 4448 4502 4452
f 4452 4502 4495
f 4452 4495 4446
f 4494 4483 4491
f 4494 4491 4499
f 4499 4491 4487
f 4499 4487 4503
f 4503 4487 4482
f 4503 4482 4495
f 4457 4481 4485
f 4457 4485 4460
f 4460 4485 4490
f 4460 4490 4464
f 4464 4490 4483
f 4464 4483 4458
f 4493 4469 4473
f 4493 4473 4496
f 4496 4473 4478
f 4496 4478 4500
f 4500 4478 4471
f 4500 4471 4494
f 4470 4459 4467
f 4470 4467 4475
f 4475 4467 4463
f 4475 4463 4479
f 4479 4463 4458
f 4479 4458 4471
f 4409 4457 4461
f 4409 4461 4412
f 4412 4461 4466
f 4412 4466 4416
f 4416 4466 4459
f 4416 4459 4410
f 4469 4422 4428
f 4469 4428 4472
f 4472 4428 4424
f 4472 4424 4476
f 4476 4424 4421
f 4476 4421 4470
f 4433 4481 4457
f 4433 4457 4409
f 4411 4423 4447
f 4411 4447 4434
f 4459 4470 4421
f 4459 4421 4410
f 4493 4445 4422
f 4493 4422 4469
f 4435 4446 4495
f 4435 4495 4482
f 4483 4494 4471
f 4483 4471 4458
v 2.4813910 -0.7980000 1.0612451
v 2.4820588 -0.8000000 1.0631304
v 2.4801733 -0.7980000 1.0637980
v 2.4814801 -0.7989987 1.0614970
v 2.4805388 -0.7980000 1.0618303
v 2.4806652 -0.7989564 1.0620608
v 2.4811172 -0.7997328 1.0634637
v 2.4817252 -0.7997328 1.0621890
v 2.4808378 -0.7994733 1.0625480
v 2.4800918 -0.7980000 1.0627674
v 2.4804254 -0.7989987 1.0637088
v 2.4803507 -0.7989564 1.0627205
v 2.4827263 -0.8000000 1.0650157
v 2.4833939 -0.7980000 1.0669010
v 2.4808409 -0.7980000 1.0656832
v 2.4830596 -0.7997328 1.0659571
v 2.4817848 -0.7997328 1.0653490
v 2.4821439 -0.7994733 1.0662365
v 2.4823632 -0.7980000 1.0669824
v 2.4833047 -0.7989987 1.0666491
v 2.4823165 -0.7989564 1.0667237
v 2.4810929 -0.7989987 1.0655941
v 2.4814262 -0.7980000 1.0665355
v 2.4816568 -0.7989564 1.0664090
v 2.4813910 -0.6020000 1.0612451
v 2.4801733 -0.6020000 1.0637980
v 2.4820588 -0.6000000 1.0631304
v 2.4805388 -0.6020000 1.0618303
v 2.4814801 -0.6010013 1.0614970
v 2.4806652 -0.6010436 1.0620608
v 2.4804254 -0.6010013 1.0637088
v 2.4800918 -0.6020000 1.0627674
v 2.4803507 -0.6010436 1.0627205
v 2.4817252 -0.6002672 1.0621890
v 2.4811172 -0.6002672 1.0634637
v 2.4808378 -0.6005267 1.0625480
v 2.4833939 -0.6020000 1.0669010
v 2.4827263 -0.6000000 1.0650157
v 2.4808409 -0.6020000 1.0656832
v 2.4833047 -0.6010013 1.0666491
v 2.4823632 -0.6020000 1.0669824
v 2.4823165 -0.6010436 1.0667237
v 2.4817848 -0.6002672 1.0653490
v 2.4830596 -0.6002672 1.0659571
v 2.4821439 -0.6005267 1.0662365
v 2.4814262 -0.6020000 1.0665355
v 2.4810929 -0.6010013 1.0655941
v 2.4816568 -0.6010436 1.0664090
v 2.6205266 -0.7980000 1.0119746
v 2.6230795 -0.7980000 1.0131923
v 2.6211941 -0.8000000 1.0138599
v 2.6215572 -0.7980000 1.0118932
v 2.6206157 -0.7989987 1.0122265
v 2.6216040 -0.7989564 1.0121518
v 2.6228275 -0.7989987 1.0132815
v 2.6224942 -0.7980000 1.0123401
v 2.6222637 -0.7989564 1.0124665
v 2.6208608 -0.7997328 1.0129185
v 2.6221356 -0.7997328 1.0135266
v 2.6217766 -0.7994733 1.0126390
v 2.6225295 -0.7980000 1.0176305
v 2.6218617 -0.8000000 1.0157452
v 2.6237471 -0.7980000 1.0150776
v 2.6224403 -0.7989987 1.0173786
v 2.6233816 -0.7980000 1.0170453
v 2.6232553 -0.7989564 1.0168147
v 2.6228032 -0.7997328 1.0154119
v 2.6221952 -0.7997328 1.0166866
v 2.6230826 -0.7994733 1.0163275
v 2.6238286 -0.7980000 1.0161082
v 2.6234951 -0.7989987 1.0151668
v 2.6235697 -0.7989564 1.0161550
v 2.6205266 -0.6020000 1.0119746
v 2.6211941 -0.6000000 1.0138599
v 2.6230795 -0.6020000 1.0131923
v 2.6206157 -0.6010013 1.0122265
v 2.6215572 -0.6020000 1.0118932
v 2.6216040 -0.6010436 1.0121518
v 2.6221356 -0.6002672 1.0135266
v 2.6208608 -0.6002672 1.0129185
v 2.6217766 -0.6005267 1.0126390
v 2.6224942 -0.6020000 1.0123401
v 2.6228275 -0.6010013 1.0132815
v 2.6222637 -0.6010436 1.0124665
v 2.6225295 -0.6020000 1.0176305
v 2.6237471 -0.6020000 1.0150776
v 2.6218617 -0.6000000 1.0157452
v 2.6233816 -0.6020000 1.0170453
v 2.6224403 -0.6010013 1.0173786
v 2.6232553 -0.6010436 1.0168147
v 2.6234951 -0.6010013 1.0151668
v 2.6238286 -0.6020000 1.0161082
v 2.6235697 -0.6010436 1.0161550
v 2.6221952 -0.6002672 1.0166866
v 2.6228032 -0.6002672 1.0154119
v 2.6230826 -0.6005267 1.0163275
f 4505 4508 4510
f 4505 4510 4509
f 4508 4512 4513
f 4508 4513 4510
f 4506 4511 4513
f 4506 4513 4512
f 4511 4515 4516
f 4511 4516 4513
f 4507 4514 4516
f 4507 4516 4515
f 4514 4509 4510
f 4514 4510 4516
f 4510 4513 4516
f 4517 4520 4522
f 4517 4522 4521
f 4520 4524 4525
f 4520 4525 4522
f 4518 4523 4525
f 4518 4525 4524
f 4523 4527 4528
f 4523 4528 4525
f 4519 4526 4528
f 4519 4528 4527
f 4526 4521 4522
f 4526 4522 4528
f 4522 4525 4528
f 4529 4532 4534
f 4529 4534 4533
f 4532 4536 4537
f 4532 4537 4534
f 4530 4535 4537
f 4530 4537 4536
f 4535 4539 4540
f 4535 4540 4537
f 4531 4538 4540
f 4531 4540 4539
f 4538 4533 4534
f 4538 4534 4540
f 4534 4537 4540
f 4541 4544 4546
f 4541 4546 4545
f 4544 4548 4549
f 4544 4549 4546
f 4542 4547 4549
f 4542 4549 4548
f 4547 4551 4552
f 4547 4552 4549
f 4543 4550 4552
f 4543 4552 4551
f 4550 4545 4546
f 4550 4546 4552
f 4546 4549 4552
f 4553 4556 4558
f 4553 4558 4557
f 4556 4560 4561
f 4556 4561 4558
f 4554 4559 4561
f 4554 4561 4560
f 4559 4563 4564
f 4559 4564 4561
f 4555 4562 4564
f 4555 4564 4563
f 4562 4557 4558
f 4562 4558 4564
f 4558 4561 4564
f 4565 4568 4570
f 4565 4570 4569
f 4568 4572 4573
f 4568 4573 4570
f 4566 4571 4573
f 4566 4573 4572
f 4571 4575 4576
f 4571 4576 4573
f 4567 4574 4576
f 4567 4576 4575
f 4574 4569 4570
f 4574 4570 4576
f 4570 4573 4576
f 4577 4580 4582
f 4577 4582 4581
f 4580 4584 4585
f 4580 4585 4582
f 4578 4583 4585
f 4578 4585 4584
f 4583 4587 4588
f 4583 4588 4585
f 4579 4586 4588
f 4579 4588 4587
f 4586 4581 4582
f 4586 4582 4588
f 4582 4585 4588
f 4589 4592 4594
f 4589 4594 4593
f 4592 4596 4597
f 4592 4597 4594
f 4590 4595 4597
f 4590 4597 4596
f 4595 4599 4600
f 4595 4600 4597
f 4591 4598 4600
f 4591 4600 4599
f 4598 4593 4594
f 4598 4594 4600
f 4594 4597 4600
f 4529 4505 4509
f 4529 4509 4532
f 4532 4509 4514
f 4532 4514 4536
f 4536 4514 4507
f 4536 4507 4530
f 4506 4517 4521
f 4506 4521 4511
f 4511 4521 4526
f 4511 4526 4515
f 4515 4526 4519
f 4515 4519 4507
f 4518 4541 4545
f 4518 4545 4523
f 4523 4545 4550
f 4523 4550 4527
f 4527 4550 4543
f 4527 4543 4519
f 4542 4531 4539
f 4542 4539 4547
f 4547 4539 4535
f 4547 4535 4551
f 4551 4535 4530
f 4551 4530 4543
f 4577 4529 4533
f 4577 4533 4580
f 4580 4533 4538
f 4580 4538 4584
f 4584 4538 4531
f 4584 4531 4578
f 4541 4589 4593
f 4541 4593 4544
f 4544 4593 4598
f 4544 4598 4548
f 4548 4598 4591
f 4548 4591 4542
f 4590 4579 4587
f 4590 4587 4595
f 4595 4587 4583
f 4595 4583 4599
f 4599 4583 4578
f 4599 4578 4591
f 4553 4577 4581
f 4553 4581 4556
f 4556 4581 4586
f 4556 4586 4560
f 4560 4586 4579
f 4560 4579 4554
f 4589 4565 4569
f 4589 4569 4592
f 4592 4569 4574
f 4592 4574 4596
f 4596 4574 4567
f 4596 4567 4590
f 4566 4555 4563
f 4566 4563 4571
f 4571 4563 4559
f 4571 4559 4575
f 4575 4559 4554
f 4575 4554 4567
f 4505 4553 4557
f 4505 4557 4508
f 4508 4557 4562
f 4508 4562 4512
f 4512 4562 4555
f 4512 4555 4506
f 4565 4518 4524
f 4565 4524 4568
f 4568 4524 4520
f 4568 4520 4572
f 4572 4520 4517
f 4572 4517 4566
f 4529 4577 4553
f 4529 4553 4505
f 4507 4519 4543
f 4507 4543 4530
f 4555 4566 4517
f 4555 4517 4506
f 4589 4541 4518
f 4589 4518 4565
f 4531 4542 4591
f 4531 4591 4578
f 4579 4590 4567
f 4579 4567 4554
v 2.3415198 -0.7980000 1.0763884
v 2.3417463 -0.8000000 1.0783755
v 2.3397591 -0.7980000 1.0786018
v 2.3415501 -0.7989987 1.0766538
v 2.3405578 -0.7980000 1.0767668
v 2.3406291 -0.7989564 1.0770199
v 2.3407540 -0.7997328 1.0784885
v 2.3416331 -0.7997328 1.0773832
v 2.3406878 -0.7994733 1.0775335
v 2.3399115 -0.7980000 1.0775794
v 2.3400245 -0.7989987 1.0785716
v 2.3401742 -0.7989564 1.0775919
v 2.3419726 -0.8000000 1.0803626
v 2.3421991 -0.7980000 1.0823498
v 2.3399856 -0.7980000 1.0805891
v 2.3420856 -0.7997328 1.0813549
v 2.3409803 -0.7997328 1.0804757
v 2.3411307 -0.7994733 1.0814211
v 2.3411765 -0.7980000 1.0821973
v 2.3421688 -0.7989987 1.0820843
v 2.3411891 -0.7989564 1.0819347
v 2.3402510 -0.7989987 1.0805588
v 2.3403640 -0.7980000 1.0815511
v 2.3406172 -0.7989564 1.0814797
v 2.3415198 -0.6020000 1.0763884
v 2.3397591 -0.6020000 1.0786018
v 2.3417463 -0.6000000 1.0783755
v 2.3405578 -0.6020000 1.0767668
v 2.3415501 -0.6010013 1.0766538
v 2.3406291 -0.6010436 1.0770199
v 2.3400245 -0.6010013 1.0785716
v 2.3399115 -0.6020000 1.0775794
v 2.3401742 -0.6010436 1.0775919
v 2.3416331 -0.6002672 1.0773832
v 2.3407540 -0.6002672 1.0784885
v 2.3406878 -0.6005267 1.0775335
v 2.3421991 -0.6020000 1.0823498
v 2.3419726 -0.6000000 1.0803626
v 2.3399856 -0.6020000 1.0805891
v 2.3421688 -0.6010013 1.0820843
v 2.3411765 -0.6020000 1.0821973
v 2.3411891 -0.6010436 1.0819347
v 2.3409803 -0.6002672 1.0804757
v 2.3420856 -0.6002672 1.0813549
v 2.3411307 -0.6005267 1.0814211
v 2.3403640 -0.6020000 1.0815511
v 2.3402510 -0.6010013 1.0805588
v 2.3406172 -0.6010436 1.0814797
v 2.4881728 -0.7980000 1.0596793
v 2.4903862 -0.7980000 1.0614400
v 2.4883993 -0.8000000 1.0616665
v 2.4891953 -0.7980000 1.0598317
v 2.4882030 -0.7989987 1.0599447
v 2.4891827 -0.7989564 1.0600944
v 2.4901209 -0.7989987 1.0614703
v 2.4900079 -0.7980000 1.0604780
v 2.4897547 -0.7989564 1.0605494
v 2.4882863 -0.7997328 1.0606742
v 2.4893916 -0.7997328 1.0615534
v 2.4892411 -0.7994733 1.0606079
v 2.4888520 -0.7980000 1.0656407
v 2.4886255 -0.8000000 1.0636536
v 2.4906127 -0.7980000 1.0634272
v 2.4888217 -0.7989987 1.0653752
v 2.4898140 -0.7980000 1.0652622
v 2.4897428 -0.7989564 1.0650091
v 2.4896178 -0.7997328 1.0635406
v 2.4887388 -0.7997328 1.0646459
v 2.4896841 -0.7994733 1.0644956
v 2.4904604 -0.7980000 1.0644497
v 2.4903474 -0.7989987 1.0634575
v 2.4901977 -0.7989564 1.0644372
v 2.4881728 -0.6020000 1.0596793
v 2.4883993 -0.6000000 1.0616665
v 2.4903862 -0.6020000 1.0614400
v 2.4882030 -0.6010013 1.0599447
v 2.4891953 -0.6020000 1.0598317
v 2.4891827 -0.6010436 1.0600944
v 2.4893916 -0.6002672 1.0615534
v 2.4882863 -0.6002672 1.0606742
v 2.4892411 -0.6005267 1.0606079
v 2.4900079 -0.6020000 1.0604780
v 2.4901209 -0.6010013 1.0614703
v 2.4897547 -0.6010436 1.0605494
v 2.4888520 -0.6020000 1.0656407
v 2.4906127 -0.6020000 1.0634272
v 2.4886255 -0.6000000 1.0636536
v 2.4898140 -0.6020000 1.0652622
v 2.4888217 -0.6010013 1.0653752
v 2.4897428 -0.6010436 1.0650091
v 2.4903474 -0.6010013 1.0634575
v 2.4904604 -0.6020000 1.0644497
v 2.4901977 -0.6010436 1.0644372
v 2.4887388 -0.6002672 1.0646459
v 2.4896178 -0.6002672 1.0635406
v 2.4896841 -0.6005267 1.0644956
f 4601 4604 4606
f 4601 4606 4605
f 4604 4608 4609
f 4604 4609 4606
f 4602 4607 4609
f 4602 4609 4608
f 4607 4611 4612
f 4607 4612 4609
f 4603 4610 4612
f 4603 4612 4611
f 4610 4605 4606
f 4610 4606 4612
f 4606 4609 4612
f 4613 4616 4618
f 4613 4618 4617
f 4616 4620 4621
f 4616 4621 4618
f 4614 4619 4621
f 4614 4621 4620
f 4619 4623 4624
f 4619 4624 4621
f 4615 4622 4624
f 4615 4624 4623
f 4622 4617 4618
f 4622 4618 4624
f 4618 4621 4624
f 4625 4628 4630
f 4625 4630 4629
f 4628 4632 4633
f 4628 4633 4630
f 4626 4631 4633
f 4626 4633 4632
f 4631 4635 4636
f 4631 4636 4633
f 4627 4634 4636
f 4627 4636 4635
f 4634 4629 4630
f 4634 4630 4636
f 4630 4633 4636
f 4637 4640 4642
f 4637 4642 4641
f 4640 4644 4645
f 4640 4645 4642
f 4638 4643 4645
f 4638 4645 4644
f 4643 4647 4648
f 4643 4648 4645
f 4639 4646 4648
f 4639 4648 4647
f 4646 4641 4642
f 4646 4642 4648
f 4642 4645 4648
f 4649 4652 4654
f 4649 4654 4653
f 4652 4656 4657
f 4652 4657 4654
f 4650 4655 4657
f 4650 4657 4656
f 4655 4659 4660
f 4655 4660 4657
f 4651 4658 4660
f 4651 4660 4659
f 4658 4653 4654
f 4658 4654 4660
f 4654 4657 4660
f 4661 4664 4666
f 4661 4666 4665
f 4664 4668 4669
f 4664 4669 4666
f 4662 4667 4669
f 4662 4669 4668
f 4667 4671 4672
f 4667 4672 4669
f 4663 4670 4672
f 4663 4672 4671
f 4670 4665 4666
f 4670 4666 4672
f 4666 4669 4672
f 4673 4676 4678
f 4673 4678 4677
f 4676 4680 4681
f 4676 4681 4678
f 4674 4679 4681
f 4674 4681 4680
f 4679 4683 4684
f 4679 4684 4681
f 4675 4682 4684
f 4675 4684 4683
f 4682 4677 4678
f 4682 4678 4684
f 4678 4681 4684
f 4685 4688 4690
f 4685 4690 4689
f 4688 4692 4693
f 4688 4693 4690
f 4686 4691 4693
f 4686 4693 4692
f 4691 4695 4696
f 4691 4696 4693
f 4687 4694 4696
f 4687 4696 4695
f 4694 4689 4690
f 4694 4690 4696
f 4690 4693 4696
f 4625 4601 4605
f 4625 4605 4628
f 4628 4605 4610
f 4628 4610 4632
f 4632 4610 4603
f 4632 4603 4626
f 4602 4613 4617
f 4602 4617 4607
f 4607 4617 4622
f 4607 4622 4611
f 4611 4622 4615
f 4611 4615 4603
f 4614 4637 4641
f 4614 4641 4619
f 4619 4641 4646
f 4619 4646 4623
f 4623 4646 4639
f 4623 4639 4615
f 4638 4627 4635
f 4638 4635 4643
f 4643 4635 4631
f 4643 4631 4647
f 4647 4631 4626
f 4647 4626 4639
f 4673 4625 4629
f 4673 4629 4676
f 4676 4629 4634
f 4676 4634 4680
f 4680 4634 4627
f 4680 4627 4674
f 4637 4685 4689
f 4637 4689 4640
f 4640 4689 4694
f 4640 4694 4644
f 4644 4694 4687
f 4644 4687 4638
f 4686 4675 4683
f 4686 4683 4691
f 4691 4683 4679
f 4691 4679 4695
f 4695 4679 4674
f 4695 4674 4687
f 4649 4673 4677
f 4649 4677 4652
f 4652 4677 4682
f 4652 4682 4656
f 4656 4682 4675
f 4656 4675 4650
f 4685 4661 4665
f 4685 4665 4688
f 4688 4665 4670
f 4688 4670 4692
f 4692 4670 4663
f 4692 4663 4686
f 4662 4651 4659
f 4662 4659 4667
f 4667 4659 4655
f 4667 4655 4671
f 4671 4655 4650
f 4671 4650 4663
f 4601 4649 4653
f 4601 4653 4604
f 4604 4653 4658
f 4604 4658 4608
f 4608 4658 4651
f 4608 4651 4602
f 4661 4614 4620
f 4661 4620 4664
f 4664 4620 4616
f 4664 4616 4668
f 4668 4616 4613
f 4668 4613 4662
f 4625 4673 4649
f 4625 4649 4601
f 4603 4615 4639
f 4603 4639 4626
f 4651 4662 4613
f 4651 4613 4602
f 4685 4637 4614
f 4685 4614 4661
f 4627 4638 4687
f 4627 4687 4674
f 4675 4686 4663
f 4675 4663 4650
v 2.2018270 -0.7980000 1.0596793
v 2.2016006 -0.8000000 1.0616665
v 2.1996136 -0.7980000 1.0614400
v 2.2017968 -0.7989987 1.0599447
v 2.2008045 -0.7980000 1.0598317
v 2.2008171 -0.7989564 1.0600944
v 2.2006083 -0.7997328 1.0615534
v 2.2017136 -0.7997328 1.0606742
v 2.2007587 -0.7994733 1.0606079
v 2.1999919 -0.7980000 1.0604780
v 2.1998789 -0.7989987 1.0614703
v 2.2002451 -0.7989564 1.0605494
v 2.2013743 -0.8000000 1.0636536
v 2.2011478 -0.7980000 1.0656407
v 2.1993871 -0.7980000 1.0634272
v 2.2012610 -0.7997328 1.0646459
v 2.2003820 -0.7997328 1.0635406
v 2.2003157 -0.7994733 1.0644956
v 2.2001858 -0.7980000 1.0652622
v 2.2011781 -0.7989987 1.0653752
v 2.2002571 -0.7989564 1.0650091
v 2.1996524 -0.7989987 1.0634575
v 2.1995394 -0.7980000 1.0644497
v 2.1998022 -0.7989564 1.0644372
v 2.2018270 -0.6020000 1.0596793
v 2.1996136 -0.6020000 1.0614400
v 2.2016006 -0.6000000 1.0616665
v 2.2008045 -0.6020000 1.0598317
v 2.2017968 -0.6010013 1.0599447
v 2.2008171 -0.6010436 1.0600944
v 2.1998789 -0.6010013 1.0614703
v 2.1999919 -0.6020000 1.0604780
v 2.2002451 -0.6010436 1.0605494
v 2.2017136 -0.6002672 1.0606742
v 2.2006083 -0.6002672 1.0615534
v 2.2007587 -0.6005267 1.0606079
v 2.2011478 -0.6020000 1.0656407
v 2.2013743 -0.6000000 1.0636536
v 2.1993871 -0.6020000 1.0634272
v 2.2011781 -0.6010013 1.0653752
v 2.2001858 -0.6020000 1.0652622
v 2.2002571 -0.6010436 1.0650091
v 2.2003820 -0.6002672 1.0635406
v 2.2012610 -0.6002672 1.0646459
v 2.2003157 -0.6005267 1.0644956
v 2.1995394 -0.6020000 1.0644497
v 2.1996524 -0.6010013 1.0634575
v 2.1998022 -0.6010436 1.0644372
v 2.3484800 -0.7980000 1.0763884
v 2.3502407 -0.7980000 1.0786018
v 2.3482535 -0.8000000 1.0783755
v 2.3494420 -0.7980000 1.0767668
v 2.3484497 -0.7989987 1.0766538
v 2.3493707 -0.7989564 1.0770199
v 2.3499753 -0.7989987 1.0785716
v 2.3500884 -0.7980000 1.0775794
v 2.3498256 -0.7989564 1.0775919
v 2.3483667 -0.7997328 1.0773832
v 2.3492458 -0.7997328 1.0784885
v 2.3493121 -0.7994733 1.0775335
v 2.3478007 -0.7980000 1.0823498
v 2.3480272 -0.8000000 1.0803626
v 2.3500142 -0.7980000 1.0805891
v 2.3478310 -0.7989987 1.0820843
v 2.3488233 -0.7980000 1.0821973
v 2.3488107 -0.7989564 1.0819347
v 2.3490195 -0.7997328 1.0804757
v 2.3479142 -0.7997328 1.0813549
v 2.3488691 -0.7994733 1.0814211
v 2.3496358 -0.7980000 1.0815511
v 2.3497488 -0.7989987 1.0805588
v 2.3493826 -0.7989564 1.0814797
v 2.3484800 -0.6020000 1.0763884
v 2.3482535 -0.6000000 1.0783755
v 2.3502407 -0.6020000 1.0786018
v 2.3484497 -0.6010013 1.0766538
v 2.3494420 -0.6020000 1.0767668
v 2.3493707 -0.6010436 1.0770199
v 2.3492458 -0.6002672 1.0784885
v 2.3483667 -0.6002672 1.0773832
v 2.3493121 -0.6005267 1.0775335
v 2.3500884 -0.6020000 1.0775794
v 2.3499753 -0.6010013 1.0785716
v 2.3498256 -0.6010436 1.0775919
v 2.3478007 -0.6020000 1.0823498
v 2.3500142 -0.6020000 1.0805891
v 2.3480272 -0.6000000 1.0803626
v 2.3488233 -0.6020000 1.0821973
v 2.3478310 -0.6010013 1.0820843
v 2.3488107 -0.6010436 1.0819347
v 2.3497488 -0.6010013 1.0805588
v 2.3496358 -0.6020000 1.0815511
v 2.3493826 -0.6010436 1.0814797
v 2.3479142 -0.6002672 1.0813549
v 2.3490195 -0.6002672 1.0804757
v 2.3488691 -0.6005267 1.0814211
f 4697 4700 4702
f 4697 4702 4701
f 4700 4704 4705
f 4700 4705 4702
f 4698 4703 4705
f 4698 4705 4704
f 4703 4707 4708
f 4703 4708 4705
f 4699 4706 4708
f 4699 4708 4707
f 4706 4701 4702
f 4706 4702 4708
f 4702 4705 4708
f 4709 4712 4714
f 4709 4714 4713
f 4712 4716 4717
f 4712 4717 4714
f 4710 4715 4717
f 4710 4717 4716
f 4715 4719 4720
f 4715 4720 4717
f 4711 4718 4720
f 4711 4720 4719
f 4718 4713 4714
f 4718 4714 4720
f 4714 4717 4720
f 4721 4724 4726
f 4721 4726 4725
f 4724 4728 4729
f 4724 4729 4726
f 4722 4727 4729
f 4722 4729 4728
f 4727 4731 4732
f 4727 4732 4729
f 4723 4730 4732
f 4723 4732 4731
f 4730 4725 4726
f 4730 4726 4732
f 4726 4729 4732
f 4733 4736 4738
f 4733 4738 4737
f 4736 4740 4741
f 4736 4741 4738
f 4734 4739 4741
f 4734 4741 4740
f 4739 4743 4744
f 4739 4744 4741
f 4735 4742 4744
f 4735 4744 4743
f 4742 4737 4738
f 4742 4738 4744
f 4738 4741 4744
f 4745 4748 4750
f 4745 4750 4749
f 4748 4752 4753
f 4748 4753 4750
f 4746 4751 4753
f 4746 4753 4752
f 4751 4755 4756
f 4751 4756 4753
f 4747 4754 4756
f 4747 4756 4755
f 4754 4749 4750
f 4754 4750 4756
f 4750 4753 4756
f 4757 4760 4762
f 4757 4762 4761
f 4760 4764 4765
f 4760 4765 4762
f 4758 4763 4765
f 4758 4765 4764
f 4763 4767 4768
f 4763 4768 4765
f 4759 4766 4768
f 4759 4768 4767
f 4766 4761 4762
f 4766 4762 4768
f 4762 4765 4768
f 4769 4772 4774
f 4769 4774 4773
f 4772 4776 4777
f 4772 4777 4774
f 4770 4775 4777
f 4770 4777 4776
f 4775 4779 4780
f 4775 4780 4777
f 4771 4778 4780
f 4771 4780 4779
f 4778 4773 4774
f 4778 4774 4780
f 4774 4777 4780
f 4781 4784 4786
f 4781 4786 4785
f 4784 4788 4789
f 4784 4789 4786
f 4782 4787 4789
f 4782 4789 4788
f 4787 4791 4792
f 4787 4792 4789
f 4783 4790 4792
f 4783 4792 4791
f 4790 4785 4786
f 4790 4786 4792
f 4786 4789 4792
f 4721 4697 4701
f 4721 4701 4724
f 4724 4701 4706
f 4724 4706 4728
f 4728 4706 4699
f 4728 4699 4722
f 4698 4709 4713
f 4698 4713 4703
f 4703 4713 4718
f 4703 4718 4707
f 4707 4718 4711
f 4707 4711 4699
f 4710 4733 4737
f 4710 4737 4715
f 4715 4737 4742
f 4715 4742 4719
f 4719 4742 4735
f 4719 4735 4711
f 4734 4723 4731
f 4734 4731 4739
f 4739 4731 4727
f 4739 4727 4743
f 4743 4727 4722
f 4743 4722 4735
f 4769 4721 4725
f 4769 4725 4772
f 4772 4725 4730
f 4772 4730 4776
f 4776 4730 4723
f 4776 4723 4770
f 4733 4781 4785
f 4733 4785 4736
f 4736 4785 4790
f 4736 4790 4740
f 4740 4790 4783
f 4740 4783 4734
f 4782 4771 4779
f 4782 4779 4787
f 4787 4779 4775
f 4787 4775 4791
f 4791 4775 4770
f 4791 4770 4783
f 4745 4769 4773
f 4745 4773 4748
f 4748 4773 4778
f 4748 4778 4752
f 4752 4778 4771
f 4752 4771 4746
f 4781 4757 4761
f 4781 4761 4784
f 4784 4761 4766
f 4784 4766 4788
f 4788 4766 4759
f 4788 4759 4782
f 4758 4747 4755
f 4758 4755 4763
f 4763 4755 4751
f 4763 4751 4767
f 4767 4751 4746
f 4767 4746 4759
f 4697 4745 4749
f 4697 4749 4700
f 4700 4749 4754
f 4700 4754 4704
f 4704 4754 4747
f 4704 4747 4698
f 4757 4710 4716
f 4757 4716 4760
f 4760 4716 4712
f 4760 4712 4764
f 4764 4712 4709
f 4764 4709 4758
f 4721 4769 4745
f 4721 4745 4697
f 4699 4711 4735
f 4699 4735 4722
f 4747 4758 4709
f 4747 4709 4698
f 4781 4733 4710
f 4781 4710 4757
f 4723 4734 4783
f 4723 4783 4770
f 4771 4782 4759
f 4771 4759 4746
v 2.0694735 -0.7980000 1.0119746
v 2.0688059 -0.8000000 1.0138599
v 2.0669205 -0.7980000 1.0131923
v 2.0693843 -0.7989987 1.0122265
v 2.0684428 -0.7980000 1.0118932
v 2.0683961 -0.7989564 1.0121518
v 2.0678644 -0.7997328 1.0135266
v 2.0691392 -0.7997328 1.0129185
v 2.0682235 -0.7994733 1.0126390
v 2.0675058 -0.7980000 1.0123401
v 2.0671725 -0.7989987 1.0132815
v 2.0677364 -0.7989564 1.0124665
v 2.0681384 -0.8000000 1.0157452
v 2.0674706 -0.7980000 1.0176305
v 2.0662529 -0.7980000 1.0150776
v 2.0678048 -0.7997328 1.0166866
v 2.0671968 -0.7997328 1.0154119
v 2.0669174 -0.7994733 1.0163275
v 2.0666184 -0.7980000 1.0170453
v 2.0675597 -0.7989987 1.0173786
v 2.0667448 -0.7989564 1.0168147
v 2.0665050 -0.7989987 1.0151668
v 2.0661714 -0.7980000 1.0161082
v 2.0664303 -0.7989564 1.0161550
v 2.0694735 -0.6020000 1.0119746
v 2.0669205 -0.6020000 1.0131923
v 2.0688059 -0.6000000 1.0138599
v 2.0684428 -0.6020000 1.0118932
v 2.0693843 -0.6010013 1.0122265
v 2.0683961 -0.6010436 1.0121518
v 2.0671725 -0.6010013 1.0132815
v 2.0675058 -0.6020000 1.0123401
v 2.0677364 -0.6010436 1.0124665
v 2.0691392 -0.6002672 1.0129185
v 2.0678644 -0.6002672 1.0135266
v 2.0682235 -0.6005267 1.0126390
v 2.0674706 -0.6020000 1.0176305
v 2.0681384 -0.6000000 1.0157452
v 2.0662529 -0.6020000 1.0150776
v 2.0675597 -0.6010013 1.0173786
v 2.0666184 -0.6020000 1.0170453
v 2.0667448 -0.6010436 1.0168147
v 2.0671968 -0.6002672 1.0154119
v 2.0678048 -0.6002672 1.0166866
v 2.0669174 -0.6005267 1.0163275
v 2.0661714 -0.6020000 1.0161082
v 2.0665050 -0.6010013 1.0151668
v 2.0664303 -0.6010436 1.0161550
v 2.2086091 -0.7980000 1.0612451
v 2.2098267 -0.7980000 1.0637980
v 2.2079413 -0.8000000 1.0631304
v 2.2094612 -0.7980000 1.0618303
v 2.2085199 -0.7989987 1.0614970
v 2.2093349 -0.7989564 1.0620608
v 2.2095747 -0.7989987 1.0637088
v 2.2099082 -0.7980000 1.0627674
v 2.2096493 -0.7989564 1.0627205
v 2.2082748 -0.7997328 1.0621890
v 2.2088828 -0.7997328 1.0634637
v 2.2091622 -0.7994733 1.0625480
v 2.2066061 -0.7980000 1.0669010
v 2.2072737 -0.8000000 1.0650157
v 2.2091591 -0.7980000 1.0656832
v 2.2066953 -0.7989987 1.0666491
v 2.2076368 -0.7980000 1.0669824
v 2.2076836 -0.7989564 1.0667237
v 2.2082152 -0.7997328 1.0653490
v 2.2069404 -0.7997328 1.0659571
v 2.2078562 -0.7994733 1.0662365
v 2.2085738 -0.7980000 1.0665355
v 2.2089071 -0.7989987 1.0655941
v 2.2083433 -0.7989564 1.0664090
v 2.2086091 -0.6020000 1.0612451
v 2.2079413 -0.6000000 1.0631304
v 2.2098267 -0.6020000 1.0637980
v 2.2085199 -0.6010013 1.0614970
v 2.2094612 -0.6020000 1.0618303
v 2.2093349 -0.6010436 1.0620608
v 2.2088828 -0.6002672 1.0634637
v 2.2082748 -0.6002672 1.0621890
v 2.2091622 -0.6005267 1.0625480
v 2.2099082 -0.6020000 1.0627674
v 2.2095747 -0.6010013 1.0637088
v 2.2096493 -0.6010436 1.0627205
v 2.2066061 -0.6020000 1.0669010
v 2.2091591 -0.6020000 1.0656832
v 2.2072737 -0.6000000 1.0650157
v 2.2076368 -0.6020000 1.0669824
v 2.2066953 -0.6010013 1.0666491
v 2.2076836 -0.6010436 1.0667237
v 2.2089071 -0.6010013 1.0655941
v 2.2085738 -0.6020000 1.0665355
v 2.2083433 -0.6010436 1.0664090
v 2.2069404 -0.6002672 1.0659571
v 2.2082152 -0.6002672 1.0653490
v 2.2078562 -0.6005267 1.0662365
f 4793 4796 4798
f 4793 4798 4797
f 4796 4800 4801
f 4796 4801 4798
f 4794 4799 4801
f 4794 4801 4800
f 4799 4803 4804
f 4799 4804 4801
f 4795 4802 4804
f 4795 4804 4803
f 4802 4797 4798
f 4802 4798 4804
f 4798 4801 4804
f 4805 4808 4810
f 4805 4810 4809
f 4808 4812 4813
f 4808 4813 4810
f 4806 4811 4813
f 4806 4813 4812
f 4811 4815 4816
f 4811 4816 4813
f 4807 4814 4816
f 4807 4816 4815
f 4814 4809 4810
f 4814 4810 4816
f 4810 4813 4816
f 4817 4820 4822
f 4817 4822 4821
f 4820 4824 4825
f 4820 4825 4822
f 4818 4823 4825
f 4818 4825 4824
f 4823 4827 4828
f 4823 4828 4825
f 4819 4826 4828
f 4819 4828 4827
f 4826 4821 4822
f 4826 4822 4828
f 4822 4825 4828
f 4829 4832 4834
f 4829 4834 4833
f 4832 4836 4837
f 4832 4837 4834
f 4830 4835 4837
f 4830 4837 4836
f 4835 4839 4840
f 4835 4840 4837
f 4831 4838 4840
f 4831 4840 4839
f 4838 4833 4834
f 4838 4834 4840
f 4834 4837 4840
f 4841 4844 4846
f 4841 4846 4845
f 4844 4848 4849
f 4844 4849 4846
f 4842 4847 4849
f 4842 4849 4848
f 4847 4851 4852
f 4847 4852 4849
f 4843 4850 4852
f 4843 4852 4851
f 4850 4845 4846
f 4850 4846 4852
f 4846 4849 4852
f 4853 4856 4858
f 4853 4858 4857
f 4856 4860 4861
f 4856 4861 4858
f 4854 4859 4861
f 4854 4861 4860
f 4859 4863 4864
f 4859 4864 4861
f 4855 4862 4864
f 4855 4864 4863
f 4862 4857 4858
f 4862 4858 4864
f 4858 4861 4864
f 4865 4868 4870
f 4865 4870 4869
f 4868 4872 4873
f 4868 4873 4870
f 4866 4871 4873
f 4866 4873 4872
f 4871 4875 4876
f 4871 4876 4873
f 4867 4874 4876
f 4867 4876 4875
f 4874 4869 4870
f 4874 4870 4876
f 4870 4873 4876
f 4877 4880 4882
f 4877 4882 4881
f 4880 4884 4885
f 4880 4885 4882
f 4878 4883 4885
f 4878 4885 4884
f 4883 4887 4888
f 4883 4888 4885
f 4879 4886 4888
f 4879 4888 4887
f 4886 4881 4882
f 4886 4882 4888
f 4882 4885 4888
f 4817 4793 4797
f 4817 4797 4820
f 4820 4797 4802
f 4820 4802 4824
f 4824 4802 4795
f 4824 4795 4818
f 4794 4805 4809
f 4794 4809 4799
f 4799 4809 4814
f 4799 4814 4803
f 4803 4814 4807
f 4803 4807 4795
f 4806 4829 4833
f 4806 4833 4811
f 4811 4833 4838
f 4811 4838 4815
f 4815 4838 4831
f 4815 4831 4807
f 4830 4819 4827
f 4830 4827 4835
f 4835 4827 4823
f 4835 4823 4839
f 4839 4823 4818
f 4839 4818 4831
f 4865 4817 4821
f 4865 4821 4868
f 4868 4821 4826
f 4868 4826 4872
f 4872 4826 4819
f 4872 4819 4866
f 4829 4877 4881
f 4829 4881 4832
f 4832 4881 4886
f 4832 4886 4836
f 4836 4886 4879
f 4836 4879 4830
f 4878 4867 4875
f 4878 4875 4883
f 4883 4875 4871
f 4883 4871 4887
f 4887 4871 4866
f 4887 4866 4879
f 4841 4865 4869
f 4841 4869 4844
f 4844 4869 4874
f 4844 4874 4848
f 4848 4874 4867
f 4848 4867 4842
f 4877 4853 4857
f 4877 4857 4880
f 4880 4857 4862
f 4880 4862 4884
f 4884 4862 4855
f 4884 4855 4878
f 4854 4843 4851
f 4854 4851 4859
f 4859 4851 4847
f 4859 4847 4863
f 4863 4847 4842
f 4863 4842 4855
f 4793 4841 4845
f 4793 4845 4796
f 4796 4845 4850
f 4796 4850 4800
f 4800 4850 4843
f 4800 4843 4794
f 4853 4806 4812
f 4853 4812 4856
f 4856 4812 4808
f 4856 4808 4860
f 4860 4808 4805
f 4860 4805 4854
f 4817 4865 4841
f 4817 4841 4793
f 4795 4807 4831
f 4795 4831 4818
f 4843 4854 4805
f 4843 4805 4794
f 4877 4829 4806
f 4877 4806 4853
f 4819 4830 4879
f 4819 4879 4866
f 4867 4878 4855
f 4867 4855 4842
v 1.9512430 -0.7980000 0.9357194
v 1.9501685 -0.8000000 0.9374061
v 1.9484817 -0.7980000 0.9363315
v 1.9510995 -0.7989987 0.9359447
v 1.9502572 -0.7980000 0.9354081
v 1.9501535 -0.7989564 0.9356497
v 1.9493262 -0.7997328 0.9368696
v 1.9507051 -0.7997328 0.9365638
v 1.9498757 -0.7994733 0.9360856
v 1.9492437 -0.7980000 0.9356328
v 1.9487070 -0.7989987 0.9364751
v 1.9494398 -0.7989564 0.9358079
v 1.9490938 -0.8000000 0.9390929
v 1.9480193 -0.7980000 0.9407797
v 1.9474071 -0.7980000 0.9380183
v 1.9485573 -0.7997328 0.9399352
v 1.9482516 -0.7997328 0.9385563
v 1.9477733 -0.7994733 0.9393857
v 1.9473206 -0.7980000 0.9400178
v 1.9481628 -0.7989987 0.9405544
v 1.9474957 -0.7989564 0.9398215
v 1.9476324 -0.7989987 0.9381619
v 1.9470959 -0.7980000 0.9390042
v 1.9473375 -0.7989564 0.9391080
v 1.9512430 -0.6020000 0.9357194
v 1.9484817 -0.6020000 0.9363315
v 1.9501685 -0.6000000 0.9374061
v 1.9502572 -0.6020000 0.9354081
v 1.9510995 -0.6010013 0.9359447
v 1.9501535 -0.6010436 0.9356497
v 1.9487070 -0.6010013 0.9364751
v 1.9492437 -0.6020000 0.9356328
v 1.9494398 -0.6010436 0.9358079
v 1.9507051 -0.6002672 0.9365638
v 1.9493262 -0.6002672 0.9368696
v 1.9498757 -0.6005267 0.9360856
v 1.9480193 -0.6020000 0.9407797
v 1.9490938 -0.6000000 0.9390929
v 1.9474071 -0.6020000 0.9380183
v 1.9481628 -0.6010013 0.9405544
v 1.9473206 -0.6020000 0.9400178
v 1.9474957 -0.6010436 0.9398215
v 1.9482516 -0.6002672 0.9385563
v 1.9485573 -0.6002672 0.9399352
v 1.9477733 -0.6005267 0.9393857
v 1.9470959 -0.6020000 0.9390042
v 1.9476324 -0.6010013 0.9381619
v 1.9473375 -0.6010436 0.9391080
v 2.0757291 -0.7980000 1.0150257
v 2.0763414 -0.7980000 1.0177871
v 2.0746546 -0.8000000 1.0167125
v 2.0764279 -0.7980000 1.0157876
v 2.0755856 -0.7989987 1.0152510
v 2.0762527 -0.7989564 1.0159838
v 2.0761158 -0.7989987 1.0176436
v 2.0766525 -0.7980000 1.0168012
v 2.0764110 -0.7989564 1.0166974
v 2.0751910 -0.7997328 1.0158702
v 2.0754969 -0.7997328 1.0172491
v 2.0759749 -0.7994733 1.0164198
v 2.0725052 -0.7980000 1.0200861
v 2.0735800 -0.8000000 1.0183992
v 2.0752666 -0.7980000 1.0194739
v 2.0726490 -0.7989987 1.0198607
v 2.0734911 -0.7980000 1.0203973
v 2.0735950 -0.7989564 1.0201557
v 2.0744221 -0.7997328 1.0189359
v 2.0730433 -0.7997328 1.0192416
v 2.0738726 -0.7994733 1.0197198
v 2.0745049 -0.7980000 1.0201726
v 2.0750413 -0.7989987 1.0193303
v 2.0743086 -0.7989564 1.0199975
v 2.0757291 -0.6020000 1.0150257
v 2.0746546 -0.6000000 1.0167125
v 2.0763414 -0.6020000 1.0177871
v 2.0755856 -0.6010013 1.0152510
v 2.0764279 -0.6020000 1.0157876
v 2.0762527 -0.6010436 1.0159838
v 2.0754969 -0.6002672 1.0172491
v 2.0751910 -0.6002672 1.0158702
v 2.0759749 -0.6005267 1.0164198
v 2.0766525 -0.6020000 1.0168012
v 2.0761158 -0.6010013 1.0176436
v 2.0764110 -0.6010436 1.0166974
v 2.0725052 -0.6020000 1.0200861
v 2.0752666 -0.6020000 1.0194739
v 2.0735800 -0.6000000 1.0183992
v 2.0734911 -0.6020000 1.0203973
v 2.0726490 -0.6010013 1.0198607
v 2.0735950 -0.6010436 1.0201557
v 2.0750413 -0.6010013 1.0193303
v 2.0745049 -0.6020000 1.0201726
v 2.0743086 -0.6010436 1.0199975
v 2.0730433 -0.6002672 1.0192416
v 2.0744221 -0.6002672 1.0189359
v 2.0738726 -0.6005267 1.0197198
f 4889 4892 4894
f 4889 4894 4893
f 4892 4896 4897
f 4892 4897 4894
f 4890 4895 4897
f 4890 4897 4896
f 4895 4899 4900
f 4895 4900 4897
f 4891 4898 4900
f 4891 4900 4899
f 4898 4893 4894
f 4898 4894 4900
f 4894 4897 4900
f 4901 4904 4906
f 4901 4906 4905
f 4904 4908 4909
f 4904 4909 4906
f 4902 4907 4909
f 4902 4909 4908
f 4907 4911 4912
f 4907 4912 4909
f 4903 4910 4912
f 4903 4912 4911
f 4910 4905 4906
f 4910 4906 4912
f 4906 4909 4912
f 4913 4916 4918
f 4913 4918 4917
f 4916 4920 4921
f 4916 4921 4918
f 4914 4919 4921
f 4914 4921 4920
f 4919 4923 4924
f 4919 4924 4921
f 4915 4922 4924
f 4915 4924 4923
f 4922 4917 4918
f 4922 4918 4924
f 4918 4921 4924
f 4925 4928 4930
f 4925 4930 4929
f 4928 4932 4933
f 4928 4933 4930
f 4926 4931 4933
f 4926 4933 4932
f 4931 4935 4936
f 4931 4936 4933
f 4927 4934 4936
f 4927 4936 4935
f 4934 4929 4930
f 4934 4930 4936
f 4930 4933 4936
f 4937 4940 4942
f 4937 4942 4941
f 4940 4944 4945
f 4940 4945 4942
f 4938 4943 4945
f 4938 4945 4944
f 4943 4947 4948
f 4943 4948 4945
f 4939 4946 4948
f 4939 4948 4947
f 4946 4941 4942
f 4946 4942 4948
f 4942 4945 4948
f 4949 4952 4954
f 4949 4954 4953
f 4952 4956 4957
f 4952 4957 4954
f 4950 4955 4957
f 4950 4957 4956
f 4955 4959 4960
f 4955 4960 4957
f 4951 4958 4960
f 4951 4960 4959
f 4958 4953 4954
f 4958 4954 4960
f 4954 4957 4960
f 4961 4964 4966
f 4961 4966 4965
f 4964 4968 4969
f 4964 4969 4966
f 4962 4967 4969
f 4962 4969 4968
f 4967 4971 4972
f 4967 4972 4969
f 4963 4970 4972
f 4963 4972 4971
f 4970 4965 4966
f 4970 4966 4972
f 4966 4969 4972
f 4973 4976 4978
f 4973 4978 4977
f 4976 4980 4981
f 4976 4981 4978
f 4974 4979 4981
f 4974 4981 4980
f 4979 4983 4984
f 4979 4984 4981
f 4975 4982 4984
f 4975 4984 4983
f 4982 4977 4978
f 4982 4978 4984
f 4978 4981 4984
f 4913 4889 4893
f 4913 4893 4916
f 4916 4893 4898
f 4916 4898 4920
f 4920 4898 4891
f 4920 4891 4914
f 4890 4901 4905
f 4890 4905 4895
f 4895 4905 4910
f 4895 4910 4899
f 4899 4910 4903
f 4899 4903 4891
f 4902 4925 4929
f 4902 4929 4907
f 4907 4929 4934
f 4907 4934 4911
f 4911 4934 4927
f 4911 4927 4903
f 4926 4915 4923
f 4926 4923 4931
f 4931 4923 4919
f 4931 4919 4935
f 4935 4919 4914
f 4935 4914 4927
f 4961 4913 4917
f 4961 4917 4964
f 4964 4917 4922
f 4964 4922 4968
f 4968 4922 4915
f 4968 4915 4962
f 4925 4973 4977
f 4925 4977 4928
f 4928 4977 4982
f 4928 4982 4932
f 4932 4982 4975
f 4932 4975 4926
f 4974 4963 4971
f 4974 4971 4979
f 4979 4971 4967
f 4979 4967 4983
f 4983 4967 4962
f 4983 4962 4975
f 4937 4961 4965
f 4937 4965 4940
f 4940 4965 4970
f 4940 4970 4944
f 4944 4970 4963
f 4944 4963 4938
f 4973 4949 4953
f 4973 4953 4976
f 4976 4953 4958
f 4976 4958 4980
f 4980 4958 4951
f 4980 4951 4974
f 4950 4939 4947
f 4950 4947 4955
f 4955 4947 4943
f 4955 4943 4959
f 4959 4943 4938
f 4959 4938 4951
f 4889 4937 4941
f 4889 4941 4892
f 4892 4941 4946
f 4892 4946 4896
f 4896 4946 4939
f 4896 4939 4890
f 4949 4902 4908
f 4949 4908 4952
f 4952 4908 4904
f 4952 4904 4956
f 4956 4904 4901
f 4956 4901 4950
f 4913 4961 4937
f 4913 4937 4889
f 4891 4903 4927
f 4891 4927 4914
f 4939 4950 4901
f 4939 4901 4890
f 4973 4925 4902
f 4973 4902 4949
f 4915 4926 4975
f 4915 4975 4962
f 4963 4974 4951
f 4963 4951 4938
v 1.8531967 -0.7980000 0.8348225
v 1.8517703 -0.8000000 0.8362243
v 1.8503684 -0.7980000 0.8347978
v 1.8530061 -0.7989987 0.8350098
v 1.8523061 -0.7980000 0.8342975
v 1.8521507 -0.7989564 0.8345096
v 1.8510703 -0.7997328 0.8355120
v 1.8524826 -0.7997328 0.8355243
v 1.8517821 -0.7994733 0.8348718
v 1.8512681 -0.7980000 0.8342884
v 1.8505557 -0.7989987 0.8349884
v 1.8514198 -0.7989564 0.8345032
v 1.8503437 -0.8000000 0.8376262
v 1.8489172 -0.7980000 0.8390279
v 1.8489419 -0.7980000 0.8361996
v 1.8496314 -0.7997328 0.8383262
v 1.8496437 -0.7997328 0.8369138
v 1.8489912 -0.7994733 0.8376144
v 1.8484079 -0.7980000 0.8381284
v 1.8491079 -0.7989987 0.8388407
v 1.8486226 -0.7989564 0.8379766
v 1.8491292 -0.7989987 0.8363902
v 1.8484169 -0.7980000 0.8370902
v 1.8486290 -0.7989564 0.8372457
v 1.8531967 -0.6020000 0.8348225
v 1.8503684 -0.6020000 0.8347978
v 1.8517703 -0.6000000 0.8362243
v 1.8523061 -0.6020000 0.8342975
v 1.8530061 -0.6010013 0.8350098
v 1.8521507 -0.6010436 0.8345096
v 1.8505557 -0.6010013 0.8349884
v 1.8512681 -0.6020000 0.8342884
v 1.8514198 -0.6010436 0.8345032
v 1.8524826 -0.6002672 0.8355243
v 1.8510703 -0.6002672 0.8355120
v 1.8517821 -0.6005267 0.8348718
v 1.8489172 -0.6020000 0.8390279
v 1.8503437 -0.6000000 0.8376262
v 1.8489419 -0.6020000 0.8361996
v 1.8491079 -0.6010013 0.8388407
v 1.8484079 -0.6020000 0.8381284
v 1.8486226 -0.6010436 0.8379766
v 1.8496437 -0.6002672 0.8369138
v 1.8496314 -0.6002672 0.8383262
v 1.8489912 -0.6005267 0.8376144
v 1.8484169 -0.6020000 0.8370902
v 1.8491292 -0.6010013 0.8363902
v 1.8486290 -0.6010436 0.8372457
v 1.9566522 -0.7980000 0.9400995
v 1.9566275 -0.7980000 0.9429278
v 1.9552257 -0.8000000 0.9415013
v 1.9571615 -0.7980000 0.9409991
v 1.9564615 -0.7989987 0.9402868
v 1.9569468 -0.7989564 0.9411509
v 1.9564402 -0.7989987 0.9427373
v 1.9571525 -0.7980000 0.9420373
v 1.9569404 -0.7989564 0.9418818
v 1.9559380 -0.7997328 0.9408013
v 1.9559257 -0.7997328 0.9422137
v 1.9565783 -0.7994733 0.9415131
v 1.9523727 -0.7980000 0.9443050
v 1.9537991 -0.8000000 0.9429032
v 1.9552010 -0.7980000 0.9443297
v 1.9525633 -0.7989987 0.9441177
v 1.9532633 -0.7980000 0.9448300
v 1.9534187 -0.7989564 0.9446179
v 1.9544991 -0.7997328 0.9436155
v 1.9530869 -0.7997328 0.9436032
v 1.9537873 -0.7994733 0.9442557
v 1.9543014 -0.7980000 0.9448391
v 1.9550138 -0.7989987 0.9441391
v 1.9541496 -0.7989564 0.9446243
v 1.9566522 -0.6020000 0.9400995
v 1.9552257 -0.6000000 0.9415013
v 1.9566275 -0.6020000 0.9429278
v 1.9564615 -0.6010013 0.9402868
v 1.9571615 -0.6020000 0.9409991
v 1.9569468 -0.6010436 0.9411509
v 1.9559257 -0.6002672 0.9422137
v 1.9559380 -0.6002672 0.9408013
v 1.9565783 -0.6005267 0.9415131
v 1.9571525 -0.6020000 0.9420373
v 1.9564402 -0.6010013 0.9427373
v 1.9569404 -0.6010436 0.9418818
v 1.9523727 -0.6020000 0.9443050
v 1.9552010 -0.6020000 0.9443297
v 1.9537991 -0.6000000 0.9429032
v 1.9532633 -0.6020000 0.9448300
v 1.9525633 -0.6010013 0.9441177
v 1.9534187 -0.6010436 0.9446179
v 1.9550138 -0.6010013 0.9441391
v 1.9543014 -0.6020000 0.9448391
v 1.9541496 -0.6010436 0.9446243
v 1.9530869 -0.6002672 0.9436032
v 1.9544991 -0.6002672 0.9436155
v 1.9537873 -0.6005267 0.9442557
f 4985 4988 4990
f 4985 4990 4989
f 4988 4992 4993
f 4988 4993 4990
f 4986 4991 4993
f 4986 4993 4992
f 4991 4995 4996
f 4991 4996 4993
f 4987 4994 4996
f 4987 4996 4995
f 4994 4989 4990
f 4994 4990 4996
f 4990 4993 4996
f 4997 5000 5002
f 4997 5002 5001
f 5000 5004 5005
f 5000 5005 5002
f 4998 5003 5005
f 4998 5005 5004
f 5003 5007 5008
f 5003 5008 5005
f 4999 5006 5008
f 4999 5008 5007
f 5006 5001 5002
f 5006 5002 5008
f 5002 5005 5008
f 5009 5012 5014
f 5009 5014 5013
f 5012 5016 5017
f 5012 5017 5014
f 5010 5015 5017
f 5010 5017 5016
f 5015 5019 5020
f 5015 5020 5017
f 5011 5018 5020
f 5011 5020 5019
f 5018 5013 5014
f 5018 5014 5020
f 5014 5017 5020
f 5021 5024 5026
f 5021 5026 5025
f 5024 5028 5029
f 5024 5029 5026
f 5022 5027 5029
f 5022 5029 5028
f 5027 5031 5032
f 5027 5032 5029
f 5023 5030 5032
f 5023 5032 5031
f 5030 5025 5026
f 5030 5026 5032
f 5026 5029 5032
f 5033 5036 5038
f 5033 5038 5037
f 5036 5040 5041
f 5036 5041 5038
f 5034 5039 5041
f 5034 5041 5040
f 5039 5043 5044
f 5039 5044 5041
f 5035 5042 5044
f 5035 5044 5043
f 5042 5037 5038
f 5042 5038 5044
f 5038 5041 5044
f 5045 5048 5050
f 5045 5050 5049
f 5048 5052 5053
f 5048 5053 5050
f 5046 5051 5053
f 5046 5053 5052
f 5051 5055 5056
f 5051 5056 5053
f 5047 5054 5056
f 5047 5056 5055
f 5054 5049 5050
f 5054 5050 5056
f 5050 5053 5056
f 5057 5060 5062
f 5057 5062 5061
f 5060 5064 5065
f 5060 5065 5062
f 5058 5063 5065
f 5058 5065 5064
f 5063 5067 5068
f 5063 5068 5065
f 5059 5066 5068
f 5059 5068 5067
f 5066 5061 5062
f 5066 5062 5068
f 5062 5065 5068
f 5069 5072 5074
f 5069 5074 5073
f 5072 5076 5077
f 5072 5077 5074
f 5070 5075 5077
f 5070 5077 5076
f 5075 5079 5080
f 5075 5080 5077
f 5071 5078 5080
f 5071 5080 5079
f 5078 5073 5074
f 5078 5074 5080
f 5074 5077 5080
f 5009 4985 4989
f 5009 4989 5012
f 5012 4989 4994
f 5012 4994 5016
f 5016 4994 4987
f 5016 4987 5010
f 4986 4997 5001
f 4986 5001 4991
f 4991 5001 5006
f 4991 5006 4995
f 4995 5006 4999
f 4995 4999 4987
f 4998 5021 5025
f 4998 5025 5003
f 5003 5025 5030
f 5003 5030 5007
f 5007 5030 5023
f 5007 5023 4999
f 5022 5011 5019
f 5022 5019 5027
f 5027 5019 5015
f 5027 5015 5031
f 5031 5015 5010
f 5031 5010 5023
f 5057 5009 5013
f 5057 5013 5060
f 5060 5013 5018
f 5060 5018 5064
f 5064 5018 5011
f 5064 5011 5058
f 5021 5069 5073
f 5021 5073 5024
f 5024 5073 5078
f 5024 5078 5028
f 5028 5078 5071
f 5028 5071 5022
f 5070 5059 5067
f 5070 5067 5075
f 5075 5067 5063
f 5075 5063 5079
f 5079 5063 5058
f 5079 5058 5071
f 5033 5057 5061
f 5033 5061 5036
f 5036 5061 5066
f 5036 5066 5040
f 5040 5066 5059
f 5040 5059 5034
f 5069 5045 5049
f 5069 5049 5072
f 5072 5049 5054
f 5072 5054 5076
f 5076 5054 5047
f 5076 5047 5070
f 5046 5035 5043
f 5046 5043 5051
f 5051 5043 5039
f 5051 5039 5055
f 5055 5039 5034
f 5055 5034 5047
f 4985 5033 5037
f 4985 5037 4988
f 4988 5037 5042
f 4988 5042 4992
f 4992 5042 5035
f 4992 5035 4986
f 5045 4998 5004
f 5045 5004 5048
f 5048 5004 5000
f 5048 5000 5052
f 5052 5000 4997
f 5052 4997 5046
f 5009 5057 5033
f 5009 5033 4985
f 4987 4999 5023
f 4987 5023 5010
f 5035 5046 4997
f 5035 4997 4986
f 5069 5021 4998
f 5069 4998 5045
f 5011 5022 5071
f 5011 5071 5058
f 5059 5070 5047
f 5059 5047 5034
v 1.7803602 -0.7980000 0.7144560
v 1.7786549 -0.8000000 0.7155010
v 1.7776099 -0.7980000 0.7137957
v 1.7801323 -0.7989987 0.7145956
v 1.7796105 -0.7980000 0.7137441
v 1.7794113 -0.7989564 0.7139157
v 1.7781330 -0.7997328 0.7146495
v 1.7795064 -0.7997328 0.7149792
v 1.7789706 -0.7994733 0.7141858
v 1.7786011 -0.7980000 0.7135017
v 1.7777495 -0.7989987 0.7140235
v 1.7787006 -0.7989564 0.7137451
v 1.7769496 -0.8000000 0.7165460
v 1.7752444 -0.7980000 0.7175910
v 1.7759047 -0.7980000 0.7148407
v 1.7760981 -0.7997328 0.7170678
v 1.7764277 -0.7997328 0.7156945
v 1.7756344 -0.7994733 0.7162302
v 1.7749504 -0.7980000 0.7165999
v 1.7754722 -0.7989987 0.7174514
v 1.7751937 -0.7989564 0.7165003
v 1.7760442 -0.7989987 0.7150685
v 1.7751927 -0.7980000 0.7155904
v 1.7753644 -0.7989564 0.7157896
v 1.7803602 -0.6020000 0.7144560
v 1.7776099 -0.6020000 0.7137957
v 1.7786549 -0.6000000 0.7155010
v 1.7796105 -0.6020000 0.7137441
v 1.7801323 -0.6010013 0.7145956
v 1.7794113 -0.6010436 0.7139157
v 1.7777495 -0.6010013 0.7140235
v 1.7786011 -0.6020000 0.7135017
v 1.7787006 -0.6010436 0.7137451
v 1.7795064 -0.6002672 0.7149792
v 1.7781330 -0.6002672 0.7146495
v 1.7789706 -0.6005267 0.7141858
v 1.7752444 -0.6020000 0.7175910
v 1.7769496 -0.6000000 0.7165460
v 1.7759047 -0.6020000 0.7148407
v 1.7754722 -0.6010013 0.7174514
v 1.7749504 -0.6020000 0.7165999
v 1.7751937 -0.6010436 0.7165003
v 1.7764277 -0.6002672 0.7156945
v 1.7760981 -0.6002672 0.7170678
v 1.7756344 -0.6005267 0.7162302
v 1.7751927 -0.6020000 0.7155904
v 1.7760442 -0.6010013 0.7150685
v 1.7753644 -0.6010436 0.7157896
v 1.8574818 -0.7980000 0.8403072
v 1.8568215 -0.7980000 0.8430575
v 1.8557765 -0.8000000 0.8413522
v 1.8577758 -0.7980000 0.8412983
v 1.8572540 -0.7989987 0.8404468
v 1.8575325 -0.7989564 0.8413979
v 1.8566819 -0.7989987 0.8428296
v 1.8575335 -0.7980000 0.8423078
v 1.8573618 -0.7989564 0.8421086
v 1.8566281 -0.7997328 0.8408304
v 1.8562984 -0.7997328 0.8422037
v 1.8570918 -0.7994733 0.8416680
v 1.8523660 -0.7980000 0.8434421
v 1.8540713 -0.8000000 0.8423972
v 1.8551162 -0.7980000 0.8441024
v 1.8525939 -0.7989987 0.8433025
v 1.8531157 -0.7980000 0.8441541
v 1.8533149 -0.7989564 0.8439825
v 1.8545932 -0.7997328 0.8432487
v 1.8532197 -0.7997328 0.8429190
v 1.8537556 -0.7994733 0.8437124
v 1.8541251 -0.7980000 0.8443965
v 1.8549767 -0.7989987 0.8438746
v 1.8540256 -0.7989564 0.8441530
v 1.8574818 -0.6020000 0.8403072
v 1.8557765 -0.6000000 0.8413522
v 1.8568215 -0.6020000 0.8430575
v 1.8572540 -0.6010013 0.8404468
v 1.8577758 -0.6020000 0.8412983
v 1.8575325 -0.6010436 0.8413979
v 1.8562984 -0.6002672 0.8422037
v 1.8566281 -0.6002672 0.8408304
v 1.8570918 -0.6005267 0.8416680
v 1.8575335 -0.6020000 0.8423078
v 1.8566819 -0.6010013 0.8428296
v 1.8573618 -0.6010436 0.8421086
v 1.8523660 -0.6020000 0.8434421
v 1.8551162 -0.6020000 0.8441024
v 1.8540713 -0.6000000 0.8423972
v 1.8531157 -0.6020000 0.8441541
v 1.8525939 -0.6010013 0.8433025
v 1.8533149 -0.6010436 0.8439825
v 1.8549767 -0.6010013 0.8438746
v 1.8541251 -0.6020000 0.8443965
v 1.8540256 -0.6010436 0.8441530
v 1.8532197 -0.6002672 0.8429190
v 1.8545932 -0.6002672 0.8432487
v 1.8537556 -0.6005267 0.8437124
f 5081 5084 5086
f 5081 5086 5085
f 5084 5088 5089
f 5084 5089 5086
f 5082 5087 5089
f 5082 5089 5088
f 5087 5091 5092
f 5087 5092 5089
f 5083 5090 5092
f 5083 5092 5091
f 5090 5085 5086
f 5090 5086 5092
f 5086 5089 5092
f 5093 5096 5098
f 5093 5098 5097
f 5096 5100 5101
f 5096 5101 5098
f 5094 5099 5101
f 5094 5101 5100
f 5099 5103 5104
f 5099 5104 5101
f 5095 5102 5104
f 5095 5104 5103
f 5102 5097 5098
f 5102 5098 5104
f 5098 5101 5104
f 5105 5108 5110
f 5105 5110 5109
f 5108 5112 5113
f 5108 5113 5110
f 5106 5111 5113
f 5106 5113 5112
f 5111 5115 5116
f 5111 5116 5113
f 5107 5114 5116
f 5107 5116 5115
f 5114 5109 5110
f 5114 5110 5116
f 5110 5113 5116
f 5117 5120 5122
f 5117 5122 5121
f 5120 5124 5125
f 5120 5125 5122
f 5118 5123 5125
f 5118 5125 5124
f 5123 5127 5128
f 5123 5128 5125
f 5119 5126 5128
f 5119 5128 5127
f 5126 5121 5122
f 5126 5122 5128
f 5122 5125 5128
f 5129 5132 5134
f 5129 5134 5133
f 5132 5136 5137
f 5132 5137 5134
f 5130 5135 5137
f 5130 5137 5136
f 5135 5139 5140
f 5135 5140 5137
f 5131 5138 5140
f 5131 5140 5139
f 5138 5133 5134
f 5138 5134 5140
f 5134 5137 5140
f 5141 5144 5146
f 5141 5146 5145
f 5144 5148 5149
f 5144 5149 5146
f 5142 5147 5149
f 5142 5149 5148
f 5147 5151 5152
f 5147 5152 5149
f 5143 5150 5152
f 5143 5152 5151
f 5150 5145 5146
f 5150 5146 5152
f 5146 5149 5152
f 5153 5156 5158
f 5153 5158 5157
f 5156 5160 5161
f 5156 5161 5158
f 5154 5159 5161
f 5154 5161 5160
f 5159 5163 5164
f 5159 5164 5161
f 5155 5162 5164
f 5155 5164 5163
f 5162 5157 5158
f 5162 5158 5164
f 5158 5161 5164
f 5165 5168 5170
f 5165 5170 5169
f 5168 5172 5173
f 5168 5173 5170
f 5166 5171 5173
f 5166 5173 5172
f 5171 5175 5176
f 5171 5176 5173
f 5167 5174 5176
f 5167 5176 5175
f 5174 5169 5170
f 5174 5170 5176
f 5170 5173 5176
f 5105 5081 5085
f 5105 5085 5108
f 5108 5085 5090
f 5108 5090 5112
f 5112 5090 5083
f 5112 5083 5106
f 5082 5093 5097
f 5082 5097 5087
f 5087 5097 5102
f 5087 5102 5091
f 5091 5102 5095
f 5091 5095 5083
f 5094 5117 5121
f 5094 5121 5099
f 5099 5121 5126
f 5099 5126 5103
f 5103 5126 5119
f 5103 5119 5095
f 5118 5107 5115
f 5118 5115 5123
f 5123 5115 5111
f 5123 5111 5127
f 5127 5111 5106
f 5127 5106 5119
f 5153 5105 5109
f 5153 5109 5156
f 5156 5109 5114
f 5156 5114 5160
f 5160 5114 5107
f 5160 5107 5154
f 5117 5165 5169
f 5117 5169 5120
f 5120 5169 5174
f 5120 5174 5124
f 5124 5174 5167
f 5124 5167 5118
f 5166 5155 5163
f 5166 5163 5171
f 5171 5163 5159
f 5171 5159 5175
f 5175 5159 5154
f 5175 5154 5167
f 5129 5153 5157
f 5129 5157 5132
f 5132 5157 5162
f 5132 5162 5136
f 5136 5162 5155
f 5136 5155 5130
f 5165 5141 5145
f 5165 5145 5168
f 5168 5145 5150
f 5168 5150 5172
f 5172 5150 5143
f 5172 5143 5166
f 5142 5131 5139
f 5142 5139 5147
f 5147 5139 5135
f 5147 5135 5151
f 5151 5135 5130
f 5151 5130 5143
f 5081 5129 5133
f 5081 5133 5084
f 5084 5133 5138
f 5084 5138 5088
f 5088 5138 5131
f 5088 5131 5082
f 5141 5094 5100
f 5141 5100 5144
f 5144 5100 5096
f 5144 5096 5148
f 5148 5096 5093
f 5148 5093 5142
f 5105 5153 5129
f 5105 5129 5081
f 5083 5095 5119
f 5083 5119 5106
f 5131 5142 5093
f 5131 5093 5082
f 5165 5117 5094
f 5165 5094 5141
f 5107 5118 5167
f 5107 5167 5154
f 5155 5166 5143
f 5155 5143 5130
v -0.5619108 -0.3550000 0.7840233
v -0.5619108 -0.6100001 0.7840233
v -0.5573186 -0.3550000 0.7831099
v -0.5573186 -0.6100001 0.7831098
v -0.5534256 -0.3550000 0.7805086
v -0.5534256 -0.6100001 0.7805086
v -0.5508242 -0.3550000 0.7766156
v -0.5508242 -0.6100001 0.7766155
v -0.5499108 -0.3550000 0.7720233
v -0.5499108 -0.6100000 0.7720233
v -0.5508242 -0.3550000 0.7674311
v -0.5508242 -0.6100000 0.7674311
v -0.5534256 -0.3550000 0.7635381
v -0.5534256 -0.6100000 0.7635380
v -0.5573186 -0.3550000 0.7609368
v -0.5573186 -0.6100000 0.7609367
v -0.5619108 -0.3550000 0.7600234
v -0.5619108 -0.6100000 0.7600233
v -0.5665030 -0.3550000 0.7609368
v -0.5665030 -0.6100000 0.7609367
v -0.5703961 -0.3550000 0.7635381
v -0.5703961 -0.6100000 0.7635380
v -0.5729974 -0.3550000 0.7674311
v -0.5729974 -0.6100000 0.7674311
v -0.5739108 -0.3550000 0.7720233
v -0.5739108 -0.6100000 0.7720233
v -0.5729974 -0.3550000 0.7766156
v -0.5729974 -0.6100001 0.7766155
v -0.5703961 -0.3550000 0.7805086
v -0.5703961 -0.6100001 0.7805086
v -0.5665030 -0.3550000 0.7831099
v -0.5665030 -0.6100001 0.7831098
f 5177 5178 5180
f 5177 5180 5179
f 5179 5180 5182
f 5179 5182 5181
f 5181 5182 5184
f 5181 5184 5183
f 5183 5184 5186
f 5183 5186 5185
f 5185 5186 5188
f 5185 5188 5187
f 5187 5188 5190
f 5187 5190 5189
f 5189 5190 5192
f 5189 5192 5191
f 5191 5192 5194
f 5191 5194 5193
f 5193 5194 5196
f 5193 5196 5195
f 5195 5196 5198
f 5195 5198 5197
f 5197 5198 5200
f 5197 5200 5199
f 5199 5200 5202
f 5199 5202 5201
f 5201 5202 5204
f 5201 5204 5203
f 5203 5204 5206
f 5203 5206 5205
f 5182 5180 5178
f 5178 5208 5206
f 5206 5204 5202
f 5202 5200 5198
f 5198 5196 5194
f 5194 5192 5190
f 5190 5188 5186
f 5186 5184 5182
f 5182 5178 5206
f 5206 5202 5198
f 5198 5194 5190
f 5190 5186 5182
f 5182 5206 5198
f 5198 5190 5182
f 5205 5206 5208
f 5205 5208 5207
f 5207 5208 5178
f 5207 5178 5177
f 5207 5177 5179
f 5179 5181 5183
f 5183 5185 5187
f 5187 5189 5191
f 5191 5193 5195
f 5195 5197 5199
f 5199 5201 5203
f 5203 5205 5207
f 5207 5179 5183
f 5183 5187 5191
f 5191 5195 5199
f 5199 5203 5207
f 5207 5183 5191
f 5191 5199 5207
v 0.5619108 -0.3550000 0.7840233
v 0.5619108 -0.6100001 0.7840233
v 0.5665030 -0.3550000 0.7831099
v 0.5665030 -0.6100001 0.7831098
v 0.5703961 -0.3550000 0.7805086
v 0.5703961 -0.6100001 0.7805086
v 0.5729974 -0.3550000 0.7766156
v 0.5729974 -0.6100001 0.7766155
v 0.5739108 -0.3550000 0.7720233
v 0.5739108 -0.6100000 0.7720233
v 0.5729974 -0.3550000 0.7674311
v 0.5729974 -0.6100000 0.7674311
v 0.5703961 -0.3550000 0.7635381
v 0.5703961 -0.6100000 0.7635380
v 0.5665030 -0.3550000 0.7609368
v 0.5665030 -0.6100000 0.7609367
v 0.5619108 -0.3550000 0.7600234
v 0.5619108 -0.6100000 0.7600233
v 0.5573186 -0.3550000 0.7609368
v 0.5573186 -0.6100000 0.7609367
v 0.5534256 -0.3550000 0.7635381
v 0.5534256 -0.6100000 0.7635380
v 0.5508242 -0.3550000 0.7674311
v 0.5508242 -0.6100000 0.7674311
v 0.5499108 -0.3550000 0.7720233
v 0.5499108 -0.6100000 0.7720233
v 0.5508242 -0.3550000 0.7766156
v 0.5508242 -0.6100001 0.7766155
v 0.5534256 -0.3550000 0.7805086
v 0.5534256 -0.6100001 0.7805086
v 0.5573186 -0.3550000 0.7831099
v 0.5573186 -0.6100001 0.7831098
f 5209 5210 5212
f 5209 5212 5211
f 5211 5212 5214
f 5211 5214 5213
f 5213 5214 5216
f 5213 5216 5215
f 5215 5216 5218
f 5215 5218 5217
f 5217 5218 5220
f 5217 5220 5219
f 5219 5220 5222
f 5219 5222 5221
f 5221 5222 5224
f 5221 5224 5223
f 5223 5224 5226
f 5223 5226 5225
f 5225 5226 5228
f 5225 5228 5227
f 5227 5228 5230
f 5227 5230 5229
f 5229 5230 5232
f 5229 5232 5231
f 5231 5232 5234
f 5231 5234 5233
f 5233 5234 5236
f 5233 5236 5235
f 5235 5236 5238
f 5235 5238 5237
f 5214 5212 5210
f 5210 5240 5238
f 5238 5236 5234
f 5234 5232 5230
f 5230 5228 5226
f 5226 5224 5222
f 5222 5220 5218
f 5218 5216 5214
f 5214 5210 5238
f 5238 5234 5230
f 5230 5226 5222
f 5222 5218 5214
f 5214 5238 5230
f 5230 5222 5214
f 5237 5238 5240
f 5237 5240 5239
f 5239 5240 5210
f 5239 5210 5209
f 5239 5209 5211
f 5211 5213 5215
f 5215 5217 5219
f 5219 5221 5223
f 5223 5225 5227
f 5227 5229 5231
f 5231 5233 5235
f 5235 5237 5239
f 5239 5211 5215
f 5215 5219 5223
f 5223 5227 5231
f 5231 5235 5239
f 5239 5215 5223
f 5223 5231 5239
v 0.4875181 -0.7980000 0.8953072
v 0.4892234 -0.8000000 0.8963522
v 0.4881784 -0.7980000 0.8980575
v 0.4877459 -0.7989987 0.8954468
v 0.4872241 -0.7980000 0.8962983
v 0.4874675 -0.7989564 0.8963979
v 0.4887016 -0.7997328 0.8972037
v 0.4883719 -0.7997328 0.8958304
v 0.4879082 -0.7994733 0.8966680
v 0.4874665 -0.7980000 0.8973078
v 0.4883180 -0.7989987 0.8978297
v 0.4876381 -0.7989564 0.8971086
v 0.4909287 -0.8000000 0.8973972
v 0.4926339 -0.7980000 0.8984421
v 0.4898837 -0.7980000 0.8991024
v 0.4917802 -0.7997328 0.8979190
v 0.4904068 -0.7997328 0.8982487
v 0.4912444 -0.7994733 0.8987124
v 0.4918843 -0.7980000 0.8991541
v 0.4924061 -0.7989987 0.8983026
v 0.4916851 -0.7989564 0.8989825
v 0.4900233 -0.7989987 0.8988746
v 0.4908748 -0.7980000 0.8993965
v 0.4909744 -0.7989564 0.8991531
v 0.4875181 -0.6020000 0.8953072
v 0.4881784 -0.6020000 0.8980575
v 0.4892234 -0.6000000 0.8963522
v 0.4872241 -0.6020000 0.8962983
v 0.4877459 -0.6010013 0.8954468
v 0.4874675 -0.6010436 0.8963979
v 0.4883180 -0.6010013 0.8978297
v 0.4874665 -0.6020000 0.8973078
v 0.4876381 -0.6010436 0.8971086
v 0.4883719 -0.6002672 0.8958304
v 0.4887016 -0.6002672 0.8972037
v 0.4879082 -0.6005267 0.8966680
v 0.4926339 -0.6020000 0.8984421
v 0.4909287 -0.6000000 0.8973972
v 0.4898837 -0.6020000 0.8991024
v 0.4924061 -0.6010013 0.8983026
v 0.4918843 -0.6020000 0.8991541
v 0.4916851 -0.6010436 0.8989825
v 0.4904068 -0.6002672 0.8982487
v 0.4917802 -0.6002672 0.8979190
v 0.4912444 -0.6005267 0.8987124
v 0.4908748 -0.6020000 0.8993965
v 0.4900233 -0.6010013 0.8988746
v 0.4909744 -0.6010436 0.8991531
v 0.5646398 -0.7980000 0.7694560
v 0.5673901 -0.7980000 0.7687957
v 0.5663451 -0.8000000 0.7705010
v 0.5653895 -0.7980000 0.7687441
v 0.5648676 -0.7989987 0.7695956
v 0.5655887 -0.7989564 0.7689157
v 0.5672505 -0.7989987 0.7690235
v 0.5663989 -0.7980000 0.7685017
v 0.5662994 -0.7989564 0.7687451
v 0.5654936 -0.7997328 0.7699792
v 0.5668669 -0.7997328 0.7696495
v 0.5660293 -0.7994733 0.7691858
v 0.5697556 -0.7980000 0.7725910
v 0.5680504 -0.8000000 0.7715460
v 0.5690954 -0.7980000 0.7698407
v 0.5695278 -0.7989987 0.7724514
v 0.5700496 -0.7980000 0.7715999
v 0.5698063 -0.7989564 0.7715003
v 0.5685722 -0.7997328 0.7706945
v 0.5689019 -0.7997328 0.7720678
v 0.5693656 -0.7994733 0.7712302
v 0.5698073 -0.7980000 0.7705904
v 0.5689557 -0.7989987 0.7700685
v 0.5696356 -0.7989564 0.7707896
v 0.5646398 -0.6020000 0.7694560
v 0.5663451 -0.6000000 0.7705010
v 0.5673901 -0.6020000 0.7687957
v 0.5648676 -0.6010013 0.7695956
v 0.5653895 -0.6020000 0.7687441
v 0.5655887 -0.6010436 0.7689157
v 0.5668669 -0.6002672 0.7696495
v 0.5654936 -0.6002672 0.7699792
v 0.5660293 -0.6005267 0.7691858
v 0.5663989 -0.6020000 0.7685017
v 0.5672505 -0.6010013 0.7690235
v 0.5662994 -0.6010436 0.7687451
v 0.5697556 -0.6020000 0.7725910
v 0.5690954 -0.6020000 0.7698407
v 0.5680504 -0.6000000 0.7715460
v 0.5700496 -0.6020000 0.7715999
v 0.5695278 -0.6010013 0.7724514
v 0.5698063 -0.6010436 0.7715003
v 0.5689557 -0.6010013 0.7700685
v 0.5698073 -0.6020000 0.7705904
v 0.5696356 -0.6010436 0.7707896
v 0.5689019 -0.6002672 0.7720678
v 0.5685722 -0.6002672 0.7706945
v 0.5693656 -0.6005267 0.7712302
f 5241 5244 5246
f 5241 5246 5245
f 5244 5248 5249
f 5244 5249 5246
f 5242 5247 5249
f 5242 5249 5248
f 5247 5251 5252
f 5247 5252 5249
f 5243 5250 5252
f 5243 5252 5251
f 5250 5245 5246
f 5250 5246 5252
f 5246 5249 5252
f 5253 5256 5258
f 5253 5258 5257
f 5256 5260 5261
f 5256 5261 5258
f 5254 5259 5261
f 5254 5261 5260
f 5259 5263 5264
f 5259 5264 5261
f 5255 5262 5264
f 5255 5264 5263
f 5262 5257 5258
f 5262 5258 5264
f 5258 5261 5264
f 5265 5268 5270
f 5265 5270 5269
f 5268 5272 5273
f 5268 5273 5270
f 5266 5271 5273
f 5266 5273 5272
f 5271 5275 5276
f 5271 5276 5273
f 5267 5274 5276
f 5267 5276 5275
f 5274 5269 5270
f 5274 5270 5276
f 5270 5273 5276
f 5277 5280 5282
f 5277 5282 5281
f 5280 5284 5285
f 5280 5285 5282
f 5278 5283 5285
f 5278 5285 5284
f 5283 5287 5288
f 5283 5288 5285
f 5279 5286 5288
f 5279 5288 5287
f 5286 5281 5282
f 5286 5282 5288
f 5282 5285 5288
f 5289 5292 5294
f 5289 5294 5293
f 5292 5296 5297
f 5292 5297 5294
f 5290 5295 5297
f 5290 5297 5296
f 5295 5299 5300
f 5295 5300 5297
f 5291 5298 5300
f 5291 5300 5299
f 5298 5293 5294
f 5298 5294 5300
f 5294 5297 5300
f 5301 5304 5306
f 5301 5306 5305
f 5304 5308 5309
f 5304 5309 5306
f 5302 5307 5309
f 5302 5309 5308
f 5307 5311 5312
f 5307 5312 5309
f 5303 5310 5312
f 5303 5312 5311
f 5310 5305 5306
f 5310 5306 5312
f 5306 5309 5312
f 5313 5316 5318
f 5313 5318 5317
f 5316 5320 5321
f 5316 5321 5318
f 5314 5319 5321
f 5314 5321 5320
f 5319 5323 5324
f 5319 5324 5321
f 5315 5322 5324
f 5315 5324 5323
f 5322 5317 5318
f 5322 5318 5324
f 5318 5321 5324
f 5325 5328 5330
f 5325 5330 5329
f 5328 5332 5333
f 5328 5333 5330
f 5326 5331 5333
f 5326 5333 5332
f 5331 5335 5336
f 5331 5336 5333
f 5327 5334 5336
f 5327 5336 5335
f 5334 5329 5330
f 5334 5330 5336
f 5330 5333 5336
f 5265 5241 5245
f 5265 5245 5268
f 5268 5245 5250
f 5268 5250 5272
f 5272 5250 5243
f 5272 5243 5266
f 5242 5253 5257
f 5242 5257 5247
f 5247 5257 5262
f 5247 5262 5251
f 5251 5262 5255
f 5251 5255 5243
f 5254 5277 5281
f 5254 5281 5259
f 5259 5281 5286
f 5259 5286 5263
f 5263 5286 5279
f 5263 5279 5255
f 5278 5267 5275
f 5278 5275 5283
f 5283 5275 5271
f 5283 5271 5287
f 5287 5271 5266
f 5287 5266 5279
f 5313 5265 5269
f 5313 5269 5316
f 5316 5269 5274
f 5316 5274 5320
f 5320 5274 5267
f 5320 5267 5314
f 5277 5325 5329
f 5277 5329 5280
f 5280 5329 5334
f 5280 5334 5284
f 5284 5334 5327
f 5284 5327 5278
f 5326 5315 5323
f 5326 5323 5331
f 5331 5323 5319
f 5331 5319 5335
f 5335 5319 5314
f 5335 5314 5327
f 5289 5313 5317
f 5289 5317 5292
f 5292 5317 5322
f 5292 5322 5296
f 5296 5322 5315
f 5296 5315 5290
f 5325 5301 5305
f 5325 5305 5328
f 5328 5305 5310
f 5328 5310 5332
f 5332 5310 5303
f 5332 5303 5326
f 5302 5291 5299
f 5302 5299 5307
f 5307 5299 5295
f 5307 5295 5311
f 5311 5295 5290
f 5311 5290 5303
f 5241 5289 5293
f 5241 5293 5244
f 5244 5293 5298
f 5244 5298 5248
f 5248 5298 5291
f 5248 5291 5242
f 5301 5254 5260
f 5301 5260 5304
f 5304 5260 5256
f 5304 5256 5308
f 5308 5256 5253
f 5308 5253 5302
f 5265 5313 5289
f 5265 5289 5241
f 5243 5255 5279
f 5243 5279 5266
f 5291 5302 5253
f 5291 5253 5242
f 5325 5277 5254
f 5325 5254 5301
f 5267 5278 5327
f 5267 5327 5314
f 5315 5326 5303
f 5315 5303 5290
v 0.3883478 -0.7980000 0.9950995
v 0.3897743 -0.8000000 0.9965013
v 0.3883725 -0.7980000 0.9979278
v 0.3885384 -0.7989987 0.9952868
v 0.3878384 -0.7980000 0.9959991
v 0.3880531 -0.7989564 0.9961509
v 0.3890743 -0.7997328 0.9972137
v 0.3890620 -0.7997328 0.9958013
v 0.3884217 -0.7994733 0.9965131
v 0.3878475 -0.7980000 0.9970373
v 0.3885598 -0.7989987 0.9977373
v 0.3880595 -0.7989564 0.9968818
v 0.3912008 -0.8000000 0.9979032
v 0.3926273 -0.7980000 0.9993050
v 0.3897990 -0.7980000 0.9993297
v 0.3919131 -0.7997328 0.9986032
v 0.3905008 -0.7997328 0.9986155
v 0.3912126 -0.7994733 0.9992557
v 0.3917367 -0.7980000 0.9998300
v 0.3924367 -0.7989987 0.9991177
v 0.3915812 -0.7989564 0.9996179
v 0.3899862 -0.7989987 0.9991391
v 0.3906986 -0.7980000 0.9998391
v 0.3908503 -0.7989564 0.9996243
v 0.3883478 -0.6020000 0.9950995
v 0.3883725 -0.6020000 0.9979278
v 0.3897743 -0.6000000 0.9965013
v 0.3878384 -0.6020000 0.9959991
v 0.3885384 -0.6010013 0.9952868
v 0.3880531 -0.6010436 0.9961509
v 0.3885598 -0.6010013 0.9977373
v 0.3878475 -0.6020000 0.9970373
v 0.3880595 -0.6010436 0.9968818
v 0.3890620 -0.6002672 0.9958013
v 0.3890743 -0.6002672 0.9972137
v 0.3884217 -0.6005267 0.9965131
v 0.3926273 -0.6020000 0.9993050
v 0.3912008 -0.6000000 0.9979032
v 0.3897990 -0.6020000 0.9993297
v 0.3924367 -0.6010013 0.9991177
v 0.3917367 -0.6020000 0.9998300
v 0.3915812 -0.6010436 0.9996179
v 0.3905008 -0.6002672 0.9986155
v 0.3919131 -0.6002672 0.9986032
v 0.3912126 -0.6005267 0.9992557
v 0.3906986 -0.6020000 0.9998391
v 0.3899862 -0.6010013 0.9991391
v 0.3908503 -0.6010436 0.9996243
v 0.4918032 -0.7980000 0.8898225
v 0.4946316 -0.7980000 0.8897978
v 0.4932297 -0.8000000 0.8912243
v 0.4926938 -0.7980000 0.8892975
v 0.4919938 -0.7989987 0.8900098
v 0.4928493 -0.7989564 0.8895096
v 0.4944443 -0.7989987 0.8899884
v 0.4937319 -0.7980000 0.8892884
v 0.4935802 -0.7989564 0.8895032
v 0.4925174 -0.7997328 0.8905243
v 0.4939297 -0.7997328 0.8905120
v 0.4932179 -0.7994733 0.8898718
v 0.4960827 -0.7980000 0.8940279
v 0.4946562 -0.8000000 0.8926262
v 0.4960580 -0.7980000 0.8911996
v 0.4958922 -0.7989987 0.8938407
v 0.4965921 -0.7980000 0.8931284
v 0.4963774 -0.7989564 0.8929766
v 0.4953562 -0.7997328 0.8919138
v 0.4953685 -0.7997328 0.8933262
v 0.4960088 -0.7994733 0.8926144
v 0.4965831 -0.7980000 0.8920902
v 0.4958708 -0.7989987 0.8913902
v 0.4963710 -0.7989564 0.8922457
v 0.4918032 -0.6020000 0.8898225
v 0.4932297 -0.6000000 0.8912243
v 0.4946316 -0.6020000 0.8897978
v 0.4919938 -0.6010013 0.8900098
v 0.4926938 -0.6020000 0.8892975
v 0.4928493 -0.6010436 0.8895096
v 0.4939297 -0.6002672 0.8905120
v 0.4925174 -0.6002672 0.8905243
v 0.4932179 -0.6005267 0.8898718
v 0.4937319 -0.6020000 0.8892884
v 0.4944443 -0.6010013 0.8899884
v 0.4935802 -0.6010436 0.8895032
v 0.4960827 -0.6020000 0.8940279
v 0.4960580 -0.6020000 0.8911996
v 0.4946562 -0.6000000 0.8926262
v 0.4965921 -0.6020000 0.8931284
v 0.4958922 -0.6010013 0.8938407
v 0.4963774 -0.6010436 0.8929766
v 0.4958708 -0.6010013 0.8913902
v 0.4965831 -0.6020000 0.8920902
v 0.4963710 -0.6010436 0.8922457
v 0.4953685 -0.6002672 0.8933262
v 0.4953562 -0.6002672 0.8919138
v 0.4960088 -0.6005267 0.8926144
f 5337 5340 5342
f 5337 5342 5341
f 5340 5344 5345
f 5340 5345 5342
f 5338 5343 5345
f 5338 5345 5344
f 5343 5347 5348
f 5343 5348 5345
f 5339 5346 5348
f 5339 5348 5347
f 5346 5341 5342
f 5346 5342 5348
f 5342 5345 5348
f 5349 5352 5354
f 5349 5354 5353
f 5352 5356 5357
f 5352 5357 5354
f 5350 5355 5357
f 5350 5357 5356
f 5355 5359 5360
f 5355 5360 5357
f 5351 5358 5360
f 5351 5360 5359
f 5358 5353 5354
f 5358 5354 5360
f 5354 5357 5360
f 5361 5364 5366
f 5361 5366 5365
f 5364 5368 5369
f 5364 5369 5366
f 5362 5367 5369
f 5362 5369 5368
f 5367 5371 5372
f 5367 5372 5369
f 5363 5370 5372
f 5363 5372 5371
f 5370 5365 5366
f 5370 5366 5372
f 5366 5369 5372
f 5373 5376 5378
f 5373 5378 5377
f 5376 5380 5381
f 5376 5381 5378
f 5374 5379 5381
f 5374 5381 5380
f 5379 5383 5384
f 5379 5384 5381
f 5375 5382 5384
f 5375 5384 5383
f 5382 5377 5378
f 5382 5378 5384
f 5378 5381 5384
f 5385 5388 5390
f 5385 5390 5389
f 5388 5392 5393
f 5388 5393 5390
f 5386 5391 5393
f 5386 5393 5392
f 5391 5395 5396
f 5391 5396 5393
f 5387 5394 5396
f 5387 5396 5395
f 5394 5389 5390
f 5394 5390 5396
f 5390 5393 5396
f 5397 5400 5402
f 5397 5402 5401
f 5400 5404 5405
f 5400 5405 5402
f 5398 5403 5405
f 5398 5405 5404
f 5403 5407 5408
f 5403 5408 5405
f 5399 5406 5408
f 5399 5408 5407
f 5406 5401 5402
f 5406 5402 5408
f 5402 5405 5408
f 5409 5412 5414
f 5409 5414 5413
f 5412 5416 5417
f 5412 5417 5414
f 5410 5415 5417
f 5410 5417 5416
f 5415 5419 5420
f 5415 5420 5417
f 5411 5418 5420
f 5411 5420 5419
f 5418 5413 5414
f 5418 5414 5420
f 5414 5417 5420
f 5421 5424 5426
f 5421 5426 5425
f 5424 5428 5429
f 5424 5429 5426
f 5422 5427 5429
f 5422 5429 5428
f 5427 5431 5432
f 5427 5432 5429
f 5423 5430 5432
f 5423 5432 5431
f 5430 5425 5426
f 5430 5426 5432
f 5426 5429 5432
f 5361 5337 5341
f 5361 5341 5364
f 5364 5341 5346
f 5364 5346 5368
f 5368 5346 5339
f 5368 5339 5362
f 5338 5349 5353
f 5338 5353 5343
f 5343 5353 5358
f 5343 5358 5347
f 5347 5358 5351
f 5347 5351 5339
f 5350 5373 5377
f 5350 5377 5355
f 5355 5377 5382
f 5355 5382 5359
f 5359 5382 5375
f 5359 5375 5351
f 5374 5363 5371
f 5374 5371 5379
f 5379 5371 5367
f 5379 5367 5383
f 5383 5367 5362
f 5383 5362 5375
f 5409 5361 5365
f 5409 5365 5412
f 5412 5365 5370
f 5412 5370 5416
f 5416 5370 5363
f 5416 5363 5410
f 5373 5421 5425
f 5373 5425 5376
f 5376 5425 5430
f 5376 5430 5380
f 5380 5430 5423
f 5380 5423 5374
f 5422 5411 5419
f 5422 5419 5427
f 5427 5419 5415
f 5427 5415 5431
f 5431 5415 5410
f 5431 5410 5423
f 5385 5409 5413
f 5385 5413 5388
f 5388 5413 5418
f 5388 5418 5392
f 5392 5418 5411
f 5392 5411 5386
f 5421 5397 5401
f 5421 5401 5424
f 5424 5401 5406
f 5424 5406 5428
f 5428 5406 5399
f 5428 5399 5422
f 5398 5387 5395
f 5398 5395 5403
f 5403 5395 5391
f 5403 5391 5407
f 5407 5391 5386
f 5407 5386 5399
f 5337 5385 5389
f 5337 5389 5340
f 5340 5389 5394
f 5340 5394 5344
f 5344 5394 5387
f 5344 5387 5338
f 5397 5350 5356
f 5397 5356 5400
f 5400 5356 5352
f 5400 5352 5404
f 5404 5352 5349
f 5404 5349 5398
f 5361 5409 5385
f 5361 5385 5337
f 5339 5351 5375
f 5339 5375 5362
f 5387 5398 5349
f 5387 5349 5338
f 5421 5373 5350
f 5421 5350 5397
f 5363 5374 5423
f 5363 5423 5410
f 5411 5422 5399
f 5411 5399 5386
v 0.2692708 -0.7980000 1.0700257
v 0.2703454 -0.8000000 1.0717125
v 0.2686587 -0.7980000 1.0727872
v 0.2694144 -0.7989987 1.0702511
v 0.2685721 -0.7980000 1.0707877
v 0.2687472 -0.7989564 1.0709839
v 0.2695031 -0.7997328 1.0722491
v 0.2698089 -0.7997328 1.0708703
v 0.2690249 -0.7994733 1.0714197
v 0.2683474 -0.7980000 1.0718013
v 0.2688840 -0.7989987 1.0726435
v 0.2685890 -0.7989564 1.0716975
v 0.2714200 -0.8000000 1.0733993
v 0.2724946 -0.7980000 1.0750861
v 0.2697333 -0.7980000 1.0744739
v 0.2719567 -0.7997328 1.0742416
v 0.2705778 -0.7997328 1.0739359
v 0.2711273 -0.7994733 1.0747198
v 0.2715088 -0.7980000 1.0753974
v 0.2723511 -0.7989987 1.0748607
v 0.2714050 -0.7989564 1.0751557
v 0.2699586 -0.7989987 1.0743303
v 0.2704952 -0.7980000 1.0751727
v 0.2706914 -0.7989564 1.0749975
v 0.2692708 -0.6020000 1.0700257
v 0.2686587 -0.6020000 1.0727872
v 0.2703454 -0.6000000 1.0717125
v 0.2685721 -0.6020000 1.0707877
v 0.2694144 -0.6010013 1.0702511
v 0.2687472 -0.6010436 1.0709839
v 0.2688840 -0.6010013 1.0726435
v 0.2683474 -0.6020000 1.0718013
v 0.2685890 -0.6010436 1.0716975
v 0.2698089 -0.6002672 1.0708703
v 0.2695031 -0.6002672 1.0722491
v 0.2690249 -0.6005267 1.0714197
v 0.2724946 -0.6020000 1.0750861
v 0.2714200 -0.6000000 1.0733993
v 0.2697333 -0.6020000 1.0744739
v 0.2723511 -0.6010013 1.0748607
v 0.2715088 -0.6020000 1.0753974
v 0.2714050 -0.6010436 1.0751557
v 0.2705778 -0.6002672 1.0739359
v 0.2719567 -0.6002672 1.0742416
v 0.2711273 -0.6005267 1.0747198
v 0.2704952 -0.6020000 1.0751727
v 0.2699586 -0.6010013 1.0743303
v 0.2706914 -0.6010436 1.0749975
v 0.3937569 -0.7980000 0.9907194
v 0.3965183 -0.7980000 0.9913315
v 0.3948315 -0.8000000 0.9924061
v 0.3947428 -0.7980000 0.9904081
v 0.3939005 -0.7989987 0.9909447
v 0.3948466 -0.7989564 0.9906497
v 0.3962929 -0.7989987 0.9914751
v 0.3957563 -0.7980000 0.9906328
v 0.3955601 -0.7989564 0.9908079
v 0.3942949 -0.7997328 0.9915639
v 0.3956738 -0.7997328 0.9918696
v 0.3951243 -0.7994733 0.9910856
v 0.3969807 -0.7980000 0.9957797
v 0.3959061 -0.8000000 0.9940929
v 0.3975929 -0.7980000 0.9930183
v 0.3968371 -0.7989987 0.9955544
v 0.3976794 -0.7980000 0.9950178
v 0.3975043 -0.7989564 0.9948215
v 0.3967484 -0.7997328 0.9935563
v 0.3964427 -0.7997328 0.9949352
v 0.3972266 -0.7994733 0.9943857
v 0.3979041 -0.7980000 0.9940042
v 0.3973675 -0.7989987 0.9931619
v 0.3976625 -0.7989564 0.9941080
v 0.3937569 -0.6020000 0.9907194
v 0.3948315 -0.6000000 0.9924061
v 0.3965183 -0.6020000 0.9913315
v 0.3939005 -0.6010013 0.9909447
v 0.3947428 -0.6020000 0.9904081
v 0.3948466 -0.6010436 0.9906497
v 0.3956738 -0.6002672 0.9918696
v 0.3942949 -0.6002672 0.9915639
v 0.3951243 -0.6005267 0.9910856
v 0.3957563 -0.6020000 0.9906328
v 0.3962929 -0.6010013 0.9914751
v 0.3955601 -0.6010436 0.9908079
v 0.3969807 -0.6020000 0.9957797
v 0.3975929 -0.6020000 0.9930183
v 0.3959061 -0.6000000 0.9940929
v 0.3976794 -0.6020000 0.9950178
v 0.3968371 -0.6010013 0.9955544
v 0.3975043 -0.6010436 0.9948215
v 0.3973675 -0.6010013 0.9931619
v 0.3979041 -0.6020000 0.9940042
v 0.3976625 -0.6010436 0.9941080
v 0.3964427 -0.6002672 0.9949352
v 0.3967484 -0.6002672 0.9935563
v 0.3972266 -0.6005267 0.9943857
f 5433 5436 5438
f 5433 5438 5437
f 5436 5440 5441
f 5436 5441 5438
f 5434 5439 5441
f 5434 5441 5440
f 5439 5443 5444
f 5439 5444 5441
f 5435 5442 5444
f 5435 5444 5443
f 5442 5437 5438
f 5442 5438 5444
f 5438 5441 5444
f 5445 5448 5450
f 5445 5450 5449
f 5448 5452 5453
f 5448 5453 5450
f 5446 5451 5453
f 5446 5453 5452
f 5451 5455 5456
f 5451 5456 5453
f 5447 5454 5456
f 5447 5456 5455
f 5454 5449 5450
f 5454 5450 5456
f 5450 5453 5456
f 5457 5460 5462
f 5457 5462 5461
f 5460 5464 5465
f 5460 5465 5462
f 5458 5463 5465
f 5458 5465 5464
f 5463 5467 5468
f 5463 5468 5465
f 5459 5466 5468
f 5459 5468 5467
f 5466 5461 5462
f 5466 5462 5468
f 5462 5465 5468
f 5469 5472 5474
f 5469 5474 5473
f 5472 5476 5477
f 5472 5477 5474
f 5470 5475 5477
f 5470 5477 5476
f 5475 5479 5480
f 5475 5480 5477
f 5471 5478 5480
f 5471 5480 5479
f 5478 5473 5474
f 5478 5474 5480
f 5474 5477 5480
f 5481 5484 5486
f 5481 5486 5485
f 5484 5488 5489
f 5484 5489 5486
f 5482 5487 5489
f 5482 5489 5488
f 5487 5491 5492
f 5487 5492 5489
f 5483 5490 5492
f 5483 5492 5491
f 5490 5485 5486
f 5490 5486 5492
f 5486 5489 5492
f 5493 5496 5498
f 5493 5498 5497
f 5496 5500 5501
f 5496 5501 5498
f 5494 5499 5501
f 5494 5501 5500
f 5499 5503 5504
f 5499 5504 5501
f 5495 5502 5504
f 5495 5504 5503
f 5502 5497 5498
f 5502 5498 5504
f 5498 5501 5504
f 5505 5508 5510
f 5505 5510 5509
f 5508 5512 5513
f 5508 5513 5510
f 5506 5511 5513
f 5506 5513 5512
f 5511 5515 5516
f 5511 5516 5513
f 5507 5514 5516
f 5507 5516 5515
f 5514 5509 5510
f 5514 5510 5516
f 5510 5513 5516
f 5517 5520 5522
f 5517 5522 5521
f 5520 5524 5525
f 5520 5525 5522
f 5518 5523 5525
f 5518 5525 5524
f 5523 5527 5528
f 5523 5528 5525
f 5519 5526 5528
f 5519 5528 5527
f 5526 5521 5522
f 5526 5522 5528
f 5522 5525 5528
f 5457 5433 5437
f 5457 5437 5460
f 5460 5437 5442
f 5460 5442 5464
f 5464 5442 5435
f 5464 5435 5458
f 5434 5445 5449
f 5434 5449 5439
f 5439 5449 5454
f 5439 5454 5443
f 5443 5454 5447
f 5443 5447 5435
f 5446 5469 5473
f 5446 5473 5451
f 5451 5473 5478
f 5451 5478 5455
f 5455 5478 5471
f 5455 5471 5447
f 5470 5459 5467
f 5470 5467 5475
f 5475 5467 5463
f 5475 5463 5479
f 5479 5463 5458
f 5479 5458 5471
f 5505 5457 5461
f 5505 5461 5508
f 5508 5461 5466
f 5508 5466 5512
f 5512 5466 5459
f 5512 5459 5506
f 5469 5517 5521
f 5469 5521 5472
f 5472 5521 5526
f 5472 5526 5476
f 5476 5526 5519
f 5476 5519 5470
f 5518 5507 5515
f 5518 5515 5523
f 5523 5515 5511
f 5523 5511 5527
f 5527 5511 5506
f 5527 5506 5519
f 5481 5505 5509
f 5481 5509 5484
f 5484 5509 5514
f 5484 5514 5488
f 5488 5514 5507
f 5488 5507 5482
f 5517 5493 5497
f 5517 5497 5520
f 5520 5497 5502
f 5520 5502 5524
f 5524 5502 5495
f 5524 5495 5518
f 5494 5483 5491
f 5494 5491 5499
f 5499 5491 5487
f 5499 5487 5503
f 5503 5487 5482
f 5503 5482 5495
f 5433 5481 5485
f 5433 5485 5436
f 5436 5485 5490
f 5436 5490 5440
f 5440 5490 5483
f 5440 5483 5434
f 5493 5446 5452
f 5493 5452 5496
f 5496 5452 5448
f 5496 5448 5500
f 5500 5448 5445
f 5500 5445 5494
f 5457 5505 5481
f 5457 5481 5433
f 5435 5447 5471
f 5435 5471 5458
f 5483 5494 5445
f 5483 5445 5434
f 5517 5469 5446
f 5517 5446 5493
f 5459 5470 5519
f 5459 5519 5506
f 5507 5518 5495
f 5507 5495 5482
v 0.1363911 -0.7980000 1.1162450
v 0.1370587 -0.8000000 1.1181303
v 0.1351734 -0.7980000 1.1187979
v 0.1364802 -0.7989987 1.1164969
v 0.1355388 -0.7980000 1.1168302
v 0.1356653 -0.7989564 1.1170608
v 0.1361173 -0.7997328 1.1184636
v 0.1367253 -0.7997328 1.1171889
v 0.1358378 -0.7994733 1.1175480
v 0.1350919 -0.7980000 1.1177673
v 0.1354253 -0.7989987 1.1187087
v 0.1353506 -0.7989564 1.1177205
v 0.1377263 -0.8000000 1.1200156
v 0.1383939 -0.7980000 1.1219009
v 0.1358410 -0.7980000 1.1206832
v 0.1380596 -0.7997328 1.1209570
v 0.1367849 -0.7997328 1.1203489
v 0.1371440 -0.7994733 1.1212364
v 0.1373633 -0.7980000 1.1219823
v 0.1383047 -0.7989987 1.1216490
v 0.1373165 -0.7989564 1.1217237
v 0.1360929 -0.7989987 1.1205940
v 0.1364262 -0.7980000 1.1215354
v 0.1366568 -0.7989564 1.1214089
v 0.1363911 -0.6020000 1.1162450
v 0.1351734 -0.6020000 1.1187979
v 0.1370587 -0.6000000 1.1181303
v 0.1355388 -0.6020000 1.1168302
v 0.1364802 -0.6010013 1.1164969
v 0.1356653 -0.6010436 1.1170608
v 0.1354253 -0.6010013 1.1187087
v 0.1350919 -0.6020000 1.1177673
v 0.1353506 -0.6010436 1.1177205
v 0.1367253 -0.6002672 1.1171889
v 0.1361173 -0.6002672 1.1184636
v 0.1358378 -0.6005267 1.1175480
v 0.1383939 -0.6020000 1.1219009
v 0.1377263 -0.6000000 1.1200156
v 0.1358410 -0.6020000 1.1206832
v 0.1383047 -0.6010013 1.1216490
v 0.1373633 -0.6020000 1.1219823
v 0.1373165 -0.6010436 1.1217237
v 0.1367849 -0.6002672 1.1203489
v 0.1380596 -0.6002672 1.1209570
v 0.1371440 -0.6005267 1.1212364
v 0.1364262 -0.6020000 1.1215354
v 0.1360929 -0.6010013 1.1205940
v 0.1366568 -0.6010436 1.1214089
v 0.2755266 -0.7980000 1.0669745
v 0.2780795 -0.7980000 1.0681922
v 0.2761942 -0.8000000 1.0688598
v 0.2765572 -0.7980000 1.0668931
v 0.2756158 -0.7989987 1.0672264
v 0.2766040 -0.7989564 1.0671518
v 0.2778276 -0.7989987 1.0682814
v 0.2774943 -0.7980000 1.0673400
v 0.2772637 -0.7989564 1.0674665
v 0.2758608 -0.7997328 1.0679184
v 0.2771356 -0.7997328 1.0685265
v 0.2767765 -0.7994733 1.0676390
v 0.2775294 -0.7980000 1.0726304
v 0.2768618 -0.8000000 1.0707451
v 0.2787471 -0.7980000 1.0700775
v 0.2774402 -0.7989987 1.0723785
v 0.2783816 -0.7980000 1.0720452
v 0.2782552 -0.7989564 1.0718147
v 0.2778032 -0.7997328 1.0704118
v 0.2771952 -0.7997328 1.0716865
v 0.2780826 -0.7994733 1.0713274
v 0.2788286 -0.7980000 1.0711081
v 0.2784952 -0.7989987 1.0701667
v 0.2785698 -0.7989564 1.0711550
v 0.2755266 -0.6020000 1.0669745
v 0.2761942 -0.6000000 1.0688598
v 0.2780795 -0.6020000 1.0681922
v 0.2756158 -0.6010013 1.0672264
v 0.2765572 -0.6020000 1.0668931
v 0.2766040 -0.6010436 1.0671518
v 0.2771356 -0.6002672 1.0685265
v 0.2758608 -0.6002672 1.0679184
v 0.2767765 -0.6005267 1.0676390
v 0.2774943 -0.6020000 1.0673400
v 0.2778276 -0.6010013 1.0682814
v 0.2772637 -0.6010436 1.0674665
v 0.2775294 -0.6020000 1.0726304
v 0.2787471 -0.6020000 1.0700775
v 0.2768618 -0.6000000 1.0707451
v 0.2783816 -0.6020000 1.0720452
v 0.2774402 -0.6010013 1.0723785
v 0.2782552 -0.6010436 1.0718147
v 0.2784952 -0.6010013 1.0701667
v 0.2788286 -0.6020000 1.0711081
v 0.2785698 -0.6010436 1.0711550
v 0.2771952 -0.6002672 1.0716865
v 0.2778032 -0.6002672 1.0704118
v 0.2780826 -0.6005267 1.0713274
f 5529 5532 5534
f 5529 5534 5533
f 5532 5536 5537
f 5532 5537 5534
f 5530 5535 5537
f 5530 5537 5536
f 5535 5539 5540
f 5535 5540 5537
f 5531 5538 5540
f 5531 5540 5539
f 5538 5533 5534
f 5538 5534 5540
f 5534 5537 5540
f 5541 5544 5546
f 5541 5546 5545
f 5544 5548 5549
f 5544 5549 5546
f 5542 5547 5549
f 5542 5549 5548
f 5547 5551 5552
f 5547 5552 5549
f 5543 5550 5552
f 5543 5552 5551
f 5550 5545 5546
f 5550 5546 5552
f 5546 5549 5552
f 5553 5556 5558
f 5553 5558 5557
f 5556 5560 5561
f 5556 5561 5558
f 5554 5559 5561
f 5554 5561 5560
f 5559 5563 5564
f 5559 5564 5561
f 5555 5562 5564
f 5555 5564 5563
f 5562 5557 5558
f 5562 5558 5564
f 5558 5561 5564
f 5565 5568 5570
f 5565 5570 5569
f 5568 5572 5573
f 5568 5573 5570
f 5566 5571 5573
f 5566 5573 5572
f 5571 5575 5576
f 5571 5576 5573
f 5567 5574 5576
f 5567 5576 5575
f 5574 5569 5570
f 5574 5570 5576
f 5570 5573 5576
f 5577 5580 5582
f 5577 5582 5581
f 5580 5584 5585
f 5580 5585 5582
f 5578 5583 5585
f 5578 5585 5584
f 5583 5587 5588
f 5583 5588 5585
f 5579 5586 5588
f 5579 5588 5587
f 5586 5581 5582
f 5586 5582 5588
f 5582 5585 5588
f 5589 5592 5594
f 5589 5594 5593
f 5592 5596 5597
f 5592 5597 5594
f 5590 5595 5597
f 5590 5597 5596
f 5595 5599 5600
f 5595 5600 5597
f 5591 5598 5600
f 5591 5600 5599
f 5598 5593 5594
f 5598 5594 5600
f 5594 5597 5600
f 5601 5604 5606
f 5601 5606 5605
f 5604 5608 5609
f 5604 5609 5606
f 5602 5607 5609
f 5602 5609 5608
f 5607 5611 5612
f 5607 5612 5609
f 5603 5610 5612
f 5603 5612 5611
f 5610 5605 5606
f 5610 5606 5612
f 5606 5609 5612
f 5613 5616 5618
f 5613 5618 5617
f 5616 5620 5621
f 5616 5621 5618
f 5614 5619 5621
f 5614 5621 5620
f 5619 5623 5624
f 5619 5624 5621
f 5615 5622 5624
f 5615 5624 5623
f 5622 5617 5618
f 5622 5618 5624
f 5618 5621 5624
f 5553 5529 5533
f 5553 5533 5556
f 5556 5533 5538
f 5556 5538 5560
f 5560 5538 5531
f 5560 5531 5554
f 5530 5541 5545
f 5530 5545 5535
f 5535 5545 5550
f 5535 5550 5539
f 5539 5550 5543
f 5539 5543 5531
f 5542 5565 5569
f 5542 5569 5547
f 5547 5569 5574
f 5547 5574 5551
f 5551 5574 5567
f 5551 5567 5543
f 5566 5555 5563
f 5566 5563 5571
f 5571 5563 5559
f 5571 5559 5575
f 5575 5559 5554
f 5575 5554 5567
f 5601 5553 5557
f 5601 5557 5604
f 5604 5557 5562
f 5604 5562 5608
f 5608 5562 5555
f 5608 5555 5602
f 5565 5613 5617
f 5565 5617 5568
f 5568 5617 5622
f 5568 5622 5572
f 5572 5622 5615
f 5572 5615 5566
f 5614 5603 5611
f 5614 5611 5619
f 5619 5611 5607
f 5619 5607 5623
f 5623 5607 5602
f 5623 5602 5615
f 5577 5601 5605
f 5577 5605 5580
f 5580 5605 5610
f 5580 5610 5584
f 5584 5610 5603
f 5584 5603 5578
f 5613 5589 5593
f 5613 5593 5616
f 5616 5593 5598
f 5616 5598 5620
f 5620 5598 5591
f 5620 5591 5614
f 5590 5579 5587
f 5590 5587 5595
f 5595 5587 5583
f 5595 5583 5599
f 5599 5583 5578
f 5599 5578 5591
f 5529 5577 5581
f 5529 5581 5532
f 5532 5581 5586
f 5532 5586 5536
f 5536 5586 5579
f 5536 5579 5530
f 5589 5542 5548
f 5589 5548 5592
f 5592 5548 5544
f 5592 5544 5596
f 5596 5544 5541
f 5596 5541 5590
f 5553 5601 5577
f 5553 5577 5529
f 5531 5543 5567
f 5531 5567 5554
f 5579 5590 5541
f 5579 5541 5530
f 5613 5565 5542
f 5613 5542 5589
f 5555 5566 5615
f 5555 5615 5602
f 5603 5614 5591
f 5603 5591 5578
v -0.0034801 -0.7980000 1.1313884
v -0.0032537 -0.8000000 1.1333755
v -0.0052408 -0.7980000 1.1336019
v -0.0034498 -0.7989987 1.1316539
v -0.0044421 -0.7980000 1.1317669
v -0.0043707 -0.7989564 1.1320200
v -0.0042460 -0.7997328 1.1334885
v -0.0033667 -0.7997328 1.1323832
v -0.0043122 -0.7994733 1.1325336
v -0.0050884 -0.7980000 1.1325794
v -0.0049754 -0.7989987 1.1335716
v -0.0048258 -0.7989564 1.1325920
v -0.0030273 -0.8000000 1.1353626
v -0.0028009 -0.7980000 1.1373498
v -0.0050144 -0.7980000 1.1355891
v -0.0029142 -0.7997328 1.1363549
v -0.0040195 -0.7997328 1.1354758
v -0.0038693 -0.7994733 1.1364212
v -0.0038234 -0.7980000 1.1371974
v -0.0028311 -0.7989987 1.1370844
v -0.0038108 -0.7989564 1.1369348
v -0.0047489 -0.7989987 1.1355588
v -0.0046359 -0.7980000 1.1365511
v -0.0043828 -0.7989564 1.1364797
v -0.0034801 -0.6020000 1.1313884
v -0.0052408 -0.6020000 1.1336019
v -0.0032537 -0.6000000 1.1333755
v -0.0044421 -0.6020000 1.1317669
v -0.0034498 -0.6010013 1.1316539
v -0.0043707 -0.6010436 1.1320200
v -0.0049754 -0.6010013 1.1335716
v -0.0050884 -0.6020000 1.1325794
v -0.0048258 -0.6010436 1.1325920
v -0.0033667 -0.6002672 1.1323832
v -0.0042460 -0.6002672 1.1334885
v -0.0043122 -0.6005267 1.1325336
v -0.0028009 -0.6020000 1.1373498
v -0.0030273 -0.6000000 1.1353626
v -0.0050144 -0.6020000 1.1355891
v -0.0028311 -0.6010013 1.1370844
v -0.0038234 -0.6020000 1.1371974
v -0.0038108 -0.6010436 1.1369348
v -0.0040195 -0.6002672 1.1354758
v -0.0029142 -0.6002672 1.1363549
v -0.0038693 -0.6005267 1.1364212
v -0.0046359 -0.6020000 1.1365511
v -0.0047489 -0.6010013 1.1355588
v -0.0043828 -0.6010436 1.1364797
v 0.1431729 -0.7980000 1.1146793
v 0.1453864 -0.7980000 1.1164401
v 0.1433993 -0.8000000 1.1166666
v 0.1441954 -0.7980000 1.1148318
v 0.1432031 -0.7989987 1.1149448
v 0.1441828 -0.7989564 1.1150944
v 0.1451209 -0.7989987 1.1164703
v 0.1450079 -0.7980000 1.1154780
v 0.1447548 -0.7989564 1.1155494
v 0.1432862 -0.7997328 1.1156743
v 0.1443915 -0.7997328 1.1165534
v 0.1442413 -0.7994733 1.1156080
v 0.1438521 -0.7980000 1.1206408
v 0.1436257 -0.8000000 1.1186537
v 0.1456128 -0.7980000 1.1184273
v 0.1438218 -0.7989987 1.1203753
v 0.1448141 -0.7980000 1.1202623
v 0.1447427 -0.7989564 1.1200092
v 0.1446179 -0.7997328 1.1185406
v 0.1437387 -0.7997328 1.1196460
v 0.1446842 -0.7994733 1.1194956
v 0.1454604 -0.7980000 1.1194497
v 0.1453473 -0.7989987 1.1184576
v 0.1451977 -0.7989564 1.1194372
v 0.1431729 -0.6020000 1.1146793
v 0.1433993 -0.6000000 1.1166666
v 0.1453864 -0.6020000 1.1164401
v 0.1432031 -0.6010013 1.1149448
v 0.1441954 -0.6020000 1.1148318
v 0.1441828 -0.6010436 1.1150944
v 0.1443915 -0.6002672 1.1165534
v 0.1432862 -0.6002672 1.1156743
v 0.1442413 -0.6005267 1.1156080
v 0.1450079 -0.6020000 1.1154780
v 0.1451209 -0.6010013 1.1164703
v 0.1447548 -0.6010436 1.1155494
v 0.1438521 -0.6020000 1.1206408
v 0.1456128 -0.6020000 1.1184273
v 0.1436257 -0.6000000 1.1186537
v 0.1448141 -0.6020000 1.1202623
v 0.1438218 -0.6010013 1.1203753
v 0.1447427 -0.6010436 1.1200092
v 0.1453473 -0.6010013 1.1184576
v 0.1454604 -0.6020000 1.1194497
v 0.1451977 -0.6010436 1.1194372
v 0.1437387 -0.6002672 1.1196460
v 0.1446179 -0.6002672 1.1185406
v 0.1446842 -0.6005267 1.1194956
f 5625 5628 5630
f 5625 5630 5629
f 5628 5632 5633
f 5628 5633 5630
f 5626 5631 5633
f 5626 5633 5632
f 5631 5635 5636
f 5631 5636 5633
f 5627 5634 5636
f 5627 5636 5635
f 5634 5629 5630
f 5634 5630 5636
f 5630 5633 5636
f 5637 5640 5642
f 5637 5642 5641
f 5640 5644 5645
f 5640 5645 5642
f 5638 5643 5645
f 5638 5645 5644
f 5643 5647 5648
f 5643 5648 5645
f 5639 5646 5648
f 5639 5648 5647
f 5646 5641 5642
f 5646 5642 5648
f 5642 5645 5648
f 5649 5652 5654
f 5649 5654 5653
f 5652 5656 5657
f 5652 5657 5654
f 5650 5655 5657
f 5650 5657 5656
f 5655 5659 5660
f 5655 5660 5657
f 5651 5658 5660
f 5651 5660 5659
f 5658 5653 5654
f 5658 5654 5660
f 5654 5657 5660
f 5661 5664 5666
f 5661 5666 5665
f 5664 5668 5669
f 5664 5669 5666
f 5662 5667 5669
f 5662 5669 5668
f 5667 5671 5672
f 5667 5672 5669
f 5663 5670 5672
f 5663 5672 5671
f 5670 5665 5666
f 5670 5666 5672
f 5666 5669 5672
f 5673 5676 5678
f 5673 5678 5677
f 5676 5680 5681
f 5676 5681 5678
f 5674 5679 5681
f 5674 5681 5680
f 5679 5683 5684
f 5679 5684 5681
f 5675 5682 5684
f 5675 5684 5683
f 5682 5677 5678
f 5682 5678 5684
f 5678 5681 5684
f 5685 5688 5690
f 5685 5690 5689
f 5688 5692 5693
f 5688 5693 5690
f 5686 5691 5693
f 5686 5693 5692
f 5691 5695 5696
f 5691 5696 5693
f 5687 5694 5696
f 5687 5696 5695
f 5694 5689 5690
f 5694 5690 5696
f 5690 5693 5696
f 5697 5700 5702
f 5697 5702 5701
f 5700 5704 5705
f 5700 5705 5702
f 5698 5703 5705
f 5698 5705 5704
f 5703 5707 5708
f 5703 5708 5705
f 5699 5706 5708
f 5699 5708 5707
f 5706 5701 5702
f 5706 5702 5708
f 5702 5705 5708
f 5709 5712 5714
f 5709 5714 5713
f 5712 5716 5717
f 5712 5717 5714
f 5710 5715 5717
f 5710 5717 5716
f 5715 5719 5720
f 5715 5720 5717
f 5711 5718 5720
f 5711 5720 5719
f 5718 5713 5714
f 5718 5714 5720
f 5714 5717 5720
f 5649 5625 5629
f 5649 5629 5652
f 5652 5629 5634
f 5652 5634 5656
f 5656 5634 5627
f 5656 5627 5650
f 5626 5637 5641
f 5626 5641 5631
f 5631 5641 5646
f 5631 5646 5635
f 5635 5646 5639
f 5635 5639 5627
f 5638 5661 5665
f 5638 5665 5643
f 5643 5665 5670
f 5643 5670 5647
f 5647 5670 5663
f 5647 5663 5639
f 5662 5651 5659
f 5662 5659 5667
f 5667 5659 5655
f 5667 5655 5671
f 5671 5655 5650
f 5671 5650 5663
f 5697 5649 5653
f 5697 5653 5700
f 5700 5653 5658
f 5700 5658 5704
f 5704 5658 5651
f 5704 5651 5698
f 5661 5709 5713
f 5661 5713 5664
f 5664 5713 5718
f 5664 5718 5668
f 5668 5718 5711
f 5668 5711 5662
f 5710 5699 5707
f 5710 5707 5715
f 5715 5707 5703
f 5715 5703 5719
f 5719 5703 5698
f 5719 5698 5711
f 5673 5697 5701
f 5673 5701 5676
f 5676 5701 5706
f 5676 5706 5680
f 5680 5706 5699
f 5680 5699 5674
f 5709 5685 5689
f 5709 5689 5712
f 5712 5689 5694
f 5712 5694 5716
f 5716 5694 5687
f 5716 5687 5710
f 5686 5675 5683
f 5686 5683 5691
f 5691 5683 5679
f 5691 5679 5695
f 5695 5679 5674
f 5695 5674 5687
f 5625 5673 5677
f 5625 5677 5628
f 5628 5677 5682
f 5628 5682 5632
f 5632 5682 5675
f 5632 5675 5626
f 5685 5638 5644
f 5685 5644 5688
f 5688 5644 5640
f 5688 5640 5692
f 5692 5640 5637
f 5692 5637 5686
f 5649 5697 5673
f 5649 5673 5625
f 5627 5639 5663
f 5627 5663 5650
f 5675 5686 5637
f 5675 5637 5626
f 5709 5661 5638
f 5709 5638 5685
f 5651 5662 5711
f 5651 5711 5698
f 5699 5710 5687
f 5699 5687 5674
v -0.1431729 -0.7980000 1.1146793
v -0.1433993 -0.8000000 1.1166666
v -0.1453864 -0.7980000 1.1164401
v -0.1432031 -0.7989987 1.1149448
v -0.1441954 -0.7980000 1.1148318
v -0.1441828 -0.7989564 1.1150944
v -0.1443915 -0.7997328 1.1165534
v -0.1432862 -0.7997328 1.1156743
v -0.1442413 -0.7994733 1.1156080
v -0.1450079 -0.7980000 1.1154780
v -0.1451209 -0.7989987 1.1164703
v -0.1447548 -0.7989564 1.1155494
v -0.1436257 -0.8000000 1.1186537
v -0.1438521 -0.7980000 1.1206408
v -0.1456128 -0.7980000 1.1184273
v -0.1437387 -0.7997328 1.1196460
v -0.1446179 -0.7997328 1.1185406
v -0.1446842 -0.7994733 1.1194956
v -0.1448141 -0.7980000 1.1202623
v -0.1438218 -0.7989987 1.1203753
v -0.1447427 -0.7989564 1.1200092
v -0.1453473 -0.7989987 1.1184576
v -0.1454604 -0.7980000 1.1194497
v -0.1451977 -0.7989564 1.1194372
v -0.1431729 -0.6020000 1.1146793
v -0.1453864 -0.6020000 1.1164401
v -0.1433993 -0.6000000 1.1166666
v -0.1441954 -0.6020000 1.1148318
v -0.1432031 -0.6010013 1.1149448
v -0.1441828 -0.6010436 1.1150944
v -0.1451209 -0.6010013 1.1164703
v -0.1450079 -0.6020000 1.1154780
v -0.1447548 -0.6010436 1.1155494
v -0.1432862 -0.6002672 1.1156743
v -0.1443915 -0.6002672 1.1165534
v -0.1442413 -0.6005267 1.1156080
v -0.1438521 -0.6020000 1.1206408
v -0.1436257 -0.6000000 1.1186537
v -0.1456128 -0.6020000 1.1184273
v -0.1438218 -0.6010013 1.1203753
v -0.1448141 -0.6020000 1.1202623
v -0.1447427 -0.6010436 1.1200092
v -0.1446179 -0.6002672 1.1185406
v -0.1437387 -0.6002672 1.1196460
v -0.1446842 -0.6005267 1.1194956
v -0.1454604 -0.6020000 1.1194497
v -0.1453473 -0.6010013 1.1184576
v -0.1451977 -0.6010436 1.1194372
v 0.0034801 -0.7980000 1.1313884
v 0.0052408 -0.7980000 1.1336019
v 0.0032537 -0.8000000 1.1333755
v 0.0044421 -0.7980000 1.1317669
v 0.0034498 -0.7989987 1.1316539
v 0.0043707 -0.7989564 1.1320200
v 0.0049754 -0.7989987 1.1335716
v 0.0050884 -0.7980000 1.1325794
v 0.0048258 -0.7989564 1.1325920
v 0.0033667 -0.7997328 1.1323832
v 0.0042460 -0.7997328 1.1334885
v 0.0043122 -0.7994733 1.1325336
v 0.0028009 -0.7980000 1.1373498
v 0.0030273 -0.8000000 1.1353626
v 0.0050144 -0.7980000 1.1355891
v 0.0028311 -0.7989987 1.1370844
v 0.0038234 -0.7980000 1.1371974
v 0.0038108 -0.7989564 1.1369348
v 0.0040195 -0.7997328 1.1354758
v 0.0029142 -0.7997328 1.1363549
v 0.0038693 -0.7994733 1.1364212
v 0.0046359 -0.7980000 1.1365511
v 0.0047489 -0.7989987 1.1355588
v 0.0043828 -0.7989564 1.1364797
v 0.0034801 -0.6020000 1.1313884
v 0.0032537 -0.6000000 1.1333755
v 0.0052408 -0.6020000 1.1336019
v 0.0034498 -0.6010013 1.1316539
v 0.0044421 -0.6020000 1.1317669
v 0.0043707 -0.6010436 1.1320200
v 0.0042460 -0.6002672 1.1334885
v 0.0033667 -0.6002672 1.1323832
v 0.0043122 -0.6005267 1.1325336
v 0.0050884 -0.6020000 1.1325794
v 0.0049754 -0.6010013 1.1335716
v 0.0048258 -0.6010436 1.1325920
v 0.0028009 -0.6020000 1.1373498
v 0.0050144 -0.6020000 1.1355891
v 0.0030273 -0.6000000 1.1353626
v 0.0038234 -0.6020000 1.1371974
v 0.0028311 -0.6010013 1.1370844
v 0.0038108 -0.6010436 1.1369348
v 0.0047489 -0.6010013 1.1355588
v 0.0046359 -0.6020000 1.1365511
v 0.0043828 -0.6010436 1.1364797
v 0.0029142 -0.6002672 1.1363549
v 0.0040195 -0.6002672 1.1354758
v 0.0038693 -0.6005267 1.1364212
f 5721 5724 5726
f 5721 5726 5725
f 5724 5728 5729
f 5724 5729 5726
f 5722 5727 5729
f 5722 5729 5728
f 5727 5731 5732
f 5727 5732 5729
f 5723 5730 5732
f 5723 5732 5731
f 5730 5725 5726
f 5730 5726 5732
f 5726 5729 5732
f 5733 5736 5738
f 5733 5738 5737
f 5736 5740 5741
f 5736 5741 5738
f 5734 5739 5741
f 5734 5741 5740
f 5739 5743 5744
f 5739 5744 5741
f 5735 5742 5744
f 5735 5744 5743
f 5742 5737 5738
f 5742 5738 5744
f 5738 5741 5744
f 5745 5748 5750
f 5745 5750 5749
f 5748 5752 5753
f 5748 5753 5750
f 5746 5751 5753
f 5746 5753 5752
f 5751 5755 5756
f 5751 5756 5753
f 5747 5754 5756
f 5747 5756 5755
f 5754 5749 5750
f 5754 5750 5756
f 5750 5753 5756
f 5757 5760 5762
f 5757 5762 5761
f 5760 5764 5765
f 5760 5765 5762
f 5758 5763 5765
f 5758 5765 5764
f 5763 5767 5768
f 5763 5768 5765
f 5759 5766 5768
f 5759 5768 5767
f 5766 5761 5762
f 5766 5762 5768
f 5762 5765 5768
f 5769 5772 5774
f 5769 5774 5773
f 5772 5776 5777
f 5772 5777 5774
f 5770 5775 5777
f 5770 5777 5776
f 5775 5779 5780
f 5775 5780 5777
f 5771 5778 5780
f 5771 5780 5779
f 5778 5773 5774
f 5778 5774 5780
f 5774 5777 5780
f 5781 5784 5786
f 5781 5786 5785
f 5784 5788 5789
f 5784 5789 5786
f 5782 5787 5789
f 5782 5789 5788
f 5787 5791 5792
f 5787 5792 5789
f 5783 5790 5792
f 5783 5792 5791
f 5790 5785 5786
f 5790 5786 5792
f 5786 5789 5792
f 5793 5796 5798
f 5793 5798 5797
f 5796 5800 5801
f 5796 5801 5798
f 5794 5799 5801
f 5794 5801 5800
f 5799 5803 5804
f 5799 5804 5801
f 5795 5802 5804
f 5795 5804 5803
f 5802 5797 5798
f 5802 5798 5804
f 5798 5801 5804
f 5805 5808 5810
f 5805 5810 5809
f 5808 5812 5813
f 5808 5813 5810
f 5806 5811 5813
f 5806 5813 5812
f 5811 5815 5816
f 5811 5816 5813
f 5807 5814 5816
f 5807 5816 5815
f 5814 5809 5810
f 5814 5810 5816
f 5810 5813 5816
f 5745 5721 5725
f 5745 5725 5748
f 5748 5725 5730
f 5748 5730 5752
f 5752 5730 5723
f 5752 5723 5746
f 5722 5733 5737
f 5722 5737 5727
f 5727 5737 5742
f 5727 5742 5731
f 5731 5742 5735
f 5731 5735 5723
f 5734 5757 5761
f 5734 5761 5739
f 5739 5761 5766
f 5739 5766 5743
f 5743 5766 5759
f 5743 5759 5735
f 5758 5747 5755
f 5758 5755 5763
f 5763 5755 5751
f 5763 5751 5767
f 5767 5751 5746
f 5767 5746 5759
f 5793 5745 5749
f 5793 5749 5796
f 5796 5749 5754
f 5796 5754 5800
f 5800 5754 5747
f 5800 5747 5794
f 5757 5805 5809
f 5757 5809 5760
f 5760 5809 5814
f 5760 5814 5764
f 5764 5814 5807
f 5764 5807 5758
f 5806 5795 5803
f 5806 5803 5811
f 5811 5803 5799
f 5811 5799 5815
f 5815 5799 5794
f 5815 5794 5807
f 5769 5793 5797
f 5769 5797 5772
f 5772 5797 5802
f 5772 5802 5776
f 5776 5802 5795
f 5776 5795 5770
f 5805 5781 5785
f 5805 5785 5808
f 5808 5785 5790
f 5808 5790 5812
f 5812 5790 5783
f 5812 5783 5806
f 5782 5771 5779
f 5782 5779 5787
f 5787 5779 5775
f 5787 5775 5791
f 5791 5775 5770
f 5791 5770 5783
f 5721 5769 5773
f 5721 5773 5724
f 5724 5773 5778
f 5724 5778 5728
f 5728 5778 5771
f 5728 5771 5722
f 5781 5734 5740
f 5781 5740 5784
f 5784 5740 5736
f 5784 5736 5788
f 5788 5736 5733
f 5788 5733 5782
f 5745 5793 5769
f 5745 5769 5721
f 5723 5735 5759
f 5723 5759 5746
f 5771 5782 5733
f 5771 5733 5722
f 5805 5757 5734
f 5805 5734 5781
f 5747 5758 5807
f 5747 5807 5794
f 5795 5806 5783
f 5795 5783 5770
v -0.2755266 -0.7980000 1.0669745
v -0.2761942 -0.8000000 1.0688598
v -0.2780795 -0.7980000 1.0681922
v -0.2756158 -0.7989987 1.0672264
v -0.2765572 -0.7980000 1.0668931
v -0.2766040 -0.7989564 1.0671518
v -0.2771356 -0.7997328 1.0685265
v -0.2758608 -0.7997328 1.0679184
v -0.2767765 -0.7994733 1.0676390
v -0.2774943 -0.7980000 1.0673400
v -0.2778276 -0.7989987 1.0682814
v -0.2772637 -0.7989564 1.0674665
v -0.2768618 -0.8000000 1.0707451
v -0.2775294 -0.7980000 1.0726304
v -0.2787471 -0.7980000 1.0700775
v -0.2771952 -0.7997328 1.0716865
v -0.2778032 -0.7997328 1.0704118
v -0.2780826 -0.7994733 1.0713274
v -0.2783816 -0.7980000 1.0720452
v -0.2774402 -0.7989987 1.0723785
v -0.2782552 -0.7989564 1.0718147
v -0.2784952 -0.7989987 1.0701667
v -0.2788286 -0.7980000 1.0711081
v -0.2785698 -0.7989564 1.0711550
v -0.2755266 -0.6020000 1.0669745
v -0.2780795 -0.6020000 1.0681922
v -0.2761942 -0.6000000 1.0688598
v -0.2765572 -0.6020000 1.0668931
v -0.2756158 -0.6010013 1.0672264
v -0.2766040 -0.6010436 1.0671518
v -0.2778276 -0.6010013 1.0682814
v -0.2774943 -0.6020000 1.0673400
v -0.2772637 -0.6010436 1.0674665
v -0.2758608 -0.6002672 1.0679184
v -0.2771356 -0.6002672 1.0685265
v -0.2767765 -0.6005267 1.0676390
v -0.2775294 -0.6020000 1.0726304
v -0.2768618 -0.6000000 1.0707451
v -0.2787471 -0.6020000 1.0700775
v -0.2774402 -0.6010013 1.0723785
v -0.2783816 -0.6020000 1.0720452
v -0.2782552 -0.6010436 1.0718147
v -0.2778032 -0.6002672 1.0704118
v -0.2771952 -0.6002672 1.0716865
v -0.2780826 -0.6005267 1.0713274
v -0.2788286 -0.6020000 1.0711081
v -0.2784952 -0.6010013 1.0701667
v -0.2785698 -0.6010436 1.0711550
v -0.1363911 -0.7980000 1.1162450
v -0.1351734 -0.7980000 1.1187979
v -0.1370587 -0.8000000 1.1181303
v -0.1355388 -0.7980000 1.1168302
v -0.1364802 -0.7989987 1.1164969
v -0.1356653 -0.7989564 1.1170608
v -0.1354253 -0.7989987 1.1187087
v -0.1350919 -0.7980000 1.1177673
v -0.1353506 -0.7989564 1.1177205
v -0.1367253 -0.7997328 1.1171889
v -0.1361173 -0.7997328 1.1184636
v -0.1358378 -0.7994733 1.1175480
v -0.1383939 -0.7980000 1.1219009
v -0.1377263 -0.8000000 1.1200156
v -0.1358410 -0.7980000 1.1206832
v -0.1383047 -0.7989987 1.1216490
v -0.1373633 -0.7980000 1.1219823
v -0.1373165 -0.7989564 1.1217237
v -0.1367849 -0.7997328 1.1203489
v -0.1380596 -0.7997328 1.1209570
v -0.1371440 -0.7994733 1.1212364
v -0.1364262 -0.7980000 1.1215354
v -0.1360929 -0.7989987 1.1205940
v -0.1366568 -0.7989564 1.1214089
v -0.1363911 -0.6020000 1.1162450
v -0.1370587 -0.6000000 1.1181303
v -0.1351734 -0.6020000 1.1187979
v -0.1364802 -0.6010013 1.1164969
v -0.1355388 -0.6020000 1.1168302
v -0.1356653 -0.6010436 1.1170608
v -0.1361173 -0.6002672 1.1184636
v -0.1367253 -0.6002672 1.1171889
v -0.1358378 -0.6005267 1.1175480
v -0.1350919 -0.6020000 1.1177673
v -0.1354253 -0.6010013 1.1187087
v -0.1353506 -0.6010436 1.1177205
v -0.1383939 -0.6020000 1.1219009
v -0.1358410 -0.6020000 1.1206832
v -0.1377263 -0.6000000 1.1200156
v -0.1373633 -0.6020000 1.1219823
v -0.1383047 -0.6010013 1.1216490
v -0.1373165 -0.6010436 1.1217237
v -0.1360929 -0.6010013 1.1205940
v -0.1364262 -0.6020000 1.1215354
v -0.1366568 -0.6010436 1.1214089
v -0.1380596 -0.6002672 1.1209570
v -0.1367849 -0.6002672 1.1203489
v -0.1371440 -0.6005267 1.1212364
f 5817 5820 5822
f 5817 5822 5821
f 5820 5824 5825
f 5820 5825 5822
f 5818 5823 5825
f 5818 5825 5824
f 5823 5827 5828
f 5823 5828 5825
f 5819 5826 5828
f 5819 5828 5827
f 5826 5821 5822
f 5826 5822 5828
f 5822 5825 5828
f 5829 5832 5834
f 5829 5834 5833
f 5832 5836 5837
f 5832 5837 5834
f 5830 5835 5837
f 5830 5837 5836
f 5835 5839 5840
f 5835 5840 5837
f 5831 5838 5840
f 5831 5840 5839
f 5838 5833 5834
f 5838 5834 5840
f 5834 5837 5840
f 5841 5844 5846
f 5841 5846 5845
f 5844 5848 5849
f 5844 5849 5846
f 5842 5847 5849
f 5842 5849 5848
f 5847 5851 5852
f 5847 5852 5849
f 5843 5850 5852
f 5843 5852 5851
f 5850 5845 5846
f 5850 5846 5852
f 5846 5849 5852
f 5853 5856 5858
f 5853 5858 5857
f 5856 5860 5861
f 5856 5861 5858
f 5854 5859 5861
f 5854 5861 5860
f 5859 5863 5864
f 5859 5864 5861
f 5855 5862 5864
f 5855 5864 5863
f 5862 5857 5858
f 5862 5858 5864
f 5858 5861 5864
f 5865 5868 5870
f 5865 5870 5869
f 5868 5872 5873
f 5868 5873 5870
f 5866 5871 5873
f 5866 5873 5872
f 5871 5875 5876
f 5871 5876 5873
f 5867 5874 5876
f 5867 5876 5875
f 5874 5869 5870
f 5874 5870 5876
f 5870 5873 5876
f 5877 5880 5882
f 5877 5882 5881
f 5880 5884 5885
f 5880 5885 5882
f 5878 5883 5885
f 5878 5885 5884
f 5883 5887 5888
f 5883 5888 5885
f 5879 5886 5888
f 5879 5888 5887
f 5886 5881 5882
f 5886 5882 5888
f 5882 5885 5888
f 5889 5892 5894
f 5889 5894 5893
f 5892 5896 5897
f 5892 5897 5894
f 5890 5895 5897
f 5890 5897 5896
f 5895 5899 5900
f 5895 5900 5897
f 5891 5898 5900
f 5891 5900 5899
f 5898 5893 5894
f 5898 5894 5900
f 5894 5897 5900
f 5901 5904 5906
f 5901 5906 5905
f 5904 5908 5909
f 5904 5909 5906
f 5902 5907 5909
f 5902 5909 5908
f 5907 5911 5912
f 5907 5912 5909
f 5903 5910 5912
f 5903 5912 5911
f 5910 5905 5906
f 5910 5906 5912
f 5906 5909 5912
f 5841 5817 5821
f 5841 5821 5844
f 5844 5821 5826
f 5844 5826 5848
f 5848 5826 5819
f 5848 5819 5842
f 5818 5829 5833
f 5818 5833 5823
f 5823 5833 5838
f 5823 5838 5827
f 5827 5838 5831
f 5827 5831 5819
f 5830 5853 5857
f 5830 5857 5835
f 5835 5857 5862
f 5835 5862 5839
f 5839 5862 5855
f 5839 5855 5831
f 5854 5843 5851
f 5854 5851 5859
f 5859 5851 5847
f 5859 5847 5863
f 5863 5847 5842
f 5863 5842 5855
f 5889 5841 5845
f 5889 5845 5892
f 5892 5845 5850
f 5892 5850 5896
f 5896 5850 5843
f 5896 5843 5890
f 5853 5901 5905
f 5853 5905 5856
f 5856 5905 5910
f 5856 5910 5860
f 5860 5910 5903
f 5860 5903 5854
f 5902 5891 5899
f 5902 5899 5907
f 5907 5899 5895
f 5907 5895 5911
f 5911 5895 5890
f 5911 5890 5903
f 5865 5889 5893
f 5865 5893 5868
f 5868 5893 5898
f 5868 5898 5872
f 5872 5898 5891
f 5872 5891 5866
f 5901 5877 5881
f 5901 5881 5904
f 5904 5881 5886
f 5904 5886 5908
f 5908 5886 5879
f 5908 5879 5902
f 5878 5867 5875
f 5878 5875 5883
f 5883 5875 5871
f 5883 5871 5887
f 5887 5871 5866
f 5887 5866 5879
f 5817 5865 5869
f 5817 5869 5820
f 5820 5869 5874
f 5820 5874 5824
f 5824 5874 5867
f 5824 5867 5818
f 5877 5830 5836
f 5877 5836 5880
f 5880 5836 5832
f 5880 5832 5884
f 5884 5832 5829
f 5884 5829 5878
f 5841 5889 5865
f 5841 5865 5817
f 5819 5831 5855
f 5819 5855 5842
f 5867 5878 5829
f 5867 5829 5818
f 5901 5853 5830
f 5901 5830 5877
f 5843 5854 5903
f 5843 5903 5890
f 5891 5902 5879
f 5891 5879 5866
v -0.3937569 -0.7980000 0.9907194
v -0.3948315 -0.8000000 0.9924061
v -0.3965183 -0.7980000 0.9913315
v -0.3939005 -0.7989987 0.9909447
v -0.3947428 -0.7980000 0.9904081
v -0.3948466 -0.7989564 0.9906497
v -0.3956738 -0.7997328 0.9918696
v -0.3942949 -0.7997328 0.9915639
v -0.3951243 -0.7994733 0.9910856
v -0.3957563 -0.7980000 0.9906328
v -0.3962929 -0.7989987 0.9914751
v -0.3955601 -0.7989564 0.9908079
v -0.3959061 -0.8000000 0.9940929
v -0.3969807 -0.7980000 0.9957797
v -0.3975929 -0.7980000 0.9930183
v -0.3964427 -0.7997328 0.9949352
v -0.3967484 -0.7997328 0.9935563
v -0.3972266 -0.7994733 0.9943857
v -0.3976794 -0.7980000 0.9950178
v -0.3968371 -0.7989987 0.9955544
v -0.3975043 -0.7989564 0.9948215
v -0.3973675 -0.7989987 0.9931619
v -0.3979041 -0.7980000 0.9940042
v -0.3976625 -0.7989564 0.9941080
v -0.3937569 -0.6020000 0.9907194
v -0.3965183 -0.6020000 0.9913315
v -0.3948315 -0.6000000 0.9924061
v -0.3947428 -0.6020000 0.9904081
v -0.3939005 -0.6010013 0.9909447
v -0.3948466 -0.6010436 0.9906497
v -0.3962929 -0.6010013 0.9914751
v -0.3957563 -0.6020000 0.9906328
v -0.3955601 -0.6010436 0.9908079
v -0.3942949 -0.6002672 0.9915639
v -0.3956738 -0.6002672 0.9918696
v -0.3951243 -0.6005267 0.9910856
v -0.3969807 -0.6020000 0.9957797
v -0.3959061 -0.6000000 0.9940929
v -0.3975929 -0.6020000 0.9930183
v -0.3968371 -0.6010013 0.9955544
v -0.3976794 -0.6020000 0.9950178
v -0.3975043 -0.6010436 0.9948215
v -0.3967484 -0.6002672 0.9935563
v -0.3964427 -0.6002672 0.9949352
v -0.3972266 -0.6005267 0.9943857
v -0.3979041 -0.6020000 0.9940042
v -0.3973675 -0.6010013 0.9931619
v -0.3976625 -0.6010436 0.9941080
v -0.2692708 -0.7980000 1.0700257
v -0.2686587 -0.7980000 1.0727872
v -0.2703454 -0.8000000 1.0717125
v -0.2685721 -0.7980000 1.0707877
v -0.2694144 -0.7989987 1.0702511
v -0.2687472 -0.7989564 1.0709839
v -0.2688840 -0.7989987 1.0726435
v -0.2683474 -0.7980000 1.0718013
v -0.2685890 -0.7989564 1.0716975
v -0.2698089 -0.7997328 1.0708703
v -0.2695031 -0.7997328 1.0722491
v -0.2690249 -0.7994733 1.0714197
v -0.2724946 -0.7980000 1.0750861
v -0.2714200 -0.8000000 1.0733993
v -0.2697333 -0.7980000 1.0744739
v -0.2723511 -0.7989987 1.0748607
v -0.2715088 -0.7980000 1.0753974
v -0.2714050 -0.7989564 1.0751557
v -0.2705778 -0.7997328 1.0739359
v -0.2719567 -0.7997328 1.0742416
v -0.2711273 -0.7994733 1.0747198
v -0.2704952 -0.7980000 1.0751727
v -0.2699586 -0.7989987 1.0743303
v -0.2706914 -0.7989564 1.0749975
v -0.2692708 -0.6020000 1.0700257
v -0.2703454 -0.6000000 1.0717125
v -0.2686587 -0.6020000 1.0727872
v -0.2694144 -0.6010013 1.0702511
v -0.2685721 -0.6020000 1.0707877
v -0.2687472 -0.6010436 1.0709839
v -0.2695031 -0.6002672 1.0722491
v -0.2698089 -0.6002672 1.0708703
v -0.2690249 -0.6005267 1.0714197
v -0.2683474 -0.6020000 1.0718013
v -0.2688840 -0.6010013 1.0726435
v -0.2685890 -0.6010436 1.0716975
v -0.2724946 -0.6020000 1.0750861
v -0.2697333 -0.6020000 1.0744739
v -0.2714200 -0.6000000 1.0733993
v -0.2715088 -0.6020000 1.0753974
v -0.2723511 -0.6010013 1.0748607
v -0.2714050 -0.6010436 1.0751557
v -0.2699586 -0.6010013 1.0743303
v -0.2704952 -0.6020000 1.0751727
v -0.2706914 -0.6010436 1.0749975
v -0.2719567 -0.6002672 1.0742416
v -0.2705778 -0.6002672 1.0739359
v -0.2711273 -0.6005267 1.0747198
f 5913 5916 5918
f 5913 5918 5917
f 5916 5920 5921
f 5916 5921 5918
f 5914 5919 5921
f 5914 5921 5920
f 5919 5923 5924
f 5919 5924 5921
f 5915 5922 5924
f 5915 5924 5923
f 5922 5917 5918
f 5922 5918 5924
f 5918 5921 5924
f 5925 5928 5930
f 5925 5930 5929
f 5928 5932 5933
f 5928 5933 5930
f 5926 5931 5933
f 5926 5933 5932
f 5931 5935 5936
f 5931 5936 5933
f 5927 5934 5936
f 5927 5936 5935
f 5934 5929 5930
f 5934 5930 5936
f 5930 5933 5936
f 5937 5940 5942
f 5937 5942 5941
f 5940 5944 5945
f 5940 5945 5942
f 5938 5943 5945
f 5938 5945 5944
f 5943 5947 5948
f 5943 5948 5945
f 5939 5946 5948
f 5939 5948 5947
f 5946 5941 5942
f 5946 5942 5948
f 5942 5945 5948
f 5949 5952 5954
f 5949 5954 5953
f 5952 5956 5957
f 5952 5957 5954
f 5950 5955 5957
f 5950 5957 5956
f 5955 5959 5960
f 5955 5960 5957
f 5951 5958 5960
f 5951 5960 5959
f 5958 5953 5954
f 5958 5954 5960
f 5954 5957 5960
f 5961 5964 5966
f 5961 5966 5965
f 5964 5968 5969
f 5964 5969 5966
f 5962 5967 5969
f 5962 5969 5968
f 5967 5971 5972
f 5967 5972 5969
f 5963 5970 5972
f 5963 5972 5971
f 5970 5965 5966
f 5970 5966 5972
f 5966 5969 5972
f 5973 5976 5978
f 5973 5978 5977
f 5976 5980 5981
f 5976 5981 5978
f 5974 5979 5981
f 5974 5981 5980
f 5979 5983 5984
f 5979 5984 5981
f 5975 5982 5984
f 5975 5984 5983
f 5982 5977 5978
f 5982 5978 5984
f 5978 5981 5984
f 5985 5988 5990
f 5985 5990 5989
f 5988 5992 5993
f 5988 5993 5990
f 5986 5991 5993
f 5986 5993 5992
f 5991 5995 5996
f 5991 5996 5993
f 5987 5994 5996
f 5987 5996 5995
f 5994 5989 5990
f 5994 5990 5996
f 5990 5993 5996
f 5997 6000 6002
f 5997 6002 6001
f 6000 6004 6005
f 6000 6005 6002
f 5998 6003 6005
f 5998 6005 6004
f 6003 6007 6008
f 6003 6008 6005
f 5999 6006 6008
f 5999 6008 6007
f 6006 6001 6002
f 6006 6002 6008
f 6002 6005 6008
f 5937 5913 5917
f 5937 5917 5940
f 5940 5917 5922
f 5940 5922 5944
f 5944 5922 5915
f 5944 5915 5938
f 5914 5925 5929
f 5914 5929 5919
f 5919 5929 5934
f 5919 5934 5923
f 5923 5934 5927
f 5923 5927 5915
f 5926 5949 5953
f 5926 5953 5931
f 5931 5953 5958
f 5931 5958 5935
f 5935 5958 5951
f 5935 5951 5927
f 5950 5939 5947
f 5950 5947 5955
f 5955 5947 5943
f 5955 5943 5959
f 5959 5943 5938
f 5959 5938 5951
f 5985 5937 5941
f 5985 5941 5988
f 5988 5941 5946
f 5988 5946 5992
f 5992 5946 5939
f 5992 5939 5986
f 5949 5997 6001
f 5949 6001 5952
f 5952 6001 6006
f 5952 6006 5956
f 5956 6006 5999
f 5956 5999 5950
f 5998 5987 5995
f 5998 5995 6003
f 6003 5995 5991
f 6003 5991 6007
f 6007 5991 5986
f 6007 5986 5999
f 5961 5985 5989
f 5961 5989 5964
f 5964 5989 5994
f 5964 5994 5968
f 5968 5994 5987
f 5968 5987 5962
f 5997 5973 5977
f 5997 5977 6000
f 6000 5977 5982
f 6000 5982 6004
f 6004 5982 5975
f 6004 5975 5998
f 5974 5963 5971
f 5974 5971 5979
f 5979 5971 5967
f 5979 5967 5983
f 5983 5967 5962
f 5983 5962 5975
f 5913 5961 5965
f 5913 5965 5916
f 5916 5965 5970
f 5916 5970 5920
f 5920 5970 5963
f 5920 5963 5914
f 5973 5926 5932
f 5973 5932 5976
f 5976 5932 5928
f 5976 5928 5980
f 5980 5928 5925
f 5980 5925 5974
f 5937 5985 5961
f 5937 5961 5913
f 5915 5927 5951
f 5915 5951 5938
f 5963 5974 5925
f 5963 5925 5914
f 5997 5949 5926
f 5997 5926 5973
f 5939 5950 5999
f 5939 5999 5986
f 5987 5998 5975
f 5987 5975 5962
v -0.4918032 -0.7980000 0.8898225
v -0.4932297 -0.8000000 0.8912243
v -0.4946316 -0.7980000 0.8897978
v -0.4919938 -0.7989987 0.8900098
v -0.4926938 -0.7980000 0.8892975
v -0.4928493 -0.7989564 0.8895096
v -0.4939297 -0.7997328 0.8905120
v -0.4925174 -0.7997328 0.8905243
v -0.4932179 -0.7994733 0.8898718
v -0.4937319 -0.7980000 0.8892884
v -0.4944443 -0.7989987 0.8899884
v -0.4935802 -0.7989564 0.8895032
v -0.4946562 -0.8000000 0.8926262
v -0.4960827 -0.7980000 0.8940279
v -0.4960580 -0.7980000 0.8911996
v -0.4953685 -0.7997328 0.8933262
v -0.4953562 -0.7997328 0.8919138
v -0.4960088 -0.7994733 0.8926144
v -0.4965921 -0.7980000 0.8931284
v -0.4958922 -0.7989987 0.8938407
v -0.4963774 -0.7989564 0.8929766
v -0.4958708 -0.7989987 0.8913902
v -0.4965831 -0.7980000 0.8920902
v -0.4963710 -0.7989564 0.8922457
v -0.4918032 -0.6020000 0.8898225
v -0.4946316 -0.6020000 0.8897978
v -0.4932297 -0.6000000 0.8912243
v -0.4926938 -0.6020000 0.8892975
v -0.4919938 -0.6010013 0.8900098
v -0.4928493 -0.6010436 0.8895096
v -0.4944443 -0.6010013 0.8899884
v -0.4937319 -0.6020000 0.8892884
v -0.4935802 -0.6010436 0.8895032
v -0.4925174 -0.6002672 0.8905243
v -0.4939297 -0.6002672 0.8905120
v -0.4932179 -0.6005267 0.8898718
v -0.4960827 -0.6020000 0.8940279
v -0.4946562 -0.6000000 0.8926262
v -0.4960580 -0.6020000 0.8911996
v -0.4958922 -0.6010013 0.8938407
v -0.4965921 -0.6020000 0.8931284
v -0.4963774 -0.6010436 0.8929766
v -0.4953562 -0.6002672 0.8919138
v -0.4953685 -0.6002672 0.8933262
v -0.4960088 -0.6005267 0.8926144
v -0.4965831 -0.6020000 0.8920902
v -0.4958708 -0.6010013 0.8913902
v -0.4963710 -0.6010436 0.8922457
v -0.3883478 -0.7980000 0.9950995
v -0.3883725 -0.7980000 0.9979278
v -0.3897743 -0.8000000 0.9965013
v -0.3878384 -0.7980000 0.9959991
v -0.3885384 -0.7989987 0.9952868
v -0.3880531 -0.7989564 0.9961509
v -0.3885598 -0.7989987 0.9977373
v -0.3878475 -0.7980000 0.9970373
v -0.3880595 -0.7989564 0.9968818
v -0.3890620 -0.7997328 0.9958013
v -0.3890743 -0.7997328 0.9972137
v -0.3884217 -0.7994733 0.9965131
v -0.3926273 -0.7980000 0.9993050
v -0.3912008 -0.8000000 0.9979032
v -0.3897990 -0.7980000 0.9993297
v -0.3924367 -0.7989987 0.9991177
v -0.3917367 -0.7980000 0.9998300
v -0.3915812 -0.7989564 0.9996179
v -0.3905008 -0.7997328 0.9986155
v -0.3919131 -0.7997328 0.9986032
v -0.3912126 -0.7994733 0.9992557
v -0.3906986 -0.7980000 0.9998391
v -0.3899862 -0.7989987 0.9991391
v -0.3908503 -0.7989564 0.9996243
v -0.3883478 -0.6020000 0.9950995
v -0.3897743 -0.6000000 0.9965013
v -0.3883725 -0.6020000 0.9979278
v -0.3885384 -0.6010013 0.9952868
v -0.3878384 -0.6020000 0.9959991
v -0.3880531 -0.6010436 0.9961509
v -0.3890743 -0.6002672 0.9972137
v -0.3890620 -0.6002672 0.9958013
v -0.3884217 -0.6005267 0.9965131
v -0.3878475 -0.6020000 0.9970373
v -0.3885598 -0.6010013 0.9977373
v -0.3880595 -0.6010436 0.9968818
v -0.3926273 -0.6020000 0.9993050
v -0.3897990 -0.6020000 0.9993297
v -0.3912008 -0.6000000 0.9979032
v -0.3917367 -0.6020000 0.9998300
v -0.3924367 -0.6010013 0.9991177
v -0.3915812 -0.6010436 0.9996179
v -0.3899862 -0.6010013 0.9991391
v -0.3906986 -0.6020000 0.9998391
v -0.3908503 -0.6010436 0.9996243
v -0.3919131 -0.6002672 0.9986032
v -0.3905008 -0.6002672 0.9986155
v -0.3912126 -0.6005267 0.9992557
f 6009 6012 6014
f 6009 6014 6013
f 6012 6016 6017
f 6012 6017 6014
f 6010 6015 6017
f 6010 6017 6016
f 6015 6019 6020
f 6015 6020 6017
f 6011 6018 6020
f 6011 6020 6019
f 6018 6013 6014
f 6018 6014 6020
f 6014 6017 6020
f 6021 6024 6026
f 6021 6026 6025
f 6024 6028 6029
f 6024 6029 6026
f 6022 6027 6029
f 6022 6029 6028
f 6027 6031 6032
f 6027 6032 6029
f 6023 6030 6032
f 6023 6032 6031
f 6030 6025 6026
f 6030 6026 6032
f 6026 6029 6032
f 6033 6036 6038
f 6033 6038 6037
f 6036 6040 6041
f 6036 6041 6038
f 6034 6039 6041
f 6034 6041 6040
f 6039 6043 6044
f 6039 6044 6041
f 6035 6042 6044
f 6035 6044 6043
f 6042 6037 6038
f 6042 6038 6044
f 6038 6041 6044
f 6045 6048 6050
f 6045 6050 6049
f 6048 6052 6053
f 6048 6053 6050
f 6046 6051 6053
f 6046 6053 6052
f 6051 6055 6056
f 6051 6056 6053
f 6047 6054 6056
f 6047 6056 6055
f 6054 6049 6050
f 6054 6050 6056
f 6050 6053 6056
f 6057 6060 6062
f 6057 6062 6061
f 6060 6064 6065
f 6060 6065 6062
f 6058 6063 6065
f 6058 6065 6064
f 6063 6067 6068
f 6063 6068 6065
f 6059 6066 6068
f 6059 6068 6067
f 6066 6061 6062
f 6066 6062 6068
f 6062 6065 6068
f 6069 6072 6074
f 6069 6074 6073
f 6072 6076 6077
f 6072 6077 6074
f 6070 6075 6077
f 6070 6077 6076
f 6075 6079 6080
f 6075 6080 6077
f 6071 6078 6080
f 6071 6080 6079
f 6078 6073 6074
f 6078 6074 6080
f 6074 6077 6080
f 6081 6084 6086
f 6081 6086 6085
f 6084 6088 6089
f 6084 6089 6086
f 6082 6087 6089
f 6082 6089 6088
f 6087 6091 6092
f 6087 6092 6089
f 6083 6090 6092
f 6083 6092 6091
f 6090 6085 6086
f 6090 6086 6092
f 6086 6089 6092
f 6093 6096 6098
f 6093 6098 6097
f 6096 6100 6101
f 6096 6101 6098
f 6094 6099 6101
f 6094 6101 6100
f 6099 6103 6104
f 6099 6104 6101
f 6095 6102 6104
f 6095 6104 6103
f 6102 6097 6098
f 6102 6098 6104
f 6098 6101 6104
f 6033 6009 6013
f 6033 6013 6036
f 6036 6013 6018
f 6036 6018 6040
f 6040 6018 6011
f 6040 6011 6034
f 6010 6021 6025
f 6010 6025 6015
f 6015 6025 6030
f 6015 6030 6019
f 6019 6030 6023
f 6019 6023 6011
f 6022 6045 6049
f 6022 6049 6027
f 6027 6049 6054
f 6027 6054 6031
f 6031 6054 6047
f 6031 6047 6023
f 6046 6035 6043
f 6046 6043 6051
f 6051 6043 6039
f 6051 6039 6055
f 6055 6039 6034
f 6055 6034 6047
f 6081 6033 6037
f 6081 6037 6084
f 6084 6037 6042
f 6084 6042 6088
f 6088 6042 6035
f 6088 6035 6082
f 6045 6093 6097
f 6045 6097 6048
f 6048 6097 6102
f 6048 6102 6052
f 6052 6102 6095
f 6052 6095 6046
f 6094 6083 6091
f 6094 6091 6099
f 6099 6091 6087
f 6099 6087 6103
f 6103 6087 6082
f 6103 6082 6095
f 6057 6081 6085
f 6057 6085 6060
f 6060 6085 6090
f 6060 6090 6064
f 6064 6090 6083
f 6064 6083 6058
f 6093 6069 6073
f 6093 6073 6096
f 6096 6073 6078
f 6096 6078 6100
f 6100 6078 6071
f 6100 6071 6094
f 6070 6059 6067
f 6070 6067 6075
f 6075 6067 6063
f 6075 6063 6079
f 6079 6063 6058
f 6079 6058 6071
f 6009 6057 6061
f 6009 6061 6012
f 6012 6061 6066
f 6012 6066 6016
f 6016 6066 6059
f 6016 6059 6010
f 6069 6022 6028
f 6069 6028 6072
f 6072 6028 6024
f 6072 6024 6076
f 6076 6024 6021
f 6076 6021 6070
f 6033 6081 6057
f 6033 6057 6009
f 6011 6023 6047
f 6011 6047 6034
f 6059 6070 6021
f 6059 6021 6010
f 6093 6045 6022
f 6093 6022 6069
f 6035 6046 6095
f 6035 6095 6082
f 6083 6094 6071
f 6083 6071 6058
v -0.5646398 -0.7980000 0.7694560
v -0.5663451 -0.8000000 0.7705010
v -0.5673901 -0.7980000 0.7687957
v -0.5648676 -0.7989987 0.7695956
v -0.5653895 -0.7980000 0.7687441
v -0.5655887 -0.7989564 0.7689157
v -0.5668669 -0.7997328 0.7696495
v -0.5654936 -0.7997328 0.7699792
v -0.5660293 -0.7994733 0.7691858
v -0.5663989 -0.7980000 0.7685017
v -0.5672505 -0.7989987 0.7690235
v -0.5662994 -0.7989564 0.7687451
v -0.5680504 -0.8000000 0.7715460
v -0.5697556 -0.7980000 0.7725910
v -0.5690954 -0.7980000 0.7698407
v -0.5689019 -0.7997328 0.7720678
v -0.5685722 -0.7997328 0.7706945
v -0.5693656 -0.7994733 0.7712302
v -0.5700496 -0.7980000 0.7715999
v -0.5695278 -0.7989987 0.7724514
v -0.5698063 -0.7989564 0.7715003
v -0.5689557 -0.7989987 0.7700685
v -0.5698073 -0.7980000 0.7705904
v -0.5696356 -0.7989564 0.7707896
v -0.5646398 -0.6020000 0.7694560
v -0.5673901 -0.6020000 0.7687957
v -0.5663451 -0.6000000 0.7705010
v -0.5653895 -0.6020000 0.7687441
v -0.5648676 -0.6010013 0.7695956
v -0.5655887 -0.6010436 0.7689157
v -0.5672505 -0.6010013 0.7690235
v -0.5663989 -0.6020000 0.7685017
v -0.5662994 -0.6010436 0.7687451
v -0.5654936 -0.6002672 0.7699792
v -0.5668669 -0.6002672 0.7696495
v -0.5660293 -0.6005267 0.7691858
v -0.5697556 -0.6020000 0.7725910
v -0.5680504 -0.6000000 0.7715460
v -0.5690954 -0.6020000 0.7698407
v -0.5695278 -0.6010013 0.7724514
v -0.5700496 -0.6020000 0.7715999
v -0.5698063 -0.6010436 0.7715003
v -0.5685722 -0.6002672 0.7706945
v -0.5689019 -0.6002672 0.7720678
v -0.5693656 -0.6005267 0.7712302
v -0.5698073 -0.6020000 0.7705904
v -0.5689557 -0.6010013 0.7700685
v -0.5696356 -0.6010436 0.7707896
v -0.4875181 -0.7980000 0.8953072
v -0.4881784 -0.7980000 0.8980575
v -0.4892234 -0.8000000 0.8963522
v -0.4872241 -0.7980000 0.8962983
v -0.4877459 -0.7989987 0.8954468
v -0.4874675 -0.7989564 0.8963979
v -0.4883180 -0.7989987 0.8978297
v -0.4874665 -0.7980000 0.8973078
v -0.4876381 -0.7989564 0.8971086
v -0.4883719 -0.7997328 0.8958304
v -0.4887016 -0.7997328 0.8972037
v -0.4879082 -0.7994733 0.8966680
v -0.4926339 -0.7980000 0.8984421
v -0.4909287 -0.8000000 0.8973972
v -0.4898837 -0.7980000 0.8991024
v -0.4924061 -0.7989987 0.8983026
v -0.4918843 -0.7980000 0.8991541
v -0.4916851 -0.7989564 0.8989825
v -0.4904068 -0.7997328 0.8982487
v -0.4917802 -0.7997328 0.8979190
v -0.4912444 -0.7994733 0.8987124
v -0.4908748 -0.7980000 0.8993965
v -0.4900233 -0.7989987 0.8988746
v -0.4909744 -0.7989564 0.8991531
v -0.4875181 -0.6020000 0.8953072
v -0.4892234 -0.6000000 0.8963522
v -0.4881784 -0.6020000 0.8980575
v -0.4877459 -0.6010013 0.8954468
v -0.4872241 -0.6020000 0.8962983
v -0.4874675 -0.6010436 0.8963979
v -0.4887016 -0.6002672 0.8972037
v -0.4883719 -0.6002672 0.8958304
v -0.4879082 -0.6005267 0.8966680
v -0.4874665 -0.6020000 0.8973078
v -0.4883180 -0.6010013 0.8978297
v -0.4876381 -0.6010436 0.8971086
v -0.4926339 -0.6020000 0.8984421
v -0.4898837 -0.6020000 0.8991024
v -0.4909287 -0.6000000 0.8973972
v -0.4918843 -0.6020000 0.8991541
v -0.4924061 -0.6010013 0.8983026
v -0.4916851 -0.6010436 0.8989825
v -0.4900233 -0.6010013 0.8988746
v -0.4908748 -0.6020000 0.8993965
v -0.4909744 -0.6010436 0.8991531
v -0.4917802 -0.6002672 0.8979190
v -0.4904068 -0.6002672 0.8982487
v -0.4912444 -0.6005267 0.8987124
f 6105 6108 6110
f 6105 6110 6109
f 6108 6112 6113
f 6108 6113 6110
f 6106 6111 6113
f 6106 6113 6112
f 6111 6115 6116
f 6111 6116 6113
f 6107 6114 6116
f 6107 6116 6115
f 6114 6109 6110
f 6114 6110 6116
f 6110 6113 6116
f 6117 6120 6122
f 6117 6122 6121
f 6120 6124 6125
f 6120 6125 6122
f 6118 6123 6125
f 6118 6125 6124
f 6123 6127 6128
f 6123 6128 6125
f 6119 6126 6128
f 6119 6128 6127
f 6126 6121 6122
f 6126 6122 6128
f 6122 6125 6128
f 6129 6132 6134
f 6129 6134 6133
f 6132 6136 6137
f 6132 6137 6134
f 6130 6135 6137
f 6130 6137 6136
f 6135 6139 6140
f 6135 6140 6137
f 6131 6138 6140
f 6131 6140 6139
f 6138 6133 6134
f 6138 6134 6140
f 6134 6137 6140
f 6141 6144 6146
f 6141 6146 6145
f 6144 6148 6149
f 6144 6149 6146
f 6142 6147 6149
f 6142 6149 6148
f 6147 6151 6152
f 6147 6152 6149
f 6143 6150 6152
f 6143 6152 6151
f 6150 6145 6146
f 6150 6146 6152
f 6146 6149 6152
f 6153 6156 6158
f 6153 6158 6157
f 6156 6160 6161
f 6156 6161 6158
f 6154 6159 6161
f 6154 6161 6160
f 6159 6163 6164
f 6159 6164 6161
f 6155 6162 6164
f 6155 6164 6163
f 6162 6157 6158
f 6162 6158 6164
f 6158 6161 6164
f 6165 6168 6170
f 6165 6170 6169
f 6168 6172 6173
f 6168 6173 6170
f 6166 6171 6173
f 6166 6173 6172
f 6171 6175 6176
f 6171 6176 6173
f 6167 6174 6176
f 6167 6176 6175
f 6174 6169 6170
f 6174 6170 6176
f 6170 6173 6176
f 6177 6180 6182
f 6177 6182 6181
f 6180 6184 6185
f 6180 6185 6182
f 6178 6183 6185
f 6178 6185 6184
f 6183 6187 6188
f 6183 6188 6185
f 6179 6186 6188
f 6179 6188 6187
f 6186 6181 6182
f 6186 6182 6188
f 6182 6185 6188
f 6189 6192 6194
f 6189 6194 6193
f 6192 6196 6197
f 6192 6197 6194
f 6190 6195 6197
f 6190 6197 6196
f 6195 6199 6200
f 6195 6200 6197
f 6191 6198 6200
f 6191 6200 6199
f 6198 6193 6194
f 6198 6194 6200
f 6194 6197 6200
f 6129 6105 6109
f 6129 6109 6132
f 6132 6109 6114
f 6132 6114 6136
f 6136 6114 6107
f 6136 6107 6130
f 6106 6117 6121
f 6106 6121 6111
f 6111 6121 6126
f 6111 6126 6115
f 6115 6126 6119
f 6115 6119 6107
f 6118 6141 6145
f 6118 6145 6123
f 6123 6145 6150
f 6123 6150 6127
f 6127 6150 6143
f 6127 6143 6119
f 6142 6131 6139
f 6142 6139 6147
f 6147 6139 6135
f 6147 6135 6151
f 6151 6135 6130
f 6151 6130 6143
f 6177 6129 6133
f 6177 6133 6180
f 6180 6133 6138
f 6180 6138 6184
f 6184 6138 6131
f 6184 6131 6178
f 6141 6189 6193
f 6141 6193 6144
f 6144 6193 6198
f 6144 6198 6148
f 6148 6198 6191
f 6148 6191 6142
f 6190 6179 6187
f 6190 6187 6195
f 6195 6187 6183
f 6195 6183 6199
f 6199 6183 6178
f 6199 6178 6191
f 6153 6177 6181
f 6153 6181 6156
f 6156 6181 6186
f 6156 6186 6160
f 6160 6186 6179
f 6160 6179 6154
f 6189 6165 6169
f 6189 6169 6192
f 6192 6169 6174
f 6192 6174 6196
f 6196 6174 6167
f 6196 6167 6190
f 6166 6155 6163
f 6166 6163 6171
f 6171 6163 6159
f 6171 6159 6175
f 6175 6159 6154
f 6175 6154 6167
f 6105 6153 6157
f 6105 6157 6108
f 6108 6157 6162
f 6108 6162 6112
f 6112 6162 6155
f 6112 6155 6106
f 6165 6118 6124
f 6165 6124 6168
f 6168 6124 6120
f 6168 6120 6172
f 6172 6120 6117
f 6172 6117 6166
f 6129 6177 6153
f 6129 6153 6105
f 6107 6119 6143
f 6107 6143 6130
f 6155 6166 6117
f 6155 6117 6106
f 6189 6141 6118
f 6189 6118 6165
f 6131 6142 6191
f 6131 6191 6178
f 6179 6190 6167
f 6179 6167 6154
v 1.7830892 0.3550000 0.7290233
v 1.7830892 0.6100000 0.7290233
v 1.7784970 0.3550000 0.7281099
v 1.7784970 0.6100000 0.7281098
v 1.7746038 0.3550000 0.7255086
v 1.7746038 0.6100000 0.7255086
v 1.7720026 0.3550000 0.7216156
v 1.7720026 0.6100000 0.7216155
v 1.7710892 0.3550000 0.7170233
v 1.7710892 0.6100000 0.7170233
v 1.7720026 0.3550000 0.7124311
v 1.7720026 0.6100001 0.7124311
v 1.7746038 0.3550000 0.7085381
v 1.7746038 0.6100001 0.7085380
v 1.7784970 0.3550000 0.7059368
v 1.7784970 0.6100001 0.7059367
v 1.7830892 0.3550000 0.7050233
v 1.7830892 0.6100001 0.7050233
v 1.7876813 0.3550000 0.7059368
v 1.7876813 0.6100001 0.7059367
v 1.7915745 0.3550000 0.7085381
v 1.7915745 0.6100001 0.7085380
v 1.7941757 0.3550000 0.7124311
v 1.7941757 0.6100001 0.7124311
v 1.7950891 0.3550000 0.7170233
v 1.7950891 0.6100000 0.7170233
v 1.7941757 0.3550000 0.7216156
v 1.7941757 0.6100000 0.7216155
v 1.7915745 0.3550000 0.7255086
v 1.7915745 0.6100000 0.7255086
v 1.7876813 0.3550000 0.7281099
v 1.7876813 0.6100000 0.7281098
f 6201 6202 6204
f 6201 6204 6203
f 6203 6204 6206
f 6203 6206 6205
f 6205 6206 6208
f 6205 6208 6207
f 6207 6208 6210
f 6207 6210 6209
f 6209 6210 6212
f 6209 6212 6211
f 6211 6212 6214
f 6211 6214 6213
f 6213 6214 6216
f 6213 6216 6215
f 6215 6216 6218
f 6215 6218 6217
f 6217 6218 6220
f 6217 6220 6219
f 6219 6220 6222
f 6219 6222 6221
f 6221 6222 6224
f 6221 6224 6223
f 6223 6224 6226
f 6223 6226 6225
f 6225 6226 6228
f 6225 6228 6227
f 6227 6228 6230
f 6227 6230 6229
f 6206 6204 6202
f 6202 6232 6230
f 6230 6228 6226
f 6226 6224 6222
f 6222 6220 6218
f 6218 6216 6214
f 6214 6212 6210
f 6210 6208 6206
f 6206 6202 6230
f 6230 6226 6222
f 6222 6218 6214
f 6214 6210 6206
f 6206 6230 6222
f 6222 6214 6206
f 6229 6230 6232
f 6229 6232 6231
f 6231 6232 6202
f 6231 6202 6201
f 6231 6201 6203
f 6203 6205 6207
f 6207 6209 6211
f 6211 6213 6215
f 6215 6217 6219
f 6219 6221 6223
f 6223 6225 6227
f 6227 6229 6231
f 6231 6203 6207
f 6207 6211 6215
f 6215 6219 6223
f 6223 6227 6231
f 6231 6207 6215
f 6215 6223 6231
v 2.9069109 0.3550000 0.7290233
v 2.9069109 0.6100000 0.7290233
v 2.9023187 0.3550000 0.7281099
v 2.9023187 0.6100000 0.7281098
v 2.8984256 0.3550000 0.7255086
v 2.8984256 0.6100000 0.7255086
v 2.8958244 0.3550000 0.7216156
v 2.8958244 0.6100000 0.7216155
v 2.8949108 0.3550000 0.7170233
v 2.8949108 0.6100000 0.7170233
v 2.8958244 0.3550000 0.7124311
v 2.8958244 0.6100001 0.7124311
v 2.8984256 0.3550000 0.7085381
v 2.8984256 0.6100001 0.7085380
v 2.9023187 0.3550000 0.7059368
v 2.9023187 0.6100001 0.7059367
v 2.9069109 0.3550000 0.7050233
v 2.9069109 0.6100001 0.7050233
v 2.9115031 0.3550000 0.7059368
v 2.9115031 0.6100001 0.7059367
v 2.9153962 0.3550000 0.7085381
v 2.9153962 0.6100001 0.7085380
v 2.9179974 0.3550000 0.7124311
v 2.9179974 0.6100001 0.7124311
v 2.9189110 0.3550000 0.7170233
v 2.9189110 0.6100000 0.7170233
v 2.9179974 0.3550000 0.7216156
v 2.9179974 0.6100000 0.7216155
v 2.9153962 0.3550000 0.7255086
v 2.9153962 0.6100000 0.7255086
v 2.9115031 0.3550000 0.7281099
v 2.9115031 0.6100000 0.7281098
f 6233 6234 6236
f 6233 6236 6235
f 6235 6236 6238
f 6235 6238 6237
f 6237 6238 6240
f 6237 6240 6239
f 6239 6240 6242
f 6239 6242 6241
f 6241 6242 6244
f 6241 6244 6243
f 6243 6244 6246
f 6243 6246 6245
f 6245 6246 6248
f 6245 6248 6247
f 6247 6248 6250
f 6247 6250 6249
f 6249 6250 6252
f 6249 6252 6251
f 6251 6252 6254
f 6251 6254 6253
f 6253 6254 6256
f 6253 6256 6255
f 6255 6256 6258
f 6255 6258 6257
f 6257 6258 6260
f 6257 6260 6259
f 6259 6260 6262
f 6259 6262 6261
f 6238 6236 6234
f 6234 6264 6262
f 6262 6260 6258
f 6258 6256 6254
f 6254 6252 6250
f 6250 6248 6246
f 6246 6244 6242
f 6242 6240 6238
f 6238 6234 6262
f 6262 6258 6254
f 6254 6250 6246
f 6246 6242 6238
f 6238 6262 6254
f 6254 6246 6238
f 6261 6262 6264
f 6261 6264 6263
f 6263 6264 6234
f 6263 6234 6233
f 6263 6233 6235
f 6235 6237 6239
f 6239 6241 6243
f 6243 6245 6247
f 6247 6249 6251
f 6251 6253 6255
f 6255 6257 6259
f 6259 6261 6263
f 6263 6235 6239
f 6239 6243 6247
f 6247 6251 6255
f 6255 6259 6263
f 6263 6239 6247
f 6247 6255 6263
v 2.8325181 0.6020000 0.8403072
v 2.8342235 0.6000000 0.8413522
v 2.8331785 0.6020000 0.8430575
v 2.8327460 0.6010013 0.8404468
v 2.8322241 0.6020000 0.8412983
v 2.8324676 0.6010436 0.8413979
v 2.8337016 0.6002672 0.8422037
v 2.8333719 0.6002672 0.8408304
v 2.8329082 0.6005267 0.8416680
v 2.8324666 0.6020000 0.8423078
v 2.8333180 0.6010013 0.8428296
v 2.8326383 0.6010436 0.8421086
v 2.8359287 0.6000000 0.8423972
v 2.8376341 0.6020000 0.8434421
v 2.8348837 0.6020000 0.8441024
v 2.8367803 0.6002672 0.8429190
v 2.8354070 0.6002672 0.8432487
v 2.8362446 0.6005267 0.8437124
v 2.8368845 0.6020000 0.8441541
v 2.8374062 0.6010013 0.8433025
v 2.8366852 0.6010436 0.8439825
v 2.8350234 0.6010013 0.8438746
v 2.8358748 0.6020000 0.8443965
v 2.8359745 0.6010436 0.8441530
v 2.8325181 0.7980000 0.8403072
v 2.8331785 0.7980000 0.8430575
v 2.8342235 0.8000000 0.8413522
v 2.8322241 0.7980000 0.8412983
v 2.8327460 0.7989987 0.8404468
v 2.8324676 0.7989564 0.8413979
v 2.8333180 0.7989987 0.8428296
v 2.8324666 0.7980000 0.8423078
v 2.8326383 0.7989564 0.8421086
v 2.8333719 0.7997328 0.8408304
v 2.8337016 0.7997328 0.8422037
v 2.8329082 0.7994733 0.8416680
v 2.8376341 0.7980000 0.8434421
v 2.8359287 0.8000000 0.8423972
v 2.8348837 0.7980000 0.8441024
v 2.8374062 0.7989987 0.8433025
v 2.8368845 0.7980000 0.8441541
v 2.8366852 0.7989564 0.8439825
v 2.8354070 0.7997328 0.8432487
v 2.8367803 0.7997328 0.8429190
v 2.8362446 0.7994733 0.8437124
v 2.8358748 0.7980000 0.8443965
v 2.8350234 0.7989987 0.8438746
v 2.8359745 0.7989564 0.8441530
v 2.9096398 0.6020000 0.7144560
v 2.9123902 0.6020000 0.7137957
v 2.9113452 0.6000000 0.7155010
v 2.9103894 0.6020000 0.7137441
v 2.9098678 0.6010013 0.7145956
v 2.9105887 0.6010436 0.7139157
v 2.9122505 0.6010013 0.7140235
v 2.9113991 0.6020000 0.7135017
v 2.9112995 0.6010436 0.7137451
v 2.9104936 0.6002672 0.7149792
v 2.9118669 0.6002672 0.7146495
v 2.9110293 0.6005267 0.7141858
v 2.9147558 0.6020000 0.7175910
v 2.9130504 0.6000000 0.7165460
v 2.9140954 0.6020000 0.7148407
v 2.9145279 0.6010013 0.7174514
v 2.9150498 0.6020000 0.7165999
v 2.9148064 0.6010436 0.7165003
v 2.9135723 0.6002672 0.7156945
v 2.9139020 0.6002672 0.7170678
v 2.9143658 0.6005267 0.7162302
v 2.9148073 0.6020000 0.7155904
v 2.9139559 0.6010013 0.7150685
v 2.9146357 0.6010436 0.7157896
v 2.9096398 0.7980000 0.7144560
v 2.9113452 0.8000000 0.7155010
v 2.9123902 0.7980000 0.7137957
v 2.9098678 0.7989987 0.7145956
v 2.9103894 0.7980000 0.7137441
v 2.9105887 0.7989564 0.7139157
v 2.9118669 0.7997328 0.7146495
v 2.9104936 0.7997328 0.7149792
v 2.9110293 0.7994733 0.7141858
v 2.9113991 0.7980000 0.7135017
v 2.9122505 0.7989987 0.7140235
v 2.9112995 0.7989564 0.7137451
v 2.9147558 0.7980000 0.7175910
v 2.9140954 0.7980000 0.7148407
v 2.9130504 0.8000000 0.7165460
v 2.9150498 0.7980000 0.7165999
v 2.9145279 0.7989987 0.7174514
v 2.9148064 0.7989564 0.7165003
v 2.9139559 0.7989987 0.7150685
v 2.9148073 0.7980000 0.7155904
v 2.9146357 0.7989564 0.7157896
v 2.9139020 0.7997328 0.7170678
v 2.9135723 0.7997328 0.7156945
v 2.9143658 0.7994733 0.7162302
f 6265 6268 6270
f 6265 6270 6269
f 6268 6272 6273
f 6268 6273 6270
f 6266 6271 6273
f 6266 6273 6272
f 6271 6275 6276
f 6271 6276 6273
f 6267 6274 6276
f 6267 6276 6275
f 6274 6269 6270
f 6274 6270 6276
f 6270 6273 6276
f 6277 6280 6282
f 6277 6282 6281
f 6280 6284 6285
f 6280 6285 6282
f 6278 6283 6285
f 6278 6285 6284
f 6283 6287 6288
f 6283 6288 6285
f 6279 6286 6288
f 6279 6288 6287
f 6286 6281 6282
f 6286 6282 6288
f 6282 6285 6288
f 6289 6292 6294
f 6289 6294 6293
f 6292 6296 6297
f 6292 6297 6294
f 6290 6295 6297
f 6290 6297 6296
f 6295 6299 6300
f 6295 6300 6297
f 6291 6298 6300
f 6291 6300 6299
f 6298 6293 6294
f 6298 6294 6300
f 6294 6297 6300
f 6301 6304 6306
f 6301 6306 6305
f 6304 6308 6309
f 6304 6309 6306
f 6302 6307 6309
f 6302 6309 6308
f 6307 6311 6312
f 6307 6312 6309
f 6303 6310 6312
f 6303 6312 6311
f 6310 6305 6306
f 6310 6306 6312
f 6306 6309 6312
f 6313 6316 6318
f 6313 6318 6317
f 6316 6320 6321
f 6316 6321 6318
f 6314 6319 6321
f 6314 6321 6320
f 6319 6323 6324
f 6319 6324 6321
f 6315 6322 6324
f 6315 6324 6323
f 6322 6317 6318
f 6322 6318 6324
f 6318 6321 6324
f 6325 6328 6330
f 6325 6330 6329
f 6328 6332 6333
f 6328 6333 6330
f 6326 6331 6333
f 6326 6333 6332
f 6331 6335 6336
f 6331 6336 6333
f 6327 6334 6336
f 6327 6336 6335
f 6334 6329 6330
f 6334 6330 6336
f 6330 6333 6336
f 6337 6340 6342
f 6337 6342 6341
f 6340 6344 6345
f 6340 6345 6342
f 6338 6343 6345
f 6338 6345 6344
f 6343 6347 6348
f 6343 6348 6345
f 6339 6346 6348
f 6339 6348 6347
f 6346 6341 6342
f 6346 6342 6348
f 6342 6345 6348
f 6349 6352 6354
f 6349 6354 6353
f 6352 6356 6357
f 6352 6357 6354
f 6350 6355 6357
f 6350 6357 6356
f 6355 6359 6360
f 6355 6360 6357
f 6351 6358 6360
f 6351 6360 6359
f 6358 6353 6354
f 6358 6354 6360
f 6354 6357 6360
f 6289 6265 6269
f 6289 6269 6292
f 6292 6269 6274
f 6292 6274 6296
f 6296 6274 6267
f 6296 6267 6290
f 6266 6277 6281
f 6266 6281 6271
f 6271 6281 6286
f 6271 6286 6275
f 6275 6286 6279
f 6275 6279 6267
f 6278 6301 6305
f 6278 6305 6283
f 6283 6305 6310
f 6283 6310 6287
f 6287 6310 6303
f 6287 6303 6279
f 6302 6291 6299
f 6302 6299 6307
f 6307 6299 6295
f 6307 6295 6311
f 6311 6295 6290
f 6311 6290 6303
f 6337 6289 6293
f 6337 6293 6340
f 6340 6293 6298
f 6340 6298 6344
f 6344 6298 6291
f 6344 6291 6338
f 6301 6349 6353
f 6301 6353 6304
f 6304 6353 6358
f 6304 6358 6308
f 6308 6358 6351
f 6308 6351 6302
f 6350 6339 6347
f 6350 6347 6355
f 6355 6347 6343
f 6355 6343 6359
f 6359 6343 6338
f 6359 6338 6351
f 6313 6337 6341
f 6313 6341 6316
f 6316 6341 6346
f 6316 6346 6320
f 6320 6346 6339
f 6320 6339 6314
f 6349 6325 6329
f 6349 6329 6352
f 6352 6329 6334
f 6352 6334 6356
f 6356 6334 6327
f 6356 6327 6350
f 6326 6315 6323
f 6326 6323 6331
f 6331 6323 6319
f 6331 6319 6335
f 6335 6319 6314
f 6335 6314 6327
f 6265 6313 6317
f 6265 6317 6268
f 6268 6317 6322
f 6268 6322 6272
f 6272 6322 6315
f 6272 6315 6266
f 6325 6278 6284
f 6325 6284 6328
f 6328 6284 6280
f 6328 6280 6332
f 6332 6280 6277
f 6332 6277 6326
f 6289 6337 6313
f 6289 6313 6265
f 6267 6279 6303
f 6267 6303 6290
f 6315 6326 6277
f 6315 6277 6266
f 6349 6301 6278
f 6349 6278 6325
f 6291 6302 6351
f 6291 6351 6338
f 6339 6350 6327
f 6339 6327 6314
v 2.7333477 0.6020000 0.9400995
v 2.7347744 0.6000000 0.9415013
v 2.7333724 0.6020000 0.9429278
v 2.7335384 0.6010013 0.9402868
v 2.7328384 0.6020000 0.9409991
v 2.7330532 0.6010436 0.9411509
v 2.7340744 0.6002672 0.9422137
v 2.7340620 0.6002672 0.9408013
v 2.7334218 0.6005267 0.9415131
v 2.7328475 0.6020000 0.9420373
v 2.7335596 0.6010013 0.9427373
v 2.7330594 0.6010436 0.9418818
v 2.7362008 0.6000000 0.9429032
v 2.7376273 0.6020000 0.9443050
v 2.7347989 0.6020000 0.9443297
v 2.7369130 0.6002672 0.9436032
v 2.7355008 0.6002672 0.9436155
v 2.7362125 0.6005267 0.9442557
v 2.7367368 0.6020000 0.9448300
v 2.7374368 0.6010013 0.9441177
v 2.7365811 0.6010436 0.9446179
v 2.7349863 0.6010013 0.9441391
v 2.7356985 0.6020000 0.9448391
v 2.7358503 0.6010436 0.9446243
v 2.7333477 0.7980000 0.9400995
v 2.7333724 0.7980000 0.9429278
v 2.7347744 0.8000000 0.9415013
v 2.7328384 0.7980000 0.9409991
v 2.7335384 0.7989987 0.9402868
v 2.7330532 0.7989564 0.9411509
v 2.7335596 0.7989987 0.9427373
v 2.7328475 0.7980000 0.9420373
v 2.7330594 0.7989564 0.9418818
v 2.7340620 0.7997328 0.9408013
v 2.7340744 0.7997328 0.9422137
v 2.7334218 0.7994733 0.9415131
v 2.7376273 0.7980000 0.9443050
v 2.7362008 0.8000000 0.9429032
v 2.7347989 0.7980000 0.9443297
v 2.7374368 0.7989987 0.9441177
v 2.7367368 0.7980000 0.9448300
v 2.7365811 0.7989564 0.9446179
v 2.7355008 0.7997328 0.9436155
v 2.7369130 0.7997328 0.9436032
v 2.7362125 0.7994733 0.9442557
v 2.7356985 0.7980000 0.9448391
v 2.7349863 0.7989987 0.9441391
v 2.7358503 0.7989564 0.9446243
v 2.8368032 0.6020000 0.8348225
v 2.8396316 0.6020000 0.8347978
v 2.8382297 0.6000000 0.8362243
v 2.8376937 0.6020000 0.8342975
v 2.8369937 0.6010013 0.8350098
v 2.8378494 0.6010436 0.8345096
v 2.8394442 0.6010013 0.8349884
v 2.8387320 0.6020000 0.8342884
v 2.8385801 0.6010436 0.8345032
v 2.8375175 0.6002672 0.8355243
v 2.8389297 0.6002672 0.8355120
v 2.8382180 0.6005267 0.8348718
v 2.8410828 0.6020000 0.8390279
v 2.8396561 0.6000000 0.8376262
v 2.8410580 0.6020000 0.8361996
v 2.8408921 0.6010013 0.8388407
v 2.8415921 0.6020000 0.8381284
v 2.8413773 0.6010436 0.8379766
v 2.8403561 0.6002672 0.8369138
v 2.8403685 0.6002672 0.8383262
v 2.8410087 0.6005267 0.8376144
v 2.8415830 0.6020000 0.8370902
v 2.8408709 0.6010013 0.8363902
v 2.8413711 0.6010436 0.8372457
v 2.8368032 0.7980000 0.8348225
v 2.8382297 0.8000000 0.8362243
v 2.8396316 0.7980000 0.8347978
v 2.8369937 0.7989987 0.8350098
v 2.8376937 0.7980000 0.8342975
v 2.8378494 0.7989564 0.8345096
v 2.8389297 0.7997328 0.8355120
v 2.8375175 0.7997328 0.8355243
v 2.8382180 0.7994733 0.8348718
v 2.8387320 0.7980000 0.8342884
v 2.8394442 0.7989987 0.8349884
v 2.8385801 0.7989564 0.8345032
v 2.8410828 0.7980000 0.8390279
v 2.8410580 0.7980000 0.8361996
v 2.8396561 0.8000000 0.8376262
v 2.8415921 0.7980000 0.8381284
v 2.8408921 0.7989987 0.8388407
v 2.8413773 0.7989564 0.8379766
v 2.8408709 0.7989987 0.8363902
v 2.8415830 0.7980000 0.8370902
v 2.8413711 0.7989564 0.8372457
v 2.8403685 0.7997328 0.8383262
v 2.8403561 0.7997328 0.8369138
v 2.8410087 0.7994733 0.8376144
f 6361 6364 6366
f 6361 6366 6365
f 6364 6368 6369
f 6364 6369 6366
f 6362 6367 6369
f 6362 6369 6368
f 6367 6371 6372
f 6367 6372 6369
f 6363 6370 6372
f 6363 6372 6371
f 6370 6365 6366
f 6370 6366 6372
f 6366 6369 6372
f 6373 6376 6378
f 6373 6378 6377
f 6376 6380 6381
f 6376 6381 6378
f 6374 6379 6381
f 6374 6381 6380
f 6379 6383 6384
f 6379 6384 6381
f 6375 6382 6384
f 6375 6384 6383
f 6382 6377 6378
f 6382 6378 6384
f 6378 6381 6384
f 6385 6388 6390
f 6385 6390 6389
f 6388 6392 6393
f 6388 6393 6390
f 6386 6391 6393
f 6386 6393 6392
f 6391 6395 6396
f 6391 6396 6393
f 6387 6394 6396
f 6387 6396 6395
f 6394 6389 6390
f 6394 6390 6396
f 6390 6393 6396
f 6397 6400 6402
f 6397 6402 6401
f 6400 6404 6405
f 6400 6405 6402
f 6398 6403 6405
f 6398 6405 6404
f 6403 6407 6408
f 6403 6408 6405
f 6399 6406 6408
f 6399 6408 6407
f 6406 6401 6402
f 6406 6402 6408
f 6402 6405 6408
f 6409 6412 6414
f 6409 6414 6413
f 6412 6416 6417
f 6412 6417 6414
f 6410 6415 6417
f 6410 6417 6416
f 6415 6419 6420
f 6415 6420 6417
f 6411 6418 6420
f 6411 6420 6419
f 6418 6413 6414
f 6418 6414 6420
f 6414 6417 6420
f 6421 6424 6426
f 6421 6426 6425
f 6424 6428 6429
f 6424 6429 6426
f 6422 6427 6429
f 6422 6429 6428
f 6427 6431 6432
f 6427 6432 6429
f 6423 6430 6432
f 6423 6432 6431
f 6430 6425 6426
f 6430 6426 6432
f 6426 6429 6432
f 6433 6436 6438
f 6433 6438 6437
f 6436 6440 6441
f 6436 6441 6438
f 6434 6439 6441
f 6434 6441 6440
f 6439 6443 6444
f 6439 6444 6441
f 6435 6442 6444
f 6435 6444 6443
f 6442 6437 6438
f 6442 6438 6444
f 6438 6441 6444
f 6445 6448 6450
f 6445 6450 6449
f 6448 6452 6453
f 6448 6453 6450
f 6446 6451 6453
f 6446 6453 6452
f 6451 6455 6456
f 6451 6456 6453
f 6447 6454 6456
f 6447 6456 6455
f 6454 6449 6450
f 6454 6450 6456
f 6450 6453 6456
f 6385 6361 6365
f 6385 6365 6388
f 6388 6365 6370
f 6388 6370 6392
f 6392 6370 6363
f 6392 6363 6386
f 6362 6373 6377
f 6362 6377 6367
f 6367 6377 6382
f 6367 6382 6371
f 6371 6382 6375
f 6371 6375 6363
f 6374 6397 6401
f 6374 6401 6379
f 6379 6401 6406
f 6379 6406 6383
f 6383 6406 6399
f 6383 6399 6375
f 6398 6387 6395
f 6398 6395 6403
f 6403 6395 6391
f 6403 6391 6407
f 6407 6391 6386
f 6407 6386 6399
f 6433 6385 6389
f 6433 6389 6436
f 6436 6389 6394
f 6436 6394 6440
f 6440 6394 6387
f 6440 6387 6434
f 6397 6445 6449
f 6397 6449 6400
f 6400 6449 6454
f 6400 6454 6404
f 6404 6454 6447
f 6404 6447 6398
f 6446 6435 6443
f 6446 6443 6451
f 6451 6443 6439
f 6451 6439 6455
f 6455 6439 6434
f 6455 6434 6447
f 6409 6433 6437
f 6409 6437 6412
f 6412 6437 6442
f 6412 6442 6416
f 6416 6442 6435
f 6416 6435 6410
f 6445 6421 6425
f 6445 6425 6448
f 6448 6425 6430
f 6448 6430 6452
f 6452 6430 6423
f 6452 6423 6446
f 6422 6411 6419
f 6422 6419 6427
f 6427 6419 6415
f 6427 6415 6431
f 6431 6415 6410
f 6431 6410 6423
f 6361 6409 6413
f 6361 6413 6364
f 6364 6413 6418
f 6364 6418 6368
f 6368 6418 6411
f 6368 6411 6362
f 6421 6374 6380
f 6421 6380 6424
f 6424 6380 6376
f 6424 6376 6428
f 6428 6376 6373
f 6428 6373 6422
f 6385 6433 6409
f 6385 6409 6361
f 6363 6375 6399
f 6363 6399 6386
f 6411 6422 6373
f 6411 6373 6362
f 6445 6397 6374
f 6445 6374 6421
f 6387 6398 6447
f 6387 6447 6434
f 6435 6446 6423
f 6435 6423 6410
v 2.6142709 0.6020000 1.0150257
v 2.6153455 0.6000000 1.0167125
v 2.6136587 0.6020000 1.0177871
v 2.6144145 0.6010013 1.0152510
v 2.6135721 0.6020000 1.0157876
v 2.6137474 0.6010436 1.0159838
v 2.6145031 0.6002672 1.0172491
v 2.6148090 0.6002672 1.0158702
v 2.6140251 0.6005267 1.0164198
v 2.6133475 0.6020000 1.0168012
v 2.6138842 0.6010013 1.0176436
v 2.6135890 0.6010436 1.0166974
v 2.6164200 0.6000000 1.0183992
v 2.6174948 0.6020000 1.0200861
v 2.6147335 0.6020000 1.0194739
v 2.6169567 0.6002672 1.0192416
v 2.6155779 0.6002672 1.0189359
v 2.6161275 0.6005267 1.0197198
v 2.6165090 0.6020000 1.0203973
v 2.6173511 0.6010013 1.0198607
v 2.6164050 0.6010436 1.0201557
v 2.6149588 0.6010013 1.0193303
v 2.6154952 0.6020000 1.0201726
v 2.6156914 0.6010436 1.0199975
v 2.6142709 0.7980000 1.0150257
v 2.6136587 0.7980000 1.0177871
v 2.6153455 0.8000000 1.0167125
v 2.6135721 0.7980000 1.0157876
v 2.6144145 0.7989987 1.0152510
v 2.6137474 0.7989564 1.0159838
v 2.6138842 0.7989987 1.0176436
v 2.6133475 0.7980000 1.0168012
v 2.6135890 0.7989564 1.0166974
v 2.6148090 0.7997328 1.0158702
v 2.6145031 0.7997328 1.0172491
v 2.6140251 0.7994733 1.0164198
v 2.6174948 0.7980000 1.0200861
v 2.6164200 0.8000000 1.0183992
v 2.6147335 0.7980000 1.0194739
v 2.6173511 0.7989987 1.0198607
v 2.6165090 0.7980000 1.0203973
v 2.6164050 0.7989564 1.0201557
v 2.6155779 0.7997328 1.0189359
v 2.6169567 0.7997328 1.0192416
v 2.6161275 0.7994733 1.0197198
v 2.6154952 0.7980000 1.0201726
v 2.6149588 0.7989987 1.0193303
v 2.6156914 0.7989564 1.0199975
v 2.7387569 0.6020000 0.9357194
v 2.7415183 0.6020000 0.9363315
v 2.7398317 0.6000000 0.9374061
v 2.7397428 0.6020000 0.9354081
v 2.7389007 0.6010013 0.9359447
v 2.7398467 0.6010436 0.9356497
v 2.7412930 0.6010013 0.9364751
v 2.7407565 0.6020000 0.9356328
v 2.7405603 0.6010436 0.9358079
v 2.7392950 0.6002672 0.9365638
v 2.7406738 0.6002672 0.9368696
v 2.7401242 0.6005267 0.9360856
v 2.7419808 0.6020000 0.9407797
v 2.7409062 0.6000000 0.9390929
v 2.7425931 0.6020000 0.9380183
v 2.7418373 0.6010013 0.9405544
v 2.7426796 0.6020000 0.9400178
v 2.7425044 0.6010436 0.9398215
v 2.7417486 0.6002672 0.9385563
v 2.7414427 0.6002672 0.9399352
v 2.7422266 0.6005267 0.9393857
v 2.7429042 0.6020000 0.9390042
v 2.7423675 0.6010013 0.9381619
v 2.7426627 0.6010436 0.9391080
v 2.7387569 0.7980000 0.9357194
v 2.7398317 0.8000000 0.9374061
v 2.7415183 0.7980000 0.9363315
v 2.7389007 0.7989987 0.9359447
v 2.7397428 0.7980000 0.9354081
v 2.7398467 0.7989564 0.9356497
v 2.7406738 0.7997328 0.9368696
v 2.7392950 0.7997328 0.9365638
v 2.7401242 0.7994733 0.9360856
v 2.7407565 0.7980000 0.9356328
v 2.7412930 0.7989987 0.9364751
v 2.7405603 0.7989564 0.9358079
v 2.7419808 0.7980000 0.9407797
v 2.7425931 0.7980000 0.9380183
v 2.7409062 0.8000000 0.9390929
v 2.7426796 0.7980000 0.9400178
v 2.7418373 0.7989987 0.9405544
v 2.7425044 0.7989564 0.9398215
v 2.7423675 0.7989987 0.9381619
v 2.7429042 0.7980000 0.9390042
v 2.7426627 0.7989564 0.9391080
v 2.7414427 0.7997328 0.9399352
v 2.7417486 0.7997328 0.9385563
v 2.7422266 0.7994733 0.9393857
f 6457 6460 6462
f 6457 6462 6461
f 6460 6464 6465
f 6460 6465 6462
f 6458 6463 6465
f 6458 6465 6464
f 6463 6467 6468
f 6463 6468 6465
f 6459 6466 6468
f 6459 6468 6467
f 6466 6461 6462
f 6466 6462 6468
f 6462 6465 6468
f 6469 6472 6474
f 6469 6474 6473
f 6472 6476 6477
f 6472 6477 6474
f 6470 6475 6477
f 6470 6477 6476
f 6475 6479 6480
f 6475 6480 6477
f 6471 6478 6480
f 6471 6480 6479
f 6478 6473 6474
f 6478 6474 6480
f 6474 6477 6480
f 6481 6484 6486
f 6481 6486 6485
f 6484 6488 6489
f 6484 6489 6486
f 6482 6487 6489
f 6482 6489 6488
f 6487 6491 6492
f 6487 6492 6489
f 6483 6490 6492
f 6483 6492 6491
f 6490 6485 6486
f 6490 6486 6492
f 6486 6489 6492
f 6493 6496 6498
f 6493 6498 6497
f 6496 6500 6501
f 6496 6501 6498
f 6494 6499 6501
f 6494 6501 6500
f 6499 6503 6504
f 6499 6504 6501
f 6495 6502 6504
f 6495 6504 6503
f 6502 6497 6498
f 6502 6498 6504
f 6498 6501 6504
f 6505 6508 6510
f 6505 6510 6509
f 6508 6512 6513
f 6508 6513 6510
f 6506 6511 6513
f 6506 6513 6512
f 6511 6515 6516
f 6511 6516 6513
f 6507 6514 6516
f 6507 6516 6515
f 6514 6509 6510
f 6514 6510 6516
f 6510 6513 6516
f 6517 6520 6522
f 6517 6522 6521
f 6520 6524 6525
f 6520 6525 6522
f 6518 6523 6525
f 6518 6525 6524
f 6523 6527 6528
f 6523 6528 6525
f 6519 6526 6528
f 6519 6528 6527
f 6526 6521 6522
f 6526 6522 6528
f 6522 6525 6528
f 6529 6532 6534
f 6529 6534 6533
f 6532 6536 6537
f 6532 6537 6534
f 6530 6535 6537
f 6530 6537 6536
f 6535 6539 6540
f 6535 6540 6537
f 6531 6538 6540
f 6531 6540 6539
f 6538 6533 6534
f 6538 6534 6540
f 6534 6537 6540
f 6541 6544 6546
f 6541 6546 6545
f 6544 6548 6549
f 6544 6549 6546
f 6542 6547 6549
f 6542 6549 6548
f 6547 6551 6552
f 6547 6552 6549
f 6543 6550 6552
f 6543 6552 6551
f 6550 6545 6546
f 6550 6546 6552
f 6546 6549 6552
f 6481 6457 6461
f 6481 6461 6484
f 6484 6461 6466
f 6484 6466 6488
f 6488 6466 6459
f 6488 6459 6482
f 6458 6469 6473
f 6458 6473 6463
f 6463 6473 6478
f 6463 6478 6467
f 6467 6478 6471
f 6467 6471 6459
f 6470 6493 6497
f 6470 6497 6475
f 6475 6497 6502
f 6475 6502 6479
f 6479 6502 6495
f 6479 6495 6471
f 6494 6483 6491
f 6494 6491 6499
f 6499 6491 6487
f 6499 6487 6503
f 6503 6487 6482
f 6503 6482 6495
f 6529 6481 6485
f 6529 6485 6532
f 6532 6485 6490
f 6532 6490 6536
f 6536 6490 6483
f 6536 6483 6530
f 6493 6541 6545
f 6493 6545 6496
f 6496 6545 6550
f 6496 6550 6500
f 6500 6550 6543
f 6500 6543 6494
f 6542 6531 6539
f 6542 6539 6547
f 6547 6539 6535
f 6547 6535 6551
f 6551 6535 6530
f 6551 6530 6543
f 6505 6529 6533
f 6505 6533 6508
f 6508 6533 6538
f 6508 6538 6512
f 6512 6538 6531
f 6512 6531 6506
f 6541 6517 6521
f 6541 6521 6544
f 6544 6521 6526
f 6544 6526 6548
f 6548 6526 6519
f 6548 6519 6542
f 6518 6507 6515
f 6518 6515 6523
f 6523 6515 6511
f 6523 6511 6527
f 6527 6511 6506
f 6527 6506 6519
f 6457 6505 6509
f 6457 6509 6460
f 6460 6509 6514
f 6460 6514 6464
f 6464 6514 6507
f 6464 6507 6458
f 6517 6470 6476
f 6517 6476 6520
f 6520 6476 6472
f 6520 6472 6524
f 6524 6472 6469
f 6524 6469 6518
f 6481 6529 6505
f 6481 6505 6457
f 6459 6471 6495
f 6459 6495 6482
f 6507 6518 6469
f 6507 6469 6458
f 6541 6493 6470
f 6541 6470 6517
f 6483 6494 6543
f 6483 6543 6530
f 6531 6542 6519
f 6531 6519 6506
v 2.4813910 0.6020000 1.0612451
v 2.4820588 0.6000000 1.0631304
v 2.4801733 0.6020000 1.0637980
v 2.4814801 0.6010013 1.0614970
v 2.4805388 0.6020000 1.0618303
v 2.4806652 0.6010436 1.0620608
v 2.4811172 0.6002672 1.0634637
v 2.4817252 0.6002672 1.0621890
v 2.4808378 0.6005267 1.0625480
v 2.4800918 0.6020000 1.0627674
v 2.4804254 0.6010013 1.0637088
v 2.4803507 0.6010436 1.0627205
v 2.4827263 0.6000000 1.0650157
v 2.4833939 0.6020000 1.0669010
v 2.4808409 0.6020000 1.0656832
v 2.4830596 0.6002672 1.0659571
v 2.4817848 0.6002672 1.0653490
v 2.4821439 0.6005267 1.0662365
v 2.4823632 0.6020000 1.0669824
v 2.4833047 0.6010013 1.0666491
v 2.4823165 0.6010436 1.0667237
v 2.4810929 0.6010013 1.0655941
v 2.4814262 0.6020000 1.0665355
v 2.4816568 0.6010436 1.0664090
v 2.4813910 0.7980000 1.0612451
v 2.4801733 0.7980000 1.0637980
v 2.4820588 0.8000000 1.0631304
v 2.4805388 0.7980000 1.0618303
v 2.4814801 0.7989987 1.0614970
v 2.4806652 0.7989564 1.0620608
v 2.4804254 0.7989987 1.0637088
v 2.4800918 0.7980000 1.0627674
v 2.4803507 0.7989564 1.0627205
v 2.4817252 0.7997328 1.0621890
v 2.4811172 0.7997328 1.0634637
v 2.4808378 0.7994733 1.0625480
v 2.4833939 0.7980000 1.0669010
v 2.4827263 0.8000000 1.0650157
v 2.4808409 0.7980000 1.0656832
v 2.4833047 0.7989987 1.0666491
v 2.4823632 0.7980000 1.0669824
v 2.4823165 0.7989564 1.0667237
v 2.4817848 0.7997328 1.0653490
v 2.4830596 0.7997328 1.0659571
v 2.4821439 0.7994733 1.0662365
v 2.4814262 0.7980000 1.0665355
v 2.4810929 0.7989987 1.0655941
v 2.4816568 0.7989564 1.0664090
v 2.6205266 0.6020000 1.0119746
v 2.6230795 0.6020000 1.0131923
v 2.6211941 0.6000000 1.0138599
v 2.6215572 0.6020000 1.0118932
v 2.6206157 0.6010013 1.0122265
v 2.6216040 0.6010436 1.0121518
v 2.6228275 0.6010013 1.0132815
v 2.6224942 0.6020000 1.0123401
v 2.6222637 0.6010436 1.0124665
v 2.6208608 0.6002672 1.0129185
v 2.6221356 0.6002672 1.0135266
v 2.6217766 0.6005267 1.0126390
v 2.6225295 0.6020000 1.0176305
v 2.6218617 0.6000000 1.0157452
v 2.6237471 0.6020000 1.0150776
v 2.6224403 0.6010013 1.0173786
v 2.6233816 0.6020000 1.0170453
v 2.6232553 0.6010436 1.0168147
v 2.6228032 0.6002672 1.0154119
v 2.6221952 0.6002672 1.0166866
v 2.6230826 0.6005267 1.0163275
v 2.6238286 0.6020000 1.0161082
v 2.6234951 0.6010013 1.0151668
v 2.6235697 0.6010436 1.0161550
v 2.6205266 0.7980000 1.0119746
v 2.6211941 0.8000000 1.0138599
v 2.6230795 0.7980000 1.0131923
v 2.6206157 0.7989987 1.0122265
v 2.6215572 0.7980000 1.0118932
v 2.6216040 0.7989564 1.0121518
v 2.6221356 0.7997328 1.0135266
v 2.6208608 0.7997328 1.0129185
v 2.6217766 0.7994733 1.0126390
v 2.6224942 0.7980000 1.0123401
v 2.6228275 0.7989987 1.0132815
v 2.6222637 0.7989564 1.0124665
v 2.6225295 0.7980000 1.0176305
v 2.6237471 0.7980000 1.0150776
v 2.6218617 0.8000000 1.0157452
v 2.6233816 0.7980000 1.0170453
v 2.6224403 0.7989987 1.0173786
v 2.6232553 0.7989564 1.0168147
v 2.6234951 0.7989987 1.0151668
v 2.6238286 0.7980000 1.0161082
v 2.6235697 0.7989564 1.0161550
v 2.6221952 0.7997328 1.0166866
v 2.6228032 0.7997328 1.0154119
v 2.6230826 0.7994733 1.0163275
f 6553 6556 6558
f 6553 6558 6557
f 6556 6560 6561
f 6556 6561 6558
f 6554 6559 6561
f 6554 6561 6560
f 6559 6563 6564
f 6559 6564 6561
f 6555 6562 6564
f 6555 6564 6563
f 6562 6557 6558
f 6562 6558 6564
f 6558 6561 6564
f 6565 6568 6570
f 6565 6570 6569
f 6568 6572 6573
f 6568 6573 6570
f 6566 6571 6573
f 6566 6573 6572
f 6571 6575 6576
f 6571 6576 6573
f 6567 6574 6576
f 6567 6576 6575
f 6574 6569 6570
f 6574 6570 6576
f 6570 6573 6576
f 6577 6580 6582
f 6577 6582 6581
f 6580 6584 6585
f 6580 6585 6582
f 6578 6583 6585
f 6578 6585 6584
f 6583 6587 6588
f 6583 6588 6585
f 6579 6586 6588
f 6579 6588 6587
f 6586 6581 6582
f 6586 6582 6588
f 6582 6585 6588
f 6589 6592 6594
f 6589 6594 6593
f 6592 6596 6597
f 6592 6597 6594
f 6590 6595 6597
f 6590 6597 6596
f 6595 6599 6600
f 6595 6600 6597
f 6591 6598 6600
f 6591 6600 6599
f 6598 6593 6594
f 6598 6594 6600
f 6594 6597 6600
f 6601 6604 6606
f 6601 6606 6605
f 6604 6608 6609
f 6604 6609 6606
f 6602 6607 6609
f 6602 6609 6608
f 6607 6611 6612
f 6607 6612 6609
f 6603 6610 6612
f 6603 6612 6611
f 6610 6605 6606
f 6610 6606 6612
f 6606 6609 6612
f 6613 6616 6618
f 6613 6618 6617
f 6616 6620 6621
f 6616 6621 6618
f 6614 6619 6621
f 6614 6621 6620
f 6619 6623 6624
f 6619 6624 6621
f 6615 6622 6624
f 6615 6624 6623
f 6622 6617 6618
f 6622 6618 6624
f 6618 6621 6624
f 6625 6628 6630
f 6625 6630 6629
f 6628 6632 6633
f 6628 6633 6630
f 6626 6631 6633
f 6626 6633 6632
f 6631 6635 6636
f 6631 6636 6633
f 6627 6634 6636
f 6627 6636 6635
f 6634 6629 6630
f 6634 6630 6636
f 6630 6633 6636
f 6637 6640 6642
f 6637 6642 6641
f 6640 6644 6645
f 6640 6645 6642
f 6638 6643 6645
f 6638 6645 6644
f 6643 6647 6648
f 6643 6648 6645
f 6639 6646 6648
f 6639 6648 6647
f 6646 6641 6642
f 6646 6642 6648
f 6642 6645 6648
f 6577 6553 6557
f 6577 6557 6580
f 6580 6557 6562
f 6580 6562 6584
f 6584 6562 6555
f 6584 6555 6578
f 6554 6565 6569
f 6554 6569 6559
f 6559 6569 6574
f 6559 6574 6563
f 6563 6574 6567
f 6563 6567 6555
f 6566 6589 6593
f 6566 6593 6571
f 6571 6593 6598
f 6571 6598 6575
f 6575 6598 6591
f 6575 6591 6567
f 6590 6579 6587
f 6590 6587 6595
f 6595 6587 6583
f 6595 6583 6599
f 6599 6583 6578
f 6599 6578 6591
f 6625 6577 6581
f 6625 6581 6628
f 6628 6581 6586
f 6628 6586 6632
f 6632 6586 6579
f 6632 6579 6626
f 6589 6637 6641
f 6589 6641 6592
f 6592 6641 6646
f 6592 6646 6596
f 6596 6646 6639
f 6596 6639 6590
f 6638 6627 6635
f 6638 6635 6643
f 6643 6635 6631
f 6643 6631 6647
f 6647 6631 6626
f 6647 6626 6639
f 6601 6625 6629
f 6601 6629 6604
f 6604 6629 6634
f 6604 6634 6608
f 6608 6634 6627
f 6608 6627 6602
f 6637 6613 6617
f 6637 6617 6640
f 6640 6617 6622
f 6640 6622 6644
f 6644 6622 6615
f 6644 6615 6638
f 6614 6603 6611
f 6614 6611 6619
f 6619 6611 6607
f 6619 6607 6623
f 6623 6607 6602
f 6623 6602 6615
f 6553 6601 6605
f 6553 6605 6556
f 6556 6605 6610
f 6556 6610 6560
f 6560 6610 6603
f 6560 6603 6554
f 6613 6566 6572
f 6613 6572 6616
f 6616 6572 6568
f 6616 6568 6620
f 6620 6568 6565
f 6620 6565 6614
f 6577 6625 6601
f 6577 6601 6553
f 6555 6567 6591
f 6555 6591 6578
f 6603 6614 6565
f 6603 6565 6554
f 6637 6589 6566
f 6637 6566 6613
f 6579 6590 6639
f 6579 6639 6626
f 6627 6638 6615
f 6627 6615 6602
v 2.3415198 0.6020000 1.0763884
v 2.3417463 0.6000000 1.0783755
v 2.3397591 0.6020000 1.0786018
v 2.3415501 0.6010013 1.0766538
v 2.3405578 0.6020000 1.0767668
v 2.3406291 0.6010436 1.0770199
v 2.3407540 0.6002672 1.0784885
v 2.3416331 0.6002672 1.0773832
v 2.3406878 0.6005267 1.0775335
v 2.3399115 0.6020000 1.0775794
v 2.3400245 0.6010013 1.0785716
v 2.3401742 0.6010436 1.0775919
v 2.3419726 0.6000000 1.0803626
v 2.3421991 0.6020000 1.0823498
v 2.3399856 0.6020000 1.0805891
v 2.3420856 0.6002672 1.0813549
v 2.3409803 0.6002672 1.0804757
v 2.3411307 0.6005267 1.0814211
v 2.3411765 0.6020000 1.0821973
v 2.3421688 0.6010013 1.0820843
v 2.3411891 0.6010436 1.0819347
v 2.3402510 0.6010013 1.0805588
v 2.3403640 0.6020000 1.0815511
v 2.3406172 0.6010436 1.0814797
v 2.3415198 0.7980000 1.0763884
v 2.3397591 0.7980000 1.0786018
v 2.3417463 0.8000000 1.0783755
v 2.3405578 0.7980000 1.0767668
v 2.3415501 0.7989987 1.0766538
v 2.3406291 0.7989564 1.0770199
v 2.3400245 0.7989987 1.0785716
v 2.3399115 0.7980000 1.0775794
v 2.3401742 0.7989564 1.0775919
v 2.3416331 0.7997328 1.0773832
v 2.3407540 0.7997328 1.0784885
v 2.3406878 0.7994733 1.0775335
v 2.3421991 0.7980000 1.0823498
v 2.3419726 0.8000000 1.0803626
v 2.3399856 0.7980000 1.0805891
v 2.3421688 0.7989987 1.0820843
v 2.3411765 0.7980000 1.0821973
v 2.3411891 0.7989564 1.0819347
v 2.3409803 0.7997328 1.0804757
v 2.3420856 0.7997328 1.0813549
v 2.3411307 0.7994733 1.0814211
v 2.3403640 0.7980000 1.0815511
v 2.3402510 0.7989987 1.0805588
v 2.3406172 0.7989564 1.0814797
v 2.4881728 0.6020000 1.0596793
v 2.4903862 0.6020000 1.0614400
v 2.4883993 0.6000000 1.0616665
v 2.4891953 0.6020000 1.0598317
v 2.4882030 0.6010013 1.0599447
v 2.4891827 0.6010436 1.0600944
v 2.4901209 0.6010013 1.0614703
v 2.4900079 0.6020000 1.0604780
v 2.4897547 0.6010436 1.0605494
v 2.4882863 0.6002672 1.0606742
v 2.4893916 0.6002672 1.0615534
v 2.4892411 0.6005267 1.0606079
v 2.4888520 0.6020000 1.0656407
v 2.4886255 0.6000000 1.0636536
v 2.4906127 0.6020000 1.0634272
v 2.4888217 0.6010013 1.0653752
v 2.4898140 0.6020000 1.0652622
v 2.4897428 0.6010436 1.0650091
v 2.4896178 0.6002672 1.0635406
v 2.4887388 0.6002672 1.0646459
v 2.4896841 0.6005267 1.0644956
v 2.4904604 0.6020000 1.0644497
v 2.4903474 0.6010013 1.0634575
v 2.4901977 0.6010436 1.0644372
v 2.4881728 0.7980000 1.0596793
v 2.4883993 0.8000000 1.0616665
v 2.4903862 0.7980000 1.0614400
v 2.4882030 0.7989987 1.0599447
v 2.4891953 0.7980000 1.0598317
v 2.4891827 0.7989564 1.0600944
v 2.4893916 0.7997328 1.0615534
v 2.4882863 0.7997328 1.0606742
v 2.4892411 0.7994733 1.0606079
v 2.4900079 0.7980000 1.0604780
v 2.4901209 0.7989987 1.0614703
v 2.4897547 0.7989564 1.0605494
v 2.4888520 0.7980000 1.0656407
v 2.4906127 0.7980000 1.0634272
v 2.4886255 0.8000000 1.0636536
v 2.4898140 0.7980000 1.0652622
v 2.4888217 0.7989987 1.0653752
v 2.4897428 0.7989564 1.0650091
v 2.4903474 0.7989987 1.0634575
v 2.4904604 0.7980000 1.0644497
v 2.4901977 0.7989564 1.0644372
v 2.4887388 0.7997328 1.0646459
v 2.4896178 0.7997328 1.0635406
v 2.4896841 0.7994733 1.0644956
f 6649 6652 6654
f 6649 6654 6653
f 6652 6656 6657
f 6652 6657 6654
f 6650 6655 6657
f 6650 6657 6656
f 6655 6659 6660
f 6655 6660 6657
f 6651 6658 6660
f 6651 6660 6659
f 6658 6653 6654
f 6658 6654 6660
f 6654 6657 6660
f 6661 6664 6666
f 6661 6666 6665
f 6664 6668 6669
f 6664 6669 6666
f 6662 6667 6669
f 6662 6669 6668
f 6667 6671 6672
f 6667 6672 6669
f 6663 6670 6672
f 6663 6672 6671
f 6670 6665 6666
f 6670 6666 6672
f 6666 6669 6672
f 6673 6676 6678
f 6673 6678 6677
f 6676 6680 6681
f 6676 6681 6678
f 6674 6679 6681
f 6674 6681 6680
f 6679 6683 6684
f 6679 6684 6681
f 6675 6682 6684
f 6675 6684 6683
f 6682 6677 6678
f 6682 6678 6684
f 6678 6681 6684
f 6685 6688 6690
f 6685 6690 6689
f 6688 6692 6693
f 6688 6693 6690
f 6686 6691 6693
f 6686 6693 6692
f 6691 6695 6696
f 6691 6696 6693
f 6687 6694 6696
f 6687 6696 6695
f 6694 6689 6690
f 6694 6690 6696
f 6690 6693 6696
f 6697 6700 6702
f 6697 6702 6701
f 6700 6704 6705
f 6700 6705 6702
f 6698 6703 6705
f 6698 6705 6704
f 6703 6707 6708
f 6703 6708 6705
f 6699 6706 6708
f 6699 6708 6707
f 6706 6701 6702
f 6706 6702 6708
f 6702 6705 6708
f 6709 6712 6714
f 6709 6714 6713
f 6712 6716 6717
f 6712 6717 6714
f 6710 6715 6717
f 6710 6717 6716
f 6715 6719 6720
f 6715 6720 6717
f 6711 6718 6720
f 6711 6720 6719
f 6718 6713 6714
f 6718 6714 6720
f 6714 6717 6720
f 6721 6724 6726
f 6721 6726 6725
f 6724 6728 6729
f 6724 6729 6726
f 6722 6727 6729
f 6722 6729 6728
f 6727 6731 6732
f 6727 6732 6729
f 6723 6730 6732
f 6723 6732 6731
f 6730 6725 6726
f 6730 6726 6732
f 6726 6729 6732
f 6733 6736 6738
f 6733 6738 6737
f 6736 6740 6741
f 6736 6741 6738
f 6734 6739 6741
f 6734 6741 6740
f 6739 6743 6744
f 6739 6744 6741
f 6735 6742 6744
f 6735 6744 6743
f 6742 6737 6738
f 6742 6738 6744
f 6738 6741 6744
f 6673 6649 6653
f 6673 6653 6676
f 6676 6653 6658
f 6676 6658 6680
f 6680 6658 6651
f 6680 6651 6674
f 6650 6661 6665
f 6650 6665 6655
f 6655 6665 6670
f 6655 6670 6659
f 6659 6670 6663
f 6659 6663 6651
f 6662 6685 6689
f 6662 6689 6667
f 6667 6689 6694
f 6667 6694 6671
f 6671 6694 6687
f 6671 6687 6663
f 6686 6675 6683
f 6686 6683 6691
f 6691 6683 6679
f 6691 6679 6695
f 6695 6679 6674
f 6695 6674 6687
f 6721 6673 6677
f 6721 6677 6724
f 6724 6677 6682
f 6724 6682 6728
f 6728 6682 6675
f 6728 6675 6722
f 6685 6733 6737
f 6685 6737 6688
f 6688 6737 6742
f 6688 6742 6692
f 6692 6742 6735
f 6692 6735 6686
f 6734 6723 6731
f 6734 6731 6739
f 6739 6731 6727
f 6739 6727 6743
f 6743 6727 6722
f 6743 6722 6735
f 6697 6721 6725
f 6697 6725 6700
f 6700 6725 6730
f 6700 6730 6704
f 6704 6730 6723
f 6704 6723 6698
f 6733 6709 6713
f 6733 6713 6736
f 6736 6713 6718
f 6736 6718 6740
f 6740 6718 6711
f 6740 6711 6734
f 6710 6699 6707
f 6710 6707 6715
f 6715 6707 6703
f 6715 6703 6719
f 6719 6703 6698
f 6719 6698 6711
f 6649 6697 6701
f 6649 6701 6652
f 6652 6701 6706
f 6652 6706 6656
f 6656 6706 6699
f 6656 6699 6650
f 6709 6662 6668
f 6709 6668 6712
f 6712 6668 6664
f 6712 6664 6716
f 6716 6664 6661
f 6716 6661 6710
f 6673 6721 6697
f 6673 6697 6649
f 6651 6663 6687
f 6651 6687 6674
f 6699 6710 6661
f 6699 6661 6650
f 6733 6685 6662
f 6733 6662 6709
f 6675 6686 6735
f 6675 6735 6722
f 6723 6734 6711
f 6723 6711 6698
v 2.2018270 0.6020000 1.0596793
v 2.2016006 0.6000000 1.0616665
v 2.1996136 0.6020000 1.0614400
v 2.2017968 0.6010013 1.0599447
v 2.2008045 0.6020000 1.0598317
v 2.2008171 0.6010436 1.0600944
v 2.2006083 0.6002672 1.0615534
v 2.2017136 0.6002672 1.0606742
v 2.2007587 0.6005267 1.0606079
v 2.1999919 0.6020000 1.0604780
v 2.1998789 0.6010013 1.0614703
v 2.2002451 0.6010436 1.0605494
v 2.2013743 0.6000000 1.0636536
v 2.2011478 0.6020000 1.0656407
v 2.1993871 0.6020000 1.0634272
v 2.2012610 0.6002672 1.0646459
v 2.2003820 0.6002672 1.0635406
v 2.2003157 0.6005267 1.0644956
v 2.2001858 0.6020000 1.0652622
v 2.2011781 0.6010013 1.0653752
v 2.2002571 0.6010436 1.0650091
v 2.1996524 0.6010013 1.0634575
v 2.1995394 0.6020000 1.0644497
v 2.1998022 0.6010436 1.0644372
v 2.2018270 0.7980000 1.0596793
v 2.1996136 0.7980000 1.0614400
v 2.2016006 0.8000000 1.0616665
v 2.2008045 0.7980000 1.0598317
v 2.2017968 0.7989987 1.0599447
v 2.2008171 0.7989564 1.0600944
v 2.1998789 0.7989987 1.0614703
v 2.1999919 0.7980000 1.0604780
v 2.2002451 0.7989564 1.0605494
v 2.2017136 0.7997328 1.0606742
v 2.2006083 0.7997328 1.0615534
v 2.2007587 0.7994733 1.0606079
v 2.2011478 0.7980000 1.0656407
v 2.2013743 0.8000000 1.0636536
v 2.1993871 0.7980000 1.0634272
v 2.2011781 0.7989987 1.0653752
v 2.2001858 0.7980000 1.0652622
v 2.2002571 0.7989564 1.0650091
v 2.2003820 0.7997328 1.0635406
v 2.2012610 0.7997328 1.0646459
v 2.2003157 0.7994733 1.0644956
v 2.1995394 0.7980000 1.0644497
v 2.1996524 0.7989987 1.0634575
v 2.1998022 0.7989564 1.0644372
v 2.3484800 0.6020000 1.0763884
v 2.3502407 0.6020000 1.0786018
v 2.3482535 0.6000000 1.0783755
v 2.3494420 0.6020000 1.0767668
v 2.3484497 0.6010013 1.0766538
v 2.3493707 0.6010436 1.0770199
v 2.3499753 0.6010013 1.0785716
v 2.3500884 0.6020000 1.0775794
v 2.3498256 0.6010436 1.0775919
v 2.3483667 0.6002672 1.0773832
v 2.3492458 0.6002672 1.0784885
v 2.3493121 0.6005267 1.0775335
v 2.3478007 0.6020000 1.0823498
v 2.3480272 0.6000000 1.0803626
v 2.3500142 0.6020000 1.0805891
v 2.3478310 0.6010013 1.0820843
v 2.3488233 0.6020000 1.0821973
v 2.3488107 0.6010436 1.0819347
v 2.3490195 0.6002672 1.0804757
v 2.3479142 0.6002672 1.0813549
v 2.3488691 0.6005267 1.0814211
v 2.3496358 0.6020000 1.0815511
v 2.3497488 0.6010013 1.0805588
v 2.3493826 0.6010436 1.0814797
v 2.3484800 0.7980000 1.0763884
v 2.3482535 0.8000000 1.0783755
v 2.3502407 0.7980000 1.0786018
v 2.3484497 0.7989987 1.0766538
v 2.3494420 0.7980000 1.0767668
v 2.3493707 0.7989564 1.0770199
v 2.3492458 0.7997328 1.0784885
v 2.3483667 0.7997328 1.0773832
v 2.3493121 0.7994733 1.0775335
v 2.3500884 0.7980000 1.0775794
v 2.3499753 0.7989987 1.0785716
v 2.3498256 0.7989564 1.0775919
v 2.3478007 0.7980000 1.0823498
v 2.3500142 0.7980000 1.0805891
v 2.3480272 0.8000000 1.0803626
v 2.3488233 0.7980000 1.0821973
v 2.3478310 0.7989987 1.0820843
v 2.3488107 0.7989564 1.0819347
v 2.3497488 0.7989987 1.0805588
v 2.3496358 0.7980000 1.0815511
v 2.3493826 0.7989564 1.0814797
v 2.3479142 0.7997328 1.0813549
v 2.3490195 0.7997328 1.0804757
v 2.3488691 0.7994733 1.0814211
f 6745 6748 6750
f 6745 6750 6749
f 6748 6752 6753
f 6748 6753 6750
f 6746 6751 6753
f 6746 6753 6752
f 6751 6755 6756
f 6751 6756 6753
f 6747 6754 6756
f 6747 6756 6755
f 6754 6749 6750
f 6754 6750 6756
f 6750 6753 6756
f 6757 6760 6762
f 6757 6762 6761
f 6760 6764 6765
f 6760 6765 6762
f 6758 6763 6765
f 6758 6765 6764
f 6763 6767 6768
f 6763 6768 6765
f 6759 6766 6768
f 6759 6768 6767
f 6766 6761 6762
f 6766 6762 6768
f 6762 6765 6768
f 6769 6772 6774
f 6769 6774 6773
f 6772 6776 6777
f 6772 6777 6774
f 6770 6775 6777
f 6770 6777 6776
f 6775 6779 6780
f 6775 6780 6777
f 6771 6778 6780
f 6771 6780 6779
f 6778 6773 6774
f 6778 6774 6780
f 6774 6777 6780
f 6781 6784 6786
f 6781 6786 6785
f 6784 6788 6789
f 6784 6789 6786
f 6782 6787 6789
f 6782 6789 6788
f 6787 6791 6792
f 6787 6792 6789
f 6783 6790 6792
f 6783 6792 6791
f 6790 6785 6786
f 6790 6786 6792
f 6786 6789 6792
f 6793 6796 6798
f 6793 6798 6797
f 6796 6800 6801
f 6796 6801 6798
f 6794 6799 6801
f 6794 6801 6800
f 6799 6803 6804
f 6799 6804 6801
f 6795 6802 6804
f 6795 6804 6803
f 6802 6797 6798
f 6802 6798 6804
f 6798 6801 6804
f 6805 6808 6810
f 6805 6810 6809
f 6808 6812 6813
f 6808 6813 6810
f 6806 6811 6813
f 6806 6813 6812
f 6811 6815 6816
f 6811 6816 6813
f 6807 6814 6816
f 6807 6816 6815
f 6814 6809 6810
f 6814 6810 6816
f 6810 6813 6816
f 6817 6820 6822
f 6817 6822 6821
f 6820 6824 6825
f 6820 6825 6822
f 6818 6823 6825
f 6818 6825 6824
f 6823 6827 6828
f 6823 6828 6825
f 6819 6826 6828
f 6819 6828 6827
f 6826 6821 6822
f 6826 6822 6828
f 6822 6825 6828
f 6829 6832 6834
f 6829 6834 6833
f 6832 6836 6837
f 6832 6837 6834
f 6830 6835 6837
f 6830 6837 6836
f 6835 6839 6840
f 6835 6840 6837
f 6831 6838 6840
f 6831 6840 6839
f 6838 6833 6834
f 6838 6834 6840
f 6834 6837 6840
f 6769 6745 6749
f 6769 6749 6772
f 6772 6749 6754
f 6772 6754 6776
f 6776 6754 6747
f 6776 6747 6770
f 6746 6757 6761
f 6746 6761 6751
f 6751 6761 6766
f 6751 6766 6755
f 6755 6766 6759
f 6755 6759 6747
f 6758 6781 6785
f 6758 6785 6763
f 6763 6785 6790
f 6763 6790 6767
f 6767 6790 6783
f 6767 6783 6759
f 6782 6771 6779
f 6782 6779 6787
f 6787 6779 6775
f 6787 6775 6791
f 6791 6775 6770
f 6791 6770 6783
f 6817 6769 6773
f 6817 6773 6820
f 6820 6773 6778
f 6820 6778 6824
f 6824 6778 6771
f 6824 6771 6818
f 6781 6829 6833
f 6781 6833 6784
f 6784 6833 6838
f 6784 6838 6788
f 6788 6838 6831
f 6788 6831 6782
f 6830 6819 6827
f 6830 6827 6835
f 6835 6827 6823
f 6835 6823 6839
f 6839 6823 6818
f 6839 6818 6831
f 6793 6817 6821
f 6793 6821 6796
f 6796 6821 6826
f 6796 6826 6800
f 6800 6826 6819
f 6800 6819 6794
f 6829 6805 6809
f 6829 6809 6832
f 6832 6809 6814
f 6832 6814 6836
f 6836 6814 6807
f 6836 6807 6830
f 6806 6795 6803
f 6806 6803 6811
f 6811 6803 6799
f 6811 6799 6815
f 6815 6799 6794
f 6815 6794 6807
f 6745 6793 6797
f 6745 6797 6748
f 6748 6797 6802
f 6748 6802 6752
f 6752 6802 6795
f 6752 6795 6746
f 6805 6758 6764
f 6805 6764 6808
f 6808 6764 6760
f 6808 6760 6812
f 6812 6760 6757
f 6812 6757 6806
f 6769 6817 6793
f 6769 6793 6745
f 6747 6759 6783
f 6747 6783 6770
f 6795 6806 6757
f 6795 6757 6746
f 6829 6781 6758
f 6829 6758 6805
f 6771 6782 6831
f 6771 6831 6818
f 6819 6830 6807
f 6819 6807 6794
v 2.0694735 0.6020000 1.0119746
v 2.0688059 0.6000000 1.0138599
v 2.0669205 0.6020000 1.0131923
v 2.0693843 0.6010013 1.0122265
v 2.0684428 0.6020000 1.0118932
v 2.0683961 0.6010436 1.0121518
v 2.0678644 0.6002672 1.0135266
v 2.0691392 0.6002672 1.0129185
v 2.0682235 0.6005267 1.0126390
v 2.0675058 0.6020000 1.0123401
v 2.0671725 0.6010013 1.0132815
v 2.0677364 0.6010436 1.0124665
v 2.0681384 0.6000000 1.0157452
v 2.0674706 0.6020000 1.0176305
v 2.0662529 0.6020000 1.0150776
v 2.0678048 0.6002672 1.0166866
v 2.0671968 0.6002672 1.0154119
v 2.0669174 0.6005267 1.0163275
v 2.0666184 0.6020000 1.0170453
v 2.0675597 0.6010013 1.0173786
v 2.0667448 0.6010436 1.0168147
v 2.0665050 0.6010013 1.0151668
v 2.0661714 0.6020000 1.0161082
v 2.0664303 0.6010436 1.0161550
v 2.0694735 0.7980000 1.0119746
v 2.0669205 0.7980000 1.0131923
v 2.0688059 0.8000000 1.0138599
v 2.0684428 0.7980000 1.0118932
v 2.0693843 0.7989987 1.0122265
v 2.0683961 0.7989564 1.0121518
v 2.0671725 0.7989987 1.0132815
v 2.0675058 0.7980000 1.0123401
v 2.0677364 0.7989564 1.0124665
v 2.0691392 0.7997328 1.0129185
v 2.0678644 0.7997328 1.0135266
v 2.0682235 0.7994733 1.0126390
v 2.0674706 0.7980000 1.0176305
v 2.0681384 0.8000000 1.0157452
v 2.0662529 0.7980000 1.0150776
v 2.0675597 0.7989987 1.0173786
v 2.0666184 0.7980000 1.0170453
v 2.0667448 0.7989564 1.0168147
v 2.0671968 0.7997328 1.0154119
v 2.0678048 0.7997328 1.0166866
v 2.0669174 0.7994733 1.0163275
v 2.0661714 0.7980000 1.0161082
v 2.0665050 0.7989987 1.0151668
v 2.0664303 0.7989564 1.0161550
v 2.2086091 0.6020000 1.0612451
v 2.2098267 0.6020000 1.0637980
v 2.2079413 0.6000000 1.0631304
v 2.2094612 0.6020000 1.0618303
v 2.2085199 0.6010013 1.0614970
v 2.2093349 0.6010436 1.0620608
v 2.2095747 0.6010013 1.0637088
v 2.2099082 0.6020000 1.0627674
v 2.2096493 0.6010436 1.0627205
v 2.2082748 0.6002672 1.0621890
v 2.2088828 0.6002672 1.0634637
v 2.2091622 0.6005267 1.0625480
v 2.2066061 0.6020000 1.0669010
v 2.2072737 0.6000000 1.0650157
v 2.2091591 0.6020000 1.0656832
v 2.2066953 0.6010013 1.0666491
v 2.2076368 0.6020000 1.0669824
v 2.2076836 0.6010436 1.0667237
v 2.2082152 0.6002672 1.0653490
v 2.2069404 0.6002672 1.0659571
v 2.2078562 0.6005267 1.0662365
v 2.2085738 0.6020000 1.0665355
v 2.2089071 0.6010013 1.0655941
v 2.2083433 0.6010436 1.0664090
v 2.2086091 0.7980000 1.0612451
v 2.2079413 0.8000000 1.0631304
v 2.2098267 0.7980000 1.0637980
v 2.2085199 0.7989987 1.0614970
v 2.2094612 0.7980000 1.0618303
v 2.2093349 0.7989564 1.0620608
v 2.2088828 0.7997328 1.0634637
v 2.2082748 0.7997328 1.0621890
v 2.2091622 0.7994733 1.0625480
v 2.2099082 0.7980000 1.0627674
v 2.2095747 0.7989987 1.0637088
v 2.2096493 0.7989564 1.0627205
v 2.2066061 0.7980000 1.0669010
v 2.2091591 0.7980000 1.0656832
v 2.2072737 0.8000000 1.0650157
v 2.2076368 0.7980000 1.0669824
v 2.2066953 0.7989987 1.0666491
v 2.2076836 0.7989564 1.0667237
v 2.2089071 0.7989987 1.0655941
v 2.2085738 0.7980000 1.0665355
v 2.2083433 0.7989564 1.0664090
v 2.2069404 0.7997328 1.0659571
v 2.2082152 0.7997328 1.0653490
v 2.2078562 0.7994733 1.0662365
f 6841 6844 6846
f 6841 6846 6845
f 6844 6848 6849
f 6844 6849 6846
f 6842 6847 6849
f 6842 6849 6848
f 6847 6851 6852
f 6847 6852 6849
f 6843 6850 6852
f 6843 6852 6851
f 6850 6845 6846
f 6850 6846 6852
f 6846 6849 6852
f 6853 6856 6858
f 6853 6858 6857
f 6856 6860 6861
f 6856 6861 6858
f 6854 6859 6861
f 6854 6861 6860
f 6859 6863 6864
f 6859 6864 6861
f 6855 6862 6864
f 6855 6864 6863
f 6862 6857 6858
f 6862 6858 6864
f 6858 6861 6864
f 6865 6868 6870
f 6865 6870 6869
f 6868 6872 6873
f 6868 6873 6870
f 6866 6871 6873
f 6866 6873 6872
f 6871 6875 6876
f 6871 6876 6873
f 6867 6874 6876
f 6867 6876 6875
f 6874 6869 6870
f 6874 6870 6876
f 6870 6873 6876
f 6877 6880 6882
f 6877 6882 6881
f 6880 6884 6885
f 6880 6885 6882
f 6878 6883 6885
f 6878 6885 6884
f 6883 6887 6888
f 6883 6888 6885
f 6879 6886 6888
f 6879 6888 6887
f 6886 6881 6882
f 6886 6882 6888
f 6882 6885 6888
f 6889 6892 6894
f 6889 6894 6893
f 6892 6896 6897
f 6892 6897 6894
f 6890 6895 6897
f 6890 6897 6896
f 6895 6899 6900
f 6895 6900 6897
f 6891 6898 6900
f 6891 6900 6899
f 6898 6893 6894
f 6898 6894 6900
f 6894 6897 6900
f 6901 6904 6906
f 6901 6906 6905
f 6904 6908 6909
f 6904 6909 6906
f 6902 6907 6909
f 6902 6909 6908
f 6907 6911 6912
f 6907 6912 6909
f 6903 6910 6912
f 6903 6912 6911
f 6910 6905 6906
f 6910 6906 6912
f 6906 6909 6912
f 6913 6916 6918
f 6913 6918 6917
f 6916 6920 6921
f 6916 6921 6918
f 6914 6919 6921
f 6914 6921 6920
f 6919 6923 6924
f 6919 6924 6921
f 6915 6922 6924
f 6915 6924 6923
f 6922 6917 6918
f 6922 6918 6924
f 6918 6921 6924
f 6925 6928 6930
f 6925 6930 6929
f 6928 6932 6933
f 6928 6933 6930
f 6926 6931 6933
f 6926 6933 6932
f 6931 6935 6936
f 6931 6936 6933
f 6927 6934 6936
f 6927 6936 6935
f 6934 6929 6930
f 6934 6930 6936
f 6930 6933 6936
f 6865 6841 6845
f 6865 6845 6868
f 6868 6845 6850
f 6868 6850 6872
f 6872 6850 6843
f 6872 6843 6866
f 6842 6853 6857
f 6842 6857 6847
f 6847 6857 6862
f 6847 6862 6851
f 6851 6862 6855
f 6851 6855 6843
f 6854 6877 6881
f 6854 6881 6859
f 6859 6881 6886
f 6859 6886 6863
f 6863 6886 6879
f 6863 6879 6855
f 6878 6867 6875
f 6878 6875 6883
f 6883 6875 6871
f 6883 6871 6887
f 6887 6871 6866
f 6887 6866 6879
f 6913 6865 6869
f 6913 6869 6916
f 6916 6869 6874
f 6916 6874 6920
f 6920 6874 6867
f 6920 6867 6914
f 6877 6925 6929
f 6877 6929 6880
f 6880 6929 6934
f 6880 6934 6884
f 6884 6934 6927
f 6884 6927 6878
f 6926 6915 6923
f 6926 6923 6931
f 6931 6923 6919
f 6931 6919 6935
f 6935 6919 6914
f 6935 6914 6927
f 6889 6913 6917
f 6889 6917 6892
f 6892 6917 6922
f 6892 6922 6896
f 6896 6922 6915
f 6896 6915 6890
f 6925 6901 6905
f 6925 6905 6928
f 6928 6905 6910
f 6928 6910 6932
f 6932 6910 6903
f 6932 6903 6926
f 6902 6891 6899
f 6902 6899 6907
f 6907 6899 6895
f 6907 6895 6911
f 6911 6895 6890
f 6911 6890 6903
f 6841 6889 6893
f 6841 6893 6844
f 6844 6893 6898
f 6844 6898 6848
f 6848 6898 6891
f 6848 6891 6842
f 6901 6854 6860
f 6901 6860 6904
f 6904 6860 6856
f 6904 6856 6908
f 6908 6856 6853
f 6908 6853 6902
f 6865 6913 6889
f 6865 6889 6841
f 6843 6855 6879
f 6843 6879 6866
f 6891 6902 6853
f 6891 6853 6842
f 6925 6877 6854
f 6925 6854 6901
f 6867 6878 6927
f 6867 6927 6914
f 6915 6926 6903
f 6915 6903 6890
v 1.9512430 0.6020000 0.9357194
v 1.9501685 0.6000000 0.9374061
v 1.9484817 0.6020000 0.9363315
v 1.9510995 0.6010013 0.9359447
v 1.9502572 0.6020000 0.9354081
v 1.9501535 0.6010436 0.9356497
v 1.9493262 0.6002672 0.9368696
v 1.9507051 0.6002672 0.9365638
v 1.9498757 0.6005267 0.9360856
v 1.9492437 0.6020000 0.9356328
v 1.9487070 0.6010013 0.9364751
v 1.9494398 0.6010436 0.9358079
v 1.9490938 0.6000000 0.9390929
v 1.9480193 0.6020000 0.9407797
v 1.9474071 0.6020000 0.9380183
v 1.9485573 0.6002672 0.9399352
v 1.9482516 0.6002672 0.9385563
v 1.9477733 0.6005267 0.9393857
v 1.9473206 0.6020000 0.9400178
v 1.9481628 0.6010013 0.9405544
v 1.9474957 0.6010436 0.9398215
v 1.9476324 0.6010013 0.9381619
v 1.9470959 0.6020000 0.9390042
v 1.9473375 0.6010436 0.9391080
v 1.9512430 0.7980000 0.9357194
v 1.9484817 0.7980000 0.9363315
v 1.9501685 0.8000000 0.9374061
v 1.9502572 0.7980000 0.9354081
v 1.9510995 0.7989987 0.9359447
v 1.9501535 0.7989564 0.9356497
v 1.9487070 0.7989987 0.9364751
v 1.9492437 0.7980000 0.9356328
v 1.9494398 0.7989564 0.9358079
v 1.9507051 0.7997328 0.9365638
v 1.9493262 0.7997328 0.9368696
v 1.9498757 0.7994733 0.9360856
v 1.9480193 0.7980000 0.9407797
v 1.9490938 0.8000000 0.9390929
v 1.9474071 0.7980000 0.9380183
v 1.9481628 0.7989987 0.9405544
v 1.9473206 0.7980000 0.9400178
v 1.9474957 0.7989564 0.9398215
v 1.9482516 0.7997328 0.9385563
v 1.9485573 0.7997328 0.9399352
v 1.9477733 0.7994733 0.9393857
v 1.9470959 0.7980000 0.9390042
v 1.9476324 0.7989987 0.9381619
v 1.9473375 0.7989564 0.9391080
v 2.0757291 0.6020000 1.0150257
v 2.0763414 0.6020000 1.0177871
v 2.0746546 0.6000000 1.0167125
v 2.0764279 0.6020000 1.0157876
v 2.0755856 0.6010013 1.0152510
v 2.0762527 0.6010436 1.0159838
v 2.0761158 0.6010013 1.0176436
v 2.0766525 0.6020000 1.0168012
v 2.0764110 0.6010436 1.0166974
v 2.0751910 0.6002672 1.0158702
v 2.0754969 0.6002672 1.0172491
v 2.0759749 0.6005267 1.0164198
v 2.0725052 0.6020000 1.0200861
v 2.0735800 0.6000000 1.0183992
v 2.0752666 0.6020000 1.0194739
v 2.0726490 0.6010013 1.0198607
v 2.0734911 0.6020000 1.0203973
v 2.0735950 0.6010436 1.0201557
v 2.0744221 0.6002672 1.0189359
v 2.0730433 0.6002672 1.0192416
v 2.0738726 0.6005267 1.0197198
v 2.0745049 0.6020000 1.0201726
v 2.0750413 0.6010013 1.0193303
v 2.0743086 0.6010436 1.0199975
v 2.0757291 0.7980000 1.0150257
v 2.0746546 0.8000000 1.0167125
v 2.0763414 0.7980000 1.0177871
v 2.0755856 0.7989987 1.0152510
v 2.0764279 0.7980000 1.0157876
v 2.0762527 0.7989564 1.0159838
v 2.0754969 0.7997328 1.0172491
v 2.0751910 0.7997328 1.0158702
v 2.0759749 0.7994733 1.0164198
v 2.0766525 0.7980000 1.0168012
v 2.0761158 0.7989987 1.0176436
v 2.0764110 0.7989564 1.0166974
v 2.0725052 0.7980000 1.0200861
v 2.0752666 0.7980000 1.0194739
v 2.0735800 0.8000000 1.0183992
v 2.0734911 0.7980000 1.0203973
v 2.0726490 0.7989987 1.0198607
v 2.0735950 0.7989564 1.0201557
v 2.0750413 0.7989987 1.0193303
v 2.0745049 0.7980000 1.0201726
v 2.0743086 0.7989564 1.0199975
v 2.0730433 0.7997328 1.0192416
v 2.0744221 0.7997328 1.0189359
v 2.0738726 0.7994733 1.0197198
f 6937 6940 6942
f 6937 6942 6941
f 6940 6944 6945
f 6940 6945 6942
f 6938 6943 6945
f 6938 6945 6944
f 6943 6947 6948
f 6943 6948 6945
f 6939 6946 6948
f 6939 6948 6947
f 6946 6941 6942
f 6946 6942 6948
f 6942 6945 6948
f 6949 6952 6954
f 6949 6954 6953
f 6952 6956 6957
f 6952 6957 6954
f 6950 6955 6957
f 6950 6957 6956
f 6955 6959 6960
f 6955 6960 6957
f 6951 6958 6960
f 6951 6960 6959
f 6958 6953 6954
f 6958 6954 6960
f 6954 6957 6960
f 6961 6964 6966
f 6961 6966 6965
f 6964 6968 6969
f 6964 6969 6966
f 6962 6967 6969
f 6962 6969 6968
f 6967 6971 6972
f 6967 6972 6969
f 6963 6970 6972
f 6963 6972 6971
f 6970 6965 6966
f 6970 6966 6972
f 6966 6969 6972
f 6973 6976 6978
f 6973 6978 6977
f 6976 6980 6981
f 6976 6981 6978
f 6974 6979 6981
f 6974 6981 6980
f 6979 6983 6984
f 6979 6984 6981
f 6975 6982 6984
f 6975 6984 6983
f 6982 6977 6978
f 6982 6978 6984
f 6978 6981 6984
f 6985 6988 6990
f 6985 6990 6989
f 6988 6992 6993
f 6988 6993 6990
f 6986 6991 6993
f 6986 6993 6992
f 6991 6995 6996
f 6991 6996 6993
f 6987 6994 6996
f 6987 6996 6995
f 6994 6989 6990
f 6994 6990 6996
f 6990 6993 6996
f 6997 7000 7002
f 6997 7002 7001
f 7000 7004 7005
f 7000 7005 7002
f 6998 7003 7005
f 6998 7005 7004
f 7003 7007 7008
f 7003 7008 7005
f 6999 7006 7008
f 6999 7008 7007
f 7006 7001 7002
f 7006 7002 7008
f 7002 7005 7008
f 7009 7012 7014
f 7009 7014 7013
f 7012 7016 7017
f 7012 7017 7014
f 7010 7015 7017
f 7010 7017 7016
f 7015 7019 7020
f 7015 7020 7017
f 7011 7018 7020
f 7011 7020 7019
f 7018 7013 7014
f 7018 7014 7020
f 7014 7017 7020
f 7021 7024 7026
f 7021 7026 7025
f 7024 7028 7029
f 7024 7029 7026
f 7022 7027 7029
f 7022 7029 7028
f 7027 7031 7032
f 7027 7032 7029
f 7023 7030 7032
f 7023 7032 7031
f 7030 7025 7026
f 7030 7026 7032
f 7026 7029 7032
f 6961 6937 6941
f 6961 6941 6964
f 6964 6941 6946
f 6964 6946 6968
f 6968 6946 6939
f 6968 6939 6962
f 6938 6949 6953
f 6938 6953 6943
f 6943 6953 6958
f 6943 6958 6947
f 6947 6958 6951
f 6947 6951 6939
f 6950 6973 6977
f 6950 6977 6955
f 6955 6977 6982
f 6955 6982 6959
f 6959 6982 6975
f 6959 6975 6951
f 6974 6963 6971
f 6974 6971 6979
f 6979 6971 6967
f 6979 6967 6983
f 6983 6967 6962
f 6983 6962 6975
f 7009 6961 6965
f 7009 6965 7012
f 7012 6965 6970
f 7012 6970 7016
f 7016 6970 6963
f 7016 6963 7010
f 6973 7021 7025
f 6973 7025 6976
f 6976 7025 7030
f 6976 7030 6980
f 6980 7030 7023
f 6980 7023 6974
f 7022 7011 7019
f 7022 7019 7027
f 7027 7019 7015
f 7027 7015 7031
f 7031 7015 7010
f 7031 7010 7023
f 6985 7009 7013
f 6985 7013 6988
f 6988 7013 7018
f 6988 7018 6992
f 6992 7018 7011
f 6992 7011 6986
f 7021 6997 7001
f 7021 7001 7024
f 7024 7001 7006
f 7024 7006 7028
f 7028 7006 6999
f 7028 6999 7022
f 6998 6987 6995
f 6998 6995 7003
f 7003 6995 6991
f 7003 6991 7007
f 7007 6991 6986
f 7007 6986 6999
f 6937 6985 6989
f 6937 6989 6940
f 6940 6989 6994
f 6940 6994 6944
f 6944 6994 6987
f 6944 6987 6938
f 6997 6950 6956
f 6997 6956 7000
f 7000 6956 6952
f 7000 6952 7004
f 7004 6952 6949
f 7004 6949 6998
f 6961 7009 6985
f 6961 6985 6937
f 6939 6951 6975
f 6939 6975 6962
f 6987 6998 6949
f 6987 6949 6938
f 7021 6973 6950
f 7021 6950 6997
f 6963 6974 7023
f 6963 7023 7010
f 7011 7022 6999
f 7011 6999 6986
v 1.8531967 0.6020000 0.8348225
v 1.8517703 0.6000000 0.8362243
v 1.8503684 0.6020000 0.8347978
v 1.8530061 0.6010013 0.8350098
v 1.8523061 0.6020000 0.8342975
v 1.8521507 0.6010436 0.8345096
v 1.8510703 0.6002672 0.8355120
v 1.8524826 0.6002672 0.8355243
v 1.8517821 0.6005267 0.8348718
v 1.8512681 0.6020000 0.8342884
v 1.8505557 0.6010013 0.8349884
v 1.8514198 0.6010436 0.8345032
v 1.8503437 0.6000000 0.8376262
v 1.8489172 0.6020000 0.8390279
v 1.8489419 0.6020000 0.8361996
v 1.8496314 0.6002672 0.8383262
v 1.8496437 0.6002672 0.8369138
v 1.8489912 0.6005267 0.8376144
v 1.8484079 0.6020000 0.8381284
v 1.8491079 0.6010013 0.8388407
v 1.8486226 0.6010436 0.8379766
v 1.8491292 0.6010013 0.8363902
v 1.8484169 0.6020000 0.8370902
v 1.8486290 0.6010436 0.8372457
v 1.8531967 0.7980000 0.8348225
v 1.8503684 0.7980000 0.8347978
v 1.8517703 0.8000000 0.8362243
v 1.8523061 0.7980000 0.8342975
v 1.8530061 0.7989987 0.8350098
v 1.8521507 0.7989564 0.8345096
v 1.8505557 0.7989987 0.8349884
v 1.8512681 0.7980000 0.8342884
v 1.8514198 0.7989564 0.8345032
v 1.8524826 0.7997328 0.8355243
v 1.8510703 0.7997328 0.8355120
v 1.8517821 0.7994733 0.8348718
v 1.8489172 0.7980000 0.8390279
v 1.8503437 0.8000000 0.8376262
v 1.8489419 0.7980000 0.8361996
v 1.8491079 0.7989987 0.8388407
v 1.8484079 0.7980000 0.8381284
v 1.8486226 0.7989564 0.8379766
v 1.8496437 0.7997328 0.8369138
v 1.8496314 0.7997328 0.8383262
v 1.8489912 0.7994733 0.8376144
v 1.8484169 0.7980000 0.8370902
v 1.8491292 0.7989987 0.8363902
v 1.8486290 0.7989564 0.8372457
v 1.9566522 0.6020000 0.9400995
v 1.9566275 0.6020000 0.9429278
v 1.9552257 0.6000000 0.9415013
v 1.9571615 0.6020000 0.9409991
v 1.9564615 0.6010013 0.9402868
v 1.9569468 0.6010436 0.9411509
v 1.9564402 0.6010013 0.9427373
v 1.9571525 0.6020000 0.9420373
v 1.9569404 0.6010436 0.9418818
v 1.9559380 0.6002672 0.9408013
v 1.9559257 0.6002672 0.9422137
v 1.9565783 0.6005267 0.9415131
v 1.9523727 0.6020000 0.9443050
v 1.9537991 0.6000000 0.9429032
v 1.9552010 0.6020000 0.9443297
v 1.9525633 0.6010013 0.9441177
v 1.9532633 0.6020000 0.9448300
v 1.9534187 0.6010436 0.9446179
v 1.9544991 0.6002672 0.9436155
v 1.9530869 0.6002672 0.9436032
v 1.9537873 0.6005267 0.9442557
v 1.9543014 0.6020000 0.9448391
v 1.9550138 0.6010013 0.9441391
v 1.9541496 0.6010436 0.9446243
v 1.9566522 0.7980000 0.9400995
v 1.9552257 0.8000000 0.9415013
v 1.9566275 0.7980000 0.9429278
v 1.9564615 0.7989987 0.9402868
v 1.9571615 0.7980000 0.9409991
v 1.9569468 0.7989564 0.9411509
v 1.9559257 0.7997328 0.9422137
v 1.9559380 0.7997328 0.9408013
v 1.9565783 0.7994733 0.9415131
v 1.9571525 0.7980000 0.9420373
v 1.9564402 0.7989987 0.9427373
v 1.9569404 0.7989564 0.9418818
v 1.9523727 0.7980000 0.9443050
v 1.9552010 0.7980000 0.9443297
v 1.9537991 0.8000000 0.9429032
v 1.9532633 0.7980000 0.9448300
v 1.9525633 0.7989987 0.9441177
v 1.9534187 0.7989564 0.9446179
v 1.9550138 0.7989987 0.9441391
v 1.9543014 0.7980000 0.9448391
v 1.9541496 0.7989564 0.9446243
v 1.9530869 0.7997328 0.9436032
v 1.9544991 0.7997328 0.9436155
v 1.9537873 0.7994733 0.9442557
f 7033 7036 7038
f 7033 7038 7037
f 7036 7040 7041
f 7036 7041 7038
f 7034 7039 7041
f 7034 7041 7040
f 7039 7043 7044
f 7039 7044 7041
f 7035 7042 7044
f 7035 7044 7043
f 7042 7037 7038
f 7042 7038 7044
f 7038 7041 7044
f 7045 7048 7050
f 7045 7050 7049
f 7048 7052 7053
f 7048 7053 7050
f 7046 7051 7053
f 7046 7053 7052
f 7051 7055 7056
f 7051 7056 7053
f 7047 7054 7056
f 7047 7056 7055
f 7054 7049 7050
f 7054 7050 7056
f 7050 7053 7056
f 7057 7060 7062
f 7057 7062 7061
f 7060 7064 7065
f 7060 7065 7062
f 7058 7063 7065
f 7058 7065 7064
f 7063 7067 7068
f 7063 7068 7065
f 7059 7066 7068
f 7059 7068 7067
f 7066 7061 7062
f 7066 7062 7068
f 7062 7065 7068
f 7069 7072 7074
f 7069 7074 7073
f 7072 7076 7077
f 7072 7077 7074
f 7070 7075 7077
f 7070 7077 7076
f 7075 7079 7080
f 7075 7080 7077
f 7071 7078 7080
f 7071 7080 7079
f 7078 7073 7074
f 7078 7074 7080
f 7074 7077 7080
f 7081 7084 7086
f 7081 7086 7085
f 7084 7088 7089
f 7084 7089 7086
f 7082 7087 7089
f 7082 7089 7088
f 7087 7091 7092
f 7087 7092 7089
f 7083 7090 7092
f 7083 7092 7091
f 7090 7085 7086
f 7090 7086 7092
f 7086 7089 7092
f 7093 7096 7098
f 7093 7098 7097
f 7096 7100 7101
f 7096 7101 7098
f 7094 7099 7101
f 7094 7101 7100
f 7099 7103 7104
f 7099 7104 7101
f 7095 7102 7104
f 7095 7104 7103
f 7102 7097 7098
f 7102 7098 7104
f 7098 7101 7104
f 7105 7108 7110
f 7105 7110 7109
f 7108 7112 7113
f 7108 7113 7110
f 7106 7111 7113
f 7106 7113 7112
f 7111 7115 7116
f 7111 7116 7113
f 7107 7114 7116
f 7107 7116 7115
f 7114 7109 7110
f 7114 7110 7116
f 7110 7113 7116
f 7117 7120 7122
f 7117 7122 7121
f 7120 7124 7125
f 7120 7125 7122
f 7118 7123 7125
f 7118 7125 7124
f 7123 7127 7128
f 7123 7128 7125
f 7119 7126 7128
f 7119 7128 7127
f 7126 7121 7122
f 7126 7122 7128
f 7122 7125 7128
f 7057 7033 7037
f 7057 7037 7060
f 7060 7037 7042
f 7060 7042 7064
f 7064 7042 7035
f 7064 7035 7058
f 7034 7045 7049
f 7034 7049 7039
f 7039 7049 7054
f 7039 7054 7043
f 7043 7054 7047
f 7043 7047 7035
f 7046 7069 7073
f 7046 7073 7051
f 7051 7073 7078
f 7051 7078 7055
f 7055 7078 7071
f 7055 7071 7047
f 7070 7059 7067
f 7070 7067 7075
f 7075 7067 7063
f 7075 7063 7079
f 7079 7063 7058
f 7079 7058 7071
f 7105 7057 7061
f 7105 7061 7108
f 7108 7061 7066
f 7108 7066 7112
f 7112 7066 7059
f 7112 7059 7106
f 7069 7117 7121
f 7069 7121 7072
f 7072 7121 7126
f 7072 7126 7076
f 7076 7126 7119
f 7076 7119 7070
f 7118 7107 7115
f 7118 7115 7123
f 7123 7115 7111
f 7123 7111 7127
f 7127 7111 7106
f 7127 7106 7119
f 7081 7105 7109
f 7081 7109 7084
f 7084 7109 7114
f 7084 7114 7088
f 7088 7114 7107
f 7088 7107 7082
f 7117 7093 7097
f 7117 7097 7120
f 7120 7097 7102
f 7120 7102 7124
f 7124 7102 7095
f 7124 7095 7118
f 7094 7083 7091
f 7094 7091 7099
f 7099 7091 7087
f 7099 7087 7103
f 7103 7087 7082
f 7103 7082 7095
f 7033 7081 7085
f 7033 7085 7036
f 7036 7085 7090
f 7036 7090 7040
f 7040 7090 7083
f 7040 7083 7034
f 7093 7046 7052
f 7093 7052 7096
f 7096 7052 7048
f 7096 7048 7100
f 7100 7048 7045
f 7100 7045 7094
f 7057 7105 7081
f 7057 7081 7033
f 7035 7047 7071
f 7035 7071 7058
f 7083 7094 7045
f 7083 7045 7034
f 7117 7069 7046
f 7117 7046 7093
f 7059 7070 7119
f 7059 7119 7106
f 7107 7118 7095
f 7107 7095 7082
v 1.7803602 0.6020000 0.7144560
v 1.7786549 0.6000000 0.7155010
v 1.7776099 0.6020000 0.7137957
v 1.7801323 0.6010013 0.7145956
v 1.7796105 0.6020000 0.7137441
v 1.7794113 0.6010436 0.7139157
v 1.7781330 0.6002672 0.7146495
v 1.7795064 0.6002672 0.7149792
v 1.7789706 0.6005267 0.7141858
v 1.7786011 0.6020000 0.7135017
v 1.7777495 0.6010013 0.7140235
v 1.7787006 0.6010436 0.7137451
v 1.7769496 0.6000000 0.7165460
v 1.7752444 0.6020000 0.7175910
v 1.7759047 0.6020000 0.7148407
v 1.7760981 0.6002672 0.7170678
v 1.7764277 0.6002672 0.7156945
v 1.7756344 0.6005267 0.7162302
v 1.7749504 0.6020000 0.7165999
v 1.7754722 0.6010013 0.7174514
v 1.7751937 0.6010436 0.7165003
v 1.7760442 0.6010013 0.7150685
v 1.7751927 0.6020000 0.7155904
v 1.7753644 0.6010436 0.7157896
v 1.7803602 0.7980000 0.7144560
v 1.7776099 0.7980000 0.7137957
v 1.7786549 0.8000000 0.7155010
v 1.7796105 0.7980000 0.7137441
v 1.7801323 0.7989987 0.7145956
v 1.7794113 0.7989564 0.7139157
v 1.7777495 0.7989987 0.7140235
v 1.7786011 0.7980000 0.7135017
v 1.7787006 0.7989564 0.7137451
v 1.7795064 0.7997328 0.7149792
v 1.7781330 0.7997328 0.7146495
v 1.7789706 0.7994733 0.7141858
v 1.7752444 0.7980000 0.7175910
v 1.7769496 0.8000000 0.7165460
v 1.7759047 0.7980000 0.7148407
v 1.7754722 0.7989987 0.7174514
v 1.7749504 0.7980000 0.7165999
v 1.7751937 0.7989564 0.7165003
v 1.7764277 0.7997328 0.7156945
v 1.7760981 0.7997328 0.7170678
v 1.7756344 0.7994733 0.7162302
v 1.7751927 0.7980000 0.7155904
v 1.7760442 0.7989987 0.7150685
v 1.7753644 0.7989564 0.7157896
v 1.8574818 0.6020000 0.8403072
v 1.8568215 0.6020000 0.8430575
v 1.8557765 0.6000000 0.8413522
v 1.8577758 0.6020000 0.8412983
v 1.8572540 0.6010013 0.8404468
v 1.8575325 0.6010436 0.8413979
v 1.8566819 0.6010013 0.8428296
v 1.8575335 0.6020000 0.8423078
v 1.8573618 0.6010436 0.8421086
v 1.8566281 0.6002672 0.8408304
v 1.8562984 0.6002672 0.8422037
v 1.8570918 0.6005267 0.8416680
v 1.8523660 0.6020000 0.8434421
v 1.8540713 0.6000000 0.8423972
v 1.8551162 0.6020000 0.8441024
v 1.8525939 0.6010013 0.8433025
v 1.8531157 0.6020000 0.8441541
v 1.8533149 0.6010436 0.8439825
v 1.8545932 0.6002672 0.8432487
v 1.8532197 0.6002672 0.8429190
v 1.8537556 0.6005267 0.8437124
v 1.8541251 0.6020000 0.8443965
v 1.8549767 0.6010013 0.8438746
v 1.8540256 0.6010436 0.8441530
v 1.8574818 0.7980000 0.8403072
v 1.8557765 0.8000000 0.8413522
v 1.8568215 0.7980000 0.8430575
v 1.8572540 0.7989987 0.8404468
v 1.8577758 0.7980000 0.8412983
v 1.8575325 0.7989564 0.8413979
v 1.8562984 0.7997328 0.8422037
v 1.8566281 0.7997328 0.8408304
v 1.8570918 0.7994733 0.8416680
v 1.8575335 0.7980000 0.8423078
v 1.8566819 0.7989987 0.8428296
v 1.8573618 0.7989564 0.8421086
v 1.8523660 0.7980000 0.8434421
v 1.8551162 0.7980000 0.8441024
v 1.8540713 0.8000000 0.8423972
v 1.8531157 0.7980000 0.8441541
v 1.8525939 0.7989987 0.8433025
v 1.8533149 0.7989564 0.8439825
v 1.8549767 0.7989987 0.8438746
v 1.8541251 0.7980000 0.8443965
v 1.8540256 0.7989564 0.8441530
v 1.8532197 0.7997328 0.8429190
v 1.8545932 0.7997328 0.8432487
v 1.8537556 0.7994733 0.8437124
f 7129 7132 7134
f 7129 7134 7133
f 7132 7136 7137
f 7132 7137 7134
f 7130 7135 7137
f 7130 7137 7136
f 7135 7139 7140
f 7135 7140 7137
f 7131 7138 7140
f 7131 7140 7139
f 7138 7133 7134
f 7138 7134 7140
f 7134 7137 7140
f 7141 7144 7146
f 7141 7146 7145
f 7144 7148 7149
f 7144 7149 7146
f 7142 7147 7149
f 7142 7149 7148
f 7147 7151 7152
f 7147 7152 7149
f 7143 7150 7152
f 7143 7152 7151
f 7150 7145 7146
f 7150 7146 7152
f 7146 7149 7152
f 7153 7156 7158
f 7153 7158 7157
f 7156 7160 7161
f 7156 7161 7158
f 7154 7159 7161
f 7154 7161 7160
f 7159 7163 7164
f 7159 7164 7161
f 7155 7162 7164
f 7155 7164 7163
f 7162 7157 7158
f 7162 7158 7164
f 7158 7161 7164
f 7165 7168 7170
f 7165 7170 7169
f 7168 7172 7173
f 7168 7173 7170
f 7166 7171 7173
f 7166 7173 7172
f 7171 7175 7176
f 7171 7176 7173
f 7167 7174 7176
f 7167 7176 7175
f 7174 7169 7170
f 7174 7170 7176
f 7170 7173 7176
f 7177 7180 7182
f 7177 7182 7181
f 7180 7184 7185
f 7180 7185 7182
f 7178 7183 7185
f 7178 7185 7184
f 7183 7187 7188
f 7183 7188 7185
f 7179 7186 7188
f 7179 7188 7187
f 7186 7181 7182
f 7186 7182 7188
f 7182 7185 7188
f 7189 7192 7194
f 7189 7194 7193
f 7192 7196 7197
f 7192 7197 7194
f 7190 7195 7197
f 7190 7197 7196
f 7195 7199 7200
f 7195 7200 7197
f 7191 7198 7200
f 7191 7200 7199
f 7198 7193 7194
f 7198 7194 7200
f 7194 7197 7200
f 7201 7204 7206
f 7201 7206 7205
f 7204 7208 7209
f 7204 7209 7206
f 7202 7207 7209
f 7202 7209 7208
f 7207 7211 7212
f 7207 7212 7209
f 7203 7210 7212
f 7203 7212 7211
f 7210 7205 7206
f 7210 7206 7212
f 7206 7209 7212
f 7213 7216 7218
f 7213 7218 7217
f 7216 7220 7221
f 7216 7221 7218
f 7214 7219 7221
f 7214 7221 7220
f 7219 7223 7224
f 7219 7224 7221
f 7215 7222 7224
f 7215 7224 7223
f 7222 7217 7218
f 7222 7218 7224
f 7218 7221 7224
f 7153 7129 7133
f 7153 7133 7156
f 7156 7133 7138
f 7156 7138 7160
f 7160 7138 7131
f 7160 7131 7154
f 7130 7141 7145
f 7130 7145 7135
f 7135 7145 7150
f 7135 7150 7139
f 7139 7150 7143
f 7139 7143 7131
f 7142 7165 7169
f 7142 7169 7147
f 7147 7169 7174
f 7147 7174 7151
f 7151 7174 7167
f 7151 7167 7143
f 7166 7155 7163
f 7166 7163 7171
f 7171 7163 7159
f 7171 7159 7175
f 7175 7159 7154
f 7175 7154 7167
f 7201 7153 7157
f 7201 7157 7204
f 7204 7157 7162
f 7204 7162 7208
f 7208 7162 7155
f 7208 7155 7202
f 7165 7213 7217
f 7165 7217 7168
f 7168 7217 7222
f 7168 7222 7172
f 7172 7222 7215
f 7172 7215 7166
f 7214 7203 7211
f 7214 7211 7219
f 7219 7211 7207
f 7219 7207 7223
f 7223 7207 7202
f 7223 7202 7215
f 7177 7201 7205
f 7177 7205 7180
f 7180 7205 7210
f 7180 7210 7184
f 7184 7210 7203
f 7184 7203 7178
f 7213 7189 7193
f 7213 7193 7216
f 7216 7193 7198
f 7216 7198 7220
f 7220 7198 7191
f 7220 7191 7214
f 7190 7179 7187
f 7190 7187 7195
f 7195 7187 7183
f 7195 7183 7199
f 7199 7183 7178
f 7199 7178 7191
f 7129 7177 7181
f 7129 7181 7132
f 7132 7181 7186
f 7132 7186 7136
f 7136 7186 7179
f 7136 7179 7130
f 7189 7142 7148
f 7189 7148 7192
f 7192 7148 7144
f 7192 7144 7196
f 7196 7144 7141
f 7196 7141 7190
f 7153 7201 7177
f 7153 7177 7129
f 7131 7143 7167
f 7131 7167 7154
f 7179 7190 7141
f 7179 7141 7130
f 7213 7165 7142
f 7213 7142 7189
f 7155 7166 7215
f 7155 7215 7202
f 7203 7214 7191
f 7203 7191 7178
v -0.5619108 0.3550000 0.7840233
v -0.5619108 0.6100000 0.7840233
v -0.5665030 0.3550000 0.7831099
v -0.5665030 0.6100000 0.7831098
v -0.5703961 0.3550000 0.7805086
v -0.5703961 0.6100000 0.7805086
v -0.5729974 0.3550000 0.7766156
v -0.5729974 0.6100000 0.7766155
v -0.5739108 0.3550000 0.7720233
v -0.5739108 0.6100000 0.7720233
v -0.5729974 0.3550000 0.7674311
v -0.5729974 0.6100001 0.7674311
v -0.5703961 0.3550000 0.7635381
v -0.5703961 0.6100001 0.7635380
v -0.5665030 0.3550000 0.7609368
v -0.5665030 0.6100001 0.7609367
v -0.5619108 0.3550000 0.7600234
v -0.5619108 0.6100001 0.7600233
v -0.5573186 0.3550000 0.7609368
v -0.5573186 0.6100001 0.7609367
v -0.5534256 0.3550000 0.7635381
v -0.5534256 0.6100001 0.7635380
v -0.5508242 0.3550000 0.7674311
v -0.5508242 0.6100001 0.7674311
v -0.5499108 0.3550000 0.7720233
v -0.5499108 0.6100000 0.7720233
v -0.5508242 0.3550000 0.7766156
v -0.5508242 0.6100000 0.7766155
v -0.5534256 0.3550000 0.7805086
v -0.5534256 0.6100000 0.7805086
v -0.5573186 0.3550000 0.7831099
v -0.5573186 0.6100000 0.7831098
f 7225 7226 7228
f 7225 7228 7227
f 7227 7228 7230
f 7227 7230 7229
f 7229 7230 7232
f 7229 7232 7231
f 7231 7232 7234
f 7231 7234 7233
f 7233 7234 7236
f 7233 7236 7235
f 7235 7236 7238
f 7235 7238 7237
f 7237 7238 7240
f 7237 7240 7239
f 7239 7240 7242
f 7239 7242 7241
f 7241 7242 7244
f 7241 7244 7243
f 7243 7244 7246
f 7243 7246 7245
f 7245 7246 7248
f 7245 7248 7247
f 7247 7248 7250
f 7247 7250 7249
f 7249 7250 7252
f 7249 7252 7251
f 7251 7252 7254
f 7251 7254 7253
f 7230 7228 7226
f 7226 7256 7254
f 7254 7252 7250
f 7250 7248 7246
f 7246 7244 7242
f 7242 7240 7238
f 7238 7236 7234
f 7234 7232 7230
f 7230 7226 7254
f 7254 7250 7246
f 7246 7242 7238
f 7238 7234 7230
f 7230 7254 7246
f 7246 7238 7230
f 7253 7254 7256
f 7253 7256 7255
f 7255 7256 7226
f 7255 7226 7225
f 7255 7225 7227
f 7227 7229 7231
f 7231 7233 7235
f 7235 7237 7239
f 7239 7241 7243
f 7243 7245 7247
f 7247 7249 7251
f 7251 7253 7255
f 7255 7227 7231
f 7231 7235 7239
f 7239 7243 7247
f 7247 7251 7255
f 7255 7231 7239
f 7239 7247 7255
v 0.5619108 0.3550000 0.7840233
v 0.5619108 0.6100000 0.7840233
v 0.5573186 0.3550000 0.7831099
v 0.5573186 0.6100000 0.7831098
v 0.5534256 0.3550000 0.7805086
v 0.5534256 0.6100000 0.7805086
v 0.5508242 0.3550000 0.7766156
v 0.5508242 0.6100000 0.7766155
v 0.5499108 0.3550000 0.7720233
v 0.5499108 0.6100000 0.7720233
v 0.5508242 0.3550000 0.7674311
v 0.5508242 0.6100001 0.7674311
v 0.5534256 0.3550000 0.7635381
v 0.5534256 0.6100001 0.7635380
v 0.5573186 0.3550000 0.7609368
v 0.5573186 0.6100001 0.7609367
v 0.5619108 0.3550000 0.7600234
v 0.5619108 0.6100001 0.7600233
v 0.5665030 0.3550000 0.7609368
v 0.5665030 0.6100001 0.7609367
v 0.5703961 0.3550000 0.7635381
v 0.5703961 0.6100001 0.7635380
v 0.5729974 0.3550000 0.7674311
v 0.5729974 0.6100001 0.7674311
v 0.5739108 0.3550000 0.7720233
v 0.5739108 0.6100000 0.7720233
v 0.5729974 0.3550000 0.7766156
v 0.5729974 0.6100000 0.7766155
v 0.5703961 0.3550000 0.7805086
v 0.5703961 0.6100000 0.7805086
v 0.5665030 0.3550000 0.7831099
v 0.5665030 0.6100000 0.7831098
f 7257 7258 7260
f 7257 7260 7259
f 7259 7260 7262
f 7259 7262 7261
f 7261 7262 7264
f 7261 7264 7263
f 7263 7264 7266
f 7263 7266 7265
f 7265 7266 7268
f 7265 7268 7267
f 7267 7268 7270
f 7267 7270 7269
f 7269 7270 7272
f 7269 7272 7271
f 7271 7272 7274
f 7271 7274 7273
f 7273 7274 7276
f 7273 7276 7275
f 7275 7276 7278
f 7275 7278 7277
f 7277 7278 7280
f 7277 7280 7279
f 7279 7280 7282
f 7279 7282 7281
f 7281 7282 7284
f 7281 7284 7283
f 7283 7284 7286
f 7283 7286 7285
f 7262 7260 7258
f 7258 7288 7286
f 7286 7284 7282
f 7282 7280 7278
f 7278 7276 7274
f 7274 7272 7270
f 7270 7268 7266
f 7266 7264 7262
f 7262 7258 7286
f 7286 7282 7278
f 7278 7274 7270
f 7270 7266 7262
f 7262 7286 7278
f 7278 7270 7262
f 7285 7286 7288
f 7285 7288 7287
f 7287 7288 7258
f 7287 7258 7257
f 7287 7257 7259
f 7259 7261 7263
f 7263 7265 7267
f 7267 7269 7271
f 7271 7273 7275
f 7275 7277 7279
f 7279 7281 7283
f 7283 7285 7287
f 7287 7259 7263
f 7263 7267 7271
f 7271 7275 7279
f 7279 7283 7287
f 7287 7263 7271
f 7271 7279 7287
v 0.4875181 0.6020000 0.8953072
v 0.4892234 0.6000000 0.8963522
v 0.4881784 0.6020000 0.8980575
v 0.4877459 0.6010013 0.8954468
v 0.4872241 0.6020000 0.8962983
v 0.4874675 0.6010436 0.8963979
v 0.4887016 0.6002672 0.8972037
v 0.4883719 0.6002672 0.8958304
v 0.4879082 0.6005267 0.8966680
v 0.4874665 0.6020000 0.8973078
v 0.4883180 0.6010013 0.8978297
v 0.4876381 0.6010436 0.8971086
v 0.4909287 0.6000000 0.8973972
v 0.4926339 0.6020000 0.8984421
v 0.4898837 0.6020000 0.8991024
v 0.4917802 0.6002672 0.8979190
v 0.4904068 0.6002672 0.8982487
v 0.4912444 0.6005267 0.8987124
v 0.4918843 0.6020000 0.8991541
v 0.4924061 0.6010013 0.8983026
v 0.4916851 0.6010436 0.8989825
v 0.4900233 0.6010013 0.8988746
v 0.4908748 0.6020000 0.8993965
v 0.4909744 0.6010436 0.8991531
v 0.4875181 0.7980000 0.8953072
v 0.4881784 0.7980000 0.8980575
v 0.4892234 0.8000000 0.8963522
v 0.4872241 0.7980000 0.8962983
v 0.4877459 0.7989987 0.8954468
v 0.4874675 0.7989564 0.8963979
v 0.4883180 0.7989987 0.8978297
v 0.4874665 0.7980000 0.8973078
v 0.4876381 0.7989564 0.8971086
v 0.4883719 0.7997328 0.8958304
v 0.4887016 0.7997328 0.8972037
v 0.4879082 0.7994733 0.8966680
v 0.4926339 0.7980000 0.8984421
v 0.4909287 0.8000000 0.8973972
v 0.4898837 0.7980000 0.8991024
v 0.4924061 0.7989987 0.8983026
v 0.4918843 0.7980000 0.8991541
v 0.4916851 0.7989564 0.8989825
v 0.4904068 0.7997328 0.8982487
v 0.4917802 0.7997328 0.8979190
v 0.4912444 0.7994733 0.8987124
v 0.4908748 0.7980000 0.8993965
v 0.4900233 0.7989987 0.8988746
v 0.4909744 0.7989564 0.8991531
v 0.5646398 0.6020000 0.7694560
v 0.5673901 0.6020000 0.7687957
v 0.5663451 0.6000000 0.7705010
v 0.5653895 0.6020000 0.7687441
v 0.5648676 0.6010013 0.7695956
v 0.5655887 0.6010436 0.7689157
v 0.5672505 0.6010013 0.7690235
v 0.5663989 0.6020000 0.7685017
v 0.5662994 0.6010436 0.7687451
v 0.5654936 0.6002672 0.7699792
v 0.5668669 0.6002672 0.7696495
v 0.5660293 0.6005267 0.7691858
v 0.5697556 0.6020000 0.7725910
v 0.5680504 0.6000000 0.7715460
v 0.5690954 0.6020000 0.7698407
v 0.5695278 0.6010013 0.7724514
v 0.5700496 0.6020000 0.7715999
v 0.5698063 0.6010436 0.7715003
v 0.5685722 0.6002672 0.7706945
v 0.5689019 0.6002672 0.7720678
v 0.5693656 0.6005267 0.7712302
v 0.5698073 0.6020000 0.7705904
v 0.5689557 0.6010013 0.7700685
v 0.5696356 0.6010436 0.7707896
v 0.5646398 0.7980000 0.7694560
v 0.5663451 0.8000000 0.7705010
v 0.5673901 0.7980000 0.7687957
v 0.5648676 0.7989987 0.7695956
v 0.5653895 0.7980000 0.7687441
v 0.5655887 0.7989564 0.7689157
v 0.5668669 0.7997328 0.7696495
v 0.5654936 0.7997328 0.7699792
v 0.5660293 0.7994733 0.7691858
v 0.5663989 0.7980000 0.7685017
v 0.5672505 0.7989987 0.7690235
v 0.5662994 0.7989564 0.7687451
v 0.5697556 0.7980000 0.7725910
v 0.5690954 0.7980000 0.7698407
v 0.5680504 0.8000000 0.7715460
v 0.5700496 0.7980000 0.7715999
v 0.5695278 0.7989987 0.7724514
v 0.5698063 0.7989564 0.7715003
v 0.5689557 0.7989987 0.7700685
v 0.5698073 0.7980000 0.7705904
v 0.5696356 0.7989564 0.7707896
v 0.5689019 0.7997328 0.7720678
v 0.5685722 0.7997328 0.7706945
v 0.5693656 0.7994733 0.7712302
f 7289 7292 7294
f 7289 7294 7293
f 7292 7296 7297
f 7292 7297 7294
f 7290 7295 7297
f 7290 7297 7296
f 7295 7299 7300
f 7295 7300 7297
f 7291 7298 7300
f 7291 7300 7299
f 7298 7293 7294
f 7298 7294 7300
f 7294 7297 7300
f 7301 7304 7306
f 7301 7306 7305
f 7304 7308 7309
f 7304 7309 7306
f 7302 7307 7309
f 7302 7309 7308
f 7307 7311 7312
f 7307 7312 7309
f 7303 7310 7312
f 7303 7312 7311
f 7310 7305 7306
f 7310 7306 7312
f 7306 7309 7312
f 7313 7316 7318
f 7313 7318 7317
f 7316 7320 7321
f 7316 7321 7318
f 7314 7319 7321
f 7314 7321 7320
f 7319 7323 7324
f 7319 7324 7321
f 7315 7322 7324
f 7315 7324 7323
f 7322 7317 7318
f 7322 7318 7324
f 7318 7321 7324
f 7325 7328 7330
f 7325 7330 7329
f 7328 7332 7333
f 7328 7333 7330
f 7326 7331 7333
f 7326 7333 7332
f 7331 7335 7336
f 7331 7336 7333
f 7327 7334 7336
f 7327 7336 7335
f 7334 7329 7330
f 7334 7330 7336
f 7330 7333 7336
f 7337 7340 7342
f 7337 7342 7341
f 7340 7344 7345
f 7340 7345 7342
f 7338 7343 7345
f 7338 7345 7344
f 7343 7347 7348
f 7343 7348 7345
f 7339 7346 7348
f 7339 7348 7347
f 7346 7341 7342
f 7346 7342 7348
f 7342 7345 7348
f 7349 7352 7354
f 7349 7354 7353
f 7352 7356 7357
f 7352 7357 7354
f 7350 7355 7357
f 7350 7357 7356
f 7355 7359 7360
f 7355 7360 7357
f 7351 7358 7360
f 7351 7360 7359
f 7358 7353 7354
f 7358 7354 7360
f 7354 7357 7360
f 7361 7364 7366
f 7361 7366 7365
f 7364 7368 7369
f 7364 7369 7366
f 7362 7367 7369
f 7362 7369 7368
f 7367 7371 7372
f 7367 7372 7369
f 7363 7370 7372
f 7363 7372 7371
f 7370 7365 7366
f 7370 7366 7372
f 7366 7369 7372
f 7373 7376 7378
f 7373 7378 7377
f 7376 7380 7381
f 7376 7381 7378
f 7374 7379 7381
f 7374 7381 7380
f 7379 7383 7384
f 7379 7384 7381
f 7375 7382 7384
f 7375 7384 7383
f 7382 7377 7378
f 7382 7378 7384
f 7378 7381 7384
f 7313 7289 7293
f 7313 7293 7316
f 7316 7293 7298
f 7316 7298 7320
f 7320 7298 7291
f 7320 7291 7314
f 7290 7301 7305
f 7290 7305 7295
f 7295 7305 7310
f 7295 7310 7299
f 7299 7310 7303
f 7299 7303 7291
f 7302 7325 7329
f 7302 7329 7307
f 7307 7329 7334
f 7307 7334 7311
f 7311 7334 7327
f 7311 7327 7303
f 7326 7315 7323
f 7326 7323 7331
f 7331 7323 7319
f 7331 7319 7335
f 7335 7319 7314
f 7335 7314 7327
f 7361 7313 7317
f 7361 7317 7364
f 7364 7317 7322
f 7364 7322 7368
f 7368 7322 7315
f 7368 7315 7362
f 7325 7373 7377
f 7325 7377 7328
f 7328 7377 7382
f 7328 7382 7332
f 7332 7382 7375
f 7332 7375 7326
f 7374 7363 7371
f 7374 7371 7379
f 7379 7371 7367
f 7379 7367 7383
f 7383 7367 7362
f 7383 7362 7375
f 7337 7361 7365
f 7337 7365 7340
f 7340 7365 7370
f 7340 7370 7344
f 7344 7370 7363
f 7344 7363 7338
f 7373 7349 7353
f 7373 7353 7376
f 7376 7353 7358
f 7376 7358 7380
f 7380 7358 7351
f 7380 7351 7374
f 7350 7339 7347
f 7350 7347 7355
f 7355 7347 7343
f 7355 7343 7359
f 7359 7343 7338
f 7359 7338 7351
f 7289 7337 7341
f 7289 7341 7292
f 7292 7341 7346
f 7292 7346 7296
f 7296 7346 7339
f 7296 7339 7290
f 7349 7302 7308
f 7349 7308 7352
f 7352 7308 7304
f 7352 7304 7356
f 7356 7304 7301
f 7356 7301 7350
f 7313 7361 7337
f 7313 7337 7289
f 7291 7303 7327
f 7291 7327 7314
f 7339 7350 7301
f 7339 7301 7290
f 7373 7325 7302
f 7373 7302 7349
f 7315 7326 7375
f 7315 7375 7362
f 7363 7374 7351
f 7363 7351 7338
v 0.3883478 0.6020000 0.9950995
v 0.3897743 0.6000000 0.9965013
v 0.3883725 0.6020000 0.9979278
v 0.3885384 0.6010013 0.9952868
v 0.3878384 0.6020000 0.9959991
v 0.3880531 0.6010436 0.9961509
v 0.3890743 0.6002672 0.9972137
v 0.3890620 0.6002672 0.9958013
v 0.3884217 0.6005267 0.9965131
v 0.3878475 0.6020000 0.9970373
v 0.3885598 0.6010013 0.9977373
v 0.3880595 0.6010436 0.9968818
v 0.3912008 0.6000000 0.9979032
v 0.3926273 0.6020000 0.9993050
v 0.3897990 0.6020000 0.9993297
v 0.3919131 0.6002672 0.9986032
v 0.3905008 0.6002672 0.9986155
v 0.3912126 0.6005267 0.9992557
v 0.3917367 0.6020000 0.9998300
v 0.3924367 0.6010013 0.9991177
v 0.3915812 0.6010436 0.9996179
v 0.3899862 0.6010013 0.9991391
v 0.3906986 0.6020000 0.9998391
v 0.3908503 0.6010436 0.9996243
v 0.3883478 0.7980000 0.9950995
v 0.3883725 0.7980000 0.9979278
v 0.3897743 0.8000000 0.9965013
v 0.3878384 0.7980000 0.9959991
v 0.3885384 0.7989987 0.9952868
v 0.3880531 0.7989564 0.9961509
v 0.3885598 0.7989987 0.9977373
v 0.3878475 0.7980000 0.9970373
v 0.3880595 0.7989564 0.9968818
v 0.3890620 0.7997328 0.9958013
v 0.3890743 0.7997328 0.9972137
v 0.3884217 0.7994733 0.9965131
v 0.3926273 0.7980000 0.9993050
v 0.3912008 0.8000000 0.9979032
v 0.3897990 0.7980000 0.9993297
v 0.3924367 0.7989987 0.9991177
v 0.3917367 0.7980000 0.9998300
v 0.3915812 0.7989564 0.9996179
v 0.3905008 0.7997328 0.9986155
v 0.3919131 0.7997328 0.9986032
v 0.3912126 0.7994733 0.9992557
v 0.3906986 0.7980000 0.9998391
v 0.3899862 0.7989987 0.9991391
v 0.3908503 0.7989564 0.9996243
v 0.4918032 0.6020000 0.8898225
v 0.4946316 0.6020000 0.8897978
v 0.4932297 0.6000000 0.8912243
v 0.4926938 0.6020000 0.8892975
v 0.4919938 0.6010013 0.8900098
v 0.4928493 0.6010436 0.8895096
v 0.4944443 0.6010013 0.8899884
v 0.4937319 0.6020000 0.8892884
v 0.4935802 0.6010436 0.8895032
v 0.4925174 0.6002672 0.8905243
v 0.4939297 0.6002672 0.8905120
v 0.4932179 0.6005267 0.8898718
v 0.4960827 0.6020000 0.8940279
v 0.4946562 0.6000000 0.8926262
v 0.4960580 0.6020000 0.8911996
v 0.4958922 0.6010013 0.8938407
v 0.4965921 0.6020000 0.8931284
v 0.4963774 0.6010436 0.8929766
v 0.4953562 0.6002672 0.8919138
v 0.4953685 0.6002672 0.8933262
v 0.4960088 0.6005267 0.8926144
v 0.4965831 0.6020000 0.8920902
v 0.4958708 0.6010013 0.8913902
v 0.4963710 0.6010436 0.8922457
v 0.4918032 0.7980000 0.8898225
v 0.4932297 0.8000000 0.8912243
v 0.4946316 0.7980000 0.8897978
v 0.4919938 0.7989987 0.8900098
v 0.4926938 0.7980000 0.8892975
v 0.4928493 0.7989564 0.8895096
v 0.4939297 0.7997328 0.8905120
v 0.4925174 0.7997328 0.8905243
v 0.4932179 0.7994733 0.8898718
v 0.4937319 0.7980000 0.8892884
v 0.4944443 0.7989987 0.8899884
v 0.4935802 0.7989564 0.8895032
v 0.4960827 0.7980000 0.8940279
v 0.4960580 0.7980000 0.8911996
v 0.4946562 0.8000000 0.8926262
v 0.4965921 0.7980000 0.8931284
v 0.4958922 0.7989987 0.8938407
v 0.4963774 0.7989564 0.8929766
v 0.4958708 0.7989987 0.8913902
v 0.4965831 0.7980000 0.8920902
v 0.4963710 0.7989564 0.8922457
v 0.4953685 0.7997328 0.8933262
v 0.4953562 0.7997328 0.8919138
v 0.4960088 0.7994733 0.8926144
f 7385 7388 7390
f 7385 7390 7389
f 7388 7392 7393
f 7388 7393 7390
f 7386 7391 7393
f 7386 7393 7392
f 7391 7395 7396
f 7391 7396 7393
f 7387 7394 7396
f 7387 7396 7395
f 7394 7389 7390
f 7394 7390 7396
f 7390 7393 7396
f 7397 7400 7402
f 7397 7402 7401
f 7400 7404 7405
f 7400 7405 7402
f 7398 7403 7405
f 7398 7405 7404
f 7403 7407 7408
f 7403 7408 7405
f 7399 7406 7408
f 7399 7408 7407
f 7406 7401 7402
f 7406 7402 7408
f 7402 7405 7408
f 7409 7412 7414
f 7409 7414 7413
f 7412 7416 7417
f 7412 7417 7414
f 7410 7415 7417
f 7410 7417 7416
f 7415 7419 7420
f 7415 7420 7417
f 7411 7418 7420
f 7411 7420 7419
f 7418 7413 7414
f 7418 7414 7420
f 7414 7417 7420
f 7421 7424 7426
f 7421 7426 7425
f 7424 7428 7429
f 7424 7429 7426
f 7422 7427 7429
f 7422 7429 7428
f 7427 7431 7432
f 7427 7432 7429
f 7423 7430 7432
f 7423 7432 7431
f 7430 7425 7426
f 7430 7426 7432
f 7426 7429 7432
f 7433 7436 7438
f 7433 7438 7437
f 7436 7440 7441
f 7436 7441 7438
f 7434 7439 7441
f 7434 7441 7440
f 7439 7443 7444
f 7439 7444 7441
f 7435 7442 7444
f 7435 7444 7443
f 7442 7437 7438
f 7442 7438 7444
f 7438 7441 7444
f 7445 7448 7450
f 7445 7450 7449
f 7448 7452 7453
f 7448 7453 7450
f 7446 7451 7453
f 7446 7453 7452
f 7451 7455 7456
f 7451 7456 7453
f 7447 7454 7456
f 7447 7456 7455
f 7454 7449 7450
f 7454 7450 7456
f 7450 7453 7456
f 7457 7460 7462
f 7457 7462 7461
f 7460 7464 7465
f 7460 7465 7462
f 7458 7463 7465
f 7458 7465 7464
f 7463 7467 7468
f 7463 7468 7465
f 7459 7466 7468
f 7459 7468 7467
f 7466 7461 7462
f 7466 7462 7468
f 7462 7465 7468
f 7469 7472 7474
f 7469 7474 7473
f 7472 7476 7477
f 7472 7477 7474
f 7470 7475 7477
f 7470 7477 7476
f 7475 7479 7480
f 7475 7480 7477
f 7471 7478 7480
f 7471 7480 7479
f 7478 7473 7474
f 7478 7474 7480
f 7474 7477 7480
f 7409 7385 7389
f 7409 7389 7412
f 7412 7389 7394
f 7412 7394 7416
f 7416 7394 7387
f 7416 7387 7410
f 7386 7397 7401
f 7386 7401 7391
f 7391 7401 7406
f 7391 7406 7395
f 7395 7406 7399
f 7395 7399 7387
f 7398 7421 7425
f 7398 7425 7403
f 7403 7425 7430
f 7403 7430 7407
f 7407 7430 7423
f 7407 7423 7399
f 7422 7411 7419
f 7422 7419 7427
f 7427 7419 7415
f 7427 7415 7431
f 7431 7415 7410
f 7431 7410 7423
f 7457 7409 7413
f 7457 7413 7460
f 7460 7413 7418
f 7460 7418 7464
f 7464 7418 7411
f 7464 7411 7458
f 7421 7469 7473
f 7421 7473 7424
f 7424 7473 7478
f 7424 7478 7428
f 7428 7478 7471
f 7428 7471 7422
f 7470 7459 7467
f 7470 7467 7475
f 7475 7467 7463
f 7475 7463 7479
f 7479 7463 7458
f 7479 7458 7471
f 7433 7457 7461
f 7433 7461 7436
f 7436 7461 7466
f 7436 7466 7440
f 7440 7466 7459
f 7440 7459 7434
f 7469 7445 7449
f 7469 7449 7472
f 7472 7449 7454
f 7472 7454 7476
f 7476 7454 7447
f 7476 7447 7470
f 7446 7435 7443
f 7446 7443 7451
f 7451 7443 7439
f 7451 7439 7455
f 7455 7439 7434
f 7455 7434 7447
f 7385 7433 7437
f 7385 7437 7388
f 7388 7437 7442
f 7388 7442 7392
f 7392 7442 7435
f 7392 7435 7386
f 7445 7398 7404
f 7445 7404 7448
f 7448 7404 7400
f 7448 7400 7452
f 7452 7400 7397
f 7452 7397 7446
f 7409 7457 7433
f 7409 7433 7385
f 7387 7399 7423
f 7387 7423 7410
f 7435 7446 7397
f 7435 7397 7386
f 7469 7421 7398
f 7469 7398 7445
f 7411 7422 7471
f 7411 7471 7458
f 7459 7470 7447
f 7459 7447 7434
v 0.2692708 0.6020000 1.0700257
v 0.2703454 0.6000000 1.0717125
v 0.2686587 0.6020000 1.0727872
v 0.2694144 0.6010013 1.0702511
v 0.2685721 0.6020000 1.0707877
v 0.2687472 0.6010436 1.0709839
v 0.2695031 0.6002672 1.0722491
v 0.2698089 0.6002672 1.0708703
v 0.2690249 0.6005267 1.0714197
v 0.2683474 0.6020000 1.0718013
v 0.2688840 0.6010013 1.0726435
v 0.2685890 0.6010436 1.0716975
v 0.2714200 0.6000000 1.0733993
v 0.2724946 0.6020000 1.0750861
v 0.2697333 0.6020000 1.0744739
v 0.2719567 0.6002672 1.0742416
v 0.2705778 0.6002672 1.0739359
v 0.2711273 0.6005267 1.0747198
v 0.2715088 0.6020000 1.0753974
v 0.2723511 0.6010013 1.0748607
v 0.2714050 0.6010436 1.0751557
v 0.2699586 0.6010013 1.0743303
v 0.2704952 0.6020000 1.0751727
v 0.2706914 0.6010436 1.0749975
v 0.2692708 0.7980000 1.0700257
v 0.2686587 0.7980000 1.0727872
v 0.2703454 0.8000000 1.0717125
v 0.2685721 0.7980000 1.0707877
v 0.2694144 0.7989987 1.0702511
v 0.2687472 0.7989564 1.0709839
v 0.2688840 0.7989987 1.0726435
v 0.2683474 0.7980000 1.0718013
v 0.2685890 0.7989564 1.0716975
v 0.2698089 0.7997328 1.0708703
v 0.2695031 0.7997328 1.0722491
v 0.2690249 0.7994733 1.0714197
v 0.2724946 0.7980000 1.0750861
v 0.2714200 0.8000000 1.0733993
v 0.2697333 0.7980000 1.0744739
v 0.2723511 0.7989987 1.0748607
v 0.2715088 0.7980000 1.0753974
v 0.2714050 0.7989564 1.0751557
v 0.2705778 0.7997328 1.0739359
v 0.2719567 0.7997328 1.0742416
v 0.2711273 0.7994733 1.0747198
v 0.2704952 0.7980000 1.0751727
v 0.2699586 0.7989987 1.0743303
v 0.2706914 0.7989564 1.0749975
v 0.3937569 0.6020000 0.9907194
v 0.3965183 0.6020000 0.9913315
v 0.3948315 0.6000000 0.9924061
v 0.3947428 0.6020000 0.9904081
v 0.3939005 0.6010013 0.9909447
v 0.3948466 0.6010436 0.9906497
v 0.3962929 0.6010013 0.9914751
v 0.3957563 0.6020000 0.9906328
v 0.3955601 0.6010436 0.9908079
v 0.3942949 0.6002672 0.9915639
v 0.3956738 0.6002672 0.9918696
v 0.3951243 0.6005267 0.9910856
v 0.3969807 0.6020000 0.9957797
v 0.3959061 0.6000000 0.9940929
v 0.3975929 0.6020000 0.9930183
v 0.3968371 0.6010013 0.9955544
v 0.3976794 0.6020000 0.9950178
v 0.3975043 0.6010436 0.9948215
v 0.3967484 0.6002672 0.9935563
v 0.3964427 0.6002672 0.9949352
v 0.3972266 0.6005267 0.9943857
v 0.3979041 0.6020000 0.9940042
v 0.3973675 0.6010013 0.9931619
v 0.3976625 0.6010436 0.9941080
v 0.3937569 0.7980000 0.9907194
v 0.3948315 0.8000000 0.9924061
v 0.3965183 0.7980000 0.9913315
v 0.3939005 0.7989987 0.9909447
v 0.3947428 0.7980000 0.9904081
v 0.3948466 0.7989564 0.9906497
v 0.3956738 0.7997328 0.9918696
v 0.3942949 0.7997328 0.9915639
v 0.3951243 0.7994733 0.9910856
v 0.3957563 0.7980000 0.9906328
v 0.3962929 0.7989987 0.9914751
v 0.3955601 0.7989564 0.9908079
v 0.3969807 0.7980000 0.9957797
v 0.3975929 0.7980000 0.9930183
v 0.3959061 0.8000000 0.9940929
v 0.3976794 0.7980000 0.9950178
v 0.3968371 0.7989987 0.9955544
v 0.3975043 0.7989564 0.9948215
v 0.3973675 0.7989987 0.9931619
v 0.3979041 0.7980000 0.9940042
v 0.3976625 0.7989564 0.9941080
v 0.3964427 0.7997328 0.9949352
v 0.3967484 0.7997328 0.9935563
v 0.3972266 0.7994733 0.9943857
f 7481 7484 7486
f 7481 7486 7485
f 7484 7488 7489
f 7484 7489 7486
f 7482 7487 7489
f 7482 7489 7488
f 7487 7491 7492
f 7487 7492 7489
f 7483 7490 7492
f 7483 7492 7491
f 7490 7485 7486
f 7490 7486 7492
f 7486 7489 7492
f 7493 7496 7498
f 7493 7498 7497
f 7496 7500 7501
f 7496 7501 7498
f 7494 7499 7501
f 7494 7501 7500
f 7499 7503 7504
f 7499 7504 7501
f 7495 7502 7504
f 7495 7504 7503
f 7502 7497 7498
f 7502 7498 7504
f 7498 7501 7504
f 7505 7508 7510
f 7505 7510 7509
f 7508 7512 7513
f 7508 7513 7510
f 7506 7511 7513
f 7506 7513 7512
f 7511 7515 7516
f 7511 7516 7513
f 7507 7514 7516
f 7507 7516 7515
f 7514 7509 7510
f 7514 7510 7516
f 7510 7513 7516
f 7517 7520 7522
f 7517 7522 7521
f 7520 7524 7525
f 7520 7525 7522
f 7518 7523 7525
f 7518 7525 7524
f 7523 7527 7528
f 7523 7528 7525
f 7519 7526 7528
f 7519 7528 7527
f 7526 7521 7522
f 7526 7522 7528
f 7522 7525 7528
f 7529 7532 7534
f 7529 7534 7533
f 7532 7536 7537
f 7532 7537 7534
f 7530 7535 7537
f 7530 7537 7536
f 7535 7539 7540
f 7535 7540 7537
f 7531 7538 7540
f 7531 7540 7539
f 7538 7533 7534
f 7538 7534 7540
f 7534 7537 7540
f 7541 7544 7546
f 7541 7546 7545
f 7544 7548 7549
f 7544 7549 7546
f 7542 7547 7549
f 7542 7549 7548
f 7547 7551 7552
f 7547 7552 7549
f 7543 7550 7552
f 7543 7552 7551
f 7550 7545 7546
f 7550 7546 7552
f 7546 7549 7552
f 7553 7556 7558
f 7553 7558 7557
f 7556 7560 7561
f 7556 7561 7558
f 7554 7559 7561
f 7554 7561 7560
f 7559 7563 7564
f 7559 7564 7561
f 7555 7562 7564
f 7555 7564 7563
f 7562 7557 7558
f 7562 7558 7564
f 7558 7561 7564
f 7565 7568 7570
f 7565 7570 7569
f 7568 7572 7573
f 7568 7573 7570
f 7566 7571 7573
f 7566 7573 7572
f 7571 7575 7576
f 7571 7576 7573
f 7567 7574 7576
f 7567 7576 7575
f 7574 7569 7570
f 7574 7570 7576
f 7570 7573 7576
f 7505 7481 7485
f 7505 7485 7508
f 7508 7485 7490
f 7508 7490 7512
f 7512 7490 7483
f 7512 7483 7506
f 7482 7493 7497
f 7482 7497 7487
f 7487 7497 7502
f 7487 7502 7491
f 7491 7502 7495
f 7491 7495 7483
f 7494 7517 7521
f 7494 7521 7499
f 7499 7521 7526
f 7499 7526 7503
f 7503 7526 7519
f 7503 7519 7495
f 7518 7507 7515
f 7518 7515 7523
f 7523 7515 7511
f 7523 7511 7527
f 7527 7511 7506
f 7527 7506 7519
f 7553 7505 7509
f 7553 7509 7556
f 7556 7509 7514
f 7556 7514 7560
f 7560 7514 7507
f 7560 7507 7554
f 7517 7565 7569
f 7517 7569 7520
f 7520 7569 7574
f 7520 7574 7524
f 7524 7574 7567
f 7524 7567 7518
f 7566 7555 7563
f 7566 7563 7571
f 7571 7563 7559
f 7571 7559 7575
f 7575 7559 7554
f 7575 7554 7567
f 7529 7553 7557
f 7529 7557 7532
f 7532 7557 7562
f 7532 7562 7536
f 7536 7562 7555
f 7536 7555 7530
f 7565 7541 7545
f 7565 7545 7568
f 7568 7545 7550
f 7568 7550 7572
f 7572 7550 7543
f 7572 7543 7566
f 7542 7531 7539
f 7542 7539 7547
f 7547 7539 7535
f 7547 7535 7551
f 7551 7535 7530
f 7551 7530 7543
f 7481 7529 7533
f 7481 7533 7484
f 7484 7533 7538
f 7484 7538 7488
f 7488 7538 7531
f 7488 7531 7482
f 7541 7494 7500
f 7541 7500 7544
f 7544 7500 7496
f 7544 7496 7548
f 7548 7496 7493
f 7548 7493 7542
f 7505 7553 7529
f 7505 7529 7481
f 7483 7495 7519
f 7483 7519 7506
f 7531 7542 7493
f 7531 7493 7482
f 7565 7517 7494
f 7565 7494 7541
f 7507 7518 7567
f 7507 7567 7554
f 7555 7566 7543
f 7555 7543 7530
v 0.1363911 0.6020000 1.1162450
v 0.1370587 0.6000000 1.1181303
v 0.1351734 0.6020000 1.1187979
v 0.1364802 0.6010013 1.1164969
v 0.1355388 0.6020000 1.1168302
v 0.1356653 0.6010436 1.1170608
v 0.1361173 0.6002672 1.1184636
v 0.1367253 0.6002672 1.1171889
v 0.1358378 0.6005267 1.1175480
v 0.1350919 0.6020000 1.1177673
v 0.1354253 0.6010013 1.1187087
v 0.1353506 0.6010436 1.1177205
v 0.1377263 0.6000000 1.1200156
v 0.1383939 0.6020000 1.1219009
v 0.1358410 0.6020000 1.1206832
v 0.1380596 0.6002672 1.1209570
v 0.1367849 0.6002672 1.1203489
v 0.1371440 0.6005267 1.1212364
v 0.1373633 0.6020000 1.1219823
v 0.1383047 0.6010013 1.1216490
v 0.1373165 0.6010436 1.1217237
v 0.1360929 0.6010013 1.1205940
v 0.1364262 0.6020000 1.1215354
v 0.1366568 0.6010436 1.1214089
v 0.1363911 0.7980000 1.1162450
v 0.1351734 0.7980000 1.1187979
v 0.1370587 0.8000000 1.1181303
v 0.1355388 0.7980000 1.1168302
v 0.1364802 0.7989987 1.1164969
v 0.1356653 0.7989564 1.1170608
v 0.1354253 0.7989987 1.1187087
v 0.1350919 0.7980000 1.1177673
v 0.1353506 0.7989564 1.1177205
v 0.1367253 0.7997328 1.1171889
v 0.1361173 0.7997328 1.1184636
v 0.1358378 0.7994733 1.1175480
v 0.1383939 0.7980000 1.1219009
v 0.1377263 0.8000000 1.1200156
v 0.1358410 0.7980000 1.1206832
v 0.1383047 0.7989987 1.1216490
v 0.1373633 0.7980000 1.1219823
v 0.1373165 0.7989564 1.1217237
v 0.1367849 0.7997328 1.1203489
v 0.1380596 0.7997328 1.1209570
v 0.1371440 0.7994733 1.1212364
v 0.1364262 0.7980000 1.1215354
v 0.1360929 0.7989987 1.1205940
v 0.1366568 0.7989564 1.1214089
v 0.2755266 0.6020000 1.0669745
v 0.2780795 0.6020000 1.0681922
v 0.2761942 0.6000000 1.0688598
v 0.2765572 0.6020000 1.0668931
v 0.2756158 0.6010013 1.0672264
v 0.2766040 0.6010436 1.0671518
v 0.2778276 0.6010013 1.0682814
v 0.2774943 0.6020000 1.0673400
v 0.2772637 0.6010436 1.0674665
v 0.2758608 0.6002672 1.0679184
v 0.2771356 0.6002672 1.0685265
v 0.2767765 0.6005267 1.0676390
v 0.2775294 0.6020000 1.0726304
v 0.2768618 0.6000000 1.0707451
v 0.2787471 0.6020000 1.0700775
v 0.2774402 0.6010013 1.0723785
v 0.2783816 0.6020000 1.0720452
v 0.2782552 0.6010436 1.0718147
v 0.2778032 0.6002672 1.0704118
v 0.2771952 0.6002672 1.0716865
v 0.2780826 0.6005267 1.0713274
v 0.2788286 0.6020000 1.0711081
v 0.2784952 0.6010013 1.0701667
v 0.2785698 0.6010436 1.0711550
v 0.2755266 0.7980000 1.0669745
v 0.2761942 0.8000000 1.0688598
v 0.2780795 0.7980000 1.0681922
v 0.2756158 0.7989987 1.0672264
v 0.2765572 0.7980000 1.0668931
v 0.2766040 0.7989564 1.0671518
v 0.2771356 0.7997328 1.0685265
v 0.2758608 0.7997328 1.0679184
v 0.2767765 0.7994733 1.0676390
v 0.2774943 0.7980000 1.0673400
v 0.2778276 0.7989987 1.0682814
v 0.2772637 0.7989564 1.0674665
v 0.2775294 0.7980000 1.0726304
v 0.2787471 0.7980000 1.0700775
v 0.2768618 0.8000000 1.0707451
v 0.2783816 0.7980000 1.0720452
v 0.2774402 0.7989987 1.0723785
v 0.2782552 0.7989564 1.0718147
v 0.2784952 0.7989987 1.0701667
v 0.2788286 0.7980000 1.0711081
v 0.2785698 0.7989564 1.0711550
v 0.2771952 0.7997328 1.0716865
v 0.2778032 0.7997328 1.0704118
v 0.2780826 0.7994733 1.0713274
f 7577 7580 7582
f 7577 7582 7581
f 7580 7584 7585
f 7580 7585 7582
f 7578 7583 7585
f 7578 7585 7584
f 7583 7587 7588
f 7583 7588 7585
f 7579 7586 7588
f 7579 7588 7587
f 7586 7581 7582
f 7586 7582 7588
f 7582 7585 7588
f 7589 7592 7594
f 7589 7594 7593
f 7592 7596 7597
f 7592 7597 7594
f 7590 7595 7597
f 7590 7597 7596
f 7595 7599 7600
f 7595 7600 7597
f 7591 7598 7600
f 7591 7600 7599
f 7598 7593 7594
f 7598 7594 7600
f 7594 7597 7600
f 7601 7604 7606
f 7601 7606 7605
f 7604 7608 7609
f 7604 7609 7606
f 7602 7607 7609
f 7602 7609 7608
f 7607 7611 7612
f 7607 7612 7609
f 7603 7610 7612
f 7603 7612 7611
f 7610 7605 7606
f 7610 7606 7612
f 7606 7609 7612
f 7613 7616 7618
f 7613 7618 7617
f 7616 7620 7621
f 7616 7621 7618
f 7614 7619 7621
f 7614 7621 7620
f 7619 7623 7624
f 7619 7624 7621
f 7615 7622 7624
f 7615 7624 7623
f 7622 7617 7618
f 7622 7618 7624
f 7618 7621 7624
f 7625 7628 7630
f 7625 7630 7629
f 7628 7632 7633
f 7628 7633 7630
f 7626 7631 7633
f 7626 7633 7632
f 7631 7635 7636
f 7631 7636 7633
f 7627 7634 7636
f 7627 7636 7635
f 7634 7629 7630
f 7634 7630 7636
f 7630 7633 7636
f 7637 7640 7642
f 7637 7642 7641
f 7640 7644 7645
f 7640 7645 7642
f 7638 7643 7645
f 7638 7645 7644
f 7643 7647 7648
f 7643 7648 7645
f 7639 7646 7648
f 7639 7648 7647
f 7646 7641 7642
f 7646 7642 7648
f 7642 7645 7648
f 7649 7652 7654
f 7649 7654 7653
f 7652 7656 7657
f 7652 7657 7654
f 7650 7655 7657
f 7650 7657 7656
f 7655 7659 7660
f 7655 7660 7657
f 7651 7658 7660
f 7651 7660 7659
f 7658 7653 7654
f 7658 7654 7660
f 7654 7657 7660
f 7661 7664 7666
f 7661 7666 7665
f 7664 7668 7669
f 7664 7669 7666
f 7662 7667 7669
f 7662 7669 7668
f 7667 7671 7672
f 7667 7672 7669
f 7663 7670 7672
f 7663 7672 7671
f 7670 7665 7666
f 7670 7666 7672
f 7666 7669 7672
f 7601 7577 7581
f 7601 7581 7604
f 7604 7581 7586
f 7604 7586 7608
f 7608 7586 7579
f 7608 7579 7602
f 7578 7589 7593
f 7578 7593 7583
f 7583 7593 7598
f 7583 7598 7587
f 7587 7598 7591
f 7587 7591 7579
f 7590 7613 7617
f 7590 7617 7595
f 7595 7617 7622
f 7595 7622 7599
f 7599 7622 7615
f 7599 7615 7591
f 7614 7603 7611
f 7614 7611 7619
f 7619 7611 7607
f 7619 7607 7623
f 7623 7607 7602
f 7623 7602 7615
f 7649 7601 7605
f 7649 7605 7652
f 7652 7605 7610
f 7652 7610 7656
f 7656 7610 7603
f 7656 7603 7650
f 7613 7661 7665
f 7613 7665 7616
f 7616 7665 7670
f 7616 7670 7620
f 7620 7670 7663
f 7620 7663 7614
f 7662 7651 7659
f 7662 7659 7667
f 7667 7659 7655
f 7667 7655 7671
f 7671 7655 7650
f 7671 7650 7663
f 7625 7649 7653
f 7625 7653 7628
f 7628 7653 7658
f 7628 7658 7632
f 7632 7658 7651
f 7632 7651 7626
f 7661 7637 7641
f 7661 7641 7664
f 7664 7641 7646
f 7664 7646 7668
f 7668 7646 7639
f 7668 7639 7662
f 7638 7627 7635
f 7638 7635 7643
f 7643 7635 7631
f 7643 7631 7647
f 7647 7631 7626
f 7647 7626 7639
f 7577 7625 7629
f 7577 7629 7580
f 7580 7629 7634
f 7580 7634 7584
f 7584 7634 7627
f 7584 7627 7578
f 7637 7590 7596
f 7637 7596 7640
f 7640 7596 7592
f 7640 7592 7644
f 7644 7592 7589
f 7644 7589 7638
f 7601 7649 7625
f 7601 7625 7577
f 7579 7591 7615
f 7579 7615 7602
f 7627 7638 7589
f 7627 7589 7578
f 7661 7613 7590
f 7661 7590 7637
f 7603 7614 7663
f 7603 7663 7650
f 7651 7662 7639
f 7651 7639 7626
v -0.0034801 0.6020000 1.1313884
v -0.0032537 0.6000000 1.1333755
v -0.0052408 0.6020000 1.1336019
v -0.0034498 0.6010013 1.1316539
v -0.0044421 0.6020000 1.1317669
v -0.0043707 0.6010436 1.1320200
v -0.0042460 0.6002672 1.1334885
v -0.0033667 0.6002672 1.1323832
v -0.0043122 0.6005267 1.1325336
v -0.0050884 0.6020000 1.1325794
v -0.0049754 0.6010013 1.1335716
v -0.0048258 0.6010436 1.1325920
v -0.0030273 0.6000000 1.1353626
v -0.0028009 0.6020000 1.1373498
v -0.0050144 0.6020000 1.1355891
v -0.0029142 0.6002672 1.1363549
v -0.0040195 0.6002672 1.1354758
v -0.0038693 0.6005267 1.1364212
v -0.0038234 0.6020000 1.1371974
v -0.0028311 0.6010013 1.1370844
v -0.0038108 0.6010436 1.1369348
v -0.0047489 0.6010013 1.1355588
v -0.0046359 0.6020000 1.1365511
v -0.0043828 0.6010436 1.1364797
v -0.0034801 0.7980000 1.1313884
v -0.0052408 0.7980000 1.1336019
v -0.0032537 0.8000000 1.1333755
v -0.0044421 0.7980000 1.1317669
v -0.0034498 0.7989987 1.1316539
v -0.0043707 0.7989564 1.1320200
v -0.0049754 0.7989987 1.1335716
v -0.0050884 0.7980000 1.1325794
v -0.0048258 0.7989564 1.1325920
v -0.0033667 0.7997328 1.1323832
v -0.0042460 0.7997328 1.1334885
v -0.0043122 0.7994733 1.1325336
v -0.0028009 0.7980000 1.1373498
v -0.0030273 0.8000000 1.1353626
v -0.0050144 0.7980000 1.1355891
v -0.0028311 0.7989987 1.1370844
v -0.0038234 0.7980000 1.1371974
v -0.0038108 0.7989564 1.1369348
v -0.0040195 0.7997328 1.1354758
v -0.0029142 0.7997328 1.1363549
v -0.0038693 0.7994733 1.1364212
v -0.0046359 0.7980000 1.1365511
v -0.0047489 0.7989987 1.1355588
v -0.0043828 0.7989564 1.1364797
v 0.1431729 0.6020000 1.1146793
v 0.1453864 0.6020000 1.1164401
v 0.1433993 0.6000000 1.1166666
v 0.1441954 0.6020000 1.1148318
v 0.1432031 0.6010013 1.1149448
v 0.1441828 0.6010436 1.1150944
v 0.1451209 0.6010013 1.1164703
v 0.1450079 0.6020000 1.1154780
v 0.1447548 0.6010436 1.1155494
v 0.1432862 0.6002672 1.1156743
v 0.1443915 0.6002672 1.1165534
v 0.1442413 0.6005267 1.1156080
v 0.1438521 0.6020000 1.1206408
v 0.1436257 0.6000000 1.1186537
v 0.1456128 0.6020000 1.1184273
v 0.1438218 0.6010013 1.1203753
v 0.1448141 0.6020000 1.1202623
v 0.1447427 0.6010436 1.1200092
v 0.1446179 0.6002672 1.1185406
v 0.1437387 0.6002672 1.1196460
v 0.1446842 0.6005267 1.1194956
v 0.1454604 0.6020000 1.1194497
v 0.1453473 0.6010013 1.1184576
v 0.1451977 0.6010436 1.1194372
v 0.1431729 0.7980000 1.1146793
v 0.1433993 0.8000000 1.1166666
v 0.1453864 0.7980000 1.1164401
v 0.1432031 0.7989987 1.1149448
v 0.1441954 0.7980000 1.1148318
v 0.1441828 0.7989564 1.1150944
v 0.1443915 0.7997328 1.1165534
v 0.1432862 0.7997328 1.1156743
v 0.1442413 0.7994733 1.1156080
v 0.1450079 0.7980000 1.1154780
v 0.1451209 0.7989987 1.1164703
v 0.1447548 0.7989564 1.1155494
v 0.1438521 0.7980000 1.1206408
v 0.1456128 0.7980000 1.1184273
v 0.1436257 0.8000000 1.1186537
v 0.1448141 0.7980000 1.1202623
v 0.1438218 0.7989987 1.1203753
v 0.1447427 0.7989564 1.1200092
v 0.1453473 0.7989987 1.1184576
v 0.1454604 0.7980000 1.1194497
v 0.1451977 0.7989564 1.1194372
v 0.1437387 0.7997328 1.1196460
v 0.1446179 0.7997328 1.1185406
v 0.1446842 0.7994733 1.1194956
f 7673 7676 7678
f 7673 7678 7677
f 7676 7680 7681
f 7676 7681 7678
f 7674 7679 7681
f 7674 7681 7680
f 7679 7683 7684
f 7679 7684 7681
f 7675 7682 7684
f 7675 7684 7683
f 7682 7677 7678
f 7682 7678 7684
f 7678 7681 7684
f 7685 7688 7690
f 7685 7690 7689
f 7688 7692 7693
f 7688 7693 7690
f 7686 7691 7693
f 7686 7693 7692
f 7691 7695 7696
f 7691 7696 7693
f 7687 7694 7696
f 7687 7696 7695
f 7694 7689 7690
f 7694 7690 7696
f 7690 7693 7696
f 7697 7700 7702
f 7697 7702 7701
f 7700 7704 7705
f 7700 7705 7702
f 7698 7703 7705
f 7698 7705 7704
f 7703 7707 7708
f 7703 7708 7705
f 7699 7706 7708
f 7699 7708 7707
f 7706 7701 7702
f 7706 7702 7708
f 7702 7705 7708
f 7709 7712 7714
f 7709 7714 7713
f 7712 7716 7717
f 7712 7717 7714
f 7710 7715 7717
f 7710 7717 7716
f 7715 7719 7720
f 7715 7720 7717
f 7711 7718 7720
f 7711 7720 7719
f 7718 7713 7714
f 7718 7714 7720
f 7714 7717 7720
f 7721 7724 7726
f 7721 7726 7725
f 7724 7728 7729
f 7724 7729 7726
f 7722 7727 7729
f 7722 7729 7728
f 7727 7731 7732
f 7727 7732 7729
f 7723 7730 7732
f 7723 7732 7731
f 7730 7725 7726
f 7730 7726 7732
f 7726 7729 7732
f 7733 7736 7738
f 7733 7738 7737
f 7736 7740 7741
f 7736 7741 7738
f 7734 7739 7741
f 7734 7741 7740
f 7739 7743 7744
f 7739 7744 7741
f 7735 7742 7744
f 7735 7744 7743
f 7742 7737 7738
f 7742 7738 7744
f 7738 7741 7744
f 7745 7748 7750
f 7745 7750 7749
f 7748 7752 7753
f 7748 7753 7750
f 7746 7751 7753
f 7746 7753 7752
f 7751 7755 7756
f 7751 7756 7753
f 7747 7754 7756
f 7747 7756 7755
f 7754 7749 7750
f 7754 7750 7756
f 7750 7753 7756
f 7757 7760 7762
f 7757 7762 7761
f 7760 7764 7765
f 7760 7765 7762
f 7758 7763 7765
f 7758 7765 7764
f 7763 7767 7768
f 7763 7768 7765
f 7759 7766 7768
f 7759 7768 7767
f 7766 7761 7762
f 7766 7762 7768
f 7762 7765 7768
f 7697 7673 7677
f 7697 7677 7700
f 7700 7677 7682
f 7700 7682 7704
f 7704 7682 7675
f 7704 7675 7698
f 7674 7685 7689
f 7674 7689 7679
f 7679 7689 7694
f 7679 7694 7683
f 7683 7694 7687
f 7683 7687 7675
f 7686 7709 7713
f 7686 7713 7691
f 7691 7713 7718
f 7691 7718 7695
f 7695 7718 7711
f 7695 7711 7687
f 7710 7699 7707
f 7710 7707 7715
f 7715 7707 7703
f 7715 7703 7719
f 7719 7703 7698
f 7719 7698 7711
f 7745 7697 7701
f 7745 7701 7748
f 7748 7701 7706
f 7748 7706 7752
f 7752 7706 7699
f 7752 7699 7746
f 7709 7757 7761
f 7709 7761 7712
f 7712 7761 7766
f 7712 7766 7716
f 7716 7766 7759
f 7716 7759 7710
f 7758 7747 7755
f 7758 7755 7763
f 7763 7755 7751
f 7763 7751 7767
f 7767 7751 7746
f 7767 7746 7759
f 7721 7745 7749
f 7721 7749 7724
f 7724 7749 7754
f 7724 7754 7728
f 7728 7754 7747
f 7728 7747 7722
f 7757 7733 7737
f 7757 7737 7760
f 7760 7737 7742
f 7760 7742 7764
f 7764 7742 7735
f 7764 7735 7758
f 7734 7723 7731
f 7734 7731 7739
f 7739 7731 7727
f 7739 7727 7743
f 7743 7727 7722
f 7743 7722 7735
f 7673 7721 7725
f 7673 7725 7676
f 7676 7725 7730
f 7676 7730 7680
f 7680 7730 7723
f 7680 7723 7674
f 7733 7686 7692
f 7733 7692 7736
f 7736 7692 7688
f 7736 7688 7740
f 7740 7688 7685
f 7740 7685 7734
f 7697 7745 7721
f 7697 7721 7673
f 7675 7687 7711
f 7675 7711 7698
f 7723 7734 7685
f 7723 7685 7674
f 7757 7709 7686
f 7757 7686 7733
f 7699 7710 7759
f 7699 7759 7746
f 7747 7758 7735
f 7747 7735 7722
v -0.1431729 0.6020000 1.1146793
v -0.1433993 0.6000000 1.1166666
v -0.1453864 0.6020000 1.1164401
v -0.1432031 0.6010013 1.1149448
v -0.1441954 0.6020000 1.1148318
v -0.1441828 0.6010436 1.1150944
v -0.1443915 0.6002672 1.1165534
v -0.1432862 0.6002672 1.1156743
v -0.1442413 0.6005267 1.1156080
v -0.1450079 0.6020000 1.1154780
v -0.1451209 0.6010013 1.1164703
v -0.1447548 0.6010436 1.1155494
v -0.1436257 0.6000000 1.1186537
v -0.1438521 0.6020000 1.1206408
v -0.1456128 0.6020000 1.1184273
v -0.1437387 0.6002672 1.1196460
v -0.1446179 0.6002672 1.1185406
v -0.1446842 0.6005267 1.1194956
v -0.1448141 0.6020000 1.1202623
v -0.1438218 0.6010013 1.1203753
v -0.1447427 0.6010436 1.1200092
v -0.1453473 0.6010013 1.1184576
v -0.1454604 0.6020000 1.1194497
v -0.1451977 0.6010436 1.1194372
v -0.1431729 0.7980000 1.1146793
v -0.1453864 0.7980000 1.1164401
v -0.1433993 0.8000000 1.1166666
v -0.1441954 0.7980000 1.1148318
v -0.1432031 0.7989987 1.1149448
v -0.1441828 0.7989564 1.1150944
v -0.1451209 0.7989987 1.1164703
v -0.1450079 0.7980000 1.1154780
v -0.1447548 0.7989564 1.1155494
v -0.1432862 0.7997328 1.1156743
v -0.1443915 0.7997328 1.1165534
v -0.1442413 0.7994733 1.1156080
v -0.1438521 0.7980000 1.1206408
v -0.1436257 0.8000000 1.1186537
v -0.1456128 0.7980000 1.1184273
v -0.1438218 0.7989987 1.1203753
v -0.1448141 0.7980000 1.1202623
v -0.1447427 0.7989564 1.1200092
v -0.1446179 0.7997328 1.1185406
v -0.1437387 0.7997328 1.1196460
v -0.1446842 0.7994733 1.1194956
v -0.1454604 0.7980000 1.1194497
v -0.1453473 0.7989987 1.1184576
v -0.1451977 0.7989564 1.1194372
v 0.0034801 0.6020000 1.1313884
v 0.0052408 0.6020000 1.1336019
v 0.0032537 0.6000000 1.1333755
v 0.0044421 0.6020000 1.1317669
v 0.0034498 0.6010013 1.1316539
v 0.0043707 0.6010436 1.1320200
v 0.0049754 0.6010013 1.1335716
v 0.0050884 0.6020000 1.1325794
v 0.0048258 0.6010436 1.1325920
v 0.0033667 0.6002672 1.1323832
v 0.0042460 0.6002672 1.1334885
v 0.0043122 0.6005267 1.1325336
v 0.0028009 0.6020000 1.1373498
v 0.0030273 0.6000000 1.1353626
v 0.0050144 0.6020000 1.1355891
v 0.0028311 0.6010013 1.1370844
v 0.0038234 0.6020000 1.1371974
v 0.0038108 0.6010436 1.1369348
v 0.0040195 0.6002672 1.1354758
v 0.0029142 0.6002672 1.1363549
v 0.0038693 0.6005267 1.1364212
v 0.0046359 0.6020000 1.1365511
v 0.0047489 0.6010013 1.1355588
v 0.0043828 0.6010436 1.1364797
v 0.0034801 0.7980000 1.1313884
v 0.0032537 0.8000000 1.1333755
v 0.0052408 0.7980000 1.1336019
v 0.0034498 0.7989987 1.1316539
v 0.0044421 0.7980000 1.1317669
v 0.0043707 0.7989564 1.1320200
v 0.0042460 0.7997328 1.1334885
v 0.0033667 0.7997328 1.1323832
v 0.0043122 0.7994733 1.1325336
v 0.0050884 0.7980000 1.1325794
v 0.0049754 0.7989987 1.1335716
v 0.0048258 0.7989564 1.1325920
v 0.0028009 0.7980000 1.1373498
v 0.0050144 0.7980000 1.1355891
v 0.0030273 0.8000000 1.1353626
v 0.0038234 0.7980000 1.1371974
v 0.0028311 0.7989987 1.1370844
v 0.0038108 0.7989564 1.1369348
v 0.0047489 0.7989987 1.1355588
v 0.0046359 0.7980000 1.1365511
v 0.0043828 0.7989564 1.1364797
v 0.0029142 0.7997328 1.1363549
v 0.0040195 0.7997328 1.1354758
v 0.0038693 0.7994733 1.1364212
f 7769 7772 7774
f 7769 7774 7773
f 7772 7776 7777
f 7772 7777 7774
f 7770 7775 7777
f 7770 7777 7776
f 7775 7779 7780
f 7775 7780 7777
f 7771 7778 7780
f 7771 7780 7779
f 7778 7773 7774
f 7778 7774 7780
f 7774 7777 7780
f 7781 7784 7786
f 7781 7786 7785
f 7784 7788 7789
f 7784 7789 7786
f 7782 7787 7789
f 7782 7789 7788
f 7787 7791 7792
f 7787 7792 7789
f 7783 7790 7792
f 7783 7792 7791
f 7790 7785 7786
f 7790 7786 7792
f 7786 7789 7792
f 7793 7796 7798
f 7793 7798 7797
f 7796 7800 7801
f 7796 7801 7798
f 7794 7799 7801
f 7794 7801 7800
f 7799 7803 7804
f 7799 7804 7801
f 7795 7802 7804
f 7795 7804 7803
f 7802 7797 7798
f 7802 7798 7804
f 7798 7801 7804
f 7805 7808 7810
f 7805 7810 7809
f 7808 7812 7813
f 7808 7813 7810
f 7806 7811 7813
f 7806 7813 7812
f 7811 7815 7816
f 7811 7816 7813
f 7807 7814 7816
f 7807 7816 7815
f 7814 7809 7810
f 7814 7810 7816
f 7810 7813 7816
f 7817 7820 7822
f 7817 7822 7821
f 7820 7824 7825
f 7820 7825 7822
f 7818 7823 7825
f 7818 7825 7824
f 7823 7827 7828
f 7823 7828 7825
f 7819 7826 7828
f 7819 7828 7827
f 7826 7821 7822
f 7826 7822 7828
f 7822 7825 7828
f 7829 7832 7834
f 7829 7834 7833
f 7832 7836 7837
f 7832 7837 7834
f 7830 7835 7837
f 7830 7837 7836
f 7835 7839 7840
f 7835 7840 7837
f 7831 7838 7840
f 7831 7840 7839
f 7838 7833 7834
f 7838 7834 7840
f 7834 7837 7840
f 7841 7844 7846
f 7841 7846 7845
f 7844 7848 7849
f 7844 7849 7846
f 7842 7847 7849
f 7842 7849 7848
f 7847 7851 7852
f 7847 7852 7849
f 7843 7850 7852
f 7843 7852 7851
f 7850 7845 7846
f 7850 7846 7852
f 7846 7849 7852
f 7853 7856 7858
f 7853 7858 7857
f 7856 7860 7861
f 7856 7861 7858
f 7854 7859 7861
f 7854 7861 7860
f 7859 7863 7864
f 7859 7864 7861
f 7855 7862 7864
f 7855 7864 7863
f 7862 7857 7858
f 7862 7858 7864
f 7858 7861 7864
f 7793 7769 7773
f 7793 7773 7796
f 7796 7773 7778
f 7796 7778 7800
f 7800 7778 7771
f 7800 7771 7794
f 7770 7781 7785
f 7770 7785 7775
f 7775 7785 7790
f 7775 7790 7779
f 7779 7790 7783
f 7779 7783 7771
f 7782 7805 7809
f 7782 7809 7787
f 7787 7809 7814
f 7787 7814 7791
f 7791 7814 7807
f 7791 7807 7783
f 7806 7795 7803
f 7806 7803 7811
f 7811 7803 7799
f 7811 7799 7815
f 7815 7799 7794
f 7815 7794 7807
f 7841 7793 7797
f 7841 7797 7844
f 7844 7797 7802
f 7844 7802 7848
f 7848 7802 7795
f 7848 7795 7842
f 7805 7853 7857
f 7805 7857 7808
f 7808 7857 7862
f 7808 7862 7812
f 7812 7862 7855
f 7812 7855 7806
f 7854 7843 7851
f 7854 7851 7859
f 7859 7851 7847
f 7859 7847 7863
f 7863 7847 7842
f 7863 7842 7855
f 7817 7841 7845
f 7817 7845 7820
f 7820 7845 7850
f 7820 7850 7824
f 7824 7850 7843
f 7824 7843 7818
f 7853 7829 7833
f 7853 7833 7856
f 7856 7833 7838
f 7856 7838 7860
f 7860 7838 7831
f 7860 7831 7854
f 7830 7819 7827
f 7830 7827 7835
f 7835 7827 7823
f 7835 7823 7839
f 7839 7823 7818
f 7839 7818 7831
f 7769 7817 7821
f 7769 7821 7772
f 7772 7821 7826
f 7772 7826 7776
f 7776 7826 7819
f 7776 7819 7770
f 7829 7782 7788
f 7829 7788 7832
f 7832 7788 7784
f 7832 7784 7836
f 7836 7784 7781
f 7836 7781 7830
f 7793 7841 7817
f 7793 7817 7769
f 7771 7783 7807
f 7771 7807 7794
f 7819 7830 7781
f 7819 7781 7770
f 7853 7805 7782
f 7853 7782 7829
f 7795 7806 7855
f 7795 7855 7842
f 7843 7854 7831
f 7843 7831 7818
v -0.2755266 0.6020000 1.0669745
v -0.2761942 0.6000000 1.0688598
v -0.2780795 0.6020000 1.0681922
v -0.2756158 0.6010013 1.0672264
v -0.2765572 0.6020000 1.0668931
v -0.2766040 0.6010436 1.0671518
v -0.2771356 0.6002672 1.0685265
v -0.2758608 0.6002672 1.0679184
v -0.2767765 0.6005267 1.0676390
v -0.2774943 0.6020000 1.0673400
v -0.2778276 0.6010013 1.0682814
v -0.2772637 0.6010436 1.0674665
v -0.2768618 0.6000000 1.0707451
v -0.2775294 0.6020000 1.0726304
v -0.2787471 0.6020000 1.0700775
v -0.2771952 0.6002672 1.0716865
v -0.2778032 0.6002672 1.0704118
v -0.2780826 0.6005267 1.0713274
v -0.2783816 0.6020000 1.0720452
v -0.2774402 0.6010013 1.0723785
v -0.2782552 0.6010436 1.0718147
v -0.2784952 0.6010013 1.0701667
v -0.2788286 0.6020000 1.0711081
v -0.2785698 0.6010436 1.0711550
v -0.2755266 0.7980000 1.0669745
v -0.2780795 0.7980000 1.0681922
v -0.2761942 0.8000000 1.0688598
v -0.2765572 0.7980000 1.0668931
v -0.2756158 0.7989987 1.0672264
v -0.2766040 0.7989564 1.0671518
v -0.2778276 0.7989987 1.0682814
v -0.2774943 0.7980000 1.0673400
v -0.2772637 0.7989564 1.0674665
v -0.2758608 0.7997328 1.0679184
v -0.2771356 0.7997328 1.0685265
v -0.2767765 0.7994733 1.0676390
v -0.2775294 0.7980000 1.0726304
v -0.2768618 0.8000000 1.0707451
v -0.2787471 0.7980000 1.0700775
v -0.2774402 0.7989987 1.0723785
v -0.2783816 0.7980000 1.0720452
v -0.2782552 0.7989564 1.0718147
v -0.2778032 0.7997328 1.0704118
v -0.2771952 0.7997328 1.0716865
v -0.2780826 0.7994733 1.0713274
v -0.2788286 0.7980000 1.0711081
v -0.2784952 0.7989987 1.0701667
v -0.2785698 0.7989564 1.0711550
v -0.1363911 0.6020000 1.1162450
v -0.1351734 0.6020000 1.1187979
v -0.1370587 0.6000000 1.1181303
v -0.1355388 0.6020000 1.1168302
v -0.1364802 0.6010013 1.1164969
v -0.1356653 0.6010436 1.1170608
v -0.1354253 0.6010013 1.1187087
v -0.1350919 0.6020000 1.1177673
v -0.1353506 0.6010436 1.1177205
v -0.1367253 0.6002672 1.1171889
v -0.1361173 0.6002672 1.1184636
v -0.1358378 0.6005267 1.1175480
v -0.1383939 0.6020000 1.1219009
v -0.1377263 0.6000000 1.1200156
v -0.1358410 0.6020000 1.1206832
v -0.1383047 0.6010013 1.1216490
v -0.1373633 0.6020000 1.1219823
v -0.1373165 0.6010436 1.1217237
v -0.1367849 0.6002672 1.1203489
v -0.1380596 0.6002672 1.1209570
v -0.1371440 0.6005267 1.1212364
v -0.1364262 0.6020000 1.1215354
v -0.1360929 0.6010013 1.1205940
v -0.1366568 0.6010436 1.1214089
v -0.1363911 0.7980000 1.1162450
v -0.1370587 0.8000000 1.1181303
v -0.1351734 0.7980000 1.1187979
v -0.1364802 0.7989987 1.1164969
v -0.1355388 0.7980000 1.1168302
v -0.1356653 0.7989564 1.1170608
v -0.1361173 0.7997328 1.1184636
v -0.1367253 0.7997328 1.1171889
v -0.1358378 0.7994733 1.1175480
v -0.1350919 0.7980000 1.1177673
v -0.1354253 0.7989987 1.1187087
v -0.1353506 0.7989564 1.1177205
v -0.1383939 0.7980000 1.1219009
v -0.1358410 0.7980000 1.1206832
v -0.1377263 0.8000000 1.1200156
v -0.1373633 0.7980000 1.1219823
v -0.1383047 0.7989987 1.1216490
v -0.1373165 0.7989564 1.1217237
v -0.1360929 0.7989987 1.1205940
v -0.1364262 0.7980000 1.1215354
v -0.1366568 0.7989564 1.1214089
v -0.1380596 0.7997328 1.1209570
v -0.1367849 0.7997328 1.1203489
v -0.1371440 0.7994733 1.1212364
f 7865 7868 7870
f 7865 7870 7869
f 7868 7872 7873
f 7868 7873 7870
f 7866 7871 7873
f 7866 7873 7872
f 7871 7875 7876
f 7871 7876 7873
f 7867 7874 7876
f 7867 7876 7875
f 7874 7869 7870
f 7874 7870 7876
f 7870 7873 7876
f 7877 7880 7882
f 7877 7882 7881
f 7880 7884 7885
f 7880 7885 7882
f 7878 7883 7885
f 7878 7885 7884
f 7883 7887 7888
f 7883 7888 7885
f 7879 7886 7888
f 7879 7888 7887
f 7886 7881 7882
f 7886 7882 7888
f 7882 7885 7888
f 7889 7892 7894
f 7889 7894 7893
f 7892 7896 7897
f 7892 7897 7894
f 7890 7895 7897
f 7890 7897 7896
f 7895 7899 7900
f 7895 7900 7897
f 7891 7898 7900
f 7891 7900 7899
f 7898 7893 7894
f 7898 7894 7900
f 7894 7897 7900
f 7901 7904 7906
f 7901 7906 7905
f 7904 7908 7909
f 7904 7909 7906
f 7902 7907 7909
f 7902 7909 7908
f 7907 7911 7912
f 7907 7912 7909
f 7903 7910 7912
f 7903 7912 7911
f 7910 7905 7906
f 7910 7906 7912
f 7906 7909 7912
f 7913 7916 7918
f 7913 7918 7917
f 7916 7920 7921
f 7916 7921 7918
f 7914 7919 7921
f 7914 7921 7920
f 7919 7923 7924
f 7919 7924 7921
f 7915 7922 7924
f 7915 7924 7923
f 7922 7917 7918
f 7922 7918 7924
f 7918 7921 7924
f 7925 7928 7930
f 7925 7930 7929
f 7928 7932 7933
f 7928 7933 7930
f 7926 7931 7933
f 7926 7933 7932
f 7931 7935 7936
f 7931 7936 7933
f 7927 7934 7936
f 7927 7936 7935
f 7934 7929 7930
f 7934 7930 7936
f 7930 7933 7936
f 7937 7940 7942
f 7937 7942 7941
f 7940 7944 7945
f 7940 7945 7942
f 7938 7943 7945
f 7938 7945 7944
f 7943 7947 7948
f 7943 7948 7945
f 7939 7946 7948
f 7939 7948 7947
f 7946 7941 7942
f 7946 7942 7948
f 7942 7945 7948
f 7949 7952 7954
f 7949 7954 7953
f 7952 7956 7957
f 7952 7957 7954
f 7950 7955 7957
f 7950 7957 7956
f 7955 7959 7960
f 7955 7960 7957
f 7951 7958 7960
f 7951 7960 7959
f 7958 7953 7954
f 7958 7954 7960
f 7954 7957 7960
f 7889 7865 7869
f 7889 7869 7892
f 7892 7869 7874
f 7892 7874 7896
f 7896 7874 7867
f 7896 7867 7890
f 7866 7877 7881
f 7866 7881 7871
f 7871 7881 7886
f 7871 7886 7875
f 7875 7886 7879
f 7875 7879 7867
f 7878 7901 7905
f 7878 7905 7883
f 7883 7905 7910
f 7883 7910 7887
f 7887 7910 7903
f 7887 7903 7879
f 7902 7891 7899
f 7902 7899 7907
f 7907 7899 7895
f 7907 7895 7911
f 7911 7895 7890
f 7911 7890 7903
f 7937 7889 7893
f 7937 7893 7940
f 7940 7893 7898
f 7940 7898 7944
f 7944 7898 7891
f 7944 7891 7938
f 7901 7949 7953
f 7901 7953 7904
f 7904 7953 7958
f 7904 7958 7908
f 7908 7958 7951
f 7908 7951 7902
f 7950 7939 7947
f 7950 7947 7955
f 7955 7947 7943
f 7955 7943 7959
f 7959 7943 7938
f 7959 7938 7951
f 7913 7937 7941
f 7913 7941 7916
f 7916 7941 7946
f 7916 7946 7920
f 7920 7946 7939
f 7920 7939 7914
f 7949 7925 7929
f 7949 7929 7952
f 7952 7929 7934
f 7952 7934 7956
f 7956 7934 7927
f 7956 7927 7950
f 7926 7915 7923
f 7926 7923 7931
f 7931 7923 7919
f 7931 7919 7935
f 7935 7919 7914
f 7935 7914 7927
f 7865 7913 7917
f 7865 7917 7868
f 7868 7917 7922
f 7868 7922 7872
f 7872 7922 7915
f 7872 7915 7866
f 7925 7878 7884
f 7925 7884 7928
f 7928 7884 7880
f 7928 7880 7932
f 7932 7880 7877
f 7932 7877 7926
f 7889 7937 7913
f 7889 7913 7865
f 7867 7879 7903
f 7867 7903 7890
f 7915 7926 7877
f 7915 7877 7866
f 7949 7901 7878
f 7949 7878 7925
f 7891 7902 7951
f 7891 7951 7938
f 7939 7950 7927
f 7939 7927 7914
v -0.3937569 0.6020000 0.9907194
v -0.3948315 0.6000000 0.9924061
v -0.3965183 0.6020000 0.9913315
v -0.3939005 0.6010013 0.9909447
v -0.3947428 0.6020000 0.9904081
v -0.3948466 0.6010436 0.9906497
v -0.3956738 0.6002672 0.9918696
v -0.3942949 0.6002672 0.9915639
v -0.3951243 0.6005267 0.9910856
v -0.3957563 0.6020000 0.9906328
v -0.3962929 0.6010013 0.9914751
v -0.3955601 0.6010436 0.9908079
v -0.3959061 0.6000000 0.9940929
v -0.3969807 0.6020000 0.9957797
v -0.3975929 0.6020000 0.9930183
v -0.3964427 0.6002672 0.9949352
v -0.3967484 0.6002672 0.9935563
v -0.3972266 0.6005267 0.9943857
v -0.3976794 0.6020000 0.9950178
v -0.3968371 0.6010013 0.9955544
v -0.3975043 0.6010436 0.9948215
v -0.3973675 0.6010013 0.9931619
v -0.3979041 0.6020000 0.9940042
v -0.3976625 0.6010436 0.9941080
v -0.3937569 0.7980000 0.9907194
v -0.3965183 0.7980000 0.9913315
v -0.3948315 0.8000000 0.9924061
v -0.3947428 0.7980000 0.9904081
v -0.3939005 0.7989987 0.9909447
v -0.3948466 0.7989564 0.9906497
v -0.3962929 0.7989987 0.9914751
v -0.3957563 0.7980000 0.9906328
v -0.3955601 0.7989564 0.9908079
v -0.3942949 0.7997328 0.9915639
v -0.3956738 0.7997328 0.9918696
v -0.3951243 0.7994733 0.9910856
v -0.3969807 0.7980000 0.9957797
v -0.3959061 0.8000000 0.9940929
v -0.3975929 0.7980000 0.9930183
v -0.3968371 0.7989987 0.9955544
v -0.3976794 0.7980000 0.9950178
v -0.3975043 0.7989564 0.9948215
v -0.3967484 0.7997328 0.9935563
v -0.3964427 0.7997328 0.9949352
v -0.3972266 0.7994733 0.9943857
v -0.3979041 0.7980000 0.9940042
v -0.3973675 0.7989987 0.9931619
v -0.3976625 0.7989564 0.9941080
v -0.2692708 0.6020000 1.0700257
v -0.2686587 0.6020000 1.0727872
v -0.2703454 0.6000000 1.0717125
v -0.2685721 0.6020000 1.0707877
v -0.2694144 0.6010013 1.0702511
v -0.2687472 0.6010436 1.0709839
v -0.2688840 0.6010013 1.0726435
v -0.2683474 0.6020000 1.0718013
v -0.2685890 0.6010436 1.0716975
v -0.2698089 0.6002672 1.0708703
v -0.2695031 0.6002672 1.0722491
v -0.2690249 0.6005267 1.0714197
v -0.2724946 0.6020000 1.0750861
v -0.2714200 0.6000000 1.0733993
v -0.2697333 0.6020000 1.0744739
v -0.2723511 0.6010013 1.0748607
v -0.2715088 0.6020000 1.0753974
v -0.2714050 0.6010436 1.0751557
v -0.2705778 0.6002672 1.0739359
v -0.2719567 0.6002672 1.0742416
v -0.2711273 0.6005267 1.0747198
v -0.2704952 0.6020000 1.0751727
v -0.2699586 0.6010013 1.0743303
v -0.2706914 0.6010436 1.0749975
v -0.2692708 0.7980000 1.0700257
v -0.2703454 0.8000000 1.0717125
v -0.2686587 0.7980000 1.0727872
v -0.2694144 0.7989987 1.0702511
v -0.2685721 0.7980000 1.0707877
v -0.2687472 0.7989564 1.0709839
v -0.2695031 0.7997328 1.0722491
v -0.2698089 0.7997328 1.0708703
v -0.2690249 0.7994733 1.0714197
v -0.2683474 0.7980000 1.0718013
v -0.2688840 0.7989987 1.0726435
v -0.2685890 0.7989564 1.0716975
v -0.2724946 0.7980000 1.0750861
v -0.2697333 0.7980000 1.0744739
v -0.2714200 0.8000000 1.0733993
v -0.2715088 0.7980000 1.0753974
v -0.2723511 0.7989987 1.0748607
v -0.2714050 0.7989564 1.0751557
v -0.2699586 0.7989987 1.0743303
v -0.2704952 0.7980000 1.0751727
v -0.2706914 0.7989564 1.0749975
v -0.2719567 0.7997328 1.0742416
v -0.2705778 0.7997328 1.0739359
v -0.2711273 0.7994733 1.0747198
f 7961 7964 7966
f 7961 7966 7965
f 7964 7968 7969
f 7964 7969 7966
f 7962 7967 7969
f 7962 7969 7968
f 7967 7971 7972
f 7967 7972 7969
f 7963 7970 7972
f 7963 7972 7971
f 7970 7965 7966
f 7970 7966 7972
f 7966 7969 7972
f 7973 7976 7978
f 7973 7978 7977
f 7976 7980 7981
f 7976 7981 7978
f 7974 7979 7981
f 7974 7981 7980
f 7979 7983 7984
f 7979 7984 7981
f 7975 7982 7984
f 7975 7984 7983
f 7982 7977 7978
f 7982 7978 7984
f 7978 7981 7984
f 7985 7988 7990
f 7985 7990 7989
f 7988 7992 7993
f 7988 7993 7990
f 7986 7991 7993
f 7986 7993 7992
f 7991 7995 7996
f 7991 7996 7993
f 7987 7994 7996
f 7987 7996 7995
f 7994 7989 7990
f 7994 7990 7996
f 7990 7993 7996
f 7997 8000 8002
f 7997 8002 8001
f 8000 8004 8005
f 8000 8005 8002
f 7998 8003 8005
f 7998 8005 8004
f 8003 8007 8008
f 8003 8008 8005
f 7999 8006 8008
f 7999 8008 8007
f 8006 8001 8002
f 8006 8002 8008
f 8002 8005 8008
f 8009 8012 8014
f 8009 8014 8013
f 8012 8016 8017
f 8012 8017 8014
f 8010 8015 8017
f 8010 8017 8016
f 8015 8019 8020
f 8015 8020 8017
f 8011 8018 8020
f 8011 8020 8019
f 8018 8013 8014
f 8018 8014 8020
f 8014 8017 8020
f 8021 8024 8026
f 8021 8026 8025
f 8024 8028 8029
f 8024 8029 8026
f 8022 8027 8029
f 8022 8029 8028
f 8027 8031 8032
f 8027 8032 8029
f 8023 8030 8032
f 8023 8032 8031
f 8030 8025 8026
f 8030 8026 8032
f 8026 8029 8032
f 8033 8036 8038
f 8033 8038 8037
f 8036 8040 8041
f 8036 8041 8038
f 8034 8039 8041
f 8034 8041 8040
f 8039 8043 8044
f 8039 8044 8041
f 8035 8042 8044
f 8035 8044 8043
f 8042 8037 8038
f 8042 8038 8044
f 8038 8041 8044
f 8045 8048 8050
f 8045 8050 8049
f 8048 8052 8053
f 8048 8053 8050
f 8046 8051 8053
f 8046 8053 8052
f 8051 8055 8056
f 8051 8056 8053
f 8047 8054 8056
f 8047 8056 8055
f 8054 8049 8050
f 8054 8050 8056
f 8050 8053 8056
f 7985 7961 7965
f 7985 7965 7988
f 7988 7965 7970
f 7988 7970 7992
f 7992 7970 7963
f 7992 7963 7986
f 7962 7973 7977
f 7962 7977 7967
f 7967 7977 7982
f 7967 7982 7971
f 7971 7982 7975
f 7971 7975 7963
f 7974 7997 8001
f 7974 8001 7979
f 7979 8001 8006
f 7979 8006 7983
f 7983 8006 7999
f 7983 7999 7975
f 7998 7987 7995
f 7998 7995 8003
f 8003 7995 7991
f 8003 7991 8007
f 8007 7991 7986
f 8007 7986 7999
f 8033 7985 7989
f 8033 7989 8036
f 8036 7989 7994
f 8036 7994 8040
f 8040 7994 7987
f 8040 7987 8034
f 7997 8045 8049
f 7997 8049 8000
f 8000 8049 8054
f 8000 8054 8004
f 8004 8054 8047
f 8004 8047 7998
f 8046 8035 8043
f 8046 8043 8051
f 8051 8043 8039
f 8051 8039 8055
f 8055 8039 8034
f 8055 8034 8047
f 8009 8033 8037
f 8009 8037 8012
f 8012 8037 8042
f 8012 8042 8016
f 8016 8042 8035
f 8016 8035 8010
f 8045 8021 8025
f 8045 8025 8048
f 8048 8025 8030
f 8048 8030 8052
f 8052 8030 8023
f 8052 8023 8046
f 8022 8011 8019
f 8022 8019 8027
f 8027 8019 8015
f 8027 8015 8031
f 8031 8015 8010
f 8031 8010 8023
f 7961 8009 8013
f 7961 8013 7964
f 7964 8013 8018
f 7964 8018 7968
f 7968 8018 8011
f 7968 8011 7962
f 8021 7974 7980
f 8021 7980 8024
f 8024 7980 7976
f 8024 7976 8028
f 8028 7976 7973
f 8028 7973 8022
f 7985 8033 8009
f 7985 8009 7961
f 7963 7975 7999
f 7963 7999 7986
f 8011 8022 7973
f 8011 7973 7962
f 8045 7997 7974
f 8045 7974 8021
f 7987 7998 8047
f 7987 8047 8034
f 8035 8046 8023
f 8035 8023 8010
v -0.4918032 0.6020000 0.8898225
v -0.4932297 0.6000000 0.8912243
v -0.4946316 0.6020000 0.8897978
v -0.4919938 0.6010013 0.8900098
v -0.4926938 0.6020000 0.8892975
v -0.4928493 0.6010436 0.8895096
v -0.4939297 0.6002672 0.8905120
v -0.4925174 0.6002672 0.8905243
v -0.4932179 0.6005267 0.8898718
v -0.4937319 0.6020000 0.8892884
v -0.4944443 0.6010013 0.8899884
v -0.4935802 0.6010436 0.8895032
v -0.4946562 0.6000000 0.8926262
v -0.4960827 0.6020000 0.8940279
v -0.4960580 0.6020000 0.8911996
v -0.4953685 0.6002672 0.8933262
v -0.4953562 0.6002672 0.8919138
v -0.4960088 0.6005267 0.8926144
v -0.4965921 0.6020000 0.8931284
v -0.4958922 0.6010013 0.8938407
v -0.4963774 0.6010436 0.8929766
v -0.4958708 0.6010013 0.8913902
v -0.4965831 0.6020000 0.8920902
v -0.4963710 0.6010436 0.8922457
v -0.4918032 0.7980000 0.8898225
v -0.4946316 0.7980000 0.8897978
v -0.4932297 0.8000000 0.8912243
v -0.4926938 0.7980000 0.8892975
v -0.4919938 0.7989987 0.8900098
v -0.4928493 0.7989564 0.8895096
v -0.4944443 0.7989987 0.8899884
v -0.4937319 0.7980000 0.8892884
v -0.4935802 0.7989564 0.8895032
v -0.4925174 0.7997328 0.8905243
v -0.4939297 0.7997328 0.8905120
v -0.4932179 0.7994733 0.8898718
v -0.4960827 0.7980000 0.8940279
v -0.4946562 0.8000000 0.8926262
v -0.4960580 0.7980000 0.8911996
v -0.4958922 0.7989987 0.8938407
v -0.4965921 0.7980000 0.8931284
v -0.4963774 0.7989564 0.8929766
v -0.4953562 0.7997328 0.8919138
v -0.4953685 0.7997328 0.8933262
v -0.4960088 0.7994733 0.8926144
v -0.4965831 0.7980000 0.8920902
v -0.4958708 0.7989987 0.8913902
v -0.4963710 0.7989564 0.8922457
v -0.3883478 0.6020000 0.9950995
v -0.3883725 0.6020000 0.9979278
v -0.3897743 0.6000000 0.9965013
v -0.3878384 0.6020000 0.9959991
v -0.3885384 0.6010013 0.9952868
v -0.3880531 0.6010436 0.9961509
v -0.3885598 0.6010013 0.9977373
v -0.3878475 0.6020000 0.9970373
v -0.3880595 0.6010436 0.9968818
v -0.3890620 0.6002672 0.9958013
v -0.3890743 0.6002672 0.9972137
v -0.3884217 0.6005267 0.9965131
v -0.3926273 0.6020000 0.9993050
v -0.3912008 0.6000000 0.9979032
v -0.3897990 0.6020000 0.9993297
v -0.3924367 0.6010013 0.9991177
v -0.3917367 0.6020000 0.9998300
v -0.3915812 0.6010436 0.9996179
v -0.3905008 0.6002672 0.9986155
v -0.3919131 0.6002672 0.9986032
v -0.3912126 0.6005267 0.9992557
v -0.3906986 0.6020000 0.9998391
v -0.3899862 0.6010013 0.9991391
v -0.3908503 0.6010436 0.9996243
v -0.3883478 0.7980000 0.9950995
v -0.3897743 0.8000000 0.9965013
v -0.3883725 0.7980000 0.9979278
v -0.3885384 0.7989987 0.9952868
v -0.3878384 0.7980000 0.9959991
v -0.3880531 0.7989564 0.9961509
v -0.3890743 0.7997328 0.9972137
v -0.3890620 0.7997328 0.9958013
v -0.3884217 0.7994733 0.9965131
v -0.3878475 0.7980000 0.9970373
v -0.3885598 0.7989987 0.9977373
v -0.3880595 0.7989564 0.9968818
v -0.3926273 0.7980000 0.9993050
v -0.3897990 0.7980000 0.9993297
v -0.3912008 0.8000000 0.9979032
v -0.3917367 0.7980000 0.9998300
v -0.3924367 0.7989987 0.9991177
v -0.3915812 0.7989564 0.9996179
v -0.3899862 0.7989987 0.9991391
v -0.3906986 0.7980000 0.9998391
v -0.3908503 0.7989564 0.9996243
v -0.3919131 0.7997328 0.9986032
v -0.3905008 0.7997328 0.9986155
v -0.3912126 0.7994733 0.9992557
f 8057 8060 8062
f 8057 8062 8061
f 8060 8064 8065
f 8060 8065 8062
f 8058 8063 8065
f 8058 8065 8064
f 8063 8067 8068
f 8063 8068 8065
f 8059 8066 8068
f 8059 8068 8067
f 8066 8061 8062
f 8066 8062 8068
f 8062 8065 8068
f 8069 8072 8074
f 8069 8074 8073
f 8072 8076 8077
f 8072 8077 8074
f 8070 8075 8077
f 8070 8077 8076
f 8075 8079 8080
f 8075 8080 8077
f 8071 8078 8080
f 8071 8080 8079
f 8078 8073 8074
f 8078 8074 8080
f 8074 8077 8080
f 8081 8084 8086
f 8081 8086 8085
f 8084 8088 8089
f 8084 8089 8086
f 8082 8087 8089
f 8082 8089 8088
f 8087 8091 8092
f 8087 8092 8089
f 8083 8090 8092
f 8083 8092 8091
f 8090 8085 8086
f 8090 8086 8092
f 8086 8089 8092
f 8093 8096 8098
f 8093 8098 8097
f 8096 8100 8101
f 8096 8101 8098
f 8094 8099 8101
f 8094 8101 8100
f 8099 8103 8104
f 8099 8104 8101
f 8095 8102 8104
f 8095 8104 8103
f 8102 8097 8098
f 8102 8098 8104
f 8098 8101 8104
f 8105 8108 8110
f 8105 8110 8109
f 8108 8112 8113
f 8108 8113 8110
f 8106 8111 8113
f 8106 8113 8112
f 8111 8115 8116
f 8111 8116 8113
f 8107 8114 8116
f 8107 8116 8115
f 8114 8109 8110
f 8114 8110 8116
f 8110 8113 8116
f 8117 8120 8122
f 8117 8122 8121
f 8120 8124 8125
f 8120 8125 8122
f 8118 8123 8125
f 8118 8125 8124
f 8123 8127 8128
f 8123 8128 8125
f 8119 8126 8128
f 8119 8128 8127
f 8126 8121 8122
f 8126 8122 8128
f 8122 8125 8128
f 8129 8132 8134
f 8129 8134 8133
f 8132 8136 8137
f 8132 8137 8134
f 8130 8135 8137
f 8130 8137 8136
f 8135 8139 8140
f 8135 8140 8137
f 8131 8138 8140
f 8131 8140 8139
f 8138 8133 8134
f 8138 8134 8140
f 8134 8137 8140
f 8141 8144 8146
f 8141 8146 8145
f 8144 8148 8149
f 8144 8149 8146
f 8142 8147 8149
f 8142 8149 8148
f 8147 8151 8152
f 8147 8152 8149
f 8143 8150 8152
f 8143 8152 8151
f 8150 8145 8146
f 8150 8146 8152
f 8146 8149 8152
f 8081 8057 8061
f 8081 8061 8084
f 8084 8061 8066
f 8084 8066 8088
f 8088 8066 8059
f 8088 8059 8082
f 8058 8069 8073
f 8058 8073 8063
f 8063 8073 8078
f 8063 8078 8067
f 8067 8078 8071
f 8067 8071 8059
f 8070 8093 8097
f 8070 8097 8075
f 8075 8097 8102
f 8075 8102 8079
f 8079 8102 8095
f 8079 8095 8071
f 8094 8083 8091
f 8094 8091 8099
f 8099 8091 8087
f 8099 8087 8103
f 8103 8087 8082
f 8103 8082 8095
f 8129 8081 8085
f 8129 8085 8132
f 8132 8085 8090
f 8132 8090 8136
f 8136 8090 8083
f 8136 8083 8130
f 8093 8141 8145
f 8093 8145 8096
f 8096 8145 8150
f 8096 8150 8100
f 8100 8150 8143
f 8100 8143 8094
f 8142 8131 8139
f 8142 8139 8147
f 8147 8139 8135
f 8147 8135 8151
f 8151 8135 8130
f 8151 8130 8143
f 8105 8129 8133
f 8105 8133 8108
f 8108 8133 8138
f 8108 8138 8112
f 8112 8138 8131
f 8112 8131 8106
f 8141 8117 8121
f 8141 8121 8144
f 8144 8121 8126
f 8144 8126 8148
f 8148 8126 8119
f 8148 8119 8142
f 8118 8107 8115
f 8118 8115 8123
f 8123 8115 8111
f 8123 8111 8127
f 8127 8111 8106
f 8127 8106 8119
f 8057 8105 8109
f 8057 8109 8060
f 8060 8109 8114
f 8060 8114 8064
f 8064 8114 8107
f 8064 8107 8058
f 8117 8070 8076
f 8117 8076 8120
f 8120 8076 8072
f 8120 8072 8124
f 8124 8072 8069
f 8124 8069 8118
f 8081 8129 8105
f 8081 8105 8057
f 8059 8071 8095
f 8059 8095 8082
f 8107 8118 8069
f 8107 8069 8058
f 8141 8093 8070
f 8141 8070 8117
f 8083 8094 8143
f 8083 8143 8130
f 8131 8142 8119
f 8131 8119 8106
v -0.5646398 0.6020000 0.7694560
v -0.5663451 0.6000000 0.7705010
v -0.5673901 0.6020000 0.7687957
v -0.5648676 0.6010013 0.7695956
v -0.5653895 0.6020000 0.7687441
v -0.5655887 0.6010436 0.7689157
v -0.5668669 0.6002672 0.7696495
v -0.5654936 0.6002672 0.7699792
v -0.5660293 0.6005267 0.7691858
v -0.5663989 0.6020000 0.7685017
v -0.5672505 0.6010013 0.7690235
v -0.5662994 0.6010436 0.7687451
v -0.5680504 0.6000000 0.7715460
v -0.5697556 0.6020000 0.7725910
v -0.5690954 0.6020000 0.7698407
v -0.5689019 0.6002672 0.7720678
v -0.5685722 0.6002672 0.7706945
v -0.5693656 0.6005267 0.7712302
v -0.5700496 0.6020000 0.7715999
v -0.5695278 0.6010013 0.7724514
v -0.5698063 0.6010436 0.7715003
v -0.5689557 0.6010013 0.7700685
v -0.5698073 0.6020000 0.7705904
v -0.5696356 0.6010436 0.7707896
v -0.5646398 0.7980000 0.7694560
v -0.5673901 0.7980000 0.7687957
v -0.5663451 0.8000000 0.7705010
v -0.5653895 0.7980000 0.7687441
v -0.5648676 0.7989987 0.7695956
v -0.5655887 0.7989564 0.7689157
v -0.5672505 0.7989987 0.7690235
v -0.5663989 0.7980000 0.7685017
v -0.5662994 0.7989564 0.7687451
v -0.5654936 0.7997328 0.7699792
v -0.5668669 0.7997328 0.7696495
v -0.5660293 0.7994733 0.7691858
v -0.5697556 0.7980000 0.7725910
v -0.5680504 0.8000000 0.7715460
v -0.5690954 0.7980000 0.7698407
v -0.5695278 0.7989987 0.7724514
v -0.5700496 0.7980000 0.7715999
v -0.5698063 0.7989564 0.7715003
v -0.5685722 0.7997328 0.7706945
v -0.5689019 0.7997328 0.7720678
v -0.5693656 0.7994733 0.7712302
v -0.5698073 0.7980000 0.7705904
v -0.5689557 0.7989987 0.7700685
v -0.5696356 0.7989564 0.7707896
v -0.4875181 0.6020000 0.8953072
v -0.4881784 0.6020000 0.8980575
v -0.4892234 0.6000000 0.8963522
v -0.4872241 0.6020000 0.8962983
v -0.4877459 0.6010013 0.8954468
v -0.4874675 0.6010436 0.8963979
v -0.4883180 0.6010013 0.8978297
v -0.4874665 0.6020000 0.8973078
v -0.4876381 0.6010436 0.8971086
v -0.4883719 0.6002672 0.8958304
v -0.4887016 0.6002672 0.8972037
v -0.4879082 0.6005267 0.8966680
v -0.4926339 0.6020000 0.8984421
v -0.4909287 0.6000000 0.8973972
v -0.4898837 0.6020000 0.8991024
v -0.4924061 0.6010013 0.8983026
v -0.4918843 0.6020000 0.8991541
v -0.4916851 0.6010436 0.8989825
v -0.4904068 0.6002672 0.8982487
v -0.4917802 0.6002672 0.8979190
v -0.4912444 0.6005267 0.8987124
v -0.4908748 0.6020000 0.8993965
v -0.4900233 0.6010013 0.8988746
v -0.4909744 0.6010436 0.8991531
v -0.4875181 0.7980000 0.8953072
v -0.4892234 0.8000000 0.8963522
v -0.4881784 0.7980000 0.8980575
v -0.4877459 0.7989987 0.8954468
v -0.4872241 0.7980000 0.8962983
v -0.4874675 0.7989564 0.8963979
v -0.4887016 0.7997328 0.8972037
v -0.4883719 0.7997328 0.8958304
v -0.4879082 0.7994733 0.8966680
v -0.4874665 0.7980000 0.8973078
v -0.4883180 0.7989987 0.8978297
v -0.4876381 0.7989564 0.8971086
v -0.4926339 0.7980000 0.8984421
v -0.4898837 0.7980000 0.8991024
v -0.4909287 0.8000000 0.8973972
v -0.4918843 0.7980000 0.8991541
v -0.4924061 0.7989987 0.8983026
v -0.4916851 0.7989564 0.8989825
v -0.4900233 0.7989987 0.8988746
v -0.4908748 0.7980000 0.8993965
v -0.4909744 0.7989564 0.8991531
v -0.4917802 0.7997328 0.8979190
v -0.4904068 0.7997328 0.8982487
v -0.4912444 0.7994733 0.8987124
f 8153 8156 8158
f 8153 8158 8157
f 8156 8160 8161
f 8156 8161 8158
f 8154 8159 8161
f 8154 8161 8160
f 8159 8163 8164
f 8159 8164 8161
f 8155 8162 8164
f 8155 8164 8163
f 8162 8157 8158
f 8162 8158 8164
f 8158 8161 8164
f 8165 8168 8170
f 8165 8170 8169
f 8168 8172 8173
f 8168 8173 8170
f 8166 8171 8173
f 8166 8173 8172
f 8171 8175 8176
f 8171 8176 8173
f 8167 8174 8176
f 8167 8176 8175
f 8174 8169 8170
f 8174 8170 8176
f 8170 8173 8176
f 8177 8180 8182
f 8177 8182 8181
f 8180 8184 8185
f 8180 8185 8182
f 8178 8183 8185
f 8178 8185 8184
f 8183 8187 8188
f 8183 8188 8185
f 8179 8186 8188
f 8179 8188 8187
f 8186 8181 8182
f 8186 8182 8188
f 8182 8185 8188
f 8189 8192 8194
f 8189 8194 8193
f 8192 8196 8197
f 8192 8197 8194
f 8190 8195 8197
f 8190 8197 8196
f 8195 8199 8200
f 8195 8200 8197
f 8191 8198 8200
f 8191 8200 8199
f 8198 8193 8194
f 8198 8194 8200
f 8194 8197 8200
f 8201 8204 8206
f 8201 8206 8205
f 8204 8208 8209
f 8204 8209 8206
f 8202 8207 8209
f 8202 8209 8208
f 8207 8211 8212
f 8207 8212 8209
f 8203 8210 8212
f 8203 8212 8211
f 8210 8205 8206
f 8210 8206 8212
f 8206 8209 8212
f 8213 8216 8218
f 8213 8218 8217
f 8216 8220 8221
f 8216 8221 8218
f 8214 8219 8221
f 8214 8221 8220
f 8219 8223 8224
f 8219 8224 8221
f 8215 8222 8224
f 8215 8224 8223
f 8222 8217 8218
f 8222 8218 8224
f 8218 8221 8224
f 8225 8228 8230
f 8225 8230 8229
f 8228 8232 8233
f 8228 8233 8230
f 8226 8231 8233
f 8226 8233 8232
f 8231 8235 8236
f 8231 8236 8233
f 8227 8234 8236
f 8227 8236 8235
f 8234 8229 8230
f 8234 8230 8236
f 8230 8233 8236
f 8237 8240 8242
f 8237 8242 8241
f 8240 8244 8245
f 8240 8245 8242
f 8238 8243 8245
f 8238 8245 8244
f 8243 8247 8248
f 8243 8248 8245
f 8239 8246 8248
f 8239 8248 8247
f 8246 8241 8242
f 8246 8242 8248
f 8242 8245 8248
f 8177 8153 8157
f 8177 8157 8180
f 8180 8157 8162
f 8180 8162 8184
f 8184 8162 8155
f 8184 8155 8178
f 8154 8165 8169
f 8154 8169 8159
f 8159 8169 8174
f 8159 8174 8163
f 8163 8174 8167
f 8163 8167 8155
f 8166 8189 8193
f 8166 8193 8171
f 8171 8193 8198
f 8171 8198 8175
f 8175 8198 8191
f 8175 8191 8167
f 8190 8179 8187
f 8190 8187 8195
f 8195 8187 8183
f 8195 8183 8199
f 8199 8183 8178
f 8199 8178 8191
f 8225 8177 8181
f 8225 8181 8228
f 8228 8181 8186
f 8228 8186 8232
f 8232 8186 8179
f 8232 8179 8226
f 8189 8237 8241
f 8189 8241 8192
f 8192 8241 8246
f 8192 8246 8196
f 8196 8246 8239
f 8196 8239 8190
f 8238 8227 8235
f 8238 8235 8243
f 8243 8235 8231
f 8243 8231 8247
f 8247 8231 8226
f 8247 8226 8239
f 8201 8225 8229
f 8201 8229 8204
f 8204 8229 8234
f 8204 8234 8208
f 8208 8234 8227
f 8208 8227 8202
f 8237 8213 8217
f 8237 8217 8240
f 8240 8217 8222
f 8240 8222 8244
f 8244 8222 8215
f 8244 8215 8238
f 8214 8203 8211
f 8214 8211 8219
f 8219 8211 8207
f 8219 8207 8223
f 8223 8207 8202
f 8223 8202 8215
f 8153 8201 8205
f 8153 8205 8156
f 8156 8205 8210
f 8156 8210 8160
f 8160 8210 8203
f 8160 8203 8154
f 8213 8166 8172
f 8213 8172 8216
f 8216 8172 8168
f 8216 8168 8220
f 8220 8168 8165
f 8220 8165 8214
f 8177 8225 8201
f 8177 8201 8153
f 8155 8167 8191
f 8155 8191 8178
f 8203 8214 8165
f 8203 8165 8154
f 8237 8189 8166
f 8237 8166 8213
f 8179 8190 8239
f 8179 8239 8226
f 8227 8238 8215
f 8227 8215 8202
