v 0.0000000 -0.7699999 0.0400000
v 0.0000000 0.7699999 0.0400000
v -0.0153073 -0.7699999 0.0369552
v -0.0153073 0.7699999 0.0369552
v -0.0282843 -0.7699999 0.0282843
v -0.0282843 0.7699999 0.0282843
v -0.0369552 -0.7699999 0.0153073
v -0.0369552 0.7699999 0.0153074
v -0.0400000 -0.7699999 0.0000000
v -0.0400000 0.7699999 0.0000001
v -0.0369552 -0.7699999 -0.0153074
v -0.0369552 0.7699999 -0.0153073
v -0.0282843 -0.7699999 -0.0282843
v -0.0282843 0.7699999 -0.0282843
v -0.0153073 -0.7699999 -0.0369552
v -0.0153073 0.7699999 -0.0369551
v -0.0000000 -0.7699999 -0.0400000
v -0.0000000 0.7699999 -0.0400000
v 0.0153073 -0.7699999 -0.0369552
v 0.0153073 0.7699999 -0.0369551
v 0.0282843 -0.7699999 -0.0282843
v 0.0282843 0.7699999 -0.0282843
v 0.0369552 -0.7699999 -0.0153074
v 0.0369552 0.7699999 -0.0153073
v 0.0400000 -0.7699999 -0.0000001
v 0.0400000 0.7699999 0.0000000
v 0.0369552 -0.7699999 0.0153073
v 0.0369552 0.7699999 0.0153074
v 0.0282843 -0.7699999 0.0282843
v 0.0282843 0.7699999 0.0282843
v 0.0153073 -0.7699999 0.0369551
v 0.0153073 0.7699999 0.0369552
f 1 2 4
f 1 4 3
f 3 4 6
f 3 6 5
f 5 6 8
f 5 8 7
f 7 8 10
f 7 10 9
f 9 10 12
f 9 12 11
f 11 12 14
f 11 14 13
f 13 14 16
f 13 16 15
f 15 16 18
f 15 18 17
f 17 18 20
f 17 20 19
f 19 20 22
f 19 22 21
f 21 22 24
f 21 24 23
f 23 24 26
f 23 26 25
f 25 26 28
f 25 28 27
f 27 28 30
f 27 30 29
f 6 4 2
f 2 32 30
f 30 28 26
f 26 24 22
f 22 20 18
f 18 16 14
f 14 12 10
f 10 8 6
f 6 2 30
f 30 26 22
f 22 18 14
f 14 10 6
f 6 30 22
f 22 14 6
f 29 30 32
f 29 32 31
f 31 32 2
f 31 2 1
f 31 1 3
f 3 5 7
f 7 9 11
f 11 13 15
f 15 17 19
f 19 21 23
f 23 25 27
f 27 29 31
f 31 3 7
f 7 11 15
f 15 19 23
f 23 27 31
f 31 7 15
f 15 23 31
v -0.0016609 -0.4000000 0.0199308
v 0.5983391 -0.4000000 0.0699309
v -0.0015345 -0.3923464 0.0184137
v 0.5984656 -0.3923463 0.0684137
v -0.0011744 -0.3858579 0.0140932
v 0.5988256 -0.3858579 0.0640933
v -0.0006356 -0.3815224 0.0076272
v 0.5993644 -0.3815224 0.0576273
v 0.0000000 -0.3800000 -0.0000001
v 0.6000000 -0.3800000 0.0500000
v 0.0006356 -0.3815224 -0.0076273
v 0.6006356 -0.3815224 0.0423728
v 0.0011744 -0.3858579 -0.0140933
v 0.6011745 -0.3858579 0.0359067
v 0.0015345 -0.3923464 -0.0184138
v 0.6015345 -0.3923463 0.0315862
v 0.0016609 -0.4000000 -0.0199310
v 0.6016609 -0.4000000 0.0300691
v 0.0015345 -0.4076537 -0.0184138
v 0.6015345 -0.4076537 0.0315862
v 0.0011744 -0.4141422 -0.0140933
v 0.6011745 -0.4141421 0.0359067
v 0.0006356 -0.4184776 -0.0076273
v 0.6006356 -0.4184776 0.0423728
v -0.0000000 -0.4200000 -0.0000001
v 0.6000000 -0.4200000 0.0500000
v -0.0006356 -0.4184776 0.0076272
v 0.5993644 -0.4184776 0.0576273
v -0.0011744 -0.4141422 0.0140932
v 0.5988256 -0.4141421 0.0640933
v -0.0015345 -0.4076537 0.0184137
v 0.5984656 -0.4076537 0.0684138
f 33 34 36
f 33 36 35
f 35 36 38
f 35 38 37
f 37 38 40
f 37 40 39
f 39 40 42
f 39 42 41
f 41 42 44
f 41 44 43
f 43 44 46
f 43 46 45
f 45 46 48
f 45 48 47
f 47 48 50
f 47 50 49
f 49 50 52
f 49 52 51
f 51 52 54
f 51 54 53
f 53 54 56
f 53 56 55
f 55 56 58
f 55 58 57
f 57 58 60
f 57 60 59
f 59 60 62
f 59 62 61
f 38 36 34
f 34 64 62
f 62 60 58
f 58 56 54
f 54 52 50
f 50 48 46
f 46 44 42
f 42 40 38
f 38 34 62
f 62 58 54
f 54 50 46
f 46 42 38
f 38 62 54
f 54 46 38
f 61 62 64
f 61 64 63
f 63 64 34
f 63 34 33
f 63 33 35
f 35 37 39
f 39 41 43
f 43 45 47
f 47 49 51
f 51 53 55
f 55 57 59
f 59 61 63
f 63 35 39
f 39 43 47
f 47 51 55
f 55 59 63
f 63 39 47
f 47 55 63
v -0.0400000 -0.3500000 0.0400000
v -0.0400000 -0.3600000 0.0500000
v -0.0500000 -0.3500000 0.0500000
v -0.0400000 -0.3549935 0.0413360
v -0.0449934 -0.3500000 0.0413360
v -0.0447821 -0.3547821 0.0426337
v -0.0449934 -0.3586640 0.0500000
v -0.0400000 -0.3586640 0.0450066
v -0.0447821 -0.3573663 0.0452179
v -0.0486640 -0.3500000 0.0450066
v -0.0486640 -0.3549935 0.0500000
v -0.0473663 -0.3547821 0.0452179
v -0.0400000 -0.3600000 0.0500000
v -0.0400000 -0.3500000 0.0600000
v -0.0500000 -0.3500000 0.0500000
v -0.0400000 -0.3586640 0.0549935
v -0.0449934 -0.3586640 0.0500000
v -0.0447821 -0.3573663 0.0547822
v -0.0449934 -0.3500000 0.0586640
v -0.0400000 -0.3549935 0.0586640
v -0.0447821 -0.3547821 0.0573663
v -0.0486640 -0.3549935 0.0500000
v -0.0486640 -0.3500000 0.0549935
v -0.0473663 -0.3547821 0.0547822
v -0.0400000 -0.3100000 0.0400000
v -0.0500000 -0.3100000 0.0500000
v -0.0400000 -0.3000000 0.0500000
v -0.0449934 -0.3100000 0.0413360
v -0.0400000 -0.3050066 0.0413360
v -0.0447821 -0.3052179 0.0426337
v -0.0486640 -0.3050066 0.0500000
v -0.0486640 -0.3100000 0.0450066
v -0.0473663 -0.3052179 0.0452179
v -0.0400000 -0.3013360 0.0450066
v -0.0449934 -0.3013360 0.0500000
v -0.0447821 -0.3026337 0.0452179
v -0.0400000 -0.3100000 0.0600000
v -0.0400000 -0.3000000 0.0500000
v -0.0500000 -0.3100000 0.0500000
v -0.0400000 -0.3050066 0.0586640
v -0.0449934 -0.3100000 0.0586640
v -0.0447821 -0.3052179 0.0573663
v -0.0449934 -0.3013360 0.0500000
v -0.0400000 -0.3013360 0.0549935
v -0.0447821 -0.3026337 0.0547822
v -0.0486640 -0.3100000 0.0549935
v -0.0486640 -0.3050066 0.0500000
v -0.0473663 -0.3052179 0.0547822
v 0.0400000 -0.3500000 0.0400000
v 0.0500000 -0.3500000 0.0500000
v 0.0400000 -0.3600000 0.0500000
v 0.0449934 -0.3500000 0.0413360
v 0.0400000 -0.3549935 0.0413360
v 0.0447821 -0.3547821 0.0426337
v 0.0486640 -0.3549935 0.0500000
v 0.0486640 -0.3500000 0.0450066
v 0.0473663 -0.3547821 0.0452179
v 0.0400000 -0.3586640 0.0450066
v 0.0449934 -0.3586640 0.0500000
v 0.0447821 -0.3573663 0.0452179
v 0.0400000 -0.3500000 0.0600000
v 0.0400000 -0.3600000 0.0500000
v 0.0500000 -0.3500000 0.0500000
v 0.0400000 -0.3549935 0.0586640
v 0.0449934 -0.3500000 0.0586640
v 0.0447821 -0.3547821 0.0573663
v 0.0449934 -0.3586640 0.0500000
v 0.0400000 -0.3586640 0.0549935
v 0.0447821 -0.3573663 0.0547822
v 0.0486640 -0.3500000 0.0549935
v 0.0486640 -0.3549935 0.0500000
v 0.0473663 -0.3547821 0.0547822
v 0.0400000 -0.3100000 0.0400000
v 0.0400000 -0.3000000 0.0500000
v 0.0500000 -0.3100000 0.0500000
v 0.0400000 -0.3050066 0.0413360
v 0.0449934 -0.3100000 0.0413360
v 0.0447821 -0.3052179 0.0426337
v 0.0449934 -0.3013360 0.0500000
v 0.0400000 -0.3013360 0.0450066
v 0.0447821 -0.3026337 0.0452179
v 0.0486640 -0.3100000 0.0450066
v 0.0486640 -0.3050066 0.0500000
v 0.0473663 -0.3052179 0.0452179
v 0.0400000 -0.3100000 0.0600000
v 0.0500000 -0.3100000 0.0500000
v 0.0400000 -0.3000000 0.0500000
v 0.0449934 -0.3100000 0.0586640
v 0.0400000 -0.3050066 0.0586640
v 0.0447821 -0.3052179 0.0573663
v 0.0486640 -0.3050066 0.0500000
v 0.0486640 -0.3100000 0.0549935
v 0.0473663 -0.3052179 0.0547822
v 0.0400000 -0.3013360 0.0549935
v 0.0449934 -0.3013360 0.0500000
v 0.0447821 -0.3026337 0.0547822
f 65 68 70
f 65 70 69
f 68 72 73
f 68 73 70
f 66 71 73
f 66 73 72
f 71 75 76
f 71 76 73
f 67 74 76
f 67 76 75
f 74 69 70
f 74 70 76
f 70 73 76
f 77 80 82
f 77 82 81
f 80 84 85
f 80 85 82
f 78 83 85
f 78 85 84
f 83 87 88
f 83 88 85
f 79 86 88
f 79 88 87
f 86 81 82
f 86 82 88
f 82 85 88
f 89 92 94
f 89 94 93
f 92 96 97
f 92 97 94
f 90 95 97
f 90 97 96
f 95 99 100
f 95 100 97
f 91 98 100
f 91 100 99
f 98 93 94
f 98 94 100
f 94 97 100
f 101 104 106
f 101 106 105
f 104 108 109
f 104 109 106
f 102 107 109
f 102 109 108
f 107 111 112
f 107 112 109
f 103 110 112
f 103 112 111
f 110 105 106
f 110 106 112
f 106 109 112
f 113 116 118
f 113 118 117
f 116 120 121
f 116 121 118
f 114 119 121
f 114 121 120
f 119 123 124
f 119 124 121
f 115 122 124
f 115 124 123
f 122 117 118
f 122 118 124
f 118 121 124
f 125 128 130
f 125 130 129
f 128 132 133
f 128 133 130
f 126 131 133
f 126 133 132
f 131 135 136
f 131 136 133
f 127 134 136
f 127 136 135
f 134 129 130
f 134 130 136
f 130 133 136
f 137 140 142
f 137 142 141
f 140 144 145
f 140 145 142
f 138 143 145
f 138 145 144
f 143 147 148
f 143 148 145
f 139 146 148
f 139 148 147
f 146 141 142
f 146 142 148
f 142 145 148
f 149 152 154
f 149 154 153
f 152 156 157
f 152 157 154
f 150 155 157
f 150 157 156
f 155 159 160
f 155 160 157
f 151 158 160
f 151 160 159
f 158 153 154
f 158 154 160
f 154 157 160
f 89 65 69
f 89 69 92
f 92 69 74
f 92 74 96
f 96 74 67
f 96 67 90
f 66 77 81
f 66 81 71
f 71 81 86
f 71 86 75
f 75 86 79
f 75 79 67
f 78 101 105
f 78 105 83
f 83 105 110
f 83 110 87
f 87 110 103
f 87 103 79
f 102 91 99
f 102 99 107
f 107 99 95
f 107 95 111
f 111 95 90
f 111 90 103
f 137 89 93
f 137 93 140
f 140 93 98
f 140 98 144
f 144 98 91
f 144 91 138
f 101 149 153
f 101 153 104
f 104 153 158
f 104 158 108
f 108 158 151
f 108 151 102
f 150 139 147
f 150 147 155
f 155 147 143
f 155 143 159
f 159 143 138
f 159 138 151
f 113 137 141
f 113 141 116
f 116 141 146
f 116 146 120
f 120 146 139
f 120 139 114
f 149 125 129
f 149 129 152
f 152 129 134
f 152 134 156
f 156 134 127
f 156 127 150
f 126 115 123
f 126 123 131
f 131 123 119
f 131 119 135
f 135 119 114
f 135 114 127
f 65 113 117
f 65 117 68
f 68 117 122
f 68 122 72
f 72 122 115
f 72 115 66
f 125 78 84
f 125 84 128
f 128 84 80
f 128 80 132
f 132 80 77
f 132 77 126
f 89 137 113
f 89 113 65
f 67 79 103
f 67 103 90
f 115 126 77
f 115 77 66
f 149 101 78
f 149 78 125
f 91 102 151
f 91 151 138
f 139 150 127
f 139 127 114
v -0.0016609 0.4000000 0.0199308
v 0.5983391 0.4000000 0.0699309
v -0.0015345 0.4076537 0.0184137
v 0.5984656 0.4076537 0.0684137
v -0.0011744 0.4141421 0.0140932
v 0.5988256 0.4141422 0.0640933
v -0.0006356 0.4184776 0.0076272
v 0.5993644 0.4184776 0.0576273
v 0.0000000 0.4200000 -0.0000001
v 0.6000000 0.4200000 0.0500000
v 0.0006356 0.4184776 -0.0076273
v 0.6006356 0.4184776 0.0423728
v 0.0011744 0.4141421 -0.0140933
v 0.6011745 0.4141422 0.0359067
v 0.0015345 0.4076537 -0.0184138
v 0.6015345 0.4076537 0.0315862
v 0.0016609 0.4000000 -0.0199310
v 0.6016609 0.4000000 0.0300691
v 0.0015345 0.3923463 -0.0184138
v 0.6015345 0.3923464 0.0315862
v 0.0011744 0.3858579 -0.0140933
v 0.6011745 0.3858579 0.0359067
v 0.0006356 0.3815224 -0.0076273
v 0.6006356 0.3815224 0.0423728
v -0.0000000 0.3800000 -0.0000001
v 0.6000000 0.3800000 0.0500000
v -0.0006356 0.3815224 0.0076272
v 0.5993644 0.3815224 0.0576273
v -0.0011744 0.3858579 0.0140932
v 0.5988256 0.3858579 0.0640933
v -0.0015345 0.3923463 0.0184137
v 0.5984656 0.3923464 0.0684138
f 161 162 164
f 161 164 163
f 163 164 166
f 163 166 165
f 165 166 168
f 165 168 167
f 167 168 170
f 167 170 169
f 169 170 172
f 169 172 171
f 171 172 174
f 171 174 173
f 173 174 176
f 173 176 175
f 175 176 178
f 175 178 177
f 177 178 180
f 177 180 179
f 179 180 182
f 179 182 181
f 181 182 184
f 181 184 183
f 183 184 186
f 183 186 185
f 185 186 188
f 185 188 187
f 187 188 190
f 187 190 189
f 166 164 162
f 162 192 190
f 190 188 186
f 186 184 182
f 182 180 178
f 178 176 174
f 174 172 170
f 170 168 166
f 166 162 190
f 190 186 182
f 182 178 174
f 174 170 166
f 166 190 182
f 182 174 166
f 189 190 192
f 189 192 191
f 191 192 162
f 191 162 161
f 191 161 163
f 163 165 167
f 167 169 171
f 171 173 175
f 175 177 179
f 179 181 183
f 183 185 187
f 187 189 191
f 191 163 167
f 167 171 175
f 175 179 183
f 183 187 191
f 191 167 175
f 175 183 191
v -0.0400000 0.3100000 0.0400000
v -0.0400000 0.3000000 0.0500000
v -0.0500000 0.3100000 0.0500000
v -0.0400000 0.3050066 0.0413360
v -0.0449934 0.3100000 0.0413360
v -0.0447821 0.3052179 0.0426337
v -0.0449934 0.3013360 0.0500000
v -0.0400000 0.3013360 0.0450066
v -0.0447821 0.3026337 0.0452179
v -0.0486640 0.3100000 0.0450066
v -0.0486640 0.3050066 0.0500000
v -0.0473663 0.3052179 0.0452179
v -0.0400000 0.3000000 0.0500000
v -0.0400000 0.3100000 0.0600000
v -0.0500000 0.3100000 0.0500000
v -0.0400000 0.3013360 0.0549935
v -0.0449934 0.3013360 0.0500000
v -0.0447821 0.3026337 0.0547822
v -0.0449934 0.3100000 0.0586640
v -0.0400000 0.3050066 0.0586640
v -0.0447821 0.3052179 0.0573663
v -0.0486640 0.3050066 0.0500000
v -0.0486640 0.3100000 0.0549935
v -0.0473663 0.3052179 0.0547822
v -0.0400000 0.3500000 0.0400000
v -0.0500000 0.3500000 0.0500000
v -0.0400000 0.3600000 0.0500000
v -0.0449934 0.3500000 0.0413360
v -0.0400000 0.3549935 0.0413360
v -0.0447821 0.3547821 0.0426337
v -0.0486640 0.3549935 0.0500000
v -0.0486640 0.3500000 0.0450066
v -0.0473663 0.3547821 0.0452179
v -0.0400000 0.3586640 0.0450066
v -0.0449934 0.3586640 0.0500000
v -0.0447821 0.3573663 0.0452179
v -0.0400000 0.3500000 0.0600000
v -0.0400000 0.3600000 0.0500000
v -0.0500000 0.3500000 0.0500000
v -0.0400000 0.3549935 0.0586640
v -0.0449934 0.3500000 0.0586640
v -0.0447821 0.3547821 0.0573663
v -0.0449934 0.3586640 0.0500000
v -0.0400000 0.3586640 0.0549935
v -0.0447821 0.3573663 0.0547822
v -0.0486640 0.3500000 0.0549935
v -0.0486640 0.3549935 0.0500000
v -0.0473663 0.3547821 0.0547822
v 0.0400000 0.3100000 0.0400000
v 0.0500000 0.3100000 0.0500000
v 0.0400000 0.3000000 0.0500000
v 0.0449934 0.3100000 0.0413360
v 0.0400000 0.3050066 0.0413360
v 0.0447821 0.3052179 0.0426337
v 0.0486640 0.3050066 0.0500000
v 0.0486640 0.3100000 0.0450066
v 0.0473663 0.3052179 0.0452179
v 0.0400000 0.3013360 0.0450066
v 0.0449934 0.3013360 0.0500000
v 0.0447821 0.3026337 0.0452179
v 0.0400000 0.3100000 0.0600000
v 0.0400000 0.3000000 0.0500000
v 0.0500000 0.3100000 0.0500000
v 0.0400000 0.3050066 0.0586640
v 0.0449934 0.3100000 0.0586640
v 0.0447821 0.3052179 0.0573663
v 0.0449934 0.3013360 0.0500000
v 0.0400000 0.3013360 0.0549935
v 0.0447821 0.3026337 0.0547822
v 0.0486640 0.3100000 0.0549935
v 0.0486640 0.3050066 0.0500000
v 0.0473663 0.3052179 0.0547822
v 0.0400000 0.3500000 0.0400000
v 0.0400000 0.3600000 0.0500000
v 0.0500000 0.3500000 0.0500000
v 0.0400000 0.3549935 0.0413360
v 0.0449934 0.3500000 0.0413360
v 0.0447821 0.3547821 0.0426337
v 0.0449934 0.3586640 0.0500000
v 0.0400000 0.3586640 0.0450066
v 0.0447821 0.3573663 0.0452179
v 0.0486640 0.3500000 0.0450066
v 0.0486640 0.3549935 0.0500000
v 0.0473663 0.3547821 0.0452179
v 0.0400000 0.3500000 0.0600000
v 0.0500000 0.3500000 0.0500000
v 0.0400000 0.3600000 0.0500000
v 0.0449934 0.3500000 0.0586640
v 0.0400000 0.3549935 0.0586640
v 0.0447821 0.3547821 0.0573663
v 0.0486640 0.3549935 0.0500000
v 0.0486640 0.3500000 0.0549935
v 0.0473663 0.3547821 0.0547822
v 0.0400000 0.3586640 0.0549935
v 0.0449934 0.3586640 0.0500000
v 0.0447821 0.3573663 0.0547822
f 193 196 198
f 193 198 197
f 196 200 201
f 196 201 198
f 194 199 201
f 194 201 200
f 199 203 204
f 199 204 201
f 195 202 204
f 195 204 203
f 202 197 198
f 202 198 204
f 198 201 204
f 205 208 210
f 205 210 209
f 208 212 213
f 208 213 210
f 206 211 213
f 206 213 212
f 211 215 216
f 211 216 213
f 207 214 216
f 207 216 215
f 214 209 210
f 214 210 216
f 210 213 216
f 217 220 222
f 217 222 221
f 220 224 225
f 220 225 222
f 218 223 225
f 218 225 224
f 223 227 228
f 223 228 225
f 219 226 228
f 219 228 227
f 226 221 222
f 226 222 228
f 222 225 228
f 229 232 234
f 229 234 233
f 232 236 237
f 232 237 234
f 230 235 237
f 230 237 236
f 235 239 240
f 235 240 237
f 231 238 240
f 231 240 239
f 238 233 234
f 238 234 240
f 234 237 240
f 241 244 246
f 241 246 245
f 244 248 249
f 244 249 246
f 242 247 249
f 242 249 248
f 247 251 252
f 247 252 249
f 243 250 252
f 243 252 251
f 250 245 246
f 250 246 252
f 246 249 252
f 253 256 258
f 253 258 257
f 256 260 261
f 256 261 258
f 254 259 261
f 254 261 260
f 259 263 264
f 259 264 261
f 255 262 264
f 255 264 263
f 262 257 258
f 262 258 264
f 258 261 264
f 265 268 270
f 265 270 269
f 268 272 273
f 268 273 270
f 266 271 273
f 266 273 272
f 271 275 276
f 271 276 273
f 267 274 276
f 267 276 275
f 274 269 270
f 274 270 276
f 270 273 276
f 277 280 282
f 277 282 281
f 280 284 285
f 280 285 282
f 278 283 285
f 278 285 284
f 283 287 288
f 283 288 285
f 279 286 288
f 279 288 287
f 286 281 282
f 286 282 288
f 282 285 288
f 217 193 197
f 217 197 220
f 220 197 202
f 220 202 224
f 224 202 195
f 224 195 218
f 194 205 209
f 194 209 199
f 199 209 214
f 199 214 203
f 203 214 207
f 203 207 195
f 206 229 233
f 206 233 211
f 211 233 238
f 211 238 215
f 215 238 231
f 215 231 207
f 230 219 227
f 230 227 235
f 235 227 223
f 235 223 239
f 239 223 218
f 239 218 231
f 265 217 221
f 265 221 268
f 268 221 226
f 268 226 272
f 272 226 219
f 272 219 266
f 229 277 281
f 229 281 232
f 232 281 286
f 232 286 236
f 236 286 279
f 236 279 230
f 278 267 275
f 278 275 283
f 283 275 271
f 283 271 287
f 287 271 266
f 287 266 279
f 241 265 269
f 241 269 244
f 244 269 274
f 244 274 248
f 248 274 267
f 248 267 242
f 277 253 257
f 277 257 280
f 280 257 262
f 280 262 284
f 284 262 255
f 284 255 278
f 254 243 251
f 254 251 259
f 259 251 247
f 259 247 263
f 263 247 242
f 263 242 255
f 193 241 245
f 193 245 196
f 196 245 250
f 196 250 200
f 200 250 243
f 200 243 194
f 253 206 212
f 253 212 256
f 256 212 208
f 256 208 260
f 260 208 205
f 260 205 254
f 217 265 241
f 217 241 193
f 195 207 231
f 195 231 218
f 243 254 205
f 243 205 194
f 277 229 206
f 277 206 253
f 219 230 279
f 219 279 266
f 267 278 255
f 267 255 242
v 0.6286926 -0.5951459 -0.0483744
v 0.6280823 -0.5981459 -0.0462819
v 0.6280823 -0.6018541 -0.0462819
v 0.6286926 -0.6048541 -0.0483744
v 0.6296800 -0.6060000 -0.0517600
v 0.6306675 -0.6048541 -0.0551456
v 0.6312778 -0.6018541 -0.0572381
v 0.6312778 -0.5981459 -0.0572381
v 0.6306675 -0.5951459 -0.0551456
v 0.6296800 -0.5940000 -0.0517600
v 0.6284631 -0.5951459 -0.0484499
v 0.6277110 -0.5981459 -0.0464041
v 0.6277110 -0.6018541 -0.0464041
v 0.6284631 -0.6048541 -0.0484499
v 0.6296800 -0.6060000 -0.0517600
v 0.6308970 -0.6048541 -0.0550701
v 0.6316491 -0.6018541 -0.0571159
v 0.6316491 -0.5981459 -0.0571159
v 0.6308970 -0.5951459 -0.0550701
v 0.6296800 -0.5940000 -0.0517600
v 0.6284631 -0.5951459 -0.0484499
v 0.6277110 -0.5981459 -0.0464041
v 0.6277110 -0.6018541 -0.0464041
v 0.6284631 -0.6048541 -0.0484499
v 0.6296800 -0.6060000 -0.0517600
v 0.6308970 -0.6048541 -0.0550701
v 0.6316491 -0.6018541 -0.0571159
v 0.6316491 -0.5981459 -0.0571159
v 0.6308970 -0.5951459 -0.0550701
v 0.6296800 -0.5940000 -0.0517600
v 0.6418602 -0.5951459 -0.0435334
v 0.6409699 -0.5981459 -0.0415439
v 0.6409699 -0.6018541 -0.0415439
v 0.6418602 -0.6048541 -0.0435334
v 0.6433009 -0.6060000 -0.0467525
v 0.6447415 -0.6048541 -0.0499715
v 0.6456319 -0.6018541 -0.0519610
v 0.6456319 -0.5981459 -0.0519610
v 0.6447415 -0.5951459 -0.0499715
v 0.6433009 -0.5940000 -0.0467525
v 0.6542433 -0.5951459 -0.0369393
v 0.6530895 -0.5981459 -0.0350901
v 0.6530895 -0.6018541 -0.0350901
v 0.6542433 -0.6048541 -0.0369393
v 0.6561101 -0.6060000 -0.0399314
v 0.6579769 -0.6048541 -0.0429235
v 0.6591307 -0.6018541 -0.0447727
v 0.6591307 -0.5981459 -0.0447727
v 0.6579769 -0.5951459 -0.0429235
v 0.6561101 -0.5940000 -0.0399314
v 0.6656096 -0.5951459 -0.0287157
v 0.6642141 -0.5981459 -0.0270414
v 0.6642141 -0.6018541 -0.0270414
v 0.6656096 -0.6048541 -0.0287157
v 0.6678676 -0.6060000 -0.0314247
v 0.6701256 -0.6048541 -0.0341338
v 0.6715211 -0.6018541 -0.0358081
v 0.6715211 -0.5981459 -0.0358081
v 0.6701256 -0.5951459 -0.0341338
v 0.6678676 -0.5940000 -0.0314247
v 0.6757462 -0.5951459 -0.0190166
v 0.6741351 -0.5981459 -0.0175486
v 0.6741351 -0.6018541 -0.0175486
v 0.6757462 -0.6048541 -0.0190166
v 0.6783531 -0.6060000 -0.0213919
v 0.6809599 -0.6048541 -0.0237671
v 0.6825711 -0.6018541 -0.0252351
v 0.6825711 -0.5981459 -0.0252351
v 0.6809599 -0.5951459 -0.0237671
v 0.6783531 -0.5940000 -0.0213919
v 0.6844630 -0.5951459 -0.0080239
v 0.6826665 -0.5981459 -0.0067897
v 0.6826665 -0.6018541 -0.0067897
v 0.6844630 -0.6048541 -0.0080239
v 0.6873699 -0.6060000 -0.0100209
v 0.6902767 -0.6048541 -0.0120178
v 0.6920733 -0.6018541 -0.0132520
v 0.6920733 -0.5981459 -0.0132520
v 0.6902767 -0.5951459 -0.0120178
v 0.6873699 -0.5940000 -0.0100209
v 0.6915967 -0.5951459 0.0040563
v 0.6896484 -0.5981459 0.0050336
v 0.6896484 -0.6018541 0.0050336
v 0.6915967 -0.6048541 0.0040563
v 0.6947491 -0.6060000 0.0024751
v 0.6979015 -0.6048541 0.0008940
v 0.6998498 -0.6018541 -0.0000833
v 0.6998498 -0.5981459 -0.0000833
v 0.6979015 -0.5951459 0.0008940
v 0.6947491 -0.5940000 0.0024751
v 0.6970136 -0.5951459 0.0169978
v 0.6949500 -0.5981459 0.0176997
v 0.6949500 -0.6018541 0.0176997
v 0.6970136 -0.6048541 0.0169978
v 0.7003524 -0.6060000 0.0158619
v 0.7036912 -0.6048541 0.0147261
v 0.7057547 -0.6018541 0.0140241
v 0.7057547 -0.5981459 0.0140241
v 0.7036912 -0.5951459 0.0147261
v 0.7003524 -0.5940000 0.0158619
v 0.7006120 -0.5951459 0.0305578
v 0.6984720 -0.5981459 0.0309713
v 0.6984720 -0.6018541 0.0309713
v 0.7006120 -0.6048541 0.0305578
v 0.7040747 -0.6060000 0.0298886
v 0.7075374 -0.6048541 0.0292195
v 0.7096774 -0.6018541 0.0288060
v 0.7096774 -0.5981459 0.0288060
v 0.7075374 -0.5951459 0.0292195
v 0.7040747 -0.5940000 0.0298886
v 0.7023246 -0.5951459 0.0444821
v 0.7001482 -0.5981459 0.0445995
v 0.7001482 -0.6018541 0.0445995
v 0.7023246 -0.6048541 0.0444821
v 0.7058463 -0.6060000 0.0442922
v 0.7093679 -0.6048541 0.0441023
v 0.7115443 -0.6018541 0.0439849
v 0.7115443 -0.5981459 0.0439849
v 0.7093679 -0.5951459 0.0441023
v 0.7058463 -0.5940000 0.0442922
v 0.7021194 -0.5951459 0.0585099
v 0.6999472 -0.5981459 0.0583289
v 0.6999472 -0.6018541 0.0583289
v 0.7021194 -0.6048541 0.0585099
v 0.7056339 -0.6060000 0.0588028
v 0.7091484 -0.6048541 0.0590957
v 0.7113205 -0.6018541 0.0592768
v 0.7113205 -0.5981459 0.0592768
v 0.7091484 -0.5951459 0.0590957
v 0.7056339 -0.5940000 0.0588028
v 0.7000000 -0.5951459 0.0723783
v 0.6978729 -0.5981459 0.0719023
v 0.6978729 -0.6018541 0.0719023
v 0.7000000 -0.6048541 0.0723783
v 0.7034416 -0.6060000 0.0731484
v 0.7068831 -0.6048541 0.0739186
v 0.7090102 -0.6018541 0.0743946
v 0.7090102 -0.5981459 0.0743946
v 0.7068831 -0.5951459 0.0739186
v 0.7034416 -0.5940000 0.0731484
v 0.6960062 -0.5951459 0.0858271
v 0.6939641 -0.5981459 0.0850651
v 0.6939641 -0.6018541 0.0850651
v 0.6960062 -0.6048541 0.0858271
v 0.6993104 -0.6060000 0.0870602
v 0.7026145 -0.6048541 0.0882932
v 0.7046566 -0.6018541 0.0890552
v 0.7046566 -0.5981459 0.0890552
v 0.7026145 -0.5951459 0.0882932
v 0.6993104 -0.5940000 0.0870602
v 0.6902130 -0.5951459 0.0986045
v 0.6882942 -0.5981459 0.0975707
v 0.6882942 -0.6018541 0.0975707
v 0.6902130 -0.6048541 0.0986045
v 0.6933178 -0.6060000 0.1002772
v 0.6964225 -0.6048541 0.1019500
v 0.6983414 -0.6018541 0.1029838
v 0.6983414 -0.5981459 0.1029838
v 0.6964225 -0.5951459 0.1019500
v 0.6933178 -0.5940000 0.1002772
v 0.6827288 -0.5951459 0.1104708
v 0.6809692 -0.5981459 0.1091846
v 0.6809692 -0.6018541 0.1091846
v 0.6827288 -0.6048541 0.1104708
v 0.6855760 -0.6060000 0.1125520
v 0.6884232 -0.6048541 0.1146331
v 0.6901829 -0.6018541 0.1159194
v 0.6901829 -0.5981459 0.1159194
v 0.6884232 -0.5951459 0.1146331
v 0.6855760 -0.5940000 0.1125520
v 0.6736941 -0.5951459 0.1212037
v 0.6721266 -0.5981459 0.1196892
v 0.6721266 -0.6018541 0.1196892
v 0.6736941 -0.6048541 0.1212037
v 0.6762303 -0.6060000 0.1236542
v 0.6787665 -0.6048541 0.1261048
v 0.6803340 -0.6018541 0.1276193
v 0.6803340 -0.5981459 0.1276193
v 0.6787665 -0.5951459 0.1261048
v 0.6762303 -0.5940000 0.1236542
v 0.6632780 -0.5951459 0.1306019
v 0.6619321 -0.5981459 0.1288875
v 0.6619321 -0.6018541 0.1288875
v 0.6632780 -0.6048541 0.1306019
v 0.6654558 -0.6060000 0.1333759
v 0.6676335 -0.6048541 0.1361499
v 0.6689795 -0.6018541 0.1378644
v 0.6689795 -0.5981459 0.1378644
v 0.6676335 -0.5951459 0.1361499
v 0.6654558 -0.5940000 0.1333759
v 0.6516758 -0.5951459 0.1384895
v 0.6505767 -0.5981459 0.1366073
v 0.6505767 -0.6018541 0.1366073
v 0.6516758 -0.6048541 0.1384895
v 0.6534543 -0.6060000 0.1415349
v 0.6552328 -0.6048541 0.1445804
v 0.6563320 -0.6018541 0.1464626
v 0.6563320 -0.5981459 0.1464626
v 0.6552328 -0.5951459 0.1445804
v 0.6534543 -0.5940000 0.1415349
v 0.6391051 -0.5951459 0.1447183
v 0.6382734 -0.5981459 0.1427037
v 0.6382734 -0.6018541 0.1427037
v 0.6391051 -0.6048541 0.1447183
v 0.6404510 -0.6060000 0.1479782
v 0.6417968 -0.6048541 0.1512380
v 0.6426286 -0.6018541 0.1532527
v 0.6426286 -0.5981459 0.1532527
v 0.6417968 -0.5951459 0.1512380
v 0.6404510 -0.5940000 0.1479782
v 0.6258014 -0.5951459 0.1491719
v 0.6252527 -0.5981459 0.1470625
v 0.6252527 -0.6018541 0.1470625
v 0.6258014 -0.6048541 0.1491719
v 0.6266894 -0.6060000 0.1525850
v 0.6275774 -0.6048541 0.1559981
v 0.6281262 -0.6018541 0.1581075
v 0.6281262 -0.5981459 0.1581075
v 0.6275774 -0.5951459 0.1559981
v 0.6266894 -0.5940000 0.1525850
v 0.6118944 -0.5951459 0.1517828
v 0.6115649 -0.5981459 0.1496282
v 0.6115649 -0.6018541 0.1496282
v 0.6118944 -0.6048541 0.1517828
v 0.6124276 -0.6060000 0.1552690
v 0.6129608 -0.6048541 0.1587551
v 0.6132903 -0.6018541 0.1609097
v 0.6132903 -0.5981459 0.1609097
v 0.6129608 -0.5951459 0.1587551
v 0.6124276 -0.5940000 0.1552690
v 0.0262026 -0.5951459 0.2209270
v 0.0260209 -0.5981459 0.2187549
v 0.0260209 -0.6018541 0.2187549
v 0.0262026 -0.6048541 0.2209269
v 0.0264965 -0.6060000 0.2244414
v 0.0267905 -0.6048541 0.2279559
v 0.0269722 -0.6018541 0.2301279
v 0.0269722 -0.5981459 0.2301279
v 0.0267905 -0.5951459 0.2279559
v 0.0264965 -0.5940000 0.2244414
v -0.0041720 -0.5951459 0.2224342
v -0.0041311 -0.5981459 0.2202549
v -0.0041311 -0.6018541 0.2202549
v -0.0041720 -0.6048541 0.2224342
v -0.0042381 -0.6060000 0.2259603
v -0.0043042 -0.6048541 0.2294863
v -0.0043451 -0.6018541 0.2316656
v -0.0043451 -0.5981459 0.2316656
v -0.0043042 -0.5951459 0.2294863
v -0.0042381 -0.5940000 0.2259603
v -0.0343496 -0.5951459 0.2198055
v -0.0340131 -0.5981459 0.2176521
v -0.0340131 -0.6018541 0.2176521
v -0.0343496 -0.6048541 0.2198055
v -0.0348941 -0.6060000 0.2232900
v -0.0354387 -0.6048541 0.2267744
v -0.0357752 -0.6018541 0.2289279
v -0.0357752 -0.5981459 0.2289279
v -0.0354387 -0.5951459 0.2267744
v -0.0348941 -0.5940000 0.2232900
v -0.0638905 -0.5951459 0.2131018
v -0.0632645 -0.5981459 0.2110140
v -0.0632645 -0.6018541 0.2110140
v -0.0638905 -0.6048541 0.2131018
v -0.0649033 -0.6060000 0.2164800
v -0.0659161 -0.6048541 0.2198581
v -0.0665421 -0.6018541 0.2219459
v -0.0665421 -0.5981459 0.2219459
v -0.0659161 -0.5951459 0.2198581
v -0.0649033 -0.5940000 0.2164800
v -0.0922468 -0.5951459 0.2024472
v -0.0913431 -0.5981459 0.2004638
v -0.0913431 -0.6018541 0.2004638
v -0.0922468 -0.6048541 0.2024472
v -0.0937092 -0.6060000 0.2056565
v -0.0951715 -0.6048541 0.2088657
v -0.0960753 -0.6018541 0.2108492
v -0.0960753 -0.5981459 0.2108492
v -0.0951715 -0.5951459 0.2088657
v -0.0937092 -0.5940000 0.2056565
v -0.1188930 -0.5951459 0.1880394
v -0.1177281 -0.5981459 0.1861971
v -0.1177281 -0.6018541 0.1861971
v -0.1188930 -0.6048541 0.1880394
v -0.1207777 -0.6060000 0.1910203
v -0.1226624 -0.6048541 0.1940011
v -0.1238272 -0.6018541 0.1958434
v -0.1238272 -0.5981459 0.1958434
v -0.1226624 -0.5951459 0.1940011
v -0.1207777 -0.5940000 0.1910203
v -0.1433349 -0.5951459 0.1701455
v -0.1419306 -0.5981459 0.1684785
v -0.1419306 -0.6018541 0.1684785
v -0.1433349 -0.6048541 0.1701455
v -0.1456071 -0.6060000 0.1728426
v -0.1478793 -0.6048541 0.1755398
v -0.1492836 -0.6018541 0.1772068
v -0.1492836 -0.5981459 0.1772068
v -0.1478793 -0.5951459 0.1755398
v -0.1456071 -0.5940000 0.1728426
v -0.1651195 -0.5951459 0.1490971
v -0.1635017 -0.5981459 0.1476363
v -0.1635017 -0.6018541 0.1476363
v -0.1651195 -0.6048541 0.1490971
v -0.1677370 -0.6060000 0.1514606
v -0.1703545 -0.6048541 0.1538241
v -0.1719722 -0.6018541 0.1552849
v -0.1719722 -0.5981459 0.1552849
v -0.1703545 -0.5951459 0.1538241
v -0.1677370 -0.5940000 0.1514606
v -0.1838428 -0.5951459 0.1252845
v -0.1820416 -0.5981459 0.1240571
v -0.1820416 -0.6018541 0.1240571
v -0.1838428 -0.6048541 0.1252845
v -0.1867571 -0.6060000 0.1272705
v -0.1896714 -0.6048541 0.1292565
v -0.1914726 -0.6018541 0.1304840
v -0.1914726 -0.5981459 0.1304840
v -0.1896714 -0.5951459 0.1292565
v -0.1867571 -0.5940000 0.1272705
v -0.1991577 -0.5951459 0.0991492
v -0.1972065 -0.5981459 0.0981777
v -0.1972065 -0.6018541 0.0981777
v -0.1991577 -0.6048541 0.0991492
v -0.2023149 -0.6060000 0.1007209
v -0.2054720 -0.6048541 0.1022926
v -0.2074232 -0.6018541 0.1032640
v -0.2074232 -0.5981459 0.1032640
v -0.2054720 -0.5951459 0.1022926
v -0.2023149 -0.5940000 0.1007209
v -0.2107804 -0.5951459 0.0711757
v -0.2087153 -0.5981459 0.0704784
v -0.2087153 -0.6018541 0.0704784
v -0.2107804 -0.6048541 0.0711757
v -0.2141218 -0.6060000 0.0723040
v -0.2174631 -0.6048541 0.0734323
v -0.2195282 -0.6018541 0.0741296
v -0.2195282 -0.5981459 0.0741296
v -0.2174631 -0.5951459 0.0734323
v -0.2141218 -0.5940000 0.0723040
v -0.2184953 -0.5951459 0.0418826
v -0.2163547 -0.5981459 0.0414723
v -0.2163547 -0.6018541 0.0414723
v -0.2184953 -0.6048541 0.0418826
v -0.2219590 -0.6060000 0.0425466
v -0.2254226 -0.6048541 0.0432105
v -0.2275633 -0.6018541 0.0436208
v -0.2275633 -0.5981459 0.0436208
v -0.2254226 -0.5951459 0.0432105
v -0.2219590 -0.5940000 0.0425466
v -0.2221594 -0.5951459 0.0118131
v -0.2199829 -0.5981459 0.0116974
v -0.2199829 -0.6018541 0.0116974
v -0.2221594 -0.6048541 0.0118131
v -0.2256812 -0.6060000 0.0120004
v -0.2292029 -0.6048541 0.0121877
v -0.2313795 -0.6018541 0.0123034
v -0.2313795 -0.5981459 0.0123034
v -0.2292029 -0.5951459 0.0121877
v -0.2256812 -0.5940000 0.0120004
v -0.2217048 -0.5951459 -0.0184754
v -0.2195327 -0.5981459 -0.0182944
v -0.2195327 -0.6018541 -0.0182944
v -0.2217048 -0.6048541 -0.0184754
v -0.2252193 -0.6060000 -0.0187683
v -0.2287339 -0.6048541 -0.0190611
v -0.2309060 -0.6018541 -0.0192422
v -0.2309060 -0.5981459 -0.0192422
v -0.2287339 -0.5951459 -0.0190611
v -0.2252193 -0.5940000 -0.0187683
v -0.2171399 -0.5951459 -0.0484214
v -0.2150125 -0.5981459 -0.0479470
v -0.2150125 -0.6018541 -0.0479470
v -0.2171399 -0.6048541 -0.0484214
v -0.2205821 -0.6060000 -0.0491890
v -0.2240242 -0.6048541 -0.0499566
v -0.2261516 -0.6018541 -0.0504310
v -0.2261516 -0.5981459 -0.0504310
v -0.2240242 -0.5951459 -0.0499566
v -0.2205821 -0.5940000 -0.0491890
v -0.2085493 -0.5951459 -0.0774697
v -0.2065061 -0.5981459 -0.0767107
v -0.2065061 -0.6018541 -0.0767107
v -0.2085493 -0.6048541 -0.0774697
v -0.2118553 -0.6060000 -0.0786978
v -0.2151613 -0.6048541 -0.0799259
v -0.2172045 -0.6018541 -0.0806849
v -0.2172045 -0.5981459 -0.0806849
v -0.2151613 -0.5951459 -0.0799259
v -0.2118553 -0.5940000 -0.0786978
v -0.1960923 -0.5951459 -0.1050818
v -0.1941711 -0.5981459 -0.1040522
v -0.1941711 -0.6018541 -0.1040522
v -0.1960923 -0.6048541 -0.1050818
v -0.1992008 -0.6060000 -0.1067475
v -0.2023093 -0.6048541 -0.1084133
v -0.2042305 -0.6018541 -0.1094428
v -0.2042305 -0.5981459 -0.1094428
v -0.2023093 -0.5951459 -0.1084133
v -0.1992008 -0.5940000 -0.1067475
v -0.1799998 -0.5951459 -0.1307457
v -0.1782363 -0.5981459 -0.1294647
v -0.1782363 -0.6018541 -0.1294647
v -0.1799998 -0.6048541 -0.1307457
v -0.1828533 -0.6060000 -0.1328183
v -0.1857067 -0.6048541 -0.1348909
v -0.1874702 -0.6018541 -0.1361718
v -0.1874702 -0.5981459 -0.1361718
v -0.1857067 -0.5951459 -0.1348909
v -0.1828533 -0.5940000 -0.1328183
v -0.1605703 -0.5951459 -0.1539856
v -0.1589971 -0.5981459 -0.1524769
v -0.1589971 -0.6018541 -0.1524769
v -0.1605703 -0.6048541 -0.1539856
v -0.1631157 -0.6060000 -0.1564266
v -0.1656611 -0.6048541 -0.1588676
v -0.1672342 -0.6018541 -0.1603763
v -0.1672342 -0.5981459 -0.1603763
v -0.1656611 -0.5951459 -0.1588676
v -0.1631157 -0.5940000 -0.1564266
v -0.1381638 -0.5951459 -0.1743707
v -0.1368102 -0.5981459 -0.1726623
v -0.1368102 -0.6018541 -0.1726623
v -0.1381638 -0.6048541 -0.1743707
v -0.1403540 -0.6060000 -0.1771348
v -0.1425442 -0.6048541 -0.1798990
v -0.1438978 -0.6018541 -0.1816074
v -0.1438978 -0.5981459 -0.1816074
v -0.1425442 -0.5951459 -0.1798990
v -0.1403540 -0.5940000 -0.1771348
v -0.1131958 -0.5951459 -0.1915230
v -0.1120868 -0.5981459 -0.1896466
v -0.1120868 -0.6018541 -0.1896466
v -0.1131958 -0.6048541 -0.1915230
v -0.1149903 -0.6060000 -0.1945591
v -0.1167847 -0.6048541 -0.1975952
v -0.1178937 -0.6018541 -0.1994716
v -0.1178937 -0.5981459 -0.1994716
v -0.1167847 -0.5951459 -0.1975952
v -0.1149903 -0.5940000 -0.1945591
v -0.0861293 -0.5951459 -0.2051246
v -0.0852855 -0.5981459 -0.2031149
v -0.0852855 -0.6018541 -0.2031149
v -0.0861293 -0.6048541 -0.2051246
v -0.0874946 -0.6060000 -0.2083763
v -0.0888600 -0.6048541 -0.2116280
v -0.0897038 -0.6018541 -0.2136377
v -0.0897038 -0.5981459 -0.2136377
v -0.0888600 -0.5951459 -0.2116280
v -0.0874946 -0.5940000 -0.2083763
v -0.0574659 -0.5951459 -0.2149233
v -0.0569029 -0.5981459 -0.2128176
v -0.0569029 -0.6018541 -0.2128176
v -0.0574659 -0.6048541 -0.2149233
v -0.0583769 -0.6060000 -0.2183303
v -0.0592879 -0.6048541 -0.2217374
v -0.0598509 -0.6018541 -0.2238430
v -0.0598509 -0.5981459 -0.2238430
v -0.0592879 -0.5951459 -0.2217374
v -0.0583769 -0.5940000 -0.2183303
v -0.0277372 -0.5951459 -0.2207374
v -0.0274655 -0.5981459 -0.2185748
v -0.0274655 -0.6018541 -0.2185748
v -0.0277372 -0.6048541 -0.2207374
v -0.0281769 -0.6060000 -0.2242366
v -0.0286166 -0.6048541 -0.2277358
v -0.0288884 -0.6018541 -0.2298984
v -0.0288884 -0.5981459 -0.2298984
v -0.0286166 -0.5951459 -0.2277358
v -0.0281769 -0.5940000 -0.2242366
v 0.0025058 -0.5951459 -0.2224592
v 0.0024812 -0.5981459 -0.2202797
v 0.0024812 -0.6018541 -0.2202797
v 0.0025058 -0.6048541 -0.2224592
v 0.0025455 -0.6060000 -0.2259856
v 0.0025852 -0.6048541 -0.2295121
v 0.0026098 -0.6018541 -0.2316916
v 0.0026098 -0.5981459 -0.2316916
v 0.0025852 -0.5951459 -0.2295121
v 0.0025455 -0.5940000 -0.2259856
v 0.0327023 -0.5951459 -0.2200567
v 0.0323819 -0.5981459 -0.2179007
v 0.0323819 -0.6018541 -0.2179007
v 0.0327023 -0.6048541 -0.2200567
v 0.0332207 -0.6060000 -0.2235450
v 0.0337391 -0.6048541 -0.2270334
v 0.0340595 -0.6018541 -0.2291894
v 0.0340595 -0.5981459 -0.2291894
v 0.0337391 -0.5951459 -0.2270334
v 0.0332207 -0.5940000 -0.2235450
v 0.0624084 -0.5951459 -0.2135427
v 0.0618697 -0.5981459 -0.2114307
v 0.0618697 -0.6018541 -0.2114307
v 0.0624084 -0.6048541 -0.2135427
v 0.0632800 -0.6060000 -0.2169600
v 0.0641516 -0.6048541 -0.2203773
v 0.0646903 -0.6018541 -0.2224893
v 0.0646903 -0.5981459 -0.2224893
v 0.0641516 -0.5951459 -0.2203773
v 0.0632800 -0.5940000 -0.2169600
v 0.6286926 -0.5951459 -0.0483744
v 0.6280823 -0.5981459 -0.0462819
v 0.6280823 -0.6018541 -0.0462819
v 0.6286926 -0.6048541 -0.0483744
v 0.6296800 -0.6060000 -0.0517600
v 0.6306675 -0.6048541 -0.0551456
v 0.6312778 -0.6018541 -0.0572381
v 0.6312778 -0.5981459 -0.0572381
v 0.6306675 -0.5951459 -0.0551456
v 0.6296800 -0.5940000 -0.0517600
f 297 295 296
f 297 294 295
f 298 294 297
f 298 293 294
f 289 293 298
f 289 292 293
f 290 292 289
f 290 291 292
f 304 306 305
f 304 307 306
f 303 307 304
f 303 308 307
f 302 308 303
f 302 299 308
f 301 299 302
f 301 300 299
f 309 319 328
f 309 328 318
f 310 320 319
f 310 319 309
f 311 321 320
f 311 320 310
f 312 322 321
f 312 321 311
f 313 323 322
f 313 322 312
f 314 324 323
f 314 323 313
f 315 325 324
f 315 324 314
f 316 326 325
f 316 325 315
f 317 327 326
f 317 326 316
f 318 328 327
f 318 327 317
f 319 329 338
f 319 338 328
f 320 330 329
f 320 329 319
f 321 331 330
f 321 330 320
f 322 332 331
f 322 331 321
f 323 333 332
f 323 332 322
f 324 334 333
f 324 333 323
f 325 335 334
f 325 334 324
f 326 336 335
f 326 335 325
f 327 337 336
f 327 336 326
f 328 338 337
f 328 337 327
f 329 339 348
f 329 348 338
f 330 340 339
f 330 339 329
f 331 341 340
f 331 340 330
f 332 342 341
f 332 341 331
f 333 343 342
f 333 342 332
f 334 344 343
f 334 343 333
f 335 345 344
f 335 344 334
f 336 346 345
f 336 345 335
f 337 347 346
f 337 346 336
f 338 348 347
f 338 347 337
f 339 349 358
f 339 358 348
f 340 350 349
f 340 349 339
f 341 351 350
f 341 350 340
f 342 352 351
f 342 351 341
f 343 353 352
f 343 352 342
f 344 354 353
f 344 353 343
f 345 355 354
f 345 354 344
f 346 356 355
f 346 355 345
f 347 357 356
f 347 356 346
f 348 358 357
f 348 357 347
f 349 359 368
f 349 368 358
f 350 360 359
f 350 359 349
f 351 361 360
f 351 360 350
f 352 362 361
f 352 361 351
f 353 363 362
f 353 362 352
f 354 364 363
f 354 363 353
f 355 365 364
f 355 364 354
f 356 366 365
f 356 365 355
f 357 367 366
f 357 366 356
f 358 368 367
f 358 367 357
f 359 369 378
f 359 378 368
f 360 370 369
f 360 369 359
f 361 371 370
f 361 370 360
f 362 372 371
f 362 371 361
f 363 373 372
f 363 372 362
f 364 374 373
f 364 373 363
f 365 375 374
f 365 374 364
f 366 376 375
f 366 375 365
f 367 377 376
f 367 376 366
f 368 378 377
f 368 377 367
f 369 379 388
f 369 388 378
f 370 380 379
f 370 379 369
f 371 381 380
f 371 380 370
f 372 382 381
f 372 381 371
f 373 383 382
f 373 382 372
f 374 384 383
f 374 383 373
f 375 385 384
f 375 384 374
f 376 386 385
f 376 385 375
f 377 387 386
f 377 386 376
f 378 388 387
f 378 387 377
f 379 389 398
f 379 398 388
f 380 390 389
f 380 389 379
f 381 391 390
f 381 390 380
f 382 392 391
f 382 391 381
f 383 393 392
f 383 392 382
f 384 394 393
f 384 393 383
f 385 395 394
f 385 394 384
f 386 396 395
f 386 395 385
f 387 397 396
f 387 396 386
f 388 398 397
f 388 397 387
f 389 399 408
f 389 408 398
f 390 400 399
f 390 399 389
f 391 401 400
f 391 400 390
f 392 402 401
f 392 401 391
f 393 403 402
f 393 402 392
f 394 404 403
f 394 403 393
f 395 405 404
f 395 404 394
f 396 406 405
f 396 405 395
f 397 407 406
f 397 406 396
f 398 408 407
f 398 407 397
f 399 409 418
f 399 418 408
f 400 410 409
f 400 409 399
f 401 411 410
f 401 410 400
f 402 412 411
f 402 411 401
f 403 413 412
f 403 412 402
f 404 414 413
f 404 413 403
f 405 415 414
f 405 414 404
f 406 416 415
f 406 415 405
f 407 417 416
f 407 416 406
f 408 418 417
f 408 417 407
f 409 419 428
f 409 428 418
f 410 420 419
f 410 419 409
f 411 421 420
f 411 420 410
f 412 422 421
f 412 421 411
f 413 423 422
f 413 422 412
f 414 424 423
f 414 423 413
f 415 425 424
f 415 424 414
f 416 426 425
f 416 425 415
f 417 427 426
f 417 426 416
f 418 428 427
f 418 427 417
f 419 429 438
f 419 438 428
f 420 430 429
f 420 429 419
f 421 431 430
f 421 430 420
f 422 432 431
f 422 431 421
f 423 433 432
f 423 432 422
f 424 434 433
f 424 433 423
f 425 435 434
f 425 434 424
f 426 436 435
f 426 435 425
f 427 437 436
f 427 436 426
f 428 438 437
f 428 437 427
f 429 439 448
f 429 448 438
f 430 440 439
f 430 439 429
f 431 441 440
f 431 440 430
f 432 442 441
f 432 441 431
f 433 443 442
f 433 442 432
f 434 444 443
f 434 443 433
f 435 445 444
f 435 444 434
f 436 446 445
f 436 445 435
f 437 447 446
f 437 446 436
f 438 448 447
f 438 447 437
f 439 449 458
f 439 458 448
f 440 450 449
f 440 449 439
f 441 451 450
f 441 450 440
f 442 452 451
f 442 451 441
f 443 453 452
f 443 452 442
f 444 454 453
f 444 453 443
f 445 455 454
f 445 454 444
f 446 456 455
f 446 455 445
f 447 457 456
f 447 456 446
f 448 458 457
f 448 457 447
f 449 459 468
f 449 468 458
f 450 460 459
f 450 459 449
f 451 461 460
f 451 460 450
f 452 462 461
f 452 461 451
f 453 463 462
f 453 462 452
f 454 464 463
f 454 463 453
f 455 465 464
f 455 464 454
f 456 466 465
f 456 465 455
f 457 467 466
f 457 466 456
f 458 468 467
f 458 467 457
f 459 469 478
f 459 478 468
f 460 470 469
f 460 469 459
f 461 471 470
f 461 470 460
f 462 472 471
f 462 471 461
f 463 473 472
f 463 472 462
f 464 474 473
f 464 473 463
f 465 475 474
f 465 474 464
f 466 476 475
f 466 475 465
f 467 477 476
f 467 476 466
f 468 478 477
f 468 477 467
f 469 479 488
f 469 488 478
f 470 480 479
f 470 479 469
f 471 481 480
f 471 480 470
f 472 482 481
f 472 481 471
f 473 483 482
f 473 482 472
f 474 484 483
f 474 483 473
f 475 485 484
f 475 484 474
f 476 486 485
f 476 485 475
f 477 487 486
f 477 486 476
f 478 488 487
f 478 487 477
f 479 489 498
f 479 498 488
f 480 490 489
f 480 489 479
f 481 491 490
f 481 490 480
f 482 492 491
f 482 491 481
f 483 493 492
f 483 492 482
f 484 494 493
f 484 493 483
f 485 495 494
f 485 494 484
f 486 496 495
f 486 495 485
f 487 497 496
f 487 496 486
f 488 498 497
f 488 497 487
f 489 499 508
f 489 508 498
f 490 500 499
f 490 499 489
f 491 501 500
f 491 500 490
f 492 502 501
f 492 501 491
f 493 503 502
f 493 502 492
f 494 504 503
f 494 503 493
f 495 505 504
f 495 504 494
f 496 506 505
f 496 505 495
f 497 507 506
f 497 506 496
f 498 508 507
f 498 507 497
f 499 509 518
f 499 518 508
f 500 510 509
f 500 509 499
f 501 511 510
f 501 510 500
f 502 512 511
f 502 511 501
f 503 513 512
f 503 512 502
f 504 514 513
f 504 513 503
f 505 515 514
f 505 514 504
f 506 516 515
f 506 515 505
f 507 517 516
f 507 516 506
f 508 518 517
f 508 517 507
f 509 519 528
f 509 528 518
f 510 520 519
f 510 519 509
f 511 521 520
f 511 520 510
f 512 522 521
f 512 521 511
f 513 523 522
f 513 522 512
f 514 524 523
f 514 523 513
f 515 525 524
f 515 524 514
f 516 526 525
f 516 525 515
f 517 527 526
f 517 526 516
f 518 528 527
f 518 527 517
f 519 529 538
f 519 538 528
f 520 530 529
f 520 529 519
f 521 531 530
f 521 530 520
f 522 532 531
f 522 531 521
f 523 533 532
f 523 532 522
f 524 534 533
f 524 533 523
f 525 535 534
f 525 534 524
f 526 536 535
f 526 535 525
f 527 537 536
f 527 536 526
f 528 538 537
f 528 537 527
f 529 539 548
f 529 548 538
f 530 540 539
f 530 539 529
f 531 541 540
f 531 540 530
f 532 542 541
f 532 541 531
f 533 543 542
f 533 542 532
f 534 544 543
f 534 543 533
f 535 545 544
f 535 544 534
f 536 546 545
f 536 545 535
f 537 547 546
f 537 546 536
f 538 548 547
f 538 547 537
f 539 549 558
f 539 558 548
f 540 550 549
f 540 549 539
f 541 551 550
f 541 550 540
f 542 552 551
f 542 551 541
f 543 553 552
f 543 552 542
f 544 554 553
f 544 553 543
f 545 555 554
f 545 554 544
f 546 556 555
f 546 555 545
f 547 557 556
f 547 556 546
f 548 558 557
f 548 557 547
f 549 559 568
f 549 568 558
f 550 560 559
f 550 559 549
f 551 561 560
f 551 560 550
f 552 562 561
f 552 561 551
f 553 563 562
f 553 562 552
f 554 564 563
f 554 563 553
f 555 565 564
f 555 564 554
f 556 566 565
f 556 565 555
f 557 567 566
f 557 566 556
f 558 568 567
f 558 567 557
f 559 569 578
f 559 578 568
f 560 570 569
f 560 569 559
f 561 571 570
f 561 570 560
f 562 572 571
f 562 571 561
f 563 573 572
f 563 572 562
f 564 574 573
f 564 573 563
f 565 575 574
f 565 574 564
f 566 576 575
f 566 575 565
f 567 577 576
f 567 576 566
f 568 578 577
f 568 577 567
f 569 579 588
f 569 588 578
f 570 580 579
f 570 579 569
f 571 581 580
f 571 580 570
f 572 582 581
f 572 581 571
f 573 583 582
f 573 582 572
f 574 584 583
f 574 583 573
f 575 585 584
f 575 584 574
f 576 586 585
f 576 585 575
f 577 587 586
f 577 586 576
f 578 588 587
f 578 587 577
f 579 589 598
f 579 598 588
f 580 590 589
f 580 589 579
f 581 591 590
f 581 590 580
f 582 592 591
f 582 591 581
f 583 593 592
f 583 592 582
f 584 594 593
f 584 593 583
f 585 595 594
f 585 594 584
f 586 596 595
f 586 595 585
f 587 597 596
f 587 596 586
f 588 598 597
f 588 597 587
f 589 599 608
f 589 608 598
f 590 600 599
f 590 599 589
f 591 601 600
f 591 600 590
f 592 602 601
f 592 601 591
f 593 603 602
f 593 602 592
f 594 604 603
f 594 603 593
f 595 605 604
f 595 604 594
f 596 606 605
f 596 605 595
f 597 607 606
f 597 606 596
f 598 608 607
f 598 607 597
f 599 609 618
f 599 618 608
f 600 610 609
f 600 609 599
f 601 611 610
f 601 610 600
f 602 612 611
f 602 611 601
f 603 613 612
f 603 612 602
f 604 614 613
f 604 613 603
f 605 615 614
f 605 614 604
f 606 616 615
f 606 615 605
f 607 617 616
f 607 616 606
f 608 618 617
f 608 617 607
f 609 619 628
f 609 628 618
f 610 620 619
f 610 619 609
f 611 621 620
f 611 620 610
f 612 622 621
f 612 621 611
f 613 623 622
f 613 622 612
f 614 624 623
f 614 623 613
f 615 625 624
f 615 624 614
f 616 626 625
f 616 625 615
f 617 627 626
f 617 626 616
f 618 628 627
f 618 627 617
f 619 629 638
f 619 638 628
f 620 630 629
f 620 629 619
f 621 631 630
f 621 630 620
f 622 632 631
f 622 631 621
f 623 633 632
f 623 632 622
f 624 634 633
f 624 633 623
f 625 635 634
f 625 634 624
f 626 636 635
f 626 635 625
f 627 637 636
f 627 636 626
f 628 638 637
f 628 637 627
f 629 639 648
f 629 648 638
f 630 640 639
f 630 639 629
f 631 641 640
f 631 640 630
f 632 642 641
f 632 641 631
f 633 643 642
f 633 642 632
f 634 644 643
f 634 643 633
f 635 645 644
f 635 644 634
f 636 646 645
f 636 645 635
f 637 647 646
f 637 646 636
f 638 648 647
f 638 647 637
f 639 649 658
f 639 658 648
f 640 650 649
f 640 649 639
f 641 651 650
f 641 650 640
f 642 652 651
f 642 651 641
f 643 653 652
f 643 652 642
f 644 654 653
f 644 653 643
f 645 655 654
f 645 654 644
f 646 656 655
f 646 655 645
f 647 657 656
f 647 656 646
f 648 658 657
f 648 657 647
f 649 659 668
f 649 668 658
f 650 660 659
f 650 659 649
f 651 661 660
f 651 660 650
f 652 662 661
f 652 661 651
f 653 663 662
f 653 662 652
f 654 664 663
f 654 663 653
f 655 665 664
f 655 664 654
f 656 666 665
f 656 665 655
f 657 667 666
f 657 666 656
f 658 668 667
f 658 667 657
f 659 669 678
f 659 678 668
f 660 670 669
f 660 669 659
f 661 671 670
f 661 670 660
f 662 672 671
f 662 671 661
f 663 673 672
f 663 672 662
f 664 674 673
f 664 673 663
f 665 675 674
f 665 674 664
f 666 676 675
f 666 675 665
f 667 677 676
f 667 676 666
f 668 678 677
f 668 677 667
f 669 679 688
f 669 688 678
f 670 680 679
f 670 679 669
f 671 681 680
f 671 680 670
f 672 682 681
f 672 681 671
f 673 683 682
f 673 682 672
f 674 684 683
f 674 683 673
f 675 685 684
f 675 684 674
f 676 686 685
f 676 685 675
f 677 687 686
f 677 686 676
f 678 688 687
f 678 687 677
f 679 689 698
f 679 698 688
f 680 690 689
f 680 689 679
f 681 691 690
f 681 690 680
f 682 692 691
f 682 691 681
f 683 693 692
f 683 692 682
f 684 694 693
f 684 693 683
f 685 695 694
f 685 694 684
f 686 696 695
f 686 695 685
f 687 697 696
f 687 696 686
f 688 698 697
f 688 697 687
f 689 699 708
f 689 708 698
f 690 700 699
f 690 699 689
f 691 701 700
f 691 700 690
f 692 702 701
f 692 701 691
f 693 703 702
f 693 702 692
f 694 704 703
f 694 703 693
f 695 705 704
f 695 704 694
f 696 706 705
f 696 705 695
f 697 707 706
f 697 706 696
f 698 708 707
f 698 707 697
f 699 709 718
f 699 718 708
f 700 710 709
f 700 709 699
f 701 711 710
f 701 710 700
f 702 712 711
f 702 711 701
f 703 713 712
f 703 712 702
f 704 714 713
f 704 713 703
f 705 715 714
f 705 714 704
f 706 716 715
f 706 715 705
f 707 717 716
f 707 716 706
f 708 718 717
f 708 717 707
f 709 719 728
f 709 728 718
f 710 720 719
f 710 719 709
f 711 721 720
f 711 720 710
f 712 722 721
f 712 721 711
f 713 723 722
f 713 722 712
f 714 724 723
f 714 723 713
f 715 725 724
f 715 724 714
f 716 726 725
f 716 725 715
f 717 727 726
f 717 726 716
f 718 728 727
f 718 727 717
f 719 729 738
f 719 738 728
f 720 730 729
f 720 729 719
f 721 731 730
f 721 730 720
f 722 732 731
f 722 731 721
f 723 733 732
f 723 732 722
f 724 734 733
f 724 733 723
f 725 735 734
f 725 734 724
f 726 736 735
f 726 735 725
f 727 737 736
f 727 736 726
f 728 738 737
f 728 737 727
f 729 739 748
f 729 748 738
f 730 740 739
f 730 739 729
f 731 741 740
f 731 740 730
f 732 742 741
f 732 741 731
f 733 743 742
f 733 742 732
f 734 744 743
f 734 743 733
f 735 745 744
f 735 744 734
f 736 746 745
f 736 745 735
f 737 747 746
f 737 746 736
f 738 748 747
f 738 747 737
f 739 749 758
f 739 758 748
f 740 750 749
f 740 749 739
f 741 751 750
f 741 750 740
f 742 752 751
f 742 751 741
f 743 753 752
f 743 752 742
f 744 754 753
f 744 753 743
f 745 755 754
f 745 754 744
f 746 756 755
f 746 755 745
f 747 757 756
f 747 756 746
f 748 758 757
f 748 757 747
f 749 759 768
f 749 768 758
f 750 760 759
f 750 759 749
f 751 761 760
f 751 760 750
f 752 762 761
f 752 761 751
f 753 763 762
f 753 762 752
f 754 764 763
f 754 763 753
f 755 765 764
f 755 764 754
f 756 766 765
f 756 765 755
f 757 767 766
f 757 766 756
f 758 768 767
f 758 767 757
f 759 769 778
f 759 778 768
f 760 770 769
f 760 769 759
f 761 771 770
f 761 770 760
f 762 772 771
f 762 771 761
f 763 773 772
f 763 772 762
f 764 774 773
f 764 773 763
f 765 775 774
f 765 774 764
f 766 776 775
f 766 775 765
f 767 777 776
f 767 776 766
f 768 778 777
f 768 777 767
f 769 779 788
f 769 788 778
f 770 780 779
f 770 779 769
f 771 781 780
f 771 780 770
f 772 782 781
f 772 781 771
f 773 783 782
f 773 782 772
f 774 784 783
f 774 783 773
f 775 785 784
f 775 784 774
f 776 786 785
f 776 785 775
f 777 787 786
f 777 786 776
f 778 788 787
f 778 787 777
f 779 789 798
f 779 798 788
f 780 790 789
f 780 789 779
f 781 791 790
f 781 790 780
f 782 792 791
f 782 791 781
f 783 793 792
f 783 792 782
f 784 794 793
f 784 793 783
f 785 795 794
f 785 794 784
f 786 796 795
f 786 795 785
f 787 797 796
f 787 796 786
f 788 798 797
f 788 797 787
v 0.1620000 -0.4700000 0.0000000
v 0.1611962 -0.4730000 0.0000000
v 0.1590000 -0.4751962 0.0000000
v 0.1560000 -0.4760000 0.0000000
v 0.1530000 -0.4751962 0.0000000
v 0.1508038 -0.4730000 0.0000000
v 0.1500000 -0.4700000 0.0000000
v 0.1508038 -0.4670000 0.0000000
v 0.1530000 -0.4648038 0.0000000
v 0.1560000 -0.4640000 0.0000000
v 0.1590000 -0.4648038 0.0000000
v 0.1611962 -0.4670000 0.0000000
v 0.1616531 -0.4700000 0.0105953
v 0.1608510 -0.4730000 0.0105428
v 0.1586596 -0.4751962 0.0103991
v 0.1556660 -0.4760000 0.0102029
v 0.1526724 -0.4751962 0.0100067
v 0.1504810 -0.4730000 0.0098631
v 0.1496788 -0.4700000 0.0098105
v 0.1504810 -0.4670000 0.0098631
v 0.1526724 -0.4648038 0.0100067
v 0.1556660 -0.4640000 0.0102029
v 0.1586596 -0.4648038 0.0103991
v 0.1608510 -0.4670000 0.0105428
v 0.1606141 -0.4700000 0.0211452
v 0.1598171 -0.4730000 0.0210403
v 0.1576397 -0.4751962 0.0207537
v 0.1546654 -0.4760000 0.0203621
v 0.1516911 -0.4751962 0.0199705
v 0.1495137 -0.4730000 0.0196838
v 0.1487167 -0.4700000 0.0195789
v 0.1495137 -0.4670000 0.0196838
v 0.1516911 -0.4648038 0.0199705
v 0.1546654 -0.4640000 0.0203621
v 0.1576397 -0.4648038 0.0207537
v 0.1598171 -0.4670000 0.0210403
v 0.1588872 -0.4700000 0.0316046
v 0.1580988 -0.4730000 0.0314478
v 0.1559449 -0.4751962 0.0310194
v 0.1530025 -0.4760000 0.0304341
v 0.1500601 -0.4751962 0.0298488
v 0.1479062 -0.4730000 0.0294204
v 0.1471178 -0.4700000 0.0292636
v 0.1479062 -0.4670000 0.0294204
v 0.1500601 -0.4648038 0.0298488
v 0.1530025 -0.4640000 0.0304341
v 0.1559449 -0.4648038 0.0310194
v 0.1580988 -0.4670000 0.0314478
v 0.1564800 -0.4700000 0.0419286
v 0.1557035 -0.4730000 0.0417206
v 0.1535822 -0.4751962 0.0411522
v 0.1506844 -0.4760000 0.0403758
v 0.1477866 -0.4751962 0.0395993
v 0.1456653 -0.4730000 0.0390309
v 0.1448889 -0.4700000 0.0388228
v 0.1456653 -0.4670000 0.0390309
v 0.1477866 -0.4648038 0.0395993
v 0.1506844 -0.4640000 0.0403758
v 0.1535822 -0.4648038 0.0411522
v 0.1557035 -0.4670000 0.0417206
v 0.1534027 -0.4700000 0.0520732
v 0.1526415 -0.4730000 0.0518148
v 0.1505619 -0.4751962 0.0511089
v 0.1477211 -0.4760000 0.0501446
v 0.1448803 -0.4751962 0.0491803
v 0.1428007 -0.4730000 0.0484743
v 0.1420395 -0.4700000 0.0482159
v 0.1428007 -0.4670000 0.0484743
v 0.1448803 -0.4648038 0.0491803
v 0.1477211 -0.4640000 0.0501446
v 0.1505619 -0.4648038 0.0511089
v 0.1526415 -0.4670000 0.0518148
v 0.1496685 -0.4700000 0.0619947
v 0.1489258 -0.4730000 0.0616871
v 0.1468969 -0.4751962 0.0608467
v 0.1441252 -0.4760000 0.0596986
v 0.1413536 -0.4751962 0.0585505
v 0.1393246 -0.4730000 0.0577101
v 0.1385819 -0.4700000 0.0574025
v 0.1393246 -0.4670000 0.0577101
v 0.1413536 -0.4648038 0.0585505
v 0.1441252 -0.4640000 0.0596986
v 0.1468969 -0.4648038 0.0608467
v 0.1489258 -0.4670000 0.0616871
v 0.1452934 -0.4700000 0.0716507
v 0.1445724 -0.4730000 0.0712953
v 0.1426028 -0.4751962 0.0703239
v 0.1399122 -0.4760000 0.0689970
v 0.1372215 -0.4751962 0.0676702
v 0.1352519 -0.4730000 0.0666988
v 0.1345309 -0.4700000 0.0663433
v 0.1352519 -0.4670000 0.0666988
v 0.1372215 -0.4648038 0.0676702
v 0.1399122 -0.4640000 0.0689970
v 0.1426028 -0.4648038 0.0703239
v 0.1445724 -0.4670000 0.0712953
v 0.1402961 -0.4700000 0.0810000
v 0.1395999 -0.4730000 0.0805981
v 0.1376980 -0.4751962 0.0795000
v 0.1350999 -0.4760000 0.0780000
v 0.1325019 -0.4751962 0.0765000
v 0.1305999 -0.4730000 0.0754020
v 0.1299038 -0.4700000 0.0750000
v 0.1305999 -0.4670000 0.0754020
v 0.1325019 -0.4648038 0.0765000
v 0.1350999 -0.4640000 0.0780000
v 0.1376980 -0.4648038 0.0795000
v 0.1395999 -0.4670000 0.0805981
v 0.1346981 -0.4700000 0.0900024
v 0.1340297 -0.4730000 0.0895558
v 0.1322037 -0.4751962 0.0883357
v 0.1297093 -0.4760000 0.0866690
v 0.1272148 -0.4751962 0.0850022
v 0.1253888 -0.4730000 0.0837821
v 0.1247204 -0.4700000 0.0833355
v 0.1253888 -0.4670000 0.0837821
v 0.1272148 -0.4648038 0.0850022
v 0.1297093 -0.4640000 0.0866690
v 0.1322037 -0.4648038 0.0883357
v 0.1340297 -0.4670000 0.0895558
v 0.1285233 -0.4700000 0.0986193
v 0.1278855 -0.4730000 0.0981300
v 0.1261432 -0.4751962 0.0967931
v 0.1237631 -0.4760000 0.0949668
v 0.1213831 -0.4751962 0.0931405
v 0.1196408 -0.4730000 0.0918036
v 0.1190030 -0.4700000 0.0913142
v 0.1196408 -0.4670000 0.0918036
v 0.1213831 -0.4648038 0.0931405
v 0.1237631 -0.4640000 0.0949668
v 0.1261432 -0.4648038 0.0967931
v 0.1278855 -0.4670000 0.0981300
v 0.1217981 -0.4700000 0.1068140
v 0.1211937 -0.4730000 0.1062840
v 0.1195425 -0.4751962 0.1048360
v 0.1172870 -0.4760000 0.1028579
v 0.1150315 -0.4751962 0.1008799
v 0.1133803 -0.4730000 0.0994319
v 0.1127760 -0.4700000 0.0989019
v 0.1133803 -0.4670000 0.0994319
v 0.1150315 -0.4648038 0.1008799
v 0.1172870 -0.4640000 0.1028579
v 0.1195425 -0.4648038 0.1048360
v 0.1211937 -0.4670000 0.1062840
v 0.1145513 -0.4700000 0.1145513
v 0.1139829 -0.4730000 0.1139829
v 0.1124300 -0.4751962 0.1124300
v 0.1103086 -0.4760000 0.1103086
v 0.1081873 -0.4751962 0.1081873
v 0.1066344 -0.4730000 0.1066344
v 0.1060660 -0.4700000 0.1060660
v 0.1066344 -0.4670000 0.1066344
v 0.1081873 -0.4648038 0.1081873
v 0.1103086 -0.4640000 0.1103086
v 0.1124300 -0.4648038 0.1124300
v 0.1139829 -0.4670000 0.1139829
v 0.1068140 -0.4700000 0.1217980
v 0.1062840 -0.4730000 0.1211937
v 0.1048360 -0.4751962 0.1195425
v 0.1028580 -0.4760000 0.1172870
v 0.1008799 -0.4751962 0.1150315
v 0.0994319 -0.4730000 0.1133803
v 0.0989019 -0.4700000 0.1127760
v 0.0994319 -0.4670000 0.1133803
v 0.1008799 -0.4648038 0.1150315
v 0.1028580 -0.4640000 0.1172870
v 0.1048360 -0.4648038 0.1195425
v 0.1062840 -0.4670000 0.1211936
v 0.0986194 -0.4700000 0.1285232
v 0.0981300 -0.4730000 0.1278855
v 0.0967931 -0.4751962 0.1261432
v 0.0949668 -0.4760000 0.1237631
v 0.0931405 -0.4751962 0.1213830
v 0.0918036 -0.4730000 0.1196407
v 0.0913142 -0.4700000 0.1190030
v 0.0918036 -0.4670000 0.1196407
v 0.0931405 -0.4648038 0.1213830
v 0.0949668 -0.4640000 0.1237631
v 0.0967931 -0.4648038 0.1261432
v 0.0981300 -0.4670000 0.1278855
v 0.0900024 -0.4700000 0.1346981
v 0.0895558 -0.4730000 0.1340297
v 0.0883357 -0.4751962 0.1322037
v 0.0866689 -0.4760000 0.1297093
v 0.0850022 -0.4751962 0.1272148
v 0.0837821 -0.4730000 0.1253889
v 0.0833355 -0.4700000 0.1247205
v 0.0837821 -0.4670000 0.1253888
v 0.0850022 -0.4648038 0.1272148
v 0.0866689 -0.4640000 0.1297092
v 0.0883357 -0.4648038 0.1322037
v 0.0895558 -0.4670000 0.1340297
v 0.0810000 -0.4700000 0.1402961
v 0.0805981 -0.4730000 0.1396000
v 0.0795000 -0.4751962 0.1376981
v 0.0780000 -0.4760000 0.1351000
v 0.0765000 -0.4751962 0.1325019
v 0.0754019 -0.4730000 0.1306000
v 0.0750000 -0.4700000 0.1299038
v 0.0754019 -0.4670000 0.1306000
v 0.0765000 -0.4648038 0.1325019
v 0.0780000 -0.4640000 0.1350999
v 0.0795000 -0.4648038 0.1376981
v 0.0805981 -0.4670000 0.1396000
v 0.0716508 -0.4700000 0.1452934
v 0.0712953 -0.4730000 0.1445724
v 0.0703239 -0.4751962 0.1426028
v 0.0689971 -0.4760000 0.1399121
v 0.0676702 -0.4751962 0.1372215
v 0.0666988 -0.4730000 0.1352519
v 0.0663433 -0.4700000 0.1345309
v 0.0666988 -0.4670000 0.1352518
v 0.0676702 -0.4648038 0.1372215
v 0.0689971 -0.4640000 0.1399121
v 0.0703239 -0.4648038 0.1426027
v 0.0712953 -0.4670000 0.1445724
v 0.0619948 -0.4700000 0.1496685
v 0.0616871 -0.4730000 0.1489258
v 0.0608467 -0.4751962 0.1468968
v 0.0596987 -0.4760000 0.1441252
v 0.0585506 -0.4751962 0.1413535
v 0.0577102 -0.4730000 0.1393246
v 0.0574026 -0.4700000 0.1385819
v 0.0577102 -0.4670000 0.1393245
v 0.0585506 -0.4648038 0.1413535
v 0.0596987 -0.4640000 0.1441252
v 0.0608467 -0.4648038 0.1468968
v 0.0616871 -0.4670000 0.1489258
v 0.0520732 -0.4700000 0.1534027
v 0.0518148 -0.4730000 0.1526415
v 0.0511089 -0.4751962 0.1505619
v 0.0501445 -0.4760000 0.1477211
v 0.0491802 -0.4751962 0.1448803
v 0.0484743 -0.4730000 0.1428007
v 0.0482159 -0.4700000 0.1420395
v 0.0484743 -0.4670000 0.1428007
v 0.0491802 -0.4648038 0.1448803
v 0.0501445 -0.4640000 0.1477211
v 0.0511089 -0.4648038 0.1505619
v 0.0518148 -0.4670000 0.1526415
v 0.0419287 -0.4700000 0.1564800
v 0.0417206 -0.4730000 0.1557035
v 0.0411522 -0.4751962 0.1535822
v 0.0403758 -0.4760000 0.1506844
v 0.0395993 -0.4751962 0.1477867
v 0.0390309 -0.4730000 0.1456653
v 0.0388229 -0.4700000 0.1448889
v 0.0390309 -0.4670000 0.1456653
v 0.0395993 -0.4648038 0.1477866
v 0.0403758 -0.4640000 0.1506844
v 0.0411522 -0.4648038 0.1535822
v 0.0417206 -0.4670000 0.1557035
v 0.0316047 -0.4700000 0.1588872
v 0.0314478 -0.4730000 0.1580988
v 0.0310194 -0.4751962 0.1559449
v 0.0304341 -0.4760000 0.1530025
v 0.0298488 -0.4751962 0.1500602
v 0.0294204 -0.4730000 0.1479062
v 0.0292636 -0.4700000 0.1471178
v 0.0294204 -0.4670000 0.1479062
v 0.0298488 -0.4648038 0.1500601
v 0.0304341 -0.4640000 0.1530025
v 0.0310194 -0.4648038 0.1559449
v 0.0314478 -0.4670000 0.1580988
v 0.0211452 -0.4700000 0.1606141
v 0.0210403 -0.4730000 0.1598171
v 0.0207536 -0.4751962 0.1576397
v 0.0203621 -0.4760000 0.1546654
v 0.0199705 -0.4751962 0.1516911
v 0.0196838 -0.4730000 0.1495137
v 0.0195789 -0.4700000 0.1487167
v 0.0196838 -0.4670000 0.1495137
v 0.0199705 -0.4648038 0.1516911
v 0.0203621 -0.4640000 0.1546654
v 0.0207536 -0.4648038 0.1576397
v 0.0210403 -0.4670000 0.1598171
v 0.0105953 -0.4700000 0.1616532
v 0.0105427 -0.4730000 0.1608511
v 0.0103991 -0.4751962 0.1586596
v 0.0102029 -0.4760000 0.1556660
v 0.0100067 -0.4751962 0.1526724
v 0.0098630 -0.4730000 0.1504810
v 0.0098105 -0.4700000 0.1496788
v 0.0098630 -0.4670000 0.1504810
v 0.0100067 -0.4648038 0.1526724
v 0.0102029 -0.4640000 0.1556660
v 0.0103991 -0.4648038 0.1586596
v 0.0105427 -0.4670000 0.1608510
v 0.0000000 -0.4700000 0.1620000
v 0.0000000 -0.4730000 0.1611962
v 0.0000000 -0.4751962 0.1590000
v 0.0000000 -0.4760000 0.1560000
v 0.0000000 -0.4751962 0.1530000
v 0.0000000 -0.4730000 0.1508039
v 0.0000000 -0.4700000 0.1500000
v 0.0000000 -0.4670000 0.1508039
v 0.0000000 -0.4648038 0.1530000
v 0.0000000 -0.4640000 0.1560000
v 0.0000000 -0.4648038 0.1590000
v 0.0000000 -0.4670000 0.1611962
v -0.0105953 -0.4700000 0.1616532
v -0.0105427 -0.4730000 0.1608511
v -0.0103991 -0.4751962 0.1586596
v -0.0102029 -0.4760000 0.1556660
v -0.0100066 -0.4751962 0.1526724
v -0.0098630 -0.4730000 0.1504810
v -0.0098104 -0.4700000 0.1496788
v -0.0098630 -0.4670000 0.1504810
v -0.0100066 -0.4648038 0.1526724
v -0.0102029 -0.4640000 0.1556660
v -0.0103991 -0.4648038 0.1586596
v -0.0105427 -0.4670000 0.1608510
v -0.0211453 -0.4700000 0.1606141
v -0.0210403 -0.4730000 0.1598171
v -0.0207537 -0.4751962 0.1576397
v -0.0203621 -0.4760000 0.1546654
v -0.0199705 -0.4751962 0.1516911
v -0.0196839 -0.4730000 0.1495137
v -0.0195790 -0.4700000 0.1487167
v -0.0196839 -0.4670000 0.1495137
v -0.0199705 -0.4648038 0.1516910
v -0.0203621 -0.4640000 0.1546654
v -0.0207537 -0.4648038 0.1576397
v -0.0210403 -0.4670000 0.1598171
v -0.0316046 -0.4700000 0.1588872
v -0.0314478 -0.4730000 0.1580988
v -0.0310194 -0.4751962 0.1559449
v -0.0304341 -0.4760000 0.1530025
v -0.0298488 -0.4751962 0.1500602
v -0.0294204 -0.4730000 0.1479062
v -0.0292636 -0.4700000 0.1471178
v -0.0294204 -0.4670000 0.1479062
v -0.0298488 -0.4648038 0.1500601
v -0.0304341 -0.4640000 0.1530025
v -0.0310194 -0.4648038 0.1559449
v -0.0314478 -0.4670000 0.1580988
v -0.0419287 -0.4700000 0.1564800
v -0.0417206 -0.4730000 0.1557035
v -0.0411522 -0.4751962 0.1535822
v -0.0403758 -0.4760000 0.1506845
v -0.0395993 -0.4751962 0.1477867
v -0.0390309 -0.4730000 0.1456653
v -0.0388228 -0.4700000 0.1448889
v -0.0390309 -0.4670000 0.1456653
v -0.0395993 -0.4648038 0.1477867
v -0.0403758 -0.4640000 0.1506844
v -0.0411522 -0.4648038 0.1535822
v -0.0417206 -0.4670000 0.1557035
v -0.0520732 -0.4700000 0.1534027
v -0.0518148 -0.4730000 0.1526415
v -0.0511089 -0.4751962 0.1505619
v -0.0501446 -0.4760000 0.1477211
v -0.0491803 -0.4751962 0.1448803
v -0.0484743 -0.4730000 0.1428007
v -0.0482160 -0.4700000 0.1420395
v -0.0484743 -0.4670000 0.1428007
v -0.0491803 -0.4648038 0.1448803
v -0.0501446 -0.4640000 0.1477211
v -0.0511089 -0.4648038 0.1505619
v -0.0518148 -0.4670000 0.1526415
v -0.0619947 -0.4700000 0.1496685
v -0.0616871 -0.4730000 0.1489258
v -0.0608467 -0.4751962 0.1468968
v -0.0596986 -0.4760000 0.1441252
v -0.0585506 -0.4751962 0.1413535
v -0.0577101 -0.4730000 0.1393246
v -0.0574025 -0.4700000 0.1385819
v -0.0577101 -0.4670000 0.1393246
v -0.0585506 -0.4648038 0.1413535
v -0.0596986 -0.4640000 0.1441252
v -0.0608467 -0.4648038 0.1468968
v -0.0616871 -0.4670000 0.1489258
v -0.0716508 -0.4700000 0.1452934
v -0.0712952 -0.4730000 0.1445724
v -0.0703239 -0.4751962 0.1426028
v -0.0689970 -0.4760000 0.1399122
v -0.0676702 -0.4751962 0.1372215
v -0.0666988 -0.4730000 0.1352519
v -0.0663433 -0.4700000 0.1345309
v -0.0666988 -0.4670000 0.1352519
v -0.0676702 -0.4648038 0.1372215
v -0.0689970 -0.4640000 0.1399121
v -0.0703239 -0.4648038 0.1426027
v -0.0712952 -0.4670000 0.1445724
v -0.0810000 -0.4700000 0.1402961
v -0.0805981 -0.4730000 0.1396000
v -0.0795000 -0.4751962 0.1376981
v -0.0780000 -0.4760000 0.1351000
v -0.0765000 -0.4751962 0.1325019
v -0.0754019 -0.4730000 0.1306000
v -0.0750000 -0.4700000 0.1299039
v -0.0754019 -0.4670000 0.1306000
v -0.0765000 -0.4648038 0.1325019
v -0.0780000 -0.4640000 0.1350999
v -0.0795000 -0.4648038 0.1376981
v -0.0805981 -0.4670000 0.1396000
v -0.0900023 -0.4700000 0.1346981
v -0.0895557 -0.4730000 0.1340297
v -0.0883356 -0.4751962 0.1322037
v -0.0866689 -0.4760000 0.1297093
v -0.0850022 -0.4751962 0.1272149
v -0.0837821 -0.4730000 0.1253889
v -0.0833355 -0.4700000 0.1247205
v -0.0837821 -0.4670000 0.1253889
v -0.0850022 -0.4648038 0.1272148
v -0.0866689 -0.4640000 0.1297093
v -0.0883356 -0.4648038 0.1322037
v -0.0895557 -0.4670000 0.1340297
v -0.0986193 -0.4700000 0.1285232
v -0.0981300 -0.4730000 0.1278855
v -0.0967931 -0.4751962 0.1261432
v -0.0949668 -0.4760000 0.1237631
v -0.0931405 -0.4751962 0.1213831
v -0.0918036 -0.4730000 0.1196408
v -0.0913142 -0.4700000 0.1190030
v -0.0918036 -0.4670000 0.1196407
v -0.0931405 -0.4648038 0.1213831
v -0.0949668 -0.4640000 0.1237631
v -0.0967931 -0.4648038 0.1261432
v -0.0981300 -0.4670000 0.1278855
v -0.1068140 -0.4700000 0.1217980
v -0.1062840 -0.4730000 0.1211937
v -0.1048360 -0.4751962 0.1195425
v -0.1028579 -0.4760000 0.1172870
v -0.1008799 -0.4751962 0.1150315
v -0.0994319 -0.4730000 0.1133804
v -0.0989019 -0.4700000 0.1127760
v -0.0994319 -0.4670000 0.1133804
v -0.1008799 -0.4648038 0.1150315
v -0.1028579 -0.4640000 0.1172870
v -0.1048360 -0.4648038 0.1195425
v -0.1062840 -0.4670000 0.1211937
v -0.1145513 -0.4700000 0.1145512
v -0.1139829 -0.4730000 0.1139829
v -0.1124300 -0.4751962 0.1124300
v -0.1103087 -0.4760000 0.1103086
v -0.1081874 -0.4751962 0.1081873
v -0.1066345 -0.4730000 0.1066344
v -0.1060660 -0.4700000 0.1060660
v -0.1066345 -0.4670000 0.1066344
v -0.1081874 -0.4648038 0.1081873
v -0.1103087 -0.4640000 0.1103086
v -0.1124300 -0.4648038 0.1124300
v -0.1139829 -0.4670000 0.1139829
v -0.1217981 -0.4700000 0.1068140
v -0.1211937 -0.4730000 0.1062840
v -0.1195425 -0.4751962 0.1048360
v -0.1172870 -0.4760000 0.1028579
v -0.1150315 -0.4751962 0.1008799
v -0.1133804 -0.4730000 0.0994319
v -0.1127760 -0.4700000 0.0989019
v -0.1133804 -0.4670000 0.0994319
v -0.1150315 -0.4648038 0.1008799
v -0.1172870 -0.4640000 0.1028579
v -0.1195425 -0.4648038 0.1048360
v -0.1211937 -0.4670000 0.1062840
v -0.1285232 -0.4700000 0.0986193
v -0.1278855 -0.4730000 0.0981300
v -0.1261432 -0.4751962 0.0967931
v -0.1237631 -0.4760000 0.0949668
v -0.1213831 -0.4751962 0.0931405
v -0.1196407 -0.4730000 0.0918036
v -0.1190030 -0.4700000 0.0913142
v -0.1196407 -0.4670000 0.0918036
v -0.1213831 -0.4648038 0.0931405
v -0.1237631 -0.4640000 0.0949668
v -0.1261432 -0.4648038 0.0967931
v -0.1278855 -0.4670000 0.0981300
v -0.1346981 -0.4700000 0.0900024
v -0.1340297 -0.4730000 0.0895558
v -0.1322037 -0.4751962 0.0883357
v -0.1297092 -0.4760000 0.0866690
v -0.1272148 -0.4751962 0.0850022
v -0.1253888 -0.4730000 0.0837821
v -0.1247204 -0.4700000 0.0833356
v -0.1253888 -0.4670000 0.0837821
v -0.1272148 -0.4648038 0.0850022
v -0.1297092 -0.4640000 0.0866690
v -0.1322037 -0.4648038 0.0883357
v -0.1340297 -0.4670000 0.0895558
v -0.1402961 -0.4700000 0.0810000
v -0.1395999 -0.4730000 0.0805981
v -0.1376980 -0.4751962 0.0795000
v -0.1350999 -0.4760000 0.0780001
v -0.1325019 -0.4751962 0.0765001
v -0.1305999 -0.4730000 0.0754020
v -0.1299038 -0.4700000 0.0750000
v -0.1305999 -0.4670000 0.0754020
v -0.1325019 -0.4648038 0.0765001
v -0.1350999 -0.4640000 0.0780000
v -0.1376980 -0.4648038 0.0795000
v -0.1395999 -0.4670000 0.0805981
v -0.1452934 -0.4700000 0.0716507
v -0.1445724 -0.4730000 0.0712953
v -0.1426028 -0.4751962 0.0703239
v -0.1399122 -0.4760000 0.0689970
v -0.1372215 -0.4751962 0.0676702
v -0.1352519 -0.4730000 0.0666988
v -0.1345309 -0.4700000 0.0663433
v -0.1352519 -0.4670000 0.0666988
v -0.1372215 -0.4648038 0.0676702
v -0.1399122 -0.4640000 0.0689970
v -0.1426028 -0.4648038 0.0703239
v -0.1445724 -0.4670000 0.0712952
v -0.1496685 -0.4700000 0.0619947
v -0.1489258 -0.4730000 0.0616871
v -0.1468969 -0.4751962 0.0608467
v -0.1441252 -0.4760000 0.0596986
v -0.1413536 -0.4751962 0.0585506
v -0.1393246 -0.4730000 0.0577102
v -0.1385819 -0.4700000 0.0574026
v -0.1393246 -0.4670000 0.0577101
v -0.1413536 -0.4648038 0.0585506
v -0.1441252 -0.4640000 0.0596986
v -0.1468969 -0.4648038 0.0608467
v -0.1489258 -0.4670000 0.0616871
v -0.1534027 -0.4700000 0.0520731
v -0.1526415 -0.4730000 0.0518148
v -0.1505619 -0.4751962 0.0511088
v -0.1477211 -0.4760000 0.0501445
v -0.1448803 -0.4751962 0.0491802
v -0.1428007 -0.4730000 0.0484743
v -0.1420395 -0.4700000 0.0482159
v -0.1428007 -0.4670000 0.0484743
v -0.1448803 -0.4648038 0.0491802
v -0.1477211 -0.4640000 0.0501445
v -0.1505619 -0.4648038 0.0511088
v -0.1526415 -0.4670000 0.0518147
v -0.1564800 -0.4700000 0.0419286
v -0.1557035 -0.4730000 0.0417206
v -0.1535822 -0.4751962 0.0411522
v -0.1506844 -0.4760000 0.0403758
v -0.1477867 -0.4751962 0.0395993
v -0.1456653 -0.4730000 0.0390309
v -0.1448889 -0.4700000 0.0388228
v -0.1456653 -0.4670000 0.0390309
v -0.1477867 -0.4648038 0.0395993
v -0.1506844 -0.4640000 0.0403758
v -0.1535822 -0.4648038 0.0411522
v -0.1557035 -0.4670000 0.0417206
v -0.1588872 -0.4700000 0.0316046
v -0.1580988 -0.4730000 0.0314478
v -0.1559449 -0.4751962 0.0310194
v -0.1530025 -0.4760000 0.0304341
v -0.1500601 -0.4751962 0.0298488
v -0.1479062 -0.4730000 0.0294204
v -0.1471178 -0.4700000 0.0292636
v -0.1479062 -0.4670000 0.0294204
v -0.1500601 -0.4648038 0.0298488
v -0.1530025 -0.4640000 0.0304341
v -0.1559449 -0.4648038 0.0310194
v -0.1580988 -0.4670000 0.0314478
v -0.1606141 -0.4700000 0.0211453
v -0.1598171 -0.4730000 0.0210403
v -0.1576397 -0.4751962 0.0207537
v -0.1546654 -0.4760000 0.0203621
v -0.1516910 -0.4751962 0.0199705
v -0.1495137 -0.4730000 0.0196839
v -0.1487167 -0.4700000 0.0195789
v -0.1495137 -0.4670000 0.0196839
v -0.1516910 -0.4648038 0.0199705
v -0.1546654 -0.4640000 0.0203621
v -0.1576397 -0.4648038 0.0207537
v -0.1598171 -0.4670000 0.0210403
v -0.1616531 -0.4700000 0.0105953
v -0.1608510 -0.4730000 0.0105428
v -0.1586596 -0.4751962 0.0103992
v -0.1556660 -0.4760000 0.0102029
v -0.1526724 -0.4751962 0.0100067
v -0.1504810 -0.4730000 0.0098631
v -0.1496788 -0.4700000 0.0098105
v -0.1504810 -0.4670000 0.0098631
v -0.1526724 -0.4648038 0.0100067
v -0.1556660 -0.4640000 0.0102029
v -0.1586596 -0.4648038 0.0103992
v -0.1608510 -0.4670000 0.0105428
v -0.1620000 -0.4700000 0.0000000
v -0.1611962 -0.4730000 0.0000000
v -0.1590000 -0.4751962 0.0000000
v -0.1560000 -0.4760000 0.0000000
v -0.1530000 -0.4751962 0.0000000
v -0.1508038 -0.4730000 0.0000000
v -0.1500000 -0.4700000 0.0000000
v -0.1508038 -0.4670000 0.0000000
v -0.1530000 -0.4648038 0.0000000
v -0.1560000 -0.4640000 0.0000000
v -0.1590000 -0.4648038 0.0000000
v -0.1611962 -0.4670000 0.0000000
v -0.1616531 -0.4700000 -0.0105953
v -0.1608510 -0.4730000 -0.0105427
v -0.1586596 -0.4751962 -0.0103991
v -0.1556660 -0.4760000 -0.0102029
v -0.1526724 -0.4751962 -0.0100066
v -0.1504810 -0.4730000 -0.0098630
v -0.1496788 -0.4700000 -0.0098104
v -0.1504810 -0.4670000 -0.0098630
v -0.1526724 -0.4648038 -0.0100066
v -0.1556660 -0.4640000 -0.0102029
v -0.1586596 -0.4648038 -0.0103991
v -0.1608510 -0.4670000 -0.0105427
v -0.1606141 -0.4700000 -0.0211453
v -0.1598171 -0.4730000 -0.0210404
v -0.1576397 -0.4751962 -0.0207537
v -0.1546654 -0.4760000 -0.0203621
v -0.1516910 -0.4751962 -0.0199705
v -0.1495137 -0.4730000 -0.0196839
v -0.1487167 -0.4700000 -0.0195789
v -0.1495137 -0.4670000 -0.0196839
v -0.1516910 -0.4648038 -0.0199705
v -0.1546654 -0.4640000 -0.0203621
v -0.1576397 -0.4648038 -0.0207537
v -0.1598171 -0.4670000 -0.0210404
v -0.1588872 -0.4700000 -0.0316046
v -0.1580988 -0.4730000 -0.0314478
v -0.1559449 -0.4751962 -0.0310194
v -0.1530025 -0.4760000 -0.0304341
v -0.1500601 -0.4751962 -0.0298488
v -0.1479062 -0.4730000 -0.0294204
v -0.1471178 -0.4700000 -0.0292636
v -0.1479062 -0.4670000 -0.0294204
v -0.1500601 -0.4648038 -0.0298488
v -0.1530025 -0.4640000 -0.0304341
v -0.1559449 -0.4648038 -0.0310194
v -0.1580988 -0.4670000 -0.0314478
v -0.1564800 -0.4700000 -0.0419287
v -0.1557035 -0.4730000 -0.0417206
v -0.1535822 -0.4751962 -0.0411522
v -0.1506844 -0.4760000 -0.0403757
v -0.1477867 -0.4751962 -0.0395993
v -0.1456653 -0.4730000 -0.0390309
v -0.1448889 -0.4700000 -0.0388228
v -0.1456653 -0.4670000 -0.0390309
v -0.1477867 -0.4648038 -0.0395993
v -0.1506844 -0.4640000 -0.0403758
v -0.1535822 -0.4648038 -0.0411522
v -0.1557035 -0.4670000 -0.0417206
v -0.1534027 -0.4700000 -0.0520732
v -0.1526415 -0.4730000 -0.0518148
v -0.1505619 -0.4751962 -0.0511088
v -0.1477211 -0.4760000 -0.0501445
v -0.1448803 -0.4751962 -0.0491802
v -0.1428007 -0.4730000 -0.0484743
v -0.1420395 -0.4700000 -0.0482159
v -0.1428007 -0.4670000 -0.0484743
v -0.1448803 -0.4648038 -0.0491802
v -0.1477211 -0.4640000 -0.0501445
v -0.1505619 -0.4648038 -0.0511088
v -0.1526415 -0.4670000 -0.0518148
v -0.1496685 -0.4700000 -0.0619947
v -0.1489259 -0.4730000 -0.0616871
v -0.1468969 -0.4751962 -0.0608466
v -0.1441252 -0.4760000 -0.0596986
v -0.1413536 -0.4751962 -0.0585505
v -0.1393246 -0.4730000 -0.0577101
v -0.1385820 -0.4700000 -0.0574025
v -0.1393246 -0.4670000 -0.0577101
v -0.1413536 -0.4648038 -0.0585505
v -0.1441252 -0.4640000 -0.0596986
v -0.1468969 -0.4648038 -0.0608466
v -0.1489259 -0.4670000 -0.0616871
v -0.1452934 -0.4700000 -0.0716507
v -0.1445724 -0.4730000 -0.0712952
v -0.1426028 -0.4751962 -0.0703239
v -0.1399122 -0.4760000 -0.0689970
v -0.1372215 -0.4751962 -0.0676702
v -0.1352519 -0.4730000 -0.0666988
v -0.1345309 -0.4700000 -0.0663433
v -0.1352519 -0.4670000 -0.0666988
v -0.1372215 -0.4648038 -0.0676702
v -0.1399122 -0.4640000 -0.0689970
v -0.1426028 -0.4648038 -0.0703239
v -0.1445724 -0.4670000 -0.0712952
v -0.1402961 -0.4700000 -0.0810000
v -0.1396000 -0.4730000 -0.0805981
v -0.1376981 -0.4751962 -0.0795000
v -0.1351000 -0.4760000 -0.0780000
v -0.1325019 -0.4751962 -0.0765000
v -0.1306000 -0.4730000 -0.0754019
v -0.1299038 -0.4700000 -0.0750000
v -0.1306000 -0.4670000 -0.0754019
v -0.1325019 -0.4648038 -0.0765000
v -0.1351000 -0.4640000 -0.0780000
v -0.1376981 -0.4648038 -0.0795000
v -0.1396000 -0.4670000 -0.0805981
v -0.1346981 -0.4700000 -0.0900024
v -0.1340297 -0.4730000 -0.0895558
v -0.1322037 -0.4751962 -0.0883357
v -0.1297092 -0.4760000 -0.0866690
v -0.1272148 -0.4751962 -0.0850023
v -0.1253888 -0.4730000 -0.0837821
v -0.1247204 -0.4700000 -0.0833355
v -0.1253888 -0.4670000 -0.0837822
v -0.1272148 -0.4648038 -0.0850023
v -0.1297092 -0.4640000 -0.0866690
v -0.1322037 -0.4648038 -0.0883357
v -0.1340297 -0.4670000 -0.0895558
v -0.1285232 -0.4700000 -0.0986193
v -0.1278855 -0.4730000 -0.0981300
v -0.1261432 -0.4751962 -0.0967931
v -0.1237631 -0.4760000 -0.0949668
v -0.1213831 -0.4751962 -0.0931405
v -0.1196407 -0.4730000 -0.0918036
v -0.1190030 -0.4700000 -0.0913142
v -0.1196407 -0.4670000 -0.0918036
v -0.1213831 -0.4648038 -0.0931405
v -0.1237631 -0.4640000 -0.0949668
v -0.1261432 -0.4648038 -0.0967931
v -0.1278855 -0.4670000 -0.0981300
v -0.1217981 -0.4700000 -0.1068140
v -0.1211937 -0.4730000 -0.1062840
v -0.1195425 -0.4751962 -0.1048360
v -0.1172870 -0.4760000 -0.1028579
v -0.1150315 -0.4751962 -0.1008799
v -0.1133804 -0.4730000 -0.0994319
v -0.1127760 -0.4700000 -0.0989019
v -0.1133804 -0.4670000 -0.0994319
v -0.1150315 -0.4648038 -0.1008799
v -0.1172870 -0.4640000 -0.1028579
v -0.1195425 -0.4648038 -0.1048360
v -0.1211937 -0.4670000 -0.1062840
v -0.1145513 -0.4700000 -0.1145513
v -0.1139829 -0.4730000 -0.1139829
v -0.1124300 -0.4751962 -0.1124299
v -0.1103087 -0.4760000 -0.1103086
v -0.1081874 -0.4751962 -0.1081873
v -0.1066345 -0.4730000 -0.1066344
v -0.1060660 -0.4700000 -0.1060660
v -0.1066345 -0.4670000 -0.1066344
v -0.1081874 -0.4648038 -0.1081873
v -0.1103087 -0.4640000 -0.1103086
v -0.1124300 -0.4648038 -0.1124299
v -0.1139829 -0.4670000 -0.1139829
v -0.1068141 -0.4700000 -0.1217980
v -0.1062841 -0.4730000 -0.1211936
v -0.1048360 -0.4751962 -0.1195425
v -0.1028580 -0.4760000 -0.1172870
v -0.1008800 -0.4751962 -0.1150315
v -0.0994319 -0.4730000 -0.1133803
v -0.0989019 -0.4700000 -0.1127760
v -0.0994319 -0.4670000 -0.1133803
v -0.1008800 -0.4648038 -0.1150315
v -0.1028580 -0.4640000 -0.1172870
v -0.1048360 -0.4648038 -0.1195425
v -0.1062841 -0.4670000 -0.1211936
v -0.0986194 -0.4700000 -0.1285232
v -0.0981301 -0.4730000 -0.1278855
v -0.0967931 -0.4751962 -0.1261431
v -0.0949669 -0.4760000 -0.1237631
v -0.0931406 -0.4751962 -0.1213830
v -0.0918036 -0.4730000 -0.1196407
v -0.0913143 -0.4700000 -0.1190030
v -0.0918036 -0.4670000 -0.1196407
v -0.0931406 -0.4648038 -0.1213830
v -0.0949669 -0.4640000 -0.1237631
v -0.0967931 -0.4648038 -0.1261432
v -0.0981301 -0.4670000 -0.1278855
v -0.0900025 -0.4700000 -0.1346980
v -0.0895559 -0.4730000 -0.1340296
v -0.0883358 -0.4751962 -0.1322036
v -0.0866690 -0.4760000 -0.1297092
v -0.0850023 -0.4751962 -0.1272148
v -0.0837822 -0.4730000 -0.1253887
v -0.0833356 -0.4700000 -0.1247204
v -0.0837822 -0.4670000 -0.1253888
v -0.0850023 -0.4648038 -0.1272148
v -0.0866690 -0.4640000 -0.1297092
v -0.0883358 -0.4648038 -0.1322036
v -0.0895559 -0.4670000 -0.1340297
v -0.0810000 -0.4700000 -0.1402961
v -0.0805981 -0.4730000 -0.1396000
v -0.0795000 -0.4751962 -0.1376981
v -0.0780000 -0.4760000 -0.1351000
v -0.0765000 -0.4751962 -0.1325019
v -0.0754019 -0.4730000 -0.1306000
v -0.0750000 -0.4700000 -0.1299039
v -0.0754019 -0.4670000 -0.1306000
v -0.0765000 -0.4648038 -0.1325019
v -0.0780000 -0.4640000 -0.1351000
v -0.0795000 -0.4648038 -0.1376981
v -0.0805981 -0.4670000 -0.1396000
v -0.0716508 -0.4700000 -0.1452934
v -0.0712952 -0.4730000 -0.1445724
v -0.0703239 -0.4751962 -0.1426028
v -0.0689970 -0.4760000 -0.1399122
v -0.0676702 -0.4751962 -0.1372215
v -0.0666988 -0.4730000 -0.1352518
v -0.0663433 -0.4700000 -0.1345309
v -0.0666988 -0.4670000 -0.1352519
v -0.0676702 -0.4648038 -0.1372215
v -0.0689970 -0.4640000 -0.1399122
v -0.0703239 -0.4648038 -0.1426028
v -0.0712952 -0.4670000 -0.1445724
v -0.0619947 -0.4700000 -0.1496685
v -0.0616871 -0.4730000 -0.1489258
v -0.0608467 -0.4751962 -0.1468968
v -0.0596986 -0.4760000 -0.1441252
v -0.0585506 -0.4751962 -0.1413535
v -0.0577101 -0.4730000 -0.1393246
v -0.0574025 -0.4700000 -0.1385819
v -0.0577101 -0.4670000 -0.1393246
v -0.0585506 -0.4648038 -0.1413536
v -0.0596986 -0.4640000 -0.1441252
v -0.0608467 -0.4648038 -0.1468969
v -0.0616871 -0.4670000 -0.1489258
v -0.0520732 -0.4700000 -0.1534027
v -0.0518148 -0.4730000 -0.1526415
v -0.0511089 -0.4751962 -0.1505619
v -0.0501446 -0.4760000 -0.1477211
v -0.0491803 -0.4751962 -0.1448803
v -0.0484743 -0.4730000 -0.1428007
v -0.0482160 -0.4700000 -0.1420395
v -0.0484743 -0.4670000 -0.1428007
v -0.0491803 -0.4648038 -0.1448803
v -0.0501446 -0.4640000 -0.1477211
v -0.0511089 -0.4648038 -0.1505619
v -0.0518148 -0.4670000 -0.1526415
v -0.0419287 -0.4700000 -0.1564800
v -0.0417207 -0.4730000 -0.1557035
v -0.0411523 -0.4751962 -0.1535822
v -0.0403758 -0.4760000 -0.1506844
v -0.0395994 -0.4751962 -0.1477866
v -0.0390310 -0.4730000 -0.1456653
v -0.0388229 -0.4700000 -0.1448889
v -0.0390310 -0.4670000 -0.1456653
v -0.0395994 -0.4648038 -0.1477866
v -0.0403758 -0.4640000 -0.1506844
v -0.0411523 -0.4648038 -0.1535822
v -0.0417207 -0.4670000 -0.1557035
v -0.0316047 -0.4700000 -0.1588872
v -0.0314479 -0.4730000 -0.1580988
v -0.0310194 -0.4751962 -0.1559449
v -0.0304342 -0.4760000 -0.1530025
v -0.0298489 -0.4751962 -0.1500601
v -0.0294204 -0.4730000 -0.1479062
v -0.0292636 -0.4700000 -0.1471178
v -0.0294204 -0.4670000 -0.1479062
v -0.0298489 -0.4648038 -0.1500601
v -0.0304342 -0.4640000 -0.1530025
v -0.0310194 -0.4648038 -0.1559449
v -0.0314479 -0.4670000 -0.1580988
v -0.0211453 -0.4700000 -0.1606141
v -0.0210404 -0.4730000 -0.1598171
v -0.0207538 -0.4751962 -0.1576397
v -0.0203622 -0.4760000 -0.1546654
v -0.0199706 -0.4751962 -0.1516910
v -0.0196839 -0.4730000 -0.1495137
v -0.0195790 -0.4700000 -0.1487167
v -0.0196839 -0.4670000 -0.1495137
v -0.0199706 -0.4648038 -0.1516910
v -0.0203622 -0.4640000 -0.1546654
v -0.0207538 -0.4648038 -0.1576397
v -0.0210404 -0.4670000 -0.1598171
v -0.0105953 -0.4700000 -0.1616532
v -0.0105427 -0.4730000 -0.1608510
v -0.0103991 -0.4751962 -0.1586596
v -0.0102029 -0.4760000 -0.1556660
v -0.0100066 -0.4751962 -0.1526724
v -0.0098630 -0.4730000 -0.1504810
v -0.0098104 -0.4700000 -0.1496788
v -0.0098630 -0.4670000 -0.1504810
v -0.0100066 -0.4648038 -0.1526724
v -0.0102029 -0.4640000 -0.1556660
v -0.0103991 -0.4648038 -0.1586596
v -0.0105427 -0.4670000 -0.1608510
v 0.0000000 -0.4700000 -0.1620000
v 0.0000000 -0.4730000 -0.1611961
v 0.0000000 -0.4751962 -0.1590000
v 0.0000000 -0.4760000 -0.1560000
v 0.0000000 -0.4751962 -0.1530000
v 0.0000000 -0.4730000 -0.1508038
v 0.0000000 -0.4700000 -0.1500000
v 0.0000000 -0.4670000 -0.1508039
v 0.0000000 -0.4648038 -0.1530000
v 0.0000000 -0.4640000 -0.1560000
v 0.0000000 -0.4648038 -0.1590000
v 0.0000000 -0.4670000 -0.1611962
v 0.0105953 -0.4700000 -0.1616532
v 0.0105427 -0.4730000 -0.1608510
v 0.0103991 -0.4751962 -0.1586596
v 0.0102029 -0.4760000 -0.1556660
v 0.0100067 -0.4751962 -0.1526724
v 0.0098630 -0.4730000 -0.1504810
v 0.0098105 -0.4700000 -0.1496788
v 0.0098630 -0.4670000 -0.1504810
v 0.0100067 -0.4648038 -0.1526724
v 0.0102029 -0.4640000 -0.1556660
v 0.0103991 -0.4648038 -0.1586596
v 0.0105427 -0.4670000 -0.1608510
v 0.0211452 -0.4700000 -0.1606141
v 0.0210403 -0.4730000 -0.1598171
v 0.0207536 -0.4751962 -0.1576397
v 0.0203621 -0.4760000 -0.1546654
v 0.0199705 -0.4751962 -0.1516910
v 0.0196838 -0.4730000 -0.1495137
v 0.0195789 -0.4700000 -0.1487167
v 0.0196838 -0.4670000 -0.1495137
v 0.0199705 -0.4648038 -0.1516911
v 0.0203621 -0.4640000 -0.1546654
v 0.0207536 -0.4648038 -0.1576397
v 0.0210403 -0.4670000 -0.1598171
v 0.0316046 -0.4700000 -0.1588872
v 0.0314478 -0.4730000 -0.1580988
v 0.0310193 -0.4751962 -0.1559449
v 0.0304340 -0.4760000 -0.1530025
v 0.0298488 -0.4751962 -0.1500601
v 0.0294203 -0.4730000 -0.1479062
v 0.0292635 -0.4700000 -0.1471178
v 0.0294203 -0.4670000 -0.1479062
v 0.0298488 -0.4648038 -0.1500602
v 0.0304340 -0.4640000 -0.1530025
v 0.0310193 -0.4648038 -0.1559449
v 0.0314478 -0.4670000 -0.1580988
v 0.0419286 -0.4700000 -0.1564800
v 0.0417206 -0.4730000 -0.1557035
v 0.0411522 -0.4751962 -0.1535822
v 0.0403757 -0.4760000 -0.1506844
v 0.0395992 -0.4751962 -0.1477866
v 0.0390308 -0.4730000 -0.1456653
v 0.0388228 -0.4700000 -0.1448889
v 0.0390308 -0.4670000 -0.1456653
v 0.0395992 -0.4648038 -0.1477867
v 0.0403757 -0.4640000 -0.1506844
v 0.0411522 -0.4648038 -0.1535822
v 0.0417206 -0.4670000 -0.1557035
v 0.0520731 -0.4700000 -0.1534027
v 0.0518147 -0.4730000 -0.1526415
v 0.0511088 -0.4751962 -0.1505619
v 0.0501445 -0.4760000 -0.1477211
v 0.0491802 -0.4751962 -0.1448803
v 0.0484742 -0.4730000 -0.1428007
v 0.0482158 -0.4700000 -0.1420395
v 0.0484742 -0.4670000 -0.1428007
v 0.0491802 -0.4648038 -0.1448803
v 0.0501445 -0.4640000 -0.1477211
v 0.0511088 -0.4648038 -0.1505619
v 0.0518147 -0.4670000 -0.1526415
v 0.0619948 -0.4700000 -0.1496685
v 0.0616871 -0.4730000 -0.1489258
v 0.0608467 -0.4751962 -0.1468968
v 0.0596987 -0.4760000 -0.1441252
v 0.0585506 -0.4751962 -0.1413535
v 0.0577102 -0.4730000 -0.1393246
v 0.0574026 -0.4700000 -0.1385819
v 0.0577102 -0.4670000 -0.1393246
v 0.0585506 -0.4648038 -0.1413535
v 0.0596987 -0.4640000 -0.1441252
v 0.0608467 -0.4648038 -0.1468968
v 0.0616871 -0.4670000 -0.1489258
v 0.0716508 -0.4700000 -0.1452934
v 0.0712953 -0.4730000 -0.1445724
v 0.0703239 -0.4751962 -0.1426028
v 0.0689971 -0.4760000 -0.1399121
v 0.0676702 -0.4751962 -0.1372215
v 0.0666988 -0.4730000 -0.1352518
v 0.0663433 -0.4700000 -0.1345309
v 0.0666988 -0.4670000 -0.1352518
v 0.0676702 -0.4648038 -0.1372215
v 0.0689971 -0.4640000 -0.1399122
v 0.0703239 -0.4648038 -0.1426028
v 0.0712953 -0.4670000 -0.1445724
v 0.0810000 -0.4700000 -0.1402961
v 0.0805981 -0.4730000 -0.1396000
v 0.0795000 -0.4751962 -0.1376981
v 0.0780000 -0.4760000 -0.1351000
v 0.0765000 -0.4751962 -0.1325019
v 0.0754019 -0.4730000 -0.1306000
v 0.0750000 -0.4700000 -0.1299038
v 0.0754019 -0.4670000 -0.1306000
v 0.0765000 -0.4648038 -0.1325019
v 0.0780000 -0.4640000 -0.1351000
v 0.0795000 -0.4648038 -0.1376981
v 0.0805981 -0.4670000 -0.1396000
v 0.0900024 -0.4700000 -0.1346981
v 0.0895558 -0.4730000 -0.1340297
v 0.0883357 -0.4751962 -0.1322037
v 0.0866689 -0.4760000 -0.1297093
v 0.0850022 -0.4751962 -0.1272148
v 0.0837821 -0.4730000 -0.1253888
v 0.0833355 -0.4700000 -0.1247205
v 0.0837821 -0.4670000 -0.1253888
v 0.0850022 -0.4648038 -0.1272149
v 0.0866689 -0.4640000 -0.1297093
v 0.0883357 -0.4648038 -0.1322037
v 0.0895558 -0.4670000 -0.1340297
v 0.0986193 -0.4700000 -0.1285233
v 0.0981300 -0.4730000 -0.1278855
v 0.0967930 -0.4751962 -0.1261432
v 0.0949667 -0.4760000 -0.1237631
v 0.0931405 -0.4751962 -0.1213831
v 0.0918035 -0.4730000 -0.1196408
v 0.0913142 -0.4700000 -0.1190030
v 0.0918035 -0.4670000 -0.1196408
v 0.0931405 -0.4648038 -0.1213831
v 0.0949667 -0.4640000 -0.1237631
v 0.0967930 -0.4648038 -0.1261432
v 0.0981300 -0.4670000 -0.1278856
v 0.1068140 -0.4700000 -0.1217981
v 0.1062840 -0.4730000 -0.1211937
v 0.1048359 -0.4751962 -0.1195426
v 0.1028579 -0.4760000 -0.1172871
v 0.1008799 -0.4751962 -0.1150315
v 0.0994318 -0.4730000 -0.1133804
v 0.0989018 -0.4700000 -0.1127760
v 0.0994318 -0.4670000 -0.1133804
v 0.1008799 -0.4648038 -0.1150315
v 0.1028579 -0.4640000 -0.1172871
v 0.1048359 -0.4648038 -0.1195426
v 0.1062840 -0.4670000 -0.1211937
v 0.1145512 -0.4700000 -0.1145514
v 0.1139828 -0.4730000 -0.1139829
v 0.1124299 -0.4751962 -0.1124300
v 0.1103086 -0.4760000 -0.1103087
v 0.1081873 -0.4751962 -0.1081874
v 0.1066344 -0.4730000 -0.1066345
v 0.1060660 -0.4700000 -0.1060661
v 0.1066344 -0.4670000 -0.1066345
v 0.1081873 -0.4648038 -0.1081874
v 0.1103086 -0.4640000 -0.1103087
v 0.1124299 -0.4648038 -0.1124301
v 0.1139828 -0.4670000 -0.1139830
v 0.1217981 -0.4700000 -0.1068140
v 0.1211937 -0.4730000 -0.1062840
v 0.1195426 -0.4751962 -0.1048360
v 0.1172870 -0.4760000 -0.1028579
v 0.1150315 -0.4751962 -0.1008799
v 0.1133804 -0.4730000 -0.0994318
v 0.1127760 -0.4700000 -0.0989018
v 0.1133804 -0.4670000 -0.0994319
v 0.1150315 -0.4648038 -0.1008799
v 0.1172870 -0.4640000 -0.1028579
v 0.1195426 -0.4648038 -0.1048360
v 0.1211937 -0.4670000 -0.1062840
v 0.1285233 -0.4700000 -0.0986193
v 0.1278855 -0.4730000 -0.0981300
v 0.1261432 -0.4751962 -0.0967931
v 0.1237631 -0.4760000 -0.0949668
v 0.1213831 -0.4751962 -0.0931405
v 0.1196408 -0.4730000 -0.0918036
v 0.1190030 -0.4700000 -0.0913142
v 0.1196408 -0.4670000 -0.0918036
v 0.1213831 -0.4648038 -0.0931405
v 0.1237631 -0.4640000 -0.0949668
v 0.1261432 -0.4648038 -0.0967931
v 0.1278855 -0.4670000 -0.0981300
v 0.1346981 -0.4700000 -0.0900024
v 0.1340297 -0.4730000 -0.0895558
v 0.1322037 -0.4751962 -0.0883357
v 0.1297093 -0.4760000 -0.0866690
v 0.1272148 -0.4751962 -0.0850022
v 0.1253888 -0.4730000 -0.0837821
v 0.1247204 -0.4700000 -0.0833355
v 0.1253888 -0.4670000 -0.0837821
v 0.1272148 -0.4648038 -0.0850022
v 0.1297093 -0.4640000 -0.0866690
v 0.1322037 -0.4648038 -0.0883357
v 0.1340297 -0.4670000 -0.0895558
v 0.1402961 -0.4700000 -0.0810000
v 0.1395999 -0.4730000 -0.0805981
v 0.1376980 -0.4751962 -0.0795000
v 0.1350999 -0.4760000 -0.0780000
v 0.1325019 -0.4751962 -0.0765000
v 0.1305999 -0.4730000 -0.0754019
v 0.1299038 -0.4700000 -0.0750000
v 0.1305999 -0.4670000 -0.0754019
v 0.1325019 -0.4648038 -0.0765000
v 0.1350999 -0.4640000 -0.0780000
v 0.1376980 -0.4648038 -0.0795000
v 0.1395999 -0.4670000 -0.0805981
v 0.1452934 -0.4700000 -0.0716508
v 0.1445724 -0.4730000 -0.0712953
v 0.1426028 -0.4751962 -0.0703239
v 0.1399121 -0.4760000 -0.0689971
v 0.1372215 -0.4751962 -0.0676702
v 0.1352518 -0.4730000 -0.0666989
v 0.1345309 -0.4700000 -0.0663433
v 0.1352518 -0.4670000 -0.0666989
v 0.1372215 -0.4648038 -0.0676702
v 0.1399121 -0.4640000 -0.0689971
v 0.1426028 -0.4648038 -0.0703239
v 0.1445724 -0.4670000 -0.0712953
v 0.1496685 -0.4700000 -0.0619948
v 0.1489258 -0.4730000 -0.0616872
v 0.1468968 -0.4751962 -0.0608467
v 0.1441252 -0.4760000 -0.0596987
v 0.1413535 -0.4751962 -0.0585506
v 0.1393246 -0.4730000 -0.0577102
v 0.1385819 -0.4700000 -0.0574026
v 0.1393246 -0.4670000 -0.0577102
v 0.1413535 -0.4648038 -0.0585506
v 0.1441252 -0.4640000 -0.0596987
v 0.1468968 -0.4648038 -0.0608467
v 0.1489258 -0.4670000 -0.0616872
v 0.1534027 -0.4700000 -0.0520733
v 0.1526415 -0.4730000 -0.0518149
v 0.1505619 -0.4751962 -0.0511090
v 0.1477211 -0.4760000 -0.0501446
v 0.1448803 -0.4751962 -0.0491803
v 0.1428007 -0.4730000 -0.0484744
v 0.1420395 -0.4700000 -0.0482160
v 0.1428007 -0.4670000 -0.0484744
v 0.1448803 -0.4648038 -0.0491803
v 0.1477211 -0.4640000 -0.0501446
v 0.1505619 -0.4648038 -0.0511090
v 0.1526415 -0.4670000 -0.0518149
v 0.1564800 -0.4700000 -0.0419286
v 0.1557035 -0.4730000 -0.0417206
v 0.1535822 -0.4751962 -0.0411522
v 0.1506844 -0.4760000 -0.0403757
v 0.1477867 -0.4751962 -0.0395993
v 0.1456653 -0.4730000 -0.0390309
v 0.1448889 -0.4700000 -0.0388228
v 0.1456653 -0.4670000 -0.0390309
v 0.1477867 -0.4648038 -0.0395993
v 0.1506844 -0.4640000 -0.0403757
v 0.1535822 -0.4648038 -0.0411522
v 0.1557035 -0.4670000 -0.0417206
v 0.1588872 -0.4700000 -0.0316046
v 0.1580988 -0.4730000 -0.0314478
v 0.1559449 -0.4751962 -0.0310193
v 0.1530025 -0.4760000 -0.0304341
v 0.1500601 -0.4751962 -0.0298488
v 0.1479062 -0.4730000 -0.0294203
v 0.1471178 -0.4700000 -0.0292635
v 0.1479062 -0.4670000 -0.0294203
v 0.1500601 -0.4648038 -0.0298488
v 0.1530025 -0.4640000 -0.0304341
v 0.1559449 -0.4648038 -0.0310193
v 0.1580988 -0.4670000 -0.0314478
v 0.1606141 -0.4700000 -0.0211452
v 0.1598171 -0.4730000 -0.0210403
v 0.1576397 -0.4751962 -0.0207537
v 0.1546654 -0.4760000 -0.0203621
v 0.1516911 -0.4751962 -0.0199705
v 0.1495137 -0.4730000 -0.0196838
v 0.1487167 -0.4700000 -0.0195789
v 0.1495137 -0.4670000 -0.0196838
v 0.1516911 -0.4648038 -0.0199705
v 0.1546654 -0.4640000 -0.0203621
v 0.1576397 -0.4648038 -0.0207537
v 0.1598171 -0.4670000 -0.0210403
v 0.1616531 -0.4700000 -0.0105953
v 0.1608510 -0.4730000 -0.0105428
v 0.1586596 -0.4751962 -0.0103991
v 0.1556660 -0.4760000 -0.0102029
v 0.1526724 -0.4751962 -0.0100067
v 0.1504810 -0.4730000 -0.0098631
v 0.1496788 -0.4700000 -0.0098105
v 0.1504810 -0.4670000 -0.0098631
v 0.1526724 -0.4648038 -0.0100067
v 0.1556660 -0.4640000 -0.0102029
v 0.1586596 -0.4648038 -0.0103991
v 0.1608510 -0.4670000 -0.0105428
f 799 811 812
f 799 812 800
f 800 812 813
f 800 813 801
f 801 813 814
f 801 814 802
f 802 814 815
f 802 815 803
f 803 815 816
f 803 816 804
f 804 816 817
f 804 817 805
f 805 817 818
f 805 818 806
f 806 818 819
f 806 819 807
f 807 819 820
f 807 820 808
f 808 820 821
f 808 821 809
f 809 821 822
f 809 822 810
f 810 822 811
f 810 811 799
f 811 823 824
f 811 824 812
f 812 824 825
f 812 825 813
f 813 825 826
f 813 826 814
f 814 826 827
f 814 827 815
f 815 827 828
f 815 828 816
f 816 828 829
f 816 829 817
f 817 829 830
f 817 830 818
f 818 830 831
f 818 831 819
f 819 831 832
f 819 832 820
f 820 832 833
f 820 833 821
f 821 833 834
f 821 834 822
f 822 834 823
f 822 823 811
f 823 835 836
f 823 836 824
f 824 836 837
f 824 837 825
f 825 837 838
f 825 838 826
f 826 838 839
f 826 839 827
f 827 839 840
f 827 840 828
f 828 840 841
f 828 841 829
f 829 841 842
f 829 842 830
f 830 842 843
f 830 843 831
f 831 843 844
f 831 844 832
f 832 844 845
f 832 845 833
f 833 845 846
f 833 846 834
f 834 846 835
f 834 835 823
f 835 847 848
f 835 848 836
f 836 848 849
f 836 849 837
f 837 849 850
f 837 850 838
f 838 850 851
f 838 851 839
f 839 851 852
f 839 852 840
f 840 852 853
f 840 853 841
f 841 853 854
f 841 854 842
f 842 854 855
f 842 855 843
f 843 855 856
f 843 856 844
f 844 856 857
f 844 857 845
f 845 857 858
f 845 858 846
f 846 858 847
f 846 847 835
f 847 859 860
f 847 860 848
f 848 860 861
f 848 861 849
f 849 861 862
f 849 862 850
f 850 862 863
f 850 863 851
f 851 863 864
f 851 864 852
f 852 864 865
f 852 865 853
f 853 865 866
f 853 866 854
f 854 866 867
f 854 867 855
f 855 867 868
f 855 868 856
f 856 868 869
f 856 869 857
f 857 869 870
f 857 870 858
f 858 870 859
f 858 859 847
f 859 871 872
f 859 872 860
f 860 872 873
f 860 873 861
f 861 873 874
f 861 874 862
f 862 874 875
f 862 875 863
f 863 875 876
f 863 876 864
f 864 876 877
f 864 877 865
f 865 877 878
f 865 878 866
f 866 878 879
f 866 879 867
f 867 879 880
f 867 880 868
f 868 880 881
f 868 881 869
f 869 881 882
f 869 882 870
f 870 882 871
f 870 871 859
f 871 883 884
f 871 884 872
f 872 884 885
f 872 885 873
f 873 885 886
f 873 886 874
f 874 886 887
f 874 887 875
f 875 887 888
f 875 888 876
f 876 888 889
f 876 889 877
f 877 889 890
f 877 890 878
f 878 890 891
f 878 891 879
f 879 891 892
f 879 892 880
f 880 892 893
f 880 893 881
f 881 893 894
f 881 894 882
f 882 894 883
f 882 883 871
f 883 895 896
f 883 896 884
f 884 896 897
f 884 897 885
f 885 897 898
f 885 898 886
f 886 898 899
f 886 899 887
f 887 899 900
f 887 900 888
f 888 900 901
f 888 901 889
f 889 901 902
f 889 902 890
f 890 902 903
f 890 903 891
f 891 903 904
f 891 904 892
f 892 904 905
f 892 905 893
f 893 905 906
f 893 906 894
f 894 906 895
f 894 895 883
f 895 907 908
f 895 908 896
f 896 908 909
f 896 909 897
f 897 909 910
f 897 910 898
f 898 910 911
f 898 911 899
f 899 911 912
f 899 912 900
f 900 912 913
f 900 913 901
f 901 913 914
f 901 914 902
f 902 914 915
f 902 915 903
f 903 915 916
f 903 916 904
f 904 916 917
f 904 917 905
f 905 917 918
f 905 918 906
f 906 918 907
f 906 907 895
f 907 919 920
f 907 920 908
f 908 920 921
f 908 921 909
f 909 921 922
f 909 922 910
f 910 922 923
f 910 923 911
f 911 923 924
f 911 924 912
f 912 924 925
f 912 925 913
f 913 925 926
f 913 926 914
f 914 926 927
f 914 927 915
f 915 927 928
f 915 928 916
f 916 928 929
f 916 929 917
f 917 929 930
f 917 930 918
f 918 930 919
f 918 919 907
f 919 931 932
f 919 932 920
f 920 932 933
f 920 933 921
f 921 933 934
f 921 934 922
f 922 934 935
f 922 935 923
f 923 935 936
f 923 936 924
f 924 936 937
f 924 937 925
f 925 937 938
f 925 938 926
f 926 938 939
f 926 939 927
f 927 939 940
f 927 940 928
f 928 940 941
f 928 941 929
f 929 941 942
f 929 942 930
f 930 942 931
f 930 931 919
f 931 943 944
f 931 944 932
f 932 944 945
f 932 945 933
f 933 945 946
f 933 946 934
f 934 946 947
f 934 947 935
f 935 947 948
f 935 948 936
f 936 948 949
f 936 949 937
f 937 949 950
f 937 950 938
f 938 950 951
f 938 951 939
f 939 951 952
f 939 952 940
f 940 952 953
f 940 953 941
f 941 953 954
f 941 954 942
f 942 954 943
f 942 943 931
f 943 955 956
f 943 956 944
f 944 956 957
f 944 957 945
f 945 957 958
f 945 958 946
f 946 958 959
f 946 959 947
f 947 959 960
f 947 960 948
f 948 960 961
f 948 961 949
f 949 961 962
f 949 962 950
f 950 962 963
f 950 963 951
f 951 963 964
f 951 964 952
f 952 964 965
f 952 965 953
f 953 965 966
f 953 966 954
f 954 966 955
f 954 955 943
f 955 967 968
f 955 968 956
f 956 968 969
f 956 969 957
f 957 969 970
f 957 970 958
f 958 970 971
f 958 971 959
f 959 971 972
f 959 972 960
f 960 972 973
f 960 973 961
f 961 973 974
f 961 974 962
f 962 974 975
f 962 975 963
f 963 975 976
f 963 976 964
f 964 976 977
f 964 977 965
f 965 977 978
f 965 978 966
f 966 978 967
f 966 967 955
f 967 979 980
f 967 980 968
f 968 980 981
f 968 981 969
f 969 981 982
f 969 982 970
f 970 982 983
f 970 983 971
f 971 983 984
f 971 984 972
f 972 984 985
f 972 985 973
f 973 985 986
f 973 986 974
f 974 986 987
f 974 987 975
f 975 987 988
f 975 988 976
f 976 988 989
f 976 989 977
f 977 989 990
f 977 990 978
f 978 990 979
f 978 979 967
f 979 991 992
f 979 992 980
f 980 992 993
f 980 993 981
f 981 993 994
f 981 994 982
f 982 994 995
f 982 995 983
f 983 995 996
f 983 996 984
f 984 996 997
f 984 997 985
f 985 997 998
f 985 998 986
f 986 998 999
f 986 999 987
f 987 999 1000
f 987 1000 988
f 988 1000 1001
f 988 1001 989
f 989 1001 1002
f 989 1002 990
f 990 1002 991
f 990 991 979
f 991 1003 1004
f 991 1004 992
f 992 1004 1005
f 992 1005 993
f 993 1005 1006
f 993 1006 994
f 994 1006 1007
f 994 1007 995
f 995 1007 1008
f 995 1008 996
f 996 1008 1009
f 996 1009 997
f 997 1009 1010
f 997 1010 998
f 998 1010 1011
f 998 1011 999
f 999 1011 1012
f 999 1012 1000
f 1000 1012 1013
f 1000 1013 1001
f 1001 1013 1014
f 1001 1014 1002
f 1002 1014 1003
f 1002 1003 991
f 1003 1015 1016
f 1003 1016 1004
f 1004 1016 1017
f 1004 1017 1005
f 1005 1017 1018
f 1005 1018 1006
f 1006 1018 1019
f 1006 1019 1007
f 1007 1019 1020
f 1007 1020 1008
f 1008 1020 1021
f 1008 1021 1009
f 1009 1021 1022
f 1009 1022 1010
f 1010 1022 1023
f 1010 1023 1011
f 1011 1023 1024
f 1011 1024 1012
f 1012 1024 1025
f 1012 1025 1013
f 1013 1025 1026
f 1013 1026 1014
f 1014 1026 1015
f 1014 1015 1003
f 1015 1027 1028
f 1015 1028 1016
f 1016 1028 1029
f 1016 1029 1017
f 1017 1029 1030
f 1017 1030 1018
f 1018 1030 1031
f 1018 1031 1019
f 1019 1031 1032
f 1019 1032 1020
f 1020 1032 1033
f 1020 1033 1021
f 1021 1033 1034
f 1021 1034 1022
f 1022 1034 1035
f 1022 1035 1023
f 1023 1035 1036
f 1023 1036 1024
f 1024 1036 1037
f 1024 1037 1025
f 1025 1037 1038
f 1025 1038 1026
f 1026 1038 1027
f 1026 1027 1015
f 1027 1039 1040
f 1027 1040 1028
f 1028 1040 1041
f 1028 1041 1029
f 1029 1041 1042
f 1029 1042 1030
f 1030 1042 1043
f 1030 1043 1031
f 1031 1043 1044
f 1031 1044 1032
f 1032 1044 1045
f 1032 1045 1033
f 1033 1045 1046
f 1033 1046 1034
f 1034 1046 1047
f 1034 1047 1035
f 1035 1047 1048
f 1035 1048 1036
f 1036 1048 1049
f 1036 1049 1037
f 1037 1049 1050
f 1037 1050 1038
f 1038 1050 1039
f 1038 1039 1027
f 1039 1051 1052
f 1039 1052 1040
f 1040 1052 1053
f 1040 1053 1041
f 1041 1053 1054
f 1041 1054 1042
f 1042 1054 1055
f 1042 1055 1043
f 1043 1055 1056
f 1043 1056 1044
f 1044 1056 1057
f 1044 1057 1045
f 1045 1057 1058
f 1045 1058 1046
f 1046 1058 1059
f 1046 1059 1047
f 1047 1059 1060
f 1047 1060 1048
f 1048 1060 1061
f 1048 1061 1049
f 1049 1061 1062
f 1049 1062 1050
f 1050 1062 1051
f 1050 1051 1039
f 1051 1063 1064
f 1051 1064 1052
f 1052 1064 1065
f 1052 1065 1053
f 1053 1065 1066
f 1053 1066 1054
f 1054 1066 1067
f 1054 1067 1055
f 1055 1067 1068
f 1055 1068 1056
f 1056 1068 1069
f 1056 1069 1057
f 1057 1069 1070
f 1057 1070 1058
f 1058 1070 1071
f 1058 1071 1059
f 1059 1071 1072
f 1059 1072 1060
f 1060 1072 1073
f 1060 1073 1061
f 1061 1073 1074
f 1061 1074 1062
f 1062 1074 1063
f 1062 1063 1051
f 1063 1075 1076
f 1063 1076 1064
f 1064 1076 1077
f 1064 1077 1065
f 1065 1077 1078
f 1065 1078 1066
f 1066 1078 1079
f 1066 1079 1067
f 1067 1079 1080
f 1067 1080 1068
f 1068 1080 1081
f 1068 1081 1069
f 1069 1081 1082
f 1069 1082 1070
f 1070 1082 1083
f 1070 1083 1071
f 1071 1083 1084
f 1071 1084 1072
f 1072 1084 1085
f 1072 1085 1073
f 1073 1085 1086
f 1073 1086 1074
f 1074 1086 1075
f 1074 1075 1063
f 1075 1087 1088
f 1075 1088 1076
f 1076 1088 1089
f 1076 1089 1077
f 1077 1089 1090
f 1077 1090 1078
f 1078 1090 1091
f 1078 1091 1079
f 1079 1091 1092
f 1079 1092 1080
f 1080 1092 1093
f 1080 1093 1081
f 1081 1093 1094
f 1081 1094 1082
f 1082 1094 1095
f 1082 1095 1083
f 1083 1095 1096
f 1083 1096 1084
f 1084 1096 1097
f 1084 1097 1085
f 1085 1097 1098
f 1085 1098 1086
f 1086 1098 1087
f 1086 1087 1075
f 1087 1099 1100
f 1087 1100 1088
f 1088 1100 1101
f 1088 1101 1089
f 1089 1101 1102
f 1089 1102 1090
f 1090 1102 1103
f 1090 1103 1091
f 1091 1103 1104
f 1091 1104 1092
f 1092 1104 1105
f 1092 1105 1093
f 1093 1105 1106
f 1093 1106 1094
f 1094 1106 1107
f 1094 1107 1095
f 1095 1107 1108
f 1095 1108 1096
f 1096 1108 1109
f 1096 1109 1097
f 1097 1109 1110
f 1097 1110 1098
f 1098 1110 1099
f 1098 1099 1087
f 1099 1111 1112
f 1099 1112 1100
f 1100 1112 1113
f 1100 1113 1101
f 1101 1113 1114
f 1101 1114 1102
f 1102 1114 1115
f 1102 1115 1103
f 1103 1115 1116
f 1103 1116 1104
f 1104 1116 1117
f 1104 1117 1105
f 1105 1117 1118
f 1105 1118 1106
f 1106 1118 1119
f 1106 1119 1107
f 1107 1119 1120
f 1107 1120 1108
f 1108 1120 1121
f 1108 1121 1109
f 1109 1121 1122
f 1109 1122 1110
f 1110 1122 1111
f 1110 1111 1099
f 1111 1123 1124
f 1111 1124 1112
f 1112 1124 1125
f 1112 1125 1113
f 1113 1125 1126
f 1113 1126 1114
f 1114 1126 1127
f 1114 1127 1115
f 1115 1127 1128
f 1115 1128 1116
f 1116 1128 1129
f 1116 1129 1117
f 1117 1129 1130
f 1117 1130 1118
f 1118 1130 1131
f 1118 1131 1119
f 1119 1131 1132
f 1119 1132 1120
f 1120 1132 1133
f 1120 1133 1121
f 1121 1133 1134
f 1121 1134 1122
f 1122 1134 1123
f 1122 1123 1111
f 1123 1135 1136
f 1123 1136 1124
f 1124 1136 1137
f 1124 1137 1125
f 1125 1137 1138
f 1125 1138 1126
f 1126 1138 1139
f 1126 1139 1127
f 1127 1139 1140
f 1127 1140 1128
f 1128 1140 1141
f 1128 1141 1129
f 1129 1141 1142
f 1129 1142 1130
f 1130 1142 1143
f 1130 1143 1131
f 1131 1143 1144
f 1131 1144 1132
f 1132 1144 1145
f 1132 1145 1133
f 1133 1145 1146
f 1133 1146 1134
f 1134 1146 1135
f 1134 1135 1123
f 1135 1147 1148
f 1135 1148 1136
f 1136 1148 1149
f 1136 1149 1137
f 1137 1149 1150
f 1137 1150 1138
f 1138 1150 1151
f 1138 1151 1139
f 1139 1151 1152
f 1139 1152 1140
f 1140 1152 1153
f 1140 1153 1141
f 1141 1153 1154
f 1141 1154 1142
f 1142 1154 1155
f 1142 1155 1143
f 1143 1155 1156
f 1143 1156 1144
f 1144 1156 1157
f 1144 1157 1145
f 1145 1157 1158
f 1145 1158 1146
f 1146 1158 1147
f 1146 1147 1135
f 1147 1159 1160
f 1147 1160 1148
f 1148 1160 1161
f 1148 1161 1149
f 1149 1161 1162
f 1149 1162 1150
f 1150 1162 1163
f 1150 1163 1151
f 1151 1163 1164
f 1151 1164 1152
f 1152 1164 1165
f 1152 1165 1153
f 1153 1165 1166
f 1153 1166 1154
f 1154 1166 1167
f 1154 1167 1155
f 1155 1167 1168
f 1155 1168 1156
f 1156 1168 1169
f 1156 1169 1157
f 1157 1169 1170
f 1157 1170 1158
f 1158 1170 1159
f 1158 1159 1147
f 1159 1171 1172
f 1159 1172 1160
f 1160 1172 1173
f 1160 1173 1161
f 1161 1173 1174
f 1161 1174 1162
f 1162 1174 1175
f 1162 1175 1163
f 1163 1175 1176
f 1163 1176 1164
f 1164 1176 1177
f 1164 1177 1165
f 1165 1177 1178
f 1165 1178 1166
f 1166 1178 1179
f 1166 1179 1167
f 1167 1179 1180
f 1167 1180 1168
f 1168 1180 1181
f 1168 1181 1169
f 1169 1181 1182
f 1169 1182 1170
f 1170 1182 1171
f 1170 1171 1159
f 1171 1183 1184
f 1171 1184 1172
f 1172 1184 1185
f 1172 1185 1173
f 1173 1185 1186
f 1173 1186 1174
f 1174 1186 1187
f 1174 1187 1175
f 1175 1187 1188
f 1175 1188 1176
f 1176 1188 1189
f 1176 1189 1177
f 1177 1189 1190
f 1177 1190 1178
f 1178 1190 1191
f 1178 1191 1179
f 1179 1191 1192
f 1179 1192 1180
f 1180 1192 1193
f 1180 1193 1181
f 1181 1193 1194
f 1181 1194 1182
f 1182 1194 1183
f 1182 1183 1171
f 1183 1195 1196
f 1183 1196 1184
f 1184 1196 1197
f 1184 1197 1185
f 1185 1197 1198
f 1185 1198 1186
f 1186 1198 1199
f 1186 1199 1187
f 1187 1199 1200
f 1187 1200 1188
f 1188 1200 1201
f 1188 1201 1189
f 1189 1201 1202
f 1189 1202 1190
f 1190 1202 1203
f 1190 1203 1191
f 1191 1203 1204
f 1191 1204 1192
f 1192 1204 1205
f 1192 1205 1193
f 1193 1205 1206
f 1193 1206 1194
f 1194 1206 1195
f 1194 1195 1183
f 1195 1207 1208
f 1195 1208 1196
f 1196 1208 1209
f 1196 1209 1197
f 1197 1209 1210
f 1197 1210 1198
f 1198 1210 1211
f 1198 1211 1199
f 1199 1211 1212
f 1199 1212 1200
f 1200 1212 1213
f 1200 1213 1201
f 1201 1213 1214
f 1201 1214 1202
f 1202 1214 1215
f 1202 1215 1203
f 1203 1215 1216
f 1203 1216 1204
f 1204 1216 1217
f 1204 1217 1205
f 1205 1217 1218
f 1205 1218 1206
f 1206 1218 1207
f 1206 1207 1195
f 1207 1219 1220
f 1207 1220 1208
f 1208 1220 1221
f 1208 1221 1209
f 1209 1221 1222
f 1209 1222 1210
f 1210 1222 1223
f 1210 1223 1211
f 1211 1223 1224
f 1211 1224 1212
f 1212 1224 1225
f 1212 1225 1213
f 1213 1225 1226
f 1213 1226 1214
f 1214 1226 1227
f 1214 1227 1215
f 1215 1227 1228
f 1215 1228 1216
f 1216 1228 1229
f 1216 1229 1217
f 1217 1229 1230
f 1217 1230 1218
f 1218 1230 1219
f 1218 1219 1207
f 1219 1231 1232
f 1219 1232 1220
f 1220 1232 1233
f 1220 1233 1221
f 1221 1233 1234
f 1221 1234 1222
f 1222 1234 1235
f 1222 1235 1223
f 1223 1235 1236
f 1223 1236 1224
f 1224 1236 1237
f 1224 1237 1225
f 1225 1237 1238
f 1225 1238 1226
f 1226 1238 1239
f 1226 1239 1227
f 1227 1239 1240
f 1227 1240 1228
f 1228 1240 1241
f 1228 1241 1229
f 1229 1241 1242
f 1229 1242 1230
f 1230 1242 1231
f 1230 1231 1219
f 1231 1243 1244
f 1231 1244 1232
f 1232 1244 1245
f 1232 1245 1233
f 1233 1245 1246
f 1233 1246 1234
f 1234 1246 1247
f 1234 1247 1235
f 1235 1247 1248
f 1235 1248 1236
f 1236 1248 1249
f 1236 1249 1237
f 1237 1249 1250
f 1237 1250 1238
f 1238 1250 1251
f 1238 1251 1239
f 1239 1251 1252
f 1239 1252 1240
f 1240 1252 1253
f 1240 1253 1241
f 1241 1253 1254
f 1241 1254 1242
f 1242 1254 1243
f 1242 1243 1231
f 1243 1255 1256
f 1243 1256 1244
f 1244 1256 1257
f 1244 1257 1245
f 1245 1257 1258
f 1245 1258 1246
f 1246 1258 1259
f 1246 1259 1247
f 1247 1259 1260
f 1247 1260 1248
f 1248 1260 1261
f 1248 1261 1249
f 1249 1261 1262
f 1249 1262 1250
f 1250 1262 1263
f 1250 1263 1251
f 1251 1263 1264
f 1251 1264 1252
f 1252 1264 1265
f 1252 1265 1253
f 1253 1265 1266
f 1253 1266 1254
f 1254 1266 1255
f 1254 1255 1243
f 1255 1267 1268
f 1255 1268 1256
f 1256 1268 1269
f 1256 1269 1257
f 1257 1269 1270
f 1257 1270 1258
f 1258 1270 1271
f 1258 1271 1259
f 1259 1271 1272
f 1259 1272 1260
f 1260 1272 1273
f 1260 1273 1261
f 1261 1273 1274
f 1261 1274 1262
f 1262 1274 1275
f 1262 1275 1263
f 1263 1275 1276
f 1263 1276 1264
f 1264 1276 1277
f 1264 1277 1265
f 1265 1277 1278
f 1265 1278 1266
f 1266 1278 1267
f 1266 1267 1255
f 1267 1279 1280
f 1267 1280 1268
f 1268 1280 1281
f 1268 1281 1269
f 1269 1281 1282
f 1269 1282 1270
f 1270 1282 1283
f 1270 1283 1271
f 1271 1283 1284
f 1271 1284 1272
f 1272 1284 1285
f 1272 1285 1273
f 1273 1285 1286
f 1273 1286 1274
f 1274 1286 1287
f 1274 1287 1275
f 1275 1287 1288
f 1275 1288 1276
f 1276 1288 1289
f 1276 1289 1277
f 1277 1289 1290
f 1277 1290 1278
f 1278 1290 1279
f 1278 1279 1267
f 1279 1291 1292
f 1279 1292 1280
f 1280 1292 1293
f 1280 1293 1281
f 1281 1293 1294
f 1281 1294 1282
f 1282 1294 1295
f 1282 1295 1283
f 1283 1295 1296
f 1283 1296 1284
f 1284 1296 1297
f 1284 1297 1285
f 1285 1297 1298
f 1285 1298 1286
f 1286 1298 1299
f 1286 1299 1287
f 1287 1299 1300
f 1287 1300 1288
f 1288 1300 1301
f 1288 1301 1289
f 1289 1301 1302
f 1289 1302 1290
f 1290 1302 1291
f 1290 1291 1279
f 1291 1303 1304
f 1291 1304 1292
f 1292 1304 1305
f 1292 1305 1293
f 1293 1305 1306
f 1293 1306 1294
f 1294 1306 1307
f 1294 1307 1295
f 1295 1307 1308
f 1295 1308 1296
f 1296 1308 1309
f 1296 1309 1297
f 1297 1309 1310
f 1297 1310 1298
f 1298 1310 1311
f 1298 1311 1299
f 1299 1311 1312
f 1299 1312 1300
f 1300 1312 1313
f 1300 1313 1301
f 1301 1313 1314
f 1301 1314 1302
f 1302 1314 1303
f 1302 1303 1291
f 1303 1315 1316
f 1303 1316 1304
f 1304 1316 1317
f 1304 1317 1305
f 1305 1317 1318
f 1305 1318 1306
f 1306 1318 1319
f 1306 1319 1307
f 1307 1319 1320
f 1307 1320 1308
f 1308 1320 1321
f 1308 1321 1309
f 1309 1321 1322
f 1309 1322 1310
f 1310 1322 1323
f 1310 1323 1311
f 1311 1323 1324
f 1311 1324 1312
f 1312 1324 1325
f 1312 1325 1313
f 1313 1325 1326
f 1313 1326 1314
f 1314 1326 1315
f 1314 1315 1303
f 1315 1327 1328
f 1315 1328 1316
f 1316 1328 1329
f 1316 1329 1317
f 1317 1329 1330
f 1317 1330 1318
f 1318 1330 1331
f 1318 1331 1319
f 1319 1331 1332
f 1319 1332 1320
f 1320 1332 1333
f 1320 1333 1321
f 1321 1333 1334
f 1321 1334 1322
f 1322 1334 1335
f 1322 1335 1323
f 1323 1335 1336
f 1323 1336 1324
f 1324 1336 1337
f 1324 1337 1325
f 1325 1337 1338
f 1325 1338 1326
f 1326 1338 1327
f 1326 1327 1315
f 1327 1339 1340
f 1327 1340 1328
f 1328 1340 1341
f 1328 1341 1329
f 1329 1341 1342
f 1329 1342 1330
f 1330 1342 1343
f 1330 1343 1331
f 1331 1343 1344
f 1331 1344 1332
f 1332 1344 1345
f 1332 1345 1333
f 1333 1345 1346
f 1333 1346 1334
f 1334 1346 1347
f 1334 1347 1335
f 1335 1347 1348
f 1335 1348 1336
f 1336 1348 1349
f 1336 1349 1337
f 1337 1349 1350
f 1337 1350 1338
f 1338 1350 1339
f 1338 1339 1327
f 1339 1351 1352
f 1339 1352 1340
f 1340 1352 1353
f 1340 1353 1341
f 1341 1353 1354
f 1341 1354 1342
f 1342 1354 1355
f 1342 1355 1343
f 1343 1355 1356
f 1343 1356 1344
f 1344 1356 1357
f 1344 1357 1345
f 1345 1357 1358
f 1345 1358 1346
f 1346 1358 1359
f 1346 1359 1347
f 1347 1359 1360
f 1347 1360 1348
f 1348 1360 1361
f 1348 1361 1349
f 1349 1361 1362
f 1349 1362 1350
f 1350 1362 1351
f 1350 1351 1339
f 1351 1363 1364
f 1351 1364 1352
f 1352 1364 1365
f 1352 1365 1353
f 1353 1365 1366
f 1353 1366 1354
f 1354 1366 1367
f 1354 1367 1355
f 1355 1367 1368
f 1355 1368 1356
f 1356 1368 1369
f 1356 1369 1357
f 1357 1369 1370
f 1357 1370 1358
f 1358 1370 1371
f 1358 1371 1359
f 1359 1371 1372
f 1359 1372 1360
f 1360 1372 1373
f 1360 1373 1361
f 1361 1373 1374
f 1361 1374 1362
f 1362 1374 1363
f 1362 1363 1351
f 1363 1375 1376
f 1363 1376 1364
f 1364 1376 1377
f 1364 1377 1365
f 1365 1377 1378
f 1365 1378 1366
f 1366 1378 1379
f 1366 1379 1367
f 1367 1379 1380
f 1367 1380 1368
f 1368 1380 1381
f 1368 1381 1369
f 1369 1381 1382
f 1369 1382 1370
f 1370 1382 1383
f 1370 1383 1371
f 1371 1383 1384
f 1371 1384 1372
f 1372 1384 1385
f 1372 1385 1373
f 1373 1385 1386
f 1373 1386 1374
f 1374 1386 1375
f 1374 1375 1363
f 1375 1387 1388
f 1375 1388 1376
f 1376 1388 1389
f 1376 1389 1377
f 1377 1389 1390
f 1377 1390 1378
f 1378 1390 1391
f 1378 1391 1379
f 1379 1391 1392
f 1379 1392 1380
f 1380 1392 1393
f 1380 1393 1381
f 1381 1393 1394
f 1381 1394 1382
f 1382 1394 1395
f 1382 1395 1383
f 1383 1395 1396
f 1383 1396 1384
f 1384 1396 1397
f 1384 1397 1385
f 1385 1397 1398
f 1385 1398 1386
f 1386 1398 1387
f 1386 1387 1375
f 1387 1399 1400
f 1387 1400 1388
f 1388 1400 1401
f 1388 1401 1389
f 1389 1401 1402
f 1389 1402 1390
f 1390 1402 1403
f 1390 1403 1391
f 1391 1403 1404
f 1391 1404 1392
f 1392 1404 1405
f 1392 1405 1393
f 1393 1405 1406
f 1393 1406 1394
f 1394 1406 1407
f 1394 1407 1395
f 1395 1407 1408
f 1395 1408 1396
f 1396 1408 1409
f 1396 1409 1397
f 1397 1409 1410
f 1397 1410 1398
f 1398 1410 1399
f 1398 1399 1387
f 1399 1411 1412
f 1399 1412 1400
f 1400 1412 1413
f 1400 1413 1401
f 1401 1413 1414
f 1401 1414 1402
f 1402 1414 1415
f 1402 1415 1403
f 1403 1415 1416
f 1403 1416 1404
f 1404 1416 1417
f 1404 1417 1405
f 1405 1417 1418
f 1405 1418 1406
f 1406 1418 1419
f 1406 1419 1407
f 1407 1419 1420
f 1407 1420 1408
f 1408 1420 1421
f 1408 1421 1409
f 1409 1421 1422
f 1409 1422 1410
f 1410 1422 1411
f 1410 1411 1399
f 1411 1423 1424
f 1411 1424 1412
f 1412 1424 1425
f 1412 1425 1413
f 1413 1425 1426
f 1413 1426 1414
f 1414 1426 1427
f 1414 1427 1415
f 1415 1427 1428
f 1415 1428 1416
f 1416 1428 1429
f 1416 1429 1417
f 1417 1429 1430
f 1417 1430 1418
f 1418 1430 1431
f 1418 1431 1419
f 1419 1431 1432
f 1419 1432 1420
f 1420 1432 1433
f 1420 1433 1421
f 1421 1433 1434
f 1421 1434 1422
f 1422 1434 1423
f 1422 1423 1411
f 1423 1435 1436
f 1423 1436 1424
f 1424 1436 1437
f 1424 1437 1425
f 1425 1437 1438
f 1425 1438 1426
f 1426 1438 1439
f 1426 1439 1427
f 1427 1439 1440
f 1427 1440 1428
f 1428 1440 1441
f 1428 1441 1429
f 1429 1441 1442
f 1429 1442 1430
f 1430 1442 1443
f 1430 1443 1431
f 1431 1443 1444
f 1431 1444 1432
f 1432 1444 1445
f 1432 1445 1433
f 1433 1445 1446
f 1433 1446 1434
f 1434 1446 1435
f 1434 1435 1423
f 1435 1447 1448
f 1435 1448 1436
f 1436 1448 1449
f 1436 1449 1437
f 1437 1449 1450
f 1437 1450 1438
f 1438 1450 1451
f 1438 1451 1439
f 1439 1451 1452
f 1439 1452 1440
f 1440 1452 1453
f 1440 1453 1441
f 1441 1453 1454
f 1441 1454 1442
f 1442 1454 1455
f 1442 1455 1443
f 1443 1455 1456
f 1443 1456 1444
f 1444 1456 1457
f 1444 1457 1445
f 1445 1457 1458
f 1445 1458 1446
f 1446 1458 1447
f 1446 1447 1435
f 1447 1459 1460
f 1447 1460 1448
f 1448 1460 1461
f 1448 1461 1449
f 1449 1461 1462
f 1449 1462 1450
f 1450 1462 1463
f 1450 1463 1451
f 1451 1463 1464
f 1451 1464 1452
f 1452 1464 1465
f 1452 1465 1453
f 1453 1465 1466
f 1453 1466 1454
f 1454 1466 1467
f 1454 1467 1455
f 1455 1467 1468
f 1455 1468 1456
f 1456 1468 1469
f 1456 1469 1457
f 1457 1469 1470
f 1457 1470 1458
f 1458 1470 1459
f 1458 1459 1447
f 1459 1471 1472
f 1459 1472 1460
f 1460 1472 1473
f 1460 1473 1461
f 1461 1473 1474
f 1461 1474 1462
f 1462 1474 1475
f 1462 1475 1463
f 1463 1475 1476
f 1463 1476 1464
f 1464 1476 1477
f 1464 1477 1465
f 1465 1477 1478
f 1465 1478 1466
f 1466 1478 1479
f 1466 1479 1467
f 1467 1479 1480
f 1467 1480 1468
f 1468 1480 1481
f 1468 1481 1469
f 1469 1481 1482
f 1469 1482 1470
f 1470 1482 1471
f 1470 1471 1459
f 1471 1483 1484
f 1471 1484 1472
f 1472 1484 1485
f 1472 1485 1473
f 1473 1485 1486
f 1473 1486 1474
f 1474 1486 1487
f 1474 1487 1475
f 1475 1487 1488
f 1475 1488 1476
f 1476 1488 1489
f 1476 1489 1477
f 1477 1489 1490
f 1477 1490 1478
f 1478 1490 1491
f 1478 1491 1479
f 1479 1491 1492
f 1479 1492 1480
f 1480 1492 1493
f 1480 1493 1481
f 1481 1493 1494
f 1481 1494 1482
f 1482 1494 1483
f 1482 1483 1471
f 1483 1495 1496
f 1483 1496 1484
f 1484 1496 1497
f 1484 1497 1485
f 1485 1497 1498
f 1485 1498 1486
f 1486 1498 1499
f 1486 1499 1487
f 1487 1499 1500
f 1487 1500 1488
f 1488 1500 1501
f 1488 1501 1489
f 1489 1501 1502
f 1489 1502 1490
f 1490 1502 1503
f 1490 1503 1491
f 1491 1503 1504
f 1491 1504 1492
f 1492 1504 1505
f 1492 1505 1493
f 1493 1505 1506
f 1493 1506 1494
f 1494 1506 1495
f 1494 1495 1483
f 1495 1507 1508
f 1495 1508 1496
f 1496 1508 1509
f 1496 1509 1497
f 1497 1509 1510
f 1497 1510 1498
f 1498 1510 1511
f 1498 1511 1499
f 1499 1511 1512
f 1499 1512 1500
f 1500 1512 1513
f 1500 1513 1501
f 1501 1513 1514
f 1501 1514 1502
f 1502 1514 1515
f 1502 1515 1503
f 1503 1515 1516
f 1503 1516 1504
f 1504 1516 1517
f 1504 1517 1505
f 1505 1517 1518
f 1505 1518 1506
f 1506 1518 1507
f 1506 1507 1495
f 1507 1519 1520
f 1507 1520 1508
f 1508 1520 1521
f 1508 1521 1509
f 1509 1521 1522
f 1509 1522 1510
f 1510 1522 1523
f 1510 1523 1511
f 1511 1523 1524
f 1511 1524 1512
f 1512 1524 1525
f 1512 1525 1513
f 1513 1525 1526
f 1513 1526 1514
f 1514 1526 1527
f 1514 1527 1515
f 1515 1527 1528
f 1515 1528 1516
f 1516 1528 1529
f 1516 1529 1517
f 1517 1529 1530
f 1517 1530 1518
f 1518 1530 1519
f 1518 1519 1507
f 1519 1531 1532
f 1519 1532 1520
f 1520 1532 1533
f 1520 1533 1521
f 1521 1533 1534
f 1521 1534 1522
f 1522 1534 1535
f 1522 1535 1523
f 1523 1535 1536
f 1523 1536 1524
f 1524 1536 1537
f 1524 1537 1525
f 1525 1537 1538
f 1525 1538 1526
f 1526 1538 1539
f 1526 1539 1527
f 1527 1539 1540
f 1527 1540 1528
f 1528 1540 1541
f 1528 1541 1529
f 1529 1541 1542
f 1529 1542 1530
f 1530 1542 1531
f 1530 1531 1519
f 1531 1543 1544
f 1531 1544 1532
f 1532 1544 1545
f 1532 1545 1533
f 1533 1545 1546
f 1533 1546 1534
f 1534 1546 1547
f 1534 1547 1535
f 1535 1547 1548
f 1535 1548 1536
f 1536 1548 1549
f 1536 1549 1537
f 1537 1549 1550
f 1537 1550 1538
f 1538 1550 1551
f 1538 1551 1539
f 1539 1551 1552
f 1539 1552 1540
f 1540 1552 1553
f 1540 1553 1541
f 1541 1553 1554
f 1541 1554 1542
f 1542 1554 1543
f 1542 1543 1531
f 1543 1555 1556
f 1543 1556 1544
f 1544 1556 1557
f 1544 1557 1545
f 1545 1557 1558
f 1545 1558 1546
f 1546 1558 1559
f 1546 1559 1547
f 1547 1559 1560
f 1547 1560 1548
f 1548 1560 1561
f 1548 1561 1549
f 1549 1561 1562
f 1549 1562 1550
f 1550 1562 1563
f 1550 1563 1551
f 1551 1563 1564
f 1551 1564 1552
f 1552 1564 1565
f 1552 1565 1553
f 1553 1565 1566
f 1553 1566 1554
f 1554 1566 1555
f 1554 1555 1543
f 1555 1567 1568
f 1555 1568 1556
f 1556 1568 1569
f 1556 1569 1557
f 1557 1569 1570
f 1557 1570 1558
f 1558 1570 1571
f 1558 1571 1559
f 1559 1571 1572
f 1559 1572 1560
f 1560 1572 1573
f 1560 1573 1561
f 1561 1573 1574
f 1561 1574 1562
f 1562 1574 1575
f 1562 1575 1563
f 1563 1575 1576
f 1563 1576 1564
f 1564 1576 1577
f 1564 1577 1565
f 1565 1577 1578
f 1565 1578 1566
f 1566 1578 1567
f 1566 1567 1555
f 1567 1579 1580
f 1567 1580 1568
f 1568 1580 1581
f 1568 1581 1569
f 1569 1581 1582
f 1569 1582 1570
f 1570 1582 1583
f 1570 1583 1571
f 1571 1583 1584
f 1571 1584 1572
f 1572 1584 1585
f 1572 1585 1573
f 1573 1585 1586
f 1573 1586 1574
f 1574 1586 1587
f 1574 1587 1575
f 1575 1587 1588
f 1575 1588 1576
f 1576 1588 1589
f 1576 1589 1577
f 1577 1589 1590
f 1577 1590 1578
f 1578 1590 1579
f 1578 1579 1567
f 1579 1591 1592
f 1579 1592 1580
f 1580 1592 1593
f 1580 1593 1581
f 1581 1593 1594
f 1581 1594 1582
f 1582 1594 1595
f 1582 1595 1583
f 1583 1595 1596
f 1583 1596 1584
f 1584 1596 1597
f 1584 1597 1585
f 1585 1597 1598
f 1585 1598 1586
f 1586 1598 1599
f 1586 1599 1587
f 1587 1599 1600
f 1587 1600 1588
f 1588 1600 1601
f 1588 1601 1589
f 1589 1601 1602
f 1589 1602 1590
f 1590 1602 1591
f 1590 1591 1579
f 1591 1603 1604
f 1591 1604 1592
f 1592 1604 1605
f 1592 1605 1593
f 1593 1605 1606
f 1593 1606 1594
f 1594 1606 1607
f 1594 1607 1595
f 1595 1607 1608
f 1595 1608 1596
f 1596 1608 1609
f 1596 1609 1597
f 1597 1609 1610
f 1597 1610 1598
f 1598 1610 1611
f 1598 1611 1599
f 1599 1611 1612
f 1599 1612 1600
f 1600 1612 1613
f 1600 1613 1601
f 1601 1613 1614
f 1601 1614 1602
f 1602 1614 1603
f 1602 1603 1591
f 1603 1615 1616
f 1603 1616 1604
f 1604 1616 1617
f 1604 1617 1605
f 1605 1617 1618
f 1605 1618 1606
f 1606 1618 1619
f 1606 1619 1607
f 1607 1619 1620
f 1607 1620 1608
f 1608 1620 1621
f 1608 1621 1609
f 1609 1621 1622
f 1609 1622 1610
f 1610 1622 1623
f 1610 1623 1611
f 1611 1623 1624
f 1611 1624 1612
f 1612 1624 1625
f 1612 1625 1613
f 1613 1625 1626
f 1613 1626 1614
f 1614 1626 1615
f 1614 1615 1603
f 1615 1627 1628
f 1615 1628 1616
f 1616 1628 1629
f 1616 1629 1617
f 1617 1629 1630
f 1617 1630 1618
f 1618 1630 1631
f 1618 1631 1619
f 1619 1631 1632
f 1619 1632 1620
f 1620 1632 1633
f 1620 1633 1621
f 1621 1633 1634
f 1621 1634 1622
f 1622 1634 1635
f 1622 1635 1623
f 1623 1635 1636
f 1623 1636 1624
f 1624 1636 1637
f 1624 1637 1625
f 1625 1637 1638
f 1625 1638 1626
f 1626 1638 1627
f 1626 1627 1615
f 1627 1639 1640
f 1627 1640 1628
f 1628 1640 1641
f 1628 1641 1629
f 1629 1641 1642
f 1629 1642 1630
f 1630 1642 1643
f 1630 1643 1631
f 1631 1643 1644
f 1631 1644 1632
f 1632 1644 1645
f 1632 1645 1633
f 1633 1645 1646
f 1633 1646 1634
f 1634 1646 1647
f 1634 1647 1635
f 1635 1647 1648
f 1635 1648 1636
f 1636 1648 1649
f 1636 1649 1637
f 1637 1649 1650
f 1637 1650 1638
f 1638 1650 1639
f 1638 1639 1627
f 1639 1651 1652
f 1639 1652 1640
f 1640 1652 1653
f 1640 1653 1641
f 1641 1653 1654
f 1641 1654 1642
f 1642 1654 1655
f 1642 1655 1643
f 1643 1655 1656
f 1643 1656 1644
f 1644 1656 1657
f 1644 1657 1645
f 1645 1657 1658
f 1645 1658 1646
f 1646 1658 1659
f 1646 1659 1647
f 1647 1659 1660
f 1647 1660 1648
f 1648 1660 1661
f 1648 1661 1649
f 1649 1661 1662
f 1649 1662 1650
f 1650 1662 1651
f 1650 1651 1639
f 1651 1663 1664
f 1651 1664 1652
f 1652 1664 1665
f 1652 1665 1653
f 1653 1665 1666
f 1653 1666 1654
f 1654 1666 1667
f 1654 1667 1655
f 1655 1667 1668
f 1655 1668 1656
f 1656 1668 1669
f 1656 1669 1657
f 1657 1669 1670
f 1657 1670 1658
f 1658 1670 1671
f 1658 1671 1659
f 1659 1671 1672
f 1659 1672 1660
f 1660 1672 1673
f 1660 1673 1661
f 1661 1673 1674
f 1661 1674 1662
f 1662 1674 1663
f 1662 1663 1651
f 1663 1675 1676
f 1663 1676 1664
f 1664 1676 1677
f 1664 1677 1665
f 1665 1677 1678
f 1665 1678 1666
f 1666 1678 1679
f 1666 1679 1667
f 1667 1679 1680
f 1667 1680 1668
f 1668 1680 1681
f 1668 1681 1669
f 1669 1681 1682
f 1669 1682 1670
f 1670 1682 1683
f 1670 1683 1671
f 1671 1683 1684
f 1671 1684 1672
f 1672 1684 1685
f 1672 1685 1673
f 1673 1685 1686
f 1673 1686 1674
f 1674 1686 1675
f 1674 1675 1663
f 1675 1687 1688
f 1675 1688 1676
f 1676 1688 1689
f 1676 1689 1677
f 1677 1689 1690
f 1677 1690 1678
f 1678 1690 1691
f 1678 1691 1679
f 1679 1691 1692
f 1679 1692 1680
f 1680 1692 1693
f 1680 1693 1681
f 1681 1693 1694
f 1681 1694 1682
f 1682 1694 1695
f 1682 1695 1683
f 1683 1695 1696
f 1683 1696 1684
f 1684 1696 1697
f 1684 1697 1685
f 1685 1697 1698
f 1685 1698 1686
f 1686 1698 1687
f 1686 1687 1675
f 1687 1699 1700
f 1687 1700 1688
f 1688 1700 1701
f 1688 1701 1689
f 1689 1701 1702
f 1689 1702 1690
f 1690 1702 1703
f 1690 1703 1691
f 1691 1703 1704
f 1691 1704 1692
f 1692 1704 1705
f 1692 1705 1693
f 1693 1705 1706
f 1693 1706 1694
f 1694 1706 1707
f 1694 1707 1695
f 1695 1707 1708
f 1695 1708 1696
f 1696 1708 1709
f 1696 1709 1697
f 1697 1709 1710
f 1697 1710 1698
f 1698 1710 1699
f 1698 1699 1687
f 1699 1711 1712
f 1699 1712 1700
f 1700 1712 1713
f 1700 1713 1701
f 1701 1713 1714
f 1701 1714 1702
f 1702 1714 1715
f 1702 1715 1703
f 1703 1715 1716
f 1703 1716 1704
f 1704 1716 1717
f 1704 1717 1705
f 1705 1717 1718
f 1705 1718 1706
f 1706 1718 1719
f 1706 1719 1707
f 1707 1719 1720
f 1707 1720 1708
f 1708 1720 1721
f 1708 1721 1709
f 1709 1721 1722
f 1709 1722 1710
f 1710 1722 1711
f 1710 1711 1699
f 1711 1723 1724
f 1711 1724 1712
f 1712 1724 1725
f 1712 1725 1713
f 1713 1725 1726
f 1713 1726 1714
f 1714 1726 1727
f 1714 1727 1715
f 1715 1727 1728
f 1715 1728 1716
f 1716 1728 1729
f 1716 1729 1717
f 1717 1729 1730
f 1717 1730 1718
f 1718 1730 1731
f 1718 1731 1719
f 1719 1731 1732
f 1719 1732 1720
f 1720 1732 1733
f 1720 1733 1721
f 1721 1733 1734
f 1721 1734 1722
f 1722 1734 1723
f 1722 1723 1711
f 1723 1735 1736
f 1723 1736 1724
f 1724 1736 1737
f 1724 1737 1725
f 1725 1737 1738
f 1725 1738 1726
f 1726 1738 1739
f 1726 1739 1727
f 1727 1739 1740
f 1727 1740 1728
f 1728 1740 1741
f 1728 1741 1729
f 1729 1741 1742
f 1729 1742 1730
f 1730 1742 1743
f 1730 1743 1731
f 1731 1743 1744
f 1731 1744 1732
f 1732 1744 1745
f 1732 1745 1733
f 1733 1745 1746
f 1733 1746 1734
f 1734 1746 1735
f 1734 1735 1723
f 1735 1747 1748
f 1735 1748 1736
f 1736 1748 1749
f 1736 1749 1737
f 1737 1749 1750
f 1737 1750 1738
f 1738 1750 1751
f 1738 1751 1739
f 1739 1751 1752
f 1739 1752 1740
f 1740 1752 1753
f 1740 1753 1741
f 1741 1753 1754
f 1741 1754 1742
f 1742 1754 1755
f 1742 1755 1743
f 1743 1755 1756
f 1743 1756 1744
f 1744 1756 1757
f 1744 1757 1745
f 1745 1757 1758
f 1745 1758 1746
f 1746 1758 1747
f 1746 1747 1735
f 1747 1759 1760
f 1747 1760 1748
f 1748 1760 1761
f 1748 1761 1749
f 1749 1761 1762
f 1749 1762 1750
f 1750 1762 1763
f 1750 1763 1751
f 1751 1763 1764
f 1751 1764 1752
f 1752 1764 1765
f 1752 1765 1753
f 1753 1765 1766
f 1753 1766 1754
f 1754 1766 1767
f 1754 1767 1755
f 1755 1767 1768
f 1755 1768 1756
f 1756 1768 1769
f 1756 1769 1757
f 1757 1769 1770
f 1757 1770 1758
f 1758 1770 1759
f 1758 1759 1747
f 1759 1771 1772
f 1759 1772 1760
f 1760 1772 1773
f 1760 1773 1761
f 1761 1773 1774
f 1761 1774 1762
f 1762 1774 1775
f 1762 1775 1763
f 1763 1775 1776
f 1763 1776 1764
f 1764 1776 1777
f 1764 1777 1765
f 1765 1777 1778
f 1765 1778 1766
f 1766 1778 1779
f 1766 1779 1767
f 1767 1779 1780
f 1767 1780 1768
f 1768 1780 1781
f 1768 1781 1769
f 1769 1781 1782
f 1769 1782 1770
f 1770 1782 1771
f 1770 1771 1759
f 1771 1783 1784
f 1771 1784 1772
f 1772 1784 1785
f 1772 1785 1773
f 1773 1785 1786
f 1773 1786 1774
f 1774 1786 1787
f 1774 1787 1775
f 1775 1787 1788
f 1775 1788 1776
f 1776 1788 1789
f 1776 1789 1777
f 1777 1789 1790
f 1777 1790 1778
f 1778 1790 1791
f 1778 1791 1779
f 1779 1791 1792
f 1779 1792 1780
f 1780 1792 1793
f 1780 1793 1781
f 1781 1793 1794
f 1781 1794 1782
f 1782 1794 1783
f 1782 1783 1771
f 1783 1795 1796
f 1783 1796 1784
f 1784 1796 1797
f 1784 1797 1785
f 1785 1797 1798
f 1785 1798 1786
f 1786 1798 1799
f 1786 1799 1787
f 1787 1799 1800
f 1787 1800 1788
f 1788 1800 1801
f 1788 1801 1789
f 1789 1801 1802
f 1789 1802 1790
f 1790 1802 1803
f 1790 1803 1791
f 1791 1803 1804
f 1791 1804 1792
f 1792 1804 1805
f 1792 1805 1793
f 1793 1805 1806
f 1793 1806 1794
f 1794 1806 1795
f 1794 1795 1783
f 1795 1807 1808
f 1795 1808 1796
f 1796 1808 1809
f 1796 1809 1797
f 1797 1809 1810
f 1797 1810 1798
f 1798 1810 1811
f 1798 1811 1799
f 1799 1811 1812
f 1799 1812 1800
f 1800 1812 1813
f 1800 1813 1801
f 1801 1813 1814
f 1801 1814 1802
f 1802 1814 1815
f 1802 1815 1803
f 1803 1815 1816
f 1803 1816 1804
f 1804 1816 1817
f 1804 1817 1805
f 1805 1817 1818
f 1805 1818 1806
f 1806 1818 1807
f 1806 1807 1795
f 1807 1819 1820
f 1807 1820 1808
f 1808 1820 1821
f 1808 1821 1809
f 1809 1821 1822
f 1809 1822 1810
f 1810 1822 1823
f 1810 1823 1811
f 1811 1823 1824
f 1811 1824 1812
f 1812 1824 1825
f 1812 1825 1813
f 1813 1825 1826
f 1813 1826 1814
f 1814 1826 1827
f 1814 1827 1815
f 1815 1827 1828
f 1815 1828 1816
f 1816 1828 1829
f 1816 1829 1817
f 1817 1829 1830
f 1817 1830 1818
f 1818 1830 1819
f 1818 1819 1807
f 1819 1831 1832
f 1819 1832 1820
f 1820 1832 1833
f 1820 1833 1821
f 1821 1833 1834
f 1821 1834 1822
f 1822 1834 1835
f 1822 1835 1823
f 1823 1835 1836
f 1823 1836 1824
f 1824 1836 1837
f 1824 1837 1825
f 1825 1837 1838
f 1825 1838 1826
f 1826 1838 1839
f 1826 1839 1827
f 1827 1839 1840
f 1827 1840 1828
f 1828 1840 1841
f 1828 1841 1829
f 1829 1841 1842
f 1829 1842 1830
f 1830 1842 1831
f 1830 1831 1819
f 1831 1843 1844
f 1831 1844 1832
f 1832 1844 1845
f 1832 1845 1833
f 1833 1845 1846
f 1833 1846 1834
f 1834 1846 1847
f 1834 1847 1835
f 1835 1847 1848
f 1835 1848 1836
f 1836 1848 1849
f 1836 1849 1837
f 1837 1849 1850
f 1837 1850 1838
f 1838 1850 1851
f 1838 1851 1839
f 1839 1851 1852
f 1839 1852 1840
f 1840 1852 1853
f 1840 1853 1841
f 1841 1853 1854
f 1841 1854 1842
f 1842 1854 1843
f 1842 1843 1831
f 1843 1855 1856
f 1843 1856 1844
f 1844 1856 1857
f 1844 1857 1845
f 1845 1857 1858
f 1845 1858 1846
f 1846 1858 1859
f 1846 1859 1847
f 1847 1859 1860
f 1847 1860 1848
f 1848 1860 1861
f 1848 1861 1849
f 1849 1861 1862
f 1849 1862 1850
f 1850 1862 1863
f 1850 1863 1851
f 1851 1863 1864
f 1851 1864 1852
f 1852 1864 1865
f 1852 1865 1853
f 1853 1865 1866
f 1853 1866 1854
f 1854 1866 1855
f 1854 1855 1843
f 1855 1867 1868
f 1855 1868 1856
f 1856 1868 1869
f 1856 1869 1857
f 1857 1869 1870
f 1857 1870 1858
f 1858 1870 1871
f 1858 1871 1859
f 1859 1871 1872
f 1859 1872 1860
f 1860 1872 1873
f 1860 1873 1861
f 1861 1873 1874
f 1861 1874 1862
f 1862 1874 1875
f 1862 1875 1863
f 1863 1875 1876
f 1863 1876 1864
f 1864 1876 1877
f 1864 1877 1865
f 1865 1877 1878
f 1865 1878 1866
f 1866 1878 1867
f 1866 1867 1855
f 1867 1879 1880
f 1867 1880 1868
f 1868 1880 1881
f 1868 1881 1869
f 1869 1881 1882
f 1869 1882 1870
f 1870 1882 1883
f 1870 1883 1871
f 1871 1883 1884
f 1871 1884 1872
f 1872 1884 1885
f 1872 1885 1873
f 1873 1885 1886
f 1873 1886 1874
f 1874 1886 1887
f 1874 1887 1875
f 1875 1887 1888
f 1875 1888 1876
f 1876 1888 1889
f 1876 1889 1877
f 1877 1889 1890
f 1877 1890 1878
f 1878 1890 1879
f 1878 1879 1867
f 1879 1891 1892
f 1879 1892 1880
f 1880 1892 1893
f 1880 1893 1881
f 1881 1893 1894
f 1881 1894 1882
f 1882 1894 1895
f 1882 1895 1883
f 1883 1895 1896
f 1883 1896 1884
f 1884 1896 1897
f 1884 1897 1885
f 1885 1897 1898
f 1885 1898 1886
f 1886 1898 1899
f 1886 1899 1887
f 1887 1899 1900
f 1887 1900 1888
f 1888 1900 1901
f 1888 1901 1889
f 1889 1901 1902
f 1889 1902 1890
f 1890 1902 1891
f 1890 1891 1879
f 1891 1903 1904
f 1891 1904 1892
f 1892 1904 1905
f 1892 1905 1893
f 1893 1905 1906
f 1893 1906 1894
f 1894 1906 1907
f 1894 1907 1895
f 1895 1907 1908
f 1895 1908 1896
f 1896 1908 1909
f 1896 1909 1897
f 1897 1909 1910
f 1897 1910 1898
f 1898 1910 1911
f 1898 1911 1899
f 1899 1911 1912
f 1899 1912 1900
f 1900 1912 1913
f 1900 1913 1901
f 1901 1913 1914
f 1901 1914 1902
f 1902 1914 1903
f 1902 1903 1891
f 1903 1915 1916
f 1903 1916 1904
f 1904 1916 1917
f 1904 1917 1905
f 1905 1917 1918
f 1905 1918 1906
f 1906 1918 1919
f 1906 1919 1907
f 1907 1919 1920
f 1907 1920 1908
f 1908 1920 1921
f 1908 1921 1909
f 1909 1921 1922
f 1909 1922 1910
f 1910 1922 1923
f 1910 1923 1911
f 1911 1923 1924
f 1911 1924 1912
f 1912 1924 1925
f 1912 1925 1913
f 1913 1925 1926
f 1913 1926 1914
f 1914 1926 1915
f 1914 1915 1903
f 1915 1927 1928
f 1915 1928 1916
f 1916 1928 1929
f 1916 1929 1917
f 1917 1929 1930
f 1917 1930 1918
f 1918 1930 1931
f 1918 1931 1919
f 1919 1931 1932
f 1919 1932 1920
f 1920 1932 1933
f 1920 1933 1921
f 1921 1933 1934
f 1921 1934 1922
f 1922 1934 1935
f 1922 1935 1923
f 1923 1935 1936
f 1923 1936 1924
f 1924 1936 1937
f 1924 1937 1925
f 1925 1937 1938
f 1925 1938 1926
f 1926 1938 1927
f 1926 1927 1915
f 1927 1939 1940
f 1927 1940 1928
f 1928 1940 1941
f 1928 1941 1929
f 1929 1941 1942
f 1929 1942 1930
f 1930 1942 1943
f 1930 1943 1931
f 1931 1943 1944
f 1931 1944 1932
f 1932 1944 1945
f 1932 1945 1933
f 1933 1945 1946
f 1933 1946 1934
f 1934 1946 1947
f 1934 1947 1935
f 1935 1947 1948
f 1935 1948 1936
f 1936 1948 1949
f 1936 1949 1937
f 1937 1949 1950
f 1937 1950 1938
f 1938 1950 1939
f 1938 1939 1927
f 1939 799 800
f 1939 800 1940
f 1940 800 801
f 1940 801 1941
f 1941 801 802
f 1941 802 1942
f 1942 802 803
f 1942 803 1943
f 1943 803 804
f 1943 804 1944
f 1944 804 805
f 1944 805 1945
f 1945 805 806
f 1945 806 1946
f 1946 806 807
f 1946 807 1947
f 1947 807 808
f 1947 808 1948
f 1948 808 809
f 1948 809 1949
f 1949 809 810
f 1949 810 1950
f 1950 810 799
f 1950 799 1939
v -0.0064721 -0.4047023 -0.0200000
v -0.0024721 -0.4076084 -0.0200000
v 0.0024721 -0.4076084 -0.0200000
v 0.0064721 -0.4047023 -0.0200000
v 0.0080000 -0.4000000 -0.0200000
v 0.0064721 -0.3952977 -0.0200000
v 0.0024721 -0.3923916 -0.0200000
v -0.0024721 -0.3923916 -0.0200000
v -0.0064721 -0.3952977 -0.0200000
v -0.0080000 -0.4000000 -0.0200000
v -0.0064721 -0.4652977 -0.1650000
v -0.0024721 -0.4623916 -0.1650000
v 0.0024721 -0.4623916 -0.1650000
v 0.0064721 -0.4652977 -0.1650000
v 0.0080000 -0.4700000 -0.1650000
v 0.0064721 -0.4747023 -0.1650000
v 0.0024721 -0.4776084 -0.1650000
v -0.0024721 -0.4776084 -0.1650000
v -0.0064721 -0.4747023 -0.1650000
v -0.0080000 -0.4700000 -0.1650000
v -0.0064721 -0.4652977 -0.1650000
v -0.0024721 -0.4623916 -0.1650000
v 0.0024721 -0.4623916 -0.1650000
v 0.0064721 -0.4652977 -0.1650000
v 0.0080000 -0.4700000 -0.1650000
v 0.0064721 -0.4747023 -0.1650000
v 0.0024721 -0.4776084 -0.1650000
v -0.0024721 -0.4776084 -0.1650000
v -0.0064721 -0.4747023 -0.1650000
v -0.0080000 -0.4700000 -0.1650000
v -0.0064721 -0.4666750 -0.1866750
v -0.0024721 -0.4646200 -0.1846200
v 0.0024721 -0.4646200 -0.1846200
v 0.0064721 -0.4666750 -0.1866750
v 0.0080000 -0.4700000 -0.1900000
v 0.0064721 -0.4733250 -0.1933250
v 0.0024721 -0.4753800 -0.1953800
v -0.0024721 -0.4753800 -0.1953800
v -0.0064721 -0.4733250 -0.1933250
v -0.0080000 -0.4700000 -0.1900000
v -0.0064721 -0.4033250 -0.1866750
v -0.0024721 -0.4053800 -0.1846200
v 0.0024721 -0.4053800 -0.1846200
v 0.0064721 -0.4033250 -0.1866750
v 0.0080000 -0.4000000 -0.1900000
v 0.0064721 -0.3966750 -0.1933250
v 0.0024721 -0.3946200 -0.1953800
v -0.0024721 -0.3946200 -0.1953800
v -0.0064721 -0.3966750 -0.1933250
v -0.0080000 -0.4000000 -0.1900000
v -0.0064721 -0.4047023 -0.0200000
v -0.0024721 -0.4076084 -0.0200000
v 0.0024721 -0.4076084 -0.0200000
v 0.0064721 -0.4047023 -0.0200000
v 0.0080000 -0.4000000 -0.0200000
v 0.0064721 -0.3952977 -0.0200000
v 0.0024721 -0.3923916 -0.0200000
v -0.0024721 -0.3923916 -0.0200000
v -0.0064721 -0.3952977 -0.0200000
v -0.0080000 -0.4000000 -0.0200000
f 1959 1957 1958
f 1959 1956 1957
f 1960 1956 1959
f 1960 1955 1956
f 1951 1955 1960
f 1951 1954 1955
f 1952 1954 1951
f 1952 1953 1954
f 1966 1968 1967
f 1966 1969 1968
f 1965 1969 1966
f 1965 1970 1969
f 1964 1970 1965
f 1964 1961 1970
f 1963 1961 1964
f 1963 1962 1961
f 1971 1981 1990
f 1971 1990 1980
f 1972 1982 1981
f 1972 1981 1971
f 1973 1983 1982
f 1973 1982 1972
f 1974 1984 1983
f 1974 1983 1973
f 1975 1985 1984
f 1975 1984 1974
f 1976 1986 1985
f 1976 1985 1975
f 1977 1987 1986
f 1977 1986 1976
f 1978 1988 1987
f 1978 1987 1977
f 1979 1989 1988
f 1979 1988 1978
f 1980 1990 1989
f 1980 1989 1979
f 1981 1991 2000
f 1981 2000 1990
f 1982 1992 1991
f 1982 1991 1981
f 1983 1993 1992
f 1983 1992 1982
f 1984 1994 1993
f 1984 1993 1983
f 1985 1995 1994
f 1985 1994 1984
f 1986 1996 1995
f 1986 1995 1985
f 1987 1997 1996
f 1987 1996 1986
f 1988 1998 1997
f 1988 1997 1987
f 1989 1999 1998
f 1989 1998 1988
f 1990 2000 1999
f 1990 1999 1989
f 1991 2001 2010
f 1991 2010 2000
f 1992 2002 2001
f 1992 2001 1991
f 1993 2003 2002
f 1993 2002 1992
f 1994 2004 2003
f 1994 2003 1993
f 1995 2005 2004
f 1995 2004 1994
f 1996 2006 2005
f 1996 2005 1995
f 1997 2007 2006
f 1997 2006 1996
f 1998 2008 2007
f 1998 2007 1997
f 1999 2009 2008
f 1999 2008 1998
f 2000 2010 2009
f 2000 2009 1999
v 0.6286926 0.6048541 -0.0483744
v 0.6280823 0.6018541 -0.0462819
v 0.6280823 0.5981459 -0.0462819
v 0.6286926 0.5951459 -0.0483744
v 0.6296800 0.5940000 -0.0517600
v 0.6306675 0.5951459 -0.0551456
v 0.6312778 0.5981459 -0.0572381
v 0.6312778 0.6018541 -0.0572381
v 0.6306675 0.6048541 -0.0551456
v 0.6296800 0.6060000 -0.0517600
v 0.6284631 0.6048541 -0.0484499
v 0.6277110 0.6018541 -0.0464041
v 0.6277110 0.5981459 -0.0464041
v 0.6284631 0.5951459 -0.0484499
v 0.6296800 0.5940000 -0.0517600
v 0.6308970 0.5951459 -0.0550701
v 0.6316491 0.5981459 -0.0571159
v 0.6316491 0.6018541 -0.0571159
v 0.6308970 0.6048541 -0.0550701
v 0.6296800 0.6060000 -0.0517600
v 0.6284631 0.6048541 -0.0484499
v 0.6277110 0.6018541 -0.0464041
v 0.6277110 0.5981459 -0.0464041
v 0.6284631 0.5951459 -0.0484499
v 0.6296800 0.5940000 -0.0517600
v 0.6308970 0.5951459 -0.0550701
v 0.6316491 0.5981459 -0.0571159
v 0.6316491 0.6018541 -0.0571159
v 0.6308970 0.6048541 -0.0550701
v 0.6296800 0.6060000 -0.0517600
v 0.6418602 0.6048541 -0.0435334
v 0.6409699 0.6018541 -0.0415439
v 0.6409699 0.5981459 -0.0415439
v 0.6418602 0.5951459 -0.0435334
v 0.6433009 0.5940000 -0.0467525
v 0.6447415 0.5951459 -0.0499715
v 0.6456319 0.5981459 -0.0519610
v 0.6456319 0.6018541 -0.0519610
v 0.6447415 0.6048541 -0.0499715
v 0.6433009 0.6060000 -0.0467525
v 0.6542433 0.6048541 -0.0369393
v 0.6530895 0.6018541 -0.0350901
v 0.6530895 0.5981459 -0.0350901
v 0.6542433 0.5951459 -0.0369393
v 0.6561101 0.5940000 -0.0399314
v 0.6579769 0.5951459 -0.0429235
v 0.6591307 0.5981459 -0.0447727
v 0.6591307 0.6018541 -0.0447727
v 0.6579769 0.6048541 -0.0429235
v 0.6561101 0.6060000 -0.0399314
v 0.6656096 0.6048541 -0.0287157
v 0.6642141 0.6018541 -0.0270414
v 0.6642141 0.5981459 -0.0270414
v 0.6656096 0.5951459 -0.0287157
v 0.6678676 0.5940000 -0.0314247
v 0.6701256 0.5951459 -0.0341338
v 0.6715211 0.5981459 -0.0358081
v 0.6715211 0.6018541 -0.0358081
v 0.6701256 0.6048541 -0.0341338
v 0.6678676 0.6060000 -0.0314247
v 0.6757462 0.6048541 -0.0190166
v 0.6741351 0.6018541 -0.0175486
v 0.6741351 0.5981459 -0.0175486
v 0.6757462 0.5951459 -0.0190166
v 0.6783531 0.5940000 -0.0213919
v 0.6809599 0.5951459 -0.0237671
v 0.6825711 0.5981459 -0.0252351
v 0.6825711 0.6018541 -0.0252351
v 0.6809599 0.6048541 -0.0237671
v 0.6783531 0.6060000 -0.0213919
v 0.6844630 0.6048541 -0.0080239
v 0.6826665 0.6018541 -0.0067897
v 0.6826665 0.5981459 -0.0067897
v 0.6844630 0.5951459 -0.0080239
v 0.6873699 0.5940000 -0.0100209
v 0.6902767 0.5951459 -0.0120178
v 0.6920733 0.5981459 -0.0132520
v 0.6920733 0.6018541 -0.0132520
v 0.6902767 0.6048541 -0.0120178
v 0.6873699 0.6060000 -0.0100209
v 0.6915967 0.6048541 0.0040563
v 0.6896484 0.6018541 0.0050336
v 0.6896484 0.5981459 0.0050336
v 0.6915967 0.5951459 0.0040563
v 0.6947491 0.5940000 0.0024751
v 0.6979015 0.5951459 0.0008940
v 0.6998498 0.5981459 -0.0000833
v 0.6998498 0.6018541 -0.0000833
v 0.6979015 0.6048541 0.0008940
v 0.6947491 0.6060000 0.0024751
v 0.6970136 0.6048541 0.0169978
v 0.6949500 0.6018541 0.0176997
v 0.6949500 0.5981459 0.0176997
v 0.6970136 0.5951459 0.0169978
v 0.7003524 0.5940000 0.0158619
v 0.7036912 0.5951459 0.0147261
v 0.7057547 0.5981459 0.0140241
v 0.7057547 0.6018541 0.0140241
v 0.7036912 0.6048541 0.0147261
v 0.7003524 0.6060000 0.0158619
v 0.7006120 0.6048541 0.0305578
v 0.6984720 0.6018541 0.0309713
v 0.6984720 0.5981459 0.0309713
v 0.7006120 0.5951459 0.0305578
v 0.7040747 0.5940000 0.0298886
v 0.7075374 0.5951459 0.0292195
v 0.7096774 0.5981459 0.0288060
v 0.7096774 0.6018541 0.0288060
v 0.7075374 0.6048541 0.0292195
v 0.7040747 0.6060000 0.0298886
v 0.7023246 0.6048541 0.0444821
v 0.7001482 0.6018541 0.0445995
v 0.7001482 0.5981459 0.0445995
v 0.7023246 0.5951459 0.0444821
v 0.7058463 0.5940000 0.0442922
v 0.7093679 0.5951459 0.0441023
v 0.7115443 0.5981459 0.0439849
v 0.7115443 0.6018541 0.0439849
v 0.7093679 0.6048541 0.0441023
v 0.7058463 0.6060000 0.0442922
v 0.7021194 0.6048541 0.0585099
v 0.6999472 0.6018541 0.0583289
v 0.6999472 0.5981459 0.0583289
v 0.7021194 0.5951459 0.0585099
v 0.7056339 0.5940000 0.0588028
v 0.7091484 0.5951459 0.0590957
v 0.7113205 0.5981459 0.0592768
v 0.7113205 0.6018541 0.0592768
v 0.7091484 0.6048541 0.0590957
v 0.7056339 0.6060000 0.0588028
v 0.7000000 0.6048541 0.0723783
v 0.6978729 0.6018541 0.0719023
v 0.6978729 0.5981459 0.0719023
v 0.7000000 0.5951459 0.0723783
v 0.7034416 0.5940000 0.0731484
v 0.7068831 0.5951459 0.0739186
v 0.7090102 0.5981459 0.0743946
v 0.7090102 0.6018541 0.0743946
v 0.7068831 0.6048541 0.0739186
v 0.7034416 0.6060000 0.0731484
v 0.6960062 0.6048541 0.0858271
v 0.6939641 0.6018541 0.0850651
v 0.6939641 0.5981459 0.0850651
v 0.6960062 0.5951459 0.0858271
v 0.6993104 0.5940000 0.0870602
v 0.7026145 0.5951459 0.0882932
v 0.7046566 0.5981459 0.0890552
v 0.7046566 0.6018541 0.0890552
v 0.7026145 0.6048541 0.0882932
v 0.6993104 0.6060000 0.0870602
v 0.6902130 0.6048541 0.0986045
v 0.6882942 0.6018541 0.0975707
v 0.6882942 0.5981459 0.0975707
v 0.6902130 0.5951459 0.0986045
v 0.6933178 0.5940000 0.1002772
v 0.6964225 0.5951459 0.1019500
v 0.6983414 0.5981459 0.1029838
v 0.6983414 0.6018541 0.1029838
v 0.6964225 0.6048541 0.1019500
v 0.6933178 0.6060000 0.1002772
v 0.6827288 0.6048541 0.1104708
v 0.6809692 0.6018541 0.1091846
v 0.6809692 0.5981459 0.1091846
v 0.6827288 0.5951459 0.1104708
v 0.6855760 0.5940000 0.1125520
v 0.6884232 0.5951459 0.1146331
v 0.6901829 0.5981459 0.1159194
v 0.6901829 0.6018541 0.1159194
v 0.6884232 0.6048541 0.1146331
v 0.6855760 0.6060000 0.1125520
v 0.6736941 0.6048541 0.1212037
v 0.6721266 0.6018541 0.1196892
v 0.6721266 0.5981459 0.1196892
v 0.6736941 0.5951459 0.1212037
v 0.6762303 0.5940000 0.1236542
v 0.6787665 0.5951459 0.1261048
v 0.6803340 0.5981459 0.1276193
v 0.6803340 0.6018541 0.1276193
v 0.6787665 0.6048541 0.1261048
v 0.6762303 0.6060000 0.1236542
v 0.6632780 0.6048541 0.1306019
v 0.6619321 0.6018541 0.1288875
v 0.6619321 0.5981459 0.1288875
v 0.6632780 0.5951459 0.1306019
v 0.6654558 0.5940000 0.1333759
v 0.6676335 0.5951459 0.1361499
v 0.6689795 0.5981459 0.1378644
v 0.6689795 0.6018541 0.1378644
v 0.6676335 0.6048541 0.1361499
v 0.6654558 0.6060000 0.1333759
v 0.6516758 0.6048541 0.1384895
v 0.6505767 0.6018541 0.1366073
v 0.6505767 0.5981459 0.1366073
v 0.6516758 0.5951459 0.1384895
v 0.6534543 0.5940000 0.1415349
v 0.6552328 0.5951459 0.1445804
v 0.6563320 0.5981459 0.1464626
v 0.6563320 0.6018541 0.1464626
v 0.6552328 0.6048541 0.1445804
v 0.6534543 0.6060000 0.1415349
v 0.6391051 0.6048541 0.1447183
v 0.6382734 0.6018541 0.1427037
v 0.6382734 0.5981459 0.1427037
v 0.6391051 0.5951459 0.1447183
v 0.6404510 0.5940000 0.1479782
v 0.6417968 0.5951459 0.1512380
v 0.6426286 0.5981459 0.1532527
v 0.6426286 0.6018541 0.1532527
v 0.6417968 0.6048541 0.1512380
v 0.6404510 0.6060000 0.1479782
v 0.6258014 0.6048541 0.1491719
v 0.6252527 0.6018541 0.1470625
v 0.6252527 0.5981459 0.1470625
v 0.6258014 0.5951459 0.1491719
v 0.6266894 0.5940000 0.1525850
v 0.6275774 0.5951459 0.1559981
v 0.6281262 0.5981459 0.1581075
v 0.6281262 0.6018541 0.1581075
v 0.6275774 0.6048541 0.1559981
v 0.6266894 0.6060000 0.1525850
v 0.6118944 0.6048541 0.1517828
v 0.6115649 0.6018541 0.1496282
v 0.6115649 0.5981459 0.1496282
v 0.6118944 0.5951459 0.1517828
v 0.6124276 0.5940000 0.1552690
v 0.6129608 0.5951459 0.1587551
v 0.6132903 0.5981459 0.1609097
v 0.6132903 0.6018541 0.1609097
v 0.6129608 0.6048541 0.1587551
v 0.6124276 0.6060000 0.1552690
v 0.0262026 0.6048541 0.2209270
v 0.0260209 0.6018541 0.2187549
v 0.0260209 0.5981459 0.2187549
v 0.0262026 0.5951459 0.2209269
v 0.0264965 0.5940000 0.2244414
v 0.0267905 0.5951459 0.2279559
v 0.0269722 0.5981459 0.2301279
v 0.0269722 0.6018541 0.2301279
v 0.0267905 0.6048541 0.2279559
v 0.0264965 0.6060000 0.2244414
v -0.0041720 0.6048541 0.2224342
v -0.0041311 0.6018541 0.2202549
v -0.0041311 0.5981459 0.2202549
v -0.0041720 0.5951459 0.2224342
v -0.0042381 0.5940000 0.2259603
v -0.0043042 0.5951459 0.2294863
v -0.0043451 0.5981459 0.2316656
v -0.0043451 0.6018541 0.2316656
v -0.0043042 0.6048541 0.2294863
v -0.0042381 0.6060000 0.2259603
v -0.0343496 0.6048541 0.2198055
v -0.0340131 0.6018541 0.2176521
v -0.0340131 0.5981459 0.2176521
v -0.0343496 0.5951459 0.2198055
v -0.0348941 0.5940000 0.2232900
v -0.0354387 0.5951459 0.2267744
v -0.0357752 0.5981459 0.2289279
v -0.0357752 0.6018541 0.2289279
v -0.0354387 0.6048541 0.2267744
v -0.0348941 0.6060000 0.2232900
v -0.0638905 0.6048541 0.2131018
v -0.0632645 0.6018541 0.2110140
v -0.0632645 0.5981459 0.2110140
v -0.0638905 0.5951459 0.2131018
v -0.0649033 0.5940000 0.2164800
v -0.0659161 0.5951459 0.2198581
v -0.0665421 0.5981459 0.2219459
v -0.0665421 0.6018541 0.2219459
v -0.0659161 0.6048541 0.2198581
v -0.0649033 0.6060000 0.2164800
v -0.0922468 0.6048541 0.2024472
v -0.0913431 0.6018541 0.2004638
v -0.0913431 0.5981459 0.2004638
v -0.0922468 0.5951459 0.2024472
v -0.0937092 0.5940000 0.2056565
v -0.0951715 0.5951459 0.2088657
v -0.0960753 0.5981459 0.2108492
v -0.0960753 0.6018541 0.2108492
v -0.0951715 0.6048541 0.2088657
v -0.0937092 0.6060000 0.2056565
v -0.1188930 0.6048541 0.1880394
v -0.1177281 0.6018541 0.1861971
v -0.1177281 0.5981459 0.1861971
v -0.1188930 0.5951459 0.1880394
v -0.1207777 0.5940000 0.1910203
v -0.1226624 0.5951459 0.1940011
v -0.1238272 0.5981459 0.1958434
v -0.1238272 0.6018541 0.1958434
v -0.1226624 0.6048541 0.1940011
v -0.1207777 0.6060000 0.1910203
v -0.1433349 0.6048541 0.1701455
v -0.1419306 0.6018541 0.1684785
v -0.1419306 0.5981459 0.1684785
v -0.1433349 0.5951459 0.1701455
v -0.1456071 0.5940000 0.1728426
v -0.1478793 0.5951459 0.1755398
v -0.1492836 0.5981459 0.1772068
v -0.1492836 0.6018541 0.1772068
v -0.1478793 0.6048541 0.1755398
v -0.1456071 0.6060000 0.1728426
v -0.1651195 0.6048541 0.1490971
v -0.1635017 0.6018541 0.1476363
v -0.1635017 0.5981459 0.1476363
v -0.1651195 0.5951459 0.1490971
v -0.1677370 0.5940000 0.1514606
v -0.1703545 0.5951459 0.1538241
v -0.1719722 0.5981459 0.1552849
v -0.1719722 0.6018541 0.1552849
v -0.1703545 0.6048541 0.1538241
v -0.1677370 0.6060000 0.1514606
v -0.1838428 0.6048541 0.1252845
v -0.1820416 0.6018541 0.1240571
v -0.1820416 0.5981459 0.1240571
v -0.1838428 0.5951459 0.1252845
v -0.1867571 0.5940000 0.1272705
v -0.1896714 0.5951459 0.1292565
v -0.1914726 0.5981459 0.1304840
v -0.1914726 0.6018541 0.1304840
v -0.1896714 0.6048541 0.1292565
v -0.1867571 0.6060000 0.1272705
v -0.1991577 0.6048541 0.0991492
v -0.1972065 0.6018541 0.0981777
v -0.1972065 0.5981459 0.0981777
v -0.1991577 0.5951459 0.0991492
v -0.2023149 0.5940000 0.1007209
v -0.2054720 0.5951459 0.1022926
v -0.2074232 0.5981459 0.1032640
v -0.2074232 0.6018541 0.1032640
v -0.2054720 0.6048541 0.1022926
v -0.2023149 0.6060000 0.1007209
v -0.2107804 0.6048541 0.0711757
v -0.2087153 0.6018541 0.0704784
v -0.2087153 0.5981459 0.0704784
v -0.2107804 0.5951459 0.0711757
v -0.2141218 0.5940000 0.0723040
v -0.2174631 0.5951459 0.0734323
v -0.2195282 0.5981459 0.0741296
v -0.2195282 0.6018541 0.0741296
v -0.2174631 0.6048541 0.0734323
v -0.2141218 0.6060000 0.0723040
v -0.2184953 0.6048541 0.0418826
v -0.2163547 0.6018541 0.0414723
v -0.2163547 0.5981459 0.0414723
v -0.2184953 0.5951459 0.0418826
v -0.2219590 0.5940000 0.0425466
v -0.2254226 0.5951459 0.0432105
v -0.2275633 0.5981459 0.0436208
v -0.2275633 0.6018541 0.0436208
v -0.2254226 0.6048541 0.0432105
v -0.2219590 0.6060000 0.0425466
v -0.2221594 0.6048541 0.0118131
v -0.2199829 0.6018541 0.0116974
v -0.2199829 0.5981459 0.0116974
v -0.2221594 0.5951459 0.0118131
v -0.2256812 0.5940000 0.0120004
v -0.2292029 0.5951459 0.0121877
v -0.2313795 0.5981459 0.0123034
v -0.2313795 0.6018541 0.0123034
v -0.2292029 0.6048541 0.0121877
v -0.2256812 0.6060000 0.0120004
v -0.2217048 0.6048541 -0.0184754
v -0.2195327 0.6018541 -0.0182944
v -0.2195327 0.5981459 -0.0182944
v -0.2217048 0.5951459 -0.0184754
v -0.2252193 0.5940000 -0.0187683
v -0.2287339 0.5951459 -0.0190611
v -0.2309060 0.5981459 -0.0192422
v -0.2309060 0.6018541 -0.0192422
v -0.2287339 0.6048541 -0.0190611
v -0.2252193 0.6060000 -0.0187683
v -0.2171399 0.6048541 -0.0484214
v -0.2150125 0.6018541 -0.0479470
v -0.2150125 0.5981459 -0.0479470
v -0.2171399 0.5951459 -0.0484214
v -0.2205821 0.5940000 -0.0491890
v -0.2240242 0.5951459 -0.0499566
v -0.2261516 0.5981459 -0.0504310
v -0.2261516 0.6018541 -0.0504310
v -0.2240242 0.6048541 -0.0499566
v -0.2205821 0.6060000 -0.0491890
v -0.2085493 0.6048541 -0.0774697
v -0.2065061 0.6018541 -0.0767107
v -0.2065061 0.5981459 -0.0767107
v -0.2085493 0.5951459 -0.0774697
v -0.2118553 0.5940000 -0.0786978
v -0.2151613 0.5951459 -0.0799259
v -0.2172045 0.5981459 -0.0806849
v -0.2172045 0.6018541 -0.0806849
v -0.2151613 0.6048541 -0.0799259
v -0.2118553 0.6060000 -0.0786978
v -0.1960923 0.6048541 -0.1050818
v -0.1941711 0.6018541 -0.1040522
v -0.1941711 0.5981459 -0.1040522
v -0.1960923 0.5951459 -0.1050818
v -0.1992008 0.5940000 -0.1067475
v -0.2023093 0.5951459 -0.1084133
v -0.2042305 0.5981459 -0.1094428
v -0.2042305 0.6018541 -0.1094428
v -0.2023093 0.6048541 -0.1084133
v -0.1992008 0.6060000 -0.1067475
v -0.1799998 0.6048541 -0.1307457
v -0.1782363 0.6018541 -0.1294647
v -0.1782363 0.5981459 -0.1294647
v -0.1799998 0.5951459 -0.1307457
v -0.1828533 0.5940000 -0.1328183
v -0.1857067 0.5951459 -0.1348909
v -0.1874702 0.5981459 -0.1361718
v -0.1874702 0.6018541 -0.1361718
v -0.1857067 0.6048541 -0.1348909
v -0.1828533 0.6060000 -0.1328183
v -0.1605703 0.6048541 -0.1539856
v -0.1589971 0.6018541 -0.1524769
v -0.1589971 0.5981459 -0.1524769
v -0.1605703 0.5951459 -0.1539856
v -0.1631157 0.5940000 -0.1564266
v -0.1656611 0.5951459 -0.1588676
v -0.1672342 0.5981459 -0.1603763
v -0.1672342 0.6018541 -0.1603763
v -0.1656611 0.6048541 -0.1588676
v -0.1631157 0.6060000 -0.1564266
v -0.1381638 0.6048541 -0.1743707
v -0.1368102 0.6018541 -0.1726623
v -0.1368102 0.5981459 -0.1726623
v -0.1381638 0.5951459 -0.1743707
v -0.1403540 0.5940000 -0.1771348
v -0.1425442 0.5951459 -0.1798990
v -0.1438978 0.5981459 -0.1816074
v -0.1438978 0.6018541 -0.1816074
v -0.1425442 0.6048541 -0.1798990
v -0.1403540 0.6060000 -0.1771348
v -0.1131958 0.6048541 -0.1915230
v -0.1120868 0.6018541 -0.1896466
v -0.1120868 0.5981459 -0.1896466
v -0.1131958 0.5951459 -0.1915230
v -0.1149903 0.5940000 -0.1945591
v -0.1167847 0.5951459 -0.1975952
v -0.1178937 0.5981459 -0.1994716
v -0.1178937 0.6018541 -0.1994716
v -0.1167847 0.6048541 -0.1975952
v -0.1149903 0.6060000 -0.1945591
v -0.0861293 0.6048541 -0.2051246
v -0.0852855 0.6018541 -0.2031149
v -0.0852855 0.5981459 -0.2031149
v -0.0861293 0.5951459 -0.2051246
v -0.0874946 0.5940000 -0.2083763
v -0.0888600 0.5951459 -0.2116280
v -0.0897038 0.5981459 -0.2136377
v -0.0897038 0.6018541 -0.2136377
v -0.0888600 0.6048541 -0.2116280
v -0.0874946 0.6060000 -0.2083763
v -0.0574659 0.6048541 -0.2149233
v -0.0569029 0.6018541 -0.2128176
v -0.0569029 0.5981459 -0.2128176
v -0.0574659 0.5951459 -0.2149233
v -0.0583769 0.5940000 -0.2183303
v -0.0592879 0.5951459 -0.2217374
v -0.0598509 0.5981459 -0.2238430
v -0.0598509 0.6018541 -0.2238430
v -0.0592879 0.6048541 -0.2217374
v -0.0583769 0.6060000 -0.2183303
v -0.0277372 0.6048541 -0.2207374
v -0.0274655 0.6018541 -0.2185748
v -0.0274655 0.5981459 -0.2185748
v -0.0277372 0.5951459 -0.2207374
v -0.0281769 0.5940000 -0.2242366
v -0.0286166 0.5951459 -0.2277358
v -0.0288884 0.5981459 -0.2298984
v -0.0288884 0.6018541 -0.2298984
v -0.0286166 0.6048541 -0.2277358
v -0.0281769 0.6060000 -0.2242366
v 0.0025058 0.6048541 -0.2224592
v 0.0024812 0.6018541 -0.2202797
v 0.0024812 0.5981459 -0.2202797
v 0.0025058 0.5951459 -0.2224592
v 0.0025455 0.5940000 -0.2259856
v 0.0025852 0.5951459 -0.2295121
v 0.0026098 0.5981459 -0.2316916
v 0.0026098 0.6018541 -0.2316916
v 0.0025852 0.6048541 -0.2295121
v 0.0025455 0.6060000 -0.2259856
v 0.0327023 0.6048541 -0.2200567
v 0.0323819 0.6018541 -0.2179007
v 0.0323819 0.5981459 -0.2179007
v 0.0327023 0.5951459 -0.2200567
v 0.0332207 0.5940000 -0.2235450
v 0.0337391 0.5951459 -0.2270334
v 0.0340595 0.5981459 -0.2291894
v 0.0340595 0.6018541 -0.2291894
v 0.0337391 0.6048541 -0.2270334
v 0.0332207 0.6060000 -0.2235450
v 0.0624084 0.6048541 -0.2135427
v 0.0618697 0.6018541 -0.2114307
v 0.0618697 0.5981459 -0.2114307
v 0.0624084 0.5951459 -0.2135427
v 0.0632800 0.5940000 -0.2169600
v 0.0641516 0.5951459 -0.2203773
v 0.0646903 0.5981459 -0.2224893
v 0.0646903 0.6018541 -0.2224893
v 0.0641516 0.6048541 -0.2203773
v 0.0632800 0.6060000 -0.2169600
v 0.6286926 0.6048541 -0.0483744
v 0.6280823 0.6018541 -0.0462819
v 0.6280823 0.5981459 -0.0462819
v 0.6286926 0.5951459 -0.0483744
v 0.6296800 0.5940000 -0.0517600
v 0.6306675 0.5951459 -0.0551456
v 0.6312778 0.5981459 -0.0572381
v 0.6312778 0.6018541 -0.0572381
v 0.6306675 0.6048541 -0.0551456
v 0.6296800 0.6060000 -0.0517600
f 2019 2017 2018
f 2019 2016 2017
f 2020 2016 2019
f 2020 2015 2016
f 2011 2015 2020
f 2011 2014 2015
f 2012 2014 2011
f 2012 2013 2014
f 2026 2028 2027
f 2026 2029 2028
f 2025 2029 2026
f 2025 2030 2029
f 2024 2030 2025
f 2024 2021 2030
f 2023 2021 2024
f 2023 2022 2021
f 2031 2041 2050
f 2031 2050 2040
f 2032 2042 2041
f 2032 2041 2031
f 2033 2043 2042
f 2033 2042 2032
f 2034 2044 2043
f 2034 2043 2033
f 2035 2045 2044
f 2035 2044 2034
f 2036 2046 2045
f 2036 2045 2035
f 2037 2047 2046
f 2037 2046 2036
f 2038 2048 2047
f 2038 2047 2037
f 2039 2049 2048
f 2039 2048 2038
f 2040 2050 2049
f 2040 2049 2039
f 2041 2051 2060
f 2041 2060 2050
f 2042 2052 2051
f 2042 2051 2041
f 2043 2053 2052
f 2043 2052 2042
f 2044 2054 2053
f 2044 2053 2043
f 2045 2055 2054
f 2045 2054 2044
f 2046 2056 2055
f 2046 2055 2045
f 2047 2057 2056
f 2047 2056 2046
f 2048 2058 2057
f 2048 2057 2047
f 2049 2059 2058
f 2049 2058 2048
f 2050 2060 2059
f 2050 2059 2049
f 2051 2061 2070
f 2051 2070 2060
f 2052 2062 2061
f 2052 2061 2051
f 2053 2063 2062
f 2053 2062 2052
f 2054 2064 2063
f 2054 2063 2053
f 2055 2065 2064
f 2055 2064 2054
f 2056 2066 2065
f 2056 2065 2055
f 2057 2067 2066
f 2057 2066 2056
f 2058 2068 2067
f 2058 2067 2057
f 2059 2069 2068
f 2059 2068 2058
f 2060 2070 2069
f 2060 2069 2059
f 2061 2071 2080
f 2061 2080 2070
f 2062 2072 2071
f 2062 2071 2061
f 2063 2073 2072
f 2063 2072 2062
f 2064 2074 2073
f 2064 2073 2063
f 2065 2075 2074
f 2065 2074 2064
f 2066 2076 2075
f 2066 2075 2065
f 2067 2077 2076
f 2067 2076 2066
f 2068 2078 2077
f 2068 2077 2067
f 2069 2079 2078
f 2069 2078 2068
f 2070 2080 2079
f 2070 2079 2069
f 2071 2081 2090
f 2071 2090 2080
f 2072 2082 2081
f 2072 2081 2071
f 2073 2083 2082
f 2073 2082 2072
f 2074 2084 2083
f 2074 2083 2073
f 2075 2085 2084
f 2075 2084 2074
f 2076 2086 2085
f 2076 2085 2075
f 2077 2087 2086
f 2077 2086 2076
f 2078 2088 2087
f 2078 2087 2077
f 2079 2089 2088
f 2079 2088 2078
f 2080 2090 2089
f 2080 2089 2079
f 2081 2091 2100
f 2081 2100 2090
f 2082 2092 2091
f 2082 2091 2081
f 2083 2093 2092
f 2083 2092 2082
f 2084 2094 2093
f 2084 2093 2083
f 2085 2095 2094
f 2085 2094 2084
f 2086 2096 2095
f 2086 2095 2085
f 2087 2097 2096
f 2087 2096 2086
f 2088 2098 2097
f 2088 2097 2087
f 2089 2099 2098
f 2089 2098 2088
f 2090 2100 2099
f 2090 2099 2089
f 2091 2101 2110
f 2091 2110 2100
f 2092 2102 2101
f 2092 2101 2091
f 2093 2103 2102
f 2093 2102 2092
f 2094 2104 2103
f 2094 2103 2093
f 2095 2105 2104
f 2095 2104 2094
f 2096 2106 2105
f 2096 2105 2095
f 2097 2107 2106
f 2097 2106 2096
f 2098 2108 2107
f 2098 2107 2097
f 2099 2109 2108
f 2099 2108 2098
f 2100 2110 2109
f 2100 2109 2099
f 2101 2111 2120
f 2101 2120 2110
f 2102 2112 2111
f 2102 2111 2101
f 2103 2113 2112
f 2103 2112 2102
f 2104 2114 2113
f 2104 2113 2103
f 2105 2115 2114
f 2105 2114 2104
f 2106 2116 2115
f 2106 2115 2105
f 2107 2117 2116
f 2107 2116 2106
f 2108 2118 2117
f 2108 2117 2107
f 2109 2119 2118
f 2109 2118 2108
f 2110 2120 2119
f 2110 2119 2109
f 2111 2121 2130
f 2111 2130 2120
f 2112 2122 2121
f 2112 2121 2111
f 2113 2123 2122
f 2113 2122 2112
f 2114 2124 2123
f 2114 2123 2113
f 2115 2125 2124
f 2115 2124 2114
f 2116 2126 2125
f 2116 2125 2115
f 2117 2127 2126
f 2117 2126 2116
f 2118 2128 2127
f 2118 2127 2117
f 2119 2129 2128
f 2119 2128 2118
f 2120 2130 2129
f 2120 2129 2119
f 2121 2131 2140
f 2121 2140 2130
f 2122 2132 2131
f 2122 2131 2121
f 2123 2133 2132
f 2123 2132 2122
f 2124 2134 2133
f 2124 2133 2123
f 2125 2135 2134
f 2125 2134 2124
f 2126 2136 2135
f 2126 2135 2125
f 2127 2137 2136
f 2127 2136 2126
f 2128 2138 2137
f 2128 2137 2127
f 2129 2139 2138
f 2129 2138 2128
f 2130 2140 2139
f 2130 2139 2129
f 2131 2141 2150
f 2131 2150 2140
f 2132 2142 2141
f 2132 2141 2131
f 2133 2143 2142
f 2133 2142 2132
f 2134 2144 2143
f 2134 2143 2133
f 2135 2145 2144
f 2135 2144 2134
f 2136 2146 2145
f 2136 2145 2135
f 2137 2147 2146
f 2137 2146 2136
f 2138 2148 2147
f 2138 2147 2137
f 2139 2149 2148
f 2139 2148 2138
f 2140 2150 2149
f 2140 2149 2139
f 2141 2151 2160
f 2141 2160 2150
f 2142 2152 2151
f 2142 2151 2141
f 2143 2153 2152
f 2143 2152 2142
f 2144 2154 2153
f 2144 2153 2143
f 2145 2155 2154
f 2145 2154 2144
f 2146 2156 2155
f 2146 2155 2145
f 2147 2157 2156
f 2147 2156 2146
f 2148 2158 2157
f 2148 2157 2147
f 2149 2159 2158
f 2149 2158 2148
f 2150 2160 2159
f 2150 2159 2149
f 2151 2161 2170
f 2151 2170 2160
f 2152 2162 2161
f 2152 2161 2151
f 2153 2163 2162
f 2153 2162 2152
f 2154 2164 2163
f 2154 2163 2153
f 2155 2165 2164
f 2155 2164 2154
f 2156 2166 2165
f 2156 2165 2155
f 2157 2167 2166
f 2157 2166 2156
f 2158 2168 2167
f 2158 2167 2157
f 2159 2169 2168
f 2159 2168 2158
f 2160 2170 2169
f 2160 2169 2159
f 2161 2171 2180
f 2161 2180 2170
f 2162 2172 2171
f 2162 2171 2161
f 2163 2173 2172
f 2163 2172 2162
f 2164 2174 2173
f 2164 2173 2163
f 2165 2175 2174
f 2165 2174 2164
f 2166 2176 2175
f 2166 2175 2165
f 2167 2177 2176
f 2167 2176 2166
f 2168 2178 2177
f 2168 2177 2167
f 2169 2179 2178
f 2169 2178 2168
f 2170 2180 2179
f 2170 2179 2169
f 2171 2181 2190
f 2171 2190 2180
f 2172 2182 2181
f 2172 2181 2171
f 2173 2183 2182
f 2173 2182 2172
f 2174 2184 2183
f 2174 2183 2173
f 2175 2185 2184
f 2175 2184 2174
f 2176 2186 2185
f 2176 2185 2175
f 2177 2187 2186
f 2177 2186 2176
f 2178 2188 2187
f 2178 2187 2177
f 2179 2189 2188
f 2179 2188 2178
f 2180 2190 2189
f 2180 2189 2179
f 2181 2191 2200
f 2181 2200 2190
f 2182 2192 2191
f 2182 2191 2181
f 2183 2193 2192
f 2183 2192 2182
f 2184 2194 2193
f 2184 2193 2183
f 2185 2195 2194
f 2185 2194 2184
f 2186 2196 2195
f 2186 2195 2185
f 2187 2197 2196
f 2187 2196 2186
f 2188 2198 2197
f 2188 2197 2187
f 2189 2199 2198
f 2189 2198 2188
f 2190 2200 2199
f 2190 2199 2189
f 2191 2201 2210
f 2191 2210 2200
f 2192 2202 2201
f 2192 2201 2191
f 2193 2203 2202
f 2193 2202 2192
f 2194 2204 2203
f 2194 2203 2193
f 2195 2205 2204
f 2195 2204 2194
f 2196 2206 2205
f 2196 2205 2195
f 2197 2207 2206
f 2197 2206 2196
f 2198 2208 2207
f 2198 2207 2197
f 2199 2209 2208
f 2199 2208 2198
f 2200 2210 2209
f 2200 2209 2199
f 2201 2211 2220
f 2201 2220 2210
f 2202 2212 2211
f 2202 2211 2201
f 2203 2213 2212
f 2203 2212 2202
f 2204 2214 2213
f 2204 2213 2203
f 2205 2215 2214
f 2205 2214 2204
f 2206 2216 2215
f 2206 2215 2205
f 2207 2217 2216
f 2207 2216 2206
f 2208 2218 2217
f 2208 2217 2207
f 2209 2219 2218
f 2209 2218 2208
f 2210 2220 2219
f 2210 2219 2209
f 2211 2221 2230
f 2211 2230 2220
f 2212 2222 2221
f 2212 2221 2211
f 2213 2223 2222
f 2213 2222 2212
f 2214 2224 2223
f 2214 2223 2213
f 2215 2225 2224
f 2215 2224 2214
f 2216 2226 2225
f 2216 2225 2215
f 2217 2227 2226
f 2217 2226 2216
f 2218 2228 2227
f 2218 2227 2217
f 2219 2229 2228
f 2219 2228 2218
f 2220 2230 2229
f 2220 2229 2219
f 2221 2231 2240
f 2221 2240 2230
f 2222 2232 2231
f 2222 2231 2221
f 2223 2233 2232
f 2223 2232 2222
f 2224 2234 2233
f 2224 2233 2223
f 2225 2235 2234
f 2225 2234 2224
f 2226 2236 2235
f 2226 2235 2225
f 2227 2237 2236
f 2227 2236 2226
f 2228 2238 2237
f 2228 2237 2227
f 2229 2239 2238
f 2229 2238 2228
f 2230 2240 2239
f 2230 2239 2229
f 2231 2241 2250
f 2231 2250 2240
f 2232 2242 2241
f 2232 2241 2231
f 2233 2243 2242
f 2233 2242 2232
f 2234 2244 2243
f 2234 2243 2233
f 2235 2245 2244
f 2235 2244 2234
f 2236 2246 2245
f 2236 2245 2235
f 2237 2247 2246
f 2237 2246 2236
f 2238 2248 2247
f 2238 2247 2237
f 2239 2249 2248
f 2239 2248 2238
f 2240 2250 2249
f 2240 2249 2239
f 2241 2251 2260
f 2241 2260 2250
f 2242 2252 2251
f 2242 2251 2241
f 2243 2253 2252
f 2243 2252 2242
f 2244 2254 2253
f 2244 2253 2243
f 2245 2255 2254
f 2245 2254 2244
f 2246 2256 2255
f 2246 2255 2245
f 2247 2257 2256
f 2247 2256 2246
f 2248 2258 2257
f 2248 2257 2247
f 2249 2259 2258
f 2249 2258 2248
f 2250 2260 2259
f 2250 2259 2249
f 2251 2261 2270
f 2251 2270 2260
f 2252 2262 2261
f 2252 2261 2251
f 2253 2263 2262
f 2253 2262 2252
f 2254 2264 2263
f 2254 2263 2253
f 2255 2265 2264
f 2255 2264 2254
f 2256 2266 2265
f 2256 2265 2255
f 2257 2267 2266
f 2257 2266 2256
f 2258 2268 2267
f 2258 2267 2257
f 2259 2269 2268
f 2259 2268 2258
f 2260 2270 2269
f 2260 2269 2259
f 2261 2271 2280
f 2261 2280 2270
f 2262 2272 2271
f 2262 2271 2261
f 2263 2273 2272
f 2263 2272 2262
f 2264 2274 2273
f 2264 2273 2263
f 2265 2275 2274
f 2265 2274 2264
f 2266 2276 2275
f 2266 2275 2265
f 2267 2277 2276
f 2267 2276 2266
f 2268 2278 2277
f 2268 2277 2267
f 2269 2279 2278
f 2269 2278 2268
f 2270 2280 2279
f 2270 2279 2269
f 2271 2281 2290
f 2271 2290 2280
f 2272 2282 2281
f 2272 2281 2271
f 2273 2283 2282
f 2273 2282 2272
f 2274 2284 2283
f 2274 2283 2273
f 2275 2285 2284
f 2275 2284 2274
f 2276 2286 2285
f 2276 2285 2275
f 2277 2287 2286
f 2277 2286 2276
f 2278 2288 2287
f 2278 2287 2277
f 2279 2289 2288
f 2279 2288 2278
f 2280 2290 2289
f 2280 2289 2279
f 2281 2291 2300
f 2281 2300 2290
f 2282 2292 2291
f 2282 2291 2281
f 2283 2293 2292
f 2283 2292 2282
f 2284 2294 2293
f 2284 2293 2283
f 2285 2295 2294
f 2285 2294 2284
f 2286 2296 2295
f 2286 2295 2285
f 2287 2297 2296
f 2287 2296 2286
f 2288 2298 2297
f 2288 2297 2287
f 2289 2299 2298
f 2289 2298 2288
f 2290 2300 2299
f 2290 2299 2289
f 2291 2301 2310
f 2291 2310 2300
f 2292 2302 2301
f 2292 2301 2291
f 2293 2303 2302
f 2293 2302 2292
f 2294 2304 2303
f 2294 2303 2293
f 2295 2305 2304
f 2295 2304 2294
f 2296 2306 2305
f 2296 2305 2295
f 2297 2307 2306
f 2297 2306 2296
f 2298 2308 2307
f 2298 2307 2297
f 2299 2309 2308
f 2299 2308 2298
f 2300 2310 2309
f 2300 2309 2299
f 2301 2311 2320
f 2301 2320 2310
f 2302 2312 2311
f 2302 2311 2301
f 2303 2313 2312
f 2303 2312 2302
f 2304 2314 2313
f 2304 2313 2303
f 2305 2315 2314
f 2305 2314 2304
f 2306 2316 2315
f 2306 2315 2305
f 2307 2317 2316
f 2307 2316 2306
f 2308 2318 2317
f 2308 2317 2307
f 2309 2319 2318
f 2309 2318 2308
f 2310 2320 2319
f 2310 2319 2309
f 2311 2321 2330
f 2311 2330 2320
f 2312 2322 2321
f 2312 2321 2311
f 2313 2323 2322
f 2313 2322 2312
f 2314 2324 2323
f 2314 2323 2313
f 2315 2325 2324
f 2315 2324 2314
f 2316 2326 2325
f 2316 2325 2315
f 2317 2327 2326
f 2317 2326 2316
f 2318 2328 2327
f 2318 2327 2317
f 2319 2329 2328
f 2319 2328 2318
f 2320 2330 2329
f 2320 2329 2319
f 2321 2331 2340
f 2321 2340 2330
f 2322 2332 2331
f 2322 2331 2321
f 2323 2333 2332
f 2323 2332 2322
f 2324 2334 2333
f 2324 2333 2323
f 2325 2335 2334
f 2325 2334 2324
f 2326 2336 2335
f 2326 2335 2325
f 2327 2337 2336
f 2327 2336 2326
f 2328 2338 2337
f 2328 2337 2327
f 2329 2339 2338
f 2329 2338 2328
f 2330 2340 2339
f 2330 2339 2329
f 2331 2341 2350
f 2331 2350 2340
f 2332 2342 2341
f 2332 2341 2331
f 2333 2343 2342
f 2333 2342 2332
f 2334 2344 2343
f 2334 2343 2333
f 2335 2345 2344
f 2335 2344 2334
f 2336 2346 2345
f 2336 2345 2335
f 2337 2347 2346
f 2337 2346 2336
f 2338 2348 2347
f 2338 2347 2337
f 2339 2349 2348
f 2339 2348 2338
f 2340 2350 2349
f 2340 2349 2339
f 2341 2351 2360
f 2341 2360 2350
f 2342 2352 2351
f 2342 2351 2341
f 2343 2353 2352
f 2343 2352 2342
f 2344 2354 2353
f 2344 2353 2343
f 2345 2355 2354
f 2345 2354 2344
f 2346 2356 2355
f 2346 2355 2345
f 2347 2357 2356
f 2347 2356 2346
f 2348 2358 2357
f 2348 2357 2347
f 2349 2359 2358
f 2349 2358 2348
f 2350 2360 2359
f 2350 2359 2349
f 2351 2361 2370
f 2351 2370 2360
f 2352 2362 2361
f 2352 2361 2351
f 2353 2363 2362
f 2353 2362 2352
f 2354 2364 2363
f 2354 2363 2353
f 2355 2365 2364
f 2355 2364 2354
f 2356 2366 2365
f 2356 2365 2355
f 2357 2367 2366
f 2357 2366 2356
f 2358 2368 2367
f 2358 2367 2357
f 2359 2369 2368
f 2359 2368 2358
f 2360 2370 2369
f 2360 2369 2359
f 2361 2371 2380
f 2361 2380 2370
f 2362 2372 2371
f 2362 2371 2361
f 2363 2373 2372
f 2363 2372 2362
f 2364 2374 2373
f 2364 2373 2363
f 2365 2375 2374
f 2365 2374 2364
f 2366 2376 2375
f 2366 2375 2365
f 2367 2377 2376
f 2367 2376 2366
f 2368 2378 2377
f 2368 2377 2367
f 2369 2379 2378
f 2369 2378 2368
f 2370 2380 2379
f 2370 2379 2369
f 2371 2381 2390
f 2371 2390 2380
f 2372 2382 2381
f 2372 2381 2371
f 2373 2383 2382
f 2373 2382 2372
f 2374 2384 2383
f 2374 2383 2373
f 2375 2385 2384
f 2375 2384 2374
f 2376 2386 2385
f 2376 2385 2375
f 2377 2387 2386
f 2377 2386 2376
f 2378 2388 2387
f 2378 2387 2377
f 2379 2389 2388
f 2379 2388 2378
f 2380 2390 2389
f 2380 2389 2379
f 2381 2391 2400
f 2381 2400 2390
f 2382 2392 2391
f 2382 2391 2381
f 2383 2393 2392
f 2383 2392 2382
f 2384 2394 2393
f 2384 2393 2383
f 2385 2395 2394
f 2385 2394 2384
f 2386 2396 2395
f 2386 2395 2385
f 2387 2397 2396
f 2387 2396 2386
f 2388 2398 2397
f 2388 2397 2387
f 2389 2399 2398
f 2389 2398 2388
f 2390 2400 2399
f 2390 2399 2389
f 2391 2401 2410
f 2391 2410 2400
f 2392 2402 2401
f 2392 2401 2391
f 2393 2403 2402
f 2393 2402 2392
f 2394 2404 2403
f 2394 2403 2393
f 2395 2405 2404
f 2395 2404 2394
f 2396 2406 2405
f 2396 2405 2395
f 2397 2407 2406
f 2397 2406 2396
f 2398 2408 2407
f 2398 2407 2397
f 2399 2409 2408
f 2399 2408 2398
f 2400 2410 2409
f 2400 2409 2399
f 2401 2411 2420
f 2401 2420 2410
f 2402 2412 2411
f 2402 2411 2401
f 2403 2413 2412
f 2403 2412 2402
f 2404 2414 2413
f 2404 2413 2403
f 2405 2415 2414
f 2405 2414 2404
f 2406 2416 2415
f 2406 2415 2405
f 2407 2417 2416
f 2407 2416 2406
f 2408 2418 2417
f 2408 2417 2407
f 2409 2419 2418
f 2409 2418 2408
f 2410 2420 2419
f 2410 2419 2409
f 2411 2421 2430
f 2411 2430 2420
f 2412 2422 2421
f 2412 2421 2411
f 2413 2423 2422
f 2413 2422 2412
f 2414 2424 2423
f 2414 2423 2413
f 2415 2425 2424
f 2415 2424 2414
f 2416 2426 2425
f 2416 2425 2415
f 2417 2427 2426
f 2417 2426 2416
f 2418 2428 2427
f 2418 2427 2417
f 2419 2429 2428
f 2419 2428 2418
f 2420 2430 2429
f 2420 2429 2419
f 2421 2431 2440
f 2421 2440 2430
f 2422 2432 2431
f 2422 2431 2421
f 2423 2433 2432
f 2423 2432 2422
f 2424 2434 2433
f 2424 2433 2423
f 2425 2435 2434
f 2425 2434 2424
f 2426 2436 2435
f 2426 2435 2425
f 2427 2437 2436
f 2427 2436 2426
f 2428 2438 2437
f 2428 2437 2427
f 2429 2439 2438
f 2429 2438 2428
f 2430 2440 2439
f 2430 2439 2429
f 2431 2441 2450
f 2431 2450 2440
f 2432 2442 2441
f 2432 2441 2431
f 2433 2443 2442
f 2433 2442 2432
f 2434 2444 2443
f 2434 2443 2433
f 2435 2445 2444
f 2435 2444 2434
f 2436 2446 2445
f 2436 2445 2435
f 2437 2447 2446
f 2437 2446 2436
f 2438 2448 2447
f 2438 2447 2437
f 2439 2449 2448
f 2439 2448 2438
f 2440 2450 2449
f 2440 2449 2439
f 2441 2451 2460
f 2441 2460 2450
f 2442 2452 2451
f 2442 2451 2441
f 2443 2453 2452
f 2443 2452 2442
f 2444 2454 2453
f 2444 2453 2443
f 2445 2455 2454
f 2445 2454 2444
f 2446 2456 2455
f 2446 2455 2445
f 2447 2457 2456
f 2447 2456 2446
f 2448 2458 2457
f 2448 2457 2447
f 2449 2459 2458
f 2449 2458 2448
f 2450 2460 2459
f 2450 2459 2449
f 2451 2461 2470
f 2451 2470 2460
f 2452 2462 2461
f 2452 2461 2451
f 2453 2463 2462
f 2453 2462 2452
f 2454 2464 2463
f 2454 2463 2453
f 2455 2465 2464
f 2455 2464 2454
f 2456 2466 2465
f 2456 2465 2455
f 2457 2467 2466
f 2457 2466 2456
f 2458 2468 2467
f 2458 2467 2457
f 2459 2469 2468
f 2459 2468 2458
f 2460 2470 2469
f 2460 2469 2459
f 2461 2471 2480
f 2461 2480 2470
f 2462 2472 2471
f 2462 2471 2461
f 2463 2473 2472
f 2463 2472 2462
f 2464 2474 2473
f 2464 2473 2463
f 2465 2475 2474
f 2465 2474 2464
f 2466 2476 2475
f 2466 2475 2465
f 2467 2477 2476
f 2467 2476 2466
f 2468 2478 2477
f 2468 2477 2467
f 2469 2479 2478
f 2469 2478 2468
f 2470 2480 2479
f 2470 2479 2469
f 2471 2481 2490
f 2471 2490 2480
f 2472 2482 2481
f 2472 2481 2471
f 2473 2483 2482
f 2473 2482 2472
f 2474 2484 2483
f 2474 2483 2473
f 2475 2485 2484
f 2475 2484 2474
f 2476 2486 2485
f 2476 2485 2475
f 2477 2487 2486
f 2477 2486 2476
f 2478 2488 2487
f 2478 2487 2477
f 2479 2489 2488
f 2479 2488 2478
f 2480 2490 2489
f 2480 2489 2479
f 2481 2491 2500
f 2481 2500 2490
f 2482 2492 2491
f 2482 2491 2481
f 2483 2493 2492
f 2483 2492 2482
f 2484 2494 2493
f 2484 2493 2483
f 2485 2495 2494
f 2485 2494 2484
f 2486 2496 2495
f 2486 2495 2485
f 2487 2497 2496
f 2487 2496 2486
f 2488 2498 2497
f 2488 2497 2487
f 2489 2499 2498
f 2489 2498 2488
f 2490 2500 2499
f 2490 2499 2489
f 2491 2501 2510
f 2491 2510 2500
f 2492 2502 2501
f 2492 2501 2491
f 2493 2503 2502
f 2493 2502 2492
f 2494 2504 2503
f 2494 2503 2493
f 2495 2505 2504
f 2495 2504 2494
f 2496 2506 2505
f 2496 2505 2495
f 2497 2507 2506
f 2497 2506 2496
f 2498 2508 2507
f 2498 2507 2497
f 2499 2509 2508
f 2499 2508 2498
f 2500 2510 2509
f 2500 2509 2499
f 2501 2511 2520
f 2501 2520 2510
f 2502 2512 2511
f 2502 2511 2501
f 2503 2513 2512
f 2503 2512 2502
f 2504 2514 2513
f 2504 2513 2503
f 2505 2515 2514
f 2505 2514 2504
f 2506 2516 2515
f 2506 2515 2505
f 2507 2517 2516
f 2507 2516 2506
f 2508 2518 2517
f 2508 2517 2507
f 2509 2519 2518
f 2509 2518 2508
f 2510 2520 2519
f 2510 2519 2509
v 0.1620000 0.4700000 0.0000000
v 0.1611962 0.4670000 0.0000000
v 0.1590000 0.4648038 0.0000000
v 0.1560000 0.4640000 0.0000000
v 0.1530000 0.4648038 0.0000000
v 0.1508038 0.4670000 0.0000000
v 0.1500000 0.4700000 0.0000000
v 0.1508038 0.4730000 0.0000000
v 0.1530000 0.4751962 0.0000000
v 0.1560000 0.4760000 0.0000000
v 0.1590000 0.4751962 0.0000000
v 0.1611962 0.4730000 0.0000000
v 0.1616531 0.4700000 0.0105953
v 0.1608510 0.4670000 0.0105428
v 0.1586596 0.4648038 0.0103991
v 0.1556660 0.4640000 0.0102029
v 0.1526724 0.4648038 0.0100067
v 0.1504810 0.4670000 0.0098631
v 0.1496788 0.4700000 0.0098105
v 0.1504810 0.4730000 0.0098631
v 0.1526724 0.4751962 0.0100067
v 0.1556660 0.4760000 0.0102029
v 0.1586596 0.4751962 0.0103991
v 0.1608510 0.4730000 0.0105428
v 0.1606141 0.4700000 0.0211452
v 0.1598171 0.4670000 0.0210403
v 0.1576397 0.4648038 0.0207537
v 0.1546654 0.4640000 0.0203621
v 0.1516911 0.4648038 0.0199705
v 0.1495137 0.4670000 0.0196838
v 0.1487167 0.4700000 0.0195789
v 0.1495137 0.4730000 0.0196838
v 0.1516911 0.4751962 0.0199705
v 0.1546654 0.4760000 0.0203621
v 0.1576397 0.4751962 0.0207537
v 0.1598171 0.4730000 0.0210403
v 0.1588872 0.4700000 0.0316046
v 0.1580988 0.4670000 0.0314478
v 0.1559449 0.4648038 0.0310194
v 0.1530025 0.4640000 0.0304341
v 0.1500601 0.4648038 0.0298488
v 0.1479062 0.4670000 0.0294204
v 0.1471178 0.4700000 0.0292636
v 0.1479062 0.4730000 0.0294204
v 0.1500601 0.4751962 0.0298488
v 0.1530025 0.4760000 0.0304341
v 0.1559449 0.4751962 0.0310194
v 0.1580988 0.4730000 0.0314478
v 0.1564800 0.4700000 0.0419286
v 0.1557035 0.4670000 0.0417206
v 0.1535822 0.4648038 0.0411522
v 0.1506844 0.4640000 0.0403758
v 0.1477866 0.4648038 0.0395993
v 0.1456653 0.4670000 0.0390309
v 0.1448889 0.4700000 0.0388228
v 0.1456653 0.4730000 0.0390309
v 0.1477866 0.4751962 0.0395993
v 0.1506844 0.4760000 0.0403758
v 0.1535822 0.4751962 0.0411522
v 0.1557035 0.4730000 0.0417206
v 0.1534027 0.4700000 0.0520732
v 0.1526415 0.4670000 0.0518148
v 0.1505619 0.4648038 0.0511089
v 0.1477211 0.4640000 0.0501446
v 0.1448803 0.4648038 0.0491803
v 0.1428007 0.4670000 0.0484743
v 0.1420395 0.4700000 0.0482159
v 0.1428007 0.4730000 0.0484743
v 0.1448803 0.4751962 0.0491803
v 0.1477211 0.4760000 0.0501446
v 0.1505619 0.4751962 0.0511089
v 0.1526415 0.4730000 0.0518148
v 0.1496685 0.4700000 0.0619947
v 0.1489258 0.4670000 0.0616871
v 0.1468969 0.4648038 0.0608467
v 0.1441252 0.4640000 0.0596986
v 0.1413536 0.4648038 0.0585505
v 0.1393246 0.4670000 0.0577101
v 0.1385819 0.4700000 0.0574025
v 0.1393246 0.4730000 0.0577101
v 0.1413536 0.4751962 0.0585505
v 0.1441252 0.4760000 0.0596986
v 0.1468969 0.4751962 0.0608467
v 0.1489258 0.4730000 0.0616871
v 0.1452934 0.4700000 0.0716507
v 0.1445724 0.4670000 0.0712953
v 0.1426028 0.4648038 0.0703239
v 0.1399122 0.4640000 0.0689970
v 0.1372215 0.4648038 0.0676702
v 0.1352519 0.4670000 0.0666988
v 0.1345309 0.4700000 0.0663433
v 0.1352519 0.4730000 0.0666988
v 0.1372215 0.4751962 0.0676702
v 0.1399122 0.4760000 0.0689970
v 0.1426028 0.4751962 0.0703239
v 0.1445724 0.4730000 0.0712953
v 0.1402961 0.4700000 0.0810000
v 0.1395999 0.4670000 0.0805981
v 0.1376980 0.4648038 0.0795000
v 0.1350999 0.4640000 0.0780000
v 0.1325019 0.4648038 0.0765000
v 0.1305999 0.4670000 0.0754020
v 0.1299038 0.4700000 0.0750000
v 0.1305999 0.4730000 0.0754020
v 0.1325019 0.4751962 0.0765000
v 0.1350999 0.4760000 0.0780000
v 0.1376980 0.4751962 0.0795000
v 0.1395999 0.4730000 0.0805981
v 0.1346981 0.4700000 0.0900024
v 0.1340297 0.4670000 0.0895558
v 0.1322037 0.4648038 0.0883357
v 0.1297093 0.4640000 0.0866690
v 0.1272148 0.4648038 0.0850022
v 0.1253888 0.4670000 0.0837821
v 0.1247204 0.4700000 0.0833355
v 0.1253888 0.4730000 0.0837821
v 0.1272148 0.4751962 0.0850022
v 0.1297093 0.4760000 0.0866690
v 0.1322037 0.4751962 0.0883357
v 0.1340297 0.4730000 0.0895558
v 0.1285233 0.4700000 0.0986193
v 0.1278855 0.4670000 0.0981300
v 0.1261432 0.4648038 0.0967931
v 0.1237631 0.4640000 0.0949668
v 0.1213831 0.4648038 0.0931405
v 0.1196408 0.4670000 0.0918036
v 0.1190030 0.4700000 0.0913142
v 0.1196408 0.4730000 0.0918036
v 0.1213831 0.4751962 0.0931405
v 0.1237631 0.4760000 0.0949668
v 0.1261432 0.4751962 0.0967931
v 0.1278855 0.4730000 0.0981300
v 0.1217981 0.4700000 0.1068140
v 0.1211937 0.4670000 0.1062840
v 0.1195425 0.4648038 0.1048360
v 0.1172870 0.4640000 0.1028579
v 0.1150315 0.4648038 0.1008799
v 0.1133803 0.4670000 0.0994319
v 0.1127760 0.4700000 0.0989019
v 0.1133803 0.4730000 0.0994319
v 0.1150315 0.4751962 0.1008799
v 0.1172870 0.4760000 0.1028579
v 0.1195425 0.4751962 0.1048360
v 0.1211937 0.4730000 0.1062840
v 0.1145513 0.4700000 0.1145513
v 0.1139829 0.4670000 0.1139829
v 0.1124300 0.4648038 0.1124300
v 0.1103086 0.4640000 0.1103086
v 0.1081873 0.4648038 0.1081873
v 0.1066344 0.4670000 0.1066344
v 0.1060660 0.4700000 0.1060660
v 0.1066344 0.4730000 0.1066344
v 0.1081873 0.4751962 0.1081873
v 0.1103086 0.4760000 0.1103086
v 0.1124300 0.4751962 0.1124300
v 0.1139829 0.4730000 0.1139829
v 0.1068140 0.4700000 0.1217980
v 0.1062840 0.4670000 0.1211937
v 0.1048360 0.4648038 0.1195425
v 0.1028580 0.4640000 0.1172870
v 0.1008799 0.4648038 0.1150315
v 0.0994319 0.4670000 0.1133803
v 0.0989019 0.4700000 0.1127760
v 0.0994319 0.4730000 0.1133803
v 0.1008799 0.4751962 0.1150315
v 0.1028580 0.4760000 0.1172870
v 0.1048360 0.4751962 0.1195425
v 0.1062840 0.4730000 0.1211936
v 0.0986194 0.4700000 0.1285232
v 0.0981300 0.4670000 0.1278855
v 0.0967931 0.4648038 0.1261432
v 0.0949668 0.4640000 0.1237631
v 0.0931405 0.4648038 0.1213830
v 0.0918036 0.4670000 0.1196407
v 0.0913142 0.4700000 0.1190030
v 0.0918036 0.4730000 0.1196407
v 0.0931405 0.4751962 0.1213830
v 0.0949668 0.4760000 0.1237631
v 0.0967931 0.4751962 0.1261432
v 0.0981300 0.4730000 0.1278855
v 0.0900024 0.4700000 0.1346981
v 0.0895558 0.4670000 0.1340297
v 0.0883357 0.4648038 0.1322037
v 0.0866689 0.4640000 0.1297093
v 0.0850022 0.4648038 0.1272148
v 0.0837821 0.4670000 0.1253889
v 0.0833355 0.4700000 0.1247205
v 0.0837821 0.4730000 0.1253888
v 0.0850022 0.4751962 0.1272148
v 0.0866689 0.4760000 0.1297092
v 0.0883357 0.4751962 0.1322037
v 0.0895558 0.4730000 0.1340297
v 0.0810000 0.4700000 0.1402961
v 0.0805981 0.4670000 0.1396000
v 0.0795000 0.4648038 0.1376981
v 0.0780000 0.4640000 0.1351000
v 0.0765000 0.4648038 0.1325019
v 0.0754019 0.4670000 0.1306000
v 0.0750000 0.4700000 0.1299038
v 0.0754019 0.4730000 0.1306000
v 0.0765000 0.4751962 0.1325019
v 0.0780000 0.4760000 0.1350999
v 0.0795000 0.4751962 0.1376981
v 0.0805981 0.4730000 0.1396000
v 0.0716508 0.4700000 0.1452934
v 0.0712953 0.4670000 0.1445724
v 0.0703239 0.4648038 0.1426028
v 0.0689971 0.4640000 0.1399121
v 0.0676702 0.4648038 0.1372215
v 0.0666988 0.4670000 0.1352519
v 0.0663433 0.4700000 0.1345309
v 0.0666988 0.4730000 0.1352518
v 0.0676702 0.4751962 0.1372215
v 0.0689971 0.4760000 0.1399121
v 0.0703239 0.4751962 0.1426027
v 0.0712953 0.4730000 0.1445724
v 0.0619948 0.4700000 0.1496685
v 0.0616871 0.4670000 0.1489258
v 0.0608467 0.4648038 0.1468968
v 0.0596987 0.4640000 0.1441252
v 0.0585506 0.4648038 0.1413535
v 0.0577102 0.4670000 0.1393246
v 0.0574026 0.4700000 0.1385819
v 0.0577102 0.4730000 0.1393245
v 0.0585506 0.4751962 0.1413535
v 0.0596987 0.4760000 0.1441252
v 0.0608467 0.4751962 0.1468968
v 0.0616871 0.4730000 0.1489258
v 0.0520732 0.4700000 0.1534027
v 0.0518148 0.4670000 0.1526415
v 0.0511089 0.4648038 0.1505619
v 0.0501445 0.4640000 0.1477211
v 0.0491802 0.4648038 0.1448803
v 0.0484743 0.4670000 0.1428007
v 0.0482159 0.4700000 0.1420395
v 0.0484743 0.4730000 0.1428007
v 0.0491802 0.4751962 0.1448803
v 0.0501445 0.4760000 0.1477211
v 0.0511089 0.4751962 0.1505619
v 0.0518148 0.4730000 0.1526415
v 0.0419287 0.4700000 0.1564800
v 0.0417206 0.4670000 0.1557035
v 0.0411522 0.4648038 0.1535822
v 0.0403758 0.4640000 0.1506844
v 0.0395993 0.4648038 0.1477867
v 0.0390309 0.4670000 0.1456653
v 0.0388229 0.4700000 0.1448889
v 0.0390309 0.4730000 0.1456653
v 0.0395993 0.4751962 0.1477866
v 0.0403758 0.4760000 0.1506844
v 0.0411522 0.4751962 0.1535822
v 0.0417206 0.4730000 0.1557035
v 0.0316047 0.4700000 0.1588872
v 0.0314478 0.4670000 0.1580988
v 0.0310194 0.4648038 0.1559449
v 0.0304341 0.4640000 0.1530025
v 0.0298488 0.4648038 0.1500602
v 0.0294204 0.4670000 0.1479062
v 0.0292636 0.4700000 0.1471178
v 0.0294204 0.4730000 0.1479062
v 0.0298488 0.4751962 0.1500601
v 0.0304341 0.4760000 0.1530025
v 0.0310194 0.4751962 0.1559449
v 0.0314478 0.4730000 0.1580988
v 0.0211452 0.4700000 0.1606141
v 0.0210403 0.4670000 0.1598171
v 0.0207536 0.4648038 0.1576397
v 0.0203621 0.4640000 0.1546654
v 0.0199705 0.4648038 0.1516911
v 0.0196838 0.4670000 0.1495137
v 0.0195789 0.4700000 0.1487167
v 0.0196838 0.4730000 0.1495137
v 0.0199705 0.4751962 0.1516911
v 0.0203621 0.4760000 0.1546654
v 0.0207536 0.4751962 0.1576397
v 0.0210403 0.4730000 0.1598171
v 0.0105953 0.4700000 0.1616532
v 0.0105427 0.4670000 0.1608511
v 0.0103991 0.4648038 0.1586596
v 0.0102029 0.4640000 0.1556660
v 0.0100067 0.4648038 0.1526724
v 0.0098630 0.4670000 0.1504810
v 0.0098105 0.4700000 0.1496788
v 0.0098630 0.4730000 0.1504810
v 0.0100067 0.4751962 0.1526724
v 0.0102029 0.4760000 0.1556660
v 0.0103991 0.4751962 0.1586596
v 0.0105427 0.4730000 0.1608510
v 0.0000000 0.4700000 0.1620000
v 0.0000000 0.4670000 0.1611962
v 0.0000000 0.4648038 0.1590000
v 0.0000000 0.4640000 0.1560000
v 0.0000000 0.4648038 0.1530000
v 0.0000000 0.4670000 0.1508039
v 0.0000000 0.4700000 0.1500000
v 0.0000000 0.4730000 0.1508039
v 0.0000000 0.4751962 0.1530000
v 0.0000000 0.4760000 0.1560000
v 0.0000000 0.4751962 0.1590000
v 0.0000000 0.4730000 0.1611962
v -0.0105953 0.4700000 0.1616532
v -0.0105427 0.4670000 0.1608511
v -0.0103991 0.4648038 0.1586596
v -0.0102029 0.4640000 0.1556660
v -0.0100066 0.4648038 0.1526724
v -0.0098630 0.4670000 0.1504810
v -0.0098104 0.4700000 0.1496788
v -0.0098630 0.4730000 0.1504810
v -0.0100066 0.4751962 0.1526724
v -0.0102029 0.4760000 0.1556660
v -0.0103991 0.4751962 0.1586596
v -0.0105427 0.4730000 0.1608510
v -0.0211453 0.4700000 0.1606141
v -0.0210403 0.4670000 0.1598171
v -0.0207537 0.4648038 0.1576397
v -0.0203621 0.4640000 0.1546654
v -0.0199705 0.4648038 0.1516911
v -0.0196839 0.4670000 0.1495137
v -0.0195790 0.4700000 0.1487167
v -0.0196839 0.4730000 0.1495137
v -0.0199705 0.4751962 0.1516910
v -0.0203621 0.4760000 0.1546654
v -0.0207537 0.4751962 0.1576397
v -0.0210403 0.4730000 0.1598171
v -0.0316046 0.4700000 0.1588872
v -0.0314478 0.4670000 0.1580988
v -0.0310194 0.4648038 0.1559449
v -0.0304341 0.4640000 0.1530025
v -0.0298488 0.4648038 0.1500602
v -0.0294204 0.4670000 0.1479062
v -0.0292636 0.4700000 0.1471178
v -0.0294204 0.4730000 0.1479062
v -0.0298488 0.4751962 0.1500601
v -0.0304341 0.4760000 0.1530025
v -0.0310194 0.4751962 0.1559449
v -0.0314478 0.4730000 0.1580988
v -0.0419287 0.4700000 0.1564800
v -0.0417206 0.4670000 0.1557035
v -0.0411522 0.4648038 0.1535822
v -0.0403758 0.4640000 0.1506845
v -0.0395993 0.4648038 0.1477867
v -0.0390309 0.4670000 0.1456653
v -0.0388228 0.4700000 0.1448889
v -0.0390309 0.4730000 0.1456653
v -0.0395993 0.4751962 0.1477867
v -0.0403758 0.4760000 0.1506844
v -0.0411522 0.4751962 0.1535822
v -0.0417206 0.4730000 0.1557035
v -0.0520732 0.4700000 0.1534027
v -0.0518148 0.4670000 0.1526415
v -0.0511089 0.4648038 0.1505619
v -0.0501446 0.4640000 0.1477211
v -0.0491803 0.4648038 0.1448803
v -0.0484743 0.4670000 0.1428007
v -0.0482160 0.4700000 0.1420395
v -0.0484743 0.4730000 0.1428007
v -0.0491803 0.4751962 0.1448803
v -0.0501446 0.4760000 0.1477211
v -0.0511089 0.4751962 0.1505619
v -0.0518148 0.4730000 0.1526415
v -0.0619947 0.4700000 0.1496685
v -0.0616871 0.4670000 0.1489258
v -0.0608467 0.4648038 0.1468968
v -0.0596986 0.4640000 0.1441252
v -0.0585506 0.4648038 0.1413535
v -0.0577101 0.4670000 0.1393246
v -0.0574025 0.4700000 0.1385819
v -0.0577101 0.4730000 0.1393246
v -0.0585506 0.4751962 0.1413535
v -0.0596986 0.4760000 0.1441252
v -0.0608467 0.4751962 0.1468968
v -0.0616871 0.4730000 0.1489258
v -0.0716508 0.4700000 0.1452934
v -0.0712952 0.4670000 0.1445724
v -0.0703239 0.4648038 0.1426028
v -0.0689970 0.4640000 0.1399122
v -0.0676702 0.4648038 0.1372215
v -0.0666988 0.4670000 0.1352519
v -0.0663433 0.4700000 0.1345309
v -0.0666988 0.4730000 0.1352519
v -0.0676702 0.4751962 0.1372215
v -0.0689970 0.4760000 0.1399121
v -0.0703239 0.4751962 0.1426027
v -0.0712952 0.4730000 0.1445724
v -0.0810000 0.4700000 0.1402961
v -0.0805981 0.4670000 0.1396000
v -0.0795000 0.4648038 0.1376981
v -0.0780000 0.4640000 0.1351000
v -0.0765000 0.4648038 0.1325019
v -0.0754019 0.4670000 0.1306000
v -0.0750000 0.4700000 0.1299039
v -0.0754019 0.4730000 0.1306000
v -0.0765000 0.4751962 0.1325019
v -0.0780000 0.4760000 0.1350999
v -0.0795000 0.4751962 0.1376981
v -0.0805981 0.4730000 0.1396000
v -0.0900023 0.4700000 0.1346981
v -0.0895557 0.4670000 0.1340297
v -0.0883356 0.4648038 0.1322037
v -0.0866689 0.4640000 0.1297093
v -0.0850022 0.4648038 0.1272149
v -0.0837821 0.4670000 0.1253889
v -0.0833355 0.4700000 0.1247205
v -0.0837821 0.4730000 0.1253889
v -0.0850022 0.4751962 0.1272148
v -0.0866689 0.4760000 0.1297093
v -0.0883356 0.4751962 0.1322037
v -0.0895557 0.4730000 0.1340297
v -0.0986193 0.4700000 0.1285232
v -0.0981300 0.4670000 0.1278855
v -0.0967931 0.4648038 0.1261432
v -0.0949668 0.4640000 0.1237631
v -0.0931405 0.4648038 0.1213831
v -0.0918036 0.4670000 0.1196408
v -0.0913142 0.4700000 0.1190030
v -0.0918036 0.4730000 0.1196407
v -0.0931405 0.4751962 0.1213831
v -0.0949668 0.4760000 0.1237631
v -0.0967931 0.4751962 0.1261432
v -0.0981300 0.4730000 0.1278855
v -0.1068140 0.4700000 0.1217980
v -0.1062840 0.4670000 0.1211937
v -0.1048360 0.4648038 0.1195425
v -0.1028579 0.4640000 0.1172870
v -0.1008799 0.4648038 0.1150315
v -0.0994319 0.4670000 0.1133804
v -0.0989019 0.4700000 0.1127760
v -0.0994319 0.4730000 0.1133804
v -0.1008799 0.4751962 0.1150315
v -0.1028579 0.4760000 0.1172870
v -0.1048360 0.4751962 0.1195425
v -0.1062840 0.4730000 0.1211937
v -0.1145513 0.4700000 0.1145512
v -0.1139829 0.4670000 0.1139829
v -0.1124300 0.4648038 0.1124300
v -0.1103087 0.4640000 0.1103086
v -0.1081874 0.4648038 0.1081873
v -0.1066345 0.4670000 0.1066344
v -0.1060660 0.4700000 0.1060660
v -0.1066345 0.4730000 0.1066344
v -0.1081874 0.4751962 0.1081873
v -0.1103087 0.4760000 0.1103086
v -0.1124300 0.4751962 0.1124300
v -0.1139829 0.4730000 0.1139829
v -0.1217981 0.4700000 0.1068140
v -0.1211937 0.4670000 0.1062840
v -0.1195425 0.4648038 0.1048360
v -0.1172870 0.4640000 0.1028579
v -0.1150315 0.4648038 0.1008799
v -0.1133804 0.4670000 0.0994319
v -0.1127760 0.4700000 0.0989019
v -0.1133804 0.4730000 0.0994319
v -0.1150315 0.4751962 0.1008799
v -0.1172870 0.4760000 0.1028579
v -0.1195425 0.4751962 0.1048360
v -0.1211937 0.4730000 0.1062840
v -0.1285232 0.4700000 0.0986193
v -0.1278855 0.4670000 0.0981300
v -0.1261432 0.4648038 0.0967931
v -0.1237631 0.4640000 0.0949668
v -0.1213831 0.4648038 0.0931405
v -0.1196407 0.4670000 0.0918036
v -0.1190030 0.4700000 0.0913142
v -0.1196407 0.4730000 0.0918036
v -0.1213831 0.4751962 0.0931405
v -0.1237631 0.4760000 0.0949668
v -0.1261432 0.4751962 0.0967931
v -0.1278855 0.4730000 0.0981300
v -0.1346981 0.4700000 0.0900024
v -0.1340297 0.4670000 0.0895558
v -0.1322037 0.4648038 0.0883357
v -0.1297092 0.4640000 0.0866690
v -0.1272148 0.4648038 0.0850022
v -0.1253888 0.4670000 0.0837821
v -0.1247204 0.4700000 0.0833356
v -0.1253888 0.4730000 0.0837821
v -0.1272148 0.4751962 0.0850022
v -0.1297092 0.4760000 0.0866690
v -0.1322037 0.4751962 0.0883357
v -0.1340297 0.4730000 0.0895558
v -0.1402961 0.4700000 0.0810000
v -0.1395999 0.4670000 0.0805981
v -0.1376980 0.4648038 0.0795000
v -0.1350999 0.4640000 0.0780001
v -0.1325019 0.4648038 0.0765001
v -0.1305999 0.4670000 0.0754020
v -0.1299038 0.4700000 0.0750000
v -0.1305999 0.4730000 0.0754020
v -0.1325019 0.4751962 0.0765001
v -0.1350999 0.4760000 0.0780000
v -0.1376980 0.4751962 0.0795000
v -0.1395999 0.4730000 0.0805981
v -0.1452934 0.4700000 0.0716507
v -0.1445724 0.4670000 0.0712953
v -0.1426028 0.4648038 0.0703239
v -0.1399122 0.4640000 0.0689970
v -0.1372215 0.4648038 0.0676702
v -0.1352519 0.4670000 0.0666988
v -0.1345309 0.4700000 0.0663433
v -0.1352519 0.4730000 0.0666988
v -0.1372215 0.4751962 0.0676702
v -0.1399122 0.4760000 0.0689970
v -0.1426028 0.4751962 0.0703239
v -0.1445724 0.4730000 0.0712952
v -0.1496685 0.4700000 0.0619947
v -0.1489258 0.4670000 0.0616871
v -0.1468969 0.4648038 0.0608467
v -0.1441252 0.4640000 0.0596986
v -0.1413536 0.4648038 0.0585506
v -0.1393246 0.4670000 0.0577102
v -0.1385819 0.4700000 0.0574026
v -0.1393246 0.4730000 0.0577101
v -0.1413536 0.4751962 0.0585506
v -0.1441252 0.4760000 0.0596986
v -0.1468969 0.4751962 0.0608467
v -0.1489258 0.4730000 0.0616871
v -0.1534027 0.4700000 0.0520731
v -0.1526415 0.4670000 0.0518148
v -0.1505619 0.4648038 0.0511088
v -0.1477211 0.4640000 0.0501445
v -0.1448803 0.4648038 0.0491802
v -0.1428007 0.4670000 0.0484743
v -0.1420395 0.4700000 0.0482159
v -0.1428007 0.4730000 0.0484743
v -0.1448803 0.4751962 0.0491802
v -0.1477211 0.4760000 0.0501445
v -0.1505619 0.4751962 0.0511088
v -0.1526415 0.4730000 0.0518147
v -0.1564800 0.4700000 0.0419286
v -0.1557035 0.4670000 0.0417206
v -0.1535822 0.4648038 0.0411522
v -0.1506844 0.4640000 0.0403758
v -0.1477867 0.4648038 0.0395993
v -0.1456653 0.4670000 0.0390309
v -0.1448889 0.4700000 0.0388228
v -0.1456653 0.4730000 0.0390309
v -0.1477867 0.4751962 0.0395993
v -0.1506844 0.4760000 0.0403758
v -0.1535822 0.4751962 0.0411522
v -0.1557035 0.4730000 0.0417206
v -0.1588872 0.4700000 0.0316046
v -0.1580988 0.4670000 0.0314478
v -0.1559449 0.4648038 0.0310194
v -0.1530025 0.4640000 0.0304341
v -0.1500601 0.4648038 0.0298488
v -0.1479062 0.4670000 0.0294204
v -0.1471178 0.4700000 0.0292636
v -0.1479062 0.4730000 0.0294204
v -0.1500601 0.4751962 0.0298488
v -0.1530025 0.4760000 0.0304341
v -0.1559449 0.4751962 0.0310194
v -0.1580988 0.4730000 0.0314478
v -0.1606141 0.4700000 0.0211453
v -0.1598171 0.4670000 0.0210403
v -0.1576397 0.4648038 0.0207537
v -0.1546654 0.4640000 0.0203621
v -0.1516910 0.4648038 0.0199705
v -0.1495137 0.4670000 0.0196839
v -0.1487167 0.4700000 0.0195789
v -0.1495137 0.4730000 0.0196839
v -0.1516910 0.4751962 0.0199705
v -0.1546654 0.4760000 0.0203621
v -0.1576397 0.4751962 0.0207537
v -0.1598171 0.4730000 0.0210403
v -0.1616531 0.4700000 0.0105953
v -0.1608510 0.4670000 0.0105428
v -0.1586596 0.4648038 0.0103992
v -0.1556660 0.4640000 0.0102029
v -0.1526724 0.4648038 0.0100067
v -0.1504810 0.4670000 0.0098631
v -0.1496788 0.4700000 0.0098105
v -0.1504810 0.4730000 0.0098631
v -0.1526724 0.4751962 0.0100067
v -0.1556660 0.4760000 0.0102029
v -0.1586596 0.4751962 0.0103992
v -0.1608510 0.4730000 0.0105428
v -0.1620000 0.4700000 0.0000000
v -0.1611962 0.4670000 0.0000000
v -0.1590000 0.4648038 0.0000000
v -0.1560000 0.4640000 0.0000000
v -0.1530000 0.4648038 0.0000000
v -0.1508038 0.4670000 0.0000000
v -0.1500000 0.4700000 0.0000000
v -0.1508038 0.4730000 0.0000000
v -0.1530000 0.4751962 0.0000000
v -0.1560000 0.4760000 0.0000000
v -0.1590000 0.4751962 0.0000000
v -0.1611962 0.4730000 0.0000000
v -0.1616531 0.4700000 -0.0105953
v -0.1608510 0.4670000 -0.0105427
v -0.1586596 0.4648038 -0.0103991
v -0.1556660 0.4640000 -0.0102029
v -0.1526724 0.4648038 -0.0100066
v -0.1504810 0.4670000 -0.0098630
v -0.1496788 0.4700000 -0.0098104
v -0.1504810 0.4730000 -0.0098630
v -0.1526724 0.4751962 -0.0100066
v -0.1556660 0.4760000 -0.0102029
v -0.1586596 0.4751962 -0.0103991
v -0.1608510 0.4730000 -0.0105427
v -0.1606141 0.4700000 -0.0211453
v -0.1598171 0.4670000 -0.0210404
v -0.1576397 0.4648038 -0.0207537
v -0.1546654 0.4640000 -0.0203621
v -0.1516910 0.4648038 -0.0199705
v -0.1495137 0.4670000 -0.0196839
v -0.1487167 0.4700000 -0.0195789
v -0.1495137 0.4730000 -0.0196839
v -0.1516910 0.4751962 -0.0199705
v -0.1546654 0.4760000 -0.0203621
v -0.1576397 0.4751962 -0.0207537
v -0.1598171 0.4730000 -0.0210404
v -0.1588872 0.4700000 -0.0316046
v -0.1580988 0.4670000 -0.0314478
v -0.1559449 0.4648038 -0.0310194
v -0.1530025 0.4640000 -0.0304341
v -0.1500601 0.4648038 -0.0298488
v -0.1479062 0.4670000 -0.0294204
v -0.1471178 0.4700000 -0.0292636
v -0.1479062 0.4730000 -0.0294204
v -0.1500601 0.4751962 -0.0298488
v -0.1530025 0.4760000 -0.0304341
v -0.1559449 0.4751962 -0.0310194
v -0.1580988 0.4730000 -0.0314478
v -0.1564800 0.4700000 -0.0419287
v -0.1557035 0.4670000 -0.0417206
v -0.1535822 0.4648038 -0.0411522
v -0.1506844 0.4640000 -0.0403757
v -0.1477867 0.4648038 -0.0395993
v -0.1456653 0.4670000 -0.0390309
v -0.1448889 0.4700000 -0.0388228
v -0.1456653 0.4730000 -0.0390309
v -0.1477867 0.4751962 -0.0395993
v -0.1506844 0.4760000 -0.0403758
v -0.1535822 0.4751962 -0.0411522
v -0.1557035 0.4730000 -0.0417206
v -0.1534027 0.4700000 -0.0520732
v -0.1526415 0.4670000 -0.0518148
v -0.1505619 0.4648038 -0.0511088
v -0.1477211 0.4640000 -0.0501445
v -0.1448803 0.4648038 -0.0491802
v -0.1428007 0.4670000 -0.0484743
v -0.1420395 0.4700000 -0.0482159
v -0.1428007 0.4730000 -0.0484743
v -0.1448803 0.4751962 -0.0491802
v -0.1477211 0.4760000 -0.0501445
v -0.1505619 0.4751962 -0.0511088
v -0.1526415 0.4730000 -0.0518148
v -0.1496685 0.4700000 -0.0619947
v -0.1489259 0.4670000 -0.0616871
v -0.1468969 0.4648038 -0.0608466
v -0.1441252 0.4640000 -0.0596986
v -0.1413536 0.4648038 -0.0585505
v -0.1393246 0.4670000 -0.0577101
v -0.1385820 0.4700000 -0.0574025
v -0.1393246 0.4730000 -0.0577101
v -0.1413536 0.4751962 -0.0585505
v -0.1441252 0.4760000 -0.0596986
v -0.1468969 0.4751962 -0.0608466
v -0.1489259 0.4730000 -0.0616871
v -0.1452934 0.4700000 -0.0716507
v -0.1445724 0.4670000 -0.0712952
v -0.1426028 0.4648038 -0.0703239
v -0.1399122 0.4640000 -0.0689970
v -0.1372215 0.4648038 -0.0676702
v -0.1352519 0.4670000 -0.0666988
v -0.1345309 0.4700000 -0.0663433
v -0.1352519 0.4730000 -0.0666988
v -0.1372215 0.4751962 -0.0676702
v -0.1399122 0.4760000 -0.0689970
v -0.1426028 0.4751962 -0.0703239
v -0.1445724 0.4730000 -0.0712952
v -0.1402961 0.4700000 -0.0810000
v -0.1396000 0.4670000 -0.0805981
v -0.1376981 0.4648038 -0.0795000
v -0.1351000 0.4640000 -0.0780000
v -0.1325019 0.4648038 -0.0765000
v -0.1306000 0.4670000 -0.0754019
v -0.1299038 0.4700000 -0.0750000
v -0.1306000 0.4730000 -0.0754019
v -0.1325019 0.4751962 -0.0765000
v -0.1351000 0.4760000 -0.0780000
v -0.1376981 0.4751962 -0.0795000
v -0.1396000 0.4730000 -0.0805981
v -0.1346981 0.4700000 -0.0900024
v -0.1340297 0.4670000 -0.0895558
v -0.1322037 0.4648038 -0.0883357
v -0.1297092 0.4640000 -0.0866690
v -0.1272148 0.4648038 -0.0850023
v -0.1253888 0.4670000 -0.0837821
v -0.1247204 0.4700000 -0.0833355
v -0.1253888 0.4730000 -0.0837822
v -0.1272148 0.4751962 -0.0850023
v -0.1297092 0.4760000 -0.0866690
v -0.1322037 0.4751962 -0.0883357
v -0.1340297 0.4730000 -0.0895558
v -0.1285232 0.4700000 -0.0986193
v -0.1278855 0.4670000 -0.0981300
v -0.1261432 0.4648038 -0.0967931
v -0.1237631 0.4640000 -0.0949668
v -0.1213831 0.4648038 -0.0931405
v -0.1196407 0.4670000 -0.0918036
v -0.1190030 0.4700000 -0.0913142
v -0.1196407 0.4730000 -0.0918036
v -0.1213831 0.4751962 -0.0931405
v -0.1237631 0.4760000 -0.0949668
v -0.1261432 0.4751962 -0.0967931
v -0.1278855 0.4730000 -0.0981300
v -0.1217981 0.4700000 -0.1068140
v -0.1211937 0.4670000 -0.1062840
v -0.1195425 0.4648038 -0.1048360
v -0.1172870 0.4640000 -0.1028579
v -0.1150315 0.4648038 -0.1008799
v -0.1133804 0.4670000 -0.0994319
v -0.1127760 0.4700000 -0.0989019
v -0.1133804 0.4730000 -0.0994319
v -0.1150315 0.4751962 -0.1008799
v -0.1172870 0.4760000 -0.1028579
v -0.1195425 0.4751962 -0.1048360
v -0.1211937 0.4730000 -0.1062840
v -0.1145513 0.4700000 -0.1145513
v -0.1139829 0.4670000 -0.1139829
v -0.1124300 0.4648038 -0.1124299
v -0.1103087 0.4640000 -0.1103086
v -0.1081874 0.4648038 -0.1081873
v -0.1066345 0.4670000 -0.1066344
v -0.1060660 0.4700000 -0.1060660
v -0.1066345 0.4730000 -0.1066344
v -0.1081874 0.4751962 -0.1081873
v -0.1103087 0.4760000 -0.1103086
v -0.1124300 0.4751962 -0.1124299
v -0.1139829 0.4730000 -0.1139829
v -0.1068141 0.4700000 -0.1217980
v -0.1062841 0.4670000 -0.1211936
v -0.1048360 0.4648038 -0.1195425
v -0.1028580 0.4640000 -0.1172870
v -0.1008800 0.4648038 -0.1150315
v -0.0994319 0.4670000 -0.1133803
v -0.0989019 0.4700000 -0.1127760
v -0.0994319 0.4730000 -0.1133803
v -0.1008800 0.4751962 -0.1150315
v -0.1028580 0.4760000 -0.1172870
v -0.1048360 0.4751962 -0.1195425
v -0.1062841 0.4730000 -0.1211936
v -0.0986194 0.4700000 -0.1285232
v -0.0981301 0.4670000 -0.1278855
v -0.0967931 0.4648038 -0.1261431
v -0.0949669 0.4640000 -0.1237631
v -0.0931406 0.4648038 -0.1213830
v -0.0918036 0.4670000 -0.1196407
v -0.0913143 0.4700000 -0.1190030
v -0.0918036 0.4730000 -0.1196407
v -0.0931406 0.4751962 -0.1213830
v -0.0949669 0.4760000 -0.1237631
v -0.0967931 0.4751962 -0.1261432
v -0.0981301 0.4730000 -0.1278855
v -0.0900025 0.4700000 -0.1346980
v -0.0895559 0.4670000 -0.1340296
v -0.0883358 0.4648038 -0.1322036
v -0.0866690 0.4640000 -0.1297092
v -0.0850023 0.4648038 -0.1272148
v -0.0837822 0.4670000 -0.1253887
v -0.0833356 0.4700000 -0.1247204
v -0.0837822 0.4730000 -0.1253888
v -0.0850023 0.4751962 -0.1272148
v -0.0866690 0.4760000 -0.1297092
v -0.0883358 0.4751962 -0.1322036
v -0.0895559 0.4730000 -0.1340297
v -0.0810000 0.4700000 -0.1402961
v -0.0805981 0.4670000 -0.1396000
v -0.0795000 0.4648038 -0.1376981
v -0.0780000 0.4640000 -0.1351000
v -0.0765000 0.4648038 -0.1325019
v -0.0754019 0.4670000 -0.1306000
v -0.0750000 0.4700000 -0.1299039
v -0.0754019 0.4730000 -0.1306000
v -0.0765000 0.4751962 -0.1325019
v -0.0780000 0.4760000 -0.1351000
v -0.0795000 0.4751962 -0.1376981
v -0.0805981 0.4730000 -0.1396000
v -0.0716508 0.4700000 -0.1452934
v -0.0712952 0.4670000 -0.1445724
v -0.0703239 0.4648038 -0.1426028
v -0.0689970 0.4640000 -0.1399122
v -0.0676702 0.4648038 -0.1372215
v -0.0666988 0.4670000 -0.1352518
v -0.0663433 0.4700000 -0.1345309
v -0.0666988 0.4730000 -0.1352519
v -0.0676702 0.4751962 -0.1372215
v -0.0689970 0.4760000 -0.1399122
v -0.0703239 0.4751962 -0.1426028
v -0.0712952 0.4730000 -0.1445724
v -0.0619947 0.4700000 -0.1496685
v -0.0616871 0.4670000 -0.1489258
v -0.0608467 0.4648038 -0.1468968
v -0.0596986 0.4640000 -0.1441252
v -0.0585506 0.4648038 -0.1413535
v -0.0577101 0.4670000 -0.1393246
v -0.0574025 0.4700000 -0.1385819
v -0.0577101 0.4730000 -0.1393246
v -0.0585506 0.4751962 -0.1413536
v -0.0596986 0.4760000 -0.1441252
v -0.0608467 0.4751962 -0.1468969
v -0.0616871 0.4730000 -0.1489258
v -0.0520732 0.4700000 -0.1534027
v -0.0518148 0.4670000 -0.1526415
v -0.0511089 0.4648038 -0.1505619
v -0.0501446 0.4640000 -0.1477211
v -0.0491803 0.4648038 -0.1448803
v -0.0484743 0.4670000 -0.1428007
v -0.0482160 0.4700000 -0.1420395
v -0.0484743 0.4730000 -0.1428007
v -0.0491803 0.4751962 -0.1448803
v -0.0501446 0.4760000 -0.1477211
v -0.0511089 0.4751962 -0.1505619
v -0.0518148 0.4730000 -0.1526415
v -0.0419287 0.4700000 -0.1564800
v -0.0417207 0.4670000 -0.1557035
v -0.0411523 0.4648038 -0.1535822
v -0.0403758 0.4640000 -0.1506844
v -0.0395994 0.4648038 -0.1477866
v -0.0390310 0.4670000 -0.1456653
v -0.0388229 0.4700000 -0.1448889
v -0.0390310 0.4730000 -0.1456653
v -0.0395994 0.4751962 -0.1477866
v -0.0403758 0.4760000 -0.1506844
v -0.0411523 0.4751962 -0.1535822
v -0.0417207 0.4730000 -0.1557035
v -0.0316047 0.4700000 -0.1588872
v -0.0314479 0.4670000 -0.1580988
v -0.0310194 0.4648038 -0.1559449
v -0.0304342 0.4640000 -0.1530025
v -0.0298489 0.4648038 -0.1500601
v -0.0294204 0.4670000 -0.1479062
v -0.0292636 0.4700000 -0.1471178
v -0.0294204 0.4730000 -0.1479062
v -0.0298489 0.4751962 -0.1500601
v -0.0304342 0.4760000 -0.1530025
v -0.0310194 0.4751962 -0.1559449
v -0.0314479 0.4730000 -0.1580988
v -0.0211453 0.4700000 -0.1606141
v -0.0210404 0.4670000 -0.1598171
v -0.0207538 0.4648038 -0.1576397
v -0.0203622 0.4640000 -0.1546654
v -0.0199706 0.4648038 -0.1516910
v -0.0196839 0.4670000 -0.1495137
v -0.0195790 0.4700000 -0.1487167
v -0.0196839 0.4730000 -0.1495137
v -0.0199706 0.4751962 -0.1516910
v -0.0203622 0.4760000 -0.1546654
v -0.0207538 0.4751962 -0.1576397
v -0.0210404 0.4730000 -0.1598171
v -0.0105953 0.4700000 -0.1616532
v -0.0105427 0.4670000 -0.1608510
v -0.0103991 0.4648038 -0.1586596
v -0.0102029 0.4640000 -0.1556660
v -0.0100066 0.4648038 -0.1526724
v -0.0098630 0.4670000 -0.1504810
v -0.0098104 0.4700000 -0.1496788
v -0.0098630 0.4730000 -0.1504810
v -0.0100066 0.4751962 -0.1526724
v -0.0102029 0.4760000 -0.1556660
v -0.0103991 0.4751962 -0.1586596
v -0.0105427 0.4730000 -0.1608510
v 0.0000000 0.4700000 -0.1620000
v 0.0000000 0.4670000 -0.1611961
v 0.0000000 0.4648038 -0.1590000
v 0.0000000 0.4640000 -0.1560000
v 0.0000000 0.4648038 -0.1530000
v 0.0000000 0.4670000 -0.1508038
v 0.0000000 0.4700000 -0.1500000
v 0.0000000 0.4730000 -0.1508039
v 0.0000000 0.4751962 -0.1530000
v 0.0000000 0.4760000 -0.1560000
v 0.0000000 0.4751962 -0.1590000
v 0.0000000 0.4730000 -0.1611962
v 0.0105953 0.4700000 -0.1616532
v 0.0105427 0.4670000 -0.1608510
v 0.0103991 0.4648038 -0.1586596
v 0.0102029 0.4640000 -0.1556660
v 0.0100067 0.4648038 -0.1526724
v 0.0098630 0.4670000 -0.1504810
v 0.0098105 0.4700000 -0.1496788
v 0.0098630 0.4730000 -0.1504810
v 0.0100067 0.4751962 -0.1526724
v 0.0102029 0.4760000 -0.1556660
v 0.0103991 0.4751962 -0.1586596
v 0.0105427 0.4730000 -0.1608510
v 0.0211452 0.4700000 -0.1606141
v 0.0210403 0.4670000 -0.1598171
v 0.0207536 0.4648038 -0.1576397
v 0.0203621 0.4640000 -0.1546654
v 0.0199705 0.4648038 -0.1516910
v 0.0196838 0.4670000 -0.1495137
v 0.0195789 0.4700000 -0.1487167
v 0.0196838 0.4730000 -0.1495137
v 0.0199705 0.4751962 -0.1516911
v 0.0203621 0.4760000 -0.1546654
v 0.0207536 0.4751962 -0.1576397
v 0.0210403 0.4730000 -0.1598171
v 0.0316046 0.4700000 -0.1588872
v 0.0314478 0.4670000 -0.1580988
v 0.0310193 0.4648038 -0.1559449
v 0.0304340 0.4640000 -0.1530025
v 0.0298488 0.4648038 -0.1500601
v 0.0294203 0.4670000 -0.1479062
v 0.0292635 0.4700000 -0.1471178
v 0.0294203 0.4730000 -0.1479062
v 0.0298488 0.4751962 -0.1500602
v 0.0304340 0.4760000 -0.1530025
v 0.0310193 0.4751962 -0.1559449
v 0.0314478 0.4730000 -0.1580988
v 0.0419286 0.4700000 -0.1564800
v 0.0417206 0.4670000 -0.1557035
v 0.0411522 0.4648038 -0.1535822
v 0.0403757 0.4640000 -0.1506844
v 0.0395992 0.4648038 -0.1477866
v 0.0390308 0.4670000 -0.1456653
v 0.0388228 0.4700000 -0.1448889
v 0.0390308 0.4730000 -0.1456653
v 0.0395992 0.4751962 -0.1477867
v 0.0403757 0.4760000 -0.1506844
v 0.0411522 0.4751962 -0.1535822
v 0.0417206 0.4730000 -0.1557035
v 0.0520731 0.4700000 -0.1534027
v 0.0518147 0.4670000 -0.1526415
v 0.0511088 0.4648038 -0.1505619
v 0.0501445 0.4640000 -0.1477211
v 0.0491802 0.4648038 -0.1448803
v 0.0484742 0.4670000 -0.1428007
v 0.0482158 0.4700000 -0.1420395
v 0.0484742 0.4730000 -0.1428007
v 0.0491802 0.4751962 -0.1448803
v 0.0501445 0.4760000 -0.1477211
v 0.0511088 0.4751962 -0.1505619
v 0.0518147 0.4730000 -0.1526415
v 0.0619948 0.4700000 -0.1496685
v 0.0616871 0.4670000 -0.1489258
v 0.0608467 0.4648038 -0.1468968
v 0.0596987 0.4640000 -0.1441252
v 0.0585506 0.4648038 -0.1413535
v 0.0577102 0.4670000 -0.1393246
v 0.0574026 0.4700000 -0.1385819
v 0.0577102 0.4730000 -0.1393246
v 0.0585506 0.4751962 -0.1413535
v 0.0596987 0.4760000 -0.1441252
v 0.0608467 0.4751962 -0.1468968
v 0.0616871 0.4730000 -0.1489258
v 0.0716508 0.4700000 -0.1452934
v 0.0712953 0.4670000 -0.1445724
v 0.0703239 0.4648038 -0.1426028
v 0.0689971 0.4640000 -0.1399121
v 0.0676702 0.4648038 -0.1372215
v 0.0666988 0.4670000 -0.1352518
v 0.0663433 0.4700000 -0.1345309
v 0.0666988 0.4730000 -0.1352518
v 0.0676702 0.4751962 -0.1372215
v 0.0689971 0.4760000 -0.1399122
v 0.0703239 0.4751962 -0.1426028
v 0.0712953 0.4730000 -0.1445724
v 0.0810000 0.4700000 -0.1402961
v 0.0805981 0.4670000 -0.1396000
v 0.0795000 0.4648038 -0.1376981
v 0.0780000 0.4640000 -0.1351000
v 0.0765000 0.4648038 -0.1325019
v 0.0754019 0.4670000 -0.1306000
v 0.0750000 0.4700000 -0.1299038
v 0.0754019 0.4730000 -0.1306000
v 0.0765000 0.4751962 -0.1325019
v 0.0780000 0.4760000 -0.1351000
v 0.0795000 0.4751962 -0.1376981
v 0.0805981 0.4730000 -0.1396000
v 0.0900024 0.4700000 -0.1346981
v 0.0895558 0.4670000 -0.1340297
v 0.0883357 0.4648038 -0.1322037
v 0.0866689 0.4640000 -0.1297093
v 0.0850022 0.4648038 -0.1272148
v 0.0837821 0.4670000 -0.1253888
v 0.0833355 0.4700000 -0.1247205
v 0.0837821 0.4730000 -0.1253888
v 0.0850022 0.4751962 -0.1272149
v 0.0866689 0.4760000 -0.1297093
v 0.0883357 0.4751962 -0.1322037
v 0.0895558 0.4730000 -0.1340297
v 0.0986193 0.4700000 -0.1285233
v 0.0981300 0.4670000 -0.1278855
v 0.0967930 0.4648038 -0.1261432
v 0.0949667 0.4640000 -0.1237631
v 0.0931405 0.4648038 -0.1213831
v 0.0918035 0.4670000 -0.1196408
v 0.0913142 0.4700000 -0.1190030
v 0.0918035 0.4730000 -0.1196408
v 0.0931405 0.4751962 -0.1213831
v 0.0949667 0.4760000 -0.1237631
v 0.0967930 0.4751962 -0.1261432
v 0.0981300 0.4730000 -0.1278856
v 0.1068140 0.4700000 -0.1217981
v 0.1062840 0.4670000 -0.1211937
v 0.1048359 0.4648038 -0.1195426
v 0.1028579 0.4640000 -0.1172871
v 0.1008799 0.4648038 -0.1150315
v 0.0994318 0.4670000 -0.1133804
v 0.0989018 0.4700000 -0.1127760
v 0.0994318 0.4730000 -0.1133804
v 0.1008799 0.4751962 -0.1150315
v 0.1028579 0.4760000 -0.1172871
v 0.1048359 0.4751962 -0.1195426
v 0.1062840 0.4730000 -0.1211937
v 0.1145512 0.4700000 -0.1145514
v 0.1139828 0.4670000 -0.1139829
v 0.1124299 0.4648038 -0.1124300
v 0.1103086 0.4640000 -0.1103087
v 0.1081873 0.4648038 -0.1081874
v 0.1066344 0.4670000 -0.1066345
v 0.1060660 0.4700000 -0.1060661
v 0.1066344 0.4730000 -0.1066345
v 0.1081873 0.4751962 -0.1081874
v 0.1103086 0.4760000 -0.1103087
v 0.1124299 0.4751962 -0.1124301
v 0.1139828 0.4730000 -0.1139830
v 0.1217981 0.4700000 -0.1068140
v 0.1211937 0.4670000 -0.1062840
v 0.1195426 0.4648038 -0.1048360
v 0.1172870 0.4640000 -0.1028579
v 0.1150315 0.4648038 -0.1008799
v 0.1133804 0.4670000 -0.0994318
v 0.1127760 0.4700000 -0.0989018
v 0.1133804 0.4730000 -0.0994319
v 0.1150315 0.4751962 -0.1008799
v 0.1172870 0.4760000 -0.1028579
v 0.1195426 0.4751962 -0.1048360
v 0.1211937 0.4730000 -0.1062840
v 0.1285233 0.4700000 -0.0986193
v 0.1278855 0.4670000 -0.0981300
v 0.1261432 0.4648038 -0.0967931
v 0.1237631 0.4640000 -0.0949668
v 0.1213831 0.4648038 -0.0931405
v 0.1196408 0.4670000 -0.0918036
v 0.1190030 0.4700000 -0.0913142
v 0.1196408 0.4730000 -0.0918036
v 0.1213831 0.4751962 -0.0931405
v 0.1237631 0.4760000 -0.0949668
v 0.1261432 0.4751962 -0.0967931
v 0.1278855 0.4730000 -0.0981300
v 0.1346981 0.4700000 -0.0900024
v 0.1340297 0.4670000 -0.0895558
v 0.1322037 0.4648038 -0.0883357
v 0.1297093 0.4640000 -0.0866690
v 0.1272148 0.4648038 -0.0850022
v 0.1253888 0.4670000 -0.0837821
v 0.1247204 0.4700000 -0.0833355
v 0.1253888 0.4730000 -0.0837821
v 0.1272148 0.4751962 -0.0850022
v 0.1297093 0.4760000 -0.0866690
v 0.1322037 0.4751962 -0.0883357
v 0.1340297 0.4730000 -0.0895558
v 0.1402961 0.4700000 -0.0810000
v 0.1395999 0.4670000 -0.0805981
v 0.1376980 0.4648038 -0.0795000
v 0.1350999 0.4640000 -0.0780000
v 0.1325019 0.4648038 -0.0765000
v 0.1305999 0.4670000 -0.0754019
v 0.1299038 0.4700000 -0.0750000
v 0.1305999 0.4730000 -0.0754019
v 0.1325019 0.4751962 -0.0765000
v 0.1350999 0.4760000 -0.0780000
v 0.1376980 0.4751962 -0.0795000
v 0.1395999 0.4730000 -0.0805981
v 0.1452934 0.4700000 -0.0716508
v 0.1445724 0.4670000 -0.0712953
v 0.1426028 0.4648038 -0.0703239
v 0.1399121 0.4640000 -0.0689971
v 0.1372215 0.4648038 -0.0676702
v 0.1352518 0.4670000 -0.0666989
v 0.1345309 0.4700000 -0.0663433
v 0.1352518 0.4730000 -0.0666989
v 0.1372215 0.4751962 -0.0676702
v 0.1399121 0.4760000 -0.0689971
v 0.1426028 0.4751962 -0.0703239
v 0.1445724 0.4730000 -0.0712953
v 0.1496685 0.4700000 -0.0619948
v 0.1489258 0.4670000 -0.0616872
v 0.1468968 0.4648038 -0.0608467
v 0.1441252 0.4640000 -0.0596987
v 0.1413535 0.4648038 -0.0585506
v 0.1393246 0.4670000 -0.0577102
v 0.1385819 0.4700000 -0.0574026
v 0.1393246 0.4730000 -0.0577102
v 0.1413535 0.4751962 -0.0585506
v 0.1441252 0.4760000 -0.0596987
v 0.1468968 0.4751962 -0.0608467
v 0.1489258 0.4730000 -0.0616872
v 0.1534027 0.4700000 -0.0520733
v 0.1526415 0.4670000 -0.0518149
v 0.1505619 0.4648038 -0.0511090
v 0.1477211 0.4640000 -0.0501446
v 0.1448803 0.4648038 -0.0491803
v 0.1428007 0.4670000 -0.0484744
v 0.1420395 0.4700000 -0.0482160
v 0.1428007 0.4730000 -0.0484744
v 0.1448803 0.4751962 -0.0491803
v 0.1477211 0.4760000 -0.0501446
v 0.1505619 0.4751962 -0.0511090
v 0.1526415 0.4730000 -0.0518149
v 0.1564800 0.4700000 -0.0419286
v 0.1557035 0.4670000 -0.0417206
v 0.1535822 0.4648038 -0.0411522
v 0.1506844 0.4640000 -0.0403757
v 0.1477867 0.4648038 -0.0395993
v 0.1456653 0.4670000 -0.0390309
v 0.1448889 0.4700000 -0.0388228
v 0.1456653 0.4730000 -0.0390309
v 0.1477867 0.4751962 -0.0395993
v 0.1506844 0.4760000 -0.0403757
v 0.1535822 0.4751962 -0.0411522
v 0.1557035 0.4730000 -0.0417206
v 0.1588872 0.4700000 -0.0316046
v 0.1580988 0.4670000 -0.0314478
v 0.1559449 0.4648038 -0.0310193
v 0.1530025 0.4640000 -0.0304341
v 0.1500601 0.4648038 -0.0298488
v 0.1479062 0.4670000 -0.0294203
v 0.1471178 0.4700000 -0.0292635
v 0.1479062 0.4730000 -0.0294203
v 0.1500601 0.4751962 -0.0298488
v 0.1530025 0.4760000 -0.0304341
v 0.1559449 0.4751962 -0.0310193
v 0.1580988 0.4730000 -0.0314478
v 0.1606141 0.4700000 -0.0211452
v 0.1598171 0.4670000 -0.0210403
v 0.1576397 0.4648038 -0.0207537
v 0.1546654 0.4640000 -0.0203621
v 0.1516911 0.4648038 -0.0199705
v 0.1495137 0.4670000 -0.0196838
v 0.1487167 0.4700000 -0.0195789
v 0.1495137 0.4730000 -0.0196838
v 0.1516911 0.4751962 -0.0199705
v 0.1546654 0.4760000 -0.0203621
v 0.1576397 0.4751962 -0.0207537
v 0.1598171 0.4730000 -0.0210403
v 0.1616531 0.4700000 -0.0105953
v 0.1608510 0.4670000 -0.0105428
v 0.1586596 0.4648038 -0.0103991
v 0.1556660 0.4640000 -0.0102029
v 0.1526724 0.4648038 -0.0100067
v 0.1504810 0.4670000 -0.0098631
v 0.1496788 0.4700000 -0.0098105
v 0.1504810 0.4730000 -0.0098631
v 0.1526724 0.4751962 -0.0100067
v 0.1556660 0.4760000 -0.0102029
v 0.1586596 0.4751962 -0.0103991
v 0.1608510 0.4730000 -0.0105428
f 2521 2533 2534
f 2521 2534 2522
f 2522 2534 2535
f 2522 2535 2523
f 2523 2535 2536
f 2523 2536 2524
f 2524 2536 2537
f 2524 2537 2525
f 2525 2537 2538
f 2525 2538 2526
f 2526 2538 2539
f 2526 2539 2527
f 2527 2539 2540
f 2527 2540 2528
f 2528 2540 2541
f 2528 2541 2529
f 2529 2541 2542
f 2529 2542 2530
f 2530 2542 2543
f 2530 2543 2531
f 2531 2543 2544
f 2531 2544 2532
f 2532 2544 2533
f 2532 2533 2521
f 2533 2545 2546
f 2533 2546 2534
f 2534 2546 2547
f 2534 2547 2535
f 2535 2547 2548
f 2535 2548 2536
f 2536 2548 2549
f 2536 2549 2537
f 2537 2549 2550
f 2537 2550 2538
f 2538 2550 2551
f 2538 2551 2539
f 2539 2551 2552
f 2539 2552 2540
f 2540 2552 2553
f 2540 2553 2541
f 2541 2553 2554
f 2541 2554 2542
f 2542 2554 2555
f 2542 2555 2543
f 2543 2555 2556
f 2543 2556 2544
f 2544 2556 2545
f 2544 2545 2533
f 2545 2557 2558
f 2545 2558 2546
f 2546 2558 2559
f 2546 2559 2547
f 2547 2559 2560
f 2547 2560 2548
f 2548 2560 2561
f 2548 2561 2549
f 2549 2561 2562
f 2549 2562 2550
f 2550 2562 2563
f 2550 2563 2551
f 2551 2563 2564
f 2551 2564 2552
f 2552 2564 2565
f 2552 2565 2553
f 2553 2565 2566
f 2553 2566 2554
f 2554 2566 2567
f 2554 2567 2555
f 2555 2567 2568
f 2555 2568 2556
f 2556 2568 2557
f 2556 2557 2545
f 2557 2569 2570
f 2557 2570 2558
f 2558 2570 2571
f 2558 2571 2559
f 2559 2571 2572
f 2559 2572 2560
f 2560 2572 2573
f 2560 2573 2561
f 2561 2573 2574
f 2561 2574 2562
f 2562 2574 2575
f 2562 2575 2563
f 2563 2575 2576
f 2563 2576 2564
f 2564 2576 2577
f 2564 2577 2565
f 2565 2577 2578
f 2565 2578 2566
f 2566 2578 2579
f 2566 2579 2567
f 2567 2579 2580
f 2567 2580 2568
f 2568 2580 2569
f 2568 2569 2557
f 2569 2581 2582
f 2569 2582 2570
f 2570 2582 2583
f 2570 2583 2571
f 2571 2583 2584
f 2571 2584 2572
f 2572 2584 2585
f 2572 2585 2573
f 2573 2585 2586
f 2573 2586 2574
f 2574 2586 2587
f 2574 2587 2575
f 2575 2587 2588
f 2575 2588 2576
f 2576 2588 2589
f 2576 2589 2577
f 2577 2589 2590
f 2577 2590 2578
f 2578 2590 2591
f 2578 2591 2579
f 2579 2591 2592
f 2579 2592 2580
f 2580 2592 2581
f 2580 2581 2569
f 2581 2593 2594
f 2581 2594 2582
f 2582 2594 2595
f 2582 2595 2583
f 2583 2595 2596
f 2583 2596 2584
f 2584 2596 2597
f 2584 2597 2585
f 2585 2597 2598
f 2585 2598 2586
f 2586 2598 2599
f 2586 2599 2587
f 2587 2599 2600
f 2587 2600 2588
f 2588 2600 2601
f 2588 2601 2589
f 2589 2601 2602
f 2589 2602 2590
f 2590 2602 2603
f 2590 2603 2591
f 2591 2603 2604
f 2591 2604 2592
f 2592 2604 2593
f 2592 2593 2581
f 2593 2605 2606
f 2593 2606 2594
f 2594 2606 2607
f 2594 2607 2595
f 2595 2607 2608
f 2595 2608 2596
f 2596 2608 2609
f 2596 2609 2597
f 2597 2609 2610
f 2597 2610 2598
f 2598 2610 2611
f 2598 2611 2599
f 2599 2611 2612
f 2599 2612 2600
f 2600 2612 2613
f 2600 2613 2601
f 2601 2613 2614
f 2601 2614 2602
f 2602 2614 2615
f 2602 2615 2603
f 2603 2615 2616
f 2603 2616 2604
f 2604 2616 2605
f 2604 2605 2593
f 2605 2617 2618
f 2605 2618 2606
f 2606 2618 2619
f 2606 2619 2607
f 2607 2619 2620
f 2607 2620 2608
f 2608 2620 2621
f 2608 2621 2609
f 2609 2621 2622
f 2609 2622 2610
f 2610 2622 2623
f 2610 2623 2611
f 2611 2623 2624
f 2611 2624 2612
f 2612 2624 2625
f 2612 2625 2613
f 2613 2625 2626
f 2613 2626 2614
f 2614 2626 2627
f 2614 2627 2615
f 2615 2627 2628
f 2615 2628 2616
f 2616 2628 2617
f 2616 2617 2605
f 2617 2629 2630
f 2617 2630 2618
f 2618 2630 2631
f 2618 2631 2619
f 2619 2631 2632
f 2619 2632 2620
f 2620 2632 2633
f 2620 2633 2621
f 2621 2633 2634
f 2621 2634 2622
f 2622 2634 2635
f 2622 2635 2623
f 2623 2635 2636
f 2623 2636 2624
f 2624 2636 2637
f 2624 2637 2625
f 2625 2637 2638
f 2625 2638 2626
f 2626 2638 2639
f 2626 2639 2627
f 2627 2639 2640
f 2627 2640 2628
f 2628 2640 2629
f 2628 2629 2617
f 2629 2641 2642
f 2629 2642 2630
f 2630 2642 2643
f 2630 2643 2631
f 2631 2643 2644
f 2631 2644 2632
f 2632 2644 2645
f 2632 2645 2633
f 2633 2645 2646
f 2633 2646 2634
f 2634 2646 2647
f 2634 2647 2635
f 2635 2647 2648
f 2635 2648 2636
f 2636 2648 2649
f 2636 2649 2637
f 2637 2649 2650
f 2637 2650 2638
f 2638 2650 2651
f 2638 2651 2639
f 2639 2651 2652
f 2639 2652 2640
f 2640 2652 2641
f 2640 2641 2629
f 2641 2653 2654
f 2641 2654 2642
f 2642 2654 2655
f 2642 2655 2643
f 2643 2655 2656
f 2643 2656 2644
f 2644 2656 2657
f 2644 2657 2645
f 2645 2657 2658
f 2645 2658 2646
f 2646 2658 2659
f 2646 2659 2647
f 2647 2659 2660
f 2647 2660 2648
f 2648 2660 2661
f 2648 2661 2649
f 2649 2661 2662
f 2649 2662 2650
f 2650 2662 2663
f 2650 2663 2651
f 2651 2663 2664
f 2651 2664 2652
f 2652 2664 2653
f 2652 2653 2641
f 2653 2665 2666
f 2653 2666 2654
f 2654 2666 2667
f 2654 2667 2655
f 2655 2667 2668
f 2655 2668 2656
f 2656 2668 2669
f 2656 2669 2657
f 2657 2669 2670
f 2657 2670 2658
f 2658 2670 2671
f 2658 2671 2659
f 2659 2671 2672
f 2659 2672 2660
f 2660 2672 2673
f 2660 2673 2661
f 2661 2673 2674
f 2661 2674 2662
f 2662 2674 2675
f 2662 2675 2663
f 2663 2675 2676
f 2663 2676 2664
f 2664 2676 2665
f 2664 2665 2653
f 2665 2677 2678
f 2665 2678 2666
f 2666 2678 2679
f 2666 2679 2667
f 2667 2679 2680
f 2667 2680 2668
f 2668 2680 2681
f 2668 2681 2669
f 2669 2681 2682
f 2669 2682 2670
f 2670 2682 2683
f 2670 2683 2671
f 2671 2683 2684
f 2671 2684 2672
f 2672 2684 2685
f 2672 2685 2673
f 2673 2685 2686
f 2673 2686 2674
f 2674 2686 2687
f 2674 2687 2675
f 2675 2687 2688
f 2675 2688 2676
f 2676 2688 2677
f 2676 2677 2665
f 2677 2689 2690
f 2677 2690 2678
f 2678 2690 2691
f 2678 2691 2679
f 2679 2691 2692
f 2679 2692 2680
f 2680 2692 2693
f 2680 2693 2681
f 2681 2693 2694
f 2681 2694 2682
f 2682 2694 2695
f 2682 2695 2683
f 2683 2695 2696
f 2683 2696 2684
f 2684 2696 2697
f 2684 2697 2685
f 2685 2697 2698
f 2685 2698 2686
f 2686 2698 2699
f 2686 2699 2687
f 2687 2699 2700
f 2687 2700 2688
f 2688 2700 2689
f 2688 2689 2677
f 2689 2701 2702
f 2689 2702 2690
f 2690 2702 2703
f 2690 2703 2691
f 2691 2703 2704
f 2691 2704 2692
f 2692 2704 2705
f 2692 2705 2693
f 2693 2705 2706
f 2693 2706 2694
f 2694 2706 2707
f 2694 2707 2695
f 2695 2707 2708
f 2695 2708 2696
f 2696 2708 2709
f 2696 2709 2697
f 2697 2709 2710
f 2697 2710 2698
f 2698 2710 2711
f 2698 2711 2699
f 2699 2711 2712
f 2699 2712 2700
f 2700 2712 2701
f 2700 2701 2689
f 2701 2713 2714
f 2701 2714 2702
f 2702 2714 2715
f 2702 2715 2703
f 2703 2715 2716
f 2703 2716 2704
f 2704 2716 2717
f 2704 2717 2705
f 2705 2717 2718
f 2705 2718 2706
f 2706 2718 2719
f 2706 2719 2707
f 2707 2719 2720
f 2707 2720 2708
f 2708 2720 2721
f 2708 2721 2709
f 2709 2721 2722
f 2709 2722 2710
f 2710 2722 2723
f 2710 2723 2711
f 2711 2723 2724
f 2711 2724 2712
f 2712 2724 2713
f 2712 2713 2701
f 2713 2725 2726
f 2713 2726 2714
f 2714 2726 2727
f 2714 2727 2715
f 2715 2727 2728
f 2715 2728 2716
f 2716 2728 2729
f 2716 2729 2717
f 2717 2729 2730
f 2717 2730 2718
f 2718 2730 2731
f 2718 2731 2719
f 2719 2731 2732
f 2719 2732 2720
f 2720 2732 2733
f 2720 2733 2721
f 2721 2733 2734
f 2721 2734 2722
f 2722 2734 2735
f 2722 2735 2723
f 2723 2735 2736
f 2723 2736 2724
f 2724 2736 2725
f 2724 2725 2713
f 2725 2737 2738
f 2725 2738 2726
f 2726 2738 2739
f 2726 2739 2727
f 2727 2739 2740
f 2727 2740 2728
f 2728 2740 2741
f 2728 2741 2729
f 2729 2741 2742
f 2729 2742 2730
f 2730 2742 2743
f 2730 2743 2731
f 2731 2743 2744
f 2731 2744 2732
f 2732 2744 2745
f 2732 2745 2733
f 2733 2745 2746
f 2733 2746 2734
f 2734 2746 2747
f 2734 2747 2735
f 2735 2747 2748
f 2735 2748 2736
f 2736 2748 2737
f 2736 2737 2725
f 2737 2749 2750
f 2737 2750 2738
f 2738 2750 2751
f 2738 2751 2739
f 2739 2751 2752
f 2739 2752 2740
f 2740 2752 2753
f 2740 2753 2741
f 2741 2753 2754
f 2741 2754 2742
f 2742 2754 2755
f 2742 2755 2743
f 2743 2755 2756
f 2743 2756 2744
f 2744 2756 2757
f 2744 2757 2745
f 2745 2757 2758
f 2745 2758 2746
f 2746 2758 2759
f 2746 2759 2747
f 2747 2759 2760
f 2747 2760 2748
f 2748 2760 2749
f 2748 2749 2737
f 2749 2761 2762
f 2749 2762 2750
f 2750 2762 2763
f 2750 2763 2751
f 2751 2763 2764
f 2751 2764 2752
f 2752 2764 2765
f 2752 2765 2753
f 2753 2765 2766
f 2753 2766 2754
f 2754 2766 2767
f 2754 2767 2755
f 2755 2767 2768
f 2755 2768 2756
f 2756 2768 2769
f 2756 2769 2757
f 2757 2769 2770
f 2757 2770 2758
f 2758 2770 2771
f 2758 2771 2759
f 2759 2771 2772
f 2759 2772 2760
f 2760 2772 2761
f 2760 2761 2749
f 2761 2773 2774
f 2761 2774 2762
f 2762 2774 2775
f 2762 2775 2763
f 2763 2775 2776
f 2763 2776 2764
f 2764 2776 2777
f 2764 2777 2765
f 2765 2777 2778
f 2765 2778 2766
f 2766 2778 2779
f 2766 2779 2767
f 2767 2779 2780
f 2767 2780 2768
f 2768 2780 2781
f 2768 2781 2769
f 2769 2781 2782
f 2769 2782 2770
f 2770 2782 2783
f 2770 2783 2771
f 2771 2783 2784
f 2771 2784 2772
f 2772 2784 2773
f 2772 2773 2761
f 2773 2785 2786
f 2773 2786 2774
f 2774 2786 2787
f 2774 2787 2775
f 2775 2787 2788
f 2775 2788 2776
f 2776 2788 2789
f 2776 2789 2777
f 2777 2789 2790
f 2777 2790 2778
f 2778 2790 2791
f 2778 2791 2779
f 2779 2791 2792
f 2779 2792 2780
f 2780 2792 2793
f 2780 2793 2781
f 2781 2793 2794
f 2781 2794 2782
f 2782 2794 2795
f 2782 2795 2783
f 2783 2795 2796
f 2783 2796 2784
f 2784 2796 2785
f 2784 2785 2773
f 2785 2797 2798
f 2785 2798 2786
f 2786 2798 2799
f 2786 2799 2787
f 2787 2799 2800
f 2787 2800 2788
f 2788 2800 2801
f 2788 2801 2789
f 2789 2801 2802
f 2789 2802 2790
f 2790 2802 2803
f 2790 2803 2791
f 2791 2803 2804
f 2791 2804 2792
f 2792 2804 2805
f 2792 2805 2793
f 2793 2805 2806
f 2793 2806 2794
f 2794 2806 2807
f 2794 2807 2795
f 2795 2807 2808
f 2795 2808 2796
f 2796 2808 2797
f 2796 2797 2785
f 2797 2809 2810
f 2797 2810 2798
f 2798 2810 2811
f 2798 2811 2799
f 2799 2811 2812
f 2799 2812 2800
f 2800 2812 2813
f 2800 2813 2801
f 2801 2813 2814
f 2801 2814 2802
f 2802 2814 2815
f 2802 2815 2803
f 2803 2815 2816
f 2803 2816 2804
f 2804 2816 2817
f 2804 2817 2805
f 2805 2817 2818
f 2805 2818 2806
f 2806 2818 2819
f 2806 2819 2807
f 2807 2819 2820
f 2807 2820 2808
f 2808 2820 2809
f 2808 2809 2797
f 2809 2821 2822
f 2809 2822 2810
f 2810 2822 2823
f 2810 2823 2811
f 2811 2823 2824
f 2811 2824 2812
f 2812 2824 2825
f 2812 2825 2813
f 2813 2825 2826
f 2813 2826 2814
f 2814 2826 2827
f 2814 2827 2815
f 2815 2827 2828
f 2815 2828 2816
f 2816 2828 2829
f 2816 2829 2817
f 2817 2829 2830
f 2817 2830 2818
f 2818 2830 2831
f 2818 2831 2819
f 2819 2831 2832
f 2819 2832 2820
f 2820 2832 2821
f 2820 2821 2809
f 2821 2833 2834
f 2821 2834 2822
f 2822 2834 2835
f 2822 2835 2823
f 2823 2835 2836
f 2823 2836 2824
f 2824 2836 2837
f 2824 2837 2825
f 2825 2837 2838
f 2825 2838 2826
f 2826 2838 2839
f 2826 2839 2827
f 2827 2839 2840
f 2827 2840 2828
f 2828 2840 2841
f 2828 2841 2829
f 2829 2841 2842
f 2829 2842 2830
f 2830 2842 2843
f 2830 2843 2831
f 2831 2843 2844
f 2831 2844 2832
f 2832 2844 2833
f 2832 2833 2821
f 2833 2845 2846
f 2833 2846 2834
f 2834 2846 2847
f 2834 2847 2835
f 2835 2847 2848
f 2835 2848 2836
f 2836 2848 2849
f 2836 2849 2837
f 2837 2849 2850
f 2837 2850 2838
f 2838 2850 2851
f 2838 2851 2839
f 2839 2851 2852
f 2839 2852 2840
f 2840 2852 2853
f 2840 2853 2841
f 2841 2853 2854
f 2841 2854 2842
f 2842 2854 2855
f 2842 2855 2843
f 2843 2855 2856
f 2843 2856 2844
f 2844 2856 2845
f 2844 2845 2833
f 2845 2857 2858
f 2845 2858 2846
f 2846 2858 2859
f 2846 2859 2847
f 2847 2859 2860
f 2847 2860 2848
f 2848 2860 2861
f 2848 2861 2849
f 2849 2861 2862
f 2849 2862 2850
f 2850 2862 2863
f 2850 2863 2851
f 2851 2863 2864
f 2851 2864 2852
f 2852 2864 2865
f 2852 2865 2853
f 2853 2865 2866
f 2853 2866 2854
f 2854 2866 2867
f 2854 2867 2855
f 2855 2867 2868
f 2855 2868 2856
f 2856 2868 2857
f 2856 2857 2845
f 2857 2869 2870
f 2857 2870 2858
f 2858 2870 2871
f 2858 2871 2859
f 2859 2871 2872
f 2859 2872 2860
f 2860 2872 2873
f 2860 2873 2861
f 2861 2873 2874
f 2861 2874 2862
f 2862 2874 2875
f 2862 2875 2863
f 2863 2875 2876
f 2863 2876 2864
f 2864 2876 2877
f 2864 2877 2865
f 2865 2877 2878
f 2865 2878 2866
f 2866 2878 2879
f 2866 2879 2867
f 2867 2879 2880
f 2867 2880 2868
f 2868 2880 2869
f 2868 2869 2857
f 2869 2881 2882
f 2869 2882 2870
f 2870 2882 2883
f 2870 2883 2871
f 2871 2883 2884
f 2871 2884 2872
f 2872 2884 2885
f 2872 2885 2873
f 2873 2885 2886
f 2873 2886 2874
f 2874 2886 2887
f 2874 2887 2875
f 2875 2887 2888
f 2875 2888 2876
f 2876 2888 2889
f 2876 2889 2877
f 2877 2889 2890
f 2877 2890 2878
f 2878 2890 2891
f 2878 2891 2879
f 2879 2891 2892
f 2879 2892 2880
f 2880 2892 2881
f 2880 2881 2869
f 2881 2893 2894
f 2881 2894 2882
f 2882 2894 2895
f 2882 2895 2883
f 2883 2895 2896
f 2883 2896 2884
f 2884 2896 2897
f 2884 2897 2885
f 2885 2897 2898
f 2885 2898 2886
f 2886 2898 2899
f 2886 2899 2887
f 2887 2899 2900
f 2887 2900 2888
f 2888 2900 2901
f 2888 2901 2889
f 2889 2901 2902
f 2889 2902 2890
f 2890 2902 2903
f 2890 2903 2891
f 2891 2903 2904
f 2891 2904 2892
f 2892 2904 2893
f 2892 2893 2881
f 2893 2905 2906
f 2893 2906 2894
f 2894 2906 2907
f 2894 2907 2895
f 2895 2907 2908
f 2895 2908 2896
f 2896 2908 2909
f 2896 2909 2897
f 2897 2909 2910
f 2897 2910 2898
f 2898 2910 2911
f 2898 2911 2899
f 2899 2911 2912
f 2899 2912 2900
f 2900 2912 2913
f 2900 2913 2901
f 2901 2913 2914
f 2901 2914 2902
f 2902 2914 2915
f 2902 2915 2903
f 2903 2915 2916
f 2903 2916 2904
f 2904 2916 2905
f 2904 2905 2893
f 2905 2917 2918
f 2905 2918 2906
f 2906 2918 2919
f 2906 2919 2907
f 2907 2919 2920
f 2907 2920 2908
f 2908 2920 2921
f 2908 2921 2909
f 2909 2921 2922
f 2909 2922 2910
f 2910 2922 2923
f 2910 2923 2911
f 2911 2923 2924
f 2911 2924 2912
f 2912 2924 2925
f 2912 2925 2913
f 2913 2925 2926
f 2913 2926 2914
f 2914 2926 2927
f 2914 2927 2915
f 2915 2927 2928
f 2915 2928 2916
f 2916 2928 2917
f 2916 2917 2905
f 2917 2929 2930
f 2917 2930 2918
f 2918 2930 2931
f 2918 2931 2919
f 2919 2931 2932
f 2919 2932 2920
f 2920 2932 2933
f 2920 2933 2921
f 2921 2933 2934
f 2921 2934 2922
f 2922 2934 2935
f 2922 2935 2923
f 2923 2935 2936
f 2923 2936 2924
f 2924 2936 2937
f 2924 2937 2925
f 2925 2937 2938
f 2925 2938 2926
f 2926 2938 2939
f 2926 2939 2927
f 2927 2939 2940
f 2927 2940 2928
f 2928 2940 2929
f 2928 2929 2917
f 2929 2941 2942
f 2929 2942 2930
f 2930 2942 2943
f 2930 2943 2931
f 2931 2943 2944
f 2931 2944 2932
f 2932 2944 2945
f 2932 2945 2933
f 2933 2945 2946
f 2933 2946 2934
f 2934 2946 2947
f 2934 2947 2935
f 2935 2947 2948
f 2935 2948 2936
f 2936 2948 2949
f 2936 2949 2937
f 2937 2949 2950
f 2937 2950 2938
f 2938 2950 2951
f 2938 2951 2939
f 2939 2951 2952
f 2939 2952 2940
f 2940 2952 2941
f 2940 2941 2929
f 2941 2953 2954
f 2941 2954 2942
f 2942 2954 2955
f 2942 2955 2943
f 2943 2955 2956
f 2943 2956 2944
f 2944 2956 2957
f 2944 2957 2945
f 2945 2957 2958
f 2945 2958 2946
f 2946 2958 2959
f 2946 2959 2947
f 2947 2959 2960
f 2947 2960 2948
f 2948 2960 2961
f 2948 2961 2949
f 2949 2961 2962
f 2949 2962 2950
f 2950 2962 2963
f 2950 2963 2951
f 2951 2963 2964
f 2951 2964 2952
f 2952 2964 2953
f 2952 2953 2941
f 2953 2965 2966
f 2953 2966 2954
f 2954 2966 2967
f 2954 2967 2955
f 2955 2967 2968
f 2955 2968 2956
f 2956 2968 2969
f 2956 2969 2957
f 2957 2969 2970
f 2957 2970 2958
f 2958 2970 2971
f 2958 2971 2959
f 2959 2971 2972
f 2959 2972 2960
f 2960 2972 2973
f 2960 2973 2961
f 2961 2973 2974
f 2961 2974 2962
f 2962 2974 2975
f 2962 2975 2963
f 2963 2975 2976
f 2963 2976 2964
f 2964 2976 2965
f 2964 2965 2953
f 2965 2977 2978
f 2965 2978 2966
f 2966 2978 2979
f 2966 2979 2967
f 2967 2979 2980
f 2967 2980 2968
f 2968 2980 2981
f 2968 2981 2969
f 2969 2981 2982
f 2969 2982 2970
f 2970 2982 2983
f 2970 2983 2971
f 2971 2983 2984
f 2971 2984 2972
f 2972 2984 2985
f 2972 2985 2973
f 2973 2985 2986
f 2973 2986 2974
f 2974 2986 2987
f 2974 2987 2975
f 2975 2987 2988
f 2975 2988 2976
f 2976 2988 2977
f 2976 2977 2965
f 2977 2989 2990
f 2977 2990 2978
f 2978 2990 2991
f 2978 2991 2979
f 2979 2991 2992
f 2979 2992 2980
f 2980 2992 2993
f 2980 2993 2981
f 2981 2993 2994
f 2981 2994 2982
f 2982 2994 2995
f 2982 2995 2983
f 2983 2995 2996
f 2983 2996 2984
f 2984 2996 2997
f 2984 2997 2985
f 2985 2997 2998
f 2985 2998 2986
f 2986 2998 2999
f 2986 2999 2987
f 2987 2999 3000
f 2987 3000 2988
f 2988 3000 2989
f 2988 2989 2977
f 2989 3001 3002
f 2989 3002 2990
f 2990 3002 3003
f 2990 3003 2991
f 2991 3003 3004
f 2991 3004 2992
f 2992 3004 3005
f 2992 3005 2993
f 2993 3005 3006
f 2993 3006 2994
f 2994 3006 3007
f 2994 3007 2995
f 2995 3007 3008
f 2995 3008 2996
f 2996 3008 3009
f 2996 3009 2997
f 2997 3009 3010
f 2997 3010 2998
f 2998 3010 3011
f 2998 3011 2999
f 2999 3011 3012
f 2999 3012 3000
f 3000 3012 3001
f 3000 3001 2989
f 3001 3013 3014
f 3001 3014 3002
f 3002 3014 3015
f 3002 3015 3003
f 3003 3015 3016
f 3003 3016 3004
f 3004 3016 3017
f 3004 3017 3005
f 3005 3017 3018
f 3005 3018 3006
f 3006 3018 3019
f 3006 3019 3007
f 3007 3019 3020
f 3007 3020 3008
f 3008 3020 3021
f 3008 3021 3009
f 3009 3021 3022
f 3009 3022 3010
f 3010 3022 3023
f 3010 3023 3011
f 3011 3023 3024
f 3011 3024 3012
f 3012 3024 3013
f 3012 3013 3001
f 3013 3025 3026
f 3013 3026 3014
f 3014 3026 3027
f 3014 3027 3015
f 3015 3027 3028
f 3015 3028 3016
f 3016 3028 3029
f 3016 3029 3017
f 3017 3029 3030
f 3017 3030 3018
f 3018 3030 3031
f 3018 3031 3019
f 3019 3031 3032
f 3019 3032 3020
f 3020 3032 3033
f 3020 3033 3021
f 3021 3033 3034
f 3021 3034 3022
f 3022 3034 3035
f 3022 3035 3023
f 3023 3035 3036
f 3023 3036 3024
f 3024 3036 3025
f 3024 3025 3013
f 3025 3037 3038
f 3025 3038 3026
f 3026 3038 3039
f 3026 3039 3027
f 3027 3039 3040
f 3027 3040 3028
f 3028 3040 3041
f 3028 3041 3029
f 3029 3041 3042
f 3029 3042 3030
f 3030 3042 3043
f 3030 3043 3031
f 3031 3043 3044
f 3031 3044 3032
f 3032 3044 3045
f 3032 3045 3033
f 3033 3045 3046
f 3033 3046 3034
f 3034 3046 3047
f 3034 3047 3035
f 3035 3047 3048
f 3035 3048 3036
f 3036 3048 3037
f 3036 3037 3025
f 3037 3049 3050
f 3037 3050 3038
f 3038 3050 3051
f 3038 3051 3039
f 3039 3051 3052
f 3039 3052 3040
f 3040 3052 3053
f 3040 3053 3041
f 3041 3053 3054
f 3041 3054 3042
f 3042 3054 3055
f 3042 3055 3043
f 3043 3055 3056
f 3043 3056 3044
f 3044 3056 3057
f 3044 3057 3045
f 3045 3057 3058
f 3045 3058 3046
f 3046 3058 3059
f 3046 3059 3047
f 3047 3059 3060
f 3047 3060 3048
f 3048 3060 3049
f 3048 3049 3037
f 3049 3061 3062
f 3049 3062 3050
f 3050 3062 3063
f 3050 3063 3051
f 3051 3063 3064
f 3051 3064 3052
f 3052 3064 3065
f 3052 3065 3053
f 3053 3065 3066
f 3053 3066 3054
f 3054 3066 3067
f 3054 3067 3055
f 3055 3067 3068
f 3055 3068 3056
f 3056 3068 3069
f 3056 3069 3057
f 3057 3069 3070
f 3057 3070 3058
f 3058 3070 3071
f 3058 3071 3059
f 3059 3071 3072
f 3059 3072 3060
f 3060 3072 3061
f 3060 3061 3049
f 3061 3073 3074
f 3061 3074 3062
f 3062 3074 3075
f 3062 3075 3063
f 3063 3075 3076
f 3063 3076 3064
f 3064 3076 3077
f 3064 3077 3065
f 3065 3077 3078
f 3065 3078 3066
f 3066 3078 3079
f 3066 3079 3067
f 3067 3079 3080
f 3067 3080 3068
f 3068 3080 3081
f 3068 3081 3069
f 3069 3081 3082
f 3069 3082 3070
f 3070 3082 3083
f 3070 3083 3071
f 3071 3083 3084
f 3071 3084 3072
f 3072 3084 3073
f 3072 3073 3061
f 3073 3085 3086
f 3073 3086 3074
f 3074 3086 3087
f 3074 3087 3075
f 3075 3087 3088
f 3075 3088 3076
f 3076 3088 3089
f 3076 3089 3077
f 3077 3089 3090
f 3077 3090 3078
f 3078 3090 3091
f 3078 3091 3079
f 3079 3091 3092
f 3079 3092 3080
f 3080 3092 3093
f 3080 3093 3081
f 3081 3093 3094
f 3081 3094 3082
f 3082 3094 3095
f 3082 3095 3083
f 3083 3095 3096
f 3083 3096 3084
f 3084 3096 3085
f 3084 3085 3073
f 3085 3097 3098
f 3085 3098 3086
f 3086 3098 3099
f 3086 3099 3087
f 3087 3099 3100
f 3087 3100 3088
f 3088 3100 3101
f 3088 3101 3089
f 3089 3101 3102
f 3089 3102 3090
f 3090 3102 3103
f 3090 3103 3091
f 3091 3103 3104
f 3091 3104 3092
f 3092 3104 3105
f 3092 3105 3093
f 3093 3105 3106
f 3093 3106 3094
f 3094 3106 3107
f 3094 3107 3095
f 3095 3107 3108
f 3095 3108 3096
f 3096 3108 3097
f 3096 3097 3085
f 3097 3109 3110
f 3097 3110 3098
f 3098 3110 3111
f 3098 3111 3099
f 3099 3111 3112
f 3099 3112 3100
f 3100 3112 3113
f 3100 3113 3101
f 3101 3113 3114
f 3101 3114 3102
f 3102 3114 3115
f 3102 3115 3103
f 3103 3115 3116
f 3103 3116 3104
f 3104 3116 3117
f 3104 3117 3105
f 3105 3117 3118
f 3105 3118 3106
f 3106 3118 3119
f 3106 3119 3107
f 3107 3119 3120
f 3107 3120 3108
f 3108 3120 3109
f 3108 3109 3097
f 3109 3121 3122
f 3109 3122 3110
f 3110 3122 3123
f 3110 3123 3111
f 3111 3123 3124
f 3111 3124 3112
f 3112 3124 3125
f 3112 3125 3113
f 3113 3125 3126
f 3113 3126 3114
f 3114 3126 3127
f 3114 3127 3115
f 3115 3127 3128
f 3115 3128 3116
f 3116 3128 3129
f 3116 3129 3117
f 3117 3129 3130
f 3117 3130 3118
f 3118 3130 3131
f 3118 3131 3119
f 3119 3131 3132
f 3119 3132 3120
f 3120 3132 3121
f 3120 3121 3109
f 3121 3133 3134
f 3121 3134 3122
f 3122 3134 3135
f 3122 3135 3123
f 3123 3135 3136
f 3123 3136 3124
f 3124 3136 3137
f 3124 3137 3125
f 3125 3137 3138
f 3125 3138 3126
f 3126 3138 3139
f 3126 3139 3127
f 3127 3139 3140
f 3127 3140 3128
f 3128 3140 3141
f 3128 3141 3129
f 3129 3141 3142
f 3129 3142 3130
f 3130 3142 3143
f 3130 3143 3131
f 3131 3143 3144
f 3131 3144 3132
f 3132 3144 3133
f 3132 3133 3121
f 3133 3145 3146
f 3133 3146 3134
f 3134 3146 3147
f 3134 3147 3135
f 3135 3147 3148
f 3135 3148 3136
f 3136 3148 3149
f 3136 3149 3137
f 3137 3149 3150
f 3137 3150 3138
f 3138 3150 3151
f 3138 3151 3139
f 3139 3151 3152
f 3139 3152 3140
f 3140 3152 3153
f 3140 3153 3141
f 3141 3153 3154
f 3141 3154 3142
f 3142 3154 3155
f 3142 3155 3143
f 3143 3155 3156
f 3143 3156 3144
f 3144 3156 3145
f 3144 3145 3133
f 3145 3157 3158
f 3145 3158 3146
f 3146 3158 3159
f 3146 3159 3147
f 3147 3159 3160
f 3147 3160 3148
f 3148 3160 3161
f 3148 3161 3149
f 3149 3161 3162
f 3149 3162 3150
f 3150 3162 3163
f 3150 3163 3151
f 3151 3163 3164
f 3151 3164 3152
f 3152 3164 3165
f 3152 3165 3153
f 3153 3165 3166
f 3153 3166 3154
f 3154 3166 3167
f 3154 3167 3155
f 3155 3167 3168
f 3155 3168 3156
f 3156 3168 3157
f 3156 3157 3145
f 3157 3169 3170
f 3157 3170 3158
f 3158 3170 3171
f 3158 3171 3159
f 3159 3171 3172
f 3159 3172 3160
f 3160 3172 3173
f 3160 3173 3161
f 3161 3173 3174
f 3161 3174 3162
f 3162 3174 3175
f 3162 3175 3163
f 3163 3175 3176
f 3163 3176 3164
f 3164 3176 3177
f 3164 3177 3165
f 3165 3177 3178
f 3165 3178 3166
f 3166 3178 3179
f 3166 3179 3167
f 3167 3179 3180
f 3167 3180 3168
f 3168 3180 3169
f 3168 3169 3157
f 3169 3181 3182
f 3169 3182 3170
f 3170 3182 3183
f 3170 3183 3171
f 3171 3183 3184
f 3171 3184 3172
f 3172 3184 3185
f 3172 3185 3173
f 3173 3185 3186
f 3173 3186 3174
f 3174 3186 3187
f 3174 3187 3175
f 3175 3187 3188
f 3175 3188 3176
f 3176 3188 3189
f 3176 3189 3177
f 3177 3189 3190
f 3177 3190 3178
f 3178 3190 3191
f 3178 3191 3179
f 3179 3191 3192
f 3179 3192 3180
f 3180 3192 3181
f 3180 3181 3169
f 3181 3193 3194
f 3181 3194 3182
f 3182 3194 3195
f 3182 3195 3183
f 3183 3195 3196
f 3183 3196 3184
f 3184 3196 3197
f 3184 3197 3185
f 3185 3197 3198
f 3185 3198 3186
f 3186 3198 3199
f 3186 3199 3187
f 3187 3199 3200
f 3187 3200 3188
f 3188 3200 3201
f 3188 3201 3189
f 3189 3201 3202
f 3189 3202 3190
f 3190 3202 3203
f 3190 3203 3191
f 3191 3203 3204
f 3191 3204 3192
f 3192 3204 3193
f 3192 3193 3181
f 3193 3205 3206
f 3193 3206 3194
f 3194 3206 3207
f 3194 3207 3195
f 3195 3207 3208
f 3195 3208 3196
f 3196 3208 3209
f 3196 3209 3197
f 3197 3209 3210
f 3197 3210 3198
f 3198 3210 3211
f 3198 3211 3199
f 3199 3211 3212
f 3199 3212 3200
f 3200 3212 3213
f 3200 3213 3201
f 3201 3213 3214
f 3201 3214 3202
f 3202 3214 3215
f 3202 3215 3203
f 3203 3215 3216
f 3203 3216 3204
f 3204 3216 3205
f 3204 3205 3193
f 3205 3217 3218
f 3205 3218 3206
f 3206 3218 3219
f 3206 3219 3207
f 3207 3219 3220
f 3207 3220 3208
f 3208 3220 3221
f 3208 3221 3209
f 3209 3221 3222
f 3209 3222 3210
f 3210 3222 3223
f 3210 3223 3211
f 3211 3223 3224
f 3211 3224 3212
f 3212 3224 3225
f 3212 3225 3213
f 3213 3225 3226
f 3213 3226 3214
f 3214 3226 3227
f 3214 3227 3215
f 3215 3227 3228
f 3215 3228 3216
f 3216 3228 3217
f 3216 3217 3205
f 3217 3229 3230
f 3217 3230 3218
f 3218 3230 3231
f 3218 3231 3219
f 3219 3231 3232
f 3219 3232 3220
f 3220 3232 3233
f 3220 3233 3221
f 3221 3233 3234
f 3221 3234 3222
f 3222 3234 3235
f 3222 3235 3223
f 3223 3235 3236
f 3223 3236 3224
f 3224 3236 3237
f 3224 3237 3225
f 3225 3237 3238
f 3225 3238 3226
f 3226 3238 3239
f 3226 3239 3227
f 3227 3239 3240
f 3227 3240 3228
f 3228 3240 3229
f 3228 3229 3217
f 3229 3241 3242
f 3229 3242 3230
f 3230 3242 3243
f 3230 3243 3231
f 3231 3243 3244
f 3231 3244 3232
f 3232 3244 3245
f 3232 3245 3233
f 3233 3245 3246
f 3233 3246 3234
f 3234 3246 3247
f 3234 3247 3235
f 3235 3247 3248
f 3235 3248 3236
f 3236 3248 3249
f 3236 3249 3237
f 3237 3249 3250
f 3237 3250 3238
f 3238 3250 3251
f 3238 3251 3239
f 3239 3251 3252
f 3239 3252 3240
f 3240 3252 3241
f 3240 3241 3229
f 3241 3253 3254
f 3241 3254 3242
f 3242 3254 3255
f 3242 3255 3243
f 3243 3255 3256
f 3243 3256 3244
f 3244 3256 3257
f 3244 3257 3245
f 3245 3257 3258
f 3245 3258 3246
f 3246 3258 3259
f 3246 3259 3247
f 3247 3259 3260
f 3247 3260 3248
f 3248 3260 3261
f 3248 3261 3249
f 3249 3261 3262
f 3249 3262 3250
f 3250 3262 3263
f 3250 3263 3251
f 3251 3263 3264
f 3251 3264 3252
f 3252 3264 3253
f 3252 3253 3241
f 3253 3265 3266
f 3253 3266 3254
f 3254 3266 3267
f 3254 3267 3255
f 3255 3267 3268
f 3255 3268 3256
f 3256 3268 3269
f 3256 3269 3257
f 3257 3269 3270
f 3257 3270 3258
f 3258 3270 3271
f 3258 3271 3259
f 3259 3271 3272
f 3259 3272 3260
f 3260 3272 3273
f 3260 3273 3261
f 3261 3273 3274
f 3261 3274 3262
f 3262 3274 3275
f 3262 3275 3263
f 3263 3275 3276
f 3263 3276 3264
f 3264 3276 3265
f 3264 3265 3253
f 3265 3277 3278
f 3265 3278 3266
f 3266 3278 3279
f 3266 3279 3267
f 3267 3279 3280
f 3267 3280 3268
f 3268 3280 3281
f 3268 3281 3269
f 3269 3281 3282
f 3269 3282 3270
f 3270 3282 3283
f 3270 3283 3271
f 3271 3283 3284
f 3271 3284 3272
f 3272 3284 3285
f 3272 3285 3273
f 3273 3285 3286
f 3273 3286 3274
f 3274 3286 3287
f 3274 3287 3275
f 3275 3287 3288
f 3275 3288 3276
f 3276 3288 3277
f 3276 3277 3265
f 3277 3289 3290
f 3277 3290 3278
f 3278 3290 3291
f 3278 3291 3279
f 3279 3291 3292
f 3279 3292 3280
f 3280 3292 3293
f 3280 3293 3281
f 3281 3293 3294
f 3281 3294 3282
f 3282 3294 3295
f 3282 3295 3283
f 3283 3295 3296
f 3283 3296 3284
f 3284 3296 3297
f 3284 3297 3285
f 3285 3297 3298
f 3285 3298 3286
f 3286 3298 3299
f 3286 3299 3287
f 3287 3299 3300
f 3287 3300 3288
f 3288 3300 3289
f 3288 3289 3277
f 3289 3301 3302
f 3289 3302 3290
f 3290 3302 3303
f 3290 3303 3291
f 3291 3303 3304
f 3291 3304 3292
f 3292 3304 3305
f 3292 3305 3293
f 3293 3305 3306
f 3293 3306 3294
f 3294 3306 3307
f 3294 3307 3295
f 3295 3307 3308
f 3295 3308 3296
f 3296 3308 3309
f 3296 3309 3297
f 3297 3309 3310
f 3297 3310 3298
f 3298 3310 3311
f 3298 3311 3299
f 3299 3311 3312
f 3299 3312 3300
f 3300 3312 3301
f 3300 3301 3289
f 3301 3313 3314
f 3301 3314 3302
f 3302 3314 3315
f 3302 3315 3303
f 3303 3315 3316
f 3303 3316 3304
f 3304 3316 3317
f 3304 3317 3305
f 3305 3317 3318
f 3305 3318 3306
f 3306 3318 3319
f 3306 3319 3307
f 3307 3319 3320
f 3307 3320 3308
f 3308 3320 3321
f 3308 3321 3309
f 3309 3321 3322
f 3309 3322 3310
f 3310 3322 3323
f 3310 3323 3311
f 3311 3323 3324
f 3311 3324 3312
f 3312 3324 3313
f 3312 3313 3301
f 3313 3325 3326
f 3313 3326 3314
f 3314 3326 3327
f 3314 3327 3315
f 3315 3327 3328
f 3315 3328 3316
f 3316 3328 3329
f 3316 3329 3317
f 3317 3329 3330
f 3317 3330 3318
f 3318 3330 3331
f 3318 3331 3319
f 3319 3331 3332
f 3319 3332 3320
f 3320 3332 3333
f 3320 3333 3321
f 3321 3333 3334
f 3321 3334 3322
f 3322 3334 3335
f 3322 3335 3323
f 3323 3335 3336
f 3323 3336 3324
f 3324 3336 3325
f 3324 3325 3313
f 3325 3337 3338
f 3325 3338 3326
f 3326 3338 3339
f 3326 3339 3327
f 3327 3339 3340
f 3327 3340 3328
f 3328 3340 3341
f 3328 3341 3329
f 3329 3341 3342
f 3329 3342 3330
f 3330 3342 3343
f 3330 3343 3331
f 3331 3343 3344
f 3331 3344 3332
f 3332 3344 3345
f 3332 3345 3333
f 3333 3345 3346
f 3333 3346 3334
f 3334 3346 3347
f 3334 3347 3335
f 3335 3347 3348
f 3335 3348 3336
f 3336 3348 3337
f 3336 3337 3325
f 3337 3349 3350
f 3337 3350 3338
f 3338 3350 3351
f 3338 3351 3339
f 3339 3351 3352
f 3339 3352 3340
f 3340 3352 3353
f 3340 3353 3341
f 3341 3353 3354
f 3341 3354 3342
f 3342 3354 3355
f 3342 3355 3343
f 3343 3355 3356
f 3343 3356 3344
f 3344 3356 3357
f 3344 3357 3345
f 3345 3357 3358
f 3345 3358 3346
f 3346 3358 3359
f 3346 3359 3347
f 3347 3359 3360
f 3347 3360 3348
f 3348 3360 3349
f 3348 3349 3337
f 3349 3361 3362
f 3349 3362 3350
f 3350 3362 3363
f 3350 3363 3351
f 3351 3363 3364
f 3351 3364 3352
f 3352 3364 3365
f 3352 3365 3353
f 3353 3365 3366
f 3353 3366 3354
f 3354 3366 3367
f 3354 3367 3355
f 3355 3367 3368
f 3355 3368 3356
f 3356 3368 3369
f 3356 3369 3357
f 3357 3369 3370
f 3357 3370 3358
f 3358 3370 3371
f 3358 3371 3359
f 3359 3371 3372
f 3359 3372 3360
f 3360 3372 3361
f 3360 3361 3349
f 3361 3373 3374
f 3361 3374 3362
f 3362 3374 3375
f 3362 3375 3363
f 3363 3375 3376
f 3363 3376 3364
f 3364 3376 3377
f 3364 3377 3365
f 3365 3377 3378
f 3365 3378 3366
f 3366 3378 3379
f 3366 3379 3367
f 3367 3379 3380
f 3367 3380 3368
f 3368 3380 3381
f 3368 3381 3369
f 3369 3381 3382
f 3369 3382 3370
f 3370 3382 3383
f 3370 3383 3371
f 3371 3383 3384
f 3371 3384 3372
f 3372 3384 3373
f 3372 3373 3361
f 3373 3385 3386
f 3373 3386 3374
f 3374 3386 3387
f 3374 3387 3375
f 3375 3387 3388
f 3375 3388 3376
f 3376 3388 3389
f 3376 3389 3377
f 3377 3389 3390
f 3377 3390 3378
f 3378 3390 3391
f 3378 3391 3379
f 3379 3391 3392
f 3379 3392 3380
f 3380 3392 3393
f 3380 3393 3381
f 3381 3393 3394
f 3381 3394 3382
f 3382 3394 3395
f 3382 3395 3383
f 3383 3395 3396
f 3383 3396 3384
f 3384 3396 3385
f 3384 3385 3373
f 3385 3397 3398
f 3385 3398 3386
f 3386 3398 3399
f 3386 3399 3387
f 3387 3399 3400
f 3387 3400 3388
f 3388 3400 3401
f 3388 3401 3389
f 3389 3401 3402
f 3389 3402 3390
f 3390 3402 3403
f 3390 3403 3391
f 3391 3403 3404
f 3391 3404 3392
f 3392 3404 3405
f 3392 3405 3393
f 3393 3405 3406
f 3393 3406 3394
f 3394 3406 3407
f 3394 3407 3395
f 3395 3407 3408
f 3395 3408 3396
f 3396 3408 3397
f 3396 3397 3385
f 3397 3409 3410
f 3397 3410 3398
f 3398 3410 3411
f 3398 3411 3399
f 3399 3411 3412
f 3399 3412 3400
f 3400 3412 3413
f 3400 3413 3401
f 3401 3413 3414
f 3401 3414 3402
f 3402 3414 3415
f 3402 3415 3403
f 3403 3415 3416
f 3403 3416 3404
f 3404 3416 3417
f 3404 3417 3405
f 3405 3417 3418
f 3405 3418 3406
f 3406 3418 3419
f 3406 3419 3407
f 3407 3419 3420
f 3407 3420 3408
f 3408 3420 3409
f 3408 3409 3397
f 3409 3421 3422
f 3409 3422 3410
f 3410 3422 3423
f 3410 3423 3411
f 3411 3423 3424
f 3411 3424 3412
f 3412 3424 3425
f 3412 3425 3413
f 3413 3425 3426
f 3413 3426 3414
f 3414 3426 3427
f 3414 3427 3415
f 3415 3427 3428
f 3415 3428 3416
f 3416 3428 3429
f 3416 3429 3417
f 3417 3429 3430
f 3417 3430 3418
f 3418 3430 3431
f 3418 3431 3419
f 3419 3431 3432
f 3419 3432 3420
f 3420 3432 3421
f 3420 3421 3409
f 3421 3433 3434
f 3421 3434 3422
f 3422 3434 3435
f 3422 3435 3423
f 3423 3435 3436
f 3423 3436 3424
f 3424 3436 3437
f 3424 3437 3425
f 3425 3437 3438
f 3425 3438 3426
f 3426 3438 3439
f 3426 3439 3427
f 3427 3439 3440
f 3427 3440 3428
f 3428 3440 3441
f 3428 3441 3429
f 3429 3441 3442
f 3429 3442 3430
f 3430 3442 3443
f 3430 3443 3431
f 3431 3443 3444
f 3431 3444 3432
f 3432 3444 3433
f 3432 3433 3421
f 3433 3445 3446
f 3433 3446 3434
f 3434 3446 3447
f 3434 3447 3435
f 3435 3447 3448
f 3435 3448 3436
f 3436 3448 3449
f 3436 3449 3437
f 3437 3449 3450
f 3437 3450 3438
f 3438 3450 3451
f 3438 3451 3439
f 3439 3451 3452
f 3439 3452 3440
f 3440 3452 3453
f 3440 3453 3441
f 3441 3453 3454
f 3441 3454 3442
f 3442 3454 3455
f 3442 3455 3443
f 3443 3455 3456
f 3443 3456 3444
f 3444 3456 3445
f 3444 3445 3433
f 3445 3457 3458
f 3445 3458 3446
f 3446 3458 3459
f 3446 3459 3447
f 3447 3459 3460
f 3447 3460 3448
f 3448 3460 3461
f 3448 3461 3449
f 3449 3461 3462
f 3449 3462 3450
f 3450 3462 3463
f 3450 3463 3451
f 3451 3463 3464
f 3451 3464 3452
f 3452 3464 3465
f 3452 3465 3453
f 3453 3465 3466
f 3453 3466 3454
f 3454 3466 3467
f 3454 3467 3455
f 3455 3467 3468
f 3455 3468 3456
f 3456 3468 3457
f 3456 3457 3445
f 3457 3469 3470
f 3457 3470 3458
f 3458 3470 3471
f 3458 3471 3459
f 3459 3471 3472
f 3459 3472 3460
f 3460 3472 3473
f 3460 3473 3461
f 3461 3473 3474
f 3461 3474 3462
f 3462 3474 3475
f 3462 3475 3463
f 3463 3475 3476
f 3463 3476 3464
f 3464 3476 3477
f 3464 3477 3465
f 3465 3477 3478
f 3465 3478 3466
f 3466 3478 3479
f 3466 3479 3467
f 3467 3479 3480
f 3467 3480 3468
f 3468 3480 3469
f 3468 3469 3457
f 3469 3481 3482
f 3469 3482 3470
f 3470 3482 3483
f 3470 3483 3471
f 3471 3483 3484
f 3471 3484 3472
f 3472 3484 3485
f 3472 3485 3473
f 3473 3485 3486
f 3473 3486 3474
f 3474 3486 3487
f 3474 3487 3475
f 3475 3487 3488
f 3475 3488 3476
f 3476 3488 3489
f 3476 3489 3477
f 3477 3489 3490
f 3477 3490 3478
f 3478 3490 3491
f 3478 3491 3479
f 3479 3491 3492
f 3479 3492 3480
f 3480 3492 3481
f 3480 3481 3469
f 3481 3493 3494
f 3481 3494 3482
f 3482 3494 3495
f 3482 3495 3483
f 3483 3495 3496
f 3483 3496 3484
f 3484 3496 3497
f 3484 3497 3485
f 3485 3497 3498
f 3485 3498 3486
f 3486 3498 3499
f 3486 3499 3487
f 3487 3499 3500
f 3487 3500 3488
f 3488 3500 3501
f 3488 3501 3489
f 3489 3501 3502
f 3489 3502 3490
f 3490 3502 3503
f 3490 3503 3491
f 3491 3503 3504
f 3491 3504 3492
f 3492 3504 3493
f 3492 3493 3481
f 3493 3505 3506
f 3493 3506 3494
f 3494 3506 3507
f 3494 3507 3495
f 3495 3507 3508
f 3495 3508 3496
f 3496 3508 3509
f 3496 3509 3497
f 3497 3509 3510
f 3497 3510 3498
f 3498 3510 3511
f 3498 3511 3499
f 3499 3511 3512
f 3499 3512 3500
f 3500 3512 3513
f 3500 3513 3501
f 3501 3513 3514
f 3501 3514 3502
f 3502 3514 3515
f 3502 3515 3503
f 3503 3515 3516
f 3503 3516 3504
f 3504 3516 3505
f 3504 3505 3493
f 3505 3517 3518
f 3505 3518 3506
f 3506 3518 3519
f 3506 3519 3507
f 3507 3519 3520
f 3507 3520 3508
f 3508 3520 3521
f 3508 3521 3509
f 3509 3521 3522
f 3509 3522 3510
f 3510 3522 3523
f 3510 3523 3511
f 3511 3523 3524
f 3511 3524 3512
f 3512 3524 3525
f 3512 3525 3513
f 3513 3525 3526
f 3513 3526 3514
f 3514 3526 3527
f 3514 3527 3515
f 3515 3527 3528
f 3515 3528 3516
f 3516 3528 3517
f 3516 3517 3505
f 3517 3529 3530
f 3517 3530 3518
f 3518 3530 3531
f 3518 3531 3519
f 3519 3531 3532
f 3519 3532 3520
f 3520 3532 3533
f 3520 3533 3521
f 3521 3533 3534
f 3521 3534 3522
f 3522 3534 3535
f 3522 3535 3523
f 3523 3535 3536
f 3523 3536 3524
f 3524 3536 3537
f 3524 3537 3525
f 3525 3537 3538
f 3525 3538 3526
f 3526 3538 3539
f 3526 3539 3527
f 3527 3539 3540
f 3527 3540 3528
f 3528 3540 3529
f 3528 3529 3517
f 3529 3541 3542
f 3529 3542 3530
f 3530 3542 3543
f 3530 3543 3531
f 3531 3543 3544
f 3531 3544 3532
f 3532 3544 3545
f 3532 3545 3533
f 3533 3545 3546
f 3533 3546 3534
f 3534 3546 3547
f 3534 3547 3535
f 3535 3547 3548
f 3535 3548 3536
f 3536 3548 3549
f 3536 3549 3537
f 3537 3549 3550
f 3537 3550 3538
f 3538 3550 3551
f 3538 3551 3539
f 3539 3551 3552
f 3539 3552 3540
f 3540 3552 3541
f 3540 3541 3529
f 3541 3553 3554
f 3541 3554 3542
f 3542 3554 3555
f 3542 3555 3543
f 3543 3555 3556
f 3543 3556 3544
f 3544 3556 3557
f 3544 3557 3545
f 3545 3557 3558
f 3545 3558 3546
f 3546 3558 3559
f 3546 3559 3547
f 3547 3559 3560
f 3547 3560 3548
f 3548 3560 3561
f 3548 3561 3549
f 3549 3561 3562
f 3549 3562 3550
f 3550 3562 3563
f 3550 3563 3551
f 3551 3563 3564
f 3551 3564 3552
f 3552 3564 3553
f 3552 3553 3541
f 3553 3565 3566
f 3553 3566 3554
f 3554 3566 3567
f 3554 3567 3555
f 3555 3567 3568
f 3555 3568 3556
f 3556 3568 3569
f 3556 3569 3557
f 3557 3569 3570
f 3557 3570 3558
f 3558 3570 3571
f 3558 3571 3559
f 3559 3571 3572
f 3559 3572 3560
f 3560 3572 3573
f 3560 3573 3561
f 3561 3573 3574
f 3561 3574 3562
f 3562 3574 3575
f 3562 3575 3563
f 3563 3575 3576
f 3563 3576 3564
f 3564 3576 3565
f 3564 3565 3553
f 3565 3577 3578
f 3565 3578 3566
f 3566 3578 3579
f 3566 3579 3567
f 3567 3579 3580
f 3567 3580 3568
f 3568 3580 3581
f 3568 3581 3569
f 3569 3581 3582
f 3569 3582 3570
f 3570 3582 3583
f 3570 3583 3571
f 3571 3583 3584
f 3571 3584 3572
f 3572 3584 3585
f 3572 3585 3573
f 3573 3585 3586
f 3573 3586 3574
f 3574 3586 3587
f 3574 3587 3575
f 3575 3587 3588
f 3575 3588 3576
f 3576 3588 3577
f 3576 3577 3565
f 3577 3589 3590
f 3577 3590 3578
f 3578 3590 3591
f 3578 3591 3579
f 3579 3591 3592
f 3579 3592 3580
f 3580 3592 3593
f 3580 3593 3581
f 3581 3593 3594
f 3581 3594 3582
f 3582 3594 3595
f 3582 3595 3583
f 3583 3595 3596
f 3583 3596 3584
f 3584 3596 3597
f 3584 3597 3585
f 3585 3597 3598
f 3585 3598 3586
f 3586 3598 3599
f 3586 3599 3587
f 3587 3599 3600
f 3587 3600 3588
f 3588 3600 3589
f 3588 3589 3577
f 3589 3601 3602
f 3589 3602 3590
f 3590 3602 3603
f 3590 3603 3591
f 3591 3603 3604
f 3591 3604 3592
f 3592 3604 3605
f 3592 3605 3593
f 3593 3605 3606
f 3593 3606 3594
f 3594 3606 3607
f 3594 3607 3595
f 3595 3607 3608
f 3595 3608 3596
f 3596 3608 3609
f 3596 3609 3597
f 3597 3609 3610
f 3597 3610 3598
f 3598 3610 3611
f 3598 3611 3599
f 3599 3611 3612
f 3599 3612 3600
f 3600 3612 3601
f 3600 3601 3589
f 3601 3613 3614
f 3601 3614 3602
f 3602 3614 3615
f 3602 3615 3603
f 3603 3615 3616
f 3603 3616 3604
f 3604 3616 3617
f 3604 3617 3605
f 3605 3617 3618
f 3605 3618 3606
f 3606 3618 3619
f 3606 3619 3607
f 3607 3619 3620
f 3607 3620 3608
f 3608 3620 3621
f 3608 3621 3609
f 3609 3621 3622
f 3609 3622 3610
f 3610 3622 3623
f 3610 3623 3611
f 3611 3623 3624
f 3611 3624 3612
f 3612 3624 3613
f 3612 3613 3601
f 3613 3625 3626
f 3613 3626 3614
f 3614 3626 3627
f 3614 3627 3615
f 3615 3627 3628
f 3615 3628 3616
f 3616 3628 3629
f 3616 3629 3617
f 3617 3629 3630
f 3617 3630 3618
f 3618 3630 3631
f 3618 3631 3619
f 3619 3631 3632
f 3619 3632 3620
f 3620 3632 3633
f 3620 3633 3621
f 3621 3633 3634
f 3621 3634 3622
f 3622 3634 3635
f 3622 3635 3623
f 3623 3635 3636
f 3623 3636 3624
f 3624 3636 3625
f 3624 3625 3613
f 3625 3637 3638
f 3625 3638 3626
f 3626 3638 3639
f 3626 3639 3627
f 3627 3639 3640
f 3627 3640 3628
f 3628 3640 3641
f 3628 3641 3629
f 3629 3641 3642
f 3629 3642 3630
f 3630 3642 3643
f 3630 3643 3631
f 3631 3643 3644
f 3631 3644 3632
f 3632 3644 3645
f 3632 3645 3633
f 3633 3645 3646
f 3633 3646 3634
f 3634 3646 3647
f 3634 3647 3635
f 3635 3647 3648
f 3635 3648 3636
f 3636 3648 3637
f 3636 3637 3625
f 3637 3649 3650
f 3637 3650 3638
f 3638 3650 3651
f 3638 3651 3639
f 3639 3651 3652
f 3639 3652 3640
f 3640 3652 3653
f 3640 3653 3641
f 3641 3653 3654
f 3641 3654 3642
f 3642 3654 3655
f 3642 3655 3643
f 3643 3655 3656
f 3643 3656 3644
f 3644 3656 3657
f 3644 3657 3645
f 3645 3657 3658
f 3645 3658 3646
f 3646 3658 3659
f 3646 3659 3647
f 3647 3659 3660
f 3647 3660 3648
f 3648 3660 3649
f 3648 3649 3637
f 3649 3661 3662
f 3649 3662 3650
f 3650 3662 3663
f 3650 3663 3651
f 3651 3663 3664
f 3651 3664 3652
f 3652 3664 3665
f 3652 3665 3653
f 3653 3665 3666
f 3653 3666 3654
f 3654 3666 3667
f 3654 3667 3655
f 3655 3667 3668
f 3655 3668 3656
f 3656 3668 3669
f 3656 3669 3657
f 3657 3669 3670
f 3657 3670 3658
f 3658 3670 3671
f 3658 3671 3659
f 3659 3671 3672
f 3659 3672 3660
f 3660 3672 3661
f 3660 3661 3649
f 3661 2521 2522
f 3661 2522 3662
f 3662 2522 2523
f 3662 2523 3663
f 3663 2523 2524
f 3663 2524 3664
f 3664 2524 2525
f 3664 2525 3665
f 3665 2525 2526
f 3665 2526 3666
f 3666 2526 2527
f 3666 2527 3667
f 3667 2527 2528
f 3667 2528 3668
f 3668 2528 2529
f 3668 2529 3669
f 3669 2529 2530
f 3669 2530 3670
f 3670 2530 2531
f 3670 2531 3671
f 3671 2531 2532
f 3671 2532 3672
f 3672 2532 2521
f 3672 2521 3661
v -0.0064721 0.3952977 -0.0200000
v -0.0024721 0.3923916 -0.0200000
v 0.0024721 0.3923916 -0.0200000
v 0.0064721 0.3952977 -0.0200000
v 0.0080000 0.4000000 -0.0200000
v 0.0064721 0.4047023 -0.0200000
v 0.0024721 0.4076084 -0.0200000
v -0.0024721 0.4076084 -0.0200000
v -0.0064721 0.4047023 -0.0200000
v -0.0080000 0.4000000 -0.0200000
v -0.0064721 0.4747023 -0.1650000
v -0.0024721 0.4776084 -0.1650000
v 0.0024721 0.4776084 -0.1650000
v 0.0064721 0.4747023 -0.1650000
v 0.0080000 0.4700000 -0.1650000
v 0.0064721 0.4652977 -0.1650000
v 0.0024721 0.4623916 -0.1650000
v -0.0024721 0.4623916 -0.1650000
v -0.0064721 0.4652977 -0.1650000
v -0.0080000 0.4700000 -0.1650000
v -0.0064721 0.4747023 -0.1650000
v -0.0024721 0.4776084 -0.1650000
v 0.0024721 0.4776084 -0.1650000
v 0.0064721 0.4747023 -0.1650000
v 0.0080000 0.4700000 -0.1650000
v 0.0064721 0.4652977 -0.1650000
v 0.0024721 0.4623916 -0.1650000
v -0.0024721 0.4623916 -0.1650000
v -0.0064721 0.4652977 -0.1650000
v -0.0080000 0.4700000 -0.1650000
v -0.0064721 0.4733250 -0.1933250
v -0.0024721 0.4753800 -0.1953800
v 0.0024721 0.4753800 -0.1953800
v 0.0064721 0.4733250 -0.1933250
v 0.0080000 0.4700000 -0.1900000
v 0.0064721 0.4666750 -0.1866750
v 0.0024721 0.4646200 -0.1846200
v -0.0024721 0.4646200 -0.1846200
v -0.0064721 0.4666750 -0.1866750
v -0.0080000 0.4700000 -0.1900000
v -0.0064721 0.3966750 -0.1933250
v -0.0024721 0.3946200 -0.1953800
v 0.0024721 0.3946200 -0.1953800
v 0.0064721 0.3966750 -0.1933250
v 0.0080000 0.4000000 -0.1900000
v 0.0064721 0.4033250 -0.1866750
v 0.0024721 0.4053800 -0.1846200
v -0.0024721 0.4053800 -0.1846200
v -0.0064721 0.4033250 -0.1866750
v -0.0080000 0.4000000 -0.1900000
v -0.0064721 0.3952977 -0.0200000
v -0.0024721 0.3923916 -0.0200000
v 0.0024721 0.3923916 -0.0200000
v 0.0064721 0.3952977 -0.0200000
v 0.0080000 0.4000000 -0.0200000
v 0.0064721 0.4047023 -0.0200000
v 0.0024721 0.4076084 -0.0200000
v -0.0024721 0.4076084 -0.0200000
v -0.0064721 0.4047023 -0.0200000
v -0.0080000 0.4000000 -0.0200000
f 3681 3679 3680
f 3681 3678 3679
f 3682 3678 3681
f 3682 3677 3678
f 3673 3677 3682
f 3673 3676 3677
f 3674 3676 3673
f 3674 3675 3676
f 3683 3685 3684
f 3683 3686 3685
f 3692 3686 3683
f 3692 3687 3686
f 3691 3687 3692
f 3691 3688 3687
f 3690 3688 3691
f 3690 3689 3688
f 3693 3703 3712
f 3693 3712 3702
f 3694 3704 3703
f 3694 3703 3693
f 3695 3705 3704
f 3695 3704 3694
f 3696 3706 3705
f 3696 3705 3695
f 3697 3707 3706
f 3697 3706 3696
f 3698 3708 3707
f 3698 3707 3697
f 3699 3709 3708
f 3699 3708 3698
f 3700 3710 3709
f 3700 3709 3699
f 3701 3711 3710
f 3701 3710 3700
f 3702 3712 3711
f 3702 3711 3701
f 3703 3713 3722
f 3703 3722 3712
f 3704 3714 3713
f 3704 3713 3703
f 3705 3715 3714
f 3705 3714 3704
f 3706 3716 3715
f 3706 3715 3705
f 3707 3717 3716
f 3707 3716 3706
f 3708 3718 3717
f 3708 3717 3707
f 3709 3719 3718
f 3709 3718 3708
f 3710 3720 3719
f 3710 3719 3709
f 3711 3721 3720
f 3711 3720 3710
f 3712 3722 3721
f 3712 3721 3711
f 3713 3723 3732
f 3713 3732 3722
f 3714 3724 3723
f 3714 3723 3713
f 3715 3725 3724
f 3715 3724 3714
f 3716 3726 3725
f 3716 3725 3715
f 3717 3727 3726
f 3717 3726 3716
f 3718 3728 3727
f 3718 3727 3717
f 3719 3729 3728
f 3719 3728 3718
f 3720 3730 3729
f 3720 3729 3719
f 3721 3731 3730
f 3721 3730 3720
f 3722 3732 3731
f 3722 3731 3721
