v 1.3500000 -0.2054377 0.4305801
v 1.3500000 -0.2144377 0.4371190
v 1.3500000 -0.2255623 0.4371190
v 1.3500000 -0.2345623 0.4305801
v 1.3500000 -0.2380000 0.4200000
v 1.3500000 -0.2345623 0.4094199
v 1.3500000 -0.2255623 0.4028810
v 1.3500000 -0.2144377 0.4028810
v 1.3500000 -0.2054377 0.4094199
v 1.3500000 -0.2020000 0.4200000
v -0.3500000 -0.2054377 0.4305801
v -0.3500000 -0.2144377 0.4371190
v -0.3500000 -0.2255623 0.4371190
v -0.3500000 -0.2345623 0.4305801
v -0.3500000 -0.2380000 0.4200000
v -0.3500000 -0.2345623 0.4094199
v -0.3500000 -0.2255623 0.4028810
v -0.3500000 -0.2144377 0.4028810
v -0.3500000 -0.2054377 0.4094199
v -0.3500000 -0.2020000 0.4200000
v -0.3500000 -0.2054377 0.4305801
v -0.3500000 -0.2144377 0.4371190
v -0.3500000 -0.2255623 0.4371190
v -0.3500000 -0.2345623 0.4305801
v -0.3500000 -0.2380000 0.4200000
v -0.3500000 -0.2345623 0.4094199
v -0.3500000 -0.2255623 0.4028810
v -0.3500000 -0.2144377 0.4028810
v -0.3500000 -0.2054377 0.4094199
v -0.3500000 -0.2020000 0.4200000
v 1.3500000 -0.2054377 0.4305801
v 1.3500000 -0.2144377 0.4371190
v 1.3500000 -0.2255623 0.4371190
v 1.3500000 -0.2345623 0.4305801
v 1.3500000 -0.2380000 0.4200000
v 1.3500000 -0.2345623 0.4094199
v 1.3500000 -0.2255623 0.4028810
v 1.3500000 -0.2144377 0.4028810
v 1.3500000 -0.2054377 0.4094199
v 1.3500000 -0.2020000 0.4200000
f 9 7 8
f 9 6 7
f 10 6 9
f 10 5 6
f 1 5 10
f 1 4 5
f 2 4 1
f 2 3 4
f 16 18 17
f 16 19 18
f 15 19 16
f 15 20 19
f 14 20 15
f 14 11 20
f 13 11 14
f 13 12 11
f 21 31 40
f 21 40 30
f 22 32 31
f 22 31 21
f 23 33 32
f 23 32 22
f 24 34 33
f 24 33 23
f 25 35 34
f 25 34 24
f 26 36 35
f 26 35 25
f 27 37 36
f 27 36 26
f 28 38 37
f 28 37 27
f 29 39 38
f 29 38 28
f 30 40 39
f 30 39 29
v 1.3500000 0.2345623 0.4305801
v 1.3500000 0.2255623 0.4371190
v 1.3500000 0.2144377 0.4371190
v 1.3500000 0.2054377 0.4305801
v 1.3500000 0.2020000 0.4200000
v 1.3500000 0.2054377 0.4094199
v 1.3500000 0.2144377 0.4028810
v 1.3500000 0.2255623 0.4028810
v 1.3500000 0.2345623 0.4094199
v 1.3500000 0.2380000 0.4200000
v -0.3500000 0.2345623 0.4305801
v -0.3500000 0.2255623 0.4371190
v -0.3500000 0.2144377 0.4371190
v -0.3500000 0.2054377 0.4305801
v -0.3500000 0.2020000 0.4200000
v -0.3500000 0.2054377 0.4094199
v -0.3500000 0.2144377 0.4028810
v -0.3500000 0.2255623 0.4028810
v -0.3500000 0.2345623 0.4094199
v -0.3500000 0.2380000 0.4200000
v -0.3500000 0.2345623 0.4305801
v -0.3500000 0.2255623 0.4371190
v -0.3500000 0.2144377 0.4371190
v -0.3500000 0.2054377 0.4305801
v -0.3500000 0.2020000 0.4200000
v -0.3500000 0.2054377 0.4094199
v -0.3500000 0.2144377 0.4028810
v -0.3500000 0.2255623 0.4028810
v -0.3500000 0.2345623 0.4094199
v -0.3500000 0.2380000 0.4200000
v 1.3500000 0.2345623 0.4305801
v 1.3500000 0.2255623 0.4371190
v 1.3500000 0.2144377 0.4371190
v 1.3500000 0.2054377 0.4305801
v 1.3500000 0.2020000 0.4200000
v 1.3500000 0.2054377 0.4094199
v 1.3500000 0.2144377 0.4028810
v 1.3500000 0.2255623 0.4028810
v 1.3500000 0.2345623 0.4094199
v 1.3500000 0.2380000 0.4200000
f 49 47 48
f 49 46 47
f 50 46 49
f 50 45 46
f 41 45 50
f 41 44 45
f 42 44 41
f 42 43 44
f 56 58 57
f 56 59 58
f 55 59 56
f 55 60 59
f 54 60 55
f 54 51 60
f 53 51 54
f 53 52 51
f 61 71 80
f 61 80 70
f 62 72 71
f 62 71 61
f 63 73 72
f 63 72 62
f 64 74 73
f 64 73 63
f 65 75 74
f 65 74 64
f 66 76 75
f 66 75 65
f 67 77 76
f 67 76 66
f 68 78 77
f 68 77 67
f 69 79 78
f 69 78 68
f 70 80 79
f 70 79 69
v -0.3000000 -0.2200000 0.4380000
v -0.3000000 0.2200000 0.4380000
v -0.3068883 -0.2200000 0.4366299
v -0.3068883 0.2200000 0.4366298
v -0.3127279 -0.2200000 0.4327279
v -0.3127279 0.2200000 0.4327279
v -0.3166299 -0.2200000 0.4268883
v -0.3166299 0.2200000 0.4268883
v -0.3180000 -0.2200000 0.4200000
v -0.3180000 0.2200000 0.4200000
v -0.3166299 -0.2200000 0.4131117
v -0.3166299 0.2200000 0.4131117
v -0.3127279 -0.2200000 0.4072721
v -0.3127279 0.2200000 0.4072720
v -0.3068883 -0.2200000 0.4033702
v -0.3068883 0.2200000 0.4033701
v -0.3000000 -0.2200000 0.4020000
v -0.3000000 0.2200000 0.4020000
v -0.2931117 -0.2200000 0.4033702
v -0.2931117 0.2200000 0.4033701
v -0.2872721 -0.2200000 0.4072721
v -0.2872721 0.2200000 0.4072720
v -0.2833702 -0.2200000 0.4131117
v -0.2833702 0.2200000 0.4131117
v -0.2820000 -0.2200000 0.4200000
v -0.2820000 0.2200000 0.4200000
v -0.2833702 -0.2200000 0.4268883
v -0.2833702 0.2200000 0.4268883
v -0.2872721 -0.2200000 0.4327279
v -0.2872721 0.2200000 0.4327279
v -0.2931117 -0.2200000 0.4366299
v -0.2931117 0.2200000 0.4366298
f 81 82 84
f 81 84 83
f 83 84 86
f 83 86 85
f 85 86 88
f 85 88 87
f 87 88 90
f 87 90 89
f 89 90 92
f 89 92 91
f 91 92 94
f 91 94 93
f 93 94 96
f 93 96 95
f 95 96 98
f 95 98 97
f 97 98 100
f 97 100 99
f 99 100 102
f 99 102 101
f 101 102 104
f 101 104 103
f 103 104 106
f 103 106 105
f 105 106 108
f 105 108 107
f 107 108 110
f 107 110 109
f 86 84 82
f 82 112 110
f 110 108 106
f 106 104 102
f 102 100 98
f 98 96 94
f 94 92 90
f 90 88 86
f 86 82 110
f 110 106 102
f 102 98 94
f 94 90 86
f 86 110 102
f 102 94 86
f 109 110 112
f 109 112 111
f 111 112 82
f 111 82 81
f 111 81 83
f 83 85 87
f 87 89 91
f 91 93 95
f 95 97 99
f 99 101 103
f 103 105 107
f 107 109 111
f 111 83 87
f 87 91 95
f 95 99 103
f 103 107 111
f 111 87 95
f 95 103 111
v 1.3300000 -0.2200000 0.4380000
v 1.3300000 0.2200000 0.4380000
v 1.3231118 -0.2200000 0.4366299
v 1.3231118 0.2200000 0.4366298
v 1.3172721 -0.2200000 0.4327279
v 1.3172721 0.2200000 0.4327279
v 1.3133702 -0.2200000 0.4268883
v 1.3133702 0.2200000 0.4268883
v 1.3120000 -0.2200000 0.4200000
v 1.3120000 0.2200000 0.4200000
v 1.3133702 -0.2200000 0.4131117
v 1.3133702 0.2200000 0.4131117
v 1.3172721 -0.2200000 0.4072721
v 1.3172721 0.2200000 0.4072720
v 1.3231118 -0.2200000 0.4033702
v 1.3231118 0.2200000 0.4033701
v 1.3300000 -0.2200000 0.4020000
v 1.3300000 0.2200000 0.4020000
v 1.3368883 -0.2200000 0.4033702
v 1.3368883 0.2200000 0.4033701
v 1.3427280 -0.2200000 0.4072721
v 1.3427280 0.2200000 0.4072720
v 1.3466299 -0.2200000 0.4131117
v 1.3466299 0.2200000 0.4131117
v 1.3480000 -0.2200000 0.4200000
v 1.3480000 0.2200000 0.4200000
v 1.3466299 -0.2200000 0.4268883
v 1.3466299 0.2200000 0.4268883
v 1.3427280 -0.2200000 0.4327279
v 1.3427280 0.2200000 0.4327279
v 1.3368883 -0.2200000 0.4366299
v 1.3368883 0.2200000 0.4366298
f 113 114 116
f 113 116 115
f 115 116 118
f 115 118 117
f 117 118 120
f 117 120 119
f 119 120 122
f 119 122 121
f 121 122 124
f 121 124 123
f 123 124 126
f 123 126 125
f 125 126 128
f 125 128 127
f 127 128 130
f 127 130 129
f 129 130 132
f 129 132 131
f 131 132 134
f 131 134 133
f 133 134 136
f 133 136 135
f 135 136 138
f 135 138 137
f 137 138 140
f 137 140 139
f 139 140 142
f 139 142 141
f 118 116 114
f 114 144 142
f 142 140 138
f 138 136 134
f 134 132 130
f 130 128 126
f 126 124 122
f 122 120 118
f 118 114 142
f 142 138 134
f 134 130 126
f 126 122 118
f 118 142 134
f 134 126 118
f 141 142 144
f 141 144 143
f 143 144 114
f 143 114 113
f 143 113 115
f 115 117 119
f 119 121 123
f 123 125 127
f 127 129 131
f 131 133 135
f 135 137 139
f 139 141 143
f 143 115 119
f 119 123 127
f 127 131 135
f 135 139 143
f 143 119 127
f 127 135 143
v 0.8200000 -0.1900000 0.3900000
v 0.8200000 -0.1900000 0.4500000
v 0.8085195 -0.1877164 0.3900000
v 0.8085195 -0.1877164 0.4500000
v 0.7987868 -0.1812132 0.3900000
v 0.7987868 -0.1812132 0.4500000
v 0.7922836 -0.1714805 0.3900000
v 0.7922836 -0.1714805 0.4500000
v 0.7900000 -0.1600000 0.3900000
v 0.7900000 -0.1600000 0.4500000
v 0.7922836 -0.1485195 0.3900000
v 0.7922836 -0.1485195 0.4500000
v 0.7987868 -0.1387868 0.3900000
v 0.7987868 -0.1387868 0.4500000
v 0.8085195 -0.1322836 0.3900000
v 0.8085195 -0.1322836 0.4500000
v 0.8200000 -0.1300000 0.3900000
v 0.8200000 -0.1300000 0.4500000
v 0.8314805 -0.1322836 0.3900000
v 0.8314805 -0.1322836 0.4500000
v 0.8412132 -0.1387868 0.3900000
v 0.8412132 -0.1387868 0.4500000
v 0.8477164 -0.1485195 0.3900000
v 0.8477164 -0.1485195 0.4500000
v 0.8500000 -0.1600000 0.3900000
v 0.8500000 -0.1600000 0.4500000
v 0.8477164 -0.1714805 0.3900000
v 0.8477164 -0.1714805 0.4500000
v 0.8412132 -0.1812132 0.3900000
v 0.8412132 -0.1812132 0.4500000
v 0.8314805 -0.1877164 0.3900000
v 0.8314805 -0.1877164 0.4500000
f 145 146 148
f 145 148 147
f 147 148 150
f 147 150 149
f 149 150 152
f 149 152 151
f 151 152 154
f 151 154 153
f 153 154 156
f 153 156 155
f 155 156 158
f 155 158 157
f 157 158 160
f 157 160 159
f 159 160 162
f 159 162 161
f 161 162 164
f 161 164 163
f 163 164 166
f 163 166 165
f 165 166 168
f 165 168 167
f 167 168 170
f 167 170 169
f 169 170 172
f 169 172 171
f 171 172 174
f 171 174 173
f 150 148 146
f 146 176 174
f 174 172 170
f 170 168 166
f 166 164 162
f 162 160 158
f 158 156 154
f 154 152 150
f 150 146 174
f 174 170 166
f 166 162 158
f 158 154 150
f 150 174 166
f 166 158 150
f 173 174 176
f 173 176 175
f 175 176 146
f 175 146 145
f 175 145 147
f 147 149 151
f 151 153 155
f 155 157 159
f 159 161 163
f 163 165 167
f 167 169 171
f 171 173 175
f 175 147 151
f 151 155 159
f 159 163 167
f 167 171 175
f 175 151 159
f 159 167 175
v 0.8200000 -0.2200000 0.4380000
v 0.8200000 -0.1900000 0.4380000
v 0.8131117 -0.2200000 0.4366298
v 0.8131117 -0.1900000 0.4366298
v 0.8072721 -0.2200000 0.4327279
v 0.8072721 -0.1900000 0.4327279
v 0.8033702 -0.2200000 0.4268883
v 0.8033702 -0.1900000 0.4268883
v 0.8020000 -0.2200000 0.4200000
v 0.8020000 -0.1900000 0.4200000
v 0.8033702 -0.2200000 0.4131117
v 0.8033702 -0.1900000 0.4131117
v 0.8072721 -0.2200000 0.4072721
v 0.8072721 -0.1900000 0.4072721
v 0.8131117 -0.2200000 0.4033702
v 0.8131117 -0.1900000 0.4033701
v 0.8200000 -0.2200000 0.4020000
v 0.8200000 -0.1900000 0.4020000
v 0.8268883 -0.2200000 0.4033701
v 0.8268883 -0.1900000 0.4033701
v 0.8327279 -0.2200000 0.4072721
v 0.8327279 -0.1900000 0.4072721
v 0.8366298 -0.2200000 0.4131117
v 0.8366298 -0.1900000 0.4131117
v 0.8380000 -0.2200000 0.4200000
v 0.8380000 -0.1900000 0.4200000
v 0.8366298 -0.2200000 0.4268883
v 0.8366298 -0.1900000 0.4268883
v 0.8327279 -0.2200000 0.4327279
v 0.8327279 -0.1900000 0.4327279
v 0.8268883 -0.2200000 0.4366298
v 0.8268883 -0.1900000 0.4366298
f 177 178 180
f 177 180 179
f 179 180 182
f 179 182 181
f 181 182 184
f 181 184 183
f 183 184 186
f 183 186 185
f 185 186 188
f 185 188 187
f 187 188 190
f 187 190 189
f 189 190 192
f 189 192 191
f 191 192 194
f 191 194 193
f 193 194 196
f 193 196 195
f 195 196 198
f 195 198 197
f 197 198 200
f 197 200 199
f 199 200 202
f 199 202 201
f 201 202 204
f 201 204 203
f 203 204 206
f 203 206 205
f 182 180 178
f 178 208 206
f 206 204 202
f 202 200 198
f 198 196 194
f 194 192 190
f 190 188 186
f 186 184 182
f 182 178 206
f 206 202 198
f 198 194 190
f 190 186 182
f 182 206 198
f 198 190 182
f 205 206 208
f 205 208 207
f 207 208 178
f 207 178 177
f 207 177 179
f 179 181 183
f 183 185 187
f 187 189 191
f 191 193 195
f 195 197 199
f 199 201 203
f 203 205 207
f 207 179 183
f 183 187 191
f 191 195 199
f 199 203 207
f 207 183 191
f 191 199 207
v 0.8200000 -0.1300000 0.4380000
v 0.8200000 0.2200000 0.4380000
v 0.8131117 -0.1300000 0.4366298
v 0.8131117 0.2200000 0.4366298
v 0.8072721 -0.1300000 0.4327279
v 0.8072721 0.2200000 0.4327279
v 0.8033702 -0.1300000 0.4268883
v 0.8033702 0.2200000 0.4268883
v 0.8020000 -0.1300000 0.4200000
v 0.8020000 0.2200000 0.4200000
v 0.8033702 -0.1300000 0.4131117
v 0.8033702 0.2200000 0.4131117
v 0.8072721 -0.1300000 0.4072721
v 0.8072721 0.2200000 0.4072720
v 0.8131117 -0.1300000 0.4033702
v 0.8131117 0.2200000 0.4033701
v 0.8200000 -0.1300000 0.4020000
v 0.8200000 0.2200000 0.4020000
v 0.8268883 -0.1300000 0.4033702
v 0.8268883 0.2200000 0.4033701
v 0.8327279 -0.1300000 0.4072721
v 0.8327279 0.2200000 0.4072720
v 0.8366298 -0.1300000 0.4131117
v 0.8366298 0.2200000 0.4131117
v 0.8380000 -0.1300000 0.4200000
v 0.8380000 0.2200000 0.4200000
v 0.8366298 -0.1300000 0.4268883
v 0.8366298 0.2200000 0.4268883
v 0.8327279 -0.1300000 0.4327279
v 0.8327279 0.2200000 0.4327279
v 0.8268883 -0.1300000 0.4366298
v 0.8268883 0.2200000 0.4366298
f 209 210 212
f 209 212 211
f 211 212 214
f 211 214 213
f 213 214 216
f 213 216 215
f 215 216 218
f 215 218 217
f 217 218 220
f 217 220 219
f 219 220 222
f 219 222 221
f 221 222 224
f 221 224 223
f 223 224 226
f 223 226 225
f 225 226 228
f 225 228 227
f 227 228 230
f 227 230 229
f 229 230 232
f 229 232 231
f 231 232 234
f 231 234 233
f 233 234 236
f 233 236 235
f 235 236 238
f 235 238 237
f 214 212 210
f 210 240 238
f 238 236 234
f 234 232 230
f 230 228 226
f 226 224 222
f 222 220 218
f 218 216 214
f 214 210 238
f 238 234 230
f 230 226 222
f 222 218 214
f 214 238 230
f 230 222 214
f 237 238 240
f 237 240 239
f 239 240 210
f 239 210 209
f 239 209 211
f 211 213 215
f 215 217 219
f 219 221 223
f 223 225 227
f 227 229 231
f 231 233 235
f 235 237 239
f 239 211 215
f 215 219 223
f 223 227 231
f 231 235 239
f 239 215 223
f 223 231 239
v 0.0000000 -0.3400000 0.3650001
v 0.0000000 0.3400000 0.3650000
v -0.0133939 -0.3400000 0.3623359
v -0.0133939 0.3400000 0.3623358
v -0.0247487 -0.3400000 0.3547488
v -0.0247487 0.3400000 0.3547487
v -0.0323358 -0.3400000 0.3433940
v -0.0323358 0.3400000 0.3433939
v -0.0350000 -0.3400000 0.3300001
v -0.0350000 0.3400000 0.3300000
v -0.0323358 -0.3400000 0.3166061
v -0.0323358 0.3400000 0.3166060
v -0.0247487 -0.3400000 0.3052513
v -0.0247487 0.3400000 0.3052512
v -0.0133939 -0.3400000 0.2976643
v -0.0133939 0.3400000 0.2976642
v -0.0000000 -0.3400000 0.2950000
v -0.0000000 0.3400000 0.2950000
v 0.0133939 -0.3400000 0.2976643
v 0.0133939 0.3400000 0.2976642
v 0.0247487 -0.3400000 0.3052513
v 0.0247487 0.3400000 0.3052512
v 0.0323358 -0.3400000 0.3166061
v 0.0323358 0.3400000 0.3166060
v 0.0350000 -0.3400000 0.3300000
v 0.0350000 0.3400000 0.3300000
v 0.0323358 -0.3400000 0.3433940
v 0.0323358 0.3400000 0.3433939
v 0.0247487 -0.3400000 0.3547488
v 0.0247487 0.3400000 0.3547487
v 0.0133939 -0.3400000 0.3623358
v 0.0133939 0.3400000 0.3623357
f 241 242 244
f 241 244 243
f 243 244 246
f 243 246 245
f 245 246 248
f 245 248 247
f 247 248 250
f 247 250 249
f 249 250 252
f 249 252 251
f 251 252 254
f 251 254 253
f 253 254 256
f 253 256 255
f 255 256 258
f 255 258 257
f 257 258 260
f 257 260 259
f 259 260 262
f 259 262 261
f 261 262 264
f 261 264 263
f 263 264 266
f 263 266 265
f 265 266 268
f 265 268 267
f 267 268 270
f 267 270 269
f 246 244 242
f 242 272 270
f 270 268 266
f 266 264 262
f 262 260 258
f 258 256 254
f 254 252 250
f 250 248 246
f 246 242 270
f 270 266 262
f 262 258 254
f 254 250 246
f 246 270 262
f 262 254 246
f 269 270 272
f 269 272 271
f 271 272 242
f 271 242 241
f 271 241 243
f 243 245 247
f 247 249 251
f 251 253 255
f 255 257 259
f 259 261 263
f 263 265 267
f 267 269 271
f 271 243 247
f 247 251 255
f 255 259 263
f 263 267 271
f 271 247 255
f 255 263 271
v 0.0000000 -0.0700000 0.4150000
v 0.0000000 0.0700000 0.4150000
v -0.0325281 -0.0700000 0.4085298
v -0.0325281 0.0700000 0.4085298
v -0.0601041 -0.0700000 0.3901041
v -0.0601041 0.0700000 0.3901041
v -0.0785298 -0.0700000 0.3625281
v -0.0785298 0.0700000 0.3625281
v -0.0850000 -0.0700000 0.3300000
v -0.0850000 0.0700000 0.3300000
v -0.0785298 -0.0700000 0.2974719
v -0.0785298 0.0700000 0.2974719
v -0.0601041 -0.0700000 0.2698959
v -0.0601041 0.0700000 0.2698959
v -0.0325281 -0.0700000 0.2514703
v -0.0325281 0.0700000 0.2514702
v -0.0000000 -0.0700000 0.2450000
v -0.0000000 0.0700000 0.2450000
v 0.0325281 -0.0700000 0.2514702
v 0.0325281 0.0700000 0.2514702
v 0.0601041 -0.0700000 0.2698959
v 0.0601041 0.0700000 0.2698959
v 0.0785298 -0.0700000 0.2974719
v 0.0785298 0.0700000 0.2974719
v 0.0850000 -0.0700000 0.3300000
v 0.0850000 0.0700000 0.3300000
v 0.0785298 -0.0700000 0.3625281
v 0.0785298 0.0700000 0.3625281
v 0.0601041 -0.0700000 0.3901041
v 0.0601041 0.0700000 0.3901041
v 0.0325281 -0.0700000 0.4085298
v 0.0325281 0.0700000 0.4085298
f 273 274 276
f 273 276 275
f 275 276 278
f 275 278 277
f 277 278 280
f 277 280 279
f 279 280 282
f 279 282 281
f 281 282 284
f 281 284 283
f 283 284 286
f 283 286 285
f 285 286 288
f 285 288 287
f 287 288 290
f 287 290 289
f 289 290 292
f 289 292 291
f 291 292 294
f 291 294 293
f 293 294 296
f 293 296 295
f 295 296 298
f 295 298 297
f 297 298 300
f 297 300 299
f 299 300 302
f 299 302 301
f 278 276 274
f 274 304 302
f 302 300 298
f 298 296 294
f 294 292 290
f 290 288 286
f 286 284 282
f 282 280 278
f 278 274 302
f 302 298 294
f 294 290 286
f 286 282 278
f 278 302 294
f 294 286 278
f 301 302 304
f 301 304 303
f 303 304 274
f 303 274 273
f 303 273 275
f 275 277 279
f 279 281 283
f 283 285 287
f 287 289 291
f 291 293 295
f 295 297 299
f 299 301 303
f 303 275 279
f 279 283 287
f 287 291 295
f 295 299 303
f 303 279 287
f 287 295 303
v 0.0000000 -0.5600001 0.3500001
v 0.0000000 0.5600001 0.3499999
v -0.0076537 -0.5600001 0.3484777
v -0.0076537 0.5600001 0.3484775
v -0.0141421 -0.5600001 0.3441422
v -0.0141421 0.5600001 0.3441421
v -0.0184776 -0.5600001 0.3376538
v -0.0184776 0.5600001 0.3376536
v -0.0200000 -0.5600001 0.3300001
v -0.0200000 0.5600001 0.3300000
v -0.0184776 -0.5600001 0.3223464
v -0.0184776 0.5600001 0.3223463
v -0.0141421 -0.5600001 0.3158579
v -0.0141421 0.5600001 0.3158578
v -0.0076537 -0.5600001 0.3115225
v -0.0076537 0.5600001 0.3115223
v -0.0000000 -0.5600001 0.3100001
v -0.0000000 0.5600001 0.3099999
v 0.0076537 -0.5600001 0.3115225
v 0.0076537 0.5600001 0.3115223
v 0.0141421 -0.5600001 0.3158579
v 0.0141421 0.5600001 0.3158578
v 0.0184776 -0.5600001 0.3223464
v 0.0184776 0.5600001 0.3223463
v 0.0200000 -0.5600001 0.3300001
v 0.0200000 0.5600001 0.3299999
v 0.0184776 -0.5600001 0.3376538
v 0.0184776 0.5600001 0.3376536
v 0.0141421 -0.5600001 0.3441422
v 0.0141421 0.5600001 0.3441421
v 0.0076537 -0.5600001 0.3484777
v 0.0076537 0.5600001 0.3484775
f 305 306 308
f 305 308 307
f 307 308 310
f 307 310 309
f 309 310 312
f 309 312 311
f 311 312 314
f 311 314 313
f 313 314 316
f 313 316 315
f 315 316 318
f 315 318 317
f 317 318 320
f 317 320 319
f 319 320 322
f 319 322 321
f 321 322 324
f 321 324 323
f 323 324 326
f 323 326 325
f 325 326 328
f 325 328 327
f 327 328 330
f 327 330 329
f 329 330 332
f 329 332 331
f 331 332 334
f 331 334 333
f 310 308 306
f 306 336 334
f 334 332 330
f 330 328 326
f 326 324 322
f 322 320 318
f 318 316 314
f 314 312 310
f 310 306 334
f 334 330 326
f 326 322 318
f 318 314 310
f 310 334 326
f 326 318 310
f 333 334 336
f 333 336 335
f 335 336 306
f 335 306 305
f 335 305 307
f 307 309 311
f 311 313 315
f 315 317 319
f 319 321 323
f 323 325 327
f 327 329 331
f 331 333 335
f 335 307 311
f 311 315 319
f 319 323 327
f 327 331 335
f 335 311 319
f 319 327 335
v 0.0000000 -0.2450000 0.3650000
v 0.0000000 -0.2450000 0.4400000
v -0.0095671 -0.2430970 0.3650000
v -0.0095671 -0.2430970 0.4400000
v -0.0176777 -0.2376777 0.3650000
v -0.0176777 -0.2376777 0.4400000
v -0.0230970 -0.2295671 0.3650000
v -0.0230970 -0.2295671 0.4400000
v -0.0250000 -0.2200000 0.3650000
v -0.0250000 -0.2200000 0.4400000
v -0.0230970 -0.2104329 0.3650000
v -0.0230970 -0.2104329 0.4400000
v -0.0176777 -0.2023223 0.3650000
v -0.0176777 -0.2023223 0.4400000
v -0.0095671 -0.1969030 0.3650000
v -0.0095671 -0.1969030 0.4400000
v -0.0000000 -0.1950000 0.3650000
v -0.0000000 -0.1950000 0.4400000
v 0.0095671 -0.1969030 0.3650000
v 0.0095671 -0.1969030 0.4400000
v 0.0176777 -0.2023223 0.3650000
v 0.0176777 -0.2023223 0.4400000
v 0.0230970 -0.2104329 0.3650000
v 0.0230970 -0.2104329 0.4400000
v 0.0250000 -0.2200000 0.3650000
v 0.0250000 -0.2200000 0.4400000
v 0.0230970 -0.2295671 0.3650000
v 0.0230970 -0.2295671 0.4400000
v 0.0176777 -0.2376777 0.3650000
v 0.0176777 -0.2376777 0.4400000
v 0.0095671 -0.2430970 0.3650000
v 0.0095671 -0.2430970 0.4400000
f 337 338 340
f 337 340 339
f 339 340 342
f 339 342 341
f 341 342 344
f 341 344 343
f 343 344 346
f 343 346 345
f 345 346 348
f 345 348 347
f 347 348 350
f 347 350 349
f 349 350 352
f 349 352 351
f 351 352 354
f 351 354 353
f 353 354 356
f 353 356 355
f 355 356 358
f 355 358 357
f 357 358 360
f 357 360 359
f 359 360 362
f 359 362 361
f 361 362 364
f 361 364 363
f 363 364 366
f 363 366 365
f 342 340 338
f 338 368 366
f 366 364 362
f 362 360 358
f 358 356 354
f 354 352 350
f 350 348 346
f 346 344 342
f 342 338 366
f 366 362 358
f 358 354 350
f 350 346 342
f 342 366 358
f 358 350 342
f 365 366 368
f 365 368 367
f 367 368 338
f 367 338 337
f 367 337 339
f 339 341 343
f 343 345 347
f 347 349 351
f 351 353 355
f 355 357 359
f 359 361 363
f 363 365 367
f 367 339 343
f 343 347 351
f 351 355 359
f 359 363 367
f 367 343 351
f 351 359 367
v 1.2500000 -0.2000000 0.4200000
v 1.2500000 -0.2000000 0.3000000
v 1.2423463 -0.2015224 0.4200000
v 1.2423463 -0.2015224 0.3000000
v 1.2358578 -0.2058579 0.4200000
v 1.2358578 -0.2058579 0.3000000
v 1.2315224 -0.2123463 0.4200000
v 1.2315224 -0.2123463 0.3000000
v 1.2300000 -0.2200000 0.4200000
v 1.2300000 -0.2200000 0.3000000
v 1.2315224 -0.2276537 0.4200000
v 1.2315224 -0.2276537 0.3000000
v 1.2358578 -0.2341421 0.4200000
v 1.2358578 -0.2341421 0.3000000
v 1.2423463 -0.2384776 0.4200000
v 1.2423463 -0.2384776 0.3000000
v 1.2500000 -0.2400000 0.4200000
v 1.2500000 -0.2400000 0.3000000
v 1.2576537 -0.2384776 0.4200000
v 1.2576537 -0.2384776 0.3000000
v 1.2641422 -0.2341421 0.4200000
v 1.2641422 -0.2341421 0.3000000
v 1.2684776 -0.2276537 0.4200000
v 1.2684776 -0.2276537 0.3000000
v 1.2700000 -0.2200000 0.4200000
v 1.2700000 -0.2200000 0.3000000
v 1.2684776 -0.2123463 0.4200000
v 1.2684776 -0.2123463 0.3000000
v 1.2641422 -0.2058579 0.4200000
v 1.2641422 -0.2058579 0.3000000
v 1.2576537 -0.2015224 0.4200000
v 1.2576537 -0.2015224 0.3000000
f 369 370 372
f 369 372 371
f 371 372 374
f 371 374 373
f 373 374 376
f 373 376 375
f 375 376 378
f 375 378 377
f 377 378 380
f 377 380 379
f 379 380 382
f 379 382 381
f 381 382 384
f 381 384 383
f 383 384 386
f 383 386 385
f 385 386 388
f 385 388 387
f 387 388 390
f 387 390 389
f 389 390 392
f 389 392 391
f 391 392 394
f 391 394 393
f 393 394 396
f 393 396 395
f 395 396 398
f 395 398 397
f 374 372 370
f 370 400 398
f 398 396 394
f 394 392 390
f 390 388 386
f 386 384 382
f 382 380 378
f 378 376 374
f 374 370 398
f 398 394 390
f 390 386 382
f 382 378 374
f 374 398 390
f 390 382 374
f 397 398 400
f 397 400 399
f 399 400 370
f 399 370 369
f 399 369 371
f 371 373 375
f 375 377 379
f 379 381 383
f 383 385 387
f 387 389 391
f 391 393 395
f 395 397 399
f 399 371 375
f 375 379 383
f 383 387 391
f 391 395 399
f 399 375 383
f 383 391 399
v 0.0000000 0.1950000 0.3650000
v 0.0000000 0.1950000 0.4400000
v -0.0095671 0.1969030 0.3650000
v -0.0095671 0.1969030 0.4400000
v -0.0176777 0.2023223 0.3650000
v -0.0176777 0.2023223 0.4400000
v -0.0230970 0.2104329 0.3650000
v -0.0230970 0.2104329 0.4400000
v -0.0250000 0.2200000 0.3650000
v -0.0250000 0.2200000 0.4400000
v -0.0230970 0.2295671 0.3650000
v -0.0230970 0.2295671 0.4400000
v -0.0176777 0.2376777 0.3650000
v -0.0176777 0.2376777 0.4400000
v -0.0095671 0.2430970 0.3650000
v -0.0095671 0.2430970 0.4400000
v -0.0000000 0.2450000 0.3650000
v -0.0000000 0.2450000 0.4400000
v 0.0095671 0.2430970 0.3650000
v 0.0095671 0.2430970 0.4400000
v 0.0176777 0.2376777 0.3650000
v 0.0176777 0.2376777 0.4400000
v 0.0230970 0.2295671 0.3650000
v 0.0230970 0.2295671 0.4400000
v 0.0250000 0.2200000 0.3650000
v 0.0250000 0.2200000 0.4400000
v 0.0230970 0.2104329 0.3650000
v 0.0230970 0.2104329 0.4400000
v 0.0176777 0.2023223 0.3650000
v 0.0176777 0.2023223 0.4400000
v 0.0095671 0.1969030 0.3650000
v 0.0095671 0.1969030 0.4400000
f 401 402 404
f 401 404 403
f 403 404 406
f 403 406 405
f 405 406 408
f 405 408 407
f 407 408 410
f 407 410 409
f 409 410 412
f 409 412 411
f 411 412 414
f 411 414 413
f 413 414 416
f 413 416 415
f 415 416 418
f 415 418 417
f 417 418 420
f 417 420 419
f 419 420 422
f 419 422 421
f 421 422 424
f 421 424 423
f 423 424 426
f 423 426 425
f 425 426 428
f 425 428 427
f 427 428 430
f 427 430 429
f 406 404 402
f 402 432 430
f 430 428 426
f 426 424 422
f 422 420 418
f 418 416 414
f 414 412 410
f 410 408 406
f 406 402 430
f 430 426 422
f 422 418 414
f 414 410 406
f 406 430 422
f 422 414 406
f 429 430 432
f 429 432 431
f 431 432 402
f 431 402 401
f 431 401 403
f 403 405 407
f 407 409 411
f 411 413 415
f 415 417 419
f 419 421 423
f 423 425 427
f 427 429 431
f 431 403 407
f 407 411 415
f 415 419 423
f 423 427 431
f 431 407 415
f 415 423 431
v 1.2500000 0.2400000 0.4200000
v 1.2500000 0.2400000 0.3000000
v 1.2423463 0.2384776 0.4200000
v 1.2423463 0.2384776 0.3000000
v 1.2358578 0.2341421 0.4200000
v 1.2358578 0.2341421 0.3000000
v 1.2315224 0.2276537 0.4200000
v 1.2315224 0.2276537 0.3000000
v 1.2300000 0.2200000 0.4200000
v 1.2300000 0.2200000 0.3000000
v 1.2315224 0.2123463 0.4200000
v 1.2315224 0.2123463 0.3000000
v 1.2358578 0.2058579 0.4200000
v 1.2358578 0.2058579 0.3000000
v 1.2423463 0.2015224 0.4200000
v 1.2423463 0.2015224 0.3000000
v 1.2500000 0.2000000 0.4200000
v 1.2500000 0.2000000 0.3000000
v 1.2576537 0.2015224 0.4200000
v 1.2576537 0.2015224 0.3000000
v 1.2641422 0.2058579 0.4200000
v 1.2641422 0.2058579 0.3000000
v 1.2684776 0.2123463 0.4200000
v 1.2684776 0.2123463 0.3000000
v 1.2700000 0.2200000 0.4200000
v 1.2700000 0.2200000 0.3000000
v 1.2684776 0.2276537 0.4200000
v 1.2684776 0.2276537 0.3000000
v 1.2641422 0.2341421 0.4200000
v 1.2641422 0.2341421 0.3000000
v 1.2576537 0.2384776 0.4200000
v 1.2576537 0.2384776 0.3000000
f 433 434 436
f 433 436 435
f 435 436 438
f 435 438 437
f 437 438 440
f 437 440 439
f 439 440 442
f 439 442 441
f 441 442 444
f 441 444 443
f 443 444 446
f 443 446 445
f 445 446 448
f 445 448 447
f 447 448 450
f 447 450 449
f 449 450 452
f 449 452 451
f 451 452 454
f 451 454 453
f 453 454 456
f 453 456 455
f 455 456 458
f 455 458 457
f 457 458 460
f 457 460 459
f 459 460 462
f 459 462 461
f 438 436 434
f 434 464 462
f 462 460 458
f 458 456 454
f 454 452 450
f 450 448 446
f 446 444 442
f 442 440 438
f 438 434 462
f 462 458 454
f 454 450 446
f 446 442 438
f 438 462 454
f 454 446 438
f 461 462 464
f 461 464 463
f 463 464 434
f 463 434 433
f 463 433 435
f 435 437 439
f 439 441 443
f 443 445 447
f 447 449 451
f 451 453 455
f 455 457 459
f 459 461 463
f 463 435 439
f 439 443 447
f 447 451 455
f 455 459 463
f 463 439 447
f 447 455 463
v 1.2500000 -0.3350000 0.3220001
v 1.2500000 0.3350000 0.3220000
v 1.2415810 -0.3350000 0.3203254
v 1.2415810 0.3350000 0.3203253
v 1.2344437 -0.3350000 0.3155564
v 1.2344437 0.3350000 0.3155563
v 1.2296747 -0.3350000 0.3084191
v 1.2296747 0.3350000 0.3084190
v 1.2280000 -0.3350000 0.3000001
v 1.2280000 0.3350000 0.3000000
v 1.2296747 -0.3350000 0.2915810
v 1.2296747 0.3350000 0.2915809
v 1.2344437 -0.3350000 0.2844437
v 1.2344437 0.3350000 0.2844436
v 1.2415810 -0.3350000 0.2796747
v 1.2415810 0.3350000 0.2796746
v 1.2500000 -0.3350000 0.2780001
v 1.2500000 0.3350000 0.2780000
v 1.2584190 -0.3350000 0.2796747
v 1.2584190 0.3350000 0.2796746
v 1.2655563 -0.3350000 0.2844437
v 1.2655563 0.3350000 0.2844436
v 1.2703253 -0.3350000 0.2915810
v 1.2703253 0.3350000 0.2915809
v 1.2720000 -0.3350000 0.3000000
v 1.2720000 0.3350000 0.3000000
v 1.2703253 -0.3350000 0.3084191
v 1.2703253 0.3350000 0.3084190
v 1.2655563 -0.3350000 0.3155564
v 1.2655563 0.3350000 0.3155563
v 1.2584190 -0.3350000 0.3203254
v 1.2584190 0.3350000 0.3203253
f 465 466 468
f 465 468 467
f 467 468 470
f 467 470 469
f 469 470 472
f 469 472 471
f 471 472 474
f 471 474 473
f 473 474 476
f 473 476 475
f 475 476 478
f 475 478 477
f 477 478 480
f 477 480 479
f 479 480 482
f 479 482 481
f 481 482 484
f 481 484 483
f 483 484 486
f 483 486 485
f 485 486 488
f 485 488 487
f 487 488 490
f 487 490 489
f 489 490 492
f 489 492 491
f 491 492 494
f 491 494 493
f 470 468 466
f 466 496 494
f 494 492 490
f 490 488 486
f 486 484 482
f 482 480 478
f 478 476 474
f 474 472 470
f 470 466 494
f 494 490 486
f 486 482 478
f 478 474 470
f 470 494 486
f 486 478 470
f 493 494 496
f 493 496 495
f 495 496 466
f 495 466 465
f 495 465 467
f 467 469 471
f 471 473 475
f 475 477 479
f 479 481 483
f 483 485 487
f 487 489 491
f 491 493 495
f 495 467 471
f 471 475 479
f 479 483 487
f 487 491 495
f 495 471 479
f 479 487 495
v 1.2500000 0.3350000 0.2750000
v 1.2500000 0.3350000 0.3250000
v 1.2385195 0.3372836 0.2750000
v 1.2385195 0.3372836 0.3250000
v 1.2287868 0.3437868 0.2750000
v 1.2287868 0.3437868 0.3250000
v 1.2222836 0.3535195 0.2750000
v 1.2222836 0.3535195 0.3250000
v 1.2200000 0.3650000 0.2750000
v 1.2200000 0.3650000 0.3250000
v 1.2222836 0.3764805 0.2750000
v 1.2222836 0.3764805 0.3250000
v 1.2287868 0.3862132 0.2750000
v 1.2287868 0.3862132 0.3250000
v 1.2385195 0.3927164 0.2750000
v 1.2385195 0.3927164 0.3250000
v 1.2500000 0.3950000 0.2750000
v 1.2500000 0.3950000 0.3250000
v 1.2614805 0.3927164 0.2750000
v 1.2614805 0.3927164 0.3250000
v 1.2712132 0.3862132 0.2750000
v 1.2712132 0.3862132 0.3250000
v 1.2777164 0.3764805 0.2750000
v 1.2777164 0.3764805 0.3250000
v 1.2800000 0.3650000 0.2750000
v 1.2800000 0.3650000 0.3250000
v 1.2777164 0.3535195 0.2750000
v 1.2777164 0.3535195 0.3250000
v 1.2712132 0.3437868 0.2750000
v 1.2712132 0.3437868 0.3250000
v 1.2614805 0.3372836 0.2750000
v 1.2614805 0.3372836 0.3250000
f 497 498 500
f 497 500 499
f 499 500 502
f 499 502 501
f 501 502 504
f 501 504 503
f 503 504 506
f 503 506 505
f 505 506 508
f 505 508 507
f 507 508 510
f 507 510 509
f 509 510 512
f 509 512 511
f 511 512 514
f 511 514 513
f 513 514 516
f 513 516 515
f 515 516 518
f 515 518 517
f 517 518 520
f 517 520 519
f 519 520 522
f 519 522 521
f 521 522 524
f 521 524 523
f 523 524 526
f 523 526 525
f 502 500 498
f 498 528 526
f 526 524 522
f 522 520 518
f 518 516 514
f 514 512 510
f 510 508 506
f 506 504 502
f 502 498 526
f 526 522 518
f 518 514 510
f 510 506 502
f 502 526 518
f 518 510 502
f 525 526 528
f 525 528 527
f 527 528 498
f 527 498 497
f 527 497 499
f 499 501 503
f 503 505 507
f 507 509 511
f 511 513 515
f 515 517 519
f 519 521 523
f 523 525 527
f 527 499 503
f 503 507 511
f 511 515 519
f 519 523 527
f 527 503 511
f 511 519 527
v 1.2500000 -0.3950000 0.2750000
v 1.2500000 -0.3950000 0.3250000
v 1.2385195 -0.3927164 0.2750000
v 1.2385195 -0.3927164 0.3250000
v 1.2287868 -0.3862132 0.2750000
v 1.2287868 -0.3862132 0.3250000
v 1.2222836 -0.3764805 0.2750000
v 1.2222836 -0.3764805 0.3250000
v 1.2200000 -0.3650000 0.2750000
v 1.2200000 -0.3650000 0.3250000
v 1.2222836 -0.3535195 0.2750000
v 1.2222836 -0.3535195 0.3250000
v 1.2287868 -0.3437868 0.2750000
v 1.2287868 -0.3437868 0.3250000
v 1.2385195 -0.3372836 0.2750000
v 1.2385195 -0.3372836 0.3250000
v 1.2500000 -0.3350000 0.2750000
v 1.2500000 -0.3350000 0.3250000
v 1.2614805 -0.3372836 0.2750000
v 1.2614805 -0.3372836 0.3250000
v 1.2712132 -0.3437868 0.2750000
v 1.2712132 -0.3437868 0.3250000
v 1.2777164 -0.3535195 0.2750000
v 1.2777164 -0.3535195 0.3250000
v 1.2800000 -0.3650000 0.2750000
v 1.2800000 -0.3650000 0.3250000
v 1.2777164 -0.3764805 0.2750000
v 1.2777164 -0.3764805 0.3250000
v 1.2712132 -0.3862132 0.2750000
v 1.2712132 -0.3862132 0.3250000
v 1.2614805 -0.3927164 0.2750000
v 1.2614805 -0.3927164 0.3250000
f 529 530 532
f 529 532 531
f 531 532 534
f 531 534 533
f 533 534 536
f 533 536 535
f 535 536 538
f 535 538 537
f 537 538 540
f 537 540 539
f 539 540 542
f 539 542 541
f 541 542 544
f 541 544 543
f 543 544 546
f 543 546 545
f 545 546 548
f 545 548 547
f 547 548 550
f 547 550 549
f 549 550 552
f 549 552 551
f 551 552 554
f 551 554 553
f 553 554 556
f 553 556 555
f 555 556 558
f 555 558 557
f 534 532 530
f 530 560 558
f 558 556 554
f 554 552 550
f 550 548 546
f 546 544 542
f 542 540 538
f 538 536 534
f 534 530 558
f 558 554 550
f 550 546 542
f 542 538 534
f 534 558 550
f 550 542 534
f 557 558 560
f 557 560 559
f 559 560 530
f 559 530 529
f 559 529 531
f 531 533 535
f 535 537 539
f 539 541 543
f 543 545 547
f 547 549 551
f 551 553 555
f 555 557 559
f 559 531 535
f 535 539 543
f 543 547 551
f 551 555 559
f 559 535 543
f 543 551 559
v 0.9920000 -0.0780000 0.2500000
v 0.9920000 -0.0900000 0.2620000
v 0.9800000 -0.0780000 0.2620000
v 0.9920000 -0.0839921 0.2516032
v 0.9860079 -0.0780000 0.2516032
v 0.9862615 -0.0837386 0.2531604
v 0.9860079 -0.0883969 0.2620000
v 0.9920000 -0.0883969 0.2560079
v 0.9862615 -0.0868396 0.2562615
v 0.9816032 -0.0780000 0.2560079
v 0.9816032 -0.0839921 0.2620000
v 0.9831604 -0.0837386 0.2562615
v 0.9920000 -0.0900000 0.4180000
v 0.9920000 -0.0780000 0.4300000
v 0.9800000 -0.0780000 0.4180000
v 0.9920000 -0.0883969 0.4239922
v 0.9860079 -0.0883969 0.4180000
v 0.9862615 -0.0868396 0.4237385
v 0.9860079 -0.0780000 0.4283969
v 0.9920000 -0.0839921 0.4283969
v 0.9862615 -0.0837386 0.4268396
v 0.9816032 -0.0839921 0.4180000
v 0.9816032 -0.0780000 0.4239922
v 0.9831604 -0.0837386 0.4237385
v 0.9920000 0.0780000 0.2500000
v 0.9800000 0.0780000 0.2620000
v 0.9920000 0.0900000 0.2620000
v 0.9860079 0.0780000 0.2516032
v 0.9920000 0.0839921 0.2516032
v 0.9862615 0.0837385 0.2531604
v 0.9816032 0.0839921 0.2620000
v 0.9816032 0.0780000 0.2560079
v 0.9831604 0.0837385 0.2562615
v 0.9920000 0.0883968 0.2560079
v 0.9860079 0.0883968 0.2620000
v 0.9862615 0.0868396 0.2562615
v 0.9920000 0.0780000 0.4300000
v 0.9920000 0.0900000 0.4180000
v 0.9800000 0.0780000 0.4180000
v 0.9920000 0.0839921 0.4283969
v 0.9860079 0.0780000 0.4283969
v 0.9862615 0.0837386 0.4268396
v 0.9860079 0.0883969 0.4180000
v 0.9920000 0.0883969 0.4239922
v 0.9862615 0.0868396 0.4237385
v 0.9816032 0.0780000 0.4239922
v 0.9816032 0.0839921 0.4180000
v 0.9831604 0.0837386 0.4237385
v 1.1680000 -0.0780000 0.2500000
v 1.1800001 -0.0780000 0.2620000
v 1.1680000 -0.0900000 0.2620000
v 1.1739922 -0.0780000 0.2516032
v 1.1680000 -0.0839921 0.2516032
v 1.1737386 -0.0837385 0.2531604
v 1.1783969 -0.0839921 0.2620000
v 1.1783969 -0.0780000 0.2560079
v 1.1768396 -0.0837385 0.2562615
v 1.1680000 -0.0883968 0.2560079
v 1.1739922 -0.0883968 0.2620000
v 1.1737386 -0.0868396 0.2562615
v 1.1680000 -0.0780000 0.4300000
v 1.1680000 -0.0900000 0.4180000
v 1.1800001 -0.0780000 0.4180000
v 1.1680000 -0.0839921 0.4283969
v 1.1739922 -0.0780000 0.4283969
v 1.1737386 -0.0837386 0.4268396
v 1.1739922 -0.0883969 0.4180000
v 1.1680000 -0.0883969 0.4239922
v 1.1737386 -0.0868396 0.4237385
v 1.1783969 -0.0780000 0.4239922
v 1.1783969 -0.0839921 0.4180000
v 1.1768396 -0.0837386 0.4237385
v 1.1680000 0.0780000 0.2500000
v 1.1680000 0.0900000 0.2620000
v 1.1800001 0.0780000 0.2620000
v 1.1680000 0.0839921 0.2516032
v 1.1739922 0.0780000 0.2516032
v 1.1737386 0.0837386 0.2531604
v 1.1739922 0.0883969 0.2620000
v 1.1680000 0.0883969 0.2560079
v 1.1737386 0.0868396 0.2562615
v 1.1783969 0.0780000 0.2560079
v 1.1783969 0.0839921 0.2620000
v 1.1768396 0.0837386 0.2562615
v 1.1680000 0.0780000 0.4300000
v 1.1800001 0.0780000 0.4180000
v 1.1680000 0.0900000 0.4180000
v 1.1739922 0.0780000 0.4283969
v 1.1680000 0.0839921 0.4283969
v 1.1737386 0.0837385 0.4268396
v 1.1783969 0.0839921 0.4180000
v 1.1783969 0.0780000 0.4239922
v 1.1768396 0.0837385 0.4237385
v 1.1680000 0.0883968 0.4239922
v 1.1739922 0.0883968 0.4180000
v 1.1737386 0.0868396 0.4237385
f 561 564 566
f 561 566 565
f 564 568 569
f 564 569 566
f 562 567 569
f 562 569 568
f 567 571 572
f 567 572 569
f 563 570 572
f 563 572 571
f 570 565 566
f 570 566 572
f 566 569 572
f 573 576 578
f 573 578 577
f 576 580 581
f 576 581 578
f 574 579 581
f 574 581 580
f 579 583 584
f 579 584 581
f 575 582 584
f 575 584 583
f 582 577 578
f 582 578 584
f 578 581 584
f 585 588 590
f 585 590 589
f 588 592 593
f 588 593 590
f 586 591 593
f 586 593 592
f 591 595 596
f 591 596 593
f 587 594 596
f 587 596 595
f 594 589 590
f 594 590 596
f 590 593 596
f 597 600 602
f 597 602 601
f 600 604 605
f 600 605 602
f 598 603 605
f 598 605 604
f 603 607 608
f 603 608 605
f 599 606 608
f 599 608 607
f 606 601 602
f 606 602 608
f 602 605 608
f 609 612 614
f 609 614 613
f 612 616 617
f 612 617 614
f 610 615 617
f 610 617 616
f 615 619 620
f 615 620 617
f 611 618 620
f 611 620 619
f 618 613 614
f 618 614 620
f 614 617 620
f 621 624 626
f 621 626 625
f 624 628 629
f 624 629 626
f 622 627 629
f 622 629 628
f 627 631 632
f 627 632 629
f 623 630 632
f 623 632 631
f 630 625 626
f 630 626 632
f 626 629 632
f 633 636 638
f 633 638 637
f 636 640 641
f 636 641 638
f 634 639 641
f 634 641 640
f 639 643 644
f 639 644 641
f 635 642 644
f 635 644 643
f 642 637 638
f 642 638 644
f 638 641 644
f 645 648 650
f 645 650 649
f 648 652 653
f 648 653 650
f 646 651 653
f 646 653 652
f 651 655 656
f 651 656 653
f 647 654 656
f 647 656 655
f 654 649 650
f 654 650 656
f 650 653 656
f 585 561 565
f 585 565 588
f 588 565 570
f 588 570 592
f 592 570 563
f 592 563 586
f 562 573 577
f 562 577 567
f 567 577 582
f 567 582 571
f 571 582 575
f 571 575 563
f 574 597 601
f 574 601 579
f 579 601 606
f 579 606 583
f 583 606 599
f 583 599 575
f 598 587 595
f 598 595 603
f 603 595 591
f 603 591 607
f 607 591 586
f 607 586 599
f 633 585 589
f 633 589 636
f 636 589 594
f 636 594 640
f 640 594 587
f 640 587 634
f 597 645 649
f 597 649 600
f 600 649 654
f 600 654 604
f 604 654 647
f 604 647 598
f 646 635 643
f 646 643 651
f 651 643 639
f 651 639 655
f 655 639 634
f 655 634 647
f 609 633 637
f 609 637 612
f 612 637 642
f 612 642 616
f 616 642 635
f 616 635 610
f 645 621 625
f 645 625 648
f 648 625 630
f 648 630 652
f 652 630 623
f 652 623 646
f 622 611 619
f 622 619 627
f 627 619 615
f 627 615 631
f 631 615 610
f 631 610 623
f 561 609 613
f 561 613 564
f 564 613 618
f 564 618 568
f 568 618 611
f 568 611 562
f 621 574 580
f 621 580 624
f 624 580 576
f 624 576 628
f 628 576 573
f 628 573 622
f 585 633 609
f 585 609 561
f 563 575 599
f 563 599 586
f 611 622 573
f 611 573 562
f 645 597 574
f 645 574 621
f 587 598 647
f 587 647 634
f 635 646 623
f 635 623 610
v 1.0800000 -0.0550000 0.4300000
v 1.0800000 -0.0550000 0.7400000
v 1.0589525 -0.0508134 0.4300000
v 1.0589525 -0.0508134 0.7400000
v 1.0411092 -0.0388909 0.4300000
v 1.0411092 -0.0388909 0.7400000
v 1.0291867 -0.0210476 0.4300000
v 1.0291867 -0.0210476 0.7400000
v 1.0250001 -0.0000000 0.4300000
v 1.0250001 -0.0000000 0.7400000
v 1.0291867 0.0210476 0.4300000
v 1.0291867 0.0210476 0.7400000
v 1.0411092 0.0388909 0.4300000
v 1.0411092 0.0388909 0.7400000
v 1.0589525 0.0508134 0.4300000
v 1.0589525 0.0508134 0.7400000
v 1.0800000 0.0550000 0.4300000
v 1.0800000 0.0550000 0.7400000
v 1.1010476 0.0508134 0.4300000
v 1.1010476 0.0508134 0.7400000
v 1.1188909 0.0388909 0.4300000
v 1.1188909 0.0388909 0.7400000
v 1.1308134 0.0210476 0.4300000
v 1.1308134 0.0210476 0.7400000
v 1.1350000 0.0000000 0.4300000
v 1.1350000 0.0000000 0.7400000
v 1.1308134 -0.0210476 0.4300000
v 1.1308134 -0.0210476 0.7400000
v 1.1188909 -0.0388909 0.4300000
v 1.1188909 -0.0388909 0.7400000
v 1.1010476 -0.0508134 0.4300000
v 1.1010476 -0.0508134 0.7400000
f 657 658 660
f 657 660 659
f 659 660 662
f 659 662 661
f 661 662 664
f 661 664 663
f 663 664 666
f 663 666 665
f 665 666 668
f 665 668 667
f 667 668 670
f 667 670 669
f 669 670 672
f 669 672 671
f 671 672 674
f 671 674 673
f 673 674 676
f 673 676 675
f 675 676 678
f 675 678 677
f 677 678 680
f 677 680 679
f 679 680 682
f 679 682 681
f 681 682 684
f 681 684 683
f 683 684 686
f 683 686 685
f 662 660 658
f 658 688 686
f 686 684 682
f 682 680 678
f 678 676 674
f 674 672 670
f 670 668 666
f 666 664 662
f 662 658 686
f 686 682 678
f 678 674 670
f 670 666 662
f 662 686 678
f 678 670 662
f 685 686 688
f 685 688 687
f 687 688 658
f 687 658 657
f 687 657 659
f 659 661 663
f 663 665 667
f 667 669 671
f 671 673 675
f 675 677 679
f 679 681 683
f 683 685 687
f 687 659 663
f 663 667 671
f 671 675 679
f 679 683 687
f 687 663 671
f 671 679 687
v 1.0800000 -0.0850000 0.5000000
v 1.0800000 -0.0850000 0.5060000
v 1.0474720 -0.0785298 0.5000000
v 1.0474720 -0.0785298 0.5060000
v 1.0198960 -0.0601041 0.5000000
v 1.0198960 -0.0601041 0.5060000
v 1.0014703 -0.0325281 0.5000000
v 1.0014703 -0.0325281 0.5060000
v 0.9950001 -0.0000000 0.5000000
v 0.9950001 -0.0000000 0.5060000
v 1.0014703 0.0325281 0.5000000
v 1.0014703 0.0325281 0.5060000
v 1.0198959 0.0601041 0.5000000
v 1.0198959 0.0601041 0.5060000
v 1.0474720 0.0785298 0.5000000
v 1.0474720 0.0785298 0.5060000
v 1.0800000 0.0850000 0.5000000
v 1.0800000 0.0850000 0.5060000
v 1.1125281 0.0785298 0.5000000
v 1.1125281 0.0785298 0.5060000
v 1.1401041 0.0601041 0.5000000
v 1.1401041 0.0601041 0.5060000
v 1.1585298 0.0325281 0.5000000
v 1.1585298 0.0325281 0.5060000
v 1.1650001 0.0000000 0.5000000
v 1.1650001 0.0000000 0.5060000
v 1.1585298 -0.0325281 0.5000000
v 1.1585298 -0.0325281 0.5060000
v 1.1401042 -0.0601041 0.5000000
v 1.1401042 -0.0601041 0.5060000
v 1.1125281 -0.0785298 0.5000000
v 1.1125281 -0.0785298 0.5060000
f 689 690 692
f 689 692 691
f 691 692 694
f 691 694 693
f 693 694 696
f 693 696 695
f 695 696 698
f 695 698 697
f 697 698 700
f 697 700 699
f 699 700 702
f 699 702 701
f 701 702 704
f 701 704 703
f 703 704 706
f 703 706 705
f 705 706 708
f 705 708 707
f 707 708 710
f 707 710 709
f 709 710 712
f 709 712 711
f 711 712 714
f 711 714 713
f 713 714 716
f 713 716 715
f 715 716 718
f 715 718 717
f 694 692 690
f 690 720 718
f 718 716 714
f 714 712 710
f 710 708 706
f 706 704 702
f 702 700 698
f 698 696 694
f 694 690 718
f 718 714 710
f 710 706 702
f 702 698 694
f 694 718 710
f 710 702 694
f 717 718 720
f 717 720 719
f 719 720 690
f 719 690 689
f 719 689 691
f 691 693 695
f 695 697 699
f 699 701 703
f 703 705 707
f 707 709 711
f 711 713 715
f 715 717 719
f 719 691 695
f 695 699 703
f 703 707 711
f 711 715 719
f 719 695 703
f 703 711 719
v 1.0800000 -0.0850000 0.5450000
v 1.0800000 -0.0850000 0.5510000
v 1.0474720 -0.0785298 0.5450000
v 1.0474720 -0.0785298 0.5510000
v 1.0198960 -0.0601041 0.5450000
v 1.0198960 -0.0601041 0.5510000
v 1.0014703 -0.0325281 0.5450000
v 1.0014703 -0.0325281 0.5510000
v 0.9950001 -0.0000000 0.5450000
v 0.9950001 -0.0000000 0.5510000
v 1.0014703 0.0325281 0.5450000
v 1.0014703 0.0325281 0.5510000
v 1.0198959 0.0601041 0.5450000
v 1.0198959 0.0601041 0.5510000
v 1.0474720 0.0785298 0.5450000
v 1.0474720 0.0785298 0.5510000
v 1.0800000 0.0850000 0.5450000
v 1.0800000 0.0850000 0.5510000
v 1.1125281 0.0785298 0.5450000
v 1.1125281 0.0785298 0.5510000
v 1.1401041 0.0601041 0.5450000
v 1.1401041 0.0601041 0.5510000
v 1.1585298 0.0325281 0.5450000
v 1.1585298 0.0325281 0.5510000
v 1.1650001 0.0000000 0.5450000
v 1.1650001 0.0000000 0.5510000
v 1.1585298 -0.0325281 0.5450000
v 1.1585298 -0.0325281 0.5510000
v 1.1401042 -0.0601041 0.5450000
v 1.1401042 -0.0601041 0.5510000
v 1.1125281 -0.0785298 0.5450000
v 1.1125281 -0.0785298 0.5510000
f 721 722 724
f 721 724 723
f 723 724 726
f 723 726 725
f 725 726 728
f 725 728 727
f 727 728 730
f 727 730 729
f 729 730 732
f 729 732 731
f 731 732 734
f 731 734 733
f 733 734 736
f 733 736 735
f 735 736 738
f 735 738 737
f 737 738 740
f 737 740 739
f 739 740 742
f 739 742 741
f 741 742 744
f 741 744 743
f 743 744 746
f 743 746 745
f 745 746 748
f 745 748 747
f 747 748 750
f 747 750 749
f 726 724 722
f 722 752 750
f 750 748 746
f 746 744 742
f 742 740 738
f 738 736 734
f 734 732 730
f 730 728 726
f 726 722 750
f 750 746 742
f 742 738 734
f 734 730 726
f 726 750 742
f 742 734 726
f 749 750 752
f 749 752 751
f 751 752 722
f 751 722 721
f 751 721 723
f 723 725 727
f 727 729 731
f 731 733 735
f 735 737 739
f 739 741 743
f 743 745 747
f 747 749 751
f 751 723 727
f 727 731 735
f 735 739 743
f 743 747 751
f 751 727 735
f 735 743 751
v 1.0800000 -0.0850000 0.5900000
v 1.0800000 -0.0850000 0.5960000
v 1.0474720 -0.0785298 0.5900000
v 1.0474720 -0.0785298 0.5960000
v 1.0198960 -0.0601041 0.5900000
v 1.0198960 -0.0601041 0.5960000
v 1.0014703 -0.0325281 0.5900000
v 1.0014703 -0.0325281 0.5960000
v 0.9950001 -0.0000000 0.5900000
v 0.9950001 -0.0000000 0.5960000
v 1.0014703 0.0325281 0.5900000
v 1.0014703 0.0325281 0.5960000
v 1.0198959 0.0601041 0.5900000
v 1.0198959 0.0601041 0.5960000
v 1.0474720 0.0785298 0.5900000
v 1.0474720 0.0785298 0.5960000
v 1.0800000 0.0850000 0.5900000
v 1.0800000 0.0850000 0.5960000
v 1.1125281 0.0785298 0.5900000
v 1.1125281 0.0785298 0.5960000
v 1.1401041 0.0601041 0.5900000
v 1.1401041 0.0601041 0.5960000
v 1.1585298 0.0325281 0.5900000
v 1.1585298 0.0325281 0.5960000
v 1.1650001 0.0000000 0.5900000
v 1.1650001 0.0000000 0.5960000
v 1.1585298 -0.0325281 0.5900000
v 1.1585298 -0.0325281 0.5960000
v 1.1401042 -0.0601041 0.5900000
v 1.1401042 -0.0601041 0.5960000
v 1.1125281 -0.0785298 0.5900000
v 1.1125281 -0.0785298 0.5960000
f 753 754 756
f 753 756 755
f 755 756 758
f 755 758 757
f 757 758 760
f 757 760 759
f 759 760 762
f 759 762 761
f 761 762 764
f 761 764 763
f 763 764 766
f 763 766 765
f 765 766 768
f 765 768 767
f 767 768 770
f 767 770 769
f 769 770 772
f 769 772 771
f 771 772 774
f 771 774 773
f 773 774 776
f 773 776 775
f 775 776 778
f 775 778 777
f 777 778 780
f 777 780 779
f 779 780 782
f 779 782 781
f 758 756 754
f 754 784 782
f 782 780 778
f 778 776 774
f 774 772 770
f 770 768 766
f 766 764 762
f 762 760 758
f 758 754 782
f 782 778 774
f 774 770 766
f 766 762 758
f 758 782 774
f 774 766 758
f 781 782 784
f 781 784 783
f 783 784 754
f 783 754 753
f 783 753 755
f 755 757 759
f 759 761 763
f 763 765 767
f 767 769 771
f 771 773 775
f 775 777 779
f 779 781 783
f 783 755 759
f 759 763 767
f 767 771 775
f 775 779 783
f 783 759 767
f 767 775 783
v 1.0800000 -0.0850000 0.6350000
v 1.0800000 -0.0850000 0.6410000
v 1.0474720 -0.0785298 0.6350000
v 1.0474720 -0.0785298 0.6410000
v 1.0198960 -0.0601041 0.6350000
v 1.0198960 -0.0601041 0.6410000
v 1.0014703 -0.0325281 0.6350000
v 1.0014703 -0.0325281 0.6410000
v 0.9950001 -0.0000000 0.6350000
v 0.9950001 -0.0000000 0.6410000
v 1.0014703 0.0325281 0.6350000
v 1.0014703 0.0325281 0.6410000
v 1.0198959 0.0601041 0.6350000
v 1.0198959 0.0601041 0.6410000
v 1.0474720 0.0785298 0.6350000
v 1.0474720 0.0785298 0.6410000
v 1.0800000 0.0850000 0.6350000
v 1.0800000 0.0850000 0.6410000
v 1.1125281 0.0785298 0.6350000
v 1.1125281 0.0785298 0.6410000
v 1.1401041 0.0601041 0.6350000
v 1.1401041 0.0601041 0.6410000
v 1.1585298 0.0325281 0.6350000
v 1.1585298 0.0325281 0.6410000
v 1.1650001 0.0000000 0.6350000
v 1.1650001 0.0000000 0.6410000
v 1.1585298 -0.0325281 0.6350000
v 1.1585298 -0.0325281 0.6410000
v 1.1401042 -0.0601041 0.6350000
v 1.1401042 -0.0601041 0.6410000
v 1.1125281 -0.0785298 0.6350000
v 1.1125281 -0.0785298 0.6410000
f 785 786 788
f 785 788 787
f 787 788 790
f 787 790 789
f 789 790 792
f 789 792 791
f 791 792 794
f 791 794 793
f 793 794 796
f 793 796 795
f 795 796 798
f 795 798 797
f 797 798 800
f 797 800 799
f 799 800 802
f 799 802 801
f 801 802 804
f 801 804 803
f 803 804 806
f 803 806 805
f 805 806 808
f 805 808 807
f 807 808 810
f 807 810 809
f 809 810 812
f 809 812 811
f 811 812 814
f 811 814 813
f 790 788 786
f 786 816 814
f 814 812 810
f 810 808 806
f 806 804 802
f 802 800 798
f 798 796 794
f 794 792 790
f 790 786 814
f 814 810 806
f 806 802 798
f 798 794 790
f 790 814 806
f 806 798 790
f 813 814 816
f 813 816 815
f 815 816 786
f 815 786 785
f 815 785 787
f 787 789 791
f 791 793 795
f 795 797 799
f 799 801 803
f 803 805 807
f 807 809 811
f 811 813 815
f 815 787 791
f 791 795 799
f 799 803 807
f 807 811 815
f 815 791 799
f 799 807 815
v 1.0800000 -0.0850000 0.6799999
v 1.0800000 -0.0850000 0.6860000
v 1.0474720 -0.0785298 0.6799999
v 1.0474720 -0.0785298 0.6860000
v 1.0198960 -0.0601041 0.6799999
v 1.0198960 -0.0601041 0.6860000
v 1.0014703 -0.0325281 0.6799999
v 1.0014703 -0.0325281 0.6860000
v 0.9950001 -0.0000000 0.6799999
v 0.9950001 -0.0000000 0.6860000
v 1.0014703 0.0325281 0.6799999
v 1.0014703 0.0325281 0.6860000
v 1.0198959 0.0601041 0.6799999
v 1.0198959 0.0601041 0.6860000
v 1.0474720 0.0785298 0.6799999
v 1.0474720 0.0785298 0.6860000
v 1.0800000 0.0850000 0.6799999
v 1.0800000 0.0850000 0.6860000
v 1.1125281 0.0785298 0.6799999
v 1.1125281 0.0785298 0.6860000
v 1.1401041 0.0601041 0.6799999
v 1.1401041 0.0601041 0.6860000
v 1.1585298 0.0325281 0.6799999
v 1.1585298 0.0325281 0.6860000
v 1.1650001 0.0000000 0.6799999
v 1.1650001 0.0000000 0.6860000
v 1.1585298 -0.0325281 0.6799999
v 1.1585298 -0.0325281 0.6860000
v 1.1401042 -0.0601041 0.6799999
v 1.1401042 -0.0601041 0.6860000
v 1.1125281 -0.0785298 0.6799999
v 1.1125281 -0.0785298 0.6860000
f 817 818 820
f 817 820 819
f 819 820 822
f 819 822 821
f 821 822 824
f 821 824 823
f 823 824 826
f 823 826 825
f 825 826 828
f 825 828 827
f 827 828 830
f 827 830 829
f 829 830 832
f 829 832 831
f 831 832 834
f 831 834 833
f 833 834 836
f 833 836 835
f 835 836 838
f 835 838 837
f 837 838 840
f 837 840 839
f 839 840 842
f 839 842 841
f 841 842 844
f 841 844 843
f 843 844 846
f 843 846 845
f 822 820 818
f 818 848 846
f 846 844 842
f 842 840 838
f 838 836 834
f 834 832 830
f 830 828 826
f 826 824 822
f 822 818 846
f 846 842 838
f 838 834 830
f 830 826 822
f 822 846 838
f 838 830 822
f 845 846 848
f 845 848 847
f 847 848 818
f 847 818 817
f 847 817 819
f 819 821 823
f 823 825 827
f 827 829 831
f 831 833 835
f 835 837 839
f 839 841 843
f 843 845 847
f 847 819 823
f 823 827 831
f 831 835 839
f 839 843 847
f 847 823 831
f 831 839 847
v 1.0800000 -0.0850000 0.7250000
v 1.0800000 -0.0850000 0.7310001
v 1.0474720 -0.0785298 0.7250000
v 1.0474720 -0.0785298 0.7310001
v 1.0198960 -0.0601041 0.7250000
v 1.0198960 -0.0601041 0.7310001
v 1.0014703 -0.0325281 0.7250000
v 1.0014703 -0.0325281 0.7310001
v 0.9950001 -0.0000000 0.7250000
v 0.9950001 -0.0000000 0.7310001
v 1.0014703 0.0325281 0.7250000
v 1.0014703 0.0325281 0.7310001
v 1.0198959 0.0601041 0.7250000
v 1.0198959 0.0601041 0.7310001
v 1.0474720 0.0785298 0.7250000
v 1.0474720 0.0785298 0.7310001
v 1.0800000 0.0850000 0.7250000
v 1.0800000 0.0850000 0.7310001
v 1.1125281 0.0785298 0.7250000
v 1.1125281 0.0785298 0.7310001
v 1.1401041 0.0601041 0.7250000
v 1.1401041 0.0601041 0.7310001
v 1.1585298 0.0325281 0.7250000
v 1.1585298 0.0325281 0.7310001
v 1.1650001 0.0000000 0.7250000
v 1.1650001 0.0000000 0.7310001
v 1.1585298 -0.0325281 0.7250000
v 1.1585298 -0.0325281 0.7310001
v 1.1401042 -0.0601041 0.7250000
v 1.1401042 -0.0601041 0.7310001
v 1.1125281 -0.0785298 0.7250000
v 1.1125281 -0.0785298 0.7310001
f 849 850 852
f 849 852 851
f 851 852 854
f 851 854 853
f 853 854 856
f 853 856 855
f 855 856 858
f 855 858 857
f 857 858 860
f 857 860 859
f 859 860 862
f 859 862 861
f 861 862 864
f 861 864 863
f 863 864 866
f 863 866 865
f 865 866 868
f 865 868 867
f 867 868 870
f 867 870 869
f 869 870 872
f 869 872 871
f 871 872 874
f 871 874 873
f 873 874 876
f 873 876 875
f 875 876 878
f 875 878 877
f 854 852 850
f 850 880 878
f 878 876 874
f 874 872 870
f 870 868 866
f 866 864 862
f 862 860 858
f 858 856 854
f 854 850 878
f 878 874 870
f 870 866 862
f 862 858 854
f 854 878 870
f 870 862 854
f 877 878 880
f 877 880 879
f 879 880 850
f 879 850 849
f 879 849 851
f 851 853 855
f 855 857 859
f 859 861 863
f 863 865 867
f 867 869 871
f 871 873 875
f 875 877 879
f 879 851 855
f 855 859 863
f 863 867 871
f 871 875 879
f 879 855 863
f 863 871 879
v 1.0800000 -0.2189263 0.4139588
v 1.0800000 -0.0889262 0.4039587
v 1.0746424 -0.2190080 0.4128962
v 1.0746424 -0.0890080 0.4028962
v 1.0701005 -0.2192407 0.4098703
v 1.0701005 -0.0892407 0.3998703
v 1.0670657 -0.2195891 0.4053418
v 1.0670657 -0.0895891 0.3953418
v 1.0660000 -0.2200000 0.4000000
v 1.0660000 -0.0900000 0.3900000
v 1.0670657 -0.2204109 0.3946582
v 1.0670657 -0.0904109 0.3846582
v 1.0701005 -0.2207593 0.3901297
v 1.0701005 -0.0907593 0.3801296
v 1.0746424 -0.2209920 0.3871038
v 1.0746424 -0.0909920 0.3771037
v 1.0800000 -0.2210737 0.3860412
v 1.0800000 -0.0910738 0.3760412
v 1.0853577 -0.2209920 0.3871038
v 1.0853577 -0.0909920 0.3771037
v 1.0898995 -0.2207593 0.3901297
v 1.0898995 -0.0907593 0.3801296
v 1.0929344 -0.2204109 0.3946582
v 1.0929344 -0.0904109 0.3846582
v 1.0940001 -0.2200000 0.4000000
v 1.0940001 -0.0900000 0.3900000
v 1.0929344 -0.2195891 0.4053418
v 1.0929344 -0.0895891 0.3953418
v 1.0898995 -0.2192407 0.4098703
v 1.0898995 -0.0892407 0.3998703
v 1.0853577 -0.2190080 0.4128962
v 1.0853577 -0.0890080 0.4028962
f 881 882 884
f 881 884 883
f 883 884 886
f 883 886 885
f 885 886 888
f 885 888 887
f 887 888 890
f 887 890 889
f 889 890 892
f 889 892 891
f 891 892 894
f 891 894 893
f 893 894 896
f 893 896 895
f 895 896 898
f 895 898 897
f 897 898 900
f 897 900 899
f 899 900 902
f 899 902 901
f 901 902 904
f 901 904 903
f 903 904 906
f 903 906 905
f 905 906 908
f 905 908 907
f 907 908 910
f 907 910 909
f 886 884 882
f 882 912 910
f 910 908 906
f 906 904 902
f 902 900 898
f 898 896 894
f 894 892 890
f 890 888 886
f 886 882 910
f 910 906 902
f 902 898 894
f 894 890 886
f 886 910 902
f 902 894 886
f 909 910 912
f 909 912 911
f 911 912 882
f 911 882 881
f 911 881 883
f 883 885 887
f 887 889 891
f 891 893 895
f 895 897 899
f 899 901 903
f 903 905 907
f 907 909 911
f 911 883 887
f 887 891 895
f 895 899 903
f 903 907 911
f 911 887 895
f 895 903 911
v 1.0800000 0.2189263 0.4139588
v 1.0800000 0.0889262 0.4039587
v 1.0853577 0.2190080 0.4128962
v 1.0853577 0.0890080 0.4028962
v 1.0898995 0.2192407 0.4098703
v 1.0898995 0.0892407 0.3998703
v 1.0929344 0.2195891 0.4053418
v 1.0929344 0.0895891 0.3953418
v 1.0940001 0.2200000 0.4000000
v 1.0940001 0.0900000 0.3900000
v 1.0929344 0.2204109 0.3946582
v 1.0929344 0.0904109 0.3846582
v 1.0898995 0.2207593 0.3901297
v 1.0898995 0.0907593 0.3801296
v 1.0853577 0.2209920 0.3871038
v 1.0853577 0.0909920 0.3771038
v 1.0800000 0.2210737 0.3860412
v 1.0800000 0.0910738 0.3760412
v 1.0746424 0.2209920 0.3871038
v 1.0746424 0.0909920 0.3771038
v 1.0701005 0.2207593 0.3901297
v 1.0701005 0.0907593 0.3801296
v 1.0670657 0.2204109 0.3946582
v 1.0670657 0.0904109 0.3846582
v 1.0660000 0.2200000 0.4000000
v 1.0660000 0.0900000 0.3900000
v 1.0670657 0.2195891 0.4053418
v 1.0670657 0.0895891 0.3953418
v 1.0701005 0.2192407 0.4098703
v 1.0701005 0.0892407 0.3998703
v 1.0746424 0.2190080 0.4128962
v 1.0746424 0.0890080 0.4028962
f 913 914 916
f 913 916 915
f 915 916 918
f 915 918 917
f 917 918 920
f 917 920 919
f 919 920 922
f 919 922 921
f 921 922 924
f 921 924 923
f 923 924 926
f 923 926 925
f 925 926 928
f 925 928 927
f 927 928 930
f 927 930 929
f 929 930 932
f 929 932 931
f 931 932 934
f 931 934 933
f 933 934 936
f 933 936 935
f 935 936 938
f 935 938 937
f 937 938 940
f 937 940 939
f 939 940 942
f 939 942 941
f 918 916 914
f 914 944 942
f 942 940 938
f 938 936 934
f 934 932 930
f 930 928 926
f 926 924 922
f 922 920 918
f 918 914 942
f 942 938 934
f 934 930 926
f 926 922 918
f 918 942 934
f 934 926 918
f 941 942 944
f 941 944 943
f 943 944 914
f 943 914 913
f 943 913 915
f 915 917 919
f 919 921 923
f 923 925 927
f 927 929 931
f 931 933 935
f 935 937 939
f 939 941 943
f 943 915 919
f 919 923 927
f 927 931 935
f 935 939 943
f 943 919 927
f 927 935 943
v 0.9900000 -0.0000000 0.3580000
v 0.7300000 -0.0000000 0.3580000
v 0.9900000 -0.0068883 0.3566298
v 0.7300000 -0.0068883 0.3566298
v 0.9900000 -0.0127279 0.3527279
v 0.7300000 -0.0127279 0.3527279
v 0.9900000 -0.0166298 0.3468883
v 0.7300000 -0.0166298 0.3468883
v 0.9900000 -0.0180000 0.3400000
v 0.7300000 -0.0180000 0.3400000
v 0.9900000 -0.0166298 0.3331117
v 0.7300000 -0.0166298 0.3331117
v 0.9900000 -0.0127279 0.3272721
v 0.7300000 -0.0127279 0.3272721
v 0.9900000 -0.0068883 0.3233702
v 0.7300000 -0.0068883 0.3233702
v 0.9900000 0.0000000 0.3220000
v 0.7300000 0.0000000 0.3220000
v 0.9900000 0.0068883 0.3233702
v 0.7300000 0.0068883 0.3233702
v 0.9900000 0.0127279 0.3272721
v 0.7300000 0.0127279 0.3272721
v 0.9900000 0.0166298 0.3331117
v 0.7300000 0.0166298 0.3331117
v 0.9900000 0.0180000 0.3400000
v 0.7300000 0.0180000 0.3400000
v 0.9900000 0.0166298 0.3468883
v 0.7300000 0.0166298 0.3468883
v 0.9900000 0.0127279 0.3527279
v 0.7300000 0.0127279 0.3527279
v 0.9900000 0.0068883 0.3566298
v 0.7300000 0.0068883 0.3566298
f 945 946 948
f 945 948 947
f 947 948 950
f 947 950 949
f 949 950 952
f 949 952 951
f 951 952 954
f 951 954 953
f 953 954 956
f 953 956 955
f 955 956 958
f 955 958 957
f 957 958 960
f 957 960 959
f 959 960 962
f 959 962 961
f 961 962 964
f 961 964 963
f 963 964 966
f 963 966 965
f 965 966 968
f 965 968 967
f 967 968 970
f 967 970 969
f 969 970 972
f 969 972 971
f 971 972 974
f 971 974 973
f 950 948 946
f 946 976 974
f 974 972 970
f 970 968 966
f 966 964 962
f 962 960 958
f 958 956 954
f 954 952 950
f 950 946 974
f 974 970 966
f 966 962 958
f 958 954 950
f 950 974 966
f 966 958 950
f 973 974 976
f 973 976 975
f 975 976 946
f 975 946 945
f 975 945 947
f 947 949 951
f 951 953 955
f 955 957 959
f 959 961 963
f 963 965 967
f 967 969 971
f 971 973 975
f 975 947 951
f 951 955 959
f 959 963 967
f 967 971 975
f 975 951 959
f 959 967 975
v 0.8800000 -0.0000000 0.4150000
v 0.9399999 -0.0000000 0.4150000
v 0.8800000 0.0287013 0.4092910
v 0.9399999 0.0287013 0.4092910
v 0.8800000 0.0530330 0.3930330
v 0.9399999 0.0530330 0.3930330
v 0.8800000 0.0692910 0.3687013
v 0.9399999 0.0692910 0.3687013
v 0.8800000 0.0750000 0.3400000
v 0.9399999 0.0750000 0.3400000
v 0.8800000 0.0692910 0.3112987
v 0.9399999 0.0692910 0.3112987
v 0.8800000 0.0530330 0.2869670
v 0.9399999 0.0530330 0.2869670
v 0.8800000 0.0287013 0.2707090
v 0.9399999 0.0287013 0.2707090
v 0.8800000 0.0000000 0.2650000
v 0.9399999 0.0000000 0.2650000
v 0.8800000 -0.0287013 0.2707090
v 0.9399999 -0.0287013 0.2707090
v 0.8800000 -0.0530330 0.2869670
v 0.9399999 -0.0530330 0.2869670
v 0.8800000 -0.0692910 0.3112987
v 0.9399999 -0.0692910 0.3112987
v 0.8800000 -0.0750000 0.3400000
v 0.9399999 -0.0750000 0.3400000
v 0.8800000 -0.0692910 0.3687013
v 0.9399999 -0.0692910 0.3687013
v 0.8800000 -0.0530330 0.3930330
v 0.9399999 -0.0530330 0.3930330
v 0.8800000 -0.0287013 0.4092910
v 0.9399999 -0.0287013 0.4092910
f 977 978 980
f 977 980 979
f 979 980 982
f 979 982 981
f 981 982 984
f 981 984 983
f 983 984 986
f 983 986 985
f 985 986 988
f 985 988 987
f 987 988 990
f 987 990 989
f 989 990 992
f 989 992 991
f 991 992 994
f 991 994 993
f 993 994 996
f 993 996 995
f 995 996 998
f 995 998 997
f 997 998 1000
f 997 1000 999
f 999 1000 1002
f 999 1002 1001
f 1001 1002 1004
f 1001 1004 1003
f 1003 1004 1006
f 1003 1006 1005
f 982 980 978
f 978 1008 1006
f 1006 1004 1002
f 1002 1000 998
f 998 996 994
f 994 992 990
f 990 988 986
f 986 984 982
f 982 978 1006
f 1006 1002 998
f 998 994 990
f 990 986 982
f 982 1006 998
f 998 990 982
f 1005 1006 1008
f 1005 1008 1007
f 1007 1008 978
f 1007 978 977
f 1007 977 979
f 979 981 983
f 983 985 987
f 987 989 991
f 991 993 995
f 995 997 999
f 999 1001 1003
f 1003 1005 1007
f 1007 979 983
f 983 987 991
f 991 995 999
f 999 1003 1007
f 1007 983 991
f 991 999 1007
v 0.5320000 -0.0780000 0.2700000
v 0.5320000 -0.0900000 0.2820000
v 0.5200000 -0.0780000 0.2820000
v 0.5320000 -0.0839921 0.2716032
v 0.5260079 -0.0780000 0.2716032
v 0.5262614 -0.0837386 0.2731604
v 0.5260079 -0.0883969 0.2820000
v 0.5320000 -0.0883969 0.2760079
v 0.5262614 -0.0868396 0.2762615
v 0.5216032 -0.0780000 0.2760079
v 0.5216032 -0.0839921 0.2820000
v 0.5231604 -0.0837386 0.2762615
v 0.5320000 -0.0900000 0.3980000
v 0.5320000 -0.0780000 0.4100000
v 0.5200000 -0.0780000 0.3980000
v 0.5320000 -0.0883969 0.4039921
v 0.5260079 -0.0883969 0.3980000
v 0.5262614 -0.0868396 0.4037385
v 0.5260079 -0.0780000 0.4083968
v 0.5320000 -0.0839921 0.4083968
v 0.5262614 -0.0837386 0.4068396
v 0.5216032 -0.0839921 0.3980000
v 0.5216032 -0.0780000 0.4039921
v 0.5231604 -0.0837386 0.4037385
v 0.5320000 0.0780000 0.2700000
v 0.5200000 0.0780000 0.2820000
v 0.5320000 0.0900000 0.2820000
v 0.5260079 0.0780000 0.2716032
v 0.5320000 0.0839921 0.2716032
v 0.5262614 0.0837385 0.2731604
v 0.5216032 0.0839921 0.2820000
v 0.5216032 0.0780000 0.2760079
v 0.5231604 0.0837385 0.2762615
v 0.5320000 0.0883968 0.2760079
v 0.5260079 0.0883968 0.2820000
v 0.5262614 0.0868396 0.2762615
v 0.5320000 0.0780000 0.4100000
v 0.5320000 0.0900000 0.3980000
v 0.5200000 0.0780000 0.3980000
v 0.5320000 0.0839921 0.4083968
v 0.5260079 0.0780000 0.4083968
v 0.5262614 0.0837386 0.4068396
v 0.5260079 0.0883969 0.3980000
v 0.5320000 0.0883969 0.4039921
v 0.5262614 0.0868396 0.4037385
v 0.5216032 0.0780000 0.4039921
v 0.5216032 0.0839921 0.3980000
v 0.5231604 0.0837386 0.4037385
v 0.7280000 -0.0780000 0.2700000
v 0.7400000 -0.0780000 0.2820000
v 0.7280000 -0.0900000 0.2820000
v 0.7339921 -0.0780000 0.2716032
v 0.7280000 -0.0839921 0.2716032
v 0.7337385 -0.0837385 0.2731604
v 0.7383968 -0.0839921 0.2820000
v 0.7383968 -0.0780000 0.2760079
v 0.7368396 -0.0837385 0.2762615
v 0.7280000 -0.0883968 0.2760079
v 0.7339921 -0.0883968 0.2820000
v 0.7337385 -0.0868396 0.2762615
v 0.7280000 -0.0780000 0.4100000
v 0.7280000 -0.0900000 0.3980000
v 0.7400000 -0.0780000 0.3980000
v 0.7280000 -0.0839921 0.4083968
v 0.7339921 -0.0780000 0.4083968
v 0.7337385 -0.0837386 0.4068396
v 0.7339921 -0.0883969 0.3980000
v 0.7280000 -0.0883969 0.4039921
v 0.7337385 -0.0868396 0.4037385
v 0.7383968 -0.0780000 0.4039921
v 0.7383968 -0.0839921 0.3980000
v 0.7368396 -0.0837386 0.4037385
v 0.7280000 0.0780000 0.2700000
v 0.7280000 0.0900000 0.2820000
v 0.7400000 0.0780000 0.2820000
v 0.7280000 0.0839921 0.2716032
v 0.7339921 0.0780000 0.2716032
v 0.7337385 0.0837386 0.2731604
v 0.7339921 0.0883969 0.2820000
v 0.7280000 0.0883969 0.2760079
v 0.7337385 0.0868396 0.2762615
v 0.7383968 0.0780000 0.2760079
v 0.7383968 0.0839921 0.2820000
v 0.7368396 0.0837386 0.2762615
v 0.7280000 0.0780000 0.4100000
v 0.7400000 0.0780000 0.3980000
v 0.7280000 0.0900000 0.3980000
v 0.7339921 0.0780000 0.4083968
v 0.7280000 0.0839921 0.4083968
v 0.7337385 0.0837385 0.4068396
v 0.7383968 0.0839921 0.3980000
v 0.7383968 0.0780000 0.4039921
v 0.7368396 0.0837385 0.4037385
v 0.7280000 0.0883968 0.4039921
v 0.7339921 0.0883968 0.3980000
v 0.7337385 0.0868396 0.4037385
f 1009 1012 1014
f 1009 1014 1013
f 1012 1016 1017
f 1012 1017 1014
f 1010 1015 1017
f 1010 1017 1016
f 1015 1019 1020
f 1015 1020 1017
f 1011 1018 1020
f 1011 1020 1019
f 1018 1013 1014
f 1018 1014 1020
f 1014 1017 1020
f 1021 1024 1026
f 1021 1026 1025
f 1024 1028 1029
f 1024 1029 1026
f 1022 1027 1029
f 1022 1029 1028
f 1027 1031 1032
f 1027 1032 1029
f 1023 1030 1032
f 1023 1032 1031
f 1030 1025 1026
f 1030 1026 1032
f 1026 1029 1032
f 1033 1036 1038
f 1033 1038 1037
f 1036 1040 1041
f 1036 1041 1038
f 1034 1039 1041
f 1034 1041 1040
f 1039 1043 1044
f 1039 1044 1041
f 1035 1042 1044
f 1035 1044 1043
f 1042 1037 1038
f 1042 1038 1044
f 1038 1041 1044
f 1045 1048 1050
f 1045 1050 1049
f 1048 1052 1053
f 1048 1053 1050
f 1046 1051 1053
f 1046 1053 1052
f 1051 1055 1056
f 1051 1056 1053
f 1047 1054 1056
f 1047 1056 1055
f 1054 1049 1050
f 1054 1050 1056
f 1050 1053 1056
f 1057 1060 1062
f 1057 1062 1061
f 1060 1064 1065
f 1060 1065 1062
f 1058 1063 1065
f 1058 1065 1064
f 1063 1067 1068
f 1063 1068 1065
f 1059 1066 1068
f 1059 1068 1067
f 1066 1061 1062
f 1066 1062 1068
f 1062 1065 1068
f 1069 1072 1074
f 1069 1074 1073
f 1072 1076 1077
f 1072 1077 1074
f 1070 1075 1077
f 1070 1077 1076
f 1075 1079 1080
f 1075 1080 1077
f 1071 1078 1080
f 1071 1080 1079
f 1078 1073 1074
f 1078 1074 1080
f 1074 1077 1080
f 1081 1084 1086
f 1081 1086 1085
f 1084 1088 1089
f 1084 1089 1086
f 1082 1087 1089
f 1082 1089 1088
f 1087 1091 1092
f 1087 1092 1089
f 1083 1090 1092
f 1083 1092 1091
f 1090 1085 1086
f 1090 1086 1092
f 1086 1089 1092
f 1093 1096 1098
f 1093 1098 1097
f 1096 1100 1101
f 1096 1101 1098
f 1094 1099 1101
f 1094 1101 1100
f 1099 1103 1104
f 1099 1104 1101
f 1095 1102 1104
f 1095 1104 1103
f 1102 1097 1098
f 1102 1098 1104
f 1098 1101 1104
f 1033 1009 1013
f 1033 1013 1036
f 1036 1013 1018
f 1036 1018 1040
f 1040 1018 1011
f 1040 1011 1034
f 1010 1021 1025
f 1010 1025 1015
f 1015 1025 1030
f 1015 1030 1019
f 1019 1030 1023
f 1019 1023 1011
f 1022 1045 1049
f 1022 1049 1027
f 1027 1049 1054
f 1027 1054 1031
f 1031 1054 1047
f 1031 1047 1023
f 1046 1035 1043
f 1046 1043 1051
f 1051 1043 1039
f 1051 1039 1055
f 1055 1039 1034
f 1055 1034 1047
f 1081 1033 1037
f 1081 1037 1084
f 1084 1037 1042
f 1084 1042 1088
f 1088 1042 1035
f 1088 1035 1082
f 1045 1093 1097
f 1045 1097 1048
f 1048 1097 1102
f 1048 1102 1052
f 1052 1102 1095
f 1052 1095 1046
f 1094 1083 1091
f 1094 1091 1099
f 1099 1091 1087
f 1099 1087 1103
f 1103 1087 1082
f 1103 1082 1095
f 1057 1081 1085
f 1057 1085 1060
f 1060 1085 1090
f 1060 1090 1064
f 1064 1090 1083
f 1064 1083 1058
f 1093 1069 1073
f 1093 1073 1096
f 1096 1073 1078
f 1096 1078 1100
f 1100 1078 1071
f 1100 1071 1094
f 1070 1059 1067
f 1070 1067 1075
f 1075 1067 1063
f 1075 1063 1079
f 1079 1063 1058
f 1079 1058 1071
f 1009 1057 1061
f 1009 1061 1012
f 1012 1061 1066
f 1012 1066 1016
f 1016 1066 1059
f 1016 1059 1010
f 1069 1022 1028
f 1069 1028 1072
f 1072 1028 1024
f 1072 1024 1076
f 1076 1024 1021
f 1076 1021 1070
f 1033 1081 1057
f 1033 1057 1009
f 1011 1023 1047
f 1011 1047 1034
f 1059 1070 1021
f 1059 1021 1010
f 1093 1045 1022
f 1093 1022 1069
f 1035 1046 1095
f 1035 1095 1082
f 1083 1094 1071
f 1083 1071 1058
v 0.6300000 -0.2149743 0.4330668
v 0.6300000 -0.0849743 0.3830668
v 0.6246424 -0.2153569 0.4320722
v 0.6246424 -0.0853568 0.3820722
v 0.6201005 -0.2164463 0.4292397
v 0.6201005 -0.0864463 0.3792396
v 0.6170657 -0.2180768 0.4250005
v 0.6170657 -0.0880767 0.3750004
v 0.6160000 -0.2200000 0.4200000
v 0.6160000 -0.0900000 0.3700000
v 0.6170657 -0.2219233 0.4149995
v 0.6170657 -0.0919232 0.3649995
v 0.6201005 -0.2235537 0.4107603
v 0.6201005 -0.0935537 0.3607603
v 0.6246424 -0.2246432 0.4079278
v 0.6246424 -0.0946431 0.3579278
v 0.6300000 -0.2250257 0.4069332
v 0.6300000 -0.0950257 0.3569331
v 0.6353576 -0.2246432 0.4079278
v 0.6353576 -0.0946431 0.3579278
v 0.6398995 -0.2235537 0.4107603
v 0.6398995 -0.0935537 0.3607603
v 0.6429343 -0.2219233 0.4149995
v 0.6429343 -0.0919232 0.3649995
v 0.6440000 -0.2200000 0.4200000
v 0.6440000 -0.0900000 0.3700000
v 0.6429343 -0.2180768 0.4250005
v 0.6429343 -0.0880767 0.3750004
v 0.6398995 -0.2164463 0.4292397
v 0.6398995 -0.0864463 0.3792396
v 0.6353576 -0.2153569 0.4320722
v 0.6353576 -0.0853568 0.3820722
f 1105 1106 1108
f 1105 1108 1107
f 1107 1108 1110
f 1107 1110 1109
f 1109 1110 1112
f 1109 1112 1111
f 1111 1112 1114
f 1111 1114 1113
f 1113 1114 1116
f 1113 1116 1115
f 1115 1116 1118
f 1115 1118 1117
f 1117 1118 1120
f 1117 1120 1119
f 1119 1120 1122
f 1119 1122 1121
f 1121 1122 1124
f 1121 1124 1123
f 1123 1124 1126
f 1123 1126 1125
f 1125 1126 1128
f 1125 1128 1127
f 1127 1128 1130
f 1127 1130 1129
f 1129 1130 1132
f 1129 1132 1131
f 1131 1132 1134
f 1131 1134 1133
f 1110 1108 1106
f 1106 1136 1134
f 1134 1132 1130
f 1130 1128 1126
f 1126 1124 1122
f 1122 1120 1118
f 1118 1116 1114
f 1114 1112 1110
f 1110 1106 1134
f 1134 1130 1126
f 1126 1122 1118
f 1118 1114 1110
f 1110 1134 1126
f 1126 1118 1110
f 1133 1134 1136
f 1133 1136 1135
f 1135 1136 1106
f 1135 1106 1105
f 1135 1105 1107
f 1107 1109 1111
f 1111 1113 1115
f 1115 1117 1119
f 1119 1121 1123
f 1123 1125 1127
f 1127 1129 1131
f 1131 1133 1135
f 1135 1107 1111
f 1111 1115 1119
f 1119 1123 1127
f 1127 1131 1135
f 1135 1111 1119
f 1119 1127 1135
v 0.6300000 0.2149743 0.4330668
v 0.6300000 0.0849743 0.3830668
v 0.6353576 0.2153569 0.4320722
v 0.6353576 0.0853568 0.3820722
v 0.6398995 0.2164463 0.4292397
v 0.6398995 0.0864463 0.3792396
v 0.6429343 0.2180768 0.4250005
v 0.6429343 0.0880767 0.3750004
v 0.6440000 0.2200000 0.4200000
v 0.6440000 0.0900000 0.3700000
v 0.6429343 0.2219233 0.4149995
v 0.6429343 0.0919232 0.3649995
v 0.6398995 0.2235537 0.4107603
v 0.6398995 0.0935537 0.3607603
v 0.6353576 0.2246432 0.4079278
v 0.6353576 0.0946431 0.3579278
v 0.6300000 0.2250257 0.4069332
v 0.6300000 0.0950257 0.3569331
v 0.6246424 0.2246432 0.4079278
v 0.6246424 0.0946431 0.3579278
v 0.6201005 0.2235537 0.4107603
v 0.6201005 0.0935537 0.3607603
v 0.6170657 0.2219233 0.4149995
v 0.6170657 0.0919232 0.3649995
v 0.6160000 0.2200000 0.4200000
v 0.6160000 0.0900000 0.3700000
v 0.6170657 0.2180768 0.4250005
v 0.6170657 0.0880767 0.3750004
v 0.6201005 0.2164463 0.4292397
v 0.6201005 0.0864463 0.3792396
v 0.6246424 0.2153569 0.4320722
v 0.6246424 0.0853568 0.3820722
f 1137 1138 1140
f 1137 1140 1139
f 1139 1140 1142
f 1139 1142 1141
f 1141 1142 1144
f 1141 1144 1143
f 1143 1144 1146
f 1143 1146 1145
f 1145 1146 1148
f 1145 1148 1147
f 1147 1148 1150
f 1147 1150 1149
f 1149 1150 1152
f 1149 1152 1151
f 1151 1152 1154
f 1151 1154 1153
f 1153 1154 1156
f 1153 1156 1155
f 1155 1156 1158
f 1155 1158 1157
f 1157 1158 1160
f 1157 1160 1159
f 1159 1160 1162
f 1159 1162 1161
f 1161 1162 1164
f 1161 1164 1163
f 1163 1164 1166
f 1163 1166 1165
f 1142 1140 1138
f 1138 1168 1166
f 1166 1164 1162
f 1162 1160 1158
f 1158 1156 1154
f 1154 1152 1150
f 1150 1148 1146
f 1146 1144 1142
f 1142 1138 1166
f 1166 1162 1158
f 1158 1154 1150
f 1150 1146 1142
f 1142 1166 1158
f 1158 1150 1142
f 1165 1166 1168
f 1165 1168 1167
f 1167 1168 1138
f 1167 1138 1137
f 1167 1137 1139
f 1139 1141 1143
f 1143 1145 1147
f 1147 1149 1151
f 1151 1153 1155
f 1155 1157 1159
f 1159 1161 1163
f 1163 1165 1167
f 1167 1139 1143
f 1143 1147 1151
f 1151 1155 1159
f 1159 1163 1167
f 1167 1143 1151
f 1151 1159 1167
v 0.5200000 -0.0000000 0.3580000
v 0.4820000 -0.0000000 0.3580000
v 0.5200000 -0.0068883 0.3566298
v 0.4820000 -0.0068883 0.3566298
v 0.5200000 -0.0127279 0.3527279
v 0.4820000 -0.0127279 0.3527279
v 0.5200000 -0.0166298 0.3468883
v 0.4820000 -0.0166298 0.3468883
v 0.5200000 -0.0180000 0.3400000
v 0.4820000 -0.0180000 0.3400000
v 0.5200000 -0.0166298 0.3331117
v 0.4820000 -0.0166298 0.3331117
v 0.5200000 -0.0127279 0.3272721
v 0.4820000 -0.0127279 0.3272721
v 0.5200000 -0.0068883 0.3233702
v 0.4820000 -0.0068883 0.3233702
v 0.5200000 0.0000000 0.3220000
v 0.4820000 0.0000000 0.3220000
v 0.5200000 0.0068883 0.3233702
v 0.4820000 0.0068883 0.3233702
v 0.5200000 0.0127279 0.3272721
v 0.4820000 0.0127279 0.3272721
v 0.5200000 0.0166298 0.3331117
v 0.4820000 0.0166298 0.3331117
v 0.5200000 0.0180000 0.3400000
v 0.4820000 0.0180000 0.3400000
v 0.5200000 0.0166298 0.3468883
v 0.4820000 0.0166298 0.3468883
v 0.5200000 0.0127279 0.3527279
v 0.4820000 0.0127279 0.3527279
v 0.5200000 0.0068883 0.3566298
v 0.4820000 0.0068883 0.3566298
f 1169 1170 1172
f 1169 1172 1171
f 1171 1172 1174
f 1171 1174 1173
f 1173 1174 1176
f 1173 1176 1175
f 1175 1176 1178
f 1175 1178 1177
f 1177 1178 1180
f 1177 1180 1179
f 1179 1180 1182
f 1179 1182 1181
f 1181 1182 1184
f 1181 1184 1183
f 1183 1184 1186
f 1183 1186 1185
f 1185 1186 1188
f 1185 1188 1187
f 1187 1188 1190
f 1187 1190 1189
f 1189 1190 1192
f 1189 1192 1191
f 1191 1192 1194
f 1191 1194 1193
f 1193 1194 1196
f 1193 1196 1195
f 1195 1196 1198
f 1195 1198 1197
f 1174 1172 1170
f 1170 1200 1198
f 1198 1196 1194
f 1194 1192 1190
f 1190 1188 1186
f 1186 1184 1182
f 1182 1180 1178
f 1178 1176 1174
f 1174 1170 1198
f 1198 1194 1190
f 1190 1186 1182
f 1182 1178 1174
f 1174 1198 1190
f 1190 1182 1174
f 1197 1198 1200
f 1197 1200 1199
f 1199 1200 1170
f 1199 1170 1169
f 1199 1169 1171
f 1171 1173 1175
f 1175 1177 1179
f 1179 1181 1183
f 1183 1185 1187
f 1187 1189 1191
f 1191 1193 1195
f 1195 1197 1199
f 1199 1171 1175
f 1175 1179 1183
f 1183 1187 1191
f 1191 1195 1199
f 1199 1175 1183
f 1183 1191 1199
v 0.4820000 -0.0280000 0.3680000
v 0.4820000 0.0280000 0.3680000
v 0.4712849 -0.0280000 0.3658686
v 0.4712849 0.0280000 0.3658686
v 0.4622010 -0.0280000 0.3597990
v 0.4622010 0.0280000 0.3597990
v 0.4561314 -0.0280000 0.3507151
v 0.4561314 0.0280000 0.3507151
v 0.4540000 -0.0280000 0.3400000
v 0.4540000 0.0280000 0.3400000
v 0.4561314 -0.0280000 0.3292849
v 0.4561314 0.0280000 0.3292849
v 0.4622010 -0.0280000 0.3202010
v 0.4622010 0.0280000 0.3202010
v 0.4712849 -0.0280000 0.3141314
v 0.4712849 0.0280000 0.3141314
v 0.4820000 -0.0280000 0.3120000
v 0.4820000 0.0280000 0.3120000
v 0.4927151 -0.0280000 0.3141314
v 0.4927151 0.0280000 0.3141314
v 0.5017990 -0.0280000 0.3202010
v 0.5017990 0.0280000 0.3202010
v 0.5078686 -0.0280000 0.3292849
v 0.5078686 0.0280000 0.3292849
v 0.5100000 -0.0280000 0.3400000
v 0.5100000 0.0280000 0.3400000
v 0.5078686 -0.0280000 0.3507151
v 0.5078686 0.0280000 0.3507151
v 0.5017990 -0.0280000 0.3597990
v 0.5017990 0.0280000 0.3597990
v 0.4927151 -0.0280000 0.3658686
v 0.4927151 0.0280000 0.3658686
f 1201 1202 1204
f 1201 1204 1203
f 1203 1204 1206
f 1203 1206 1205
f 1205 1206 1208
f 1205 1208 1207
f 1207 1208 1210
f 1207 1210 1209
f 1209 1210 1212
f 1209 1212 1211
f 1211 1212 1214
f 1211 1214 1213
f 1213 1214 1216
f 1213 1216 1215
f 1215 1216 1218
f 1215 1218 1217
f 1217 1218 1220
f 1217 1220 1219
f 1219 1220 1222
f 1219 1222 1221
f 1221 1222 1224
f 1221 1224 1223
f 1223 1224 1226
f 1223 1226 1225
f 1225 1226 1228
f 1225 1228 1227
f 1227 1228 1230
f 1227 1230 1229
f 1206 1204 1202
f 1202 1232 1230
f 1230 1228 1226
f 1226 1224 1222
f 1222 1220 1218
f 1218 1216 1214
f 1214 1212 1210
f 1210 1208 1206
f 1206 1202 1230
f 1230 1226 1222
f 1222 1218 1214
f 1214 1210 1206
f 1206 1230 1222
f 1222 1214 1206
f 1229 1230 1232
f 1229 1232 1231
f 1231 1232 1202
f 1231 1202 1201
f 1231 1201 1203
f 1203 1205 1207
f 1207 1209 1211
f 1211 1213 1215
f 1215 1217 1219
f 1219 1221 1223
f 1223 1225 1227
f 1227 1229 1231
f 1231 1203 1207
f 1207 1211 1215
f 1215 1219 1223
f 1223 1227 1231
f 1231 1207 1215
f 1215 1223 1231
v 0.4817661 0.0000000 0.3559983
v 0.1397661 -0.0000000 0.3509983
v 0.4817839 -0.0061229 0.3547805
v 0.1397839 -0.0061230 0.3497805
v 0.4818346 -0.0113137 0.3513125
v 0.1398346 -0.0113137 0.3463125
v 0.4819105 -0.0147821 0.3461223
v 0.1399105 -0.0147821 0.3411223
v 0.4820000 -0.0160000 0.3400000
v 0.1400000 -0.0160000 0.3350000
v 0.4820895 -0.0147821 0.3338777
v 0.1400895 -0.0147821 0.3288777
v 0.4821654 -0.0113137 0.3286875
v 0.1401654 -0.0113137 0.3236875
v 0.4822161 -0.0061229 0.3252195
v 0.1402161 -0.0061229 0.3202195
v 0.4822339 0.0000000 0.3240017
v 0.1402339 -0.0000000 0.3190017
v 0.4822161 0.0061230 0.3252195
v 0.1402161 0.0061229 0.3202195
v 0.4821654 0.0113137 0.3286875
v 0.1401654 0.0113137 0.3236875
v 0.4820895 0.0147821 0.3338777
v 0.1400895 0.0147821 0.3288777
v 0.4820000 0.0160000 0.3400000
v 0.1400000 0.0160000 0.3350000
v 0.4819105 0.0147821 0.3461223
v 0.1399105 0.0147821 0.3411223
v 0.4818346 0.0113137 0.3513125
v 0.1398346 0.0113137 0.3463125
v 0.4817839 0.0061229 0.3547805
v 0.1397839 0.0061229 0.3497805
f 1233 1234 1236
f 1233 1236 1235
f 1235 1236 1238
f 1235 1238 1237
f 1237 1238 1240
f 1237 1240 1239
f 1239 1240 1242
f 1239 1242 1241
f 1241 1242 1244
f 1241 1244 1243
f 1243 1244 1246
f 1243 1246 1245
f 1245 1246 1248
f 1245 1248 1247
f 1247 1248 1250
f 1247 1250 1249
f 1249 1250 1252
f 1249 1252 1251
f 1251 1252 1254
f 1251 1254 1253
f 1253 1254 1256
f 1253 1256 1255
f 1255 1256 1258
f 1255 1258 1257
f 1257 1258 1260
f 1257 1260 1259
f 1259 1260 1262
f 1259 1262 1261
f 1238 1236 1234
f 1234 1264 1262
f 1262 1260 1258
f 1258 1256 1254
f 1254 1252 1250
f 1250 1248 1246
f 1246 1244 1242
f 1242 1240 1238
f 1238 1234 1262
f 1262 1258 1254
f 1254 1250 1246
f 1246 1242 1238
f 1238 1262 1254
f 1254 1246 1238
f 1261 1262 1264
f 1261 1264 1263
f 1263 1264 1234
f 1263 1234 1233
f 1263 1233 1235
f 1235 1237 1239
f 1239 1241 1243
f 1243 1245 1247
f 1247 1249 1251
f 1251 1253 1255
f 1255 1257 1259
f 1259 1261 1263
f 1263 1235 1239
f 1239 1243 1247
f 1247 1251 1255
f 1255 1259 1263
f 1263 1239 1247
f 1247 1255 1263
v 0.1400000 -0.0280000 0.3630000
v 0.1400000 0.0280000 0.3630000
v 0.1292849 -0.0280000 0.3608686
v 0.1292849 0.0280000 0.3608686
v 0.1202010 -0.0280000 0.3547990
v 0.1202010 0.0280000 0.3547990
v 0.1141314 -0.0280000 0.3457151
v 0.1141314 0.0280000 0.3457151
v 0.1120000 -0.0280000 0.3350000
v 0.1120000 0.0280000 0.3350000
v 0.1141314 -0.0280000 0.3242849
v 0.1141314 0.0280000 0.3242849
v 0.1202010 -0.0280000 0.3152010
v 0.1202010 0.0280000 0.3152010
v 0.1292849 -0.0280000 0.3091314
v 0.1292849 0.0280000 0.3091314
v 0.1400000 -0.0280000 0.3070000
v 0.1400000 0.0280000 0.3070000
v 0.1507151 -0.0280000 0.3091314
v 0.1507151 0.0280000 0.3091314
v 0.1597990 -0.0280000 0.3152010
v 0.1597990 0.0280000 0.3152010
v 0.1658686 -0.0280000 0.3242849
v 0.1658686 0.0280000 0.3242849
v 0.1680000 -0.0280000 0.3350000
v 0.1680000 0.0280000 0.3350000
v 0.1658686 -0.0280000 0.3457151
v 0.1658686 0.0280000 0.3457151
v 0.1597990 -0.0280000 0.3547990
v 0.1597990 0.0280000 0.3547990
v 0.1507151 -0.0280000 0.3608686
v 0.1507151 0.0280000 0.3608686
f 1265 1266 1268
f 1265 1268 1267
f 1267 1268 1270
f 1267 1270 1269
f 1269 1270 1272
f 1269 1272 1271
f 1271 1272 1274
f 1271 1274 1273
f 1273 1274 1276
f 1273 1276 1275
f 1275 1276 1278
f 1275 1278 1277
f 1277 1278 1280
f 1277 1280 1279
f 1279 1280 1282
f 1279 1282 1281
f 1281 1282 1284
f 1281 1284 1283
f 1283 1284 1286
f 1283 1286 1285
f 1285 1286 1288
f 1285 1288 1287
f 1287 1288 1290
f 1287 1290 1289
f 1289 1290 1292
f 1289 1292 1291
f 1291 1292 1294
f 1291 1294 1293
f 1270 1268 1266
f 1266 1296 1294
f 1294 1292 1290
f 1290 1288 1286
f 1286 1284 1282
f 1282 1280 1278
f 1278 1276 1274
f 1274 1272 1270
f 1270 1266 1294
f 1294 1290 1286
f 1286 1282 1278
f 1278 1274 1270
f 1270 1294 1286
f 1286 1278 1270
f 1293 1294 1296
f 1293 1296 1295
f 1295 1296 1266
f 1295 1266 1265
f 1295 1265 1267
f 1267 1269 1271
f 1271 1273 1275
f 1275 1277 1279
f 1279 1281 1283
f 1283 1285 1287
f 1287 1289 1291
f 1291 1293 1295
f 1295 1267 1271
f 1271 1275 1279
f 1279 1283 1287
f 1287 1291 1295
f 1295 1271 1279
f 1279 1287 1295
v 0.1400000 -0.0000000 0.3480000
v 0.0700000 -0.0000000 0.3480000
v 0.1400000 -0.0068883 0.3466299
v 0.0700000 -0.0068883 0.3466299
v 0.1400000 -0.0127279 0.3427279
v 0.0700000 -0.0127279 0.3427279
v 0.1400000 -0.0166298 0.3368883
v 0.0700000 -0.0166298 0.3368883
v 0.1400000 -0.0180000 0.3300000
v 0.0700000 -0.0180000 0.3300000
v 0.1400000 -0.0166298 0.3231117
v 0.0700000 -0.0166298 0.3231117
v 0.1400000 -0.0127279 0.3172721
v 0.0700000 -0.0127279 0.3172721
v 0.1400000 -0.0068883 0.3133702
v 0.0700000 -0.0068883 0.3133702
v 0.1400000 0.0000000 0.3120000
v 0.0700000 0.0000000 0.3120000
v 0.1400000 0.0068883 0.3133702
v 0.0700000 0.0068883 0.3133702
v 0.1400000 0.0127279 0.3172721
v 0.0700000 0.0127279 0.3172721
v 0.1400000 0.0166298 0.3231117
v 0.0700000 0.0166298 0.3231117
v 0.1400000 0.0180000 0.3300000
v 0.0700000 0.0180000 0.3300000
v 0.1400000 0.0166298 0.3368883
v 0.0700000 0.0166298 0.3368883
v 0.1400000 0.0127279 0.3427279
v 0.0700000 0.0127279 0.3427279
v 0.1400000 0.0068883 0.3466299
v 0.0700000 0.0068883 0.3466299
f 1297 1298 1300
f 1297 1300 1299
f 1299 1300 1302
f 1299 1302 1301
f 1301 1302 1304
f 1301 1304 1303
f 1303 1304 1306
f 1303 1306 1305
f 1305 1306 1308
f 1305 1308 1307
f 1307 1308 1310
f 1307 1310 1309
f 1309 1310 1312
f 1309 1312 1311
f 1311 1312 1314
f 1311 1314 1313
f 1313 1314 1316
f 1313 1316 1315
f 1315 1316 1318
f 1315 1318 1317
f 1317 1318 1320
f 1317 1320 1319
f 1319 1320 1322
f 1319 1322 1321
f 1321 1322 1324
f 1321 1324 1323
f 1323 1324 1326
f 1323 1326 1325
f 1302 1300 1298
f 1298 1328 1326
f 1326 1324 1322
f 1322 1320 1318
f 1318 1316 1314
f 1314 1312 1310
f 1310 1308 1306
f 1306 1304 1302
f 1302 1298 1326
f 1326 1322 1318
f 1318 1314 1310
f 1310 1306 1302
f 1302 1326 1318
f 1318 1310 1302
f 1325 1326 1328
f 1325 1328 1327
f 1327 1328 1298
f 1327 1298 1297
f 1327 1297 1299
f 1299 1301 1303
f 1303 1305 1307
f 1307 1309 1311
f 1311 1313 1315
f 1315 1317 1319
f 1319 1321 1323
f 1323 1325 1327
f 1327 1299 1303
f 1303 1307 1311
f 1311 1315 1319
f 1319 1323 1327
f 1327 1303 1311
f 1311 1319 1327
v 0.0970000 -0.4025000 0.3300000
v 0.0961962 -0.4055000 0.3300000
v 0.0940000 -0.4076962 0.3300000
v 0.0910000 -0.4085000 0.3300000
v 0.0880000 -0.4076962 0.3300000
v 0.0858038 -0.4055000 0.3300000
v 0.0850000 -0.4025000 0.3300000
v 0.0858038 -0.3995000 0.3300000
v 0.0880000 -0.3973038 0.3300000
v 0.0910000 -0.3965000 0.3300000
v 0.0940000 -0.3973038 0.3300000
v 0.0961962 -0.3995000 0.3300000
v 0.0967923 -0.4025000 0.3363441
v 0.0959902 -0.4055000 0.3362916
v 0.0937987 -0.4076962 0.3361479
v 0.0908052 -0.4085000 0.3359517
v 0.0878116 -0.4076962 0.3357555
v 0.0856201 -0.4055000 0.3356119
v 0.0848180 -0.4025000 0.3355593
v 0.0856201 -0.3995000 0.3356119
v 0.0878116 -0.3973038 0.3357555
v 0.0908052 -0.3965000 0.3359517
v 0.0937987 -0.3973038 0.3361479
v 0.0959902 -0.3995000 0.3362916
v 0.0961701 -0.4025000 0.3426611
v 0.0953732 -0.4055000 0.3425561
v 0.0931958 -0.4076962 0.3422695
v 0.0902215 -0.4085000 0.3418779
v 0.0872471 -0.4076962 0.3414863
v 0.0850698 -0.4055000 0.3411997
v 0.0842728 -0.4025000 0.3410947
v 0.0850698 -0.3995000 0.3411997
v 0.0872471 -0.3973038 0.3414863
v 0.0902215 -0.3965000 0.3418779
v 0.0931958 -0.3973038 0.3422695
v 0.0953732 -0.3995000 0.3425561
v 0.0951362 -0.4025000 0.3489238
v 0.0943478 -0.4055000 0.3487670
v 0.0921938 -0.4076962 0.3483385
v 0.0892515 -0.4085000 0.3477532
v 0.0863091 -0.4076962 0.3471680
v 0.0841551 -0.4055000 0.3467395
v 0.0833667 -0.4025000 0.3465827
v 0.0841551 -0.3995000 0.3467395
v 0.0863091 -0.3973038 0.3471680
v 0.0892515 -0.3965000 0.3477532
v 0.0921938 -0.3973038 0.3483385
v 0.0943478 -0.3995000 0.3487670
v 0.0936948 -0.4025000 0.3551055
v 0.0929183 -0.4055000 0.3548974
v 0.0907970 -0.4076962 0.3543290
v 0.0878992 -0.4085000 0.3535526
v 0.0850015 -0.4076962 0.3527761
v 0.0828801 -0.4055000 0.3522077
v 0.0821037 -0.4025000 0.3519996
v 0.0828801 -0.3995000 0.3522077
v 0.0850015 -0.3973038 0.3527761
v 0.0878992 -0.3965000 0.3535526
v 0.0907970 -0.3973038 0.3543290
v 0.0929183 -0.3995000 0.3548974
v 0.0918522 -0.4025000 0.3611796
v 0.0910910 -0.4055000 0.3609213
v 0.0890114 -0.4076962 0.3602153
v 0.0861706 -0.4085000 0.3592510
v 0.0833298 -0.4076962 0.3582867
v 0.0812502 -0.4055000 0.3575808
v 0.0804891 -0.4025000 0.3573224
v 0.0812502 -0.3995000 0.3575808
v 0.0833298 -0.3973038 0.3582867
v 0.0861706 -0.3965000 0.3592510
v 0.0890114 -0.3973038 0.3602153
v 0.0910910 -0.3995000 0.3609213
v 0.0896163 -0.4025000 0.3671203
v 0.0888737 -0.4055000 0.3668127
v 0.0868447 -0.4076962 0.3659723
v 0.0840730 -0.4085000 0.3648242
v 0.0813014 -0.4076962 0.3636762
v 0.0792724 -0.4055000 0.3628357
v 0.0785298 -0.4025000 0.3625281
v 0.0792724 -0.3995000 0.3628357
v 0.0813014 -0.3973038 0.3636762
v 0.0840730 -0.3965000 0.3648242
v 0.0868447 -0.3973038 0.3659723
v 0.0888737 -0.3995000 0.3668127
v 0.0869967 -0.4025000 0.3729020
v 0.0862757 -0.4055000 0.3725465
v 0.0843060 -0.4076962 0.3715751
v 0.0816154 -0.4085000 0.3702483
v 0.0789248 -0.4076962 0.3689214
v 0.0769551 -0.4055000 0.3679501
v 0.0762342 -0.4025000 0.3675945
v 0.0769551 -0.3995000 0.3679501
v 0.0789248 -0.3973038 0.3689214
v 0.0816154 -0.3965000 0.3702483
v 0.0843060 -0.3973038 0.3715751
v 0.0862757 -0.3995000 0.3725465
v 0.0840045 -0.4025000 0.3785000
v 0.0833083 -0.4055000 0.3780981
v 0.0814064 -0.4076962 0.3770000
v 0.0788083 -0.4085000 0.3755000
v 0.0762102 -0.4076962 0.3740000
v 0.0743083 -0.4055000 0.3729019
v 0.0736122 -0.4025000 0.3725000
v 0.0743083 -0.3995000 0.3729019
v 0.0762102 -0.3973038 0.3740000
v 0.0788083 -0.3965000 0.3755000
v 0.0814064 -0.3973038 0.3770000
v 0.0833083 -0.3995000 0.3780981
v 0.0806525 -0.4025000 0.3838903
v 0.0799842 -0.4055000 0.3834437
v 0.0781581 -0.4076962 0.3822236
v 0.0756637 -0.4085000 0.3805569
v 0.0731693 -0.4076962 0.3788902
v 0.0713433 -0.4055000 0.3776701
v 0.0706749 -0.4025000 0.3772235
v 0.0713433 -0.3995000 0.3776701
v 0.0731693 -0.3973038 0.3788902
v 0.0756637 -0.3965000 0.3805569
v 0.0781581 -0.3973038 0.3822236
v 0.0799842 -0.3995000 0.3834437
v 0.0769553 -0.4025000 0.3890499
v 0.0763175 -0.4055000 0.3885605
v 0.0745752 -0.4076962 0.3872236
v 0.0721952 -0.4085000 0.3853973
v 0.0698151 -0.4076962 0.3835710
v 0.0680728 -0.4055000 0.3822341
v 0.0674350 -0.4025000 0.3817447
v 0.0680728 -0.3995000 0.3822341
v 0.0698151 -0.3973038 0.3835710
v 0.0721952 -0.3965000 0.3853973
v 0.0745752 -0.3973038 0.3872236
v 0.0763175 -0.3995000 0.3885605
v 0.0729285 -0.4025000 0.3939565
v 0.0723241 -0.4055000 0.3934265
v 0.0706729 -0.4076962 0.3919785
v 0.0684174 -0.4085000 0.3900005
v 0.0661619 -0.4076962 0.3880225
v 0.0645107 -0.4055000 0.3865744
v 0.0639064 -0.4025000 0.3860444
v 0.0645107 -0.3995000 0.3865744
v 0.0661619 -0.3973038 0.3880225
v 0.0684174 -0.3965000 0.3900005
v 0.0706729 -0.3973038 0.3919785
v 0.0723241 -0.3995000 0.3934265
v 0.0685893 -0.4025000 0.3985894
v 0.0680209 -0.4055000 0.3980210
v 0.0664680 -0.4076962 0.3964680
v 0.0643467 -0.4085000 0.3943467
v 0.0622254 -0.4076962 0.3922254
v 0.0606725 -0.4055000 0.3906725
v 0.0601041 -0.4025000 0.3901041
v 0.0606725 -0.3995000 0.3906725
v 0.0622254 -0.3973038 0.3922254
v 0.0643467 -0.3965000 0.3943467
v 0.0664680 -0.3973038 0.3964680
v 0.0680209 -0.3995000 0.3980210
v 0.0639565 -0.4025000 0.4029285
v 0.0634265 -0.4055000 0.4023241
v 0.0619785 -0.4076962 0.4006729
v 0.0600005 -0.4085000 0.3984174
v 0.0580224 -0.4076962 0.3961619
v 0.0565744 -0.4055000 0.3945107
v 0.0560444 -0.4025000 0.3939064
v 0.0565744 -0.3995000 0.3945107
v 0.0580224 -0.3973038 0.3961619
v 0.0600005 -0.3965000 0.3984174
v 0.0619785 -0.3973038 0.4006729
v 0.0634265 -0.3995000 0.4023241
v 0.0590499 -0.4025000 0.4069553
v 0.0585605 -0.4055000 0.4063175
v 0.0572236 -0.4076962 0.4045752
v 0.0553973 -0.4085000 0.4021952
v 0.0535710 -0.4076962 0.3998151
v 0.0522341 -0.4055000 0.3980728
v 0.0517447 -0.4025000 0.3974350
v 0.0522341 -0.3995000 0.3980727
v 0.0535710 -0.3973038 0.3998151
v 0.0553973 -0.3965000 0.4021952
v 0.0572236 -0.3973038 0.4045752
v 0.0585605 -0.3995000 0.4063175
v 0.0538903 -0.4025000 0.4106526
v 0.0534437 -0.4055000 0.4099842
v 0.0522236 -0.4076962 0.4081582
v 0.0505569 -0.4085000 0.4056638
v 0.0488902 -0.4076962 0.4031694
v 0.0476701 -0.4055000 0.4013433
v 0.0472235 -0.4025000 0.4006749
v 0.0476701 -0.3995000 0.4013433
v 0.0488902 -0.3973038 0.4031693
v 0.0505569 -0.3965000 0.4056638
v 0.0522236 -0.3973038 0.4081582
v 0.0534437 -0.3995000 0.4099842
v 0.0485000 -0.4025000 0.4140045
v 0.0480981 -0.4055000 0.4133083
v 0.0470000 -0.4076962 0.4114064
v 0.0455000 -0.4085000 0.4088083
v 0.0440000 -0.4076962 0.4062102
v 0.0429019 -0.4055000 0.4043083
v 0.0425000 -0.4025000 0.4036122
v 0.0429019 -0.3995000 0.4043083
v 0.0440000 -0.3973038 0.4062102
v 0.0455000 -0.3965000 0.4088083
v 0.0470000 -0.3973038 0.4114064
v 0.0480981 -0.3995000 0.4133083
v 0.0429020 -0.4025000 0.4169967
v 0.0425465 -0.4055000 0.4162757
v 0.0415751 -0.4076962 0.4143060
v 0.0402483 -0.4085000 0.4116154
v 0.0389214 -0.4076962 0.4089248
v 0.0379501 -0.4055000 0.4069552
v 0.0375945 -0.4025000 0.4062342
v 0.0379501 -0.3995000 0.4069551
v 0.0389214 -0.3973038 0.4089248
v 0.0402483 -0.3965000 0.4116154
v 0.0415751 -0.3973038 0.4143060
v 0.0425465 -0.3995000 0.4162757
v 0.0371203 -0.4025000 0.4196163
v 0.0368127 -0.4055000 0.4188737
v 0.0359723 -0.4076962 0.4168447
v 0.0348242 -0.4085000 0.4140731
v 0.0336762 -0.4076962 0.4113014
v 0.0328357 -0.4055000 0.4092724
v 0.0325281 -0.4025000 0.4085298
v 0.0328357 -0.3995000 0.4092724
v 0.0336762 -0.3973038 0.4113014
v 0.0348242 -0.3965000 0.4140731
v 0.0359723 -0.3973038 0.4168447
v 0.0368127 -0.3995000 0.4188737
v 0.0311796 -0.4025000 0.4218522
v 0.0309212 -0.4055000 0.4210910
v 0.0302153 -0.4076962 0.4190114
v 0.0292510 -0.4085000 0.4161707
v 0.0282867 -0.4076962 0.4133299
v 0.0275807 -0.4055000 0.4112503
v 0.0273223 -0.4025000 0.4104891
v 0.0275807 -0.3995000 0.4112503
v 0.0282867 -0.3973038 0.4133299
v 0.0292510 -0.3965000 0.4161707
v 0.0302153 -0.3973038 0.4190114
v 0.0309212 -0.3995000 0.4210910
v 0.0251054 -0.4025000 0.4236948
v 0.0248974 -0.4055000 0.4229183
v 0.0243290 -0.4076962 0.4207970
v 0.0235525 -0.4085000 0.4178993
v 0.0227761 -0.4076962 0.4150015
v 0.0222077 -0.4055000 0.4128802
v 0.0219996 -0.4025000 0.4121037
v 0.0222077 -0.3995000 0.4128802
v 0.0227761 -0.3973038 0.4150015
v 0.0235525 -0.3965000 0.4178993
v 0.0243290 -0.3973038 0.4207970
v 0.0248974 -0.3995000 0.4229183
v 0.0189238 -0.4025000 0.4251362
v 0.0187670 -0.4055000 0.4243478
v 0.0183385 -0.4076962 0.4221938
v 0.0177532 -0.4085000 0.4192515
v 0.0171680 -0.4076962 0.4163091
v 0.0167395 -0.4055000 0.4141552
v 0.0165827 -0.4025000 0.4133668
v 0.0167395 -0.3995000 0.4141552
v 0.0171680 -0.3973038 0.4163091
v 0.0177532 -0.3965000 0.4192515
v 0.0183385 -0.3973038 0.4221938
v 0.0187670 -0.3995000 0.4243478
v 0.0126610 -0.4025000 0.4261702
v 0.0125561 -0.4055000 0.4253732
v 0.0122694 -0.4076962 0.4231958
v 0.0118779 -0.4085000 0.4202215
v 0.0114863 -0.4076962 0.4172472
v 0.0111996 -0.4055000 0.4150698
v 0.0110947 -0.4025000 0.4142728
v 0.0111996 -0.3995000 0.4150698
v 0.0114863 -0.3973038 0.4172471
v 0.0118779 -0.3965000 0.4202215
v 0.0122694 -0.3973038 0.4231958
v 0.0125561 -0.3995000 0.4253732
v 0.0063441 -0.4025000 0.4267923
v 0.0062915 -0.4055000 0.4259902
v 0.0061479 -0.4076962 0.4237987
v 0.0059517 -0.4085000 0.4208052
v 0.0057555 -0.4076962 0.4178116
v 0.0056118 -0.4055000 0.4156201
v 0.0055593 -0.4025000 0.4148180
v 0.0056118 -0.3995000 0.4156201
v 0.0057555 -0.3973038 0.4178116
v 0.0059517 -0.3965000 0.4208052
v 0.0061479 -0.3973038 0.4237987
v 0.0062915 -0.3995000 0.4259902
v 0.0000000 -0.4025000 0.4270000
v 0.0000000 -0.4055000 0.4261962
v 0.0000000 -0.4076962 0.4240000
v 0.0000000 -0.4085000 0.4210000
v 0.0000000 -0.4076962 0.4180000
v 0.0000000 -0.4055000 0.4158038
v 0.0000000 -0.4025000 0.4150000
v 0.0000000 -0.3995000 0.4158038
v 0.0000000 -0.3973038 0.4180000
v 0.0000000 -0.3965000 0.4210000
v 0.0000000 -0.3973038 0.4240000
v 0.0000000 -0.3995000 0.4261962
v -0.0063441 -0.4025000 0.4267923
v -0.0062915 -0.4055000 0.4259902
v -0.0061479 -0.4076962 0.4237987
v -0.0059517 -0.4085000 0.4208052
v -0.0057555 -0.4076962 0.4178116
v -0.0056118 -0.4055000 0.4156201
v -0.0055592 -0.4025000 0.4148180
v -0.0056118 -0.3995000 0.4156201
v -0.0057555 -0.3973038 0.4178116
v -0.0059517 -0.3965000 0.4208052
v -0.0061479 -0.3973038 0.4237987
v -0.0062915 -0.3995000 0.4259902
v -0.0126611 -0.4025000 0.4261702
v -0.0125561 -0.4055000 0.4253732
v -0.0122695 -0.4076962 0.4231958
v -0.0118779 -0.4085000 0.4202215
v -0.0114863 -0.4076962 0.4172471
v -0.0111997 -0.4055000 0.4150698
v -0.0110947 -0.4025000 0.4142728
v -0.0111997 -0.3995000 0.4150698
v -0.0114863 -0.3973038 0.4172471
v -0.0118779 -0.3965000 0.4202215
v -0.0122695 -0.3973038 0.4231958
v -0.0125561 -0.3995000 0.4253732
v -0.0189238 -0.4025000 0.4251362
v -0.0187669 -0.4055000 0.4243478
v -0.0183385 -0.4076962 0.4221938
v -0.0177532 -0.4085000 0.4192515
v -0.0171679 -0.4076962 0.4163091
v -0.0167395 -0.4055000 0.4141552
v -0.0165827 -0.4025000 0.4133668
v -0.0167395 -0.3995000 0.4141552
v -0.0171679 -0.3973038 0.4163091
v -0.0177532 -0.3965000 0.4192515
v -0.0183385 -0.3973038 0.4221938
v -0.0187669 -0.3995000 0.4243478
v -0.0251054 -0.4025000 0.4236948
v -0.0248974 -0.4055000 0.4229184
v -0.0243290 -0.4076962 0.4207970
v -0.0235525 -0.4085000 0.4178993
v -0.0227761 -0.4076962 0.4150015
v -0.0222077 -0.4055000 0.4128802
v -0.0219996 -0.4025000 0.4121037
v -0.0222077 -0.3995000 0.4128802
v -0.0227761 -0.3973038 0.4150015
v -0.0235525 -0.3965000 0.4178993
v -0.0243290 -0.3973038 0.4207970
v -0.0248974 -0.3995000 0.4229183
v -0.0311796 -0.4025000 0.4218522
v -0.0309213 -0.4055000 0.4210910
v -0.0302153 -0.4076962 0.4190114
v -0.0292510 -0.4085000 0.4161707
v -0.0282867 -0.4076962 0.4133299
v -0.0275808 -0.4055000 0.4112503
v -0.0273224 -0.4025000 0.4104891
v -0.0275808 -0.3995000 0.4112502
v -0.0282867 -0.3973038 0.4133298
v -0.0292510 -0.3965000 0.4161707
v -0.0302153 -0.3973038 0.4190114
v -0.0309213 -0.3995000 0.4210910
v -0.0371203 -0.4025000 0.4196163
v -0.0368127 -0.4055000 0.4188737
v -0.0359722 -0.4076962 0.4168447
v -0.0348242 -0.4085000 0.4140731
v -0.0336761 -0.4076962 0.4113014
v -0.0328357 -0.4055000 0.4092724
v -0.0325281 -0.4025000 0.4085298
v -0.0328357 -0.3995000 0.4092724
v -0.0336761 -0.3973038 0.4113014
v -0.0348242 -0.3965000 0.4140731
v -0.0359722 -0.3973038 0.4168447
v -0.0368127 -0.3995000 0.4188737
v -0.0429020 -0.4025000 0.4169967
v -0.0425465 -0.4055000 0.4162757
v -0.0415751 -0.4076962 0.4143060
v -0.0402483 -0.4085000 0.4116154
v -0.0389214 -0.4076962 0.4089248
v -0.0379501 -0.4055000 0.4069552
v -0.0375945 -0.4025000 0.4062342
v -0.0379501 -0.3995000 0.4069552
v -0.0389214 -0.3973038 0.4089248
v -0.0402483 -0.3965000 0.4116154
v -0.0415751 -0.3973038 0.4143060
v -0.0425465 -0.3995000 0.4162757
v -0.0485000 -0.4025000 0.4140045
v -0.0480981 -0.4055000 0.4133084
v -0.0470000 -0.4076962 0.4114064
v -0.0455000 -0.4085000 0.4088084
v -0.0440000 -0.4076962 0.4062103
v -0.0429019 -0.4055000 0.4043083
v -0.0425000 -0.4025000 0.4036122
v -0.0429019 -0.3995000 0.4043083
v -0.0440000 -0.3973038 0.4062102
v -0.0455000 -0.3965000 0.4088083
v -0.0470000 -0.3973038 0.4114064
v -0.0480981 -0.3995000 0.4133083
v -0.0538903 -0.4025000 0.4106526
v -0.0534437 -0.4055000 0.4099842
v -0.0522236 -0.4076962 0.4081582
v -0.0505569 -0.4085000 0.4056638
v -0.0488902 -0.4076962 0.4031694
v -0.0476700 -0.4055000 0.4013433
v -0.0472234 -0.4025000 0.4006749
v -0.0476700 -0.3995000 0.4013433
v -0.0488902 -0.3973038 0.4031694
v -0.0505569 -0.3965000 0.4056638
v -0.0522236 -0.3973038 0.4081582
v -0.0534437 -0.3995000 0.4099842
v -0.0590499 -0.4025000 0.4069553
v -0.0585605 -0.4055000 0.4063176
v -0.0572236 -0.4076962 0.4045752
v -0.0553973 -0.4085000 0.4021952
v -0.0535710 -0.4076962 0.3998151
v -0.0522341 -0.4055000 0.3980728
v -0.0517447 -0.4025000 0.3974350
v -0.0522341 -0.3995000 0.3980728
v -0.0535710 -0.3973038 0.3998151
v -0.0553973 -0.3965000 0.4021952
v -0.0572236 -0.3973038 0.4045752
v -0.0585605 -0.3995000 0.4063175
v -0.0639565 -0.4025000 0.4029285
v -0.0634265 -0.4055000 0.4023241
v -0.0619785 -0.4076962 0.4006730
v -0.0600005 -0.4085000 0.3984174
v -0.0580224 -0.4076962 0.3961619
v -0.0565744 -0.4055000 0.3945108
v -0.0560444 -0.4025000 0.3939064
v -0.0565744 -0.3995000 0.3945107
v -0.0580224 -0.3973038 0.3961619
v -0.0600005 -0.3965000 0.3984174
v -0.0619785 -0.3973038 0.4006729
v -0.0634265 -0.3995000 0.4023241
v -0.0685894 -0.4025000 0.3985893
v -0.0680210 -0.4055000 0.3980210
v -0.0664681 -0.4076962 0.3964680
v -0.0643467 -0.4085000 0.3943467
v -0.0622254 -0.4076962 0.3922254
v -0.0606725 -0.4055000 0.3906725
v -0.0601041 -0.4025000 0.3901041
v -0.0606725 -0.3995000 0.3906725
v -0.0622254 -0.3973038 0.3922254
v -0.0643467 -0.3965000 0.3943467
v -0.0664681 -0.3973038 0.3964680
v -0.0680210 -0.3995000 0.3980210
v -0.0729285 -0.4025000 0.3939565
v -0.0723241 -0.4055000 0.3934265
v -0.0706729 -0.4076962 0.3919785
v -0.0684174 -0.4085000 0.3900005
v -0.0661619 -0.4076962 0.3880225
v -0.0645107 -0.4055000 0.3865744
v -0.0639064 -0.4025000 0.3860444
v -0.0645107 -0.3995000 0.3865744
v -0.0661619 -0.3973038 0.3880224
v -0.0684174 -0.3965000 0.3900005
v -0.0706729 -0.3973038 0.3919785
v -0.0723241 -0.3995000 0.3934265
v -0.0769553 -0.4025000 0.3890499
v -0.0763175 -0.4055000 0.3885605
v -0.0745752 -0.4076962 0.3872236
v -0.0721951 -0.4085000 0.3853973
v -0.0698151 -0.4076962 0.3835710
v -0.0680728 -0.4055000 0.3822341
v -0.0674350 -0.4025000 0.3817447
v -0.0680728 -0.3995000 0.3822341
v -0.0698151 -0.3973038 0.3835710
v -0.0721951 -0.3965000 0.3853973
v -0.0745752 -0.3973038 0.3872236
v -0.0763175 -0.3995000 0.3885605
v -0.0806525 -0.4025000 0.3838903
v -0.0799842 -0.4055000 0.3834437
v -0.0781581 -0.4076962 0.3822236
v -0.0756637 -0.4085000 0.3805569
v -0.0731693 -0.4076962 0.3788902
v -0.0713433 -0.4055000 0.3776701
v -0.0706749 -0.4025000 0.3772235
v -0.0713433 -0.3995000 0.3776701
v -0.0731693 -0.3973038 0.3788902
v -0.0756637 -0.3965000 0.3805569
v -0.0781581 -0.3973038 0.3822236
v -0.0799842 -0.3995000 0.3834437
v -0.0840044 -0.4025000 0.3785000
v -0.0833083 -0.4055000 0.3780981
v -0.0814064 -0.4076962 0.3770000
v -0.0788083 -0.4085000 0.3755000
v -0.0762102 -0.4076962 0.3740000
v -0.0743083 -0.4055000 0.3729019
v -0.0736121 -0.4025000 0.3725000
v -0.0743083 -0.3995000 0.3729019
v -0.0762102 -0.3973038 0.3740000
v -0.0788083 -0.3965000 0.3755000
v -0.0814064 -0.3973038 0.3770000
v -0.0833083 -0.3995000 0.3780981
v -0.0869967 -0.4025000 0.3729020
v -0.0862757 -0.4055000 0.3725465
v -0.0843060 -0.4076962 0.3715751
v -0.0816154 -0.4085000 0.3702483
v -0.0789248 -0.4076962 0.3689214
v -0.0769551 -0.4055000 0.3679501
v -0.0762342 -0.4025000 0.3675945
v -0.0769551 -0.3995000 0.3679501
v -0.0789248 -0.3973038 0.3689214
v -0.0816154 -0.3965000 0.3702483
v -0.0843060 -0.3973038 0.3715751
v -0.0862757 -0.3995000 0.3725465
v -0.0896163 -0.4025000 0.3671203
v -0.0888737 -0.4055000 0.3668127
v -0.0868447 -0.4076962 0.3659723
v -0.0840730 -0.4085000 0.3648242
v -0.0813014 -0.4076962 0.3636762
v -0.0792724 -0.4055000 0.3628357
v -0.0785298 -0.4025000 0.3625281
v -0.0792724 -0.3995000 0.3628357
v -0.0813014 -0.3973038 0.3636762
v -0.0840730 -0.3965000 0.3648242
v -0.0868447 -0.3973038 0.3659723
v -0.0888737 -0.3995000 0.3668127
v -0.0918522 -0.4025000 0.3611796
v -0.0910910 -0.4055000 0.3609212
v -0.0890114 -0.4076962 0.3602153
v -0.0861707 -0.4085000 0.3592510
v -0.0833299 -0.4076962 0.3582867
v -0.0812503 -0.4055000 0.3575807
v -0.0804891 -0.4025000 0.3573223
v -0.0812503 -0.3995000 0.3575807
v -0.0833299 -0.3973038 0.3582866
v -0.0861707 -0.3965000 0.3592510
v -0.0890114 -0.3973038 0.3602153
v -0.0910910 -0.3995000 0.3609212
v -0.0936948 -0.4025000 0.3551055
v -0.0929184 -0.4055000 0.3548974
v -0.0907970 -0.4076962 0.3543290
v -0.0878993 -0.4085000 0.3535526
v -0.0850015 -0.4076962 0.3527761
v -0.0828802 -0.4055000 0.3522077
v -0.0821037 -0.4025000 0.3519996
v -0.0828802 -0.3995000 0.3522077
v -0.0850015 -0.3973038 0.3527761
v -0.0878993 -0.3965000 0.3535525
v -0.0907970 -0.3973038 0.3543290
v -0.0929184 -0.3995000 0.3548974
v -0.0951362 -0.4025000 0.3489238
v -0.0943478 -0.4055000 0.3487670
v -0.0921938 -0.4076962 0.3483385
v -0.0892515 -0.4085000 0.3477532
v -0.0863091 -0.4076962 0.3471680
v -0.0841551 -0.4055000 0.3467395
v -0.0833668 -0.4025000 0.3465827
v -0.0841551 -0.3995000 0.3467395
v -0.0863091 -0.3973038 0.3471680
v -0.0892515 -0.3965000 0.3477532
v -0.0921938 -0.3973038 0.3483385
v -0.0943478 -0.3995000 0.3487670
v -0.0961701 -0.4025000 0.3426611
v -0.0953732 -0.4055000 0.3425561
v -0.0931958 -0.4076962 0.3422695
v -0.0902215 -0.4085000 0.3418779
v -0.0872471 -0.4076962 0.3414863
v -0.0850698 -0.4055000 0.3411997
v -0.0842728 -0.4025000 0.3410948
v -0.0850698 -0.3995000 0.3411997
v -0.0872471 -0.3973038 0.3414863
v -0.0902215 -0.3965000 0.3418779
v -0.0931958 -0.3973038 0.3422695
v -0.0953732 -0.3995000 0.3425561
v -0.0967923 -0.4025000 0.3363442
v -0.0959902 -0.4055000 0.3362916
v -0.0937987 -0.4076962 0.3361479
v -0.0908052 -0.4085000 0.3359517
v -0.0878116 -0.4076962 0.3357555
v -0.0856201 -0.4055000 0.3356119
v -0.0848180 -0.4025000 0.3355593
v -0.0856201 -0.3995000 0.3356119
v -0.0878116 -0.3973038 0.3357555
v -0.0908052 -0.3965000 0.3359517
v -0.0937987 -0.3973038 0.3361479
v -0.0959902 -0.3995000 0.3362916
v -0.0970000 -0.4025000 0.3300000
v -0.0961962 -0.4055000 0.3300000
v -0.0940000 -0.4076962 0.3300000
v -0.0910000 -0.4085000 0.3300000
v -0.0880000 -0.4076962 0.3300000
v -0.0858038 -0.4055000 0.3300000
v -0.0850000 -0.4025000 0.3300000
v -0.0858038 -0.3995000 0.3300000
v -0.0880000 -0.3973038 0.3300000
v -0.0910000 -0.3965000 0.3300000
v -0.0940000 -0.3973038 0.3300000
v -0.0961962 -0.3995000 0.3300000
v -0.0967923 -0.4025000 0.3236559
v -0.0959902 -0.4055000 0.3237085
v -0.0937987 -0.4076962 0.3238522
v -0.0908052 -0.4085000 0.3240483
v -0.0878116 -0.4076962 0.3242446
v -0.0856201 -0.4055000 0.3243882
v -0.0848180 -0.4025000 0.3244408
v -0.0856201 -0.3995000 0.3243882
v -0.0878116 -0.3973038 0.3242446
v -0.0908052 -0.3965000 0.3240483
v -0.0937987 -0.3973038 0.3238522
v -0.0959902 -0.3995000 0.3237085
v -0.0961701 -0.4025000 0.3173390
v -0.0953732 -0.4055000 0.3174439
v -0.0931958 -0.4076962 0.3177305
v -0.0902215 -0.4085000 0.3181221
v -0.0872471 -0.4076962 0.3185137
v -0.0850698 -0.4055000 0.3188004
v -0.0842728 -0.4025000 0.3189053
v -0.0850698 -0.3995000 0.3188004
v -0.0872471 -0.3973038 0.3185137
v -0.0902215 -0.3965000 0.3181221
v -0.0931958 -0.3973038 0.3177305
v -0.0953732 -0.3995000 0.3174439
v -0.0951362 -0.4025000 0.3110763
v -0.0943478 -0.4055000 0.3112331
v -0.0921938 -0.4076962 0.3116615
v -0.0892515 -0.4085000 0.3122468
v -0.0863091 -0.4076962 0.3128321
v -0.0841551 -0.4055000 0.3132605
v -0.0833668 -0.4025000 0.3134173
v -0.0841551 -0.3995000 0.3132605
v -0.0863091 -0.3973038 0.3128321
v -0.0892515 -0.3965000 0.3122468
v -0.0921938 -0.3973038 0.3116615
v -0.0943478 -0.3995000 0.3112331
v -0.0936948 -0.4025000 0.3048946
v -0.0929184 -0.4055000 0.3051026
v -0.0907970 -0.4076962 0.3056710
v -0.0878993 -0.4085000 0.3064475
v -0.0850015 -0.4076962 0.3072239
v -0.0828802 -0.4055000 0.3077924
v -0.0821037 -0.4025000 0.3080004
v -0.0828802 -0.3995000 0.3077924
v -0.0850015 -0.3973038 0.3072239
v -0.0878993 -0.3965000 0.3064475
v -0.0907970 -0.3973038 0.3056710
v -0.0929184 -0.3995000 0.3051026
v -0.0918522 -0.4025000 0.2988204
v -0.0910910 -0.4055000 0.2990788
v -0.0890114 -0.4076962 0.2997847
v -0.0861707 -0.4085000 0.3007490
v -0.0833299 -0.4076962 0.3017134
v -0.0812503 -0.4055000 0.3024193
v -0.0804891 -0.4025000 0.3026777
v -0.0812503 -0.3995000 0.3024193
v -0.0833299 -0.3973038 0.3017133
v -0.0861707 -0.3965000 0.3007490
v -0.0890114 -0.3973038 0.2997847
v -0.0910910 -0.3995000 0.2990788
v -0.0896163 -0.4025000 0.2928798
v -0.0888737 -0.4055000 0.2931874
v -0.0868447 -0.4076962 0.2940278
v -0.0840731 -0.4085000 0.2951759
v -0.0813014 -0.4076962 0.2963239
v -0.0792724 -0.4055000 0.2971644
v -0.0785298 -0.4025000 0.2974719
v -0.0792724 -0.3995000 0.2971643
v -0.0813014 -0.3973038 0.2963239
v -0.0840731 -0.3965000 0.2951759
v -0.0868447 -0.3973038 0.2940278
v -0.0888737 -0.3995000 0.2931874
v -0.0869967 -0.4025000 0.2870980
v -0.0862757 -0.4055000 0.2874536
v -0.0843060 -0.4076962 0.2884249
v -0.0816154 -0.4085000 0.2897517
v -0.0789248 -0.4076962 0.2910786
v -0.0769551 -0.4055000 0.2920499
v -0.0762342 -0.4025000 0.2924055
v -0.0769551 -0.3995000 0.2920499
v -0.0789248 -0.3973038 0.2910786
v -0.0816154 -0.3965000 0.2897517
v -0.0843060 -0.3973038 0.2884249
v -0.0862757 -0.3995000 0.2874535
v -0.0840045 -0.4025000 0.2815000
v -0.0833083 -0.4055000 0.2819020
v -0.0814064 -0.4076962 0.2830000
v -0.0788083 -0.4085000 0.2845000
v -0.0762102 -0.4076962 0.2860000
v -0.0743083 -0.4055000 0.2870981
v -0.0736122 -0.4025000 0.2875000
v -0.0743083 -0.3995000 0.2870981
v -0.0762102 -0.3973038 0.2860000
v -0.0788083 -0.3965000 0.2845000
v -0.0814064 -0.3973038 0.2830000
v -0.0833083 -0.3995000 0.2819020
v -0.0806525 -0.4025000 0.2761097
v -0.0799842 -0.4055000 0.2765563
v -0.0781581 -0.4076962 0.2777764
v -0.0756637 -0.4085000 0.2794431
v -0.0731693 -0.4076962 0.2811098
v -0.0713433 -0.4055000 0.2823299
v -0.0706749 -0.4025000 0.2827765
v -0.0713433 -0.3995000 0.2823299
v -0.0731693 -0.3973038 0.2811098
v -0.0756637 -0.3965000 0.2794431
v -0.0781581 -0.3973038 0.2777764
v -0.0799842 -0.3995000 0.2765563
v -0.0769553 -0.4025000 0.2709502
v -0.0763175 -0.4055000 0.2714395
v -0.0745752 -0.4076962 0.2727765
v -0.0721951 -0.4085000 0.2746027
v -0.0698151 -0.4076962 0.2764290
v -0.0680728 -0.4055000 0.2777659
v -0.0674350 -0.4025000 0.2782553
v -0.0680728 -0.3995000 0.2777659
v -0.0698151 -0.3973038 0.2764290
v -0.0721951 -0.3965000 0.2746027
v -0.0745752 -0.3973038 0.2727764
v -0.0763175 -0.3995000 0.2714395
v -0.0729285 -0.4025000 0.2660435
v -0.0723241 -0.4055000 0.2665735
v -0.0706729 -0.4076962 0.2680215
v -0.0684174 -0.4085000 0.2699996
v -0.0661619 -0.4076962 0.2719776
v -0.0645107 -0.4055000 0.2734256
v -0.0639064 -0.4025000 0.2739556
v -0.0645107 -0.3995000 0.2734256
v -0.0661619 -0.3973038 0.2719776
v -0.0684174 -0.3965000 0.2699996
v -0.0706729 -0.3973038 0.2680215
v -0.0723241 -0.3995000 0.2665735
v -0.0685894 -0.4025000 0.2614107
v -0.0680210 -0.4055000 0.2619791
v -0.0664681 -0.4076962 0.2635320
v -0.0643467 -0.4085000 0.2656533
v -0.0622254 -0.4076962 0.2677746
v -0.0606725 -0.4055000 0.2693276
v -0.0601041 -0.4025000 0.2698959
v -0.0606725 -0.3995000 0.2693276
v -0.0622254 -0.3973038 0.2677746
v -0.0643467 -0.3965000 0.2656533
v -0.0664681 -0.3973038 0.2635320
v -0.0680210 -0.3995000 0.2619791
v -0.0639566 -0.4025000 0.2570716
v -0.0634266 -0.4055000 0.2576759
v -0.0619785 -0.4076962 0.2593271
v -0.0600005 -0.4085000 0.2615826
v -0.0580225 -0.4076962 0.2638381
v -0.0565744 -0.4055000 0.2654893
v -0.0560444 -0.4025000 0.2660936
v -0.0565744 -0.3995000 0.2654893
v -0.0580225 -0.3973038 0.2638381
v -0.0600005 -0.3965000 0.2615826
v -0.0619785 -0.3973038 0.2593271
v -0.0634266 -0.3995000 0.2576759
v -0.0590499 -0.4025000 0.2530448
v -0.0585605 -0.4055000 0.2536825
v -0.0572236 -0.4076962 0.2554248
v -0.0553973 -0.4085000 0.2578049
v -0.0535710 -0.4076962 0.2601849
v -0.0522341 -0.4055000 0.2619273
v -0.0517448 -0.4025000 0.2625650
v -0.0522341 -0.3995000 0.2619273
v -0.0535710 -0.3973038 0.2601849
v -0.0553973 -0.3965000 0.2578049
v -0.0572236 -0.3973038 0.2554248
v -0.0585605 -0.3995000 0.2536825
v -0.0538904 -0.4025000 0.2493475
v -0.0534438 -0.4055000 0.2500159
v -0.0522237 -0.4076962 0.2518419
v -0.0505569 -0.4085000 0.2543363
v -0.0488902 -0.4076962 0.2568307
v -0.0476701 -0.4055000 0.2586568
v -0.0472235 -0.4025000 0.2593251
v -0.0476701 -0.3995000 0.2586567
v -0.0488902 -0.3973038 0.2568307
v -0.0505569 -0.3965000 0.2543363
v -0.0522237 -0.3973038 0.2518419
v -0.0534438 -0.3995000 0.2500159
v -0.0485000 -0.4025000 0.2459956
v -0.0480981 -0.4055000 0.2466917
v -0.0470000 -0.4076962 0.2485936
v -0.0455000 -0.4085000 0.2511917
v -0.0440000 -0.4076962 0.2537898
v -0.0429019 -0.4055000 0.2556917
v -0.0425000 -0.4025000 0.2563878
v -0.0429019 -0.3995000 0.2556917
v -0.0440000 -0.3973038 0.2537898
v -0.0455000 -0.3965000 0.2511917
v -0.0470000 -0.3973038 0.2485936
v -0.0480981 -0.3995000 0.2466917
v -0.0429020 -0.4025000 0.2430034
v -0.0425465 -0.4055000 0.2437243
v -0.0415751 -0.4076962 0.2456940
v -0.0402483 -0.4085000 0.2483846
v -0.0389214 -0.4076962 0.2510752
v -0.0379501 -0.4055000 0.2530449
v -0.0375945 -0.4025000 0.2537658
v -0.0379501 -0.3995000 0.2530449
v -0.0389214 -0.3973038 0.2510752
v -0.0402483 -0.3965000 0.2483846
v -0.0415751 -0.3973038 0.2456940
v -0.0425465 -0.3995000 0.2437243
v -0.0371203 -0.4025000 0.2403837
v -0.0368127 -0.4055000 0.2411264
v -0.0359722 -0.4076962 0.2431553
v -0.0348242 -0.4085000 0.2459270
v -0.0336761 -0.4076962 0.2486986
v -0.0328357 -0.4055000 0.2507276
v -0.0325281 -0.4025000 0.2514703
v -0.0328357 -0.3995000 0.2507276
v -0.0336761 -0.3973038 0.2486986
v -0.0348242 -0.3965000 0.2459270
v -0.0359722 -0.3973038 0.2431553
v -0.0368127 -0.3995000 0.2411264
v -0.0311796 -0.4025000 0.2381478
v -0.0309213 -0.4055000 0.2389090
v -0.0302153 -0.4076962 0.2409886
v -0.0292510 -0.4085000 0.2438294
v -0.0282867 -0.4076962 0.2466702
v -0.0275808 -0.4055000 0.2487498
v -0.0273224 -0.4025000 0.2495110
v -0.0275808 -0.3995000 0.2487498
v -0.0282867 -0.3973038 0.2466702
v -0.0292510 -0.3965000 0.2438294
v -0.0302153 -0.3973038 0.2409886
v -0.0309213 -0.3995000 0.2389090
v -0.0251055 -0.4025000 0.2363052
v -0.0248974 -0.4055000 0.2370817
v -0.0243290 -0.4076962 0.2392030
v -0.0235526 -0.4085000 0.2421008
v -0.0227761 -0.4076962 0.2449985
v -0.0222077 -0.4055000 0.2471199
v -0.0219996 -0.4025000 0.2478963
v -0.0222077 -0.3995000 0.2471199
v -0.0227761 -0.3973038 0.2449985
v -0.0235526 -0.3965000 0.2421008
v -0.0243290 -0.3973038 0.2392030
v -0.0248974 -0.3995000 0.2370817
v -0.0189238 -0.4025000 0.2348638
v -0.0187670 -0.4055000 0.2356523
v -0.0183385 -0.4076962 0.2378062
v -0.0177533 -0.4085000 0.2407486
v -0.0171680 -0.4076962 0.2436909
v -0.0167395 -0.4055000 0.2458449
v -0.0165827 -0.4025000 0.2466333
v -0.0167395 -0.3995000 0.2458449
v -0.0171680 -0.3973038 0.2436909
v -0.0177533 -0.3965000 0.2407486
v -0.0183385 -0.3973038 0.2378062
v -0.0187670 -0.3995000 0.2356523
v -0.0126611 -0.4025000 0.2338299
v -0.0125562 -0.4055000 0.2346268
v -0.0122695 -0.4076962 0.2368042
v -0.0118779 -0.4085000 0.2397785
v -0.0114864 -0.4076962 0.2427529
v -0.0111997 -0.4055000 0.2449302
v -0.0110948 -0.4025000 0.2457272
v -0.0111997 -0.3995000 0.2449302
v -0.0114864 -0.3973038 0.2427529
v -0.0118779 -0.3965000 0.2397785
v -0.0122695 -0.3973038 0.2368042
v -0.0125562 -0.3995000 0.2346268
v -0.0063441 -0.4025000 0.2332077
v -0.0062915 -0.4055000 0.2340098
v -0.0061479 -0.4076962 0.2362013
v -0.0059517 -0.4085000 0.2391949
v -0.0057555 -0.4076962 0.2421884
v -0.0056118 -0.4055000 0.2443799
v -0.0055592 -0.4025000 0.2451820
v -0.0056118 -0.3995000 0.2443799
v -0.0057555 -0.3973038 0.2421884
v -0.0059517 -0.3965000 0.2391948
v -0.0061479 -0.3973038 0.2362013
v -0.0062915 -0.3995000 0.2340098
v 0.0000000 -0.4025000 0.2330000
v 0.0000000 -0.4055000 0.2338039
v 0.0000000 -0.4076962 0.2360000
v 0.0000000 -0.4085000 0.2390000
v 0.0000000 -0.4076962 0.2420000
v 0.0000000 -0.4055000 0.2441962
v 0.0000000 -0.4025000 0.2450000
v 0.0000000 -0.3995000 0.2441962
v 0.0000000 -0.3973038 0.2420000
v 0.0000000 -0.3965000 0.2390000
v 0.0000000 -0.3973038 0.2360000
v 0.0000000 -0.3995000 0.2338039
v 0.0063441 -0.4025000 0.2332077
v 0.0062915 -0.4055000 0.2340098
v 0.0061479 -0.4076962 0.2362013
v 0.0059517 -0.4085000 0.2391949
v 0.0057555 -0.4076962 0.2421884
v 0.0056118 -0.4055000 0.2443799
v 0.0055593 -0.4025000 0.2451820
v 0.0056118 -0.3995000 0.2443799
v 0.0057555 -0.3973038 0.2421884
v 0.0059517 -0.3965000 0.2391948
v 0.0061479 -0.3973038 0.2362013
v 0.0062915 -0.3995000 0.2340098
v 0.0126610 -0.4025000 0.2338299
v 0.0125561 -0.4055000 0.2346268
v 0.0122694 -0.4076962 0.2368042
v 0.0118779 -0.4085000 0.2397785
v 0.0114863 -0.4076962 0.2427529
v 0.0111996 -0.4055000 0.2449302
v 0.0110947 -0.4025000 0.2457272
v 0.0111996 -0.3995000 0.2449302
v 0.0114863 -0.3973038 0.2427529
v 0.0118779 -0.3965000 0.2397785
v 0.0122694 -0.3973038 0.2368042
v 0.0125561 -0.3995000 0.2346268
v 0.0189237 -0.4025000 0.2348638
v 0.0187669 -0.4055000 0.2356522
v 0.0183385 -0.4076962 0.2378062
v 0.0177532 -0.4085000 0.2407486
v 0.0171679 -0.4076962 0.2436909
v 0.0167395 -0.4055000 0.2458449
v 0.0165827 -0.4025000 0.2466333
v 0.0167395 -0.3995000 0.2458449
v 0.0171679 -0.3973038 0.2436909
v 0.0177532 -0.3965000 0.2407485
v 0.0183385 -0.3973038 0.2378062
v 0.0187669 -0.3995000 0.2356522
v 0.0251054 -0.4025000 0.2363052
v 0.0248974 -0.4055000 0.2370817
v 0.0243289 -0.4076962 0.2392030
v 0.0235525 -0.4085000 0.2421008
v 0.0227760 -0.4076962 0.2449985
v 0.0222076 -0.4055000 0.2471199
v 0.0219996 -0.4025000 0.2478963
v 0.0222076 -0.3995000 0.2471198
v 0.0227760 -0.3973038 0.2449985
v 0.0235525 -0.3965000 0.2421007
v 0.0243289 -0.3973038 0.2392030
v 0.0248974 -0.3995000 0.2370816
v 0.0311796 -0.4025000 0.2381478
v 0.0309212 -0.4055000 0.2389090
v 0.0302153 -0.4076962 0.2409886
v 0.0292509 -0.4085000 0.2438294
v 0.0282866 -0.4076962 0.2466702
v 0.0275807 -0.4055000 0.2487498
v 0.0273223 -0.4025000 0.2495109
v 0.0275807 -0.3995000 0.2487497
v 0.0282866 -0.3973038 0.2466701
v 0.0292509 -0.3965000 0.2438294
v 0.0302153 -0.3973038 0.2409886
v 0.0309212 -0.3995000 0.2389090
v 0.0371203 -0.4025000 0.2403837
v 0.0368127 -0.4055000 0.2411264
v 0.0359723 -0.4076962 0.2431553
v 0.0348242 -0.4085000 0.2459270
v 0.0336762 -0.4076962 0.2486986
v 0.0328357 -0.4055000 0.2507276
v 0.0325281 -0.4025000 0.2514703
v 0.0328357 -0.3995000 0.2507276
v 0.0336762 -0.3973038 0.2486986
v 0.0348242 -0.3965000 0.2459270
v 0.0359723 -0.3973038 0.2431553
v 0.0368127 -0.3995000 0.2411264
v 0.0429020 -0.4025000 0.2430034
v 0.0425465 -0.4055000 0.2437243
v 0.0415751 -0.4076962 0.2456940
v 0.0402483 -0.4085000 0.2483846
v 0.0389214 -0.4076962 0.2510752
v 0.0379501 -0.4055000 0.2530449
v 0.0375945 -0.4025000 0.2537658
v 0.0379501 -0.3995000 0.2530449
v 0.0389214 -0.3973038 0.2510752
v 0.0402483 -0.3965000 0.2483846
v 0.0415751 -0.3973038 0.2456940
v 0.0425465 -0.3995000 0.2437243
v 0.0485000 -0.4025000 0.2459956
v 0.0480981 -0.4055000 0.2466917
v 0.0470000 -0.4076962 0.2485936
v 0.0455000 -0.4085000 0.2511917
v 0.0440000 -0.4076962 0.2537898
v 0.0429019 -0.4055000 0.2556917
v 0.0425000 -0.4025000 0.2563879
v 0.0429019 -0.3995000 0.2556917
v 0.0440000 -0.3973038 0.2537898
v 0.0455000 -0.3965000 0.2511917
v 0.0470000 -0.3973038 0.2485936
v 0.0480981 -0.3995000 0.2466917
v 0.0538903 -0.4025000 0.2493474
v 0.0534437 -0.4055000 0.2500158
v 0.0522236 -0.4076962 0.2518419
v 0.0505569 -0.4085000 0.2543363
v 0.0488902 -0.4076962 0.2568307
v 0.0476701 -0.4055000 0.2586567
v 0.0472235 -0.4025000 0.2593251
v 0.0476701 -0.3995000 0.2586567
v 0.0488902 -0.3973038 0.2568307
v 0.0505569 -0.3965000 0.2543363
v 0.0522236 -0.3973038 0.2518419
v 0.0534437 -0.3995000 0.2500158
v 0.0590498 -0.4025000 0.2530447
v 0.0585605 -0.4055000 0.2536825
v 0.0572236 -0.4076962 0.2554248
v 0.0553973 -0.4085000 0.2578048
v 0.0535710 -0.4076962 0.2601849
v 0.0522340 -0.4055000 0.2619272
v 0.0517447 -0.4025000 0.2625650
v 0.0522340 -0.3995000 0.2619272
v 0.0535710 -0.3973038 0.2601849
v 0.0553973 -0.3965000 0.2578048
v 0.0572236 -0.3973038 0.2554248
v 0.0585605 -0.3995000 0.2536825
v 0.0639565 -0.4025000 0.2570715
v 0.0634265 -0.4055000 0.2576759
v 0.0619785 -0.4076962 0.2593271
v 0.0600004 -0.4085000 0.2615826
v 0.0580224 -0.4076962 0.2638381
v 0.0565744 -0.4055000 0.2654893
v 0.0560444 -0.4025000 0.2660936
v 0.0565744 -0.3995000 0.2654893
v 0.0580224 -0.3973038 0.2638381
v 0.0600004 -0.3965000 0.2615826
v 0.0619785 -0.3973038 0.2593271
v 0.0634265 -0.3995000 0.2576759
v 0.0685893 -0.4025000 0.2614106
v 0.0680209 -0.4055000 0.2619790
v 0.0664680 -0.4076962 0.2635320
v 0.0643467 -0.4085000 0.2656533
v 0.0622254 -0.4076962 0.2677746
v 0.0606724 -0.4055000 0.2693275
v 0.0601040 -0.4025000 0.2698959
v 0.0606724 -0.3995000 0.2693275
v 0.0622254 -0.3973038 0.2677746
v 0.0643467 -0.3965000 0.2656533
v 0.0664680 -0.3973038 0.2635319
v 0.0680209 -0.3995000 0.2619790
v 0.0729285 -0.4025000 0.2660435
v 0.0723241 -0.4055000 0.2665735
v 0.0706730 -0.4076962 0.2680215
v 0.0684174 -0.4085000 0.2699996
v 0.0661619 -0.4076962 0.2719776
v 0.0645108 -0.4055000 0.2734256
v 0.0639064 -0.4025000 0.2739556
v 0.0645108 -0.3995000 0.2734256
v 0.0661619 -0.3973038 0.2719776
v 0.0684174 -0.3965000 0.2699996
v 0.0706730 -0.3973038 0.2680215
v 0.0723241 -0.3995000 0.2665735
v 0.0769553 -0.4025000 0.2709502
v 0.0763175 -0.4055000 0.2714395
v 0.0745752 -0.4076962 0.2727765
v 0.0721952 -0.4085000 0.2746027
v 0.0698151 -0.4076962 0.2764290
v 0.0680728 -0.4055000 0.2777660
v 0.0674350 -0.4025000 0.2782553
v 0.0680728 -0.3995000 0.2777660
v 0.0698151 -0.3973038 0.2764290
v 0.0721952 -0.3965000 0.2746027
v 0.0745752 -0.3973038 0.2727765
v 0.0763175 -0.3995000 0.2714395
v 0.0806525 -0.4025000 0.2761097
v 0.0799842 -0.4055000 0.2765563
v 0.0781581 -0.4076962 0.2777764
v 0.0756637 -0.4085000 0.2794431
v 0.0731693 -0.4076962 0.2811098
v 0.0713433 -0.4055000 0.2823299
v 0.0706749 -0.4025000 0.2827765
v 0.0713433 -0.3995000 0.2823299
v 0.0731693 -0.3973038 0.2811098
v 0.0756637 -0.3965000 0.2794431
v 0.0781581 -0.3973038 0.2777764
v 0.0799842 -0.3995000 0.2765563
v 0.0840045 -0.4025000 0.2815000
v 0.0833083 -0.4055000 0.2819019
v 0.0814064 -0.4076962 0.2830000
v 0.0788083 -0.4085000 0.2845000
v 0.0762102 -0.4076962 0.2860000
v 0.0743083 -0.4055000 0.2870981
v 0.0736122 -0.4025000 0.2875000
v 0.0743083 -0.3995000 0.2870981
v 0.0762102 -0.3973038 0.2860000
v 0.0788083 -0.3965000 0.2845000
v 0.0814064 -0.3973038 0.2830000
v 0.0833083 -0.3995000 0.2819019
v 0.0869966 -0.4025000 0.2870980
v 0.0862757 -0.4055000 0.2874535
v 0.0843060 -0.4076962 0.2884248
v 0.0816154 -0.4085000 0.2897517
v 0.0789248 -0.4076962 0.2910786
v 0.0769551 -0.4055000 0.2920499
v 0.0762342 -0.4025000 0.2924055
v 0.0769551 -0.3995000 0.2920499
v 0.0789248 -0.3973038 0.2910786
v 0.0816154 -0.3965000 0.2897517
v 0.0843060 -0.3973038 0.2884248
v 0.0862757 -0.3995000 0.2874535
v 0.0896163 -0.4025000 0.2928797
v 0.0888736 -0.4055000 0.2931873
v 0.0868447 -0.4076962 0.2940277
v 0.0840730 -0.4085000 0.2951758
v 0.0813014 -0.4076962 0.2963238
v 0.0792724 -0.4055000 0.2971643
v 0.0785297 -0.4025000 0.2974719
v 0.0792724 -0.3995000 0.2971643
v 0.0813014 -0.3973038 0.2963238
v 0.0840730 -0.3965000 0.2951758
v 0.0868447 -0.3973038 0.2940277
v 0.0888736 -0.3995000 0.2931873
v 0.0918522 -0.4025000 0.2988203
v 0.0910910 -0.4055000 0.2990787
v 0.0890114 -0.4076962 0.2997847
v 0.0861706 -0.4085000 0.3007490
v 0.0833298 -0.4076962 0.3017133
v 0.0812502 -0.4055000 0.3024192
v 0.0804890 -0.4025000 0.3026776
v 0.0812502 -0.3995000 0.3024192
v 0.0833298 -0.3973038 0.3017133
v 0.0861706 -0.3965000 0.3007490
v 0.0890114 -0.3973038 0.2997847
v 0.0910910 -0.3995000 0.2990787
v 0.0936948 -0.4025000 0.3048946
v 0.0929184 -0.4055000 0.3051026
v 0.0907970 -0.4076962 0.3056710
v 0.0878993 -0.4085000 0.3064475
v 0.0850015 -0.4076962 0.3072240
v 0.0828802 -0.4055000 0.3077924
v 0.0821037 -0.4025000 0.3080004
v 0.0828802 -0.3995000 0.3077924
v 0.0850015 -0.3973038 0.3072239
v 0.0878993 -0.3965000 0.3064475
v 0.0907970 -0.3973038 0.3056710
v 0.0929184 -0.3995000 0.3051026
v 0.0951362 -0.4025000 0.3110763
v 0.0943478 -0.4055000 0.3112331
v 0.0921938 -0.4076962 0.3116615
v 0.0892515 -0.4085000 0.3122468
v 0.0863091 -0.4076962 0.3128321
v 0.0841551 -0.4055000 0.3132605
v 0.0833668 -0.4025000 0.3134173
v 0.0841551 -0.3995000 0.3132605
v 0.0863091 -0.3973038 0.3128321
v 0.0892515 -0.3965000 0.3122468
v 0.0921938 -0.3973038 0.3116615
v 0.0943478 -0.3995000 0.3112331
v 0.0961701 -0.4025000 0.3173390
v 0.0953732 -0.4055000 0.3174439
v 0.0931958 -0.4076962 0.3177305
v 0.0902215 -0.4085000 0.3181221
v 0.0872471 -0.4076962 0.3185137
v 0.0850698 -0.4055000 0.3188004
v 0.0842728 -0.4025000 0.3189053
v 0.0850698 -0.3995000 0.3188004
v 0.0872471 -0.3973038 0.3185137
v 0.0902215 -0.3965000 0.3181221
v 0.0931958 -0.3973038 0.3177305
v 0.0953732 -0.3995000 0.3174439
v 0.0967923 -0.4025000 0.3236559
v 0.0959902 -0.4055000 0.3237085
v 0.0937987 -0.4076962 0.3238521
v 0.0908052 -0.4085000 0.3240483
v 0.0878116 -0.4076962 0.3242445
v 0.0856201 -0.4055000 0.3243882
v 0.0848180 -0.4025000 0.3244407
v 0.0856201 -0.3995000 0.3243882
v 0.0878116 -0.3973038 0.3242445
v 0.0908052 -0.3965000 0.3240483
v 0.0937987 -0.3973038 0.3238521
v 0.0959902 -0.3995000 0.3237085
f 1329 1341 1342
f 1329 1342 1330
f 1330 1342 1343
f 1330 1343 1331
f 1331 1343 1344
f 1331 1344 1332
f 1332 1344 1345
f 1332 1345 1333
f 1333 1345 1346
f 1333 1346 1334
f 1334 1346 1347
f 1334 1347 1335
f 1335 1347 1348
f 1335 1348 1336
f 1336 1348 1349
f 1336 1349 1337
f 1337 1349 1350
f 1337 1350 1338
f 1338 1350 1351
f 1338 1351 1339
f 1339 1351 1352
f 1339 1352 1340
f 1340 1352 1341
f 1340 1341 1329
f 1341 1353 1354
f 1341 1354 1342
f 1342 1354 1355
f 1342 1355 1343
f 1343 1355 1356
f 1343 1356 1344
f 1344 1356 1357
f 1344 1357 1345
f 1345 1357 1358
f 1345 1358 1346
f 1346 1358 1359
f 1346 1359 1347
f 1347 1359 1360
f 1347 1360 1348
f 1348 1360 1361
f 1348 1361 1349
f 1349 1361 1362
f 1349 1362 1350
f 1350 1362 1363
f 1350 1363 1351
f 1351 1363 1364
f 1351 1364 1352
f 1352 1364 1353
f 1352 1353 1341
f 1353 1365 1366
f 1353 1366 1354
f 1354 1366 1367
f 1354 1367 1355
f 1355 1367 1368
f 1355 1368 1356
f 1356 1368 1369
f 1356 1369 1357
f 1357 1369 1370
f 1357 1370 1358
f 1358 1370 1371
f 1358 1371 1359
f 1359 1371 1372
f 1359 1372 1360
f 1360 1372 1373
f 1360 1373 1361
f 1361 1373 1374
f 1361 1374 1362
f 1362 1374 1375
f 1362 1375 1363
f 1363 1375 1376
f 1363 1376 1364
f 1364 1376 1365
f 1364 1365 1353
f 1365 1377 1378
f 1365 1378 1366
f 1366 1378 1379
f 1366 1379 1367
f 1367 1379 1380
f 1367 1380 1368
f 1368 1380 1381
f 1368 1381 1369
f 1369 1381 1382
f 1369 1382 1370
f 1370 1382 1383
f 1370 1383 1371
f 1371 1383 1384
f 1371 1384 1372
f 1372 1384 1385
f 1372 1385 1373
f 1373 1385 1386
f 1373 1386 1374
f 1374 1386 1387
f 1374 1387 1375
f 1375 1387 1388
f 1375 1388 1376
f 1376 1388 1377
f 1376 1377 1365
f 1377 1389 1390
f 1377 1390 1378
f 1378 1390 1391
f 1378 1391 1379
f 1379 1391 1392
f 1379 1392 1380
f 1380 1392 1393
f 1380 1393 1381
f 1381 1393 1394
f 1381 1394 1382
f 1382 1394 1395
f 1382 1395 1383
f 1383 1395 1396
f 1383 1396 1384
f 1384 1396 1397
f 1384 1397 1385
f 1385 1397 1398
f 1385 1398 1386
f 1386 1398 1399
f 1386 1399 1387
f 1387 1399 1400
f 1387 1400 1388
f 1388 1400 1389
f 1388 1389 1377
f 1389 1401 1402
f 1389 1402 1390
f 1390 1402 1403
f 1390 1403 1391
f 1391 1403 1404
f 1391 1404 1392
f 1392 1404 1405
f 1392 1405 1393
f 1393 1405 1406
f 1393 1406 1394
f 1394 1406 1407
f 1394 1407 1395
f 1395 1407 1408
f 1395 1408 1396
f 1396 1408 1409
f 1396 1409 1397
f 1397 1409 1410
f 1397 1410 1398
f 1398 1410 1411
f 1398 1411 1399
f 1399 1411 1412
f 1399 1412 1400
f 1400 1412 1401
f 1400 1401 1389
f 1401 1413 1414
f 1401 1414 1402
f 1402 1414 1415
f 1402 1415 1403
f 1403 1415 1416
f 1403 1416 1404
f 1404 1416 1417
f 1404 1417 1405
f 1405 1417 1418
f 1405 1418 1406
f 1406 1418 1419
f 1406 1419 1407
f 1407 1419 1420
f 1407 1420 1408
f 1408 1420 1421
f 1408 1421 1409
f 1409 1421 1422
f 1409 1422 1410
f 1410 1422 1423
f 1410 1423 1411
f 1411 1423 1424
f 1411 1424 1412
f 1412 1424 1413
f 1412 1413 1401
f 1413 1425 1426
f 1413 1426 1414
f 1414 1426 1427
f 1414 1427 1415
f 1415 1427 1428
f 1415 1428 1416
f 1416 1428 1429
f 1416 1429 1417
f 1417 1429 1430
f 1417 1430 1418
f 1418 1430 1431
f 1418 1431 1419
f 1419 1431 1432
f 1419 1432 1420
f 1420 1432 1433
f 1420 1433 1421
f 1421 1433 1434
f 1421 1434 1422
f 1422 1434 1435
f 1422 1435 1423
f 1423 1435 1436
f 1423 1436 1424
f 1424 1436 1425
f 1424 1425 1413
f 1425 1437 1438
f 1425 1438 1426
f 1426 1438 1439
f 1426 1439 1427
f 1427 1439 1440
f 1427 1440 1428
f 1428 1440 1441
f 1428 1441 1429
f 1429 1441 1442
f 1429 1442 1430
f 1430 1442 1443
f 1430 1443 1431
f 1431 1443 1444
f 1431 1444 1432
f 1432 1444 1445
f 1432 1445 1433
f 1433 1445 1446
f 1433 1446 1434
f 1434 1446 1447
f 1434 1447 1435
f 1435 1447 1448
f 1435 1448 1436
f 1436 1448 1437
f 1436 1437 1425
f 1437 1449 1450
f 1437 1450 1438
f 1438 1450 1451
f 1438 1451 1439
f 1439 1451 1452
f 1439 1452 1440
f 1440 1452 1453
f 1440 1453 1441
f 1441 1453 1454
f 1441 1454 1442
f 1442 1454 1455
f 1442 1455 1443
f 1443 1455 1456
f 1443 1456 1444
f 1444 1456 1457
f 1444 1457 1445
f 1445 1457 1458
f 1445 1458 1446
f 1446 1458 1459
f 1446 1459 1447
f 1447 1459 1460
f 1447 1460 1448
f 1448 1460 1449
f 1448 1449 1437
f 1449 1461 1462
f 1449 1462 1450
f 1450 1462 1463
f 1450 1463 1451
f 1451 1463 1464
f 1451 1464 1452
f 1452 1464 1465
f 1452 1465 1453
f 1453 1465 1466
f 1453 1466 1454
f 1454 1466 1467
f 1454 1467 1455
f 1455 1467 1468
f 1455 1468 1456
f 1456 1468 1469
f 1456 1469 1457
f 1457 1469 1470
f 1457 1470 1458
f 1458 1470 1471
f 1458 1471 1459
f 1459 1471 1472
f 1459 1472 1460
f 1460 1472 1461
f 1460 1461 1449
f 1461 1473 1474
f 1461 1474 1462
f 1462 1474 1475
f 1462 1475 1463
f 1463 1475 1476
f 1463 1476 1464
f 1464 1476 1477
f 1464 1477 1465
f 1465 1477 1478
f 1465 1478 1466
f 1466 1478 1479
f 1466 1479 1467
f 1467 1479 1480
f 1467 1480 1468
f 1468 1480 1481
f 1468 1481 1469
f 1469 1481 1482
f 1469 1482 1470
f 1470 1482 1483
f 1470 1483 1471
f 1471 1483 1484
f 1471 1484 1472
f 1472 1484 1473
f 1472 1473 1461
f 1473 1485 1486
f 1473 1486 1474
f 1474 1486 1487
f 1474 1487 1475
f 1475 1487 1488
f 1475 1488 1476
f 1476 1488 1489
f 1476 1489 1477
f 1477 1489 1490
f 1477 1490 1478
f 1478 1490 1491
f 1478 1491 1479
f 1479 1491 1492
f 1479 1492 1480
f 1480 1492 1493
f 1480 1493 1481
f 1481 1493 1494
f 1481 1494 1482
f 1482 1494 1495
f 1482 1495 1483
f 1483 1495 1496
f 1483 1496 1484
f 1484 1496 1485
f 1484 1485 1473
f 1485 1497 1498
f 1485 1498 1486
f 1486 1498 1499
f 1486 1499 1487
f 1487 1499 1500
f 1487 1500 1488
f 1488 1500 1501
f 1488 1501 1489
f 1489 1501 1502
f 1489 1502 1490
f 1490 1502 1503
f 1490 1503 1491
f 1491 1503 1504
f 1491 1504 1492
f 1492 1504 1505
f 1492 1505 1493
f 1493 1505 1506
f 1493 1506 1494
f 1494 1506 1507
f 1494 1507 1495
f 1495 1507 1508
f 1495 1508 1496
f 1496 1508 1497
f 1496 1497 1485
f 1497 1509 1510
f 1497 1510 1498
f 1498 1510 1511
f 1498 1511 1499
f 1499 1511 1512
f 1499 1512 1500
f 1500 1512 1513
f 1500 1513 1501
f 1501 1513 1514
f 1501 1514 1502
f 1502 1514 1515
f 1502 1515 1503
f 1503 1515 1516
f 1503 1516 1504
f 1504 1516 1517
f 1504 1517 1505
f 1505 1517 1518
f 1505 1518 1506
f 1506 1518 1519
f 1506 1519 1507
f 1507 1519 1520
f 1507 1520 1508
f 1508 1520 1509
f 1508 1509 1497
f 1509 1521 1522
f 1509 1522 1510
f 1510 1522 1523
f 1510 1523 1511
f 1511 1523 1524
f 1511 1524 1512
f 1512 1524 1525
f 1512 1525 1513
f 1513 1525 1526
f 1513 1526 1514
f 1514 1526 1527
f 1514 1527 1515
f 1515 1527 1528
f 1515 1528 1516
f 1516 1528 1529
f 1516 1529 1517
f 1517 1529 1530
f 1517 1530 1518
f 1518 1530 1531
f 1518 1531 1519
f 1519 1531 1532
f 1519 1532 1520
f 1520 1532 1521
f 1520 1521 1509
f 1521 1533 1534
f 1521 1534 1522
f 1522 1534 1535
f 1522 1535 1523
f 1523 1535 1536
f 1523 1536 1524
f 1524 1536 1537
f 1524 1537 1525
f 1525 1537 1538
f 1525 1538 1526
f 1526 1538 1539
f 1526 1539 1527
f 1527 1539 1540
f 1527 1540 1528
f 1528 1540 1541
f 1528 1541 1529
f 1529 1541 1542
f 1529 1542 1530
f 1530 1542 1543
f 1530 1543 1531
f 1531 1543 1544
f 1531 1544 1532
f 1532 1544 1533
f 1532 1533 1521
f 1533 1545 1546
f 1533 1546 1534
f 1534 1546 1547
f 1534 1547 1535
f 1535 1547 1548
f 1535 1548 1536
f 1536 1548 1549
f 1536 1549 1537
f 1537 1549 1550
f 1537 1550 1538
f 1538 1550 1551
f 1538 1551 1539
f 1539 1551 1552
f 1539 1552 1540
f 1540 1552 1553
f 1540 1553 1541
f 1541 1553 1554
f 1541 1554 1542
f 1542 1554 1555
f 1542 1555 1543
f 1543 1555 1556
f 1543 1556 1544
f 1544 1556 1545
f 1544 1545 1533
f 1545 1557 1558
f 1545 1558 1546
f 1546 1558 1559
f 1546 1559 1547
f 1547 1559 1560
f 1547 1560 1548
f 1548 1560 1561
f 1548 1561 1549
f 1549 1561 1562
f 1549 1562 1550
f 1550 1562 1563
f 1550 1563 1551
f 1551 1563 1564
f 1551 1564 1552
f 1552 1564 1565
f 1552 1565 1553
f 1553 1565 1566
f 1553 1566 1554
f 1554 1566 1567
f 1554 1567 1555
f 1555 1567 1568
f 1555 1568 1556
f 1556 1568 1557
f 1556 1557 1545
f 1557 1569 1570
f 1557 1570 1558
f 1558 1570 1571
f 1558 1571 1559
f 1559 1571 1572
f 1559 1572 1560
f 1560 1572 1573
f 1560 1573 1561
f 1561 1573 1574
f 1561 1574 1562
f 1562 1574 1575
f 1562 1575 1563
f 1563 1575 1576
f 1563 1576 1564
f 1564 1576 1577
f 1564 1577 1565
f 1565 1577 1578
f 1565 1578 1566
f 1566 1578 1579
f 1566 1579 1567
f 1567 1579 1580
f 1567 1580 1568
f 1568 1580 1569
f 1568 1569 1557
f 1569 1581 1582
f 1569 1582 1570
f 1570 1582 1583
f 1570 1583 1571
f 1571 1583 1584
f 1571 1584 1572
f 1572 1584 1585
f 1572 1585 1573
f 1573 1585 1586
f 1573 1586 1574
f 1574 1586 1587
f 1574 1587 1575
f 1575 1587 1588
f 1575 1588 1576
f 1576 1588 1589
f 1576 1589 1577
f 1577 1589 1590
f 1577 1590 1578
f 1578 1590 1591
f 1578 1591 1579
f 1579 1591 1592
f 1579 1592 1580
f 1580 1592 1581
f 1580 1581 1569
f 1581 1593 1594
f 1581 1594 1582
f 1582 1594 1595
f 1582 1595 1583
f 1583 1595 1596
f 1583 1596 1584
f 1584 1596 1597
f 1584 1597 1585
f 1585 1597 1598
f 1585 1598 1586
f 1586 1598 1599
f 1586 1599 1587
f 1587 1599 1600
f 1587 1600 1588
f 1588 1600 1601
f 1588 1601 1589
f 1589 1601 1602
f 1589 1602 1590
f 1590 1602 1603
f 1590 1603 1591
f 1591 1603 1604
f 1591 1604 1592
f 1592 1604 1593
f 1592 1593 1581
f 1593 1605 1606
f 1593 1606 1594
f 1594 1606 1607
f 1594 1607 1595
f 1595 1607 1608
f 1595 1608 1596
f 1596 1608 1609
f 1596 1609 1597
f 1597 1609 1610
f 1597 1610 1598
f 1598 1610 1611
f 1598 1611 1599
f 1599 1611 1612
f 1599 1612 1600
f 1600 1612 1613
f 1600 1613 1601
f 1601 1613 1614
f 1601 1614 1602
f 1602 1614 1615
f 1602 1615 1603
f 1603 1615 1616
f 1603 1616 1604
f 1604 1616 1605
f 1604 1605 1593
f 1605 1617 1618
f 1605 1618 1606
f 1606 1618 1619
f 1606 1619 1607
f 1607 1619 1620
f 1607 1620 1608
f 1608 1620 1621
f 1608 1621 1609
f 1609 1621 1622
f 1609 1622 1610
f 1610 1622 1623
f 1610 1623 1611
f 1611 1623 1624
f 1611 1624 1612
f 1612 1624 1625
f 1612 1625 1613
f 1613 1625 1626
f 1613 1626 1614
f 1614 1626 1627
f 1614 1627 1615
f 1615 1627 1628
f 1615 1628 1616
f 1616 1628 1617
f 1616 1617 1605
f 1617 1629 1630
f 1617 1630 1618
f 1618 1630 1631
f 1618 1631 1619
f 1619 1631 1632
f 1619 1632 1620
f 1620 1632 1633
f 1620 1633 1621
f 1621 1633 1634
f 1621 1634 1622
f 1622 1634 1635
f 1622 1635 1623
f 1623 1635 1636
f 1623 1636 1624
f 1624 1636 1637
f 1624 1637 1625
f 1625 1637 1638
f 1625 1638 1626
f 1626 1638 1639
f 1626 1639 1627
f 1627 1639 1640
f 1627 1640 1628
f 1628 1640 1629
f 1628 1629 1617
f 1629 1641 1642
f 1629 1642 1630
f 1630 1642 1643
f 1630 1643 1631
f 1631 1643 1644
f 1631 1644 1632
f 1632 1644 1645
f 1632 1645 1633
f 1633 1645 1646
f 1633 1646 1634
f 1634 1646 1647
f 1634 1647 1635
f 1635 1647 1648
f 1635 1648 1636
f 1636 1648 1649
f 1636 1649 1637
f 1637 1649 1650
f 1637 1650 1638
f 1638 1650 1651
f 1638 1651 1639
f 1639 1651 1652
f 1639 1652 1640
f 1640 1652 1641
f 1640 1641 1629
f 1641 1653 1654
f 1641 1654 1642
f 1642 1654 1655
f 1642 1655 1643
f 1643 1655 1656
f 1643 1656 1644
f 1644 1656 1657
f 1644 1657 1645
f 1645 1657 1658
f 1645 1658 1646
f 1646 1658 1659
f 1646 1659 1647
f 1647 1659 1660
f 1647 1660 1648
f 1648 1660 1661
f 1648 1661 1649
f 1649 1661 1662
f 1649 1662 1650
f 1650 1662 1663
f 1650 1663 1651
f 1651 1663 1664
f 1651 1664 1652
f 1652 1664 1653
f 1652 1653 1641
f 1653 1665 1666
f 1653 1666 1654
f 1654 1666 1667
f 1654 1667 1655
f 1655 1667 1668
f 1655 1668 1656
f 1656 1668 1669
f 1656 1669 1657
f 1657 1669 1670
f 1657 1670 1658
f 1658 1670 1671
f 1658 1671 1659
f 1659 1671 1672
f 1659 1672 1660
f 1660 1672 1673
f 1660 1673 1661
f 1661 1673 1674
f 1661 1674 1662
f 1662 1674 1675
f 1662 1675 1663
f 1663 1675 1676
f 1663 1676 1664
f 1664 1676 1665
f 1664 1665 1653
f 1665 1677 1678
f 1665 1678 1666
f 1666 1678 1679
f 1666 1679 1667
f 1667 1679 1680
f 1667 1680 1668
f 1668 1680 1681
f 1668 1681 1669
f 1669 1681 1682
f 1669 1682 1670
f 1670 1682 1683
f 1670 1683 1671
f 1671 1683 1684
f 1671 1684 1672
f 1672 1684 1685
f 1672 1685 1673
f 1673 1685 1686
f 1673 1686 1674
f 1674 1686 1687
f 1674 1687 1675
f 1675 1687 1688
f 1675 1688 1676
f 1676 1688 1677
f 1676 1677 1665
f 1677 1689 1690
f 1677 1690 1678
f 1678 1690 1691
f 1678 1691 1679
f 1679 1691 1692
f 1679 1692 1680
f 1680 1692 1693
f 1680 1693 1681
f 1681 1693 1694
f 1681 1694 1682
f 1682 1694 1695
f 1682 1695 1683
f 1683 1695 1696
f 1683 1696 1684
f 1684 1696 1697
f 1684 1697 1685
f 1685 1697 1698
f 1685 1698 1686
f 1686 1698 1699
f 1686 1699 1687
f 1687 1699 1700
f 1687 1700 1688
f 1688 1700 1689
f 1688 1689 1677
f 1689 1701 1702
f 1689 1702 1690
f 1690 1702 1703
f 1690 1703 1691
f 1691 1703 1704
f 1691 1704 1692
f 1692 1704 1705
f 1692 1705 1693
f 1693 1705 1706
f 1693 1706 1694
f 1694 1706 1707
f 1694 1707 1695
f 1695 1707 1708
f 1695 1708 1696
f 1696 1708 1709
f 1696 1709 1697
f 1697 1709 1710
f 1697 1710 1698
f 1698 1710 1711
f 1698 1711 1699
f 1699 1711 1712
f 1699 1712 1700
f 1700 1712 1701
f 1700 1701 1689
f 1701 1713 1714
f 1701 1714 1702
f 1702 1714 1715
f 1702 1715 1703
f 1703 1715 1716
f 1703 1716 1704
f 1704 1716 1717
f 1704 1717 1705
f 1705 1717 1718
f 1705 1718 1706
f 1706 1718 1719
f 1706 1719 1707
f 1707 1719 1720
f 1707 1720 1708
f 1708 1720 1721
f 1708 1721 1709
f 1709 1721 1722
f 1709 1722 1710
f 1710 1722 1723
f 1710 1723 1711
f 1711 1723 1724
f 1711 1724 1712
f 1712 1724 1713
f 1712 1713 1701
f 1713 1725 1726
f 1713 1726 1714
f 1714 1726 1727
f 1714 1727 1715
f 1715 1727 1728
f 1715 1728 1716
f 1716 1728 1729
f 1716 1729 1717
f 1717 1729 1730
f 1717 1730 1718
f 1718 1730 1731
f 1718 1731 1719
f 1719 1731 1732
f 1719 1732 1720
f 1720 1732 1733
f 1720 1733 1721
f 1721 1733 1734
f 1721 1734 1722
f 1722 1734 1735
f 1722 1735 1723
f 1723 1735 1736
f 1723 1736 1724
f 1724 1736 1725
f 1724 1725 1713
f 1725 1737 1738
f 1725 1738 1726
f 1726 1738 1739
f 1726 1739 1727
f 1727 1739 1740
f 1727 1740 1728
f 1728 1740 1741
f 1728 1741 1729
f 1729 1741 1742
f 1729 1742 1730
f 1730 1742 1743
f 1730 1743 1731
f 1731 1743 1744
f 1731 1744 1732
f 1732 1744 1745
f 1732 1745 1733
f 1733 1745 1746
f 1733 1746 1734
f 1734 1746 1747
f 1734 1747 1735
f 1735 1747 1748
f 1735 1748 1736
f 1736 1748 1737
f 1736 1737 1725
f 1737 1749 1750
f 1737 1750 1738
f 1738 1750 1751
f 1738 1751 1739
f 1739 1751 1752
f 1739 1752 1740
f 1740 1752 1753
f 1740 1753 1741
f 1741 1753 1754
f 1741 1754 1742
f 1742 1754 1755
f 1742 1755 1743
f 1743 1755 1756
f 1743 1756 1744
f 1744 1756 1757
f 1744 1757 1745
f 1745 1757 1758
f 1745 1758 1746
f 1746 1758 1759
f 1746 1759 1747
f 1747 1759 1760
f 1747 1760 1748
f 1748 1760 1749
f 1748 1749 1737
f 1749 1761 1762
f 1749 1762 1750
f 1750 1762 1763
f 1750 1763 1751
f 1751 1763 1764
f 1751 1764 1752
f 1752 1764 1765
f 1752 1765 1753
f 1753 1765 1766
f 1753 1766 1754
f 1754 1766 1767
f 1754 1767 1755
f 1755 1767 1768
f 1755 1768 1756
f 1756 1768 1769
f 1756 1769 1757
f 1757 1769 1770
f 1757 1770 1758
f 1758 1770 1771
f 1758 1771 1759
f 1759 1771 1772
f 1759 1772 1760
f 1760 1772 1761
f 1760 1761 1749
f 1761 1773 1774
f 1761 1774 1762
f 1762 1774 1775
f 1762 1775 1763
f 1763 1775 1776
f 1763 1776 1764
f 1764 1776 1777
f 1764 1777 1765
f 1765 1777 1778
f 1765 1778 1766
f 1766 1778 1779
f 1766 1779 1767
f 1767 1779 1780
f 1767 1780 1768
f 1768 1780 1781
f 1768 1781 1769
f 1769 1781 1782
f 1769 1782 1770
f 1770 1782 1783
f 1770 1783 1771
f 1771 1783 1784
f 1771 1784 1772
f 1772 1784 1773
f 1772 1773 1761
f 1773 1785 1786
f 1773 1786 1774
f 1774 1786 1787
f 1774 1787 1775
f 1775 1787 1788
f 1775 1788 1776
f 1776 1788 1789
f 1776 1789 1777
f 1777 1789 1790
f 1777 1790 1778
f 1778 1790 1791
f 1778 1791 1779
f 1779 1791 1792
f 1779 1792 1780
f 1780 1792 1793
f 1780 1793 1781
f 1781 1793 1794
f 1781 1794 1782
f 1782 1794 1795
f 1782 1795 1783
f 1783 1795 1796
f 1783 1796 1784
f 1784 1796 1785
f 1784 1785 1773
f 1785 1797 1798
f 1785 1798 1786
f 1786 1798 1799
f 1786 1799 1787
f 1787 1799 1800
f 1787 1800 1788
f 1788 1800 1801
f 1788 1801 1789
f 1789 1801 1802
f 1789 1802 1790
f 1790 1802 1803
f 1790 1803 1791
f 1791 1803 1804
f 1791 1804 1792
f 1792 1804 1805
f 1792 1805 1793
f 1793 1805 1806
f 1793 1806 1794
f 1794 1806 1807
f 1794 1807 1795
f 1795 1807 1808
f 1795 1808 1796
f 1796 1808 1797
f 1796 1797 1785
f 1797 1809 1810
f 1797 1810 1798
f 1798 1810 1811
f 1798 1811 1799
f 1799 1811 1812
f 1799 1812 1800
f 1800 1812 1813
f 1800 1813 1801
f 1801 1813 1814
f 1801 1814 1802
f 1802 1814 1815
f 1802 1815 1803
f 1803 1815 1816
f 1803 1816 1804
f 1804 1816 1817
f 1804 1817 1805
f 1805 1817 1818
f 1805 1818 1806
f 1806 1818 1819
f 1806 1819 1807
f 1807 1819 1820
f 1807 1820 1808
f 1808 1820 1809
f 1808 1809 1797
f 1809 1821 1822
f 1809 1822 1810
f 1810 1822 1823
f 1810 1823 1811
f 1811 1823 1824
f 1811 1824 1812
f 1812 1824 1825
f 1812 1825 1813
f 1813 1825 1826
f 1813 1826 1814
f 1814 1826 1827
f 1814 1827 1815
f 1815 1827 1828
f 1815 1828 1816
f 1816 1828 1829
f 1816 1829 1817
f 1817 1829 1830
f 1817 1830 1818
f 1818 1830 1831
f 1818 1831 1819
f 1819 1831 1832
f 1819 1832 1820
f 1820 1832 1821
f 1820 1821 1809
f 1821 1833 1834
f 1821 1834 1822
f 1822 1834 1835
f 1822 1835 1823
f 1823 1835 1836
f 1823 1836 1824
f 1824 1836 1837
f 1824 1837 1825
f 1825 1837 1838
f 1825 1838 1826
f 1826 1838 1839
f 1826 1839 1827
f 1827 1839 1840
f 1827 1840 1828
f 1828 1840 1841
f 1828 1841 1829
f 1829 1841 1842
f 1829 1842 1830
f 1830 1842 1843
f 1830 1843 1831
f 1831 1843 1844
f 1831 1844 1832
f 1832 1844 1833
f 1832 1833 1821
f 1833 1845 1846
f 1833 1846 1834
f 1834 1846 1847
f 1834 1847 1835
f 1835 1847 1848
f 1835 1848 1836
f 1836 1848 1849
f 1836 1849 1837
f 1837 1849 1850
f 1837 1850 1838
f 1838 1850 1851
f 1838 1851 1839
f 1839 1851 1852
f 1839 1852 1840
f 1840 1852 1853
f 1840 1853 1841
f 1841 1853 1854
f 1841 1854 1842
f 1842 1854 1855
f 1842 1855 1843
f 1843 1855 1856
f 1843 1856 1844
f 1844 1856 1845
f 1844 1845 1833
f 1845 1857 1858
f 1845 1858 1846
f 1846 1858 1859
f 1846 1859 1847
f 1847 1859 1860
f 1847 1860 1848
f 1848 1860 1861
f 1848 1861 1849
f 1849 1861 1862
f 1849 1862 1850
f 1850 1862 1863
f 1850 1863 1851
f 1851 1863 1864
f 1851 1864 1852
f 1852 1864 1865
f 1852 1865 1853
f 1853 1865 1866
f 1853 1866 1854
f 1854 1866 1867
f 1854 1867 1855
f 1855 1867 1868
f 1855 1868 1856
f 1856 1868 1857
f 1856 1857 1845
f 1857 1869 1870
f 1857 1870 1858
f 1858 1870 1871
f 1858 1871 1859
f 1859 1871 1872
f 1859 1872 1860
f 1860 1872 1873
f 1860 1873 1861
f 1861 1873 1874
f 1861 1874 1862
f 1862 1874 1875
f 1862 1875 1863
f 1863 1875 1876
f 1863 1876 1864
f 1864 1876 1877
f 1864 1877 1865
f 1865 1877 1878
f 1865 1878 1866
f 1866 1878 1879
f 1866 1879 1867
f 1867 1879 1880
f 1867 1880 1868
f 1868 1880 1869
f 1868 1869 1857
f 1869 1881 1882
f 1869 1882 1870
f 1870 1882 1883
f 1870 1883 1871
f 1871 1883 1884
f 1871 1884 1872
f 1872 1884 1885
f 1872 1885 1873
f 1873 1885 1886
f 1873 1886 1874
f 1874 1886 1887
f 1874 1887 1875
f 1875 1887 1888
f 1875 1888 1876
f 1876 1888 1889
f 1876 1889 1877
f 1877 1889 1890
f 1877 1890 1878
f 1878 1890 1891
f 1878 1891 1879
f 1879 1891 1892
f 1879 1892 1880
f 1880 1892 1881
f 1880 1881 1869
f 1881 1893 1894
f 1881 1894 1882
f 1882 1894 1895
f 1882 1895 1883
f 1883 1895 1896
f 1883 1896 1884
f 1884 1896 1897
f 1884 1897 1885
f 1885 1897 1898
f 1885 1898 1886
f 1886 1898 1899
f 1886 1899 1887
f 1887 1899 1900
f 1887 1900 1888
f 1888 1900 1901
f 1888 1901 1889
f 1889 1901 1902
f 1889 1902 1890
f 1890 1902 1903
f 1890 1903 1891
f 1891 1903 1904
f 1891 1904 1892
f 1892 1904 1893
f 1892 1893 1881
f 1893 1905 1906
f 1893 1906 1894
f 1894 1906 1907
f 1894 1907 1895
f 1895 1907 1908
f 1895 1908 1896
f 1896 1908 1909
f 1896 1909 1897
f 1897 1909 1910
f 1897 1910 1898
f 1898 1910 1911
f 1898 1911 1899
f 1899 1911 1912
f 1899 1912 1900
f 1900 1912 1913
f 1900 1913 1901
f 1901 1913 1914
f 1901 1914 1902
f 1902 1914 1915
f 1902 1915 1903
f 1903 1915 1916
f 1903 1916 1904
f 1904 1916 1905
f 1904 1905 1893
f 1905 1917 1918
f 1905 1918 1906
f 1906 1918 1919
f 1906 1919 1907
f 1907 1919 1920
f 1907 1920 1908
f 1908 1920 1921
f 1908 1921 1909
f 1909 1921 1922
f 1909 1922 1910
f 1910 1922 1923
f 1910 1923 1911
f 1911 1923 1924
f 1911 1924 1912
f 1912 1924 1925
f 1912 1925 1913
f 1913 1925 1926
f 1913 1926 1914
f 1914 1926 1927
f 1914 1927 1915
f 1915 1927 1928
f 1915 1928 1916
f 1916 1928 1917
f 1916 1917 1905
f 1917 1929 1930
f 1917 1930 1918
f 1918 1930 1931
f 1918 1931 1919
f 1919 1931 1932
f 1919 1932 1920
f 1920 1932 1933
f 1920 1933 1921
f 1921 1933 1934
f 1921 1934 1922
f 1922 1934 1935
f 1922 1935 1923
f 1923 1935 1936
f 1923 1936 1924
f 1924 1936 1937
f 1924 1937 1925
f 1925 1937 1938
f 1925 1938 1926
f 1926 1938 1939
f 1926 1939 1927
f 1927 1939 1940
f 1927 1940 1928
f 1928 1940 1929
f 1928 1929 1917
f 1929 1941 1942
f 1929 1942 1930
f 1930 1942 1943
f 1930 1943 1931
f 1931 1943 1944
f 1931 1944 1932
f 1932 1944 1945
f 1932 1945 1933
f 1933 1945 1946
f 1933 1946 1934
f 1934 1946 1947
f 1934 1947 1935
f 1935 1947 1948
f 1935 1948 1936
f 1936 1948 1949
f 1936 1949 1937
f 1937 1949 1950
f 1937 1950 1938
f 1938 1950 1951
f 1938 1951 1939
f 1939 1951 1952
f 1939 1952 1940
f 1940 1952 1941
f 1940 1941 1929
f 1941 1953 1954
f 1941 1954 1942
f 1942 1954 1955
f 1942 1955 1943
f 1943 1955 1956
f 1943 1956 1944
f 1944 1956 1957
f 1944 1957 1945
f 1945 1957 1958
f 1945 1958 1946
f 1946 1958 1959
f 1946 1959 1947
f 1947 1959 1960
f 1947 1960 1948
f 1948 1960 1961
f 1948 1961 1949
f 1949 1961 1962
f 1949 1962 1950
f 1950 1962 1963
f 1950 1963 1951
f 1951 1963 1964
f 1951 1964 1952
f 1952 1964 1953
f 1952 1953 1941
f 1953 1965 1966
f 1953 1966 1954
f 1954 1966 1967
f 1954 1967 1955
f 1955 1967 1968
f 1955 1968 1956
f 1956 1968 1969
f 1956 1969 1957
f 1957 1969 1970
f 1957 1970 1958
f 1958 1970 1971
f 1958 1971 1959
f 1959 1971 1972
f 1959 1972 1960
f 1960 1972 1973
f 1960 1973 1961
f 1961 1973 1974
f 1961 1974 1962
f 1962 1974 1975
f 1962 1975 1963
f 1963 1975 1976
f 1963 1976 1964
f 1964 1976 1965
f 1964 1965 1953
f 1965 1977 1978
f 1965 1978 1966
f 1966 1978 1979
f 1966 1979 1967
f 1967 1979 1980
f 1967 1980 1968
f 1968 1980 1981
f 1968 1981 1969
f 1969 1981 1982
f 1969 1982 1970
f 1970 1982 1983
f 1970 1983 1971
f 1971 1983 1984
f 1971 1984 1972
f 1972 1984 1985
f 1972 1985 1973
f 1973 1985 1986
f 1973 1986 1974
f 1974 1986 1987
f 1974 1987 1975
f 1975 1987 1988
f 1975 1988 1976
f 1976 1988 1977
f 1976 1977 1965
f 1977 1989 1990
f 1977 1990 1978
f 1978 1990 1991
f 1978 1991 1979
f 1979 1991 1992
f 1979 1992 1980
f 1980 1992 1993
f 1980 1993 1981
f 1981 1993 1994
f 1981 1994 1982
f 1982 1994 1995
f 1982 1995 1983
f 1983 1995 1996
f 1983 1996 1984
f 1984 1996 1997
f 1984 1997 1985
f 1985 1997 1998
f 1985 1998 1986
f 1986 1998 1999
f 1986 1999 1987
f 1987 1999 2000
f 1987 2000 1988
f 1988 2000 1989
f 1988 1989 1977
f 1989 2001 2002
f 1989 2002 1990
f 1990 2002 2003
f 1990 2003 1991
f 1991 2003 2004
f 1991 2004 1992
f 1992 2004 2005
f 1992 2005 1993
f 1993 2005 2006
f 1993 2006 1994
f 1994 2006 2007
f 1994 2007 1995
f 1995 2007 2008
f 1995 2008 1996
f 1996 2008 2009
f 1996 2009 1997
f 1997 2009 2010
f 1997 2010 1998
f 1998 2010 2011
f 1998 2011 1999
f 1999 2011 2012
f 1999 2012 2000
f 2000 2012 2001
f 2000 2001 1989
f 2001 2013 2014
f 2001 2014 2002
f 2002 2014 2015
f 2002 2015 2003
f 2003 2015 2016
f 2003 2016 2004
f 2004 2016 2017
f 2004 2017 2005
f 2005 2017 2018
f 2005 2018 2006
f 2006 2018 2019
f 2006 2019 2007
f 2007 2019 2020
f 2007 2020 2008
f 2008 2020 2021
f 2008 2021 2009
f 2009 2021 2022
f 2009 2022 2010
f 2010 2022 2023
f 2010 2023 2011
f 2011 2023 2024
f 2011 2024 2012
f 2012 2024 2013
f 2012 2013 2001
f 2013 2025 2026
f 2013 2026 2014
f 2014 2026 2027
f 2014 2027 2015
f 2015 2027 2028
f 2015 2028 2016
f 2016 2028 2029
f 2016 2029 2017
f 2017 2029 2030
f 2017 2030 2018
f 2018 2030 2031
f 2018 2031 2019
f 2019 2031 2032
f 2019 2032 2020
f 2020 2032 2033
f 2020 2033 2021
f 2021 2033 2034
f 2021 2034 2022
f 2022 2034 2035
f 2022 2035 2023
f 2023 2035 2036
f 2023 2036 2024
f 2024 2036 2025
f 2024 2025 2013
f 2025 2037 2038
f 2025 2038 2026
f 2026 2038 2039
f 2026 2039 2027
f 2027 2039 2040
f 2027 2040 2028
f 2028 2040 2041
f 2028 2041 2029
f 2029 2041 2042
f 2029 2042 2030
f 2030 2042 2043
f 2030 2043 2031
f 2031 2043 2044
f 2031 2044 2032
f 2032 2044 2045
f 2032 2045 2033
f 2033 2045 2046
f 2033 2046 2034
f 2034 2046 2047
f 2034 2047 2035
f 2035 2047 2048
f 2035 2048 2036
f 2036 2048 2037
f 2036 2037 2025
f 2037 2049 2050
f 2037 2050 2038
f 2038 2050 2051
f 2038 2051 2039
f 2039 2051 2052
f 2039 2052 2040
f 2040 2052 2053
f 2040 2053 2041
f 2041 2053 2054
f 2041 2054 2042
f 2042 2054 2055
f 2042 2055 2043
f 2043 2055 2056
f 2043 2056 2044
f 2044 2056 2057
f 2044 2057 2045
f 2045 2057 2058
f 2045 2058 2046
f 2046 2058 2059
f 2046 2059 2047
f 2047 2059 2060
f 2047 2060 2048
f 2048 2060 2049
f 2048 2049 2037
f 2049 2061 2062
f 2049 2062 2050
f 2050 2062 2063
f 2050 2063 2051
f 2051 2063 2064
f 2051 2064 2052
f 2052 2064 2065
f 2052 2065 2053
f 2053 2065 2066
f 2053 2066 2054
f 2054 2066 2067
f 2054 2067 2055
f 2055 2067 2068
f 2055 2068 2056
f 2056 2068 2069
f 2056 2069 2057
f 2057 2069 2070
f 2057 2070 2058
f 2058 2070 2071
f 2058 2071 2059
f 2059 2071 2072
f 2059 2072 2060
f 2060 2072 2061
f 2060 2061 2049
f 2061 2073 2074
f 2061 2074 2062
f 2062 2074 2075
f 2062 2075 2063
f 2063 2075 2076
f 2063 2076 2064
f 2064 2076 2077
f 2064 2077 2065
f 2065 2077 2078
f 2065 2078 2066
f 2066 2078 2079
f 2066 2079 2067
f 2067 2079 2080
f 2067 2080 2068
f 2068 2080 2081
f 2068 2081 2069
f 2069 2081 2082
f 2069 2082 2070
f 2070 2082 2083
f 2070 2083 2071
f 2071 2083 2084
f 2071 2084 2072
f 2072 2084 2073
f 2072 2073 2061
f 2073 2085 2086
f 2073 2086 2074
f 2074 2086 2087
f 2074 2087 2075
f 2075 2087 2088
f 2075 2088 2076
f 2076 2088 2089
f 2076 2089 2077
f 2077 2089 2090
f 2077 2090 2078
f 2078 2090 2091
f 2078 2091 2079
f 2079 2091 2092
f 2079 2092 2080
f 2080 2092 2093
f 2080 2093 2081
f 2081 2093 2094
f 2081 2094 2082
f 2082 2094 2095
f 2082 2095 2083
f 2083 2095 2096
f 2083 2096 2084
f 2084 2096 2085
f 2084 2085 2073
f 2085 2097 2098
f 2085 2098 2086
f 2086 2098 2099
f 2086 2099 2087
f 2087 2099 2100
f 2087 2100 2088
f 2088 2100 2101
f 2088 2101 2089
f 2089 2101 2102
f 2089 2102 2090
f 2090 2102 2103
f 2090 2103 2091
f 2091 2103 2104
f 2091 2104 2092
f 2092 2104 2105
f 2092 2105 2093
f 2093 2105 2106
f 2093 2106 2094
f 2094 2106 2107
f 2094 2107 2095
f 2095 2107 2108
f 2095 2108 2096
f 2096 2108 2097
f 2096 2097 2085
f 2097 2109 2110
f 2097 2110 2098
f 2098 2110 2111
f 2098 2111 2099
f 2099 2111 2112
f 2099 2112 2100
f 2100 2112 2113
f 2100 2113 2101
f 2101 2113 2114
f 2101 2114 2102
f 2102 2114 2115
f 2102 2115 2103
f 2103 2115 2116
f 2103 2116 2104
f 2104 2116 2117
f 2104 2117 2105
f 2105 2117 2118
f 2105 2118 2106
f 2106 2118 2119
f 2106 2119 2107
f 2107 2119 2120
f 2107 2120 2108
f 2108 2120 2109
f 2108 2109 2097
f 2109 2121 2122
f 2109 2122 2110
f 2110 2122 2123
f 2110 2123 2111
f 2111 2123 2124
f 2111 2124 2112
f 2112 2124 2125
f 2112 2125 2113
f 2113 2125 2126
f 2113 2126 2114
f 2114 2126 2127
f 2114 2127 2115
f 2115 2127 2128
f 2115 2128 2116
f 2116 2128 2129
f 2116 2129 2117
f 2117 2129 2130
f 2117 2130 2118
f 2118 2130 2131
f 2118 2131 2119
f 2119 2131 2132
f 2119 2132 2120
f 2120 2132 2121
f 2120 2121 2109
f 2121 2133 2134
f 2121 2134 2122
f 2122 2134 2135
f 2122 2135 2123
f 2123 2135 2136
f 2123 2136 2124
f 2124 2136 2137
f 2124 2137 2125
f 2125 2137 2138
f 2125 2138 2126
f 2126 2138 2139
f 2126 2139 2127
f 2127 2139 2140
f 2127 2140 2128
f 2128 2140 2141
f 2128 2141 2129
f 2129 2141 2142
f 2129 2142 2130
f 2130 2142 2143
f 2130 2143 2131
f 2131 2143 2144
f 2131 2144 2132
f 2132 2144 2133
f 2132 2133 2121
f 2133 2145 2146
f 2133 2146 2134
f 2134 2146 2147
f 2134 2147 2135
f 2135 2147 2148
f 2135 2148 2136
f 2136 2148 2149
f 2136 2149 2137
f 2137 2149 2150
f 2137 2150 2138
f 2138 2150 2151
f 2138 2151 2139
f 2139 2151 2152
f 2139 2152 2140
f 2140 2152 2153
f 2140 2153 2141
f 2141 2153 2154
f 2141 2154 2142
f 2142 2154 2155
f 2142 2155 2143
f 2143 2155 2156
f 2143 2156 2144
f 2144 2156 2145
f 2144 2145 2133
f 2145 2157 2158
f 2145 2158 2146
f 2146 2158 2159
f 2146 2159 2147
f 2147 2159 2160
f 2147 2160 2148
f 2148 2160 2161
f 2148 2161 2149
f 2149 2161 2162
f 2149 2162 2150
f 2150 2162 2163
f 2150 2163 2151
f 2151 2163 2164
f 2151 2164 2152
f 2152 2164 2165
f 2152 2165 2153
f 2153 2165 2166
f 2153 2166 2154
f 2154 2166 2167
f 2154 2167 2155
f 2155 2167 2168
f 2155 2168 2156
f 2156 2168 2157
f 2156 2157 2145
f 2157 2169 2170
f 2157 2170 2158
f 2158 2170 2171
f 2158 2171 2159
f 2159 2171 2172
f 2159 2172 2160
f 2160 2172 2173
f 2160 2173 2161
f 2161 2173 2174
f 2161 2174 2162
f 2162 2174 2175
f 2162 2175 2163
f 2163 2175 2176
f 2163 2176 2164
f 2164 2176 2177
f 2164 2177 2165
f 2165 2177 2178
f 2165 2178 2166
f 2166 2178 2179
f 2166 2179 2167
f 2167 2179 2180
f 2167 2180 2168
f 2168 2180 2169
f 2168 2169 2157
f 2169 2181 2182
f 2169 2182 2170
f 2170 2182 2183
f 2170 2183 2171
f 2171 2183 2184
f 2171 2184 2172
f 2172 2184 2185
f 2172 2185 2173
f 2173 2185 2186
f 2173 2186 2174
f 2174 2186 2187
f 2174 2187 2175
f 2175 2187 2188
f 2175 2188 2176
f 2176 2188 2189
f 2176 2189 2177
f 2177 2189 2190
f 2177 2190 2178
f 2178 2190 2191
f 2178 2191 2179
f 2179 2191 2192
f 2179 2192 2180
f 2180 2192 2181
f 2180 2181 2169
f 2181 2193 2194
f 2181 2194 2182
f 2182 2194 2195
f 2182 2195 2183
f 2183 2195 2196
f 2183 2196 2184
f 2184 2196 2197
f 2184 2197 2185
f 2185 2197 2198
f 2185 2198 2186
f 2186 2198 2199
f 2186 2199 2187
f 2187 2199 2200
f 2187 2200 2188
f 2188 2200 2201
f 2188 2201 2189
f 2189 2201 2202
f 2189 2202 2190
f 2190 2202 2203
f 2190 2203 2191
f 2191 2203 2204
f 2191 2204 2192
f 2192 2204 2193
f 2192 2193 2181
f 2193 2205 2206
f 2193 2206 2194
f 2194 2206 2207
f 2194 2207 2195
f 2195 2207 2208
f 2195 2208 2196
f 2196 2208 2209
f 2196 2209 2197
f 2197 2209 2210
f 2197 2210 2198
f 2198 2210 2211
f 2198 2211 2199
f 2199 2211 2212
f 2199 2212 2200
f 2200 2212 2213
f 2200 2213 2201
f 2201 2213 2214
f 2201 2214 2202
f 2202 2214 2215
f 2202 2215 2203
f 2203 2215 2216
f 2203 2216 2204
f 2204 2216 2205
f 2204 2205 2193
f 2205 2217 2218
f 2205 2218 2206
f 2206 2218 2219
f 2206 2219 2207
f 2207 2219 2220
f 2207 2220 2208
f 2208 2220 2221
f 2208 2221 2209
f 2209 2221 2222
f 2209 2222 2210
f 2210 2222 2223
f 2210 2223 2211
f 2211 2223 2224
f 2211 2224 2212
f 2212 2224 2225
f 2212 2225 2213
f 2213 2225 2226
f 2213 2226 2214
f 2214 2226 2227
f 2214 2227 2215
f 2215 2227 2228
f 2215 2228 2216
f 2216 2228 2217
f 2216 2217 2205
f 2217 2229 2230
f 2217 2230 2218
f 2218 2230 2231
f 2218 2231 2219
f 2219 2231 2232
f 2219 2232 2220
f 2220 2232 2233
f 2220 2233 2221
f 2221 2233 2234
f 2221 2234 2222
f 2222 2234 2235
f 2222 2235 2223
f 2223 2235 2236
f 2223 2236 2224
f 2224 2236 2237
f 2224 2237 2225
f 2225 2237 2238
f 2225 2238 2226
f 2226 2238 2239
f 2226 2239 2227
f 2227 2239 2240
f 2227 2240 2228
f 2228 2240 2229
f 2228 2229 2217
f 2229 2241 2242
f 2229 2242 2230
f 2230 2242 2243
f 2230 2243 2231
f 2231 2243 2244
f 2231 2244 2232
f 2232 2244 2245
f 2232 2245 2233
f 2233 2245 2246
f 2233 2246 2234
f 2234 2246 2247
f 2234 2247 2235
f 2235 2247 2248
f 2235 2248 2236
f 2236 2248 2249
f 2236 2249 2237
f 2237 2249 2250
f 2237 2250 2238
f 2238 2250 2251
f 2238 2251 2239
f 2239 2251 2252
f 2239 2252 2240
f 2240 2252 2241
f 2240 2241 2229
f 2241 2253 2254
f 2241 2254 2242
f 2242 2254 2255
f 2242 2255 2243
f 2243 2255 2256
f 2243 2256 2244
f 2244 2256 2257
f 2244 2257 2245
f 2245 2257 2258
f 2245 2258 2246
f 2246 2258 2259
f 2246 2259 2247
f 2247 2259 2260
f 2247 2260 2248
f 2248 2260 2261
f 2248 2261 2249
f 2249 2261 2262
f 2249 2262 2250
f 2250 2262 2263
f 2250 2263 2251
f 2251 2263 2264
f 2251 2264 2252
f 2252 2264 2253
f 2252 2253 2241
f 2253 2265 2266
f 2253 2266 2254
f 2254 2266 2267
f 2254 2267 2255
f 2255 2267 2268
f 2255 2268 2256
f 2256 2268 2269
f 2256 2269 2257
f 2257 2269 2270
f 2257 2270 2258
f 2258 2270 2271
f 2258 2271 2259
f 2259 2271 2272
f 2259 2272 2260
f 2260 2272 2273
f 2260 2273 2261
f 2261 2273 2274
f 2261 2274 2262
f 2262 2274 2275
f 2262 2275 2263
f 2263 2275 2276
f 2263 2276 2264
f 2264 2276 2265
f 2264 2265 2253
f 2265 2277 2278
f 2265 2278 2266
f 2266 2278 2279
f 2266 2279 2267
f 2267 2279 2280
f 2267 2280 2268
f 2268 2280 2281
f 2268 2281 2269
f 2269 2281 2282
f 2269 2282 2270
f 2270 2282 2283
f 2270 2283 2271
f 2271 2283 2284
f 2271 2284 2272
f 2272 2284 2285
f 2272 2285 2273
f 2273 2285 2286
f 2273 2286 2274
f 2274 2286 2287
f 2274 2287 2275
f 2275 2287 2288
f 2275 2288 2276
f 2276 2288 2277
f 2276 2277 2265
f 2277 2289 2290
f 2277 2290 2278
f 2278 2290 2291
f 2278 2291 2279
f 2279 2291 2292
f 2279 2292 2280
f 2280 2292 2293
f 2280 2293 2281
f 2281 2293 2294
f 2281 2294 2282
f 2282 2294 2295
f 2282 2295 2283
f 2283 2295 2296
f 2283 2296 2284
f 2284 2296 2297
f 2284 2297 2285
f 2285 2297 2298
f 2285 2298 2286
f 2286 2298 2299
f 2286 2299 2287
f 2287 2299 2300
f 2287 2300 2288
f 2288 2300 2289
f 2288 2289 2277
f 2289 2301 2302
f 2289 2302 2290
f 2290 2302 2303
f 2290 2303 2291
f 2291 2303 2304
f 2291 2304 2292
f 2292 2304 2305
f 2292 2305 2293
f 2293 2305 2306
f 2293 2306 2294
f 2294 2306 2307
f 2294 2307 2295
f 2295 2307 2308
f 2295 2308 2296
f 2296 2308 2309
f 2296 2309 2297
f 2297 2309 2310
f 2297 2310 2298
f 2298 2310 2311
f 2298 2311 2299
f 2299 2311 2312
f 2299 2312 2300
f 2300 2312 2301
f 2300 2301 2289
f 2301 2313 2314
f 2301 2314 2302
f 2302 2314 2315
f 2302 2315 2303
f 2303 2315 2316
f 2303 2316 2304
f 2304 2316 2317
f 2304 2317 2305
f 2305 2317 2318
f 2305 2318 2306
f 2306 2318 2319
f 2306 2319 2307
f 2307 2319 2320
f 2307 2320 2308
f 2308 2320 2321
f 2308 2321 2309
f 2309 2321 2322
f 2309 2322 2310
f 2310 2322 2323
f 2310 2323 2311
f 2311 2323 2324
f 2311 2324 2312
f 2312 2324 2313
f 2312 2313 2301
f 2313 2325 2326
f 2313 2326 2314
f 2314 2326 2327
f 2314 2327 2315
f 2315 2327 2328
f 2315 2328 2316
f 2316 2328 2329
f 2316 2329 2317
f 2317 2329 2330
f 2317 2330 2318
f 2318 2330 2331
f 2318 2331 2319
f 2319 2331 2332
f 2319 2332 2320
f 2320 2332 2333
f 2320 2333 2321
f 2321 2333 2334
f 2321 2334 2322
f 2322 2334 2335
f 2322 2335 2323
f 2323 2335 2336
f 2323 2336 2324
f 2324 2336 2325
f 2324 2325 2313
f 2325 2337 2338
f 2325 2338 2326
f 2326 2338 2339
f 2326 2339 2327
f 2327 2339 2340
f 2327 2340 2328
f 2328 2340 2341
f 2328 2341 2329
f 2329 2341 2342
f 2329 2342 2330
f 2330 2342 2343
f 2330 2343 2331
f 2331 2343 2344
f 2331 2344 2332
f 2332 2344 2345
f 2332 2345 2333
f 2333 2345 2346
f 2333 2346 2334
f 2334 2346 2347
f 2334 2347 2335
f 2335 2347 2348
f 2335 2348 2336
f 2336 2348 2337
f 2336 2337 2325
f 2337 2349 2350
f 2337 2350 2338
f 2338 2350 2351
f 2338 2351 2339
f 2339 2351 2352
f 2339 2352 2340
f 2340 2352 2353
f 2340 2353 2341
f 2341 2353 2354
f 2341 2354 2342
f 2342 2354 2355
f 2342 2355 2343
f 2343 2355 2356
f 2343 2356 2344
f 2344 2356 2357
f 2344 2357 2345
f 2345 2357 2358
f 2345 2358 2346
f 2346 2358 2359
f 2346 2359 2347
f 2347 2359 2360
f 2347 2360 2348
f 2348 2360 2349
f 2348 2349 2337
f 2349 2361 2362
f 2349 2362 2350
f 2350 2362 2363
f 2350 2363 2351
f 2351 2363 2364
f 2351 2364 2352
f 2352 2364 2365
f 2352 2365 2353
f 2353 2365 2366
f 2353 2366 2354
f 2354 2366 2367
f 2354 2367 2355
f 2355 2367 2368
f 2355 2368 2356
f 2356 2368 2369
f 2356 2369 2357
f 2357 2369 2370
f 2357 2370 2358
f 2358 2370 2371
f 2358 2371 2359
f 2359 2371 2372
f 2359 2372 2360
f 2360 2372 2361
f 2360 2361 2349
f 2361 2373 2374
f 2361 2374 2362
f 2362 2374 2375
f 2362 2375 2363
f 2363 2375 2376
f 2363 2376 2364
f 2364 2376 2377
f 2364 2377 2365
f 2365 2377 2378
f 2365 2378 2366
f 2366 2378 2379
f 2366 2379 2367
f 2367 2379 2380
f 2367 2380 2368
f 2368 2380 2381
f 2368 2381 2369
f 2369 2381 2382
f 2369 2382 2370
f 2370 2382 2383
f 2370 2383 2371
f 2371 2383 2384
f 2371 2384 2372
f 2372 2384 2373
f 2372 2373 2361
f 2373 2385 2386
f 2373 2386 2374
f 2374 2386 2387
f 2374 2387 2375
f 2375 2387 2388
f 2375 2388 2376
f 2376 2388 2389
f 2376 2389 2377
f 2377 2389 2390
f 2377 2390 2378
f 2378 2390 2391
f 2378 2391 2379
f 2379 2391 2392
f 2379 2392 2380
f 2380 2392 2393
f 2380 2393 2381
f 2381 2393 2394
f 2381 2394 2382
f 2382 2394 2395
f 2382 2395 2383
f 2383 2395 2396
f 2383 2396 2384
f 2384 2396 2385
f 2384 2385 2373
f 2385 2397 2398
f 2385 2398 2386
f 2386 2398 2399
f 2386 2399 2387
f 2387 2399 2400
f 2387 2400 2388
f 2388 2400 2401
f 2388 2401 2389
f 2389 2401 2402
f 2389 2402 2390
f 2390 2402 2403
f 2390 2403 2391
f 2391 2403 2404
f 2391 2404 2392
f 2392 2404 2405
f 2392 2405 2393
f 2393 2405 2406
f 2393 2406 2394
f 2394 2406 2407
f 2394 2407 2395
f 2395 2407 2408
f 2395 2408 2396
f 2396 2408 2397
f 2396 2397 2385
f 2397 2409 2410
f 2397 2410 2398
f 2398 2410 2411
f 2398 2411 2399
f 2399 2411 2412
f 2399 2412 2400
f 2400 2412 2413
f 2400 2413 2401
f 2401 2413 2414
f 2401 2414 2402
f 2402 2414 2415
f 2402 2415 2403
f 2403 2415 2416
f 2403 2416 2404
f 2404 2416 2417
f 2404 2417 2405
f 2405 2417 2418
f 2405 2418 2406
f 2406 2418 2419
f 2406 2419 2407
f 2407 2419 2420
f 2407 2420 2408
f 2408 2420 2409
f 2408 2409 2397
f 2409 2421 2422
f 2409 2422 2410
f 2410 2422 2423
f 2410 2423 2411
f 2411 2423 2424
f 2411 2424 2412
f 2412 2424 2425
f 2412 2425 2413
f 2413 2425 2426
f 2413 2426 2414
f 2414 2426 2427
f 2414 2427 2415
f 2415 2427 2428
f 2415 2428 2416
f 2416 2428 2429
f 2416 2429 2417
f 2417 2429 2430
f 2417 2430 2418
f 2418 2430 2431
f 2418 2431 2419
f 2419 2431 2432
f 2419 2432 2420
f 2420 2432 2421
f 2420 2421 2409
f 2421 2433 2434
f 2421 2434 2422
f 2422 2434 2435
f 2422 2435 2423
f 2423 2435 2436
f 2423 2436 2424
f 2424 2436 2437
f 2424 2437 2425
f 2425 2437 2438
f 2425 2438 2426
f 2426 2438 2439
f 2426 2439 2427
f 2427 2439 2440
f 2427 2440 2428
f 2428 2440 2441
f 2428 2441 2429
f 2429 2441 2442
f 2429 2442 2430
f 2430 2442 2443
f 2430 2443 2431
f 2431 2443 2444
f 2431 2444 2432
f 2432 2444 2433
f 2432 2433 2421
f 2433 2445 2446
f 2433 2446 2434
f 2434 2446 2447
f 2434 2447 2435
f 2435 2447 2448
f 2435 2448 2436
f 2436 2448 2449
f 2436 2449 2437
f 2437 2449 2450
f 2437 2450 2438
f 2438 2450 2451
f 2438 2451 2439
f 2439 2451 2452
f 2439 2452 2440
f 2440 2452 2453
f 2440 2453 2441
f 2441 2453 2454
f 2441 2454 2442
f 2442 2454 2455
f 2442 2455 2443
f 2443 2455 2456
f 2443 2456 2444
f 2444 2456 2445
f 2444 2445 2433
f 2445 2457 2458
f 2445 2458 2446
f 2446 2458 2459
f 2446 2459 2447
f 2447 2459 2460
f 2447 2460 2448
f 2448 2460 2461
f 2448 2461 2449
f 2449 2461 2462
f 2449 2462 2450
f 2450 2462 2463
f 2450 2463 2451
f 2451 2463 2464
f 2451 2464 2452
f 2452 2464 2465
f 2452 2465 2453
f 2453 2465 2466
f 2453 2466 2454
f 2454 2466 2467
f 2454 2467 2455
f 2455 2467 2468
f 2455 2468 2456
f 2456 2468 2457
f 2456 2457 2445
f 2457 2469 2470
f 2457 2470 2458
f 2458 2470 2471
f 2458 2471 2459
f 2459 2471 2472
f 2459 2472 2460
f 2460 2472 2473
f 2460 2473 2461
f 2461 2473 2474
f 2461 2474 2462
f 2462 2474 2475
f 2462 2475 2463
f 2463 2475 2476
f 2463 2476 2464
f 2464 2476 2477
f 2464 2477 2465
f 2465 2477 2478
f 2465 2478 2466
f 2466 2478 2479
f 2466 2479 2467
f 2467 2479 2480
f 2467 2480 2468
f 2468 2480 2469
f 2468 2469 2457
f 2469 1329 1330
f 2469 1330 2470
f 2470 1330 1331
f 2470 1331 2471
f 2471 1331 1332
f 2471 1332 2472
f 2472 1332 1333
f 2472 1333 2473
f 2473 1333 1334
f 2473 1334 2474
f 2474 1334 1335
f 2474 1335 2475
f 2475 1335 1336
f 2475 1336 2476
f 2476 1336 1337
f 2476 1337 2477
f 2477 1337 1338
f 2477 1338 2478
f 2478 1338 1339
f 2478 1339 2479
f 2479 1339 1340
f 2479 1340 2480
f 2480 1340 1329
f 2480 1329 2469
v -0.0064721 -0.3347023 0.2950000
v -0.0024721 -0.3376085 0.2950000
v 0.0024721 -0.3376085 0.2950000
v 0.0064721 -0.3347023 0.2950000
v 0.0080000 -0.3300000 0.2950000
v 0.0064721 -0.3252977 0.2950000
v 0.0024721 -0.3223916 0.2950000
v -0.0024721 -0.3223916 0.2950000
v -0.0064721 -0.3252977 0.2950000
v -0.0080000 -0.3300000 0.2950000
v -0.0064721 -0.3977977 0.2310000
v -0.0024721 -0.3948916 0.2310000
v 0.0024721 -0.3948916 0.2310000
v 0.0064721 -0.3977977 0.2310000
v 0.0080000 -0.4025000 0.2310000
v 0.0064721 -0.4072023 0.2310000
v 0.0024721 -0.4101084 0.2310000
v -0.0024721 -0.4101084 0.2310000
v -0.0064721 -0.4072023 0.2310000
v -0.0080000 -0.4025000 0.2310000
v -0.0064721 -0.3977977 0.2310000
v -0.0024721 -0.3948916 0.2310000
v 0.0024721 -0.3948916 0.2310000
v 0.0064721 -0.3977977 0.2310000
v 0.0080000 -0.4025000 0.2310000
v 0.0064721 -0.4072023 0.2310000
v 0.0024721 -0.4101084 0.2310000
v -0.0024721 -0.4101084 0.2310000
v -0.0064721 -0.4072023 0.2310000
v -0.0080000 -0.4025000 0.2310000
v -0.0064721 -0.3991750 0.2183250
v -0.0024721 -0.3971200 0.2203800
v 0.0024721 -0.3971200 0.2203800
v 0.0064721 -0.3991750 0.2183250
v 0.0080000 -0.4025000 0.2150000
v 0.0064721 -0.4058250 0.2116750
v 0.0024721 -0.4078800 0.2096200
v -0.0024721 -0.4078800 0.2096200
v -0.0064721 -0.4058250 0.2116750
v -0.0080000 -0.4025000 0.2150000
v -0.0064721 -0.3333250 0.2183250
v -0.0024721 -0.3353800 0.2203800
v 0.0024721 -0.3353800 0.2203800
v 0.0064721 -0.3333250 0.2183250
v 0.0080000 -0.3300000 0.2150000
v 0.0064721 -0.3266750 0.2116750
v 0.0024721 -0.3246200 0.2096200
v -0.0024721 -0.3246200 0.2096200
v -0.0064721 -0.3266750 0.2116750
v -0.0080000 -0.3300000 0.2150000
v -0.0064721 -0.3347023 0.2950000
v -0.0024721 -0.3376085 0.2950000
v 0.0024721 -0.3376085 0.2950000
v 0.0064721 -0.3347023 0.2950000
v 0.0080000 -0.3300000 0.2950000
v 0.0064721 -0.3252977 0.2950000
v 0.0024721 -0.3223916 0.2950000
v -0.0024721 -0.3223916 0.2950000
v -0.0064721 -0.3252977 0.2950000
v -0.0080000 -0.3300000 0.2950000
f 2489 2487 2488
f 2489 2486 2487
f 2490 2486 2489
f 2490 2485 2486
f 2481 2485 2490
f 2481 2484 2485
f 2482 2484 2481
f 2482 2483 2484
f 2496 2498 2497
f 2496 2499 2498
f 2495 2499 2496
f 2495 2500 2499
f 2494 2500 2495
f 2494 2491 2500
f 2493 2491 2494
f 2493 2492 2491
f 2501 2511 2520
f 2501 2520 2510
f 2502 2512 2511
f 2502 2511 2501
f 2503 2513 2512
f 2503 2512 2502
f 2504 2514 2513
f 2504 2513 2503
f 2505 2515 2514
f 2505 2514 2504
f 2506 2516 2515
f 2506 2515 2505
f 2507 2517 2516
f 2507 2516 2506
f 2508 2518 2517
f 2508 2517 2507
f 2509 2519 2518
f 2509 2518 2508
f 2510 2520 2519
f 2510 2519 2509
f 2511 2521 2530
f 2511 2530 2520
f 2512 2522 2521
f 2512 2521 2511
f 2513 2523 2522
f 2513 2522 2512
f 2514 2524 2523
f 2514 2523 2513
f 2515 2525 2524
f 2515 2524 2514
f 2516 2526 2525
f 2516 2525 2515
f 2517 2527 2526
f 2517 2526 2516
f 2518 2528 2527
f 2518 2527 2517
f 2519 2529 2528
f 2519 2528 2518
f 2520 2530 2529
f 2520 2529 2519
f 2521 2531 2540
f 2521 2540 2530
f 2522 2532 2531
f 2522 2531 2521
f 2523 2533 2532
f 2523 2532 2522
f 2524 2534 2533
f 2524 2533 2523
f 2525 2535 2534
f 2525 2534 2524
f 2526 2536 2535
f 2526 2535 2525
f 2527 2537 2536
f 2527 2536 2526
f 2528 2538 2537
f 2528 2537 2527
f 2529 2539 2538
f 2529 2538 2528
f 2530 2540 2539
f 2530 2539 2529
v 0.0970000 0.4025000 0.3300000
v 0.0961962 0.3995000 0.3300000
v 0.0940000 0.3973038 0.3300000
v 0.0910000 0.3965000 0.3300000
v 0.0880000 0.3973038 0.3300000
v 0.0858038 0.3995000 0.3300000
v 0.0850000 0.4025000 0.3300000
v 0.0858038 0.4055000 0.3300000
v 0.0880000 0.4076962 0.3300000
v 0.0910000 0.4085000 0.3300000
v 0.0940000 0.4076962 0.3300000
v 0.0961962 0.4055000 0.3300000
v 0.0967923 0.4025000 0.3363441
v 0.0959902 0.3995000 0.3362916
v 0.0937987 0.3973038 0.3361479
v 0.0908052 0.3965000 0.3359517
v 0.0878116 0.3973038 0.3357555
v 0.0856201 0.3995000 0.3356119
v 0.0848180 0.4025000 0.3355593
v 0.0856201 0.4055000 0.3356119
v 0.0878116 0.4076962 0.3357555
v 0.0908052 0.4085000 0.3359517
v 0.0937987 0.4076962 0.3361479
v 0.0959902 0.4055000 0.3362916
v 0.0961701 0.4025000 0.3426611
v 0.0953732 0.3995000 0.3425561
v 0.0931958 0.3973038 0.3422695
v 0.0902215 0.3965000 0.3418779
v 0.0872471 0.3973038 0.3414863
v 0.0850698 0.3995000 0.3411997
v 0.0842728 0.4025000 0.3410947
v 0.0850698 0.4055000 0.3411997
v 0.0872471 0.4076962 0.3414863
v 0.0902215 0.4085000 0.3418779
v 0.0931958 0.4076962 0.3422695
v 0.0953732 0.4055000 0.3425561
v 0.0951362 0.4025000 0.3489238
v 0.0943478 0.3995000 0.3487670
v 0.0921938 0.3973038 0.3483385
v 0.0892515 0.3965000 0.3477532
v 0.0863091 0.3973038 0.3471680
v 0.0841551 0.3995000 0.3467395
v 0.0833667 0.4025000 0.3465827
v 0.0841551 0.4055000 0.3467395
v 0.0863091 0.4076962 0.3471680
v 0.0892515 0.4085000 0.3477532
v 0.0921938 0.4076962 0.3483385
v 0.0943478 0.4055000 0.3487670
v 0.0936948 0.4025000 0.3551055
v 0.0929183 0.3995000 0.3548974
v 0.0907970 0.3973038 0.3543290
v 0.0878992 0.3965000 0.3535526
v 0.0850015 0.3973038 0.3527761
v 0.0828801 0.3995000 0.3522077
v 0.0821037 0.4025000 0.3519996
v 0.0828801 0.4055000 0.3522077
v 0.0850015 0.4076962 0.3527761
v 0.0878992 0.4085000 0.3535526
v 0.0907970 0.4076962 0.3543290
v 0.0929183 0.4055000 0.3548974
v 0.0918522 0.4025000 0.3611796
v 0.0910910 0.3995000 0.3609213
v 0.0890114 0.3973038 0.3602153
v 0.0861706 0.3965000 0.3592510
v 0.0833298 0.3973038 0.3582867
v 0.0812502 0.3995000 0.3575808
v 0.0804891 0.4025000 0.3573224
v 0.0812502 0.4055000 0.3575808
v 0.0833298 0.4076962 0.3582867
v 0.0861706 0.4085000 0.3592510
v 0.0890114 0.4076962 0.3602153
v 0.0910910 0.4055000 0.3609213
v 0.0896163 0.4025000 0.3671203
v 0.0888737 0.3995000 0.3668127
v 0.0868447 0.3973038 0.3659723
v 0.0840730 0.3965000 0.3648242
v 0.0813014 0.3973038 0.3636762
v 0.0792724 0.3995000 0.3628357
v 0.0785298 0.4025000 0.3625281
v 0.0792724 0.4055000 0.3628357
v 0.0813014 0.4076962 0.3636762
v 0.0840730 0.4085000 0.3648242
v 0.0868447 0.4076962 0.3659723
v 0.0888737 0.4055000 0.3668127
v 0.0869967 0.4025000 0.3729020
v 0.0862757 0.3995000 0.3725465
v 0.0843060 0.3973038 0.3715751
v 0.0816154 0.3965000 0.3702483
v 0.0789248 0.3973038 0.3689214
v 0.0769551 0.3995000 0.3679501
v 0.0762342 0.4025000 0.3675945
v 0.0769551 0.4055000 0.3679501
v 0.0789248 0.4076962 0.3689214
v 0.0816154 0.4085000 0.3702483
v 0.0843060 0.4076962 0.3715751
v 0.0862757 0.4055000 0.3725465
v 0.0840045 0.4025000 0.3785000
v 0.0833083 0.3995000 0.3780981
v 0.0814064 0.3973038 0.3770000
v 0.0788083 0.3965000 0.3755000
v 0.0762102 0.3973038 0.3740000
v 0.0743083 0.3995000 0.3729019
v 0.0736122 0.4025000 0.3725000
v 0.0743083 0.4055000 0.3729019
v 0.0762102 0.4076962 0.3740000
v 0.0788083 0.4085000 0.3755000
v 0.0814064 0.4076962 0.3770000
v 0.0833083 0.4055000 0.3780981
v 0.0806525 0.4025000 0.3838903
v 0.0799842 0.3995000 0.3834437
v 0.0781581 0.3973038 0.3822236
v 0.0756637 0.3965000 0.3805569
v 0.0731693 0.3973038 0.3788902
v 0.0713433 0.3995000 0.3776701
v 0.0706749 0.4025000 0.3772235
v 0.0713433 0.4055000 0.3776701
v 0.0731693 0.4076962 0.3788902
v 0.0756637 0.4085000 0.3805569
v 0.0781581 0.4076962 0.3822236
v 0.0799842 0.4055000 0.3834437
v 0.0769553 0.4025000 0.3890499
v 0.0763175 0.3995000 0.3885605
v 0.0745752 0.3973038 0.3872236
v 0.0721952 0.3965000 0.3853973
v 0.0698151 0.3973038 0.3835710
v 0.0680728 0.3995000 0.3822341
v 0.0674350 0.4025000 0.3817447
v 0.0680728 0.4055000 0.3822341
v 0.0698151 0.4076962 0.3835710
v 0.0721952 0.4085000 0.3853973
v 0.0745752 0.4076962 0.3872236
v 0.0763175 0.4055000 0.3885605
v 0.0729285 0.4025000 0.3939565
v 0.0723241 0.3995000 0.3934265
v 0.0706729 0.3973038 0.3919785
v 0.0684174 0.3965000 0.3900005
v 0.0661619 0.3973038 0.3880225
v 0.0645107 0.3995000 0.3865744
v 0.0639064 0.4025000 0.3860444
v 0.0645107 0.4055000 0.3865744
v 0.0661619 0.4076962 0.3880225
v 0.0684174 0.4085000 0.3900005
v 0.0706729 0.4076962 0.3919785
v 0.0723241 0.4055000 0.3934265
v 0.0685893 0.4025000 0.3985894
v 0.0680209 0.3995000 0.3980210
v 0.0664680 0.3973038 0.3964680
v 0.0643467 0.3965000 0.3943467
v 0.0622254 0.3973038 0.3922254
v 0.0606725 0.3995000 0.3906725
v 0.0601041 0.4025000 0.3901041
v 0.0606725 0.4055000 0.3906725
v 0.0622254 0.4076962 0.3922254
v 0.0643467 0.4085000 0.3943467
v 0.0664680 0.4076962 0.3964680
v 0.0680209 0.4055000 0.3980210
v 0.0639565 0.4025000 0.4029285
v 0.0634265 0.3995000 0.4023241
v 0.0619785 0.3973038 0.4006729
v 0.0600005 0.3965000 0.3984174
v 0.0580224 0.3973038 0.3961619
v 0.0565744 0.3995000 0.3945107
v 0.0560444 0.4025000 0.3939064
v 0.0565744 0.4055000 0.3945107
v 0.0580224 0.4076962 0.3961619
v 0.0600005 0.4085000 0.3984174
v 0.0619785 0.4076962 0.4006729
v 0.0634265 0.4055000 0.4023241
v 0.0590499 0.4025000 0.4069553
v 0.0585605 0.3995000 0.4063175
v 0.0572236 0.3973038 0.4045752
v 0.0553973 0.3965000 0.4021952
v 0.0535710 0.3973038 0.3998151
v 0.0522341 0.3995000 0.3980728
v 0.0517447 0.4025000 0.3974350
v 0.0522341 0.4055000 0.3980727
v 0.0535710 0.4076962 0.3998151
v 0.0553973 0.4085000 0.4021952
v 0.0572236 0.4076962 0.4045752
v 0.0585605 0.4055000 0.4063175
v 0.0538903 0.4025000 0.4106526
v 0.0534437 0.3995000 0.4099842
v 0.0522236 0.3973038 0.4081582
v 0.0505569 0.3965000 0.4056638
v 0.0488902 0.3973038 0.4031694
v 0.0476701 0.3995000 0.4013433
v 0.0472235 0.4025000 0.4006749
v 0.0476701 0.4055000 0.4013433
v 0.0488902 0.4076962 0.4031693
v 0.0505569 0.4085000 0.4056638
v 0.0522236 0.4076962 0.4081582
v 0.0534437 0.4055000 0.4099842
v 0.0485000 0.4025000 0.4140045
v 0.0480981 0.3995000 0.4133083
v 0.0470000 0.3973038 0.4114064
v 0.0455000 0.3965000 0.4088083
v 0.0440000 0.3973038 0.4062102
v 0.0429019 0.3995000 0.4043083
v 0.0425000 0.4025000 0.4036122
v 0.0429019 0.4055000 0.4043083
v 0.0440000 0.4076962 0.4062102
v 0.0455000 0.4085000 0.4088083
v 0.0470000 0.4076962 0.4114064
v 0.0480981 0.4055000 0.4133083
v 0.0429020 0.4025000 0.4169967
v 0.0425465 0.3995000 0.4162757
v 0.0415751 0.3973038 0.4143060
v 0.0402483 0.3965000 0.4116154
v 0.0389214 0.3973038 0.4089248
v 0.0379501 0.3995000 0.4069552
v 0.0375945 0.4025000 0.4062342
v 0.0379501 0.4055000 0.4069551
v 0.0389214 0.4076962 0.4089248
v 0.0402483 0.4085000 0.4116154
v 0.0415751 0.4076962 0.4143060
v 0.0425465 0.4055000 0.4162757
v 0.0371203 0.4025000 0.4196163
v 0.0368127 0.3995000 0.4188737
v 0.0359723 0.3973038 0.4168447
v 0.0348242 0.3965000 0.4140731
v 0.0336762 0.3973038 0.4113014
v 0.0328357 0.3995000 0.4092724
v 0.0325281 0.4025000 0.4085298
v 0.0328357 0.4055000 0.4092724
v 0.0336762 0.4076962 0.4113014
v 0.0348242 0.4085000 0.4140731
v 0.0359723 0.4076962 0.4168447
v 0.0368127 0.4055000 0.4188737
v 0.0311796 0.4025000 0.4218522
v 0.0309212 0.3995000 0.4210910
v 0.0302153 0.3973038 0.4190114
v 0.0292510 0.3965000 0.4161707
v 0.0282867 0.3973038 0.4133299
v 0.0275807 0.3995000 0.4112503
v 0.0273223 0.4025000 0.4104891
v 0.0275807 0.4055000 0.4112503
v 0.0282867 0.4076962 0.4133299
v 0.0292510 0.4085000 0.4161707
v 0.0302153 0.4076962 0.4190114
v 0.0309212 0.4055000 0.4210910
v 0.0251054 0.4025000 0.4236948
v 0.0248974 0.3995000 0.4229183
v 0.0243290 0.3973038 0.4207970
v 0.0235525 0.3965000 0.4178993
v 0.0227761 0.3973038 0.4150015
v 0.0222077 0.3995000 0.4128802
v 0.0219996 0.4025000 0.4121037
v 0.0222077 0.4055000 0.4128802
v 0.0227761 0.4076962 0.4150015
v 0.0235525 0.4085000 0.4178993
v 0.0243290 0.4076962 0.4207970
v 0.0248974 0.4055000 0.4229183
v 0.0189238 0.4025000 0.4251362
v 0.0187670 0.3995000 0.4243478
v 0.0183385 0.3973038 0.4221938
v 0.0177532 0.3965000 0.4192515
v 0.0171680 0.3973038 0.4163091
v 0.0167395 0.3995000 0.4141552
v 0.0165827 0.4025000 0.4133668
v 0.0167395 0.4055000 0.4141552
v 0.0171680 0.4076962 0.4163091
v 0.0177532 0.4085000 0.4192515
v 0.0183385 0.4076962 0.4221938
v 0.0187670 0.4055000 0.4243478
v 0.0126610 0.4025000 0.4261702
v 0.0125561 0.3995000 0.4253732
v 0.0122694 0.3973038 0.4231958
v 0.0118779 0.3965000 0.4202215
v 0.0114863 0.3973038 0.4172472
v 0.0111996 0.3995000 0.4150698
v 0.0110947 0.4025000 0.4142728
v 0.0111996 0.4055000 0.4150698
v 0.0114863 0.4076962 0.4172471
v 0.0118779 0.4085000 0.4202215
v 0.0122694 0.4076962 0.4231958
v 0.0125561 0.4055000 0.4253732
v 0.0063441 0.4025000 0.4267923
v 0.0062915 0.3995000 0.4259902
v 0.0061479 0.3973038 0.4237987
v 0.0059517 0.3965000 0.4208052
v 0.0057555 0.3973038 0.4178116
v 0.0056118 0.3995000 0.4156201
v 0.0055593 0.4025000 0.4148180
v 0.0056118 0.4055000 0.4156201
v 0.0057555 0.4076962 0.4178116
v 0.0059517 0.4085000 0.4208052
v 0.0061479 0.4076962 0.4237987
v 0.0062915 0.4055000 0.4259902
v 0.0000000 0.4025000 0.4270000
v 0.0000000 0.3995000 0.4261962
v 0.0000000 0.3973038 0.4240000
v 0.0000000 0.3965000 0.4210000
v 0.0000000 0.3973038 0.4180000
v 0.0000000 0.3995000 0.4158038
v 0.0000000 0.4025000 0.4150000
v 0.0000000 0.4055000 0.4158038
v 0.0000000 0.4076962 0.4180000
v 0.0000000 0.4085000 0.4210000
v 0.0000000 0.4076962 0.4240000
v 0.0000000 0.4055000 0.4261962
v -0.0063441 0.4025000 0.4267923
v -0.0062915 0.3995000 0.4259902
v -0.0061479 0.3973038 0.4237987
v -0.0059517 0.3965000 0.4208052
v -0.0057555 0.3973038 0.4178116
v -0.0056118 0.3995000 0.4156201
v -0.0055592 0.4025000 0.4148180
v -0.0056118 0.4055000 0.4156201
v -0.0057555 0.4076962 0.4178116
v -0.0059517 0.4085000 0.4208052
v -0.0061479 0.4076962 0.4237987
v -0.0062915 0.4055000 0.4259902
v -0.0126611 0.4025000 0.4261702
v -0.0125561 0.3995000 0.4253732
v -0.0122695 0.3973038 0.4231958
v -0.0118779 0.3965000 0.4202215
v -0.0114863 0.3973038 0.4172471
v -0.0111997 0.3995000 0.4150698
v -0.0110947 0.4025000 0.4142728
v -0.0111997 0.4055000 0.4150698
v -0.0114863 0.4076962 0.4172471
v -0.0118779 0.4085000 0.4202215
v -0.0122695 0.4076962 0.4231958
v -0.0125561 0.4055000 0.4253732
v -0.0189238 0.4025000 0.4251362
v -0.0187669 0.3995000 0.4243478
v -0.0183385 0.3973038 0.4221938
v -0.0177532 0.3965000 0.4192515
v -0.0171679 0.3973038 0.4163091
v -0.0167395 0.3995000 0.4141552
v -0.0165827 0.4025000 0.4133668
v -0.0167395 0.4055000 0.4141552
v -0.0171679 0.4076962 0.4163091
v -0.0177532 0.4085000 0.4192515
v -0.0183385 0.4076962 0.4221938
v -0.0187669 0.4055000 0.4243478
v -0.0251054 0.4025000 0.4236948
v -0.0248974 0.3995000 0.4229184
v -0.0243290 0.3973038 0.4207970
v -0.0235525 0.3965000 0.4178993
v -0.0227761 0.3973038 0.4150015
v -0.0222077 0.3995000 0.4128802
v -0.0219996 0.4025000 0.4121037
v -0.0222077 0.4055000 0.4128802
v -0.0227761 0.4076962 0.4150015
v -0.0235525 0.4085000 0.4178993
v -0.0243290 0.4076962 0.4207970
v -0.0248974 0.4055000 0.4229183
v -0.0311796 0.4025000 0.4218522
v -0.0309213 0.3995000 0.4210910
v -0.0302153 0.3973038 0.4190114
v -0.0292510 0.3965000 0.4161707
v -0.0282867 0.3973038 0.4133299
v -0.0275808 0.3995000 0.4112503
v -0.0273224 0.4025000 0.4104891
v -0.0275808 0.4055000 0.4112502
v -0.0282867 0.4076962 0.4133298
v -0.0292510 0.4085000 0.4161707
v -0.0302153 0.4076962 0.4190114
v -0.0309213 0.4055000 0.4210910
v -0.0371203 0.4025000 0.4196163
v -0.0368127 0.3995000 0.4188737
v -0.0359722 0.3973038 0.4168447
v -0.0348242 0.3965000 0.4140731
v -0.0336761 0.3973038 0.4113014
v -0.0328357 0.3995000 0.4092724
v -0.0325281 0.4025000 0.4085298
v -0.0328357 0.4055000 0.4092724
v -0.0336761 0.4076962 0.4113014
v -0.0348242 0.4085000 0.4140731
v -0.0359722 0.4076962 0.4168447
v -0.0368127 0.4055000 0.4188737
v -0.0429020 0.4025000 0.4169967
v -0.0425465 0.3995000 0.4162757
v -0.0415751 0.3973038 0.4143060
v -0.0402483 0.3965000 0.4116154
v -0.0389214 0.3973038 0.4089248
v -0.0379501 0.3995000 0.4069552
v -0.0375945 0.4025000 0.4062342
v -0.0379501 0.4055000 0.4069552
v -0.0389214 0.4076962 0.4089248
v -0.0402483 0.4085000 0.4116154
v -0.0415751 0.4076962 0.4143060
v -0.0425465 0.4055000 0.4162757
v -0.0485000 0.4025000 0.4140045
v -0.0480981 0.3995000 0.4133084
v -0.0470000 0.3973038 0.4114064
v -0.0455000 0.3965000 0.4088084
v -0.0440000 0.3973038 0.4062103
v -0.0429019 0.3995000 0.4043083
v -0.0425000 0.4025000 0.4036122
v -0.0429019 0.4055000 0.4043083
v -0.0440000 0.4076962 0.4062102
v -0.0455000 0.4085000 0.4088083
v -0.0470000 0.4076962 0.4114064
v -0.0480981 0.4055000 0.4133083
v -0.0538903 0.4025000 0.4106526
v -0.0534437 0.3995000 0.4099842
v -0.0522236 0.3973038 0.4081582
v -0.0505569 0.3965000 0.4056638
v -0.0488902 0.3973038 0.4031694
v -0.0476700 0.3995000 0.4013433
v -0.0472234 0.4025000 0.4006749
v -0.0476700 0.4055000 0.4013433
v -0.0488902 0.4076962 0.4031694
v -0.0505569 0.4085000 0.4056638
v -0.0522236 0.4076962 0.4081582
v -0.0534437 0.4055000 0.4099842
v -0.0590499 0.4025000 0.4069553
v -0.0585605 0.3995000 0.4063176
v -0.0572236 0.3973038 0.4045752
v -0.0553973 0.3965000 0.4021952
v -0.0535710 0.3973038 0.3998151
v -0.0522341 0.3995000 0.3980728
v -0.0517447 0.4025000 0.3974350
v -0.0522341 0.4055000 0.3980728
v -0.0535710 0.4076962 0.3998151
v -0.0553973 0.4085000 0.4021952
v -0.0572236 0.4076962 0.4045752
v -0.0585605 0.4055000 0.4063175
v -0.0639565 0.4025000 0.4029285
v -0.0634265 0.3995000 0.4023241
v -0.0619785 0.3973038 0.4006730
v -0.0600005 0.3965000 0.3984174
v -0.0580224 0.3973038 0.3961619
v -0.0565744 0.3995000 0.3945108
v -0.0560444 0.4025000 0.3939064
v -0.0565744 0.4055000 0.3945107
v -0.0580224 0.4076962 0.3961619
v -0.0600005 0.4085000 0.3984174
v -0.0619785 0.4076962 0.4006729
v -0.0634265 0.4055000 0.4023241
v -0.0685894 0.4025000 0.3985893
v -0.0680210 0.3995000 0.3980210
v -0.0664681 0.3973038 0.3964680
v -0.0643467 0.3965000 0.3943467
v -0.0622254 0.3973038 0.3922254
v -0.0606725 0.3995000 0.3906725
v -0.0601041 0.4025000 0.3901041
v -0.0606725 0.4055000 0.3906725
v -0.0622254 0.4076962 0.3922254
v -0.0643467 0.4085000 0.3943467
v -0.0664681 0.4076962 0.3964680
v -0.0680210 0.4055000 0.3980210
v -0.0729285 0.4025000 0.3939565
v -0.0723241 0.3995000 0.3934265
v -0.0706729 0.3973038 0.3919785
v -0.0684174 0.3965000 0.3900005
v -0.0661619 0.3973038 0.3880225
v -0.0645107 0.3995000 0.3865744
v -0.0639064 0.4025000 0.3860444
v -0.0645107 0.4055000 0.3865744
v -0.0661619 0.4076962 0.3880224
v -0.0684174 0.4085000 0.3900005
v -0.0706729 0.4076962 0.3919785
v -0.0723241 0.4055000 0.3934265
v -0.0769553 0.4025000 0.3890499
v -0.0763175 0.3995000 0.3885605
v -0.0745752 0.3973038 0.3872236
v -0.0721951 0.3965000 0.3853973
v -0.0698151 0.3973038 0.3835710
v -0.0680728 0.3995000 0.3822341
v -0.0674350 0.4025000 0.3817447
v -0.0680728 0.4055000 0.3822341
v -0.0698151 0.4076962 0.3835710
v -0.0721951 0.4085000 0.3853973
v -0.0745752 0.4076962 0.3872236
v -0.0763175 0.4055000 0.3885605
v -0.0806525 0.4025000 0.3838903
v -0.0799842 0.3995000 0.3834437
v -0.0781581 0.3973038 0.3822236
v -0.0756637 0.3965000 0.3805569
v -0.0731693 0.3973038 0.3788902
v -0.0713433 0.3995000 0.3776701
v -0.0706749 0.4025000 0.3772235
v -0.0713433 0.4055000 0.3776701
v -0.0731693 0.4076962 0.3788902
v -0.0756637 0.4085000 0.3805569
v -0.0781581 0.4076962 0.3822236
v -0.0799842 0.4055000 0.3834437
v -0.0840044 0.4025000 0.3785000
v -0.0833083 0.3995000 0.3780981
v -0.0814064 0.3973038 0.3770000
v -0.0788083 0.3965000 0.3755000
v -0.0762102 0.3973038 0.3740000
v -0.0743083 0.3995000 0.3729019
v -0.0736121 0.4025000 0.3725000
v -0.0743083 0.4055000 0.3729019
v -0.0762102 0.4076962 0.3740000
v -0.0788083 0.4085000 0.3755000
v -0.0814064 0.4076962 0.3770000
v -0.0833083 0.4055000 0.3780981
v -0.0869967 0.4025000 0.3729020
v -0.0862757 0.3995000 0.3725465
v -0.0843060 0.3973038 0.3715751
v -0.0816154 0.3965000 0.3702483
v -0.0789248 0.3973038 0.3689214
v -0.0769551 0.3995000 0.3679501
v -0.0762342 0.4025000 0.3675945
v -0.0769551 0.4055000 0.3679501
v -0.0789248 0.4076962 0.3689214
v -0.0816154 0.4085000 0.3702483
v -0.0843060 0.4076962 0.3715751
v -0.0862757 0.4055000 0.3725465
v -0.0896163 0.4025000 0.3671203
v -0.0888737 0.3995000 0.3668127
v -0.0868447 0.3973038 0.3659723
v -0.0840730 0.3965000 0.3648242
v -0.0813014 0.3973038 0.3636762
v -0.0792724 0.3995000 0.3628357
v -0.0785298 0.4025000 0.3625281
v -0.0792724 0.4055000 0.3628357
v -0.0813014 0.4076962 0.3636762
v -0.0840730 0.4085000 0.3648242
v -0.0868447 0.4076962 0.3659723
v -0.0888737 0.4055000 0.3668127
v -0.0918522 0.4025000 0.3611796
v -0.0910910 0.3995000 0.3609212
v -0.0890114 0.3973038 0.3602153
v -0.0861707 0.3965000 0.3592510
v -0.0833299 0.3973038 0.3582867
v -0.0812503 0.3995000 0.3575807
v -0.0804891 0.4025000 0.3573223
v -0.0812503 0.4055000 0.3575807
v -0.0833299 0.4076962 0.3582866
v -0.0861707 0.4085000 0.3592510
v -0.0890114 0.4076962 0.3602153
v -0.0910910 0.4055000 0.3609212
v -0.0936948 0.4025000 0.3551055
v -0.0929184 0.3995000 0.3548974
v -0.0907970 0.3973038 0.3543290
v -0.0878993 0.3965000 0.3535526
v -0.0850015 0.3973038 0.3527761
v -0.0828802 0.3995000 0.3522077
v -0.0821037 0.4025000 0.3519996
v -0.0828802 0.4055000 0.3522077
v -0.0850015 0.4076962 0.3527761
v -0.0878993 0.4085000 0.3535525
v -0.0907970 0.4076962 0.3543290
v -0.0929184 0.4055000 0.3548974
v -0.0951362 0.4025000 0.3489238
v -0.0943478 0.3995000 0.3487670
v -0.0921938 0.3973038 0.3483385
v -0.0892515 0.3965000 0.3477532
v -0.0863091 0.3973038 0.3471680
v -0.0841551 0.3995000 0.3467395
v -0.0833668 0.4025000 0.3465827
v -0.0841551 0.4055000 0.3467395
v -0.0863091 0.4076962 0.3471680
v -0.0892515 0.4085000 0.3477532
v -0.0921938 0.4076962 0.3483385
v -0.0943478 0.4055000 0.3487670
v -0.0961701 0.4025000 0.3426611
v -0.0953732 0.3995000 0.3425561
v -0.0931958 0.3973038 0.3422695
v -0.0902215 0.3965000 0.3418779
v -0.0872471 0.3973038 0.3414863
v -0.0850698 0.3995000 0.3411997
v -0.0842728 0.4025000 0.3410948
v -0.0850698 0.4055000 0.3411997
v -0.0872471 0.4076962 0.3414863
v -0.0902215 0.4085000 0.3418779
v -0.0931958 0.4076962 0.3422695
v -0.0953732 0.4055000 0.3425561
v -0.0967923 0.4025000 0.3363442
v -0.0959902 0.3995000 0.3362916
v -0.0937987 0.3973038 0.3361479
v -0.0908052 0.3965000 0.3359517
v -0.0878116 0.3973038 0.3357555
v -0.0856201 0.3995000 0.3356119
v -0.0848180 0.4025000 0.3355593
v -0.0856201 0.4055000 0.3356119
v -0.0878116 0.4076962 0.3357555
v -0.0908052 0.4085000 0.3359517
v -0.0937987 0.4076962 0.3361479
v -0.0959902 0.4055000 0.3362916
v -0.0970000 0.4025000 0.3300000
v -0.0961962 0.3995000 0.3300000
v -0.0940000 0.3973038 0.3300000
v -0.0910000 0.3965000 0.3300000
v -0.0880000 0.3973038 0.3300000
v -0.0858038 0.3995000 0.3300000
v -0.0850000 0.4025000 0.3300000
v -0.0858038 0.4055000 0.3300000
v -0.0880000 0.4076962 0.3300000
v -0.0910000 0.4085000 0.3300000
v -0.0940000 0.4076962 0.3300000
v -0.0961962 0.4055000 0.3300000
v -0.0967923 0.4025000 0.3236559
v -0.0959902 0.3995000 0.3237085
v -0.0937987 0.3973038 0.3238522
v -0.0908052 0.3965000 0.3240483
v -0.0878116 0.3973038 0.3242446
v -0.0856201 0.3995000 0.3243882
v -0.0848180 0.4025000 0.3244408
v -0.0856201 0.4055000 0.3243882
v -0.0878116 0.4076962 0.3242446
v -0.0908052 0.4085000 0.3240483
v -0.0937987 0.4076962 0.3238522
v -0.0959902 0.4055000 0.3237085
v -0.0961701 0.4025000 0.3173390
v -0.0953732 0.3995000 0.3174439
v -0.0931958 0.3973038 0.3177305
v -0.0902215 0.3965000 0.3181221
v -0.0872471 0.3973038 0.3185137
v -0.0850698 0.3995000 0.3188004
v -0.0842728 0.4025000 0.3189053
v -0.0850698 0.4055000 0.3188004
v -0.0872471 0.4076962 0.3185137
v -0.0902215 0.4085000 0.3181221
v -0.0931958 0.4076962 0.3177305
v -0.0953732 0.4055000 0.3174439
v -0.0951362 0.4025000 0.3110763
v -0.0943478 0.3995000 0.3112331
v -0.0921938 0.3973038 0.3116615
v -0.0892515 0.3965000 0.3122468
v -0.0863091 0.3973038 0.3128321
v -0.0841551 0.3995000 0.3132605
v -0.0833668 0.4025000 0.3134173
v -0.0841551 0.4055000 0.3132605
v -0.0863091 0.4076962 0.3128321
v -0.0892515 0.4085000 0.3122468
v -0.0921938 0.4076962 0.3116615
v -0.0943478 0.4055000 0.3112331
v -0.0936948 0.4025000 0.3048946
v -0.0929184 0.3995000 0.3051026
v -0.0907970 0.3973038 0.3056710
v -0.0878993 0.3965000 0.3064475
v -0.0850015 0.3973038 0.3072239
v -0.0828802 0.3995000 0.3077924
v -0.0821037 0.4025000 0.3080004
v -0.0828802 0.4055000 0.3077924
v -0.0850015 0.4076962 0.3072239
v -0.0878993 0.4085000 0.3064475
v -0.0907970 0.4076962 0.3056710
v -0.0929184 0.4055000 0.3051026
v -0.0918522 0.4025000 0.2988204
v -0.0910910 0.3995000 0.2990788
v -0.0890114 0.3973038 0.2997847
v -0.0861707 0.3965000 0.3007490
v -0.0833299 0.3973038 0.3017134
v -0.0812503 0.3995000 0.3024193
v -0.0804891 0.4025000 0.3026777
v -0.0812503 0.4055000 0.3024193
v -0.0833299 0.4076962 0.3017133
v -0.0861707 0.4085000 0.3007490
v -0.0890114 0.4076962 0.2997847
v -0.0910910 0.4055000 0.2990788
v -0.0896163 0.4025000 0.2928798
v -0.0888737 0.3995000 0.2931874
v -0.0868447 0.3973038 0.2940278
v -0.0840731 0.3965000 0.2951759
v -0.0813014 0.3973038 0.2963239
v -0.0792724 0.3995000 0.2971644
v -0.0785298 0.4025000 0.2974719
v -0.0792724 0.4055000 0.2971643
v -0.0813014 0.4076962 0.2963239
v -0.0840731 0.4085000 0.2951759
v -0.0868447 0.4076962 0.2940278
v -0.0888737 0.4055000 0.2931874
v -0.0869967 0.4025000 0.2870980
v -0.0862757 0.3995000 0.2874536
v -0.0843060 0.3973038 0.2884249
v -0.0816154 0.3965000 0.2897517
v -0.0789248 0.3973038 0.2910786
v -0.0769551 0.3995000 0.2920499
v -0.0762342 0.4025000 0.2924055
v -0.0769551 0.4055000 0.2920499
v -0.0789248 0.4076962 0.2910786
v -0.0816154 0.4085000 0.2897517
v -0.0843060 0.4076962 0.2884249
v -0.0862757 0.4055000 0.2874535
v -0.0840045 0.4025000 0.2815000
v -0.0833083 0.3995000 0.2819020
v -0.0814064 0.3973038 0.2830000
v -0.0788083 0.3965000 0.2845000
v -0.0762102 0.3973038 0.2860000
v -0.0743083 0.3995000 0.2870981
v -0.0736122 0.4025000 0.2875000
v -0.0743083 0.4055000 0.2870981
v -0.0762102 0.4076962 0.2860000
v -0.0788083 0.4085000 0.2845000
v -0.0814064 0.4076962 0.2830000
v -0.0833083 0.4055000 0.2819020
v -0.0806525 0.4025000 0.2761097
v -0.0799842 0.3995000 0.2765563
v -0.0781581 0.3973038 0.2777764
v -0.0756637 0.3965000 0.2794431
v -0.0731693 0.3973038 0.2811098
v -0.0713433 0.3995000 0.2823299
v -0.0706749 0.4025000 0.2827765
v -0.0713433 0.4055000 0.2823299
v -0.0731693 0.4076962 0.2811098
v -0.0756637 0.4085000 0.2794431
v -0.0781581 0.4076962 0.2777764
v -0.0799842 0.4055000 0.2765563
v -0.0769553 0.4025000 0.2709502
v -0.0763175 0.3995000 0.2714395
v -0.0745752 0.3973038 0.2727765
v -0.0721951 0.3965000 0.2746027
v -0.0698151 0.3973038 0.2764290
v -0.0680728 0.3995000 0.2777659
v -0.0674350 0.4025000 0.2782553
v -0.0680728 0.4055000 0.2777659
v -0.0698151 0.4076962 0.2764290
v -0.0721951 0.4085000 0.2746027
v -0.0745752 0.4076962 0.2727764
v -0.0763175 0.4055000 0.2714395
v -0.0729285 0.4025000 0.2660435
v -0.0723241 0.3995000 0.2665735
v -0.0706729 0.3973038 0.2680215
v -0.0684174 0.3965000 0.2699996
v -0.0661619 0.3973038 0.2719776
v -0.0645107 0.3995000 0.2734256
v -0.0639064 0.4025000 0.2739556
v -0.0645107 0.4055000 0.2734256
v -0.0661619 0.4076962 0.2719776
v -0.0684174 0.4085000 0.2699996
v -0.0706729 0.4076962 0.2680215
v -0.0723241 0.4055000 0.2665735
v -0.0685894 0.4025000 0.2614107
v -0.0680210 0.3995000 0.2619791
v -0.0664681 0.3973038 0.2635320
v -0.0643467 0.3965000 0.2656533
v -0.0622254 0.3973038 0.2677746
v -0.0606725 0.3995000 0.2693276
v -0.0601041 0.4025000 0.2698959
v -0.0606725 0.4055000 0.2693276
v -0.0622254 0.4076962 0.2677746
v -0.0643467 0.4085000 0.2656533
v -0.0664681 0.4076962 0.2635320
v -0.0680210 0.4055000 0.2619791
v -0.0639566 0.4025000 0.2570716
v -0.0634266 0.3995000 0.2576759
v -0.0619785 0.3973038 0.2593271
v -0.0600005 0.3965000 0.2615826
v -0.0580225 0.3973038 0.2638381
v -0.0565744 0.3995000 0.2654893
v -0.0560444 0.4025000 0.2660936
v -0.0565744 0.4055000 0.2654893
v -0.0580225 0.4076962 0.2638381
v -0.0600005 0.4085000 0.2615826
v -0.0619785 0.4076962 0.2593271
v -0.0634266 0.4055000 0.2576759
v -0.0590499 0.4025000 0.2530448
v -0.0585605 0.3995000 0.2536825
v -0.0572236 0.3973038 0.2554248
v -0.0553973 0.3965000 0.2578049
v -0.0535710 0.3973038 0.2601849
v -0.0522341 0.3995000 0.2619273
v -0.0517448 0.4025000 0.2625650
v -0.0522341 0.4055000 0.2619273
v -0.0535710 0.4076962 0.2601849
v -0.0553973 0.4085000 0.2578049
v -0.0572236 0.4076962 0.2554248
v -0.0585605 0.4055000 0.2536825
v -0.0538904 0.4025000 0.2493475
v -0.0534438 0.3995000 0.2500159
v -0.0522237 0.3973038 0.2518419
v -0.0505569 0.3965000 0.2543363
v -0.0488902 0.3973038 0.2568307
v -0.0476701 0.3995000 0.2586568
v -0.0472235 0.4025000 0.2593251
v -0.0476701 0.4055000 0.2586567
v -0.0488902 0.4076962 0.2568307
v -0.0505569 0.4085000 0.2543363
v -0.0522237 0.4076962 0.2518419
v -0.0534438 0.4055000 0.2500159
v -0.0485000 0.4025000 0.2459956
v -0.0480981 0.3995000 0.2466917
v -0.0470000 0.3973038 0.2485936
v -0.0455000 0.3965000 0.2511917
v -0.0440000 0.3973038 0.2537898
v -0.0429019 0.3995000 0.2556917
v -0.0425000 0.4025000 0.2563878
v -0.0429019 0.4055000 0.2556917
v -0.0440000 0.4076962 0.2537898
v -0.0455000 0.4085000 0.2511917
v -0.0470000 0.4076962 0.2485936
v -0.0480981 0.4055000 0.2466917
v -0.0429020 0.4025000 0.2430034
v -0.0425465 0.3995000 0.2437243
v -0.0415751 0.3973038 0.2456940
v -0.0402483 0.3965000 0.2483846
v -0.0389214 0.3973038 0.2510752
v -0.0379501 0.3995000 0.2530449
v -0.0375945 0.4025000 0.2537658
v -0.0379501 0.4055000 0.2530449
v -0.0389214 0.4076962 0.2510752
v -0.0402483 0.4085000 0.2483846
v -0.0415751 0.4076962 0.2456940
v -0.0425465 0.4055000 0.2437243
v -0.0371203 0.4025000 0.2403837
v -0.0368127 0.3995000 0.2411264
v -0.0359722 0.3973038 0.2431553
v -0.0348242 0.3965000 0.2459270
v -0.0336761 0.3973038 0.2486986
v -0.0328357 0.3995000 0.2507276
v -0.0325281 0.4025000 0.2514703
v -0.0328357 0.4055000 0.2507276
v -0.0336761 0.4076962 0.2486986
v -0.0348242 0.4085000 0.2459270
v -0.0359722 0.4076962 0.2431553
v -0.0368127 0.4055000 0.2411264
v -0.0311796 0.4025000 0.2381478
v -0.0309213 0.3995000 0.2389090
v -0.0302153 0.3973038 0.2409886
v -0.0292510 0.3965000 0.2438294
v -0.0282867 0.3973038 0.2466702
v -0.0275808 0.3995000 0.2487498
v -0.0273224 0.4025000 0.2495110
v -0.0275808 0.4055000 0.2487498
v -0.0282867 0.4076962 0.2466702
v -0.0292510 0.4085000 0.2438294
v -0.0302153 0.4076962 0.2409886
v -0.0309213 0.4055000 0.2389090
v -0.0251055 0.4025000 0.2363052
v -0.0248974 0.3995000 0.2370817
v -0.0243290 0.3973038 0.2392030
v -0.0235526 0.3965000 0.2421008
v -0.0227761 0.3973038 0.2449985
v -0.0222077 0.3995000 0.2471199
v -0.0219996 0.4025000 0.2478963
v -0.0222077 0.4055000 0.2471199
v -0.0227761 0.4076962 0.2449985
v -0.0235526 0.4085000 0.2421008
v -0.0243290 0.4076962 0.2392030
v -0.0248974 0.4055000 0.2370817
v -0.0189238 0.4025000 0.2348638
v -0.0187670 0.3995000 0.2356523
v -0.0183385 0.3973038 0.2378062
v -0.0177533 0.3965000 0.2407486
v -0.0171680 0.3973038 0.2436909
v -0.0167395 0.3995000 0.2458449
v -0.0165827 0.4025000 0.2466333
v -0.0167395 0.4055000 0.2458449
v -0.0171680 0.4076962 0.2436909
v -0.0177533 0.4085000 0.2407486
v -0.0183385 0.4076962 0.2378062
v -0.0187670 0.4055000 0.2356523
v -0.0126611 0.4025000 0.2338299
v -0.0125562 0.3995000 0.2346268
v -0.0122695 0.3973038 0.2368042
v -0.0118779 0.3965000 0.2397785
v -0.0114864 0.3973038 0.2427529
v -0.0111997 0.3995000 0.2449302
v -0.0110948 0.4025000 0.2457272
v -0.0111997 0.4055000 0.2449302
v -0.0114864 0.4076962 0.2427529
v -0.0118779 0.4085000 0.2397785
v -0.0122695 0.4076962 0.2368042
v -0.0125562 0.4055000 0.2346268
v -0.0063441 0.4025000 0.2332077
v -0.0062915 0.3995000 0.2340098
v -0.0061479 0.3973038 0.2362013
v -0.0059517 0.3965000 0.2391949
v -0.0057555 0.3973038 0.2421884
v -0.0056118 0.3995000 0.2443799
v -0.0055592 0.4025000 0.2451820
v -0.0056118 0.4055000 0.2443799
v -0.0057555 0.4076962 0.2421884
v -0.0059517 0.4085000 0.2391948
v -0.0061479 0.4076962 0.2362013
v -0.0062915 0.4055000 0.2340098
v 0.0000000 0.4025000 0.2330000
v 0.0000000 0.3995000 0.2338039
v 0.0000000 0.3973038 0.2360000
v 0.0000000 0.3965000 0.2390000
v 0.0000000 0.3973038 0.2420000
v 0.0000000 0.3995000 0.2441962
v 0.0000000 0.4025000 0.2450000
v 0.0000000 0.4055000 0.2441962
v 0.0000000 0.4076962 0.2420000
v 0.0000000 0.4085000 0.2390000
v 0.0000000 0.4076962 0.2360000
v 0.0000000 0.4055000 0.2338039
v 0.0063441 0.4025000 0.2332077
v 0.0062915 0.3995000 0.2340098
v 0.0061479 0.3973038 0.2362013
v 0.0059517 0.3965000 0.2391949
v 0.0057555 0.3973038 0.2421884
v 0.0056118 0.3995000 0.2443799
v 0.0055593 0.4025000 0.2451820
v 0.0056118 0.4055000 0.2443799
v 0.0057555 0.4076962 0.2421884
v 0.0059517 0.4085000 0.2391948
v 0.0061479 0.4076962 0.2362013
v 0.0062915 0.4055000 0.2340098
v 0.0126610 0.4025000 0.2338299
v 0.0125561 0.3995000 0.2346268
v 0.0122694 0.3973038 0.2368042
v 0.0118779 0.3965000 0.2397785
v 0.0114863 0.3973038 0.2427529
v 0.0111996 0.3995000 0.2449302
v 0.0110947 0.4025000 0.2457272
v 0.0111996 0.4055000 0.2449302
v 0.0114863 0.4076962 0.2427529
v 0.0118779 0.4085000 0.2397785
v 0.0122694 0.4076962 0.2368042
v 0.0125561 0.4055000 0.2346268
v 0.0189237 0.4025000 0.2348638
v 0.0187669 0.3995000 0.2356522
v 0.0183385 0.3973038 0.2378062
v 0.0177532 0.3965000 0.2407486
v 0.0171679 0.3973038 0.2436909
v 0.0167395 0.3995000 0.2458449
v 0.0165827 0.4025000 0.2466333
v 0.0167395 0.4055000 0.2458449
v 0.0171679 0.4076962 0.2436909
v 0.0177532 0.4085000 0.2407485
v 0.0183385 0.4076962 0.2378062
v 0.0187669 0.4055000 0.2356522
v 0.0251054 0.4025000 0.2363052
v 0.0248974 0.3995000 0.2370817
v 0.0243289 0.3973038 0.2392030
v 0.0235525 0.3965000 0.2421008
v 0.0227760 0.3973038 0.2449985
v 0.0222076 0.3995000 0.2471199
v 0.0219996 0.4025000 0.2478963
v 0.0222076 0.4055000 0.2471198
v 0.0227760 0.4076962 0.2449985
v 0.0235525 0.4085000 0.2421007
v 0.0243289 0.4076962 0.2392030
v 0.0248974 0.4055000 0.2370816
v 0.0311796 0.4025000 0.2381478
v 0.0309212 0.3995000 0.2389090
v 0.0302153 0.3973038 0.2409886
v 0.0292509 0.3965000 0.2438294
v 0.0282866 0.3973038 0.2466702
v 0.0275807 0.3995000 0.2487498
v 0.0273223 0.4025000 0.2495109
v 0.0275807 0.4055000 0.2487497
v 0.0282866 0.4076962 0.2466701
v 0.0292509 0.4085000 0.2438294
v 0.0302153 0.4076962 0.2409886
v 0.0309212 0.4055000 0.2389090
v 0.0371203 0.4025000 0.2403837
v 0.0368127 0.3995000 0.2411264
v 0.0359723 0.3973038 0.2431553
v 0.0348242 0.3965000 0.2459270
v 0.0336762 0.3973038 0.2486986
v 0.0328357 0.3995000 0.2507276
v 0.0325281 0.4025000 0.2514703
v 0.0328357 0.4055000 0.2507276
v 0.0336762 0.4076962 0.2486986
v 0.0348242 0.4085000 0.2459270
v 0.0359723 0.4076962 0.2431553
v 0.0368127 0.4055000 0.2411264
v 0.0429020 0.4025000 0.2430034
v 0.0425465 0.3995000 0.2437243
v 0.0415751 0.3973038 0.2456940
v 0.0402483 0.3965000 0.2483846
v 0.0389214 0.3973038 0.2510752
v 0.0379501 0.3995000 0.2530449
v 0.0375945 0.4025000 0.2537658
v 0.0379501 0.4055000 0.2530449
v 0.0389214 0.4076962 0.2510752
v 0.0402483 0.4085000 0.2483846
v 0.0415751 0.4076962 0.2456940
v 0.0425465 0.4055000 0.2437243
v 0.0485000 0.4025000 0.2459956
v 0.0480981 0.3995000 0.2466917
v 0.0470000 0.3973038 0.2485936
v 0.0455000 0.3965000 0.2511917
v 0.0440000 0.3973038 0.2537898
v 0.0429019 0.3995000 0.2556917
v 0.0425000 0.4025000 0.2563879
v 0.0429019 0.4055000 0.2556917
v 0.0440000 0.4076962 0.2537898
v 0.0455000 0.4085000 0.2511917
v 0.0470000 0.4076962 0.2485936
v 0.0480981 0.4055000 0.2466917
v 0.0538903 0.4025000 0.2493474
v 0.0534437 0.3995000 0.2500158
v 0.0522236 0.3973038 0.2518419
v 0.0505569 0.3965000 0.2543363
v 0.0488902 0.3973038 0.2568307
v 0.0476701 0.3995000 0.2586567
v 0.0472235 0.4025000 0.2593251
v 0.0476701 0.4055000 0.2586567
v 0.0488902 0.4076962 0.2568307
v 0.0505569 0.4085000 0.2543363
v 0.0522236 0.4076962 0.2518419
v 0.0534437 0.4055000 0.2500158
v 0.0590498 0.4025000 0.2530447
v 0.0585605 0.3995000 0.2536825
v 0.0572236 0.3973038 0.2554248
v 0.0553973 0.3965000 0.2578048
v 0.0535710 0.3973038 0.2601849
v 0.0522340 0.3995000 0.2619272
v 0.0517447 0.4025000 0.2625650
v 0.0522340 0.4055000 0.2619272
v 0.0535710 0.4076962 0.2601849
v 0.0553973 0.4085000 0.2578048
v 0.0572236 0.4076962 0.2554248
v 0.0585605 0.4055000 0.2536825
v 0.0639565 0.4025000 0.2570715
v 0.0634265 0.3995000 0.2576759
v 0.0619785 0.3973038 0.2593271
v 0.0600004 0.3965000 0.2615826
v 0.0580224 0.3973038 0.2638381
v 0.0565744 0.3995000 0.2654893
v 0.0560444 0.4025000 0.2660936
v 0.0565744 0.4055000 0.2654893
v 0.0580224 0.4076962 0.2638381
v 0.0600004 0.4085000 0.2615826
v 0.0619785 0.4076962 0.2593271
v 0.0634265 0.4055000 0.2576759
v 0.0685893 0.4025000 0.2614106
v 0.0680209 0.3995000 0.2619790
v 0.0664680 0.3973038 0.2635320
v 0.0643467 0.3965000 0.2656533
v 0.0622254 0.3973038 0.2677746
v 0.0606724 0.3995000 0.2693275
v 0.0601040 0.4025000 0.2698959
v 0.0606724 0.4055000 0.2693275
v 0.0622254 0.4076962 0.2677746
v 0.0643467 0.4085000 0.2656533
v 0.0664680 0.4076962 0.2635319
v 0.0680209 0.4055000 0.2619790
v 0.0729285 0.4025000 0.2660435
v 0.0723241 0.3995000 0.2665735
v 0.0706730 0.3973038 0.2680215
v 0.0684174 0.3965000 0.2699996
v 0.0661619 0.3973038 0.2719776
v 0.0645108 0.3995000 0.2734256
v 0.0639064 0.4025000 0.2739556
v 0.0645108 0.4055000 0.2734256
v 0.0661619 0.4076962 0.2719776
v 0.0684174 0.4085000 0.2699996
v 0.0706730 0.4076962 0.2680215
v 0.0723241 0.4055000 0.2665735
v 0.0769553 0.4025000 0.2709502
v 0.0763175 0.3995000 0.2714395
v 0.0745752 0.3973038 0.2727765
v 0.0721952 0.3965000 0.2746027
v 0.0698151 0.3973038 0.2764290
v 0.0680728 0.3995000 0.2777660
v 0.0674350 0.4025000 0.2782553
v 0.0680728 0.4055000 0.2777660
v 0.0698151 0.4076962 0.2764290
v 0.0721952 0.4085000 0.2746027
v 0.0745752 0.4076962 0.2727765
v 0.0763175 0.4055000 0.2714395
v 0.0806525 0.4025000 0.2761097
v 0.0799842 0.3995000 0.2765563
v 0.0781581 0.3973038 0.2777764
v 0.0756637 0.3965000 0.2794431
v 0.0731693 0.3973038 0.2811098
v 0.0713433 0.3995000 0.2823299
v 0.0706749 0.4025000 0.2827765
v 0.0713433 0.4055000 0.2823299
v 0.0731693 0.4076962 0.2811098
v 0.0756637 0.4085000 0.2794431
v 0.0781581 0.4076962 0.2777764
v 0.0799842 0.4055000 0.2765563
v 0.0840045 0.4025000 0.2815000
v 0.0833083 0.3995000 0.2819019
v 0.0814064 0.3973038 0.2830000
v 0.0788083 0.3965000 0.2845000
v 0.0762102 0.3973038 0.2860000
v 0.0743083 0.3995000 0.2870981
v 0.0736122 0.4025000 0.2875000
v 0.0743083 0.4055000 0.2870981
v 0.0762102 0.4076962 0.2860000
v 0.0788083 0.4085000 0.2845000
v 0.0814064 0.4076962 0.2830000
v 0.0833083 0.4055000 0.2819019
v 0.0869966 0.4025000 0.2870980
v 0.0862757 0.3995000 0.2874535
v 0.0843060 0.3973038 0.2884248
v 0.0816154 0.3965000 0.2897517
v 0.0789248 0.3973038 0.2910786
v 0.0769551 0.3995000 0.2920499
v 0.0762342 0.4025000 0.2924055
v 0.0769551 0.4055000 0.2920499
v 0.0789248 0.4076962 0.2910786
v 0.0816154 0.4085000 0.2897517
v 0.0843060 0.4076962 0.2884248
v 0.0862757 0.4055000 0.2874535
v 0.0896163 0.4025000 0.2928797
v 0.0888736 0.3995000 0.2931873
v 0.0868447 0.3973038 0.2940277
v 0.0840730 0.3965000 0.2951758
v 0.0813014 0.3973038 0.2963238
v 0.0792724 0.3995000 0.2971643
v 0.0785297 0.4025000 0.2974719
v 0.0792724 0.4055000 0.2971643
v 0.0813014 0.4076962 0.2963238
v 0.0840730 0.4085000 0.2951758
v 0.0868447 0.4076962 0.2940277
v 0.0888736 0.4055000 0.2931873
v 0.0918522 0.4025000 0.2988203
v 0.0910910 0.3995000 0.2990787
v 0.0890114 0.3973038 0.2997847
v 0.0861706 0.3965000 0.3007490
v 0.0833298 0.3973038 0.3017133
v 0.0812502 0.3995000 0.3024192
v 0.0804890 0.4025000 0.3026776
v 0.0812502 0.4055000 0.3024192
v 0.0833298 0.4076962 0.3017133
v 0.0861706 0.4085000 0.3007490
v 0.0890114 0.4076962 0.2997847
v 0.0910910 0.4055000 0.2990787
v 0.0936948 0.4025000 0.3048946
v 0.0929184 0.3995000 0.3051026
v 0.0907970 0.3973038 0.3056710
v 0.0878993 0.3965000 0.3064475
v 0.0850015 0.3973038 0.3072240
v 0.0828802 0.3995000 0.3077924
v 0.0821037 0.4025000 0.3080004
v 0.0828802 0.4055000 0.3077924
v 0.0850015 0.4076962 0.3072239
v 0.0878993 0.4085000 0.3064475
v 0.0907970 0.4076962 0.3056710
v 0.0929184 0.4055000 0.3051026
v 0.0951362 0.4025000 0.3110763
v 0.0943478 0.3995000 0.3112331
v 0.0921938 0.3973038 0.3116615
v 0.0892515 0.3965000 0.3122468
v 0.0863091 0.3973038 0.3128321
v 0.0841551 0.3995000 0.3132605
v 0.0833668 0.4025000 0.3134173
v 0.0841551 0.4055000 0.3132605
v 0.0863091 0.4076962 0.3128321
v 0.0892515 0.4085000 0.3122468
v 0.0921938 0.4076962 0.3116615
v 0.0943478 0.4055000 0.3112331
v 0.0961701 0.4025000 0.3173390
v 0.0953732 0.3995000 0.3174439
v 0.0931958 0.3973038 0.3177305
v 0.0902215 0.3965000 0.3181221
v 0.0872471 0.3973038 0.3185137
v 0.0850698 0.3995000 0.3188004
v 0.0842728 0.4025000 0.3189053
v 0.0850698 0.4055000 0.3188004
v 0.0872471 0.4076962 0.3185137
v 0.0902215 0.4085000 0.3181221
v 0.0931958 0.4076962 0.3177305
v 0.0953732 0.4055000 0.3174439
v 0.0967923 0.4025000 0.3236559
v 0.0959902 0.3995000 0.3237085
v 0.0937987 0.3973038 0.3238521
v 0.0908052 0.3965000 0.3240483
v 0.0878116 0.3973038 0.3242445
v 0.0856201 0.3995000 0.3243882
v 0.0848180 0.4025000 0.3244407
v 0.0856201 0.4055000 0.3243882
v 0.0878116 0.4076962 0.3242445
v 0.0908052 0.4085000 0.3240483
v 0.0937987 0.4076962 0.3238521
v 0.0959902 0.4055000 0.3237085
f 2541 2553 2554
f 2541 2554 2542
f 2542 2554 2555
f 2542 2555 2543
f 2543 2555 2556
f 2543 2556 2544
f 2544 2556 2557
f 2544 2557 2545
f 2545 2557 2558
f 2545 2558 2546
f 2546 2558 2559
f 2546 2559 2547
f 2547 2559 2560
f 2547 2560 2548
f 2548 2560 2561
f 2548 2561 2549
f 2549 2561 2562
f 2549 2562 2550
f 2550 2562 2563
f 2550 2563 2551
f 2551 2563 2564
f 2551 2564 2552
f 2552 2564 2553
f 2552 2553 2541
f 2553 2565 2566
f 2553 2566 2554
f 2554 2566 2567
f 2554 2567 2555
f 2555 2567 2568
f 2555 2568 2556
f 2556 2568 2569
f 2556 2569 2557
f 2557 2569 2570
f 2557 2570 2558
f 2558 2570 2571
f 2558 2571 2559
f 2559 2571 2572
f 2559 2572 2560
f 2560 2572 2573
f 2560 2573 2561
f 2561 2573 2574
f 2561 2574 2562
f 2562 2574 2575
f 2562 2575 2563
f 2563 2575 2576
f 2563 2576 2564
f 2564 2576 2565
f 2564 2565 2553
f 2565 2577 2578
f 2565 2578 2566
f 2566 2578 2579
f 2566 2579 2567
f 2567 2579 2580
f 2567 2580 2568
f 2568 2580 2581
f 2568 2581 2569
f 2569 2581 2582
f 2569 2582 2570
f 2570 2582 2583
f 2570 2583 2571
f 2571 2583 2584
f 2571 2584 2572
f 2572 2584 2585
f 2572 2585 2573
f 2573 2585 2586
f 2573 2586 2574
f 2574 2586 2587
f 2574 2587 2575
f 2575 2587 2588
f 2575 2588 2576
f 2576 2588 2577
f 2576 2577 2565
f 2577 2589 2590
f 2577 2590 2578
f 2578 2590 2591
f 2578 2591 2579
f 2579 2591 2592
f 2579 2592 2580
f 2580 2592 2593
f 2580 2593 2581
f 2581 2593 2594
f 2581 2594 2582
f 2582 2594 2595
f 2582 2595 2583
f 2583 2595 2596
f 2583 2596 2584
f 2584 2596 2597
f 2584 2597 2585
f 2585 2597 2598
f 2585 2598 2586
f 2586 2598 2599
f 2586 2599 2587
f 2587 2599 2600
f 2587 2600 2588
f 2588 2600 2589
f 2588 2589 2577
f 2589 2601 2602
f 2589 2602 2590
f 2590 2602 2603
f 2590 2603 2591
f 2591 2603 2604
f 2591 2604 2592
f 2592 2604 2605
f 2592 2605 2593
f 2593 2605 2606
f 2593 2606 2594
f 2594 2606 2607
f 2594 2607 2595
f 2595 2607 2608
f 2595 2608 2596
f 2596 2608 2609
f 2596 2609 2597
f 2597 2609 2610
f 2597 2610 2598
f 2598 2610 2611
f 2598 2611 2599
f 2599 2611 2612
f 2599 2612 2600
f 2600 2612 2601
f 2600 2601 2589
f 2601 2613 2614
f 2601 2614 2602
f 2602 2614 2615
f 2602 2615 2603
f 2603 2615 2616
f 2603 2616 2604
f 2604 2616 2617
f 2604 2617 2605
f 2605 2617 2618
f 2605 2618 2606
f 2606 2618 2619
f 2606 2619 2607
f 2607 2619 2620
f 2607 2620 2608
f 2608 2620 2621
f 2608 2621 2609
f 2609 2621 2622
f 2609 2622 2610
f 2610 2622 2623
f 2610 2623 2611
f 2611 2623 2624
f 2611 2624 2612
f 2612 2624 2613
f 2612 2613 2601
f 2613 2625 2626
f 2613 2626 2614
f 2614 2626 2627
f 2614 2627 2615
f 2615 2627 2628
f 2615 2628 2616
f 2616 2628 2629
f 2616 2629 2617
f 2617 2629 2630
f 2617 2630 2618
f 2618 2630 2631
f 2618 2631 2619
f 2619 2631 2632
f 2619 2632 2620
f 2620 2632 2633
f 2620 2633 2621
f 2621 2633 2634
f 2621 2634 2622
f 2622 2634 2635
f 2622 2635 2623
f 2623 2635 2636
f 2623 2636 2624
f 2624 2636 2625
f 2624 2625 2613
f 2625 2637 2638
f 2625 2638 2626
f 2626 2638 2639
f 2626 2639 2627
f 2627 2639 2640
f 2627 2640 2628
f 2628 2640 2641
f 2628 2641 2629
f 2629 2641 2642
f 2629 2642 2630
f 2630 2642 2643
f 2630 2643 2631
f 2631 2643 2644
f 2631 2644 2632
f 2632 2644 2645
f 2632 2645 2633
f 2633 2645 2646
f 2633 2646 2634
f 2634 2646 2647
f 2634 2647 2635
f 2635 2647 2648
f 2635 2648 2636
f 2636 2648 2637
f 2636 2637 2625
f 2637 2649 2650
f 2637 2650 2638
f 2638 2650 2651
f 2638 2651 2639
f 2639 2651 2652
f 2639 2652 2640
f 2640 2652 2653
f 2640 2653 2641
f 2641 2653 2654
f 2641 2654 2642
f 2642 2654 2655
f 2642 2655 2643
f 2643 2655 2656
f 2643 2656 2644
f 2644 2656 2657
f 2644 2657 2645
f 2645 2657 2658
f 2645 2658 2646
f 2646 2658 2659
f 2646 2659 2647
f 2647 2659 2660
f 2647 2660 2648
f 2648 2660 2649
f 2648 2649 2637
f 2649 2661 2662
f 2649 2662 2650
f 2650 2662 2663
f 2650 2663 2651
f 2651 2663 2664
f 2651 2664 2652
f 2652 2664 2665
f 2652 2665 2653
f 2653 2665 2666
f 2653 2666 2654
f 2654 2666 2667
f 2654 2667 2655
f 2655 2667 2668
f 2655 2668 2656
f 2656 2668 2669
f 2656 2669 2657
f 2657 2669 2670
f 2657 2670 2658
f 2658 2670 2671
f 2658 2671 2659
f 2659 2671 2672
f 2659 2672 2660
f 2660 2672 2661
f 2660 2661 2649
f 2661 2673 2674
f 2661 2674 2662
f 2662 2674 2675
f 2662 2675 2663
f 2663 2675 2676
f 2663 2676 2664
f 2664 2676 2677
f 2664 2677 2665
f 2665 2677 2678
f 2665 2678 2666
f 2666 2678 2679
f 2666 2679 2667
f 2667 2679 2680
f 2667 2680 2668
f 2668 2680 2681
f 2668 2681 2669
f 2669 2681 2682
f 2669 2682 2670
f 2670 2682 2683
f 2670 2683 2671
f 2671 2683 2684
f 2671 2684 2672
f 2672 2684 2673
f 2672 2673 2661
f 2673 2685 2686
f 2673 2686 2674
f 2674 2686 2687
f 2674 2687 2675
f 2675 2687 2688
f 2675 2688 2676
f 2676 2688 2689
f 2676 2689 2677
f 2677 2689 2690
f 2677 2690 2678
f 2678 2690 2691
f 2678 2691 2679
f 2679 2691 2692
f 2679 2692 2680
f 2680 2692 2693
f 2680 2693 2681
f 2681 2693 2694
f 2681 2694 2682
f 2682 2694 2695
f 2682 2695 2683
f 2683 2695 2696
f 2683 2696 2684
f 2684 2696 2685
f 2684 2685 2673
f 2685 2697 2698
f 2685 2698 2686
f 2686 2698 2699
f 2686 2699 2687
f 2687 2699 2700
f 2687 2700 2688
f 2688 2700 2701
f 2688 2701 2689
f 2689 2701 2702
f 2689 2702 2690
f 2690 2702 2703
f 2690 2703 2691
f 2691 2703 2704
f 2691 2704 2692
f 2692 2704 2705
f 2692 2705 2693
f 2693 2705 2706
f 2693 2706 2694
f 2694 2706 2707
f 2694 2707 2695
f 2695 2707 2708
f 2695 2708 2696
f 2696 2708 2697
f 2696 2697 2685
f 2697 2709 2710
f 2697 2710 2698
f 2698 2710 2711
f 2698 2711 2699
f 2699 2711 2712
f 2699 2712 2700
f 2700 2712 2713
f 2700 2713 2701
f 2701 2713 2714
f 2701 2714 2702
f 2702 2714 2715
f 2702 2715 2703
f 2703 2715 2716
f 2703 2716 2704
f 2704 2716 2717
f 2704 2717 2705
f 2705 2717 2718
f 2705 2718 2706
f 2706 2718 2719
f 2706 2719 2707
f 2707 2719 2720
f 2707 2720 2708
f 2708 2720 2709
f 2708 2709 2697
f 2709 2721 2722
f 2709 2722 2710
f 2710 2722 2723
f 2710 2723 2711
f 2711 2723 2724
f 2711 2724 2712
f 2712 2724 2725
f 2712 2725 2713
f 2713 2725 2726
f 2713 2726 2714
f 2714 2726 2727
f 2714 2727 2715
f 2715 2727 2728
f 2715 2728 2716
f 2716 2728 2729
f 2716 2729 2717
f 2717 2729 2730
f 2717 2730 2718
f 2718 2730 2731
f 2718 2731 2719
f 2719 2731 2732
f 2719 2732 2720
f 2720 2732 2721
f 2720 2721 2709
f 2721 2733 2734
f 2721 2734 2722
f 2722 2734 2735
f 2722 2735 2723
f 2723 2735 2736
f 2723 2736 2724
f 2724 2736 2737
f 2724 2737 2725
f 2725 2737 2738
f 2725 2738 2726
f 2726 2738 2739
f 2726 2739 2727
f 2727 2739 2740
f 2727 2740 2728
f 2728 2740 2741
f 2728 2741 2729
f 2729 2741 2742
f 2729 2742 2730
f 2730 2742 2743
f 2730 2743 2731
f 2731 2743 2744
f 2731 2744 2732
f 2732 2744 2733
f 2732 2733 2721
f 2733 2745 2746
f 2733 2746 2734
f 2734 2746 2747
f 2734 2747 2735
f 2735 2747 2748
f 2735 2748 2736
f 2736 2748 2749
f 2736 2749 2737
f 2737 2749 2750
f 2737 2750 2738
f 2738 2750 2751
f 2738 2751 2739
f 2739 2751 2752
f 2739 2752 2740
f 2740 2752 2753
f 2740 2753 2741
f 2741 2753 2754
f 2741 2754 2742
f 2742 2754 2755
f 2742 2755 2743
f 2743 2755 2756
f 2743 2756 2744
f 2744 2756 2745
f 2744 2745 2733
f 2745 2757 2758
f 2745 2758 2746
f 2746 2758 2759
f 2746 2759 2747
f 2747 2759 2760
f 2747 2760 2748
f 2748 2760 2761
f 2748 2761 2749
f 2749 2761 2762
f 2749 2762 2750
f 2750 2762 2763
f 2750 2763 2751
f 2751 2763 2764
f 2751 2764 2752
f 2752 2764 2765
f 2752 2765 2753
f 2753 2765 2766
f 2753 2766 2754
f 2754 2766 2767
f 2754 2767 2755
f 2755 2767 2768
f 2755 2768 2756
f 2756 2768 2757
f 2756 2757 2745
f 2757 2769 2770
f 2757 2770 2758
f 2758 2770 2771
f 2758 2771 2759
f 2759 2771 2772
f 2759 2772 2760
f 2760 2772 2773
f 2760 2773 2761
f 2761 2773 2774
f 2761 2774 2762
f 2762 2774 2775
f 2762 2775 2763
f 2763 2775 2776
f 2763 2776 2764
f 2764 2776 2777
f 2764 2777 2765
f 2765 2777 2778
f 2765 2778 2766
f 2766 2778 2779
f 2766 2779 2767
f 2767 2779 2780
f 2767 2780 2768
f 2768 2780 2769
f 2768 2769 2757
f 2769 2781 2782
f 2769 2782 2770
f 2770 2782 2783
f 2770 2783 2771
f 2771 2783 2784
f 2771 2784 2772
f 2772 2784 2785
f 2772 2785 2773
f 2773 2785 2786
f 2773 2786 2774
f 2774 2786 2787
f 2774 2787 2775
f 2775 2787 2788
f 2775 2788 2776
f 2776 2788 2789
f 2776 2789 2777
f 2777 2789 2790
f 2777 2790 2778
f 2778 2790 2791
f 2778 2791 2779
f 2779 2791 2792
f 2779 2792 2780
f 2780 2792 2781
f 2780 2781 2769
f 2781 2793 2794
f 2781 2794 2782
f 2782 2794 2795
f 2782 2795 2783
f 2783 2795 2796
f 2783 2796 2784
f 2784 2796 2797
f 2784 2797 2785
f 2785 2797 2798
f 2785 2798 2786
f 2786 2798 2799
f 2786 2799 2787
f 2787 2799 2800
f 2787 2800 2788
f 2788 2800 2801
f 2788 2801 2789
f 2789 2801 2802
f 2789 2802 2790
f 2790 2802 2803
f 2790 2803 2791
f 2791 2803 2804
f 2791 2804 2792
f 2792 2804 2793
f 2792 2793 2781
f 2793 2805 2806
f 2793 2806 2794
f 2794 2806 2807
f 2794 2807 2795
f 2795 2807 2808
f 2795 2808 2796
f 2796 2808 2809
f 2796 2809 2797
f 2797 2809 2810
f 2797 2810 2798
f 2798 2810 2811
f 2798 2811 2799
f 2799 2811 2812
f 2799 2812 2800
f 2800 2812 2813
f 2800 2813 2801
f 2801 2813 2814
f 2801 2814 2802
f 2802 2814 2815
f 2802 2815 2803
f 2803 2815 2816
f 2803 2816 2804
f 2804 2816 2805
f 2804 2805 2793
f 2805 2817 2818
f 2805 2818 2806
f 2806 2818 2819
f 2806 2819 2807
f 2807 2819 2820
f 2807 2820 2808
f 2808 2820 2821
f 2808 2821 2809
f 2809 2821 2822
f 2809 2822 2810
f 2810 2822 2823
f 2810 2823 2811
f 2811 2823 2824
f 2811 2824 2812
f 2812 2824 2825
f 2812 2825 2813
f 2813 2825 2826
f 2813 2826 2814
f 2814 2826 2827
f 2814 2827 2815
f 2815 2827 2828
f 2815 2828 2816
f 2816 2828 2817
f 2816 2817 2805
f 2817 2829 2830
f 2817 2830 2818
f 2818 2830 2831
f 2818 2831 2819
f 2819 2831 2832
f 2819 2832 2820
f 2820 2832 2833
f 2820 2833 2821
f 2821 2833 2834
f 2821 2834 2822
f 2822 2834 2835
f 2822 2835 2823
f 2823 2835 2836
f 2823 2836 2824
f 2824 2836 2837
f 2824 2837 2825
f 2825 2837 2838
f 2825 2838 2826
f 2826 2838 2839
f 2826 2839 2827
f 2827 2839 2840
f 2827 2840 2828
f 2828 2840 2829
f 2828 2829 2817
f 2829 2841 2842
f 2829 2842 2830
f 2830 2842 2843
f 2830 2843 2831
f 2831 2843 2844
f 2831 2844 2832
f 2832 2844 2845
f 2832 2845 2833
f 2833 2845 2846
f 2833 2846 2834
f 2834 2846 2847
f 2834 2847 2835
f 2835 2847 2848
f 2835 2848 2836
f 2836 2848 2849
f 2836 2849 2837
f 2837 2849 2850
f 2837 2850 2838
f 2838 2850 2851
f 2838 2851 2839
f 2839 2851 2852
f 2839 2852 2840
f 2840 2852 2841
f 2840 2841 2829
f 2841 2853 2854
f 2841 2854 2842
f 2842 2854 2855
f 2842 2855 2843
f 2843 2855 2856
f 2843 2856 2844
f 2844 2856 2857
f 2844 2857 2845
f 2845 2857 2858
f 2845 2858 2846
f 2846 2858 2859
f 2846 2859 2847
f 2847 2859 2860
f 2847 2860 2848
f 2848 2860 2861
f 2848 2861 2849
f 2849 2861 2862
f 2849 2862 2850
f 2850 2862 2863
f 2850 2863 2851
f 2851 2863 2864
f 2851 2864 2852
f 2852 2864 2853
f 2852 2853 2841
f 2853 2865 2866
f 2853 2866 2854
f 2854 2866 2867
f 2854 2867 2855
f 2855 2867 2868
f 2855 2868 2856
f 2856 2868 2869
f 2856 2869 2857
f 2857 2869 2870
f 2857 2870 2858
f 2858 2870 2871
f 2858 2871 2859
f 2859 2871 2872
f 2859 2872 2860
f 2860 2872 2873
f 2860 2873 2861
f 2861 2873 2874
f 2861 2874 2862
f 2862 2874 2875
f 2862 2875 2863
f 2863 2875 2876
f 2863 2876 2864
f 2864 2876 2865
f 2864 2865 2853
f 2865 2877 2878
f 2865 2878 2866
f 2866 2878 2879
f 2866 2879 2867
f 2867 2879 2880
f 2867 2880 2868
f 2868 2880 2881
f 2868 2881 2869
f 2869 2881 2882
f 2869 2882 2870
f 2870 2882 2883
f 2870 2883 2871
f 2871 2883 2884
f 2871 2884 2872
f 2872 2884 2885
f 2872 2885 2873
f 2873 2885 2886
f 2873 2886 2874
f 2874 2886 2887
f 2874 2887 2875
f 2875 2887 2888
f 2875 2888 2876
f 2876 2888 2877
f 2876 2877 2865
f 2877 2889 2890
f 2877 2890 2878
f 2878 2890 2891
f 2878 2891 2879
f 2879 2891 2892
f 2879 2892 2880
f 2880 2892 2893
f 2880 2893 2881
f 2881 2893 2894
f 2881 2894 2882
f 2882 2894 2895
f 2882 2895 2883
f 2883 2895 2896
f 2883 2896 2884
f 2884 2896 2897
f 2884 2897 2885
f 2885 2897 2898
f 2885 2898 2886
f 2886 2898 2899
f 2886 2899 2887
f 2887 2899 2900
f 2887 2900 2888
f 2888 2900 2889
f 2888 2889 2877
f 2889 2901 2902
f 2889 2902 2890
f 2890 2902 2903
f 2890 2903 2891
f 2891 2903 2904
f 2891 2904 2892
f 2892 2904 2905
f 2892 2905 2893
f 2893 2905 2906
f 2893 2906 2894
f 2894 2906 2907
f 2894 2907 2895
f 2895 2907 2908
f 2895 2908 2896
f 2896 2908 2909
f 2896 2909 2897
f 2897 2909 2910
f 2897 2910 2898
f 2898 2910 2911
f 2898 2911 2899
f 2899 2911 2912
f 2899 2912 2900
f 2900 2912 2901
f 2900 2901 2889
f 2901 2913 2914
f 2901 2914 2902
f 2902 2914 2915
f 2902 2915 2903
f 2903 2915 2916
f 2903 2916 2904
f 2904 2916 2917
f 2904 2917 2905
f 2905 2917 2918
f 2905 2918 2906
f 2906 2918 2919
f 2906 2919 2907
f 2907 2919 2920
f 2907 2920 2908
f 2908 2920 2921
f 2908 2921 2909
f 2909 2921 2922
f 2909 2922 2910
f 2910 2922 2923
f 2910 2923 2911
f 2911 2923 2924
f 2911 2924 2912
f 2912 2924 2913
f 2912 2913 2901
f 2913 2925 2926
f 2913 2926 2914
f 2914 2926 2927
f 2914 2927 2915
f 2915 2927 2928
f 2915 2928 2916
f 2916 2928 2929
f 2916 2929 2917
f 2917 2929 2930
f 2917 2930 2918
f 2918 2930 2931
f 2918 2931 2919
f 2919 2931 2932
f 2919 2932 2920
f 2920 2932 2933
f 2920 2933 2921
f 2921 2933 2934
f 2921 2934 2922
f 2922 2934 2935
f 2922 2935 2923
f 2923 2935 2936
f 2923 2936 2924
f 2924 2936 2925
f 2924 2925 2913
f 2925 2937 2938
f 2925 2938 2926
f 2926 2938 2939
f 2926 2939 2927
f 2927 2939 2940
f 2927 2940 2928
f 2928 2940 2941
f 2928 2941 2929
f 2929 2941 2942
f 2929 2942 2930
f 2930 2942 2943
f 2930 2943 2931
f 2931 2943 2944
f 2931 2944 2932
f 2932 2944 2945
f 2932 2945 2933
f 2933 2945 2946
f 2933 2946 2934
f 2934 2946 2947
f 2934 2947 2935
f 2935 2947 2948
f 2935 2948 2936
f 2936 2948 2937
f 2936 2937 2925
f 2937 2949 2950
f 2937 2950 2938
f 2938 2950 2951
f 2938 2951 2939
f 2939 2951 2952
f 2939 2952 2940
f 2940 2952 2953
f 2940 2953 2941
f 2941 2953 2954
f 2941 2954 2942
f 2942 2954 2955
f 2942 2955 2943
f 2943 2955 2956
f 2943 2956 2944
f 2944 2956 2957
f 2944 2957 2945
f 2945 2957 2958
f 2945 2958 2946
f 2946 2958 2959
f 2946 2959 2947
f 2947 2959 2960
f 2947 2960 2948
f 2948 2960 2949
f 2948 2949 2937
f 2949 2961 2962
f 2949 2962 2950
f 2950 2962 2963
f 2950 2963 2951
f 2951 2963 2964
f 2951 2964 2952
f 2952 2964 2965
f 2952 2965 2953
f 2953 2965 2966
f 2953 2966 2954
f 2954 2966 2967
f 2954 2967 2955
f 2955 2967 2968
f 2955 2968 2956
f 2956 2968 2969
f 2956 2969 2957
f 2957 2969 2970
f 2957 2970 2958
f 2958 2970 2971
f 2958 2971 2959
f 2959 2971 2972
f 2959 2972 2960
f 2960 2972 2961
f 2960 2961 2949
f 2961 2973 2974
f 2961 2974 2962
f 2962 2974 2975
f 2962 2975 2963
f 2963 2975 2976
f 2963 2976 2964
f 2964 2976 2977
f 2964 2977 2965
f 2965 2977 2978
f 2965 2978 2966
f 2966 2978 2979
f 2966 2979 2967
f 2967 2979 2980
f 2967 2980 2968
f 2968 2980 2981
f 2968 2981 2969
f 2969 2981 2982
f 2969 2982 2970
f 2970 2982 2983
f 2970 2983 2971
f 2971 2983 2984
f 2971 2984 2972
f 2972 2984 2973
f 2972 2973 2961
f 2973 2985 2986
f 2973 2986 2974
f 2974 2986 2987
f 2974 2987 2975
f 2975 2987 2988
f 2975 2988 2976
f 2976 2988 2989
f 2976 2989 2977
f 2977 2989 2990
f 2977 2990 2978
f 2978 2990 2991
f 2978 2991 2979
f 2979 2991 2992
f 2979 2992 2980
f 2980 2992 2993
f 2980 2993 2981
f 2981 2993 2994
f 2981 2994 2982
f 2982 2994 2995
f 2982 2995 2983
f 2983 2995 2996
f 2983 2996 2984
f 2984 2996 2985
f 2984 2985 2973
f 2985 2997 2998
f 2985 2998 2986
f 2986 2998 2999
f 2986 2999 2987
f 2987 2999 3000
f 2987 3000 2988
f 2988 3000 3001
f 2988 3001 2989
f 2989 3001 3002
f 2989 3002 2990
f 2990 3002 3003
f 2990 3003 2991
f 2991 3003 3004
f 2991 3004 2992
f 2992 3004 3005
f 2992 3005 2993
f 2993 3005 3006
f 2993 3006 2994
f 2994 3006 3007
f 2994 3007 2995
f 2995 3007 3008
f 2995 3008 2996
f 2996 3008 2997
f 2996 2997 2985
f 2997 3009 3010
f 2997 3010 2998
f 2998 3010 3011
f 2998 3011 2999
f 2999 3011 3012
f 2999 3012 3000
f 3000 3012 3013
f 3000 3013 3001
f 3001 3013 3014
f 3001 3014 3002
f 3002 3014 3015
f 3002 3015 3003
f 3003 3015 3016
f 3003 3016 3004
f 3004 3016 3017
f 3004 3017 3005
f 3005 3017 3018
f 3005 3018 3006
f 3006 3018 3019
f 3006 3019 3007
f 3007 3019 3020
f 3007 3020 3008
f 3008 3020 3009
f 3008 3009 2997
f 3009 3021 3022
f 3009 3022 3010
f 3010 3022 3023
f 3010 3023 3011
f 3011 3023 3024
f 3011 3024 3012
f 3012 3024 3025
f 3012 3025 3013
f 3013 3025 3026
f 3013 3026 3014
f 3014 3026 3027
f 3014 3027 3015
f 3015 3027 3028
f 3015 3028 3016
f 3016 3028 3029
f 3016 3029 3017
f 3017 3029 3030
f 3017 3030 3018
f 3018 3030 3031
f 3018 3031 3019
f 3019 3031 3032
f 3019 3032 3020
f 3020 3032 3021
f 3020 3021 3009
f 3021 3033 3034
f 3021 3034 3022
f 3022 3034 3035
f 3022 3035 3023
f 3023 3035 3036
f 3023 3036 3024
f 3024 3036 3037
f 3024 3037 3025
f 3025 3037 3038
f 3025 3038 3026
f 3026 3038 3039
f 3026 3039 3027
f 3027 3039 3040
f 3027 3040 3028
f 3028 3040 3041
f 3028 3041 3029
f 3029 3041 3042
f 3029 3042 3030
f 3030 3042 3043
f 3030 3043 3031
f 3031 3043 3044
f 3031 3044 3032
f 3032 3044 3033
f 3032 3033 3021
f 3033 3045 3046
f 3033 3046 3034
f 3034 3046 3047
f 3034 3047 3035
f 3035 3047 3048
f 3035 3048 3036
f 3036 3048 3049
f 3036 3049 3037
f 3037 3049 3050
f 3037 3050 3038
f 3038 3050 3051
f 3038 3051 3039
f 3039 3051 3052
f 3039 3052 3040
f 3040 3052 3053
f 3040 3053 3041
f 3041 3053 3054
f 3041 3054 3042
f 3042 3054 3055
f 3042 3055 3043
f 3043 3055 3056
f 3043 3056 3044
f 3044 3056 3045
f 3044 3045 3033
f 3045 3057 3058
f 3045 3058 3046
f 3046 3058 3059
f 3046 3059 3047
f 3047 3059 3060
f 3047 3060 3048
f 3048 3060 3061
f 3048 3061 3049
f 3049 3061 3062
f 3049 3062 3050
f 3050 3062 3063
f 3050 3063 3051
f 3051 3063 3064
f 3051 3064 3052
f 3052 3064 3065
f 3052 3065 3053
f 3053 3065 3066
f 3053 3066 3054
f 3054 3066 3067
f 3054 3067 3055
f 3055 3067 3068
f 3055 3068 3056
f 3056 3068 3057
f 3056 3057 3045
f 3057 3069 3070
f 3057 3070 3058
f 3058 3070 3071
f 3058 3071 3059
f 3059 3071 3072
f 3059 3072 3060
f 3060 3072 3073
f 3060 3073 3061
f 3061 3073 3074
f 3061 3074 3062
f 3062 3074 3075
f 3062 3075 3063
f 3063 3075 3076
f 3063 3076 3064
f 3064 3076 3077
f 3064 3077 3065
f 3065 3077 3078
f 3065 3078 3066
f 3066 3078 3079
f 3066 3079 3067
f 3067 3079 3080
f 3067 3080 3068
f 3068 3080 3069
f 3068 3069 3057
f 3069 3081 3082
f 3069 3082 3070
f 3070 3082 3083
f 3070 3083 3071
f 3071 3083 3084
f 3071 3084 3072
f 3072 3084 3085
f 3072 3085 3073
f 3073 3085 3086
f 3073 3086 3074
f 3074 3086 3087
f 3074 3087 3075
f 3075 3087 3088
f 3075 3088 3076
f 3076 3088 3089
f 3076 3089 3077
f 3077 3089 3090
f 3077 3090 3078
f 3078 3090 3091
f 3078 3091 3079
f 3079 3091 3092
f 3079 3092 3080
f 3080 3092 3081
f 3080 3081 3069
f 3081 3093 3094
f 3081 3094 3082
f 3082 3094 3095
f 3082 3095 3083
f 3083 3095 3096
f 3083 3096 3084
f 3084 3096 3097
f 3084 3097 3085
f 3085 3097 3098
f 3085 3098 3086
f 3086 3098 3099
f 3086 3099 3087
f 3087 3099 3100
f 3087 3100 3088
f 3088 3100 3101
f 3088 3101 3089
f 3089 3101 3102
f 3089 3102 3090
f 3090 3102 3103
f 3090 3103 3091
f 3091 3103 3104
f 3091 3104 3092
f 3092 3104 3093
f 3092 3093 3081
f 3093 3105 3106
f 3093 3106 3094
f 3094 3106 3107
f 3094 3107 3095
f 3095 3107 3108
f 3095 3108 3096
f 3096 3108 3109
f 3096 3109 3097
f 3097 3109 3110
f 3097 3110 3098
f 3098 3110 3111
f 3098 3111 3099
f 3099 3111 3112
f 3099 3112 3100
f 3100 3112 3113
f 3100 3113 3101
f 3101 3113 3114
f 3101 3114 3102
f 3102 3114 3115
f 3102 3115 3103
f 3103 3115 3116
f 3103 3116 3104
f 3104 3116 3105
f 3104 3105 3093
f 3105 3117 3118
f 3105 3118 3106
f 3106 3118 3119
f 3106 3119 3107
f 3107 3119 3120
f 3107 3120 3108
f 3108 3120 3121
f 3108 3121 3109
f 3109 3121 3122
f 3109 3122 3110
f 3110 3122 3123
f 3110 3123 3111
f 3111 3123 3124
f 3111 3124 3112
f 3112 3124 3125
f 3112 3125 3113
f 3113 3125 3126
f 3113 3126 3114
f 3114 3126 3127
f 3114 3127 3115
f 3115 3127 3128
f 3115 3128 3116
f 3116 3128 3117
f 3116 3117 3105
f 3117 3129 3130
f 3117 3130 3118
f 3118 3130 3131
f 3118 3131 3119
f 3119 3131 3132
f 3119 3132 3120
f 3120 3132 3133
f 3120 3133 3121
f 3121 3133 3134
f 3121 3134 3122
f 3122 3134 3135
f 3122 3135 3123
f 3123 3135 3136
f 3123 3136 3124
f 3124 3136 3137
f 3124 3137 3125
f 3125 3137 3138
f 3125 3138 3126
f 3126 3138 3139
f 3126 3139 3127
f 3127 3139 3140
f 3127 3140 3128
f 3128 3140 3129
f 3128 3129 3117
f 3129 3141 3142
f 3129 3142 3130
f 3130 3142 3143
f 3130 3143 3131
f 3131 3143 3144
f 3131 3144 3132
f 3132 3144 3145
f 3132 3145 3133
f 3133 3145 3146
f 3133 3146 3134
f 3134 3146 3147
f 3134 3147 3135
f 3135 3147 3148
f 3135 3148 3136
f 3136 3148 3149
f 3136 3149 3137
f 3137 3149 3150
f 3137 3150 3138
f 3138 3150 3151
f 3138 3151 3139
f 3139 3151 3152
f 3139 3152 3140
f 3140 3152 3141
f 3140 3141 3129
f 3141 3153 3154
f 3141 3154 3142
f 3142 3154 3155
f 3142 3155 3143
f 3143 3155 3156
f 3143 3156 3144
f 3144 3156 3157
f 3144 3157 3145
f 3145 3157 3158
f 3145 3158 3146
f 3146 3158 3159
f 3146 3159 3147
f 3147 3159 3160
f 3147 3160 3148
f 3148 3160 3161
f 3148 3161 3149
f 3149 3161 3162
f 3149 3162 3150
f 3150 3162 3163
f 3150 3163 3151
f 3151 3163 3164
f 3151 3164 3152
f 3152 3164 3153
f 3152 3153 3141
f 3153 3165 3166
f 3153 3166 3154
f 3154 3166 3167
f 3154 3167 3155
f 3155 3167 3168
f 3155 3168 3156
f 3156 3168 3169
f 3156 3169 3157
f 3157 3169 3170
f 3157 3170 3158
f 3158 3170 3171
f 3158 3171 3159
f 3159 3171 3172
f 3159 3172 3160
f 3160 3172 3173
f 3160 3173 3161
f 3161 3173 3174
f 3161 3174 3162
f 3162 3174 3175
f 3162 3175 3163
f 3163 3175 3176
f 3163 3176 3164
f 3164 3176 3165
f 3164 3165 3153
f 3165 3177 3178
f 3165 3178 3166
f 3166 3178 3179
f 3166 3179 3167
f 3167 3179 3180
f 3167 3180 3168
f 3168 3180 3181
f 3168 3181 3169
f 3169 3181 3182
f 3169 3182 3170
f 3170 3182 3183
f 3170 3183 3171
f 3171 3183 3184
f 3171 3184 3172
f 3172 3184 3185
f 3172 3185 3173
f 3173 3185 3186
f 3173 3186 3174
f 3174 3186 3187
f 3174 3187 3175
f 3175 3187 3188
f 3175 3188 3176
f 3176 3188 3177
f 3176 3177 3165
f 3177 3189 3190
f 3177 3190 3178
f 3178 3190 3191
f 3178 3191 3179
f 3179 3191 3192
f 3179 3192 3180
f 3180 3192 3193
f 3180 3193 3181
f 3181 3193 3194
f 3181 3194 3182
f 3182 3194 3195
f 3182 3195 3183
f 3183 3195 3196
f 3183 3196 3184
f 3184 3196 3197
f 3184 3197 3185
f 3185 3197 3198
f 3185 3198 3186
f 3186 3198 3199
f 3186 3199 3187
f 3187 3199 3200
f 3187 3200 3188
f 3188 3200 3189
f 3188 3189 3177
f 3189 3201 3202
f 3189 3202 3190
f 3190 3202 3203
f 3190 3203 3191
f 3191 3203 3204
f 3191 3204 3192
f 3192 3204 3205
f 3192 3205 3193
f 3193 3205 3206
f 3193 3206 3194
f 3194 3206 3207
f 3194 3207 3195
f 3195 3207 3208
f 3195 3208 3196
f 3196 3208 3209
f 3196 3209 3197
f 3197 3209 3210
f 3197 3210 3198
f 3198 3210 3211
f 3198 3211 3199
f 3199 3211 3212
f 3199 3212 3200
f 3200 3212 3201
f 3200 3201 3189
f 3201 3213 3214
f 3201 3214 3202
f 3202 3214 3215
f 3202 3215 3203
f 3203 3215 3216
f 3203 3216 3204
f 3204 3216 3217
f 3204 3217 3205
f 3205 3217 3218
f 3205 3218 3206
f 3206 3218 3219
f 3206 3219 3207
f 3207 3219 3220
f 3207 3220 3208
f 3208 3220 3221
f 3208 3221 3209
f 3209 3221 3222
f 3209 3222 3210
f 3210 3222 3223
f 3210 3223 3211
f 3211 3223 3224
f 3211 3224 3212
f 3212 3224 3213
f 3212 3213 3201
f 3213 3225 3226
f 3213 3226 3214
f 3214 3226 3227
f 3214 3227 3215
f 3215 3227 3228
f 3215 3228 3216
f 3216 3228 3229
f 3216 3229 3217
f 3217 3229 3230
f 3217 3230 3218
f 3218 3230 3231
f 3218 3231 3219
f 3219 3231 3232
f 3219 3232 3220
f 3220 3232 3233
f 3220 3233 3221
f 3221 3233 3234
f 3221 3234 3222
f 3222 3234 3235
f 3222 3235 3223
f 3223 3235 3236
f 3223 3236 3224
f 3224 3236 3225
f 3224 3225 3213
f 3225 3237 3238
f 3225 3238 3226
f 3226 3238 3239
f 3226 3239 3227
f 3227 3239 3240
f 3227 3240 3228
f 3228 3240 3241
f 3228 3241 3229
f 3229 3241 3242
f 3229 3242 3230
f 3230 3242 3243
f 3230 3243 3231
f 3231 3243 3244
f 3231 3244 3232
f 3232 3244 3245
f 3232 3245 3233
f 3233 3245 3246
f 3233 3246 3234
f 3234 3246 3247
f 3234 3247 3235
f 3235 3247 3248
f 3235 3248 3236
f 3236 3248 3237
f 3236 3237 3225
f 3237 3249 3250
f 3237 3250 3238
f 3238 3250 3251
f 3238 3251 3239
f 3239 3251 3252
f 3239 3252 3240
f 3240 3252 3253
f 3240 3253 3241
f 3241 3253 3254
f 3241 3254 3242
f 3242 3254 3255
f 3242 3255 3243
f 3243 3255 3256
f 3243 3256 3244
f 3244 3256 3257
f 3244 3257 3245
f 3245 3257 3258
f 3245 3258 3246
f 3246 3258 3259
f 3246 3259 3247
f 3247 3259 3260
f 3247 3260 3248
f 3248 3260 3249
f 3248 3249 3237
f 3249 3261 3262
f 3249 3262 3250
f 3250 3262 3263
f 3250 3263 3251
f 3251 3263 3264
f 3251 3264 3252
f 3252 3264 3265
f 3252 3265 3253
f 3253 3265 3266
f 3253 3266 3254
f 3254 3266 3267
f 3254 3267 3255
f 3255 3267 3268
f 3255 3268 3256
f 3256 3268 3269
f 3256 3269 3257
f 3257 3269 3270
f 3257 3270 3258
f 3258 3270 3271
f 3258 3271 3259
f 3259 3271 3272
f 3259 3272 3260
f 3260 3272 3261
f 3260 3261 3249
f 3261 3273 3274
f 3261 3274 3262
f 3262 3274 3275
f 3262 3275 3263
f 3263 3275 3276
f 3263 3276 3264
f 3264 3276 3277
f 3264 3277 3265
f 3265 3277 3278
f 3265 3278 3266
f 3266 3278 3279
f 3266 3279 3267
f 3267 3279 3280
f 3267 3280 3268
f 3268 3280 3281
f 3268 3281 3269
f 3269 3281 3282
f 3269 3282 3270
f 3270 3282 3283
f 3270 3283 3271
f 3271 3283 3284
f 3271 3284 3272
f 3272 3284 3273
f 3272 3273 3261
f 3273 3285 3286
f 3273 3286 3274
f 3274 3286 3287
f 3274 3287 3275
f 3275 3287 3288
f 3275 3288 3276
f 3276 3288 3289
f 3276 3289 3277
f 3277 3289 3290
f 3277 3290 3278
f 3278 3290 3291
f 3278 3291 3279
f 3279 3291 3292
f 3279 3292 3280
f 3280 3292 3293
f 3280 3293 3281
f 3281 3293 3294
f 3281 3294 3282
f 3282 3294 3295
f 3282 3295 3283
f 3283 3295 3296
f 3283 3296 3284
f 3284 3296 3285
f 3284 3285 3273
f 3285 3297 3298
f 3285 3298 3286
f 3286 3298 3299
f 3286 3299 3287
f 3287 3299 3300
f 3287 3300 3288
f 3288 3300 3301
f 3288 3301 3289
f 3289 3301 3302
f 3289 3302 3290
f 3290 3302 3303
f 3290 3303 3291
f 3291 3303 3304
f 3291 3304 3292
f 3292 3304 3305
f 3292 3305 3293
f 3293 3305 3306
f 3293 3306 3294
f 3294 3306 3307
f 3294 3307 3295
f 3295 3307 3308
f 3295 3308 3296
f 3296 3308 3297
f 3296 3297 3285
f 3297 3309 3310
f 3297 3310 3298
f 3298 3310 3311
f 3298 3311 3299
f 3299 3311 3312
f 3299 3312 3300
f 3300 3312 3313
f 3300 3313 3301
f 3301 3313 3314
f 3301 3314 3302
f 3302 3314 3315
f 3302 3315 3303
f 3303 3315 3316
f 3303 3316 3304
f 3304 3316 3317
f 3304 3317 3305
f 3305 3317 3318
f 3305 3318 3306
f 3306 3318 3319
f 3306 3319 3307
f 3307 3319 3320
f 3307 3320 3308
f 3308 3320 3309
f 3308 3309 3297
f 3309 3321 3322
f 3309 3322 3310
f 3310 3322 3323
f 3310 3323 3311
f 3311 3323 3324
f 3311 3324 3312
f 3312 3324 3325
f 3312 3325 3313
f 3313 3325 3326
f 3313 3326 3314
f 3314 3326 3327
f 3314 3327 3315
f 3315 3327 3328
f 3315 3328 3316
f 3316 3328 3329
f 3316 3329 3317
f 3317 3329 3330
f 3317 3330 3318
f 3318 3330 3331
f 3318 3331 3319
f 3319 3331 3332
f 3319 3332 3320
f 3320 3332 3321
f 3320 3321 3309
f 3321 3333 3334
f 3321 3334 3322
f 3322 3334 3335
f 3322 3335 3323
f 3323 3335 3336
f 3323 3336 3324
f 3324 3336 3337
f 3324 3337 3325
f 3325 3337 3338
f 3325 3338 3326
f 3326 3338 3339
f 3326 3339 3327
f 3327 3339 3340
f 3327 3340 3328
f 3328 3340 3341
f 3328 3341 3329
f 3329 3341 3342
f 3329 3342 3330
f 3330 3342 3343
f 3330 3343 3331
f 3331 3343 3344
f 3331 3344 3332
f 3332 3344 3333
f 3332 3333 3321
f 3333 3345 3346
f 3333 3346 3334
f 3334 3346 3347
f 3334 3347 3335
f 3335 3347 3348
f 3335 3348 3336
f 3336 3348 3349
f 3336 3349 3337
f 3337 3349 3350
f 3337 3350 3338
f 3338 3350 3351
f 3338 3351 3339
f 3339 3351 3352
f 3339 3352 3340
f 3340 3352 3353
f 3340 3353 3341
f 3341 3353 3354
f 3341 3354 3342
f 3342 3354 3355
f 3342 3355 3343
f 3343 3355 3356
f 3343 3356 3344
f 3344 3356 3345
f 3344 3345 3333
f 3345 3357 3358
f 3345 3358 3346
f 3346 3358 3359
f 3346 3359 3347
f 3347 3359 3360
f 3347 3360 3348
f 3348 3360 3361
f 3348 3361 3349
f 3349 3361 3362
f 3349 3362 3350
f 3350 3362 3363
f 3350 3363 3351
f 3351 3363 3364
f 3351 3364 3352
f 3352 3364 3365
f 3352 3365 3353
f 3353 3365 3366
f 3353 3366 3354
f 3354 3366 3367
f 3354 3367 3355
f 3355 3367 3368
f 3355 3368 3356
f 3356 3368 3357
f 3356 3357 3345
f 3357 3369 3370
f 3357 3370 3358
f 3358 3370 3371
f 3358 3371 3359
f 3359 3371 3372
f 3359 3372 3360
f 3360 3372 3373
f 3360 3373 3361
f 3361 3373 3374
f 3361 3374 3362
f 3362 3374 3375
f 3362 3375 3363
f 3363 3375 3376
f 3363 3376 3364
f 3364 3376 3377
f 3364 3377 3365
f 3365 3377 3378
f 3365 3378 3366
f 3366 3378 3379
f 3366 3379 3367
f 3367 3379 3380
f 3367 3380 3368
f 3368 3380 3369
f 3368 3369 3357
f 3369 3381 3382
f 3369 3382 3370
f 3370 3382 3383
f 3370 3383 3371
f 3371 3383 3384
f 3371 3384 3372
f 3372 3384 3385
f 3372 3385 3373
f 3373 3385 3386
f 3373 3386 3374
f 3374 3386 3387
f 3374 3387 3375
f 3375 3387 3388
f 3375 3388 3376
f 3376 3388 3389
f 3376 3389 3377
f 3377 3389 3390
f 3377 3390 3378
f 3378 3390 3391
f 3378 3391 3379
f 3379 3391 3392
f 3379 3392 3380
f 3380 3392 3381
f 3380 3381 3369
f 3381 3393 3394
f 3381 3394 3382
f 3382 3394 3395
f 3382 3395 3383
f 3383 3395 3396
f 3383 3396 3384
f 3384 3396 3397
f 3384 3397 3385
f 3385 3397 3398
f 3385 3398 3386
f 3386 3398 3399
f 3386 3399 3387
f 3387 3399 3400
f 3387 3400 3388
f 3388 3400 3401
f 3388 3401 3389
f 3389 3401 3402
f 3389 3402 3390
f 3390 3402 3403
f 3390 3403 3391
f 3391 3403 3404
f 3391 3404 3392
f 3392 3404 3393
f 3392 3393 3381
f 3393 3405 3406
f 3393 3406 3394
f 3394 3406 3407
f 3394 3407 3395
f 3395 3407 3408
f 3395 3408 3396
f 3396 3408 3409
f 3396 3409 3397
f 3397 3409 3410
f 3397 3410 3398
f 3398 3410 3411
f 3398 3411 3399
f 3399 3411 3412
f 3399 3412 3400
f 3400 3412 3413
f 3400 3413 3401
f 3401 3413 3414
f 3401 3414 3402
f 3402 3414 3415
f 3402 3415 3403
f 3403 3415 3416
f 3403 3416 3404
f 3404 3416 3405
f 3404 3405 3393
f 3405 3417 3418
f 3405 3418 3406
f 3406 3418 3419
f 3406 3419 3407
f 3407 3419 3420
f 3407 3420 3408
f 3408 3420 3421
f 3408 3421 3409
f 3409 3421 3422
f 3409 3422 3410
f 3410 3422 3423
f 3410 3423 3411
f 3411 3423 3424
f 3411 3424 3412
f 3412 3424 3425
f 3412 3425 3413
f 3413 3425 3426
f 3413 3426 3414
f 3414 3426 3427
f 3414 3427 3415
f 3415 3427 3428
f 3415 3428 3416
f 3416 3428 3417
f 3416 3417 3405
f 3417 3429 3430
f 3417 3430 3418
f 3418 3430 3431
f 3418 3431 3419
f 3419 3431 3432
f 3419 3432 3420
f 3420 3432 3433
f 3420 3433 3421
f 3421 3433 3434
f 3421 3434 3422
f 3422 3434 3435
f 3422 3435 3423
f 3423 3435 3436
f 3423 3436 3424
f 3424 3436 3437
f 3424 3437 3425
f 3425 3437 3438
f 3425 3438 3426
f 3426 3438 3439
f 3426 3439 3427
f 3427 3439 3440
f 3427 3440 3428
f 3428 3440 3429
f 3428 3429 3417
f 3429 3441 3442
f 3429 3442 3430
f 3430 3442 3443
f 3430 3443 3431
f 3431 3443 3444
f 3431 3444 3432
f 3432 3444 3445
f 3432 3445 3433
f 3433 3445 3446
f 3433 3446 3434
f 3434 3446 3447
f 3434 3447 3435
f 3435 3447 3448
f 3435 3448 3436
f 3436 3448 3449
f 3436 3449 3437
f 3437 3449 3450
f 3437 3450 3438
f 3438 3450 3451
f 3438 3451 3439
f 3439 3451 3452
f 3439 3452 3440
f 3440 3452 3441
f 3440 3441 3429
f 3441 3453 3454
f 3441 3454 3442
f 3442 3454 3455
f 3442 3455 3443
f 3443 3455 3456
f 3443 3456 3444
f 3444 3456 3457
f 3444 3457 3445
f 3445 3457 3458
f 3445 3458 3446
f 3446 3458 3459
f 3446 3459 3447
f 3447 3459 3460
f 3447 3460 3448
f 3448 3460 3461
f 3448 3461 3449
f 3449 3461 3462
f 3449 3462 3450
f 3450 3462 3463
f 3450 3463 3451
f 3451 3463 3464
f 3451 3464 3452
f 3452 3464 3453
f 3452 3453 3441
f 3453 3465 3466
f 3453 3466 3454
f 3454 3466 3467
f 3454 3467 3455
f 3455 3467 3468
f 3455 3468 3456
f 3456 3468 3469
f 3456 3469 3457
f 3457 3469 3470
f 3457 3470 3458
f 3458 3470 3471
f 3458 3471 3459
f 3459 3471 3472
f 3459 3472 3460
f 3460 3472 3473
f 3460 3473 3461
f 3461 3473 3474
f 3461 3474 3462
f 3462 3474 3475
f 3462 3475 3463
f 3463 3475 3476
f 3463 3476 3464
f 3464 3476 3465
f 3464 3465 3453
f 3465 3477 3478
f 3465 3478 3466
f 3466 3478 3479
f 3466 3479 3467
f 3467 3479 3480
f 3467 3480 3468
f 3468 3480 3481
f 3468 3481 3469
f 3469 3481 3482
f 3469 3482 3470
f 3470 3482 3483
f 3470 3483 3471
f 3471 3483 3484
f 3471 3484 3472
f 3472 3484 3485
f 3472 3485 3473
f 3473 3485 3486
f 3473 3486 3474
f 3474 3486 3487
f 3474 3487 3475
f 3475 3487 3488
f 3475 3488 3476
f 3476 3488 3477
f 3476 3477 3465
f 3477 3489 3490
f 3477 3490 3478
f 3478 3490 3491
f 3478 3491 3479
f 3479 3491 3492
f 3479 3492 3480
f 3480 3492 3493
f 3480 3493 3481
f 3481 3493 3494
f 3481 3494 3482
f 3482 3494 3495
f 3482 3495 3483
f 3483 3495 3496
f 3483 3496 3484
f 3484 3496 3497
f 3484 3497 3485
f 3485 3497 3498
f 3485 3498 3486
f 3486 3498 3499
f 3486 3499 3487
f 3487 3499 3500
f 3487 3500 3488
f 3488 3500 3489
f 3488 3489 3477
f 3489 3501 3502
f 3489 3502 3490
f 3490 3502 3503
f 3490 3503 3491
f 3491 3503 3504
f 3491 3504 3492
f 3492 3504 3505
f 3492 3505 3493
f 3493 3505 3506
f 3493 3506 3494
f 3494 3506 3507
f 3494 3507 3495
f 3495 3507 3508
f 3495 3508 3496
f 3496 3508 3509
f 3496 3509 3497
f 3497 3509 3510
f 3497 3510 3498
f 3498 3510 3511
f 3498 3511 3499
f 3499 3511 3512
f 3499 3512 3500
f 3500 3512 3501
f 3500 3501 3489
f 3501 3513 3514
f 3501 3514 3502
f 3502 3514 3515
f 3502 3515 3503
f 3503 3515 3516
f 3503 3516 3504
f 3504 3516 3517
f 3504 3517 3505
f 3505 3517 3518
f 3505 3518 3506
f 3506 3518 3519
f 3506 3519 3507
f 3507 3519 3520
f 3507 3520 3508
f 3508 3520 3521
f 3508 3521 3509
f 3509 3521 3522
f 3509 3522 3510
f 3510 3522 3523
f 3510 3523 3511
f 3511 3523 3524
f 3511 3524 3512
f 3512 3524 3513
f 3512 3513 3501
f 3513 3525 3526
f 3513 3526 3514
f 3514 3526 3527
f 3514 3527 3515
f 3515 3527 3528
f 3515 3528 3516
f 3516 3528 3529
f 3516 3529 3517
f 3517 3529 3530
f 3517 3530 3518
f 3518 3530 3531
f 3518 3531 3519
f 3519 3531 3532
f 3519 3532 3520
f 3520 3532 3533
f 3520 3533 3521
f 3521 3533 3534
f 3521 3534 3522
f 3522 3534 3535
f 3522 3535 3523
f 3523 3535 3536
f 3523 3536 3524
f 3524 3536 3525
f 3524 3525 3513
f 3525 3537 3538
f 3525 3538 3526
f 3526 3538 3539
f 3526 3539 3527
f 3527 3539 3540
f 3527 3540 3528
f 3528 3540 3541
f 3528 3541 3529
f 3529 3541 3542
f 3529 3542 3530
f 3530 3542 3543
f 3530 3543 3531
f 3531 3543 3544
f 3531 3544 3532
f 3532 3544 3545
f 3532 3545 3533
f 3533 3545 3546
f 3533 3546 3534
f 3534 3546 3547
f 3534 3547 3535
f 3535 3547 3548
f 3535 3548 3536
f 3536 3548 3537
f 3536 3537 3525
f 3537 3549 3550
f 3537 3550 3538
f 3538 3550 3551
f 3538 3551 3539
f 3539 3551 3552
f 3539 3552 3540
f 3540 3552 3553
f 3540 3553 3541
f 3541 3553 3554
f 3541 3554 3542
f 3542 3554 3555
f 3542 3555 3543
f 3543 3555 3556
f 3543 3556 3544
f 3544 3556 3557
f 3544 3557 3545
f 3545 3557 3558
f 3545 3558 3546
f 3546 3558 3559
f 3546 3559 3547
f 3547 3559 3560
f 3547 3560 3548
f 3548 3560 3549
f 3548 3549 3537
f 3549 3561 3562
f 3549 3562 3550
f 3550 3562 3563
f 3550 3563 3551
f 3551 3563 3564
f 3551 3564 3552
f 3552 3564 3565
f 3552 3565 3553
f 3553 3565 3566
f 3553 3566 3554
f 3554 3566 3567
f 3554 3567 3555
f 3555 3567 3568
f 3555 3568 3556
f 3556 3568 3569
f 3556 3569 3557
f 3557 3569 3570
f 3557 3570 3558
f 3558 3570 3571
f 3558 3571 3559
f 3559 3571 3572
f 3559 3572 3560
f 3560 3572 3561
f 3560 3561 3549
f 3561 3573 3574
f 3561 3574 3562
f 3562 3574 3575
f 3562 3575 3563
f 3563 3575 3576
f 3563 3576 3564
f 3564 3576 3577
f 3564 3577 3565
f 3565 3577 3578
f 3565 3578 3566
f 3566 3578 3579
f 3566 3579 3567
f 3567 3579 3580
f 3567 3580 3568
f 3568 3580 3581
f 3568 3581 3569
f 3569 3581 3582
f 3569 3582 3570
f 3570 3582 3583
f 3570 3583 3571
f 3571 3583 3584
f 3571 3584 3572
f 3572 3584 3573
f 3572 3573 3561
f 3573 3585 3586
f 3573 3586 3574
f 3574 3586 3587
f 3574 3587 3575
f 3575 3587 3588
f 3575 3588 3576
f 3576 3588 3589
f 3576 3589 3577
f 3577 3589 3590
f 3577 3590 3578
f 3578 3590 3591
f 3578 3591 3579
f 3579 3591 3592
f 3579 3592 3580
f 3580 3592 3593
f 3580 3593 3581
f 3581 3593 3594
f 3581 3594 3582
f 3582 3594 3595
f 3582 3595 3583
f 3583 3595 3596
f 3583 3596 3584
f 3584 3596 3585
f 3584 3585 3573
f 3585 3597 3598
f 3585 3598 3586
f 3586 3598 3599
f 3586 3599 3587
f 3587 3599 3600
f 3587 3600 3588
f 3588 3600 3601
f 3588 3601 3589
f 3589 3601 3602
f 3589 3602 3590
f 3590 3602 3603
f 3590 3603 3591
f 3591 3603 3604
f 3591 3604 3592
f 3592 3604 3605
f 3592 3605 3593
f 3593 3605 3606
f 3593 3606 3594
f 3594 3606 3607
f 3594 3607 3595
f 3595 3607 3608
f 3595 3608 3596
f 3596 3608 3597
f 3596 3597 3585
f 3597 3609 3610
f 3597 3610 3598
f 3598 3610 3611
f 3598 3611 3599
f 3599 3611 3612
f 3599 3612 3600
f 3600 3612 3613
f 3600 3613 3601
f 3601 3613 3614
f 3601 3614 3602
f 3602 3614 3615
f 3602 3615 3603
f 3603 3615 3616
f 3603 3616 3604
f 3604 3616 3617
f 3604 3617 3605
f 3605 3617 3618
f 3605 3618 3606
f 3606 3618 3619
f 3606 3619 3607
f 3607 3619 3620
f 3607 3620 3608
f 3608 3620 3609
f 3608 3609 3597
f 3609 3621 3622
f 3609 3622 3610
f 3610 3622 3623
f 3610 3623 3611
f 3611 3623 3624
f 3611 3624 3612
f 3612 3624 3625
f 3612 3625 3613
f 3613 3625 3626
f 3613 3626 3614
f 3614 3626 3627
f 3614 3627 3615
f 3615 3627 3628
f 3615 3628 3616
f 3616 3628 3629
f 3616 3629 3617
f 3617 3629 3630
f 3617 3630 3618
f 3618 3630 3631
f 3618 3631 3619
f 3619 3631 3632
f 3619 3632 3620
f 3620 3632 3621
f 3620 3621 3609
f 3621 3633 3634
f 3621 3634 3622
f 3622 3634 3635
f 3622 3635 3623
f 3623 3635 3636
f 3623 3636 3624
f 3624 3636 3637
f 3624 3637 3625
f 3625 3637 3638
f 3625 3638 3626
f 3626 3638 3639
f 3626 3639 3627
f 3627 3639 3640
f 3627 3640 3628
f 3628 3640 3641
f 3628 3641 3629
f 3629 3641 3642
f 3629 3642 3630
f 3630 3642 3643
f 3630 3643 3631
f 3631 3643 3644
f 3631 3644 3632
f 3632 3644 3633
f 3632 3633 3621
f 3633 3645 3646
f 3633 3646 3634
f 3634 3646 3647
f 3634 3647 3635
f 3635 3647 3648
f 3635 3648 3636
f 3636 3648 3649
f 3636 3649 3637
f 3637 3649 3650
f 3637 3650 3638
f 3638 3650 3651
f 3638 3651 3639
f 3639 3651 3652
f 3639 3652 3640
f 3640 3652 3653
f 3640 3653 3641
f 3641 3653 3654
f 3641 3654 3642
f 3642 3654 3655
f 3642 3655 3643
f 3643 3655 3656
f 3643 3656 3644
f 3644 3656 3645
f 3644 3645 3633
f 3645 3657 3658
f 3645 3658 3646
f 3646 3658 3659
f 3646 3659 3647
f 3647 3659 3660
f 3647 3660 3648
f 3648 3660 3661
f 3648 3661 3649
f 3649 3661 3662
f 3649 3662 3650
f 3650 3662 3663
f 3650 3663 3651
f 3651 3663 3664
f 3651 3664 3652
f 3652 3664 3665
f 3652 3665 3653
f 3653 3665 3666
f 3653 3666 3654
f 3654 3666 3667
f 3654 3667 3655
f 3655 3667 3668
f 3655 3668 3656
f 3656 3668 3657
f 3656 3657 3645
f 3657 3669 3670
f 3657 3670 3658
f 3658 3670 3671
f 3658 3671 3659
f 3659 3671 3672
f 3659 3672 3660
f 3660 3672 3673
f 3660 3673 3661
f 3661 3673 3674
f 3661 3674 3662
f 3662 3674 3675
f 3662 3675 3663
f 3663 3675 3676
f 3663 3676 3664
f 3664 3676 3677
f 3664 3677 3665
f 3665 3677 3678
f 3665 3678 3666
f 3666 3678 3679
f 3666 3679 3667
f 3667 3679 3680
f 3667 3680 3668
f 3668 3680 3669
f 3668 3669 3657
f 3669 3681 3682
f 3669 3682 3670
f 3670 3682 3683
f 3670 3683 3671
f 3671 3683 3684
f 3671 3684 3672
f 3672 3684 3685
f 3672 3685 3673
f 3673 3685 3686
f 3673 3686 3674
f 3674 3686 3687
f 3674 3687 3675
f 3675 3687 3688
f 3675 3688 3676
f 3676 3688 3689
f 3676 3689 3677
f 3677 3689 3690
f 3677 3690 3678
f 3678 3690 3691
f 3678 3691 3679
f 3679 3691 3692
f 3679 3692 3680
f 3680 3692 3681
f 3680 3681 3669
f 3681 2541 2542
f 3681 2542 3682
f 3682 2542 2543
f 3682 2543 3683
f 3683 2543 2544
f 3683 2544 3684
f 3684 2544 2545
f 3684 2545 3685
f 3685 2545 2546
f 3685 2546 3686
f 3686 2546 2547
f 3686 2547 3687
f 3687 2547 2548
f 3687 2548 3688
f 3688 2548 2549
f 3688 2549 3689
f 3689 2549 2550
f 3689 2550 3690
f 3690 2550 2551
f 3690 2551 3691
f 3691 2551 2552
f 3691 2552 3692
f 3692 2552 2541
f 3692 2541 3681
v -0.0064721 0.3252977 0.2950000
v -0.0024721 0.3223916 0.2950000
v 0.0024721 0.3223916 0.2950000
v 0.0064721 0.3252977 0.2950000
v 0.0080000 0.3300000 0.2950000
v 0.0064721 0.3347023 0.2950000
v 0.0024721 0.3376085 0.2950000
v -0.0024721 0.3376085 0.2950000
v -0.0064721 0.3347023 0.2950000
v -0.0080000 0.3300000 0.2950000
v -0.0064721 0.4072023 0.2310000
v -0.0024721 0.4101084 0.2310000
v 0.0024721 0.4101084 0.2310000
v 0.0064721 0.4072023 0.2310000
v 0.0080000 0.4025000 0.2310000
v 0.0064721 0.3977977 0.2310000
v 0.0024721 0.3948916 0.2310000
v -0.0024721 0.3948916 0.2310000
v -0.0064721 0.3977977 0.2310000
v -0.0080000 0.4025000 0.2310000
v -0.0064721 0.4072023 0.2310000
v -0.0024721 0.4101084 0.2310000
v 0.0024721 0.4101084 0.2310000
v 0.0064721 0.4072023 0.2310000
v 0.0080000 0.4025000 0.2310000
v 0.0064721 0.3977977 0.2310000
v 0.0024721 0.3948916 0.2310000
v -0.0024721 0.3948916 0.2310000
v -0.0064721 0.3977977 0.2310000
v -0.0080000 0.4025000 0.2310000
v -0.0064721 0.4058250 0.2116750
v -0.0024721 0.4078800 0.2096200
v 0.0024721 0.4078800 0.2096200
v 0.0064721 0.4058250 0.2116750
v 0.0080000 0.4025000 0.2150000
v 0.0064721 0.3991750 0.2183250
v 0.0024721 0.3971200 0.2203800
v -0.0024721 0.3971200 0.2203800
v -0.0064721 0.3991750 0.2183250
v -0.0080000 0.4025000 0.2150000
v -0.0064721 0.3266750 0.2116750
v -0.0024721 0.3246200 0.2096200
v 0.0024721 0.3246200 0.2096200
v 0.0064721 0.3266750 0.2116750
v 0.0080000 0.3300000 0.2150000
v 0.0064721 0.3333250 0.2183250
v 0.0024721 0.3353800 0.2203800
v -0.0024721 0.3353800 0.2203800
v -0.0064721 0.3333250 0.2183250
v -0.0080000 0.3300000 0.2150000
v -0.0064721 0.3252977 0.2950000
v -0.0024721 0.3223916 0.2950000
v 0.0024721 0.3223916 0.2950000
v 0.0064721 0.3252977 0.2950000
v 0.0080000 0.3300000 0.2950000
v 0.0064721 0.3347023 0.2950000
v 0.0024721 0.3376085 0.2950000
v -0.0024721 0.3376085 0.2950000
v -0.0064721 0.3347023 0.2950000
v -0.0080000 0.3300000 0.2950000
f 3701 3699 3700
f 3701 3698 3699
f 3702 3698 3701
f 3702 3697 3698
f 3693 3697 3702
f 3693 3696 3697
f 3694 3696 3693
f 3694 3695 3696
f 3703 3705 3704
f 3703 3706 3705
f 3712 3706 3703
f 3712 3707 3706
f 3711 3707 3712
f 3711 3708 3707
f 3710 3708 3711
f 3710 3709 3708
f 3713 3723 3732
f 3713 3732 3722
f 3714 3724 3723
f 3714 3723 3713
f 3715 3725 3724
f 3715 3724 3714
f 3716 3726 3725
f 3716 3725 3715
f 3717 3727 3726
f 3717 3726 3716
f 3718 3728 3727
f 3718 3727 3717
f 3719 3729 3728
f 3719 3728 3718
f 3720 3730 3729
f 3720 3729 3719
f 3721 3731 3730
f 3721 3730 3720
f 3722 3732 3731
f 3722 3731 3721
f 3723 3733 3742
f 3723 3742 3732
f 3724 3734 3733
f 3724 3733 3723
f 3725 3735 3734
f 3725 3734 3724
f 3726 3736 3735
f 3726 3735 3725
f 3727 3737 3736
f 3727 3736 3726
f 3728 3738 3737
f 3728 3737 3727
f 3729 3739 3738
f 3729 3738 3728
f 3730 3740 3739
f 3730 3739 3729
f 3731 3741 3740
f 3731 3740 3730
f 3732 3742 3741
f 3732 3741 3731
f 3733 3743 3752
f 3733 3752 3742
f 3734 3744 3743
f 3734 3743 3733
f 3735 3745 3744
f 3735 3744 3734
f 3736 3746 3745
f 3736 3745 3735
f 3737 3747 3746
f 3737 3746 3736
f 3738 3748 3747
f 3738 3747 3737
f 3739 3749 3748
f 3739 3748 3738
f 3740 3750 3749
f 3740 3749 3739
f 3741 3751 3750
f 3741 3750 3740
f 3742 3752 3751
f 3742 3751 3741
v 0.7600000 -0.2200000 0.4020000
v 0.7600000 0.2200000 0.4020000
v 0.7554078 -0.2200000 0.4010866
v 0.7554078 0.2200000 0.4010865
v 0.7515147 -0.2200000 0.3984853
v 0.7515147 0.2200000 0.3984852
v 0.7489134 -0.2200000 0.3945922
v 0.7489134 0.2200000 0.3945922
v 0.7480000 -0.2200000 0.3900000
v 0.7480000 0.2200000 0.3900000
v 0.7489134 -0.2200000 0.3854078
v 0.7489134 0.2200000 0.3854077
v 0.7515147 -0.2200000 0.3815147
v 0.7515147 0.2200000 0.3815147
v 0.7554078 -0.2200000 0.3789135
v 0.7554078 0.2200000 0.3789134
v 0.7600000 -0.2200000 0.3780000
v 0.7600000 0.2200000 0.3780000
v 0.7645922 -0.2200000 0.3789135
v 0.7645922 0.2200000 0.3789134
v 0.7684852 -0.2200000 0.3815147
v 0.7684852 0.2200000 0.3815147
v 0.7710866 -0.2200000 0.3854078
v 0.7710866 0.2200000 0.3854077
v 0.7720000 -0.2200000 0.3900000
v 0.7720000 0.2200000 0.3900000
v 0.7710866 -0.2200000 0.3945922
v 0.7710866 0.2200000 0.3945922
v 0.7684852 -0.2200000 0.3984853
v 0.7684852 0.2200000 0.3984852
v 0.7645922 -0.2200000 0.4010866
v 0.7645922 0.2200000 0.4010865
f 3753 3754 3756
f 3753 3756 3755
f 3755 3756 3758
f 3755 3758 3757
f 3757 3758 3760
f 3757 3760 3759
f 3759 3760 3762
f 3759 3762 3761
f 3761 3762 3764
f 3761 3764 3763
f 3763 3764 3766
f 3763 3766 3765
f 3765 3766 3768
f 3765 3768 3767
f 3767 3768 3770
f 3767 3770 3769
f 3769 3770 3772
f 3769 3772 3771
f 3771 3772 3774
f 3771 3774 3773
f 3773 3774 3776
f 3773 3776 3775
f 3775 3776 3778
f 3775 3778 3777
f 3777 3778 3780
f 3777 3780 3779
f 3779 3780 3782
f 3779 3782 3781
f 3758 3756 3754
f 3754 3784 3782
f 3782 3780 3778
f 3778 3776 3774
f 3774 3772 3770
f 3770 3768 3766
f 3766 3764 3762
f 3762 3760 3758
f 3758 3754 3782
f 3782 3778 3774
f 3774 3770 3766
f 3766 3762 3758
f 3758 3782 3774
f 3774 3766 3758
f 3781 3782 3784
f 3781 3784 3783
f 3783 3784 3754
f 3783 3754 3753
f 3783 3753 3755
f 3755 3757 3759
f 3759 3761 3763
f 3763 3765 3767
f 3767 3769 3771
f 3771 3773 3775
f 3775 3777 3779
f 3779 3781 3783
f 3783 3755 3759
f 3759 3763 3767
f 3767 3771 3775
f 3775 3779 3783
f 3783 3759 3767
f 3767 3775 3783
v 0.7731086 0.1300000 0.3949157
v 0.7131087 0.1300000 0.5549157
v 0.7721108 0.1246424 0.3945415
v 0.7121108 0.1246424 0.5545415
v 0.7692692 0.1201005 0.3934759
v 0.7092692 0.1201005 0.5534760
v 0.7650164 0.1170657 0.3918811
v 0.7050165 0.1170657 0.5518812
v 0.7600000 0.1160000 0.3900000
v 0.7000000 0.1160000 0.5500000
v 0.7549835 0.1170657 0.3881188
v 0.6949835 0.1170657 0.5481188
v 0.7507308 0.1201005 0.3865241
v 0.6907308 0.1201005 0.5465240
v 0.7478892 0.1246424 0.3854584
v 0.6878892 0.1246424 0.5454585
v 0.7468914 0.1300000 0.3850843
v 0.6868914 0.1300000 0.5450843
v 0.7478892 0.1353576 0.3854584
v 0.6878892 0.1353576 0.5454585
v 0.7507308 0.1398995 0.3865241
v 0.6907308 0.1398995 0.5465240
v 0.7549835 0.1429343 0.3881188
v 0.6949836 0.1429343 0.5481188
v 0.7600000 0.1440000 0.3900000
v 0.7000000 0.1440000 0.5500000
v 0.7650165 0.1429343 0.3918812
v 0.7050165 0.1429343 0.5518812
v 0.7692692 0.1398995 0.3934759
v 0.7092692 0.1398995 0.5534760
v 0.7721108 0.1353576 0.3945415
v 0.7121108 0.1353575 0.5545415
f 3785 3786 3788
f 3785 3788 3787
f 3787 3788 3790
f 3787 3790 3789
f 3789 3790 3792
f 3789 3792 3791
f 3791 3792 3794
f 3791 3794 3793
f 3793 3794 3796
f 3793 3796 3795
f 3795 3796 3798
f 3795 3798 3797
f 3797 3798 3800
f 3797 3800 3799
f 3799 3800 3802
f 3799 3802 3801
f 3801 3802 3804
f 3801 3804 3803
f 3803 3804 3806
f 3803 3806 3805
f 3805 3806 3808
f 3805 3808 3807
f 3807 3808 3810
f 3807 3810 3809
f 3809 3810 3812
f 3809 3812 3811
f 3811 3812 3814
f 3811 3814 3813
f 3790 3788 3786
f 3786 3816 3814
f 3814 3812 3810
f 3810 3808 3806
f 3806 3804 3802
f 3802 3800 3798
f 3798 3796 3794
f 3794 3792 3790
f 3790 3786 3814
f 3814 3810 3806
f 3806 3802 3798
f 3798 3794 3790
f 3790 3814 3806
f 3806 3798 3790
f 3813 3814 3816
f 3813 3816 3815
f 3815 3816 3786
f 3815 3786 3785
f 3815 3785 3787
f 3787 3789 3791
f 3791 3793 3795
f 3795 3797 3799
f 3799 3801 3803
f 3803 3805 3807
f 3807 3809 3811
f 3811 3813 3815
f 3815 3787 3791
f 3791 3795 3799
f 3799 3803 3807
f 3807 3811 3815
f 3815 3791 3799
f 3799 3807 3815
v 0.6890000 0.0940000 0.5500000
v 0.6890000 0.0900000 0.5540000
v 0.6850000 0.0940000 0.5540000
v 0.6890000 0.0920026 0.5505344
v 0.6870026 0.0940000 0.5505344
v 0.6870871 0.0920871 0.5510535
v 0.6870026 0.0905344 0.5540000
v 0.6890000 0.0905344 0.5520026
v 0.6870871 0.0910535 0.5520871
v 0.6855344 0.0940000 0.5520026
v 0.6855344 0.0920026 0.5540000
v 0.6860535 0.0920871 0.5520871
v 0.6890000 0.0900000 0.5660000
v 0.6890000 0.0940000 0.5700000
v 0.6850000 0.0940000 0.5660000
v 0.6890000 0.0905344 0.5679974
v 0.6870026 0.0905344 0.5660000
v 0.6870871 0.0910535 0.5679129
v 0.6870026 0.0940000 0.5694656
v 0.6890000 0.0920026 0.5694656
v 0.6870871 0.0920871 0.5689465
v 0.6855344 0.0920026 0.5660000
v 0.6855344 0.0940000 0.5679974
v 0.6860535 0.0920871 0.5679129
v 0.6890000 0.1660000 0.5500000
v 0.6850000 0.1660000 0.5540000
v 0.6890000 0.1700000 0.5540000
v 0.6870026 0.1660000 0.5505344
v 0.6890000 0.1679974 0.5505344
v 0.6870871 0.1679128 0.5510535
v 0.6855344 0.1679974 0.5540000
v 0.6855344 0.1660000 0.5520026
v 0.6860535 0.1679128 0.5520871
v 0.6890000 0.1694656 0.5520026
v 0.6870026 0.1694656 0.5540000
v 0.6870871 0.1689465 0.5520871
v 0.6890000 0.1660000 0.5700000
v 0.6890000 0.1700000 0.5660000
v 0.6850000 0.1660000 0.5660000
v 0.6890000 0.1679974 0.5694656
v 0.6870026 0.1660000 0.5694656
v 0.6870871 0.1679128 0.5689465
v 0.6870026 0.1694656 0.5660000
v 0.6890000 0.1694656 0.5679974
v 0.6870871 0.1689465 0.5679129
v 0.6855344 0.1660000 0.5679974
v 0.6855344 0.1679974 0.5660000
v 0.6860535 0.1679128 0.5679129
v 0.7110000 0.0940000 0.5500000
v 0.7150000 0.0940000 0.5540000
v 0.7110000 0.0900000 0.5540000
v 0.7129974 0.0940000 0.5505344
v 0.7110000 0.0920026 0.5505344
v 0.7129129 0.0920871 0.5510535
v 0.7144656 0.0920026 0.5540000
v 0.7144656 0.0940000 0.5520026
v 0.7139465 0.0920871 0.5520871
v 0.7110000 0.0905344 0.5520026
v 0.7129974 0.0905344 0.5540000
v 0.7129129 0.0910535 0.5520871
v 0.7110000 0.0940000 0.5700000
v 0.7110000 0.0900000 0.5660000
v 0.7150000 0.0940000 0.5660000
v 0.7110000 0.0920026 0.5694656
v 0.7129974 0.0940000 0.5694656
v 0.7129129 0.0920871 0.5689465
v 0.7129974 0.0905344 0.5660000
v 0.7110000 0.0905344 0.5679974
v 0.7129129 0.0910535 0.5679129
v 0.7144656 0.0940000 0.5679974
v 0.7144656 0.0920026 0.5660000
v 0.7139465 0.0920871 0.5679129
v 0.7110000 0.1660000 0.5500000
v 0.7110000 0.1700000 0.5540000
v 0.7150000 0.1660000 0.5540000
v 0.7110000 0.1679974 0.5505344
v 0.7129974 0.1660000 0.5505344
v 0.7129129 0.1679128 0.5510535
v 0.7129974 0.1694656 0.5540000
v 0.7110000 0.1694656 0.5520026
v 0.7129129 0.1689465 0.5520871
v 0.7144656 0.1660000 0.5520026
v 0.7144656 0.1679974 0.5540000
v 0.7139465 0.1679128 0.5520871
v 0.7110000 0.1660000 0.5700000
v 0.7150000 0.1660000 0.5660000
v 0.7110000 0.1700000 0.5660000
v 0.7129974 0.1660000 0.5694656
v 0.7110000 0.1679974 0.5694656
v 0.7129129 0.1679128 0.5689465
v 0.7144656 0.1679974 0.5660000
v 0.7144656 0.1660000 0.5679974
v 0.7139465 0.1679128 0.5679129
v 0.7110000 0.1694656 0.5679974
v 0.7129974 0.1694656 0.5660000
v 0.7129129 0.1689465 0.5679129
f 3817 3820 3822
f 3817 3822 3821
f 3820 3824 3825
f 3820 3825 3822
f 3818 3823 3825
f 3818 3825 3824
f 3823 3827 3828
f 3823 3828 3825
f 3819 3826 3828
f 3819 3828 3827
f 3826 3821 3822
f 3826 3822 3828
f 3822 3825 3828
f 3829 3832 3834
f 3829 3834 3833
f 3832 3836 3837
f 3832 3837 3834
f 3830 3835 3837
f 3830 3837 3836
f 3835 3839 3840
f 3835 3840 3837
f 3831 3838 3840
f 3831 3840 3839
f 3838 3833 3834
f 3838 3834 3840
f 3834 3837 3840
f 3841 3844 3846
f 3841 3846 3845
f 3844 3848 3849
f 3844 3849 3846
f 3842 3847 3849
f 3842 3849 3848
f 3847 3851 3852
f 3847 3852 3849
f 3843 3850 3852
f 3843 3852 3851
f 3850 3845 3846
f 3850 3846 3852
f 3846 3849 3852
f 3853 3856 3858
f 3853 3858 3857
f 3856 3860 3861
f 3856 3861 3858
f 3854 3859 3861
f 3854 3861 3860
f 3859 3863 3864
f 3859 3864 3861
f 3855 3862 3864
f 3855 3864 3863
f 3862 3857 3858
f 3862 3858 3864
f 3858 3861 3864
f 3865 3868 3870
f 3865 3870 3869
f 3868 3872 3873
f 3868 3873 3870
f 3866 3871 3873
f 3866 3873 3872
f 3871 3875 3876
f 3871 3876 3873
f 3867 3874 3876
f 3867 3876 3875
f 3874 3869 3870
f 3874 3870 3876
f 3870 3873 3876
f 3877 3880 3882
f 3877 3882 3881
f 3880 3884 3885
f 3880 3885 3882
f 3878 3883 3885
f 3878 3885 3884
f 3883 3887 3888
f 3883 3888 3885
f 3879 3886 3888
f 3879 3888 3887
f 3886 3881 3882
f 3886 3882 3888
f 3882 3885 3888
f 3889 3892 3894
f 3889 3894 3893
f 3892 3896 3897
f 3892 3897 3894
f 3890 3895 3897
f 3890 3897 3896
f 3895 3899 3900
f 3895 3900 3897
f 3891 3898 3900
f 3891 3900 3899
f 3898 3893 3894
f 3898 3894 3900
f 3894 3897 3900
f 3901 3904 3906
f 3901 3906 3905
f 3904 3908 3909
f 3904 3909 3906
f 3902 3907 3909
f 3902 3909 3908
f 3907 3911 3912
f 3907 3912 3909
f 3903 3910 3912
f 3903 3912 3911
f 3910 3905 3906
f 3910 3906 3912
f 3906 3909 3912
f 3841 3817 3821
f 3841 3821 3844
f 3844 3821 3826
f 3844 3826 3848
f 3848 3826 3819
f 3848 3819 3842
f 3818 3829 3833
f 3818 3833 3823
f 3823 3833 3838
f 3823 3838 3827
f 3827 3838 3831
f 3827 3831 3819
f 3830 3853 3857
f 3830 3857 3835
f 3835 3857 3862
f 3835 3862 3839
f 3839 3862 3855
f 3839 3855 3831
f 3854 3843 3851
f 3854 3851 3859
f 3859 3851 3847
f 3859 3847 3863
f 3863 3847 3842
f 3863 3842 3855
f 3889 3841 3845
f 3889 3845 3892
f 3892 3845 3850
f 3892 3850 3896
f 3896 3850 3843
f 3896 3843 3890
f 3853 3901 3905
f 3853 3905 3856
f 3856 3905 3910
f 3856 3910 3860
f 3860 3910 3903
f 3860 3903 3854
f 3902 3891 3899
f 3902 3899 3907
f 3907 3899 3895
f 3907 3895 3911
f 3911 3895 3890
f 3911 3890 3903
f 3865 3889 3893
f 3865 3893 3868
f 3868 3893 3898
f 3868 3898 3872
f 3872 3898 3891
f 3872 3891 3866
f 3901 3877 3881
f 3901 3881 3904
f 3904 3881 3886
f 3904 3886 3908
f 3908 3886 3879
f 3908 3879 3902
f 3878 3867 3875
f 3878 3875 3883
f 3883 3875 3871
f 3883 3871 3887
f 3887 3871 3866
f 3887 3866 3879
f 3817 3865 3869
f 3817 3869 3820
f 3820 3869 3874
f 3820 3874 3824
f 3824 3874 3867
f 3824 3867 3818
f 3877 3830 3836
f 3877 3836 3880
f 3880 3836 3832
f 3880 3832 3884
f 3884 3832 3829
f 3884 3829 3878
f 3841 3889 3865
f 3841 3865 3817
f 3819 3831 3855
f 3819 3855 3842
f 3867 3878 3829
f 3867 3829 3818
f 3901 3853 3830
f 3901 3830 3877
f 3843 3854 3903
f 3843 3903 3890
f 3891 3902 3879
f 3891 3879 3866
v -0.0500000 -0.2360000 0.4200000
v -0.0500000 -0.2360000 0.7000000
v -0.0561229 -0.2347821 0.4200000
v -0.0561229 -0.2347821 0.7000000
v -0.0613137 -0.2313137 0.4200000
v -0.0613137 -0.2313137 0.7000000
v -0.0647821 -0.2261229 0.4200000
v -0.0647821 -0.2261229 0.7000000
v -0.0660000 -0.2200000 0.4200000
v -0.0660000 -0.2200000 0.7000000
v -0.0647821 -0.2138771 0.4200000
v -0.0647821 -0.2138771 0.7000000
v -0.0613137 -0.2086863 0.4200000
v -0.0613137 -0.2086863 0.7000000
v -0.0561229 -0.2052179 0.4200000
v -0.0561229 -0.2052179 0.7000000
v -0.0500000 -0.2040000 0.4200000
v -0.0500000 -0.2040000 0.7000000
v -0.0438771 -0.2052179 0.4200000
v -0.0438771 -0.2052179 0.7000000
v -0.0386863 -0.2086863 0.4200000
v -0.0386863 -0.2086863 0.7000000
v -0.0352179 -0.2138771 0.4200000
v -0.0352179 -0.2138771 0.7000000
v -0.0340000 -0.2200000 0.4200000
v -0.0340000 -0.2200000 0.7000000
v -0.0352179 -0.2261229 0.4200000
v -0.0352179 -0.2261229 0.7000000
v -0.0386863 -0.2313137 0.4200000
v -0.0386863 -0.2313137 0.7000000
v -0.0438771 -0.2347821 0.4200000
v -0.0438771 -0.2347821 0.7000000
f 3913 3914 3916
f 3913 3916 3915
f 3915 3916 3918
f 3915 3918 3917
f 3917 3918 3920
f 3917 3920 3919
f 3919 3920 3922
f 3919 3922 3921
f 3921 3922 3924
f 3921 3924 3923
f 3923 3924 3926
f 3923 3926 3925
f 3925 3926 3928
f 3925 3928 3927
f 3927 3928 3930
f 3927 3930 3929
f 3929 3930 3932
f 3929 3932 3931
f 3931 3932 3934
f 3931 3934 3933
f 3933 3934 3936
f 3933 3936 3935
f 3935 3936 3938
f 3935 3938 3937
f 3937 3938 3940
f 3937 3940 3939
f 3939 3940 3942
f 3939 3942 3941
f 3918 3916 3914
f 3914 3944 3942
f 3942 3940 3938
f 3938 3936 3934
f 3934 3932 3930
f 3930 3928 3926
f 3926 3924 3922
f 3922 3920 3918
f 3918 3914 3942
f 3942 3938 3934
f 3934 3930 3926
f 3926 3922 3918
f 3918 3942 3934
f 3934 3926 3918
f 3941 3942 3944
f 3941 3944 3943
f 3943 3944 3914
f 3943 3914 3913
f 3943 3913 3915
f 3915 3917 3919
f 3919 3921 3923
f 3923 3925 3927
f 3927 3929 3931
f 3931 3933 3935
f 3935 3937 3939
f 3939 3941 3943
f 3943 3915 3919
f 3919 3923 3927
f 3927 3931 3935
f 3935 3939 3943
f 3943 3919 3927
f 3927 3935 3943
v -0.0500000 0.2040000 0.4200000
v -0.0500000 0.2040000 0.7000000
v -0.0561229 0.2052179 0.4200000
v -0.0561229 0.2052179 0.7000000
v -0.0613137 0.2086863 0.4200000
v -0.0613137 0.2086863 0.7000000
v -0.0647821 0.2138771 0.4200000
v -0.0647821 0.2138771 0.7000000
v -0.0660000 0.2200000 0.4200000
v -0.0660000 0.2200000 0.7000000
v -0.0647821 0.2261229 0.4200000
v -0.0647821 0.2261229 0.7000000
v -0.0613137 0.2313137 0.4200000
v -0.0613137 0.2313137 0.7000000
v -0.0561229 0.2347821 0.4200000
v -0.0561229 0.2347821 0.7000000
v -0.0500000 0.2360000 0.4200000
v -0.0500000 0.2360000 0.7000000
v -0.0438771 0.2347821 0.4200000
v -0.0438771 0.2347821 0.7000000
v -0.0386863 0.2313137 0.4200000
v -0.0386863 0.2313137 0.7000000
v -0.0352179 0.2261229 0.4200000
v -0.0352179 0.2261229 0.7000000
v -0.0340000 0.2200000 0.4200000
v -0.0340000 0.2200000 0.7000000
v -0.0352179 0.2138771 0.4200000
v -0.0352179 0.2138771 0.7000000
v -0.0386863 0.2086863 0.4200000
v -0.0386863 0.2086863 0.7000000
v -0.0438771 0.2052179 0.4200000
v -0.0438771 0.2052179 0.7000000
f 3945 3946 3948
f 3945 3948 3947
f 3947 3948 3950
f 3947 3950 3949
f 3949 3950 3952
f 3949 3952 3951
f 3951 3952 3954
f 3951 3954 3953
f 3953 3954 3956
f 3953 3956 3955
f 3955 3956 3958
f 3955 3958 3957
f 3957 3958 3960
f 3957 3960 3959
f 3959 3960 3962
f 3959 3962 3961
f 3961 3962 3964
f 3961 3964 3963
f 3963 3964 3966
f 3963 3966 3965
f 3965 3966 3968
f 3965 3968 3967
f 3967 3968 3970
f 3967 3970 3969
f 3969 3970 3972
f 3969 3972 3971
f 3971 3972 3974
f 3971 3974 3973
f 3950 3948 3946
f 3946 3976 3974
f 3974 3972 3970
f 3970 3968 3966
f 3966 3964 3962
f 3962 3960 3958
f 3958 3956 3954
f 3954 3952 3950
f 3950 3946 3974
f 3974 3970 3966
f 3966 3962 3958
f 3958 3954 3950
f 3950 3974 3966
f 3966 3958 3950
f 3973 3974 3976
f 3973 3976 3975
f 3975 3976 3946
f 3975 3946 3945
f 3975 3945 3947
f 3947 3949 3951
f 3951 3953 3955
f 3955 3957 3959
f 3959 3961 3963
f 3963 3965 3967
f 3967 3969 3971
f 3971 3973 3975
f 3975 3947 3951
f 3951 3955 3959
f 3959 3963 3967
f 3967 3971 3975
f 3975 3951 3959
f 3959 3967 3975
v 0.3000000 -0.2360000 0.4200000
v 0.3000000 -0.2360000 0.7000000
v 0.2938771 -0.2347821 0.4200000
v 0.2938771 -0.2347821 0.7000000
v 0.2886863 -0.2313137 0.4200000
v 0.2886863 -0.2313137 0.7000000
v 0.2852179 -0.2261229 0.4200000
v 0.2852179 -0.2261229 0.7000000
v 0.2840000 -0.2200000 0.4200000
v 0.2840000 -0.2200000 0.7000000
v 0.2852179 -0.2138771 0.4200000
v 0.2852179 -0.2138771 0.7000000
v 0.2886863 -0.2086863 0.4200000
v 0.2886863 -0.2086863 0.7000000
v 0.2938771 -0.2052179 0.4200000
v 0.2938771 -0.2052179 0.7000000
v 0.3000000 -0.2040000 0.4200000
v 0.3000000 -0.2040000 0.7000000
v 0.3061230 -0.2052179 0.4200000
v 0.3061230 -0.2052179 0.7000000
v 0.3113137 -0.2086863 0.4200000
v 0.3113137 -0.2086863 0.7000000
v 0.3147821 -0.2138771 0.4200000
v 0.3147821 -0.2138771 0.7000000
v 0.3160000 -0.2200000 0.4200000
v 0.3160000 -0.2200000 0.7000000
v 0.3147821 -0.2261229 0.4200000
v 0.3147821 -0.2261229 0.7000000
v 0.3113137 -0.2313137 0.4200000
v 0.3113137 -0.2313137 0.7000000
v 0.3061230 -0.2347821 0.4200000
v 0.3061230 -0.2347821 0.7000000
f 3977 3978 3980
f 3977 3980 3979
f 3979 3980 3982
f 3979 3982 3981
f 3981 3982 3984
f 3981 3984 3983
f 3983 3984 3986
f 3983 3986 3985
f 3985 3986 3988
f 3985 3988 3987
f 3987 3988 3990
f 3987 3990 3989
f 3989 3990 3992
f 3989 3992 3991
f 3991 3992 3994
f 3991 3994 3993
f 3993 3994 3996
f 3993 3996 3995
f 3995 3996 3998
f 3995 3998 3997
f 3997 3998 4000
f 3997 4000 3999
f 3999 4000 4002
f 3999 4002 4001
f 4001 4002 4004
f 4001 4004 4003
f 4003 4004 4006
f 4003 4006 4005
f 3982 3980 3978
f 3978 4008 4006
f 4006 4004 4002
f 4002 4000 3998
f 3998 3996 3994
f 3994 3992 3990
f 3990 3988 3986
f 3986 3984 3982
f 3982 3978 4006
f 4006 4002 3998
f 3998 3994 3990
f 3990 3986 3982
f 3982 4006 3998
f 3998 3990 3982
f 4005 4006 4008
f 4005 4008 4007
f 4007 4008 3978
f 4007 3978 3977
f 4007 3977 3979
f 3979 3981 3983
f 3983 3985 3987
f 3987 3989 3991
f 3991 3993 3995
f 3995 3997 3999
f 3999 4001 4003
f 4003 4005 4007
f 4007 3979 3983
f 3983 3987 3991
f 3991 3995 3999
f 3999 4003 4007
f 4007 3983 3991
f 3991 3999 4007
v 0.3000000 0.2040000 0.4200000
v 0.3000000 0.2040000 0.7000000
v 0.2938771 0.2052179 0.4200000
v 0.2938771 0.2052179 0.7000000
v 0.2886863 0.2086863 0.4200000
v 0.2886863 0.2086863 0.7000000
v 0.2852179 0.2138771 0.4200000
v 0.2852179 0.2138771 0.7000000
v 0.2840000 0.2200000 0.4200000
v 0.2840000 0.2200000 0.7000000
v 0.2852179 0.2261229 0.4200000
v 0.2852179 0.2261229 0.7000000
v 0.2886863 0.2313137 0.4200000
v 0.2886863 0.2313137 0.7000000
v 0.2938771 0.2347821 0.4200000
v 0.2938771 0.2347821 0.7000000
v 0.3000000 0.2360000 0.4200000
v 0.3000000 0.2360000 0.7000000
v 0.3061230 0.2347821 0.4200000
v 0.3061230 0.2347821 0.7000000
v 0.3113137 0.2313137 0.4200000
v 0.3113137 0.2313137 0.7000000
v 0.3147821 0.2261229 0.4200000
v 0.3147821 0.2261229 0.7000000
v 0.3160000 0.2200000 0.4200000
v 0.3160000 0.2200000 0.7000000
v 0.3147821 0.2138771 0.4200000
v 0.3147821 0.2138771 0.7000000
v 0.3113137 0.2086863 0.4200000
v 0.3113137 0.2086863 0.7000000
v 0.3061230 0.2052179 0.4200000
v 0.3061230 0.2052179 0.7000000
f 4009 4010 4012
f 4009 4012 4011
f 4011 4012 4014
f 4011 4014 4013
f 4013 4014 4016
f 4013 4016 4015
f 4015 4016 4018
f 4015 4018 4017
f 4017 4018 4020
f 4017 4020 4019
f 4019 4020 4022
f 4019 4022 4021
f 4021 4022 4024
f 4021 4024 4023
f 4023 4024 4026
f 4023 4026 4025
f 4025 4026 4028
f 4025 4028 4027
f 4027 4028 4030
f 4027 4030 4029
f 4029 4030 4032
f 4029 4032 4031
f 4031 4032 4034
f 4031 4034 4033
f 4033 4034 4036
f 4033 4036 4035
f 4035 4036 4038
f 4035 4038 4037
f 4014 4012 4010
f 4010 4040 4038
f 4038 4036 4034
f 4034 4032 4030
f 4030 4028 4026
f 4026 4024 4022
f 4022 4020 4018
f 4018 4016 4014
f 4014 4010 4038
f 4038 4034 4030
f 4030 4026 4022
f 4022 4018 4014
f 4014 4038 4030
f 4030 4022 4014
f 4037 4038 4040
f 4037 4040 4039
f 4039 4040 4010
f 4039 4010 4009
f 4039 4009 4011
f 4011 4013 4015
f 4015 4017 4019
f 4019 4021 4023
f 4023 4025 4027
f 4027 4029 4031
f 4031 4033 4035
f 4035 4037 4039
f 4039 4011 4015
f 4015 4019 4023
f 4023 4027 4031
f 4031 4035 4039
f 4039 4015 4023
f 4023 4031 4039
v -0.1080000 -0.3880000 0.7000000
v -0.1080000 -0.4000000 0.7120000
v -0.1200000 -0.3880000 0.7120000
v -0.1080000 -0.3939921 0.7016031
v -0.1139921 -0.3880000 0.7016031
v -0.1137386 -0.3937385 0.7031604
v -0.1139921 -0.3983968 0.7120000
v -0.1080000 -0.3983968 0.7060078
v -0.1137386 -0.3968396 0.7062615
v -0.1183968 -0.3880000 0.7060078
v -0.1183968 -0.3939921 0.7120000
v -0.1168396 -0.3937385 0.7062615
v -0.1080000 -0.4000000 0.7180000
v -0.1080000 -0.3880000 0.7300000
v -0.1200000 -0.3880000 0.7180000
v -0.1080000 -0.3983968 0.7239921
v -0.1139921 -0.3983968 0.7180000
v -0.1137386 -0.3968396 0.7237385
v -0.1139921 -0.3880000 0.7283968
v -0.1080000 -0.3939921 0.7283968
v -0.1137386 -0.3937385 0.7268395
v -0.1183968 -0.3939921 0.7180000
v -0.1183968 -0.3880000 0.7239921
v -0.1168396 -0.3937385 0.7237385
v -0.1080000 0.3880000 0.7000000
v -0.1200000 0.3880000 0.7120000
v -0.1080000 0.4000000 0.7120000
v -0.1139921 0.3880000 0.7016031
v -0.1080000 0.3939921 0.7016031
v -0.1137386 0.3937385 0.7031604
v -0.1183968 0.3939921 0.7120000
v -0.1183968 0.3880000 0.7060078
v -0.1168396 0.3937385 0.7062615
v -0.1080000 0.3983968 0.7060078
v -0.1139921 0.3983968 0.7120000
v -0.1137386 0.3968396 0.7062615
v -0.1080000 0.3880000 0.7300000
v -0.1080000 0.4000000 0.7180000
v -0.1200000 0.3880000 0.7180000
v -0.1080000 0.3939921 0.7283968
v -0.1139921 0.3880000 0.7283968
v -0.1137386 0.3937385 0.7268395
v -0.1139921 0.3983968 0.7180000
v -0.1080000 0.3983968 0.7239921
v -0.1137386 0.3968396 0.7237385
v -0.1183968 0.3880000 0.7239921
v -0.1183968 0.3939921 0.7180000
v -0.1168396 0.3937385 0.7237385
v 0.3680000 -0.3880000 0.7000000
v 0.3800000 -0.3880000 0.7120000
v 0.3680000 -0.4000000 0.7120000
v 0.3739921 -0.3880000 0.7016031
v 0.3680000 -0.3939921 0.7016031
v 0.3737385 -0.3937385 0.7031604
v 0.3783968 -0.3939921 0.7120000
v 0.3783968 -0.3880000 0.7060078
v 0.3768396 -0.3937385 0.7062615
v 0.3680000 -0.3983968 0.7060078
v 0.3739921 -0.3983968 0.7120000
v 0.3737385 -0.3968396 0.7062615
v 0.3680000 -0.3880000 0.7300000
v 0.3680000 -0.4000000 0.7180000
v 0.3800000 -0.3880000 0.7180000
v 0.3680000 -0.3939921 0.7283968
v 0.3739921 -0.3880000 0.7283968
v 0.3737385 -0.3937385 0.7268395
v 0.3739921 -0.3983968 0.7180000
v 0.3680000 -0.3983968 0.7239921
v 0.3737385 -0.3968396 0.7237385
v 0.3783968 -0.3880000 0.7239921
v 0.3783968 -0.3939921 0.7180000
v 0.3768396 -0.3937385 0.7237385
v 0.3680000 0.3880000 0.7000000
v 0.3680000 0.4000000 0.7120000
v 0.3800000 0.3880000 0.7120000
v 0.3680000 0.3939921 0.7016031
v 0.3739921 0.3880000 0.7016031
v 0.3737385 0.3937385 0.7031604
v 0.3739921 0.3983968 0.7120000
v 0.3680000 0.3983968 0.7060078
v 0.3737385 0.3968396 0.7062615
v 0.3783968 0.3880000 0.7060078
v 0.3783968 0.3939921 0.7120000
v 0.3768396 0.3937385 0.7062615
v 0.3680000 0.3880000 0.7300000
v 0.3800000 0.3880000 0.7180000
v 0.3680000 0.4000000 0.7180000
v 0.3739921 0.3880000 0.7283968
v 0.3680000 0.3939921 0.7283968
v 0.3737385 0.3937385 0.7268395
v 0.3783968 0.3939921 0.7180000
v 0.3783968 0.3880000 0.7239921
v 0.3768396 0.3937385 0.7237385
v 0.3680000 0.3983968 0.7239921
v 0.3739921 0.3983968 0.7180000
v 0.3737385 0.3968396 0.7237385
f 4041 4044 4046
f 4041 4046 4045
f 4044 4048 4049
f 4044 4049 4046
f 4042 4047 4049
f 4042 4049 4048
f 4047 4051 4052
f 4047 4052 4049
f 4043 4050 4052
f 4043 4052 4051
f 4050 4045 4046
f 4050 4046 4052
f 4046 4049 4052
f 4053 4056 4058
f 4053 4058 4057
f 4056 4060 4061
f 4056 4061 4058
f 4054 4059 4061
f 4054 4061 4060
f 4059 4063 4064
f 4059 4064 4061
f 4055 4062 4064
f 4055 4064 4063
f 4062 4057 4058
f 4062 4058 4064
f 4058 4061 4064
f 4065 4068 4070
f 4065 4070 4069
f 4068 4072 4073
f 4068 4073 4070
f 4066 4071 4073
f 4066 4073 4072
f 4071 4075 4076
f 4071 4076 4073
f 4067 4074 4076
f 4067 4076 4075
f 4074 4069 4070
f 4074 4070 4076
f 4070 4073 4076
f 4077 4080 4082
f 4077 4082 4081
f 4080 4084 4085
f 4080 4085 4082
f 4078 4083 4085
f 4078 4085 4084
f 4083 4087 4088
f 4083 4088 4085
f 4079 4086 4088
f 4079 4088 4087
f 4086 4081 4082
f 4086 4082 4088
f 4082 4085 4088
f 4089 4092 4094
f 4089 4094 4093
f 4092 4096 4097
f 4092 4097 4094
f 4090 4095 4097
f 4090 4097 4096
f 4095 4099 4100
f 4095 4100 4097
f 4091 4098 4100
f 4091 4100 4099
f 4098 4093 4094
f 4098 4094 4100
f 4094 4097 4100
f 4101 4104 4106
f 4101 4106 4105
f 4104 4108 4109
f 4104 4109 4106
f 4102 4107 4109
f 4102 4109 4108
f 4107 4111 4112
f 4107 4112 4109
f 4103 4110 4112
f 4103 4112 4111
f 4110 4105 4106
f 4110 4106 4112
f 4106 4109 4112
f 4113 4116 4118
f 4113 4118 4117
f 4116 4120 4121
f 4116 4121 4118
f 4114 4119 4121
f 4114 4121 4120
f 4119 4123 4124
f 4119 4124 4121
f 4115 4122 4124
f 4115 4124 4123
f 4122 4117 4118
f 4122 4118 4124
f 4118 4121 4124
f 4125 4128 4130
f 4125 4130 4129
f 4128 4132 4133
f 4128 4133 4130
f 4126 4131 4133
f 4126 4133 4132
f 4131 4135 4136
f 4131 4136 4133
f 4127 4134 4136
f 4127 4136 4135
f 4134 4129 4130
f 4134 4130 4136
f 4130 4133 4136
f 4065 4041 4045
f 4065 4045 4068
f 4068 4045 4050
f 4068 4050 4072
f 4072 4050 4043
f 4072 4043 4066
f 4042 4053 4057
f 4042 4057 4047
f 4047 4057 4062
f 4047 4062 4051
f 4051 4062 4055
f 4051 4055 4043
f 4054 4077 4081
f 4054 4081 4059
f 4059 4081 4086
f 4059 4086 4063
f 4063 4086 4079
f 4063 4079 4055
f 4078 4067 4075
f 4078 4075 4083
f 4083 4075 4071
f 4083 4071 4087
f 4087 4071 4066
f 4087 4066 4079
f 4113 4065 4069
f 4113 4069 4116
f 4116 4069 4074
f 4116 4074 4120
f 4120 4074 4067
f 4120 4067 4114
f 4077 4125 4129
f 4077 4129 4080
f 4080 4129 4134
f 4080 4134 4084
f 4084 4134 4127
f 4084 4127 4078
f 4126 4115 4123
f 4126 4123 4131
f 4131 4123 4119
f 4131 4119 4135
f 4135 4119 4114
f 4135 4114 4127
f 4089 4113 4117
f 4089 4117 4092
f 4092 4117 4122
f 4092 4122 4096
f 4096 4122 4115
f 4096 4115 4090
f 4125 4101 4105
f 4125 4105 4128
f 4128 4105 4110
f 4128 4110 4132
f 4132 4110 4103
f 4132 4103 4126
f 4102 4091 4099
f 4102 4099 4107
f 4107 4099 4095
f 4107 4095 4111
f 4111 4095 4090
f 4111 4090 4103
f 4041 4089 4093
f 4041 4093 4044
f 4044 4093 4098
f 4044 4098 4048
f 4048 4098 4091
f 4048 4091 4042
f 4101 4054 4060
f 4101 4060 4104
f 4104 4060 4056
f 4104 4056 4108
f 4108 4056 4053
f 4108 4053 4102
f 4065 4113 4089
f 4065 4089 4041
f 4043 4055 4079
f 4043 4079 4066
f 4091 4102 4053
f 4091 4053 4042
f 4125 4077 4054
f 4125 4054 4101
f 4067 4078 4127
f 4067 4127 4114
f 4115 4126 4103
f 4115 4103 4090
v -0.0450000 -0.3500000 0.7300000
v -0.0450000 -0.3800000 0.7600000
v -0.0750000 -0.3500000 0.7600000
v -0.0450000 -0.3649803 0.7340078
v -0.0599803 -0.3500000 0.7340078
v -0.0593464 -0.3643464 0.7379010
v -0.0599803 -0.3759921 0.7600000
v -0.0450000 -0.3759921 0.7450197
v -0.0593464 -0.3720990 0.7456536
v -0.0709921 -0.3500000 0.7450197
v -0.0709921 -0.3649803 0.7600000
v -0.0670990 -0.3643464 0.7456536
v -0.0450000 -0.3800000 0.7800000
v -0.0450000 -0.3500000 0.8100000
v -0.0750000 -0.3500000 0.7800000
v -0.0450000 -0.3759921 0.7949803
v -0.0599803 -0.3759921 0.7800000
v -0.0593464 -0.3720990 0.7943463
v -0.0599803 -0.3500000 0.8059921
v -0.0450000 -0.3649803 0.8059921
v -0.0593464 -0.3643464 0.8020989
v -0.0709921 -0.3649803 0.7800000
v -0.0709921 -0.3500000 0.7949803
v -0.0670990 -0.3643464 0.7943463
v -0.0450000 0.3500000 0.7300000
v -0.0750000 0.3500000 0.7600000
v -0.0450000 0.3800000 0.7600000
v -0.0599803 0.3500000 0.7340078
v -0.0450000 0.3649803 0.7340078
v -0.0593464 0.3643463 0.7379010
v -0.0709921 0.3649803 0.7600000
v -0.0709921 0.3500000 0.7450197
v -0.0670990 0.3643463 0.7456536
v -0.0450000 0.3759921 0.7450197
v -0.0599803 0.3759921 0.7600000
v -0.0593464 0.3720990 0.7456536
v -0.0450000 0.3500000 0.8100000
v -0.0450000 0.3800000 0.7800000
v -0.0750000 0.3500000 0.7800000
v -0.0450000 0.3649803 0.8059921
v -0.0599803 0.3500000 0.8059921
v -0.0593464 0.3643464 0.8020989
v -0.0599803 0.3759921 0.7800000
v -0.0450000 0.3759921 0.7949803
v -0.0593464 0.3720990 0.7943463
v -0.0709921 0.3500000 0.7949803
v -0.0709921 0.3649803 0.7800000
v -0.0670990 0.3643464 0.7943463
v 0.3350000 -0.3500000 0.7300000
v 0.3650000 -0.3500000 0.7600000
v 0.3350000 -0.3800000 0.7600000
v 0.3499803 -0.3500000 0.7340078
v 0.3350000 -0.3649803 0.7340078
v 0.3493463 -0.3643463 0.7379010
v 0.3609921 -0.3649803 0.7600000
v 0.3609921 -0.3500000 0.7450197
v 0.3570990 -0.3643463 0.7456536
v 0.3350000 -0.3759921 0.7450197
v 0.3499803 -0.3759921 0.7600000
v 0.3493463 -0.3720990 0.7456536
v 0.3350000 -0.3500000 0.8100000
v 0.3350000 -0.3800000 0.7800000
v 0.3650000 -0.3500000 0.7800000
v 0.3350000 -0.3649803 0.8059921
v 0.3499803 -0.3500000 0.8059921
v 0.3493463 -0.3643464 0.8020989
v 0.3499803 -0.3759921 0.7800000
v 0.3350000 -0.3759921 0.7949803
v 0.3493463 -0.3720990 0.7943463
v 0.3609921 -0.3500000 0.7949803
v 0.3609921 -0.3649803 0.7800000
v 0.3570990 -0.3643464 0.7943463
v 0.3350000 0.3500000 0.7300000
v 0.3350000 0.3800000 0.7600000
v 0.3650000 0.3500000 0.7600000
v 0.3350000 0.3649803 0.7340078
v 0.3499803 0.3500000 0.7340078
v 0.3493463 0.3643464 0.7379010
v 0.3499803 0.3759921 0.7600000
v 0.3350000 0.3759921 0.7450197
v 0.3493463 0.3720990 0.7456536
v 0.3609921 0.3500000 0.7450197
v 0.3609921 0.3649803 0.7600000
v 0.3570990 0.3643464 0.7456536
v 0.3350000 0.3500000 0.8100000
v 0.3650000 0.3500000 0.7800000
v 0.3350000 0.3800000 0.7800000
v 0.3499803 0.3500000 0.8059921
v 0.3350000 0.3649803 0.8059921
v 0.3493463 0.3643463 0.8020989
v 0.3609921 0.3649803 0.7800000
v 0.3609921 0.3500000 0.7949803
v 0.3570990 0.3643463 0.7943463
v 0.3350000 0.3759921 0.7949803
v 0.3499803 0.3759921 0.7800000
v 0.3493463 0.3720990 0.7943463
f 4137 4140 4142
f 4137 4142 4141
f 4140 4144 4145
f 4140 4145 4142
f 4138 4143 4145
f 4138 4145 4144
f 4143 4147 4148
f 4143 4148 4145
f 4139 4146 4148
f 4139 4148 4147
f 4146 4141 4142
f 4146 4142 4148
f 4142 4145 4148
f 4149 4152 4154
f 4149 4154 4153
f 4152 4156 4157
f 4152 4157 4154
f 4150 4155 4157
f 4150 4157 4156
f 4155 4159 4160
f 4155 4160 4157
f 4151 4158 4160
f 4151 4160 4159
f 4158 4153 4154
f 4158 4154 4160
f 4154 4157 4160
f 4161 4164 4166
f 4161 4166 4165
f 4164 4168 4169
f 4164 4169 4166
f 4162 4167 4169
f 4162 4169 4168
f 4167 4171 4172
f 4167 4172 4169
f 4163 4170 4172
f 4163 4172 4171
f 4170 4165 4166
f 4170 4166 4172
f 4166 4169 4172
f 4173 4176 4178
f 4173 4178 4177
f 4176 4180 4181
f 4176 4181 4178
f 4174 4179 4181
f 4174 4181 4180
f 4179 4183 4184
f 4179 4184 4181
f 4175 4182 4184
f 4175 4184 4183
f 4182 4177 4178
f 4182 4178 4184
f 4178 4181 4184
f 4185 4188 4190
f 4185 4190 4189
f 4188 4192 4193
f 4188 4193 4190
f 4186 4191 4193
f 4186 4193 4192
f 4191 4195 4196
f 4191 4196 4193
f 4187 4194 4196
f 4187 4196 4195
f 4194 4189 4190
f 4194 4190 4196
f 4190 4193 4196
f 4197 4200 4202
f 4197 4202 4201
f 4200 4204 4205
f 4200 4205 4202
f 4198 4203 4205
f 4198 4205 4204
f 4203 4207 4208
f 4203 4208 4205
f 4199 4206 4208
f 4199 4208 4207
f 4206 4201 4202
f 4206 4202 4208
f 4202 4205 4208
f 4209 4212 4214
f 4209 4214 4213
f 4212 4216 4217
f 4212 4217 4214
f 4210 4215 4217
f 4210 4217 4216
f 4215 4219 4220
f 4215 4220 4217
f 4211 4218 4220
f 4211 4220 4219
f 4218 4213 4214
f 4218 4214 4220
f 4214 4217 4220
f 4221 4224 4226
f 4221 4226 4225
f 4224 4228 4229
f 4224 4229 4226
f 4222 4227 4229
f 4222 4229 4228
f 4227 4231 4232
f 4227 4232 4229
f 4223 4230 4232
f 4223 4232 4231
f 4230 4225 4226
f 4230 4226 4232
f 4226 4229 4232
f 4161 4137 4141
f 4161 4141 4164
f 4164 4141 4146
f 4164 4146 4168
f 4168 4146 4139
f 4168 4139 4162
f 4138 4149 4153
f 4138 4153 4143
f 4143 4153 4158
f 4143 4158 4147
f 4147 4158 4151
f 4147 4151 4139
f 4150 4173 4177
f 4150 4177 4155
f 4155 4177 4182
f 4155 4182 4159
f 4159 4182 4175
f 4159 4175 4151
f 4174 4163 4171
f 4174 4171 4179
f 4179 4171 4167
f 4179 4167 4183
f 4183 4167 4162
f 4183 4162 4175
f 4209 4161 4165
f 4209 4165 4212
f 4212 4165 4170
f 4212 4170 4216
f 4216 4170 4163
f 4216 4163 4210
f 4173 4221 4225
f 4173 4225 4176
f 4176 4225 4230
f 4176 4230 4180
f 4180 4230 4223
f 4180 4223 4174
f 4222 4211 4219
f 4222 4219 4227
f 4227 4219 4215
f 4227 4215 4231
f 4231 4215 4210
f 4231 4210 4223
f 4185 4209 4213
f 4185 4213 4188
f 4188 4213 4218
f 4188 4218 4192
f 4192 4218 4211
f 4192 4211 4186
f 4221 4197 4201
f 4221 4201 4224
f 4224 4201 4206
f 4224 4206 4228
f 4228 4206 4199
f 4228 4199 4222
f 4198 4187 4195
f 4198 4195 4203
f 4203 4195 4191
f 4203 4191 4207
f 4207 4191 4186
f 4207 4186 4199
f 4137 4185 4189
f 4137 4189 4140
f 4140 4189 4194
f 4140 4194 4144
f 4144 4194 4187
f 4144 4187 4138
f 4197 4150 4156
f 4197 4156 4200
f 4200 4156 4152
f 4200 4152 4204
f 4204 4152 4149
f 4204 4149 4198
f 4161 4209 4185
f 4161 4185 4137
f 4139 4151 4175
f 4139 4175 4162
f 4187 4198 4149
f 4187 4149 4138
f 4221 4173 4150
f 4221 4150 4197
f 4163 4174 4223
f 4163 4223 4210
f 4211 4222 4199
f 4211 4199 4186
v -0.1100000 -0.3550000 0.7300000
v -0.1100000 -0.3800000 0.7550000
v -0.1350000 -0.3550000 0.7550000
v -0.1100000 -0.3674836 0.7333399
v -0.1224836 -0.3550000 0.7333399
v -0.1219553 -0.3669553 0.7365842
v -0.1224836 -0.3766601 0.7550000
v -0.1100000 -0.3766601 0.7425164
v -0.1219553 -0.3734158 0.7430447
v -0.1316601 -0.3550000 0.7425164
v -0.1316601 -0.3674836 0.7550000
v -0.1284158 -0.3669553 0.7430447
v -0.1100000 -0.3800000 1.0850000
v -0.1100000 -0.3550000 1.1100000
v -0.1350000 -0.3550000 1.0850000
v -0.1100000 -0.3766601 1.0974836
v -0.1224836 -0.3766601 1.0850000
v -0.1219553 -0.3734158 1.0969553
v -0.1224836 -0.3550000 1.1066601
v -0.1100000 -0.3674836 1.1066601
v -0.1219553 -0.3669553 1.1034158
v -0.1316601 -0.3674836 1.0850000
v -0.1316601 -0.3550000 1.0974836
v -0.1284158 -0.3669553 1.0969553
v -0.1100000 0.3550000 0.7300000
v -0.1350000 0.3550000 0.7550000
v -0.1100000 0.3800000 0.7550000
v -0.1224836 0.3550000 0.7333399
v -0.1100000 0.3674836 0.7333399
v -0.1219553 0.3669553 0.7365842
v -0.1316601 0.3674836 0.7550000
v -0.1316601 0.3550000 0.7425164
v -0.1284158 0.3669553 0.7430447
v -0.1100000 0.3766600 0.7425164
v -0.1224836 0.3766600 0.7550000
v -0.1219553 0.3734158 0.7430447
v -0.1100000 0.3550000 1.1100000
v -0.1100000 0.3800000 1.0850000
v -0.1350000 0.3550000 1.0850000
v -0.1100000 0.3674836 1.1066601
v -0.1224836 0.3550000 1.1066601
v -0.1219553 0.3669553 1.1034158
v -0.1224836 0.3766601 1.0850000
v -0.1100000 0.3766601 1.0974836
v -0.1219553 0.3734158 1.0969553
v -0.1316601 0.3550000 1.0974836
v -0.1316601 0.3674836 1.0850000
v -0.1284158 0.3669553 1.0969553
v -0.1000000 -0.3550000 0.7300000
v -0.0750000 -0.3550000 0.7550000
v -0.1000000 -0.3800000 0.7550000
v -0.0875164 -0.3550000 0.7333399
v -0.1000000 -0.3674836 0.7333399
v -0.0880447 -0.3669553 0.7365842
v -0.0783399 -0.3674836 0.7550000
v -0.0783399 -0.3550000 0.7425164
v -0.0815842 -0.3669553 0.7430447
v -0.1000000 -0.3766600 0.7425164
v -0.0875164 -0.3766600 0.7550000
v -0.0880447 -0.3734158 0.7430447
v -0.1000000 -0.3550000 1.1100000
v -0.1000000 -0.3800000 1.0850000
v -0.0750000 -0.3550000 1.0850000
v -0.1000000 -0.3674836 1.1066601
v -0.0875164 -0.3550000 1.1066601
v -0.0880447 -0.3669553 1.1034158
v -0.0875164 -0.3766601 1.0850000
v -0.1000000 -0.3766601 1.0974836
v -0.0880447 -0.3734158 1.0969553
v -0.0783399 -0.3550000 1.0974836
v -0.0783399 -0.3674836 1.0850000
v -0.0815842 -0.3669553 1.0969553
v -0.1000000 0.3550000 0.7300000
v -0.1000000 0.3800000 0.7550000
v -0.0750000 0.3550000 0.7550000
v -0.1000000 0.3674836 0.7333399
v -0.0875164 0.3550000 0.7333399
v -0.0880447 0.3669553 0.7365842
v -0.0875164 0.3766601 0.7550000
v -0.1000000 0.3766601 0.7425164
v -0.0880447 0.3734158 0.7430447
v -0.0783399 0.3550000 0.7425164
v -0.0783399 0.3674836 0.7550000
v -0.0815842 0.3669553 0.7430447
v -0.1000000 0.3550000 1.1100000
v -0.0750000 0.3550000 1.0850000
v -0.1000000 0.3800000 1.0850000
v -0.0875164 0.3550000 1.1066601
v -0.1000000 0.3674836 1.1066601
v -0.0880447 0.3669553 1.1034158
v -0.0783399 0.3674836 1.0850000
v -0.0783399 0.3550000 1.0974836
v -0.0815842 0.3669553 1.0969553
v -0.1000000 0.3766600 1.0974836
v -0.0875164 0.3766600 1.0850000
v -0.0880447 0.3734158 1.0969553
f 4233 4236 4238
f 4233 4238 4237
f 4236 4240 4241
f 4236 4241 4238
f 4234 4239 4241
f 4234 4241 4240
f 4239 4243 4244
f 4239 4244 4241
f 4235 4242 4244
f 4235 4244 4243
f 4242 4237 4238
f 4242 4238 4244
f 4238 4241 4244
f 4245 4248 4250
f 4245 4250 4249
f 4248 4252 4253
f 4248 4253 4250
f 4246 4251 4253
f 4246 4253 4252
f 4251 4255 4256
f 4251 4256 4253
f 4247 4254 4256
f 4247 4256 4255
f 4254 4249 4250
f 4254 4250 4256
f 4250 4253 4256
f 4257 4260 4262
f 4257 4262 4261
f 4260 4264 4265
f 4260 4265 4262
f 4258 4263 4265
f 4258 4265 4264
f 4263 4267 4268
f 4263 4268 4265
f 4259 4266 4268
f 4259 4268 4267
f 4266 4261 4262
f 4266 4262 4268
f 4262 4265 4268
f 4269 4272 4274
f 4269 4274 4273
f 4272 4276 4277
f 4272 4277 4274
f 4270 4275 4277
f 4270 4277 4276
f 4275 4279 4280
f 4275 4280 4277
f 4271 4278 4280
f 4271 4280 4279
f 4278 4273 4274
f 4278 4274 4280
f 4274 4277 4280
f 4281 4284 4286
f 4281 4286 4285
f 4284 4288 4289
f 4284 4289 4286
f 4282 4287 4289
f 4282 4289 4288
f 4287 4291 4292
f 4287 4292 4289
f 4283 4290 4292
f 4283 4292 4291
f 4290 4285 4286
f 4290 4286 4292
f 4286 4289 4292
f 4293 4296 4298
f 4293 4298 4297
f 4296 4300 4301
f 4296 4301 4298
f 4294 4299 4301
f 4294 4301 4300
f 4299 4303 4304
f 4299 4304 4301
f 4295 4302 4304
f 4295 4304 4303
f 4302 4297 4298
f 4302 4298 4304
f 4298 4301 4304
f 4305 4308 4310
f 4305 4310 4309
f 4308 4312 4313
f 4308 4313 4310
f 4306 4311 4313
f 4306 4313 4312
f 4311 4315 4316
f 4311 4316 4313
f 4307 4314 4316
f 4307 4316 4315
f 4314 4309 4310
f 4314 4310 4316
f 4310 4313 4316
f 4317 4320 4322
f 4317 4322 4321
f 4320 4324 4325
f 4320 4325 4322
f 4318 4323 4325
f 4318 4325 4324
f 4323 4327 4328
f 4323 4328 4325
f 4319 4326 4328
f 4319 4328 4327
f 4326 4321 4322
f 4326 4322 4328
f 4322 4325 4328
f 4257 4233 4237
f 4257 4237 4260
f 4260 4237 4242
f 4260 4242 4264
f 4264 4242 4235
f 4264 4235 4258
f 4234 4245 4249
f 4234 4249 4239
f 4239 4249 4254
f 4239 4254 4243
f 4243 4254 4247
f 4243 4247 4235
f 4246 4269 4273
f 4246 4273 4251
f 4251 4273 4278
f 4251 4278 4255
f 4255 4278 4271
f 4255 4271 4247
f 4270 4259 4267
f 4270 4267 4275
f 4275 4267 4263
f 4275 4263 4279
f 4279 4263 4258
f 4279 4258 4271
f 4305 4257 4261
f 4305 4261 4308
f 4308 4261 4266
f 4308 4266 4312
f 4312 4266 4259
f 4312 4259 4306
f 4269 4317 4321
f 4269 4321 4272
f 4272 4321 4326
f 4272 4326 4276
f 4276 4326 4319
f 4276 4319 4270
f 4318 4307 4315
f 4318 4315 4323
f 4323 4315 4311
f 4323 4311 4327
f 4327 4311 4306
f 4327 4306 4319
f 4281 4305 4309
f 4281 4309 4284
f 4284 4309 4314
f 4284 4314 4288
f 4288 4314 4307
f 4288 4307 4282
f 4317 4293 4297
f 4317 4297 4320
f 4320 4297 4302
f 4320 4302 4324
f 4324 4302 4295
f 4324 4295 4318
f 4294 4283 4291
f 4294 4291 4299
f 4299 4291 4287
f 4299 4287 4303
f 4303 4287 4282
f 4303 4282 4295
f 4233 4281 4285
f 4233 4285 4236
f 4236 4285 4290
f 4236 4290 4240
f 4240 4290 4283
f 4240 4283 4234
f 4293 4246 4252
f 4293 4252 4296
f 4296 4252 4248
f 4296 4248 4300
f 4300 4248 4245
f 4300 4245 4294
f 4257 4305 4281
f 4257 4281 4233
f 4235 4247 4271
f 4235 4271 4258
f 4283 4294 4245
f 4283 4245 4234
f 4317 4269 4246
f 4317 4246 4293
f 4259 4270 4319
f 4259 4319 4306
f 4307 4318 4295
f 4307 4295 4282
v 0.4130000 -0.1170000 0.4380000
v 0.4130000 -0.1200000 0.4410000
v 0.4100000 -0.1170000 0.4410000
v 0.4130000 -0.1184980 0.4384008
v 0.4115020 -0.1170000 0.4384008
v 0.4115654 -0.1184346 0.4387901
v 0.4115020 -0.1195992 0.4410000
v 0.4130000 -0.1195992 0.4395020
v 0.4115654 -0.1192099 0.4395654
v 0.4104008 -0.1170000 0.4395020
v 0.4104008 -0.1184980 0.4410000
v 0.4107901 -0.1184346 0.4395654
v 0.4130000 -0.1200000 0.4600000
v 0.4130000 -0.1170000 0.4630000
v 0.4100000 -0.1170000 0.4600000
v 0.4130000 -0.1195992 0.4614981
v 0.4115020 -0.1195992 0.4600000
v 0.4115654 -0.1192099 0.4614346
v 0.4115020 -0.1170000 0.4625992
v 0.4130000 -0.1184980 0.4625992
v 0.4115654 -0.1184346 0.4622099
v 0.4104008 -0.1184980 0.4600000
v 0.4104008 -0.1170000 0.4614981
v 0.4107901 -0.1184346 0.4614346
v 0.4130000 0.2770000 0.4380000
v 0.4100000 0.2770000 0.4410000
v 0.4130000 0.2800000 0.4410000
v 0.4115020 0.2770000 0.4384008
v 0.4130000 0.2784980 0.4384008
v 0.4115654 0.2784346 0.4387901
v 0.4104008 0.2784980 0.4410000
v 0.4104008 0.2770000 0.4395020
v 0.4107901 0.2784346 0.4395654
v 0.4130000 0.2795992 0.4395020
v 0.4115020 0.2795992 0.4410000
v 0.4115654 0.2792099 0.4395654
v 0.4130000 0.2770000 0.4630000
v 0.4130000 0.2800000 0.4600000
v 0.4100000 0.2770000 0.4600000
v 0.4130000 0.2784980 0.4625992
v 0.4115020 0.2770000 0.4625992
v 0.4115654 0.2784346 0.4622099
v 0.4115020 0.2795992 0.4600000
v 0.4130000 0.2795992 0.4614981
v 0.4115654 0.2792099 0.4614346
v 0.4104008 0.2770000 0.4614981
v 0.4104008 0.2784980 0.4600000
v 0.4107901 0.2784346 0.4614346
v 0.6970000 -0.1170000 0.4380000
v 0.7000000 -0.1170000 0.4410000
v 0.6970000 -0.1200000 0.4410000
v 0.6984980 -0.1170000 0.4384008
v 0.6970000 -0.1184980 0.4384008
v 0.6984347 -0.1184346 0.4387901
v 0.6995992 -0.1184980 0.4410000
v 0.6995992 -0.1170000 0.4395020
v 0.6992099 -0.1184346 0.4395654
v 0.6970000 -0.1195992 0.4395020
v 0.6984980 -0.1195992 0.4410000
v 0.6984347 -0.1192099 0.4395654
v 0.6970000 -0.1170000 0.4630000
v 0.6970000 -0.1200000 0.4600000
v 0.7000000 -0.1170000 0.4600000
v 0.6970000 -0.1184980 0.4625992
v 0.6984980 -0.1170000 0.4625992
v 0.6984347 -0.1184346 0.4622099
v 0.6984980 -0.1195992 0.4600000
v 0.6970000 -0.1195992 0.4614981
v 0.6984347 -0.1192099 0.4614346
v 0.6995992 -0.1170000 0.4614981
v 0.6995992 -0.1184980 0.4600000
v 0.6992099 -0.1184346 0.4614346
v 0.6970000 0.2770000 0.4380000
v 0.6970000 0.2800000 0.4410000
v 0.7000000 0.2770000 0.4410000
v 0.6970000 0.2784980 0.4384008
v 0.6984980 0.2770000 0.4384008
v 0.6984347 0.2784346 0.4387901
v 0.6984980 0.2795992 0.4410000
v 0.6970000 0.2795992 0.4395020
v 0.6984347 0.2792099 0.4395654
v 0.6995992 0.2770000 0.4395020
v 0.6995992 0.2784980 0.4410000
v 0.6992099 0.2784346 0.4395654
v 0.6970000 0.2770000 0.4630000
v 0.7000000 0.2770000 0.4600000
v 0.6970000 0.2800000 0.4600000
v 0.6984980 0.2770000 0.4625992
v 0.6970000 0.2784980 0.4625992
v 0.6984347 0.2784346 0.4622099
v 0.6995992 0.2784980 0.4600000
v 0.6995992 0.2770000 0.4614981
v 0.6992099 0.2784346 0.4614346
v 0.6970000 0.2795992 0.4614981
v 0.6984980 0.2795992 0.4600000
v 0.6984347 0.2792099 0.4614346
f 4329 4332 4334
f 4329 4334 4333
f 4332 4336 4337
f 4332 4337 4334
f 4330 4335 4337
f 4330 4337 4336
f 4335 4339 4340
f 4335 4340 4337
f 4331 4338 4340
f 4331 4340 4339
f 4338 4333 4334
f 4338 4334 4340
f 4334 4337 4340
f 4341 4344 4346
f 4341 4346 4345
f 4344 4348 4349
f 4344 4349 4346
f 4342 4347 4349
f 4342 4349 4348
f 4347 4351 4352
f 4347 4352 4349
f 4343 4350 4352
f 4343 4352 4351
f 4350 4345 4346
f 4350 4346 4352
f 4346 4349 4352
f 4353 4356 4358
f 4353 4358 4357
f 4356 4360 4361
f 4356 4361 4358
f 4354 4359 4361
f 4354 4361 4360
f 4359 4363 4364
f 4359 4364 4361
f 4355 4362 4364
f 4355 4364 4363
f 4362 4357 4358
f 4362 4358 4364
f 4358 4361 4364
f 4365 4368 4370
f 4365 4370 4369
f 4368 4372 4373
f 4368 4373 4370
f 4366 4371 4373
f 4366 4373 4372
f 4371 4375 4376
f 4371 4376 4373
f 4367 4374 4376
f 4367 4376 4375
f 4374 4369 4370
f 4374 4370 4376
f 4370 4373 4376
f 4377 4380 4382
f 4377 4382 4381
f 4380 4384 4385
f 4380 4385 4382
f 4378 4383 4385
f 4378 4385 4384
f 4383 4387 4388
f 4383 4388 4385
f 4379 4386 4388
f 4379 4388 4387
f 4386 4381 4382
f 4386 4382 4388
f 4382 4385 4388
f 4389 4392 4394
f 4389 4394 4393
f 4392 4396 4397
f 4392 4397 4394
f 4390 4395 4397
f 4390 4397 4396
f 4395 4399 4400
f 4395 4400 4397
f 4391 4398 4400
f 4391 4400 4399
f 4398 4393 4394
f 4398 4394 4400
f 4394 4397 4400
f 4401 4404 4406
f 4401 4406 4405
f 4404 4408 4409
f 4404 4409 4406
f 4402 4407 4409
f 4402 4409 4408
f 4407 4411 4412
f 4407 4412 4409
f 4403 4410 4412
f 4403 4412 4411
f 4410 4405 4406
f 4410 4406 4412
f 4406 4409 4412
f 4413 4416 4418
f 4413 4418 4417
f 4416 4420 4421
f 4416 4421 4418
f 4414 4419 4421
f 4414 4421 4420
f 4419 4423 4424
f 4419 4424 4421
f 4415 4422 4424
f 4415 4424 4423
f 4422 4417 4418
f 4422 4418 4424
f 4418 4421 4424
f 4353 4329 4333
f 4353 4333 4356
f 4356 4333 4338
f 4356 4338 4360
f 4360 4338 4331
f 4360 4331 4354
f 4330 4341 4345
f 4330 4345 4335
f 4335 4345 4350
f 4335 4350 4339
f 4339 4350 4343
f 4339 4343 4331
f 4342 4365 4369
f 4342 4369 4347
f 4347 4369 4374
f 4347 4374 4351
f 4351 4374 4367
f 4351 4367 4343
f 4366 4355 4363
f 4366 4363 4371
f 4371 4363 4359
f 4371 4359 4375
f 4375 4359 4354
f 4375 4354 4367
f 4401 4353 4357
f 4401 4357 4404
f 4404 4357 4362
f 4404 4362 4408
f 4408 4362 4355
f 4408 4355 4402
f 4365 4413 4417
f 4365 4417 4368
f 4368 4417 4422
f 4368 4422 4372
f 4372 4422 4415
f 4372 4415 4366
f 4414 4403 4411
f 4414 4411 4419
f 4419 4411 4407
f 4419 4407 4423
f 4423 4407 4402
f 4423 4402 4415
f 4377 4401 4405
f 4377 4405 4380
f 4380 4405 4410
f 4380 4410 4384
f 4384 4410 4403
f 4384 4403 4378
f 4413 4389 4393
f 4413 4393 4416
f 4416 4393 4398
f 4416 4398 4420
f 4420 4398 4391
f 4420 4391 4414
f 4390 4379 4387
f 4390 4387 4395
f 4395 4387 4383
f 4395 4383 4399
f 4399 4383 4378
f 4399 4378 4391
f 4329 4377 4381
f 4329 4381 4332
f 4332 4381 4386
f 4332 4386 4336
f 4336 4386 4379
f 4336 4379 4330
f 4389 4342 4348
f 4389 4348 4392
f 4392 4348 4344
f 4392 4344 4396
f 4396 4344 4341
f 4396 4341 4390
f 4353 4401 4377
f 4353 4377 4329
f 4331 4343 4367
f 4331 4367 4354
f 4379 4390 4341
f 4379 4341 4330
f 4413 4365 4342
f 4413 4342 4389
f 4355 4366 4415
f 4355 4415 4402
f 4403 4414 4391
f 4403 4391 4378
v 0.9510000 -0.2540000 0.4300000
v 0.9510000 -0.2600000 0.4360000
v 0.9450000 -0.2540000 0.4360000
v 0.9510000 -0.2569960 0.4308016
v 0.9480039 -0.2539999 0.4308016
v 0.9481307 -0.2568692 0.4315802
v 0.9480039 -0.2591984 0.4360000
v 0.9510000 -0.2591984 0.4330039
v 0.9481307 -0.2584198 0.4331307
v 0.9458016 -0.2539999 0.4330039
v 0.9458016 -0.2569960 0.4360000
v 0.9465802 -0.2568692 0.4331307
v 0.9510000 -0.2600000 0.7940000
v 0.9510000 -0.2540000 0.8000000
v 0.9450000 -0.2540000 0.7940000
v 0.9510000 -0.2591984 0.7969961
v 0.9480039 -0.2591984 0.7940000
v 0.9481307 -0.2584198 0.7968693
v 0.9480039 -0.2539999 0.7991984
v 0.9510000 -0.2569960 0.7991984
v 0.9481307 -0.2568692 0.7984198
v 0.9458016 -0.2569960 0.7940000
v 0.9458016 -0.2539999 0.7969961
v 0.9465802 -0.2568692 0.7968693
v 0.9510000 0.2540000 0.4300000
v 0.9450000 0.2540000 0.4360000
v 0.9510000 0.2600000 0.4360000
v 0.9480039 0.2540000 0.4308016
v 0.9510000 0.2569960 0.4308016
v 0.9481307 0.2568693 0.4315802
v 0.9458016 0.2569960 0.4360000
v 0.9458016 0.2540000 0.4330039
v 0.9465802 0.2568693 0.4331307
v 0.9510000 0.2591984 0.4330039
v 0.9480039 0.2591984 0.4360000
v 0.9481307 0.2584198 0.4331307
v 0.9510000 0.2540000 0.8000000
v 0.9510000 0.2600000 0.7940000
v 0.9450000 0.2540000 0.7940000
v 0.9510000 0.2569960 0.7991984
v 0.9480039 0.2539999 0.7991984
v 0.9481307 0.2568692 0.7984198
v 0.9480039 0.2591984 0.7940000
v 0.9510000 0.2591984 0.7969961
v 0.9481307 0.2584198 0.7968693
v 0.9458016 0.2539999 0.7969961
v 0.9458016 0.2569960 0.7940000
v 0.9465802 0.2568692 0.7968693
v 0.9590000 -0.2540000 0.4300000
v 0.9650000 -0.2540000 0.4360000
v 0.9590000 -0.2600000 0.4360000
v 0.9619960 -0.2540000 0.4308016
v 0.9590000 -0.2569960 0.4308016
v 0.9618692 -0.2568693 0.4315802
v 0.9641984 -0.2569960 0.4360000
v 0.9641984 -0.2540000 0.4330039
v 0.9634198 -0.2568693 0.4331307
v 0.9590000 -0.2591984 0.4330039
v 0.9619960 -0.2591984 0.4360000
v 0.9618692 -0.2584198 0.4331307
v 0.9590000 -0.2540000 0.8000000
v 0.9590000 -0.2600000 0.7940000
v 0.9650000 -0.2540000 0.7940000
v 0.9590000 -0.2569960 0.7991984
v 0.9619960 -0.2539999 0.7991984
v 0.9618692 -0.2568692 0.7984198
v 0.9619960 -0.2591984 0.7940000
v 0.9590000 -0.2591984 0.7969961
v 0.9618692 -0.2584198 0.7968693
v 0.9641984 -0.2539999 0.7969961
v 0.9641984 -0.2569960 0.7940000
v 0.9634198 -0.2568692 0.7968693
v 0.9590000 0.2540000 0.4300000
v 0.9590000 0.2600000 0.4360000
v 0.9650000 0.2540000 0.4360000
v 0.9590000 0.2569960 0.4308016
v 0.9619960 0.2539999 0.4308016
v 0.9618692 0.2568692 0.4315802
v 0.9619960 0.2591984 0.4360000
v 0.9590000 0.2591984 0.4330039
v 0.9618692 0.2584198 0.4331307
v 0.9641984 0.2539999 0.4330039
v 0.9641984 0.2569960 0.4360000
v 0.9634198 0.2568692 0.4331307
v 0.9590000 0.2540000 0.8000000
v 0.9650000 0.2540000 0.7940000
v 0.9590000 0.2600000 0.7940000
v 0.9619960 0.2540000 0.7991984
v 0.9590000 0.2569960 0.7991984
v 0.9618692 0.2568693 0.7984198
v 0.9641984 0.2569960 0.7940000
v 0.9641984 0.2540000 0.7969961
v 0.9634198 0.2568693 0.7968693
v 0.9590000 0.2591984 0.7969961
v 0.9619960 0.2591984 0.7940000
v 0.9618692 0.2584198 0.7968693
f 4425 4428 4430
f 4425 4430 4429
f 4428 4432 4433
f 4428 4433 4430
f 4426 4431 4433
f 4426 4433 4432
f 4431 4435 4436
f 4431 4436 4433
f 4427 4434 4436
f 4427 4436 4435
f 4434 4429 4430
f 4434 4430 4436
f 4430 4433 4436
f 4437 4440 4442
f 4437 4442 4441
f 4440 4444 4445
f 4440 4445 4442
f 4438 4443 4445
f 4438 4445 4444
f 4443 4447 4448
f 4443 4448 4445
f 4439 4446 4448
f 4439 4448 4447
f 4446 4441 4442
f 4446 4442 4448
f 4442 4445 4448
f 4449 4452 4454
f 4449 4454 4453
f 4452 4456 4457
f 4452 4457 4454
f 4450 4455 4457
f 4450 4457 4456
f 4455 4459 4460
f 4455 4460 4457
f 4451 4458 4460
f 4451 4460 4459
f 4458 4453 4454
f 4458 4454 4460
f 4454 4457 4460
f 4461 4464 4466
f 4461 4466 4465
f 4464 4468 4469
f 4464 4469 4466
f 4462 4467 4469
f 4462 4469 4468
f 4467 4471 4472
f 4467 4472 4469
f 4463 4470 4472
f 4463 4472 4471
f 4470 4465 4466
f 4470 4466 4472
f 4466 4469 4472
f 4473 4476 4478
f 4473 4478 4477
f 4476 4480 4481
f 4476 4481 4478
f 4474 4479 4481
f 4474 4481 4480
f 4479 4483 4484
f 4479 4484 4481
f 4475 4482 4484
f 4475 4484 4483
f 4482 4477 4478
f 4482 4478 4484
f 4478 4481 4484
f 4485 4488 4490
f 4485 4490 4489
f 4488 4492 4493
f 4488 4493 4490
f 4486 4491 4493
f 4486 4493 4492
f 4491 4495 4496
f 4491 4496 4493
f 4487 4494 4496
f 4487 4496 4495
f 4494 4489 4490
f 4494 4490 4496
f 4490 4493 4496
f 4497 4500 4502
f 4497 4502 4501
f 4500 4504 4505
f 4500 4505 4502
f 4498 4503 4505
f 4498 4505 4504
f 4503 4507 4508
f 4503 4508 4505
f 4499 4506 4508
f 4499 4508 4507
f 4506 4501 4502
f 4506 4502 4508
f 4502 4505 4508
f 4509 4512 4514
f 4509 4514 4513
f 4512 4516 4517
f 4512 4517 4514
f 4510 4515 4517
f 4510 4517 4516
f 4515 4519 4520
f 4515 4520 4517
f 4511 4518 4520
f 4511 4520 4519
f 4518 4513 4514
f 4518 4514 4520
f 4514 4517 4520
f 4449 4425 4429
f 4449 4429 4452
f 4452 4429 4434
f 4452 4434 4456
f 4456 4434 4427
f 4456 4427 4450
f 4426 4437 4441
f 4426 4441 4431
f 4431 4441 4446
f 4431 4446 4435
f 4435 4446 4439
f 4435 4439 4427
f 4438 4461 4465
f 4438 4465 4443
f 4443 4465 4470
f 4443 4470 4447
f 4447 4470 4463
f 4447 4463 4439
f 4462 4451 4459
f 4462 4459 4467
f 4467 4459 4455
f 4467 4455 4471
f 4471 4455 4450
f 4471 4450 4463
f 4497 4449 4453
f 4497 4453 4500
f 4500 4453 4458
f 4500 4458 4504
f 4504 4458 4451
f 4504 4451 4498
f 4461 4509 4513
f 4461 4513 4464
f 4464 4513 4518
f 4464 4518 4468
f 4468 4518 4511
f 4468 4511 4462
f 4510 4499 4507
f 4510 4507 4515
f 4515 4507 4503
f 4515 4503 4519
f 4519 4503 4498
f 4519 4498 4511
f 4473 4497 4501
f 4473 4501 4476
f 4476 4501 4506
f 4476 4506 4480
f 4480 4506 4499
f 4480 4499 4474
f 4509 4485 4489
f 4509 4489 4512
f 4512 4489 4494
f 4512 4494 4516
f 4516 4494 4487
f 4516 4487 4510
f 4486 4475 4483
f 4486 4483 4491
f 4491 4483 4479
f 4491 4479 4495
f 4495 4479 4474
f 4495 4474 4487
f 4425 4473 4477
f 4425 4477 4428
f 4428 4477 4482
f 4428 4482 4432
f 4432 4482 4475
f 4432 4475 4426
f 4485 4438 4444
f 4485 4444 4488
f 4488 4444 4440
f 4488 4440 4492
f 4492 4440 4437
f 4492 4437 4486
f 4449 4497 4473
f 4449 4473 4425
f 4427 4439 4463
f 4427 4463 4450
f 4475 4486 4437
f 4475 4437 4426
f 4509 4461 4438
f 4509 4438 4485
f 4451 4462 4511
f 4451 4511 4498
f 4499 4510 4487
f 4499 4487 4474
v 0.9680000 -0.2150000 0.4300000
v 0.9680000 -0.2180000 0.4330000
v 0.9650000 -0.2150000 0.4330000
v 0.9680000 -0.2164980 0.4304008
v 0.9665020 -0.2150000 0.4304008
v 0.9665654 -0.2164346 0.4307901
v 0.9665020 -0.2175992 0.4330000
v 0.9680000 -0.2175992 0.4315020
v 0.9665654 -0.2172099 0.4315654
v 0.9654008 -0.2150000 0.4315020
v 0.9654008 -0.2164980 0.4330000
v 0.9657901 -0.2164346 0.4315654
v 0.9680000 -0.2180000 0.7970000
v 0.9680000 -0.2150000 0.8000000
v 0.9650000 -0.2150000 0.7970000
v 0.9680000 -0.2175992 0.7984980
v 0.9665020 -0.2175992 0.7970000
v 0.9665654 -0.2172099 0.7984346
v 0.9665020 -0.2150000 0.7995992
v 0.9680000 -0.2164980 0.7995992
v 0.9665654 -0.2164346 0.7992099
v 0.9654008 -0.2164980 0.7970000
v 0.9654008 -0.2150000 0.7984980
v 0.9657901 -0.2164346 0.7984346
v 0.9680000 -0.2090000 0.4300000
v 0.9650000 -0.2090000 0.4330000
v 0.9680000 -0.2060000 0.4330000
v 0.9665020 -0.2090000 0.4304008
v 0.9680000 -0.2075020 0.4304008
v 0.9665654 -0.2075654 0.4307901
v 0.9654008 -0.2075020 0.4330000
v 0.9654008 -0.2090000 0.4315020
v 0.9657901 -0.2075654 0.4315654
v 0.9680000 -0.2064008 0.4315020
v 0.9665020 -0.2064008 0.4330000
v 0.9665654 -0.2067901 0.4315654
v 0.9680000 -0.2090000 0.8000000
v 0.9680000 -0.2060000 0.7970000
v 0.9650000 -0.2090000 0.7970000
v 0.9680000 -0.2075020 0.7995992
v 0.9665020 -0.2090000 0.7995992
v 0.9665654 -0.2075654 0.7992099
v 0.9665020 -0.2064008 0.7970000
v 0.9680000 -0.2064008 0.7984980
v 0.9665654 -0.2067901 0.7984346
v 0.9654008 -0.2090000 0.7984980
v 0.9654008 -0.2075020 0.7970000
v 0.9657901 -0.2075654 0.7984346
v 1.2920001 -0.2150000 0.4300000
v 1.2950000 -0.2150000 0.4330000
v 1.2920001 -0.2180000 0.4330000
v 1.2934980 -0.2150000 0.4304008
v 1.2920001 -0.2164980 0.4304008
v 1.2934346 -0.2164346 0.4307901
v 1.2945992 -0.2164980 0.4330000
v 1.2945992 -0.2150000 0.4315020
v 1.2942100 -0.2164346 0.4315654
v 1.2920001 -0.2175992 0.4315020
v 1.2934980 -0.2175992 0.4330000
v 1.2934346 -0.2172099 0.4315654
v 1.2920001 -0.2150000 0.8000000
v 1.2920001 -0.2180000 0.7970000
v 1.2950000 -0.2150000 0.7970000
v 1.2920001 -0.2164980 0.7995992
v 1.2934980 -0.2150000 0.7995992
v 1.2934346 -0.2164346 0.7992099
v 1.2934980 -0.2175992 0.7970000
v 1.2920001 -0.2175992 0.7984980
v 1.2934346 -0.2172099 0.7984346
v 1.2945992 -0.2150000 0.7984980
v 1.2945992 -0.2164980 0.7970000
v 1.2942100 -0.2164346 0.7984346
v 1.2920001 -0.2090000 0.4300000
v 1.2920001 -0.2060000 0.4330000
v 1.2950000 -0.2090000 0.4330000
v 1.2920001 -0.2075020 0.4304008
v 1.2934980 -0.2090000 0.4304008
v 1.2934346 -0.2075654 0.4307901
v 1.2934980 -0.2064008 0.4330000
v 1.2920001 -0.2064008 0.4315020
v 1.2934346 -0.2067901 0.4315654
v 1.2945992 -0.2090000 0.4315020
v 1.2945992 -0.2075020 0.4330000
v 1.2942100 -0.2075654 0.4315654
v 1.2920001 -0.2090000 0.8000000
v 1.2950000 -0.2090000 0.7970000
v 1.2920001 -0.2060000 0.7970000
v 1.2934980 -0.2090000 0.7995992
v 1.2920001 -0.2075020 0.7995992
v 1.2934346 -0.2075654 0.7992099
v 1.2945992 -0.2075020 0.7970000
v 1.2945992 -0.2090000 0.7984980
v 1.2942100 -0.2075654 0.7984346
v 1.2920001 -0.2064008 0.7984980
v 1.2934980 -0.2064008 0.7970000
v 1.2934346 -0.2067901 0.7984346
f 4521 4524 4526
f 4521 4526 4525
f 4524 4528 4529
f 4524 4529 4526
f 4522 4527 4529
f 4522 4529 4528
f 4527 4531 4532
f 4527 4532 4529
f 4523 4530 4532
f 4523 4532 4531
f 4530 4525 4526
f 4530 4526 4532
f 4526 4529 4532
f 4533 4536 4538
f 4533 4538 4537
f 4536 4540 4541
f 4536 4541 4538
f 4534 4539 4541
f 4534 4541 4540
f 4539 4543 4544
f 4539 4544 4541
f 4535 4542 4544
f 4535 4544 4543
f 4542 4537 4538
f 4542 4538 4544
f 4538 4541 4544
f 4545 4548 4550
f 4545 4550 4549
f 4548 4552 4553
f 4548 4553 4550
f 4546 4551 4553
f 4546 4553 4552
f 4551 4555 4556
f 4551 4556 4553
f 4547 4554 4556
f 4547 4556 4555
f 4554 4549 4550
f 4554 4550 4556
f 4550 4553 4556
f 4557 4560 4562
f 4557 4562 4561
f 4560 4564 4565
f 4560 4565 4562
f 4558 4563 4565
f 4558 4565 4564
f 4563 4567 4568
f 4563 4568 4565
f 4559 4566 4568
f 4559 4568 4567
f 4566 4561 4562
f 4566 4562 4568
f 4562 4565 4568
f 4569 4572 4574
f 4569 4574 4573
f 4572 4576 4577
f 4572 4577 4574
f 4570 4575 4577
f 4570 4577 4576
f 4575 4579 4580
f 4575 4580 4577
f 4571 4578 4580
f 4571 4580 4579
f 4578 4573 4574
f 4578 4574 4580
f 4574 4577 4580
f 4581 4584 4586
f 4581 4586 4585
f 4584 4588 4589
f 4584 4589 4586
f 4582 4587 4589
f 4582 4589 4588
f 4587 4591 4592
f 4587 4592 4589
f 4583 4590 4592
f 4583 4592 4591
f 4590 4585 4586
f 4590 4586 4592
f 4586 4589 4592
f 4593 4596 4598
f 4593 4598 4597
f 4596 4600 4601
f 4596 4601 4598
f 4594 4599 4601
f 4594 4601 4600
f 4599 4603 4604
f 4599 4604 4601
f 4595 4602 4604
f 4595 4604 4603
f 4602 4597 4598
f 4602 4598 4604
f 4598 4601 4604
f 4605 4608 4610
f 4605 4610 4609
f 4608 4612 4613
f 4608 4613 4610
f 4606 4611 4613
f 4606 4613 4612
f 4611 4615 4616
f 4611 4616 4613
f 4607 4614 4616
f 4607 4616 4615
f 4614 4609 4610
f 4614 4610 4616
f 4610 4613 4616
f 4545 4521 4525
f 4545 4525 4548
f 4548 4525 4530
f 4548 4530 4552
f 4552 4530 4523
f 4552 4523 4546
f 4522 4533 4537
f 4522 4537 4527
f 4527 4537 4542
f 4527 4542 4531
f 4531 4542 4535
f 4531 4535 4523
f 4534 4557 4561
f 4534 4561 4539
f 4539 4561 4566
f 4539 4566 4543
f 4543 4566 4559
f 4543 4559 4535
f 4558 4547 4555
f 4558 4555 4563
f 4563 4555 4551
f 4563 4551 4567
f 4567 4551 4546
f 4567 4546 4559
f 4593 4545 4549
f 4593 4549 4596
f 4596 4549 4554
f 4596 4554 4600
f 4600 4554 4547
f 4600 4547 4594
f 4557 4605 4609
f 4557 4609 4560
f 4560 4609 4614
f 4560 4614 4564
f 4564 4614 4607
f 4564 4607 4558
f 4606 4595 4603
f 4606 4603 4611
f 4611 4603 4599
f 4611 4599 4615
f 4615 4599 4594
f 4615 4594 4607
f 4569 4593 4597
f 4569 4597 4572
f 4572 4597 4602
f 4572 4602 4576
f 4576 4602 4595
f 4576 4595 4570
f 4605 4581 4585
f 4605 4585 4608
f 4608 4585 4590
f 4608 4590 4612
f 4612 4590 4583
f 4612 4583 4606
f 4582 4571 4579
f 4582 4579 4587
f 4587 4579 4575
f 4587 4575 4591
f 4591 4575 4570
f 4591 4570 4583
f 4521 4569 4573
f 4521 4573 4524
f 4524 4573 4578
f 4524 4578 4528
f 4528 4578 4571
f 4528 4571 4522
f 4581 4534 4540
f 4581 4540 4584
f 4584 4540 4536
f 4584 4536 4588
f 4588 4536 4533
f 4588 4533 4582
f 4545 4593 4569
f 4545 4569 4521
f 4523 4535 4559
f 4523 4559 4546
f 4571 4582 4533
f 4571 4533 4522
f 4605 4557 4534
f 4605 4534 4581
f 4547 4558 4607
f 4547 4607 4594
f 4595 4606 4583
f 4595 4583 4570
v 0.9680000 0.2090000 0.4300000
v 0.9680000 0.2060000 0.4330000
v 0.9650000 0.2090000 0.4330000
v 0.9680000 0.2075020 0.4304008
v 0.9665020 0.2090000 0.4304008
v 0.9665654 0.2075654 0.4307901
v 0.9665020 0.2064008 0.4330000
v 0.9680000 0.2064008 0.4315020
v 0.9665654 0.2067901 0.4315654
v 0.9654008 0.2090000 0.4315020
v 0.9654008 0.2075020 0.4330000
v 0.9657901 0.2075654 0.4315654
v 0.9680000 0.2060000 0.7970000
v 0.9680000 0.2090000 0.8000000
v 0.9650000 0.2090000 0.7970000
v 0.9680000 0.2064008 0.7984980
v 0.9665020 0.2064008 0.7970000
v 0.9665654 0.2067901 0.7984346
v 0.9665020 0.2090000 0.7995992
v 0.9680000 0.2075020 0.7995992
v 0.9665654 0.2075654 0.7992099
v 0.9654008 0.2075020 0.7970000
v 0.9654008 0.2090000 0.7984980
v 0.9657901 0.2075654 0.7984346
v 0.9680000 0.2150000 0.4300000
v 0.9650000 0.2150000 0.4330000
v 0.9680000 0.2180000 0.4330000
v 0.9665020 0.2150000 0.4304008
v 0.9680000 0.2164980 0.4304008
v 0.9665654 0.2164346 0.4307901
v 0.9654008 0.2164980 0.4330000
v 0.9654008 0.2150000 0.4315020
v 0.9657901 0.2164346 0.4315654
v 0.9680000 0.2175992 0.4315020
v 0.9665020 0.2175992 0.4330000
v 0.9665654 0.2172099 0.4315654
v 0.9680000 0.2150000 0.8000000
v 0.9680000 0.2180000 0.7970000
v 0.9650000 0.2150000 0.7970000
v 0.9680000 0.2164980 0.7995992
v 0.9665020 0.2150000 0.7995992
v 0.9665654 0.2164346 0.7992099
v 0.9665020 0.2175992 0.7970000
v 0.9680000 0.2175992 0.7984980
v 0.9665654 0.2172099 0.7984346
v 0.9654008 0.2150000 0.7984980
v 0.9654008 0.2164980 0.7970000
v 0.9657901 0.2164346 0.7984346
v 1.2920001 0.2090000 0.4300000
v 1.2950000 0.2090000 0.4330000
v 1.2920001 0.2060000 0.4330000
v 1.2934980 0.2090000 0.4304008
v 1.2920001 0.2075020 0.4304008
v 1.2934346 0.2075654 0.4307901
v 1.2945992 0.2075020 0.4330000
v 1.2945992 0.2090000 0.4315020
v 1.2942100 0.2075654 0.4315654
v 1.2920001 0.2064008 0.4315020
v 1.2934980 0.2064008 0.4330000
v 1.2934346 0.2067901 0.4315654
v 1.2920001 0.2090000 0.8000000
v 1.2920001 0.2060000 0.7970000
v 1.2950000 0.2090000 0.7970000
v 1.2920001 0.2075020 0.7995992
v 1.2934980 0.2090000 0.7995992
v 1.2934346 0.2075654 0.7992099
v 1.2934980 0.2064008 0.7970000
v 1.2920001 0.2064008 0.7984980
v 1.2934346 0.2067901 0.7984346
v 1.2945992 0.2090000 0.7984980
v 1.2945992 0.2075020 0.7970000
v 1.2942100 0.2075654 0.7984346
v 1.2920001 0.2150000 0.4300000
v 1.2920001 0.2180000 0.4330000
v 1.2950000 0.2150000 0.4330000
v 1.2920001 0.2164980 0.4304008
v 1.2934980 0.2150000 0.4304008
v 1.2934346 0.2164346 0.4307901
v 1.2934980 0.2175992 0.4330000
v 1.2920001 0.2175992 0.4315020
v 1.2934346 0.2172099 0.4315654
v 1.2945992 0.2150000 0.4315020
v 1.2945992 0.2164980 0.4330000
v 1.2942100 0.2164346 0.4315654
v 1.2920001 0.2150000 0.8000000
v 1.2950000 0.2150000 0.7970000
v 1.2920001 0.2180000 0.7970000
v 1.2934980 0.2150000 0.7995992
v 1.2920001 0.2164980 0.7995992
v 1.2934346 0.2164346 0.7992099
v 1.2945992 0.2164980 0.7970000
v 1.2945992 0.2150000 0.7984980
v 1.2942100 0.2164346 0.7984346
v 1.2920001 0.2175992 0.7984980
v 1.2934980 0.2175992 0.7970000
v 1.2934346 0.2172099 0.7984346
f 4617 4620 4622
f 4617 4622 4621
f 4620 4624 4625
f 4620 4625 4622
f 4618 4623 4625
f 4618 4625 4624
f 4623 4627 4628
f 4623 4628 4625
f 4619 4626 4628
f 4619 4628 4627
f 4626 4621 4622
f 4626 4622 4628
f 4622 4625 4628
f 4629 4632 4634
f 4629 4634 4633
f 4632 4636 4637
f 4632 4637 4634
f 4630 4635 4637
f 4630 4637 4636
f 4635 4639 4640
f 4635 4640 4637
f 4631 4638 4640
f 4631 4640 4639
f 4638 4633 4634
f 4638 4634 4640
f 4634 4637 4640
f 4641 4644 4646
f 4641 4646 4645
f 4644 4648 4649
f 4644 4649 4646
f 4642 4647 4649
f 4642 4649 4648
f 4647 4651 4652
f 4647 4652 4649
f 4643 4650 4652
f 4643 4652 4651
f 4650 4645 4646
f 4650 4646 4652
f 4646 4649 4652
f 4653 4656 4658
f 4653 4658 4657
f 4656 4660 4661
f 4656 4661 4658
f 4654 4659 4661
f 4654 4661 4660
f 4659 4663 4664
f 4659 4664 4661
f 4655 4662 4664
f 4655 4664 4663
f 4662 4657 4658
f 4662 4658 4664
f 4658 4661 4664
f 4665 4668 4670
f 4665 4670 4669
f 4668 4672 4673
f 4668 4673 4670
f 4666 4671 4673
f 4666 4673 4672
f 4671 4675 4676
f 4671 4676 4673
f 4667 4674 4676
f 4667 4676 4675
f 4674 4669 4670
f 4674 4670 4676
f 4670 4673 4676
f 4677 4680 4682
f 4677 4682 4681
f 4680 4684 4685
f 4680 4685 4682
f 4678 4683 4685
f 4678 4685 4684
f 4683 4687 4688
f 4683 4688 4685
f 4679 4686 4688
f 4679 4688 4687
f 4686 4681 4682
f 4686 4682 4688
f 4682 4685 4688
f 4689 4692 4694
f 4689 4694 4693
f 4692 4696 4697
f 4692 4697 4694
f 4690 4695 4697
f 4690 4697 4696
f 4695 4699 4700
f 4695 4700 4697
f 4691 4698 4700
f 4691 4700 4699
f 4698 4693 4694
f 4698 4694 4700
f 4694 4697 4700
f 4701 4704 4706
f 4701 4706 4705
f 4704 4708 4709
f 4704 4709 4706
f 4702 4707 4709
f 4702 4709 4708
f 4707 4711 4712
f 4707 4712 4709
f 4703 4710 4712
f 4703 4712 4711
f 4710 4705 4706
f 4710 4706 4712
f 4706 4709 4712
f 4641 4617 4621
f 4641 4621 4644
f 4644 4621 4626
f 4644 4626 4648
f 4648 4626 4619
f 4648 4619 4642
f 4618 4629 4633
f 4618 4633 4623
f 4623 4633 4638
f 4623 4638 4627
f 4627 4638 4631
f 4627 4631 4619
f 4630 4653 4657
f 4630 4657 4635
f 4635 4657 4662
f 4635 4662 4639
f 4639 4662 4655
f 4639 4655 4631
f 4654 4643 4651
f 4654 4651 4659
f 4659 4651 4647
f 4659 4647 4663
f 4663 4647 4642
f 4663 4642 4655
f 4689 4641 4645
f 4689 4645 4692
f 4692 4645 4650
f 4692 4650 4696
f 4696 4650 4643
f 4696 4643 4690
f 4653 4701 4705
f 4653 4705 4656
f 4656 4705 4710
f 4656 4710 4660
f 4660 4710 4703
f 4660 4703 4654
f 4702 4691 4699
f 4702 4699 4707
f 4707 4699 4695
f 4707 4695 4711
f 4711 4695 4690
f 4711 4690 4703
f 4665 4689 4693
f 4665 4693 4668
f 4668 4693 4698
f 4668 4698 4672
f 4672 4698 4691
f 4672 4691 4666
f 4701 4677 4681
f 4701 4681 4704
f 4704 4681 4686
f 4704 4686 4708
f 4708 4686 4679
f 4708 4679 4702
f 4678 4667 4675
f 4678 4675 4683
f 4683 4675 4671
f 4683 4671 4687
f 4687 4671 4666
f 4687 4666 4679
f 4617 4665 4669
f 4617 4669 4620
f 4620 4669 4674
f 4620 4674 4624
f 4624 4674 4667
f 4624 4667 4618
f 4677 4630 4636
f 4677 4636 4680
f 4680 4636 4632
f 4680 4632 4684
f 4684 4632 4629
f 4684 4629 4678
f 4641 4689 4665
f 4641 4665 4617
f 4619 4631 4655
f 4619 4655 4642
f 4667 4678 4629
f 4667 4629 4618
f 4701 4653 4630
f 4701 4630 4677
f 4643 4654 4703
f 4643 4703 4690
f 4691 4702 4679
f 4691 4679 4666
v 0.9590000 -0.2460000 0.8000000
v 0.9590000 -0.2500000 0.8040000
v 0.9550000 -0.2460000 0.8040000
v 0.9590000 -0.2479974 0.8005344
v 0.9570026 -0.2460000 0.8005344
v 0.9570872 -0.2479128 0.8010535
v 0.9570026 -0.2494656 0.8040000
v 0.9590000 -0.2494656 0.8020026
v 0.9570872 -0.2489465 0.8020871
v 0.9555344 -0.2460000 0.8020026
v 0.9555344 -0.2479974 0.8040000
v 0.9560535 -0.2479128 0.8020871
v 0.9590000 -0.2500000 0.8160000
v 0.9590000 -0.2460000 0.8200000
v 0.9550000 -0.2460000 0.8160000
v 0.9590000 -0.2494656 0.8179974
v 0.9570026 -0.2494656 0.8160000
v 0.9570872 -0.2489465 0.8179129
v 0.9570026 -0.2460000 0.8194656
v 0.9590000 -0.2479974 0.8194656
v 0.9570872 -0.2479128 0.8189465
v 0.9555344 -0.2479974 0.8160000
v 0.9555344 -0.2460000 0.8179974
v 0.9560535 -0.2479128 0.8179129
v 0.9590000 0.2460000 0.8000000
v 0.9550000 0.2460000 0.8040000
v 0.9590000 0.2500000 0.8040000
v 0.9570026 0.2460000 0.8005344
v 0.9590000 0.2479974 0.8005344
v 0.9570872 0.2479128 0.8010535
v 0.9555344 0.2479974 0.8040000
v 0.9555344 0.2460000 0.8020026
v 0.9560535 0.2479128 0.8020871
v 0.9590000 0.2494656 0.8020026
v 0.9570026 0.2494656 0.8040000
v 0.9570872 0.2489465 0.8020871
v 0.9590000 0.2460000 0.8200000
v 0.9590000 0.2500000 0.8160000
v 0.9550000 0.2460000 0.8160000
v 0.9590000 0.2479974 0.8194656
v 0.9570026 0.2460000 0.8194656
v 0.9570872 0.2479128 0.8189465
v 0.9570026 0.2494656 0.8160000
v 0.9590000 0.2494656 0.8179974
v 0.9570872 0.2489465 0.8179129
v 0.9555344 0.2460000 0.8179974
v 0.9555344 0.2479974 0.8160000
v 0.9560535 0.2479128 0.8179129
v 1.3010000 -0.2460000 0.8000000
v 1.3049999 -0.2460000 0.8040000
v 1.3010000 -0.2500000 0.8040000
v 1.3029974 -0.2460000 0.8005344
v 1.3010000 -0.2479974 0.8005344
v 1.3029128 -0.2479128 0.8010535
v 1.3044657 -0.2479974 0.8040000
v 1.3044657 -0.2460000 0.8020026
v 1.3039465 -0.2479128 0.8020871
v 1.3010000 -0.2494656 0.8020026
v 1.3029974 -0.2494656 0.8040000
v 1.3029128 -0.2489465 0.8020871
v 1.3010000 -0.2460000 0.8200000
v 1.3010000 -0.2500000 0.8160000
v 1.3049999 -0.2460000 0.8160000
v 1.3010000 -0.2479974 0.8194656
v 1.3029974 -0.2460000 0.8194656
v 1.3029128 -0.2479128 0.8189465
v 1.3029974 -0.2494656 0.8160000
v 1.3010000 -0.2494656 0.8179974
v 1.3029128 -0.2489465 0.8179129
v 1.3044657 -0.2460000 0.8179974
v 1.3044657 -0.2479974 0.8160000
v 1.3039465 -0.2479128 0.8179129
v 1.3010000 0.2460000 0.8000000
v 1.3010000 0.2500000 0.8040000
v 1.3049999 0.2460000 0.8040000
v 1.3010000 0.2479974 0.8005344
v 1.3029974 0.2460000 0.8005344
v 1.3029128 0.2479128 0.8010535
v 1.3029974 0.2494656 0.8040000
v 1.3010000 0.2494656 0.8020026
v 1.3029128 0.2489465 0.8020871
v 1.3044657 0.2460000 0.8020026
v 1.3044657 0.2479974 0.8040000
v 1.3039465 0.2479128 0.8020871
v 1.3010000 0.2460000 0.8200000
v 1.3049999 0.2460000 0.8160000
v 1.3010000 0.2500000 0.8160000
v 1.3029974 0.2460000 0.8194656
v 1.3010000 0.2479974 0.8194656
v 1.3029128 0.2479128 0.8189465
v 1.3044657 0.2479974 0.8160000
v 1.3044657 0.2460000 0.8179974
v 1.3039465 0.2479128 0.8179129
v 1.3010000 0.2494656 0.8179974
v 1.3029974 0.2494656 0.8160000
v 1.3029128 0.2489465 0.8179129
f 4713 4716 4718
f 4713 4718 4717
f 4716 4720 4721
f 4716 4721 4718
f 4714 4719 4721
f 4714 4721 4720
f 4719 4723 4724
f 4719 4724 4721
f 4715 4722 4724
f 4715 4724 4723
f 4722 4717 4718
f 4722 4718 4724
f 4718 4721 4724
f 4725 4728 4730
f 4725 4730 4729
f 4728 4732 4733
f 4728 4733 4730
f 4726 4731 4733
f 4726 4733 4732
f 4731 4735 4736
f 4731 4736 4733
f 4727 4734 4736
f 4727 4736 4735
f 4734 4729 4730
f 4734 4730 4736
f 4730 4733 4736
f 4737 4740 4742
f 4737 4742 4741
f 4740 4744 4745
f 4740 4745 4742
f 4738 4743 4745
f 4738 4745 4744
f 4743 4747 4748
f 4743 4748 4745
f 4739 4746 4748
f 4739 4748 4747
f 4746 4741 4742
f 4746 4742 4748
f 4742 4745 4748
f 4749 4752 4754
f 4749 4754 4753
f 4752 4756 4757
f 4752 4757 4754
f 4750 4755 4757
f 4750 4757 4756
f 4755 4759 4760
f 4755 4760 4757
f 4751 4758 4760
f 4751 4760 4759
f 4758 4753 4754
f 4758 4754 4760
f 4754 4757 4760
f 4761 4764 4766
f 4761 4766 4765
f 4764 4768 4769
f 4764 4769 4766
f 4762 4767 4769
f 4762 4769 4768
f 4767 4771 4772
f 4767 4772 4769
f 4763 4770 4772
f 4763 4772 4771
f 4770 4765 4766
f 4770 4766 4772
f 4766 4769 4772
f 4773 4776 4778
f 4773 4778 4777
f 4776 4780 4781
f 4776 4781 4778
f 4774 4779 4781
f 4774 4781 4780
f 4779 4783 4784
f 4779 4784 4781
f 4775 4782 4784
f 4775 4784 4783
f 4782 4777 4778
f 4782 4778 4784
f 4778 4781 4784
f 4785 4788 4790
f 4785 4790 4789
f 4788 4792 4793
f 4788 4793 4790
f 4786 4791 4793
f 4786 4793 4792
f 4791 4795 4796
f 4791 4796 4793
f 4787 4794 4796
f 4787 4796 4795
f 4794 4789 4790
f 4794 4790 4796
f 4790 4793 4796
f 4797 4800 4802
f 4797 4802 4801
f 4800 4804 4805
f 4800 4805 4802
f 4798 4803 4805
f 4798 4805 4804
f 4803 4807 4808
f 4803 4808 4805
f 4799 4806 4808
f 4799 4808 4807
f 4806 4801 4802
f 4806 4802 4808
f 4802 4805 4808
f 4737 4713 4717
f 4737 4717 4740
f 4740 4717 4722
f 4740 4722 4744
f 4744 4722 4715
f 4744 4715 4738
f 4714 4725 4729
f 4714 4729 4719
f 4719 4729 4734
f 4719 4734 4723
f 4723 4734 4727
f 4723 4727 4715
f 4726 4749 4753
f 4726 4753 4731
f 4731 4753 4758
f 4731 4758 4735
f 4735 4758 4751
f 4735 4751 4727
f 4750 4739 4747
f 4750 4747 4755
f 4755 4747 4743
f 4755 4743 4759
f 4759 4743 4738
f 4759 4738 4751
f 4785 4737 4741
f 4785 4741 4788
f 4788 4741 4746
f 4788 4746 4792
f 4792 4746 4739
f 4792 4739 4786
f 4749 4797 4801
f 4749 4801 4752
f 4752 4801 4806
f 4752 4806 4756
f 4756 4806 4799
f 4756 4799 4750
f 4798 4787 4795
f 4798 4795 4803
f 4803 4795 4791
f 4803 4791 4807
f 4807 4791 4786
f 4807 4786 4799
f 4761 4785 4789
f 4761 4789 4764
f 4764 4789 4794
f 4764 4794 4768
f 4768 4794 4787
f 4768 4787 4762
f 4797 4773 4777
f 4797 4777 4800
f 4800 4777 4782
f 4800 4782 4804
f 4804 4782 4775
f 4804 4775 4798
f 4774 4763 4771
f 4774 4771 4779
f 4779 4771 4767
f 4779 4767 4783
f 4783 4767 4762
f 4783 4762 4775
f 4713 4761 4765
f 4713 4765 4716
f 4716 4765 4770
f 4716 4770 4720
f 4720 4770 4763
f 4720 4763 4714
f 4773 4726 4732
f 4773 4732 4776
f 4776 4732 4728
f 4776 4728 4780
f 4780 4728 4725
f 4780 4725 4774
f 4737 4785 4761
f 4737 4761 4713
f 4715 4727 4751
f 4715 4751 4738
f 4763 4774 4725
f 4763 4725 4714
f 4797 4749 4726
f 4797 4726 4773
f 4739 4750 4799
f 4739 4799 4786
f 4787 4798 4775
f 4787 4775 4762
v 1.2969999 -0.2470000 0.4300000
v 1.2969999 -0.2500000 0.4330000
v 1.2939999 -0.2470000 0.4330000
v 1.2969999 -0.2484980 0.4304008
v 1.2955019 -0.2470000 0.4304008
v 1.2955654 -0.2484346 0.4307901
v 1.2955019 -0.2495992 0.4330000
v 1.2969999 -0.2495992 0.4315020
v 1.2955654 -0.2492099 0.4315654
v 1.2944007 -0.2470000 0.4315020
v 1.2944007 -0.2484980 0.4330000
v 1.2947900 -0.2484346 0.4315654
v 1.2969999 -0.2500000 0.7970000
v 1.2969999 -0.2470000 0.8000000
v 1.2939999 -0.2470000 0.7970000
v 1.2969999 -0.2495992 0.7984980
v 1.2955019 -0.2495992 0.7970000
v 1.2955654 -0.2492099 0.7984346
v 1.2955019 -0.2470000 0.7995992
v 1.2969999 -0.2484980 0.7995992
v 1.2955654 -0.2484346 0.7992099
v 1.2944007 -0.2484980 0.7970000
v 1.2944007 -0.2470000 0.7984980
v 1.2947900 -0.2484346 0.7984346
v 1.2969999 0.2470000 0.4300000
v 1.2939999 0.2470000 0.4330000
v 1.2969999 0.2500000 0.4330000
v 1.2955019 0.2470000 0.4304008
v 1.2969999 0.2484980 0.4304008
v 1.2955654 0.2484346 0.4307901
v 1.2944007 0.2484980 0.4330000
v 1.2944007 0.2470000 0.4315020
v 1.2947900 0.2484346 0.4315654
v 1.2969999 0.2495992 0.4315020
v 1.2955019 0.2495992 0.4330000
v 1.2955654 0.2492099 0.4315654
v 1.2969999 0.2470000 0.8000000
v 1.2969999 0.2500000 0.7970000
v 1.2939999 0.2470000 0.7970000
v 1.2969999 0.2484980 0.7995992
v 1.2955019 0.2470000 0.7995992
v 1.2955654 0.2484346 0.7992099
v 1.2955019 0.2495992 0.7970000
v 1.2969999 0.2495992 0.7984980
v 1.2955654 0.2492099 0.7984346
v 1.2944007 0.2470000 0.7984980
v 1.2944007 0.2484980 0.7970000
v 1.2947900 0.2484346 0.7984346
v 1.3030000 -0.2470000 0.4300000
v 1.3060000 -0.2470000 0.4330000
v 1.3030000 -0.2500000 0.4330000
v 1.3044980 -0.2470000 0.4304008
v 1.3030000 -0.2484980 0.4304008
v 1.3044345 -0.2484346 0.4307901
v 1.3055992 -0.2484980 0.4330000
v 1.3055992 -0.2470000 0.4315020
v 1.3052099 -0.2484346 0.4315654
v 1.3030000 -0.2495992 0.4315020
v 1.3044980 -0.2495992 0.4330000
v 1.3044345 -0.2492099 0.4315654
v 1.3030000 -0.2470000 0.8000000
v 1.3030000 -0.2500000 0.7970000
v 1.3060000 -0.2470000 0.7970000
v 1.3030000 -0.2484980 0.7995992
v 1.3044980 -0.2470000 0.7995992
v 1.3044345 -0.2484346 0.7992099
v 1.3044980 -0.2495992 0.7970000
v 1.3030000 -0.2495992 0.7984980
v 1.3044345 -0.2492099 0.7984346
v 1.3055992 -0.2470000 0.7984980
v 1.3055992 -0.2484980 0.7970000
v 1.3052099 -0.2484346 0.7984346
v 1.3030000 0.2470000 0.4300000
v 1.3030000 0.2500000 0.4330000
v 1.3060000 0.2470000 0.4330000
v 1.3030000 0.2484980 0.4304008
v 1.3044980 0.2470000 0.4304008
v 1.3044345 0.2484346 0.4307901
v 1.3044980 0.2495992 0.4330000
v 1.3030000 0.2495992 0.4315020
v 1.3044345 0.2492099 0.4315654
v 1.3055992 0.2470000 0.4315020
v 1.3055992 0.2484980 0.4330000
v 1.3052099 0.2484346 0.4315654
v 1.3030000 0.2470000 0.8000000
v 1.3060000 0.2470000 0.7970000
v 1.3030000 0.2500000 0.7970000
v 1.3044980 0.2470000 0.7995992
v 1.3030000 0.2484980 0.7995992
v 1.3044345 0.2484346 0.7992099
v 1.3055992 0.2484980 0.7970000
v 1.3055992 0.2470000 0.7984980
v 1.3052099 0.2484346 0.7984346
v 1.3030000 0.2495992 0.7984980
v 1.3044980 0.2495992 0.7970000
v 1.3044345 0.2492099 0.7984346
f 4809 4812 4814
f 4809 4814 4813
f 4812 4816 4817
f 4812 4817 4814
f 4810 4815 4817
f 4810 4817 4816
f 4815 4819 4820
f 4815 4820 4817
f 4811 4818 4820
f 4811 4820 4819
f 4818 4813 4814
f 4818 4814 4820
f 4814 4817 4820
f 4821 4824 4826
f 4821 4826 4825
f 4824 4828 4829
f 4824 4829 4826
f 4822 4827 4829
f 4822 4829 4828
f 4827 4831 4832
f 4827 4832 4829
f 4823 4830 4832
f 4823 4832 4831
f 4830 4825 4826
f 4830 4826 4832
f 4826 4829 4832
f 4833 4836 4838
f 4833 4838 4837
f 4836 4840 4841
f 4836 4841 4838
f 4834 4839 4841
f 4834 4841 4840
f 4839 4843 4844
f 4839 4844 4841
f 4835 4842 4844
f 4835 4844 4843
f 4842 4837 4838
f 4842 4838 4844
f 4838 4841 4844
f 4845 4848 4850
f 4845 4850 4849
f 4848 4852 4853
f 4848 4853 4850
f 4846 4851 4853
f 4846 4853 4852
f 4851 4855 4856
f 4851 4856 4853
f 4847 4854 4856
f 4847 4856 4855
f 4854 4849 4850
f 4854 4850 4856
f 4850 4853 4856
f 4857 4860 4862
f 4857 4862 4861
f 4860 4864 4865
f 4860 4865 4862
f 4858 4863 4865
f 4858 4865 4864
f 4863 4867 4868
f 4863 4868 4865
f 4859 4866 4868
f 4859 4868 4867
f 4866 4861 4862
f 4866 4862 4868
f 4862 4865 4868
f 4869 4872 4874
f 4869 4874 4873
f 4872 4876 4877
f 4872 4877 4874
f 4870 4875 4877
f 4870 4877 4876
f 4875 4879 4880
f 4875 4880 4877
f 4871 4878 4880
f 4871 4880 4879
f 4878 4873 4874
f 4878 4874 4880
f 4874 4877 4880
f 4881 4884 4886
f 4881 4886 4885
f 4884 4888 4889
f 4884 4889 4886
f 4882 4887 4889
f 4882 4889 4888
f 4887 4891 4892
f 4887 4892 4889
f 4883 4890 4892
f 4883 4892 4891
f 4890 4885 4886
f 4890 4886 4892
f 4886 4889 4892
f 4893 4896 4898
f 4893 4898 4897
f 4896 4900 4901
f 4896 4901 4898
f 4894 4899 4901
f 4894 4901 4900
f 4899 4903 4904
f 4899 4904 4901
f 4895 4902 4904
f 4895 4904 4903
f 4902 4897 4898
f 4902 4898 4904
f 4898 4901 4904
f 4833 4809 4813
f 4833 4813 4836
f 4836 4813 4818
f 4836 4818 4840
f 4840 4818 4811
f 4840 4811 4834
f 4810 4821 4825
f 4810 4825 4815
f 4815 4825 4830
f 4815 4830 4819
f 4819 4830 4823
f 4819 4823 4811
f 4822 4845 4849
f 4822 4849 4827
f 4827 4849 4854
f 4827 4854 4831
f 4831 4854 4847
f 4831 4847 4823
f 4846 4835 4843
f 4846 4843 4851
f 4851 4843 4839
f 4851 4839 4855
f 4855 4839 4834
f 4855 4834 4847
f 4881 4833 4837
f 4881 4837 4884
f 4884 4837 4842
f 4884 4842 4888
f 4888 4842 4835
f 4888 4835 4882
f 4845 4893 4897
f 4845 4897 4848
f 4848 4897 4902
f 4848 4902 4852
f 4852 4902 4895
f 4852 4895 4846
f 4894 4883 4891
f 4894 4891 4899
f 4899 4891 4887
f 4899 4887 4903
f 4903 4887 4882
f 4903 4882 4895
f 4857 4881 4885
f 4857 4885 4860
f 4860 4885 4890
f 4860 4890 4864
f 4864 4890 4883
f 4864 4883 4858
f 4893 4869 4873
f 4893 4873 4896
f 4896 4873 4878
f 4896 4878 4900
f 4900 4878 4871
f 4900 4871 4894
f 4870 4859 4867
f 4870 4867 4875
f 4875 4867 4863
f 4875 4863 4879
f 4879 4863 4858
f 4879 4858 4871
f 4809 4857 4861
f 4809 4861 4812
f 4812 4861 4866
f 4812 4866 4816
f 4816 4866 4859
f 4816 4859 4810
f 4869 4822 4828
f 4869 4828 4872
f 4872 4828 4824
f 4872 4824 4876
f 4876 4824 4821
f 4876 4821 4870
f 4833 4881 4857
f 4833 4857 4809
f 4811 4823 4847
f 4811 4847 4834
f 4859 4870 4821
f 4859 4821 4810
f 4893 4845 4822
f 4893 4822 4869
f 4835 4846 4895
f 4835 4895 4882
f 4883 4894 4871
f 4883 4871 4858
