v -0.3960000 -0.3260000 0.5700000
v -0.3960000 -0.3300000 0.5740000
v -0.4000000 -0.3260000 0.5740000
v -0.3960000 -0.3279974 0.5705344
v -0.3979974 -0.3260000 0.5705344
v -0.3979129 -0.3279129 0.5710534
v -0.3979974 -0.3294656 0.5740000
v -0.3960000 -0.3294656 0.5720026
v -0.3979129 -0.3289465 0.5720872
v -0.3994656 -0.3260000 0.5720026
v -0.3994656 -0.3279974 0.5740000
v -0.3989465 -0.3279129 0.5720872
v -0.3960000 -0.3300000 0.6660000
v -0.3960000 -0.3260000 0.6700000
v -0.4000000 -0.3260000 0.6660000
v -0.3960000 -0.3294656 0.6679974
v -0.3979974 -0.3294656 0.6660000
v -0.3979129 -0.3289465 0.6679128
v -0.3979974 -0.3260000 0.6694656
v -0.3960000 -0.3279974 0.6694656
v -0.3979129 -0.3279129 0.6689466
v -0.3994656 -0.3279974 0.6660000
v -0.3994656 -0.3260000 0.6679974
v -0.3989465 -0.3279129 0.6679128
v -0.3960000 -0.2740000 0.5700000
v -0.4000000 -0.2740000 0.5740000
v -0.3960000 -0.2700000 0.5740000
v -0.3979974 -0.2740000 0.5705344
v -0.3960000 -0.2720026 0.5705344
v -0.3979129 -0.2720872 0.5710534
v -0.3994656 -0.2720026 0.5740000
v -0.3994656 -0.2740000 0.5720026
v -0.3989465 -0.2720872 0.5720872
v -0.3960000 -0.2705344 0.5720026
v -0.3979974 -0.2705344 0.5740000
v -0.3979129 -0.2710535 0.5720872
v -0.3960000 -0.2740000 0.6700000
v -0.3960000 -0.2700000 0.6660000
v -0.4000000 -0.2740000 0.6660000
v -0.3960000 -0.2720026 0.6694656
v -0.3979974 -0.2740000 0.6694656
v -0.3979129 -0.2720872 0.6689466
v -0.3979974 -0.2705344 0.6660000
v -0.3960000 -0.2705344 0.6679974
v -0.3979129 -0.2710535 0.6679128
v -0.3994656 -0.2740000 0.6679974
v -0.3994656 -0.2720026 0.6660000
v -0.3989465 -0.2720872 0.6679128
v 1.8460001 -0.3260000 0.5700000
v 1.8500000 -0.3260000 0.5740000
v 1.8460001 -0.3300000 0.5740000
v 1.8479974 -0.3260000 0.5705344
v 1.8460001 -0.3279974 0.5705344
v 1.8479129 -0.3279129 0.5710534
v 1.8494656 -0.3279974 0.5740000
v 1.8494656 -0.3260000 0.5720026
v 1.8489466 -0.3279129 0.5720872
v 1.8460001 -0.3294656 0.5720026
v 1.8479974 -0.3294656 0.5740000
v 1.8479129 -0.3289465 0.5720872
v 1.8460001 -0.3260000 0.6700000
v 1.8460001 -0.3300000 0.6660000
v 1.8500000 -0.3260000 0.6660000
v 1.8460001 -0.3279974 0.6694656
v 1.8479974 -0.3260000 0.6694656
v 1.8479129 -0.3279129 0.6689466
v 1.8479974 -0.3294656 0.6660000
v 1.8460001 -0.3294656 0.6679974
v 1.8479129 -0.3289465 0.6679128
v 1.8494656 -0.3260000 0.6679974
v 1.8494656 -0.3279974 0.6660000
v 1.8489466 -0.3279129 0.6679128
v 1.8460001 -0.2740000 0.5700000
v 1.8460001 -0.2700000 0.5740000
v 1.8500000 -0.2740000 0.5740000
v 1.8460001 -0.2720026 0.5705344
v 1.8479974 -0.2740000 0.5705344
v 1.8479129 -0.2720872 0.5710534
v 1.8479974 -0.2705344 0.5740000
v 1.8460001 -0.2705344 0.5720026
v 1.8479129 -0.2710535 0.5720872
v 1.8494656 -0.2740000 0.5720026
v 1.8494656 -0.2720026 0.5740000
v 1.8489466 -0.2720872 0.5720872
v 1.8460001 -0.2740000 0.6700000
v 1.8500000 -0.2740000 0.6660000
v 1.8460001 -0.2700000 0.6660000
v 1.8479974 -0.2740000 0.6694656
v 1.8460001 -0.2720026 0.6694656
v 1.8479129 -0.2720872 0.6689466
v 1.8494656 -0.2720026 0.6660000
v 1.8494656 -0.2740000 0.6679974
v 1.8489466 -0.2720872 0.6679128
v 1.8460001 -0.2705344 0.6679974
v 1.8479974 -0.2705344 0.6660000
v 1.8479129 -0.2710535 0.6679128
f 1 4 6
f 1 6 5
f 4 8 9
f 4 9 6
f 2 7 9
f 2 9 8
f 7 11 12
f 7 12 9
f 3 10 12
f 3 12 11
f 10 5 6
f 10 6 12
f 6 9 12
f 13 16 18
f 13 18 17
f 16 20 21
f 16 21 18
f 14 19 21
f 14 21 20
f 19 23 24
f 19 24 21
f 15 22 24
f 15 24 23
f 22 17 18
f 22 18 24
f 18 21 24
f 25 28 30
f 25 30 29
f 28 32 33
f 28 33 30
f 26 31 33
f 26 33 32
f 31 35 36
f 31 36 33
f 27 34 36
f 27 36 35
f 34 29 30
f 34 30 36
f 30 33 36
f 37 40 42
f 37 42 41
f 40 44 45
f 40 45 42
f 38 43 45
f 38 45 44
f 43 47 48
f 43 48 45
f 39 46 48
f 39 48 47
f 46 41 42
f 46 42 48
f 42 45 48
f 49 52 54
f 49 54 53
f 52 56 57
f 52 57 54
f 50 55 57
f 50 57 56
f 55 59 60
f 55 60 57
f 51 58 60
f 51 60 59
f 58 53 54
f 58 54 60
f 54 57 60
f 61 64 66
f 61 66 65
f 64 68 69
f 64 69 66
f 62 67 69
f 62 69 68
f 67 71 72
f 67 72 69
f 63 70 72
f 63 72 71
f 70 65 66
f 70 66 72
f 66 69 72
f 73 76 78
f 73 78 77
f 76 80 81
f 76 81 78
f 74 79 81
f 74 81 80
f 79 83 84
f 79 84 81
f 75 82 84
f 75 84 83
f 82 77 78
f 82 78 84
f 78 81 84
f 85 88 90
f 85 90 89
f 88 92 93
f 88 93 90
f 86 91 93
f 86 93 92
f 91 95 96
f 91 96 93
f 87 94 96
f 87 96 95
f 94 89 90
f 94 90 96
f 90 93 96
f 25 1 5
f 25 5 28
f 28 5 10
f 28 10 32
f 32 10 3
f 32 3 26
f 2 13 17
f 2 17 7
f 7 17 22
f 7 22 11
f 11 22 15
f 11 15 3
f 14 37 41
f 14 41 19
f 19 41 46
f 19 46 23
f 23 46 39
f 23 39 15
f 38 27 35
f 38 35 43
f 43 35 31
f 43 31 47
f 47 31 26
f 47 26 39
f 73 25 29
f 73 29 76
f 76 29 34
f 76 34 80
f 80 34 27
f 80 27 74
f 37 85 89
f 37 89 40
f 40 89 94
f 40 94 44
f 44 94 87
f 44 87 38
f 86 75 83
f 86 83 91
f 91 83 79
f 91 79 95
f 95 79 74
f 95 74 87
f 49 73 77
f 49 77 52
f 52 77 82
f 52 82 56
f 56 82 75
f 56 75 50
f 85 61 65
f 85 65 88
f 88 65 70
f 88 70 92
f 92 70 63
f 92 63 86
f 62 51 59
f 62 59 67
f 67 59 55
f 67 55 71
f 71 55 50
f 71 50 63
f 1 49 53
f 1 53 4
f 4 53 58
f 4 58 8
f 8 58 51
f 8 51 2
f 61 14 20
f 61 20 64
f 64 20 16
f 64 16 68
f 68 16 13
f 68 13 62
f 25 73 49
f 25 49 1
f 3 15 39
f 3 39 26
f 51 62 13
f 51 13 2
f 85 37 14
f 85 14 61
f 27 38 87
f 27 87 74
f 75 86 63
f 75 63 50
v -0.3960000 0.2740000 0.5700000
v -0.3960000 0.2700000 0.5740000
v -0.4000000 0.2740000 0.5740000
v -0.3960000 0.2720026 0.5705344
v -0.3979974 0.2740000 0.5705344
v -0.3979129 0.2720872 0.5710534
v -0.3979974 0.2705344 0.5740000
v -0.3960000 0.2705344 0.5720026
v -0.3979129 0.2710535 0.5720872
v -0.3994656 0.2740000 0.5720026
v -0.3994656 0.2720026 0.5740000
v -0.3989465 0.2720872 0.5720872
v -0.3960000 0.2700000 0.6660000
v -0.3960000 0.2740000 0.6700000
v -0.4000000 0.2740000 0.6660000
v -0.3960000 0.2705344 0.6679974
v -0.3979974 0.2705344 0.6660000
v -0.3979129 0.2710535 0.6679128
v -0.3979974 0.2740000 0.6694656
v -0.3960000 0.2720026 0.6694656
v -0.3979129 0.2720872 0.6689466
v -0.3994656 0.2720026 0.6660000
v -0.3994656 0.2740000 0.6679974
v -0.3989465 0.2720872 0.6679128
v -0.3960000 0.3260000 0.5700000
v -0.4000000 0.3260000 0.5740000
v -0.3960000 0.3300000 0.5740000
v -0.3979974 0.3260000 0.5705344
v -0.3960000 0.3279974 0.5705344
v -0.3979129 0.3279129 0.5710534
v -0.3994656 0.3279974 0.5740000
v -0.3994656 0.3260000 0.5720026
v -0.3989465 0.3279129 0.5720872
v -0.3960000 0.3294656 0.5720026
v -0.3979974 0.3294656 0.5740000
v -0.3979129 0.3289465 0.5720872
v -0.3960000 0.3260000 0.6700000
v -0.3960000 0.3300000 0.6660000
v -0.4000000 0.3260000 0.6660000
v -0.3960000 0.3279974 0.6694656
v -0.3979974 0.3260000 0.6694656
v -0.3979129 0.3279129 0.6689466
v -0.3979974 0.3294656 0.6660000
v -0.3960000 0.3294656 0.6679974
v -0.3979129 0.3289465 0.6679128
v -0.3994656 0.3260000 0.6679974
v -0.3994656 0.3279974 0.6660000
v -0.3989465 0.3279129 0.6679128
v 1.8460001 0.2740000 0.5700000
v 1.8500000 0.2740000 0.5740000
v 1.8460001 0.2700000 0.5740000
v 1.8479974 0.2740000 0.5705344
v 1.8460001 0.2720026 0.5705344
v 1.8479129 0.2720872 0.5710534
v 1.8494656 0.2720026 0.5740000
v 1.8494656 0.2740000 0.5720026
v 1.8489466 0.2720872 0.5720872
v 1.8460001 0.2705344 0.5720026
v 1.8479974 0.2705344 0.5740000
v 1.8479129 0.2710535 0.5720872
v 1.8460001 0.2740000 0.6700000
v 1.8460001 0.2700000 0.6660000
v 1.8500000 0.2740000 0.6660000
v 1.8460001 0.2720026 0.6694656
v 1.8479974 0.2740000 0.6694656
v 1.8479129 0.2720872 0.6689466
v 1.8479974 0.2705344 0.6660000
v 1.8460001 0.2705344 0.6679974
v 1.8479129 0.2710535 0.6679128
v 1.8494656 0.2740000 0.6679974
v 1.8494656 0.2720026 0.6660000
v 1.8489466 0.2720872 0.6679128
v 1.8460001 0.3260000 0.5700000
v 1.8460001 0.3300000 0.5740000
v 1.8500000 0.3260000 0.5740000
v 1.8460001 0.3279974 0.5705344
v 1.8479974 0.3260000 0.5705344
v 1.8479129 0.3279129 0.5710534
v 1.8479974 0.3294656 0.5740000
v 1.8460001 0.3294656 0.5720026
v 1.8479129 0.3289465 0.5720872
v 1.8494656 0.3260000 0.5720026
v 1.8494656 0.3279974 0.5740000
v 1.8489466 0.3279129 0.5720872
v 1.8460001 0.3260000 0.6700000
v 1.8500000 0.3260000 0.6660000
v 1.8460001 0.3300000 0.6660000
v 1.8479974 0.3260000 0.6694656
v 1.8460001 0.3279974 0.6694656
v 1.8479129 0.3279129 0.6689466
v 1.8494656 0.3279974 0.6660000
v 1.8494656 0.3260000 0.6679974
v 1.8489466 0.3279129 0.6679128
v 1.8460001 0.3294656 0.6679974
v 1.8479974 0.3294656 0.6660000
v 1.8479129 0.3289465 0.6679128
f 97 100 102
f 97 102 101
f 100 104 105
f 100 105 102
f 98 103 105
f 98 105 104
f 103 107 108
f 103 108 105
f 99 106 108
f 99 108 107
f 106 101 102
f 106 102 108
f 102 105 108
f 109 112 114
f 109 114 113
f 112 116 117
f 112 117 114
f 110 115 117
f 110 117 116
f 115 119 120
f 115 120 117
f 111 118 120
f 111 120 119
f 118 113 114
f 118 114 120
f 114 117 120
f 121 124 126
f 121 126 125
f 124 128 129
f 124 129 126
f 122 127 129
f 122 129 128
f 127 131 132
f 127 132 129
f 123 130 132
f 123 132 131
f 130 125 126
f 130 126 132
f 126 129 132
f 133 136 138
f 133 138 137
f 136 140 141
f 136 141 138
f 134 139 141
f 134 141 140
f 139 143 144
f 139 144 141
f 135 142 144
f 135 144 143
f 142 137 138
f 142 138 144
f 138 141 144
f 145 148 150
f 145 150 149
f 148 152 153
f 148 153 150
f 146 151 153
f 146 153 152
f 151 155 156
f 151 156 153
f 147 154 156
f 147 156 155
f 154 149 150
f 154 150 156
f 150 153 156
f 157 160 162
f 157 162 161
f 160 164 165
f 160 165 162
f 158 163 165
f 158 165 164
f 163 167 168
f 163 168 165
f 159 166 168
f 159 168 167
f 166 161 162
f 166 162 168
f 162 165 168
f 169 172 174
f 169 174 173
f 172 176 177
f 172 177 174
f 170 175 177
f 170 177 176
f 175 179 180
f 175 180 177
f 171 178 180
f 171 180 179
f 178 173 174
f 178 174 180
f 174 177 180
f 181 184 186
f 181 186 185
f 184 188 189
f 184 189 186
f 182 187 189
f 182 189 188
f 187 191 192
f 187 192 189
f 183 190 192
f 183 192 191
f 190 185 186
f 190 186 192
f 186 189 192
f 121 97 101
f 121 101 124
f 124 101 106
f 124 106 128
f 128 106 99
f 128 99 122
f 98 109 113
f 98 113 103
f 103 113 118
f 103 118 107
f 107 118 111
f 107 111 99
f 110 133 137
f 110 137 115
f 115 137 142
f 115 142 119
f 119 142 135
f 119 135 111
f 134 123 131
f 134 131 139
f 139 131 127
f 139 127 143
f 143 127 122
f 143 122 135
f 169 121 125
f 169 125 172
f 172 125 130
f 172 130 176
f 176 130 123
f 176 123 170
f 133 181 185
f 133 185 136
f 136 185 190
f 136 190 140
f 140 190 183
f 140 183 134
f 182 171 179
f 182 179 187
f 187 179 175
f 187 175 191
f 191 175 170
f 191 170 183
f 145 169 173
f 145 173 148
f 148 173 178
f 148 178 152
f 152 178 171
f 152 171 146
f 181 157 161
f 181 161 184
f 184 161 166
f 184 166 188
f 188 166 159
f 188 159 182
f 158 147 155
f 158 155 163
f 163 155 151
f 163 151 167
f 167 151 146
f 167 146 159
f 97 145 149
f 97 149 100
f 100 149 154
f 100 154 104
f 104 154 147
f 104 147 98
f 157 110 116
f 157 116 160
f 160 116 112
f 160 112 164
f 164 112 109
f 164 109 158
f 121 169 145
f 121 145 97
f 99 111 135
f 99 135 122
f 147 158 109
f 147 109 98
f 181 133 110
f 181 110 157
f 123 134 183
f 123 183 170
f 171 182 159
f 171 159 146
v -0.3760000 -0.2960000 0.5800000
v -0.3760000 -0.3000000 0.5840000
v -0.3800000 -0.2960000 0.5840000
v -0.3760000 -0.2979974 0.5805344
v -0.3779974 -0.2960000 0.5805344
v -0.3779128 -0.2979129 0.5810535
v -0.3779974 -0.2994656 0.5840000
v -0.3760000 -0.2994656 0.5820026
v -0.3779128 -0.2989465 0.5820872
v -0.3794656 -0.2960000 0.5820026
v -0.3794656 -0.2979974 0.5840000
v -0.3789465 -0.2979129 0.5820872
v -0.3760000 -0.3000000 0.6560000
v -0.3760000 -0.2960000 0.6600000
v -0.3800000 -0.2960000 0.6560000
v -0.3760000 -0.2994656 0.6579974
v -0.3779974 -0.2994656 0.6560000
v -0.3779128 -0.2989465 0.6579129
v -0.3779974 -0.2960000 0.6594656
v -0.3760000 -0.2979974 0.6594656
v -0.3779128 -0.2979129 0.6589465
v -0.3794656 -0.2979974 0.6560000
v -0.3794656 -0.2960000 0.6579974
v -0.3789465 -0.2979129 0.6579129
v -0.3760000 0.2960000 0.5800000
v -0.3800000 0.2960000 0.5840000
v -0.3760000 0.3000000 0.5840000
v -0.3779974 0.2960000 0.5805344
v -0.3760000 0.2979974 0.5805344
v -0.3779128 0.2979129 0.5810535
v -0.3794656 0.2979974 0.5840000
v -0.3794656 0.2960000 0.5820026
v -0.3789465 0.2979129 0.5820872
v -0.3760000 0.2994656 0.5820026
v -0.3779974 0.2994656 0.5840000
v -0.3779128 0.2989465 0.5820872
v -0.3760000 0.2960000 0.6600000
v -0.3760000 0.3000000 0.6560000
v -0.3800000 0.2960000 0.6560000
v -0.3760000 0.2979974 0.6594656
v -0.3779974 0.2960000 0.6594656
v -0.3779128 0.2979129 0.6589465
v -0.3779974 0.2994656 0.6560000
v -0.3760000 0.2994656 0.6579974
v -0.3779128 0.2989465 0.6579129
v -0.3794656 0.2960000 0.6579974
v -0.3794656 0.2979974 0.6560000
v -0.3789465 0.2979129 0.6579129
v -0.3240000 -0.2960000 0.5800000
v -0.3200000 -0.2960000 0.5840000
v -0.3240000 -0.3000000 0.5840000
v -0.3220026 -0.2960000 0.5805344
v -0.3240000 -0.2979974 0.5805344
v -0.3220871 -0.2979129 0.5810535
v -0.3205344 -0.2979974 0.5840000
v -0.3205344 -0.2960000 0.5820026
v -0.3210535 -0.2979129 0.5820872
v -0.3240000 -0.2994656 0.5820026
v -0.3220026 -0.2994656 0.5840000
v -0.3220871 -0.2989465 0.5820872
v -0.3240000 -0.2960000 0.6600000
v -0.3240000 -0.3000000 0.6560000
v -0.3200000 -0.2960000 0.6560000
v -0.3240000 -0.2979974 0.6594656
v -0.3220026 -0.2960000 0.6594656
v -0.3220871 -0.2979129 0.6589465
v -0.3220026 -0.2994656 0.6560000
v -0.3240000 -0.2994656 0.6579974
v -0.3220871 -0.2989465 0.6579129
v -0.3205344 -0.2960000 0.6579974
v -0.3205344 -0.2979974 0.6560000
v -0.3210535 -0.2979129 0.6579129
v -0.3240000 0.2960000 0.5800000
v -0.3240000 0.3000000 0.5840000
v -0.3200000 0.2960000 0.5840000
v -0.3240000 0.2979974 0.5805344
v -0.3220026 0.2960000 0.5805344
v -0.3220871 0.2979129 0.5810535
v -0.3220026 0.2994656 0.5840000
v -0.3240000 0.2994656 0.5820026
v -0.3220871 0.2989465 0.5820872
v -0.3205344 0.2960000 0.5820026
v -0.3205344 0.2979974 0.5840000
v -0.3210535 0.2979129 0.5820872
v -0.3240000 0.2960000 0.6600000
v -0.3200000 0.2960000 0.6560000
v -0.3240000 0.3000000 0.6560000
v -0.3220026 0.2960000 0.6594656
v -0.3240000 0.2979974 0.6594656
v -0.3220871 0.2979129 0.6589465
v -0.3205344 0.2979974 0.6560000
v -0.3205344 0.2960000 0.6579974
v -0.3210535 0.2979129 0.6579129
v -0.3240000 0.2994656 0.6579974
v -0.3220026 0.2994656 0.6560000
v -0.3220871 0.2989465 0.6579129
f 193 196 198
f 193 198 197
f 196 200 201
f 196 201 198
f 194 199 201
f 194 201 200
f 199 203 204
f 199 204 201
f 195 202 204
f 195 204 203
f 202 197 198
f 202 198 204
f 198 201 204
f 205 208 210
f 205 210 209
f 208 212 213
f 208 213 210
f 206 211 213
f 206 213 212
f 211 215 216
f 211 216 213
f 207 214 216
f 207 216 215
f 214 209 210
f 214 210 216
f 210 213 216
f 217 220 222
f 217 222 221
f 220 224 225
f 220 225 222
f 218 223 225
f 218 225 224
f 223 227 228
f 223 228 225
f 219 226 228
f 219 228 227
f 226 221 222
f 226 222 228
f 222 225 228
f 229 232 234
f 229 234 233
f 232 236 237
f 232 237 234
f 230 235 237
f 230 237 236
f 235 239 240
f 235 240 237
f 231 238 240
f 231 240 239
f 238 233 234
f 238 234 240
f 234 237 240
f 241 244 246
f 241 246 245
f 244 248 249
f 244 249 246
f 242 247 249
f 242 249 248
f 247 251 252
f 247 252 249
f 243 250 252
f 243 252 251
f 250 245 246
f 250 246 252
f 246 249 252
f 253 256 258
f 253 258 257
f 256 260 261
f 256 261 258
f 254 259 261
f 254 261 260
f 259 263 264
f 259 264 261
f 255 262 264
f 255 264 263
f 262 257 258
f 262 258 264
f 258 261 264
f 265 268 270
f 265 270 269
f 268 272 273
f 268 273 270
f 266 271 273
f 266 273 272
f 271 275 276
f 271 276 273
f 267 274 276
f 267 276 275
f 274 269 270
f 274 270 276
f 270 273 276
f 277 280 282
f 277 282 281
f 280 284 285
f 280 285 282
f 278 283 285
f 278 285 284
f 283 287 288
f 283 288 285
f 279 286 288
f 279 288 287
f 286 281 282
f 286 282 288
f 282 285 288
f 217 193 197
f 217 197 220
f 220 197 202
f 220 202 224
f 224 202 195
f 224 195 218
f 194 205 209
f 194 209 199
f 199 209 214
f 199 214 203
f 203 214 207
f 203 207 195
f 206 229 233
f 206 233 211
f 211 233 238
f 211 238 215
f 215 238 231
f 215 231 207
f 230 219 227
f 230 227 235
f 235 227 223
f 235 223 239
f 239 223 218
f 239 218 231
f 265 217 221
f 265 221 268
f 268 221 226
f 268 226 272
f 272 226 219
f 272 219 266
f 229 277 281
f 229 281 232
f 232 281 286
f 232 286 236
f 236 286 279
f 236 279 230
f 278 267 275
f 278 275 283
f 283 275 271
f 283 271 287
f 287 271 266
f 287 266 279
f 241 265 269
f 241 269 244
f 244 269 274
f 244 274 248
f 248 274 267
f 248 267 242
f 277 253 257
f 277 257 280
f 280 257 262
f 280 262 284
f 284 262 255
f 284 255 278
f 254 243 251
f 254 251 259
f 259 251 247
f 259 247 263
f 263 247 242
f 263 242 255
f 193 241 245
f 193 245 196
f 196 245 250
f 196 250 200
f 200 250 243
f 200 243 194
f 253 206 212
f 253 212 256
f 256 212 208
f 256 208 260
f 260 208 205
f 260 205 254
f 217 265 241
f 217 241 193
f 195 207 231
f 195 231 218
f 243 254 205
f 243 205 194
f 277 229 206
f 277 206 253
f 219 230 279
f 219 279 266
f 267 278 255
f 267 255 242
v 1.7739999 -0.2960000 0.5800000
v 1.7739999 -0.3000000 0.5840000
v 1.7700000 -0.2960000 0.5840000
v 1.7739999 -0.2979974 0.5805344
v 1.7720026 -0.2960000 0.5805344
v 1.7720871 -0.2979129 0.5810535
v 1.7720026 -0.2994656 0.5840000
v 1.7739999 -0.2994656 0.5820026
v 1.7720871 -0.2989465 0.5820872
v 1.7705344 -0.2960000 0.5820026
v 1.7705344 -0.2979974 0.5840000
v 1.7710534 -0.2979129 0.5820872
v 1.7739999 -0.3000000 0.6560000
v 1.7739999 -0.2960000 0.6600000
v 1.7700000 -0.2960000 0.6560000
v 1.7739999 -0.2994656 0.6579974
v 1.7720026 -0.2994656 0.6560000
v 1.7720871 -0.2989465 0.6579129
v 1.7720026 -0.2960000 0.6594656
v 1.7739999 -0.2979974 0.6594656
v 1.7720871 -0.2979129 0.6589465
v 1.7705344 -0.2979974 0.6560000
v 1.7705344 -0.2960000 0.6579974
v 1.7710534 -0.2979129 0.6579129
v 1.7739999 0.2960000 0.5800000
v 1.7700000 0.2960000 0.5840000
v 1.7739999 0.3000000 0.5840000
v 1.7720026 0.2960000 0.5805344
v 1.7739999 0.2979974 0.5805344
v 1.7720871 0.2979129 0.5810535
v 1.7705344 0.2979974 0.5840000
v 1.7705344 0.2960000 0.5820026
v 1.7710534 0.2979129 0.5820872
v 1.7739999 0.2994656 0.5820026
v 1.7720026 0.2994656 0.5840000
v 1.7720871 0.2989465 0.5820872
v 1.7739999 0.2960000 0.6600000
v 1.7739999 0.3000000 0.6560000
v 1.7700000 0.2960000 0.6560000
v 1.7739999 0.2979974 0.6594656
v 1.7720026 0.2960000 0.6594656
v 1.7720871 0.2979129 0.6589465
v 1.7720026 0.2994656 0.6560000
v 1.7739999 0.2994656 0.6579974
v 1.7720871 0.2989465 0.6579129
v 1.7705344 0.2960000 0.6579974
v 1.7705344 0.2979974 0.6560000
v 1.7710534 0.2979129 0.6579129
v 1.8260000 -0.2960000 0.5800000
v 1.8299999 -0.2960000 0.5840000
v 1.8260000 -0.3000000 0.5840000
v 1.8279973 -0.2960000 0.5805344
v 1.8260000 -0.2979974 0.5805344
v 1.8279128 -0.2979129 0.5810535
v 1.8294655 -0.2979974 0.5840000
v 1.8294655 -0.2960000 0.5820026
v 1.8289465 -0.2979129 0.5820872
v 1.8260000 -0.2994656 0.5820026
v 1.8279973 -0.2994656 0.5840000
v 1.8279128 -0.2989465 0.5820872
v 1.8260000 -0.2960000 0.6600000
v 1.8260000 -0.3000000 0.6560000
v 1.8299999 -0.2960000 0.6560000
v 1.8260000 -0.2979974 0.6594656
v 1.8279973 -0.2960000 0.6594656
v 1.8279128 -0.2979129 0.6589465
v 1.8279973 -0.2994656 0.6560000
v 1.8260000 -0.2994656 0.6579974
v 1.8279128 -0.2989465 0.6579129
v 1.8294655 -0.2960000 0.6579974
v 1.8294655 -0.2979974 0.6560000
v 1.8289465 -0.2979129 0.6579129
v 1.8260000 0.2960000 0.5800000
v 1.8260000 0.3000000 0.5840000
v 1.8299999 0.2960000 0.5840000
v 1.8260000 0.2979974 0.5805344
v 1.8279973 0.2960000 0.5805344
v 1.8279128 0.2979129 0.5810535
v 1.8279973 0.2994656 0.5840000
v 1.8260000 0.2994656 0.5820026
v 1.8279128 0.2989465 0.5820872
v 1.8294655 0.2960000 0.5820026
v 1.8294655 0.2979974 0.5840000
v 1.8289465 0.2979129 0.5820872
v 1.8260000 0.2960000 0.6600000
v 1.8299999 0.2960000 0.6560000
v 1.8260000 0.3000000 0.6560000
v 1.8279973 0.2960000 0.6594656
v 1.8260000 0.2979974 0.6594656
v 1.8279128 0.2979129 0.6589465
v 1.8294655 0.2979974 0.6560000
v 1.8294655 0.2960000 0.6579974
v 1.8289465 0.2979129 0.6579129
v 1.8260000 0.2994656 0.6579974
v 1.8279973 0.2994656 0.6560000
v 1.8279128 0.2989465 0.6579129
f 289 292 294
f 289 294 293
f 292 296 297
f 292 297 294
f 290 295 297
f 290 297 296
f 295 299 300
f 295 300 297
f 291 298 300
f 291 300 299
f 298 293 294
f 298 294 300
f 294 297 300
f 301 304 306
f 301 306 305
f 304 308 309
f 304 309 306
f 302 307 309
f 302 309 308
f 307 311 312
f 307 312 309
f 303 310 312
f 303 312 311
f 310 305 306
f 310 306 312
f 306 309 312
f 313 316 318
f 313 318 317
f 316 320 321
f 316 321 318
f 314 319 321
f 314 321 320
f 319 323 324
f 319 324 321
f 315 322 324
f 315 324 323
f 322 317 318
f 322 318 324
f 318 321 324
f 325 328 330
f 325 330 329
f 328 332 333
f 328 333 330
f 326 331 333
f 326 333 332
f 331 335 336
f 331 336 333
f 327 334 336
f 327 336 335
f 334 329 330
f 334 330 336
f 330 333 336
f 337 340 342
f 337 342 341
f 340 344 345
f 340 345 342
f 338 343 345
f 338 345 344
f 343 347 348
f 343 348 345
f 339 346 348
f 339 348 347
f 346 341 342
f 346 342 348
f 342 345 348
f 349 352 354
f 349 354 353
f 352 356 357
f 352 357 354
f 350 355 357
f 350 357 356
f 355 359 360
f 355 360 357
f 351 358 360
f 351 360 359
f 358 353 354
f 358 354 360
f 354 357 360
f 361 364 366
f 361 366 365
f 364 368 369
f 364 369 366
f 362 367 369
f 362 369 368
f 367 371 372
f 367 372 369
f 363 370 372
f 363 372 371
f 370 365 366
f 370 366 372
f 366 369 372
f 373 376 378
f 373 378 377
f 376 380 381
f 376 381 378
f 374 379 381
f 374 381 380
f 379 383 384
f 379 384 381
f 375 382 384
f 375 384 383
f 382 377 378
f 382 378 384
f 378 381 384
f 313 289 293
f 313 293 316
f 316 293 298
f 316 298 320
f 320 298 291
f 320 291 314
f 290 301 305
f 290 305 295
f 295 305 310
f 295 310 299
f 299 310 303
f 299 303 291
f 302 325 329
f 302 329 307
f 307 329 334
f 307 334 311
f 311 334 327
f 311 327 303
f 326 315 323
f 326 323 331
f 331 323 319
f 331 319 335
f 335 319 314
f 335 314 327
f 361 313 317
f 361 317 364
f 364 317 322
f 364 322 368
f 368 322 315
f 368 315 362
f 325 373 377
f 325 377 328
f 328 377 382
f 328 382 332
f 332 382 375
f 332 375 326
f 374 363 371
f 374 371 379
f 379 371 367
f 379 367 383
f 383 367 362
f 383 362 375
f 337 361 365
f 337 365 340
f 340 365 370
f 340 370 344
f 344 370 363
f 344 363 338
f 373 349 353
f 373 353 376
f 376 353 358
f 376 358 380
f 380 358 351
f 380 351 374
f 350 339 347
f 350 347 355
f 355 347 343
f 355 343 359
f 359 343 338
f 359 338 351
f 289 337 341
f 289 341 292
f 292 341 346
f 292 346 296
f 296 346 339
f 296 339 290
f 349 302 308
f 349 308 352
f 352 308 304
f 352 304 356
f 356 304 301
f 356 301 350
f 313 361 337
f 313 337 289
f 291 303 327
f 291 327 314
f 339 350 301
f 339 301 290
f 373 325 302
f 373 302 349
f 315 326 375
f 315 375 362
f 363 374 351
f 363 351 338
v 1.0200000 -0.2300000 0.5900000
v 1.0200000 -0.2300000 0.6500000
v 1.0085195 -0.2277164 0.5900000
v 1.0085195 -0.2277164 0.6500000
v 0.9987868 -0.2212132 0.5900000
v 0.9987868 -0.2212132 0.6500000
v 0.9922836 -0.2114805 0.5900000
v 0.9922836 -0.2114805 0.6500000
v 0.9900000 -0.2000000 0.5900000
v 0.9900000 -0.2000000 0.6500000
v 0.9922836 -0.1885195 0.5900000
v 0.9922836 -0.1885195 0.6500000
v 0.9987868 -0.1787868 0.5900000
v 0.9987868 -0.1787868 0.6500000
v 1.0085195 -0.1722836 0.5900000
v 1.0085195 -0.1722836 0.6500000
v 1.0200000 -0.1700000 0.5900000
v 1.0200000 -0.1700000 0.6500000
v 1.0314804 -0.1722836 0.5900000
v 1.0314804 -0.1722836 0.6500000
v 1.0412132 -0.1787868 0.5900000
v 1.0412132 -0.1787868 0.6500000
v 1.0477164 -0.1885195 0.5900000
v 1.0477164 -0.1885195 0.6500000
v 1.0500000 -0.2000000 0.5900000
v 1.0500000 -0.2000000 0.6500000
v 1.0477164 -0.2114805 0.5900000
v 1.0477164 -0.2114805 0.6500000
v 1.0412132 -0.2212132 0.5900000
v 1.0412132 -0.2212132 0.6500000
v 1.0314804 -0.2277164 0.5900000
v 1.0314804 -0.2277164 0.6500000
f 385 386 388
f 385 388 387
f 387 388 390
f 387 390 389
f 389 390 392
f 389 392 391
f 391 392 394
f 391 394 393
f 393 394 396
f 393 396 395
f 395 396 398
f 395 398 397
f 397 398 400
f 397 400 399
f 399 400 402
f 399 402 401
f 401 402 404
f 401 404 403
f 403 404 406
f 403 406 405
f 405 406 408
f 405 408 407
f 407 408 410
f 407 410 409
f 409 410 412
f 409 412 411
f 411 412 414
f 411 414 413
f 390 388 386
f 386 416 414
f 414 412 410
f 410 408 406
f 406 404 402
f 402 400 398
f 398 396 394
f 394 392 390
f 390 386 414
f 414 410 406
f 406 402 398
f 398 394 390
f 390 414 406
f 406 398 390
f 413 414 416
f 413 416 415
f 415 416 386
f 415 386 385
f 415 385 387
f 387 389 391
f 391 393 395
f 395 397 399
f 399 401 403
f 403 405 407
f 407 409 411
f 411 413 415
f 415 387 391
f 391 395 399
f 399 403 407
f 407 411 415
f 415 391 399
f 399 407 415
v 1.0200000 -0.2700000 0.6380000
v 1.0200000 -0.2300000 0.6380000
v 1.0131117 -0.2700000 0.6366298
v 1.0131117 -0.2300000 0.6366298
v 1.0072720 -0.2700000 0.6327279
v 1.0072720 -0.2300000 0.6327279
v 1.0033702 -0.2700000 0.6268883
v 1.0033702 -0.2300000 0.6268883
v 1.0020000 -0.2700000 0.6200000
v 1.0020000 -0.2300000 0.6200000
v 1.0033702 -0.2700000 0.6131117
v 1.0033702 -0.2300000 0.6131117
v 1.0072720 -0.2700000 0.6072721
v 1.0072720 -0.2300000 0.6072721
v 1.0131117 -0.2700000 0.6033702
v 1.0131117 -0.2300000 0.6033702
v 1.0200000 -0.2700000 0.6020000
v 1.0200000 -0.2300000 0.6020000
v 1.0268883 -0.2700000 0.6033702
v 1.0268883 -0.2300000 0.6033702
v 1.0327280 -0.2700000 0.6072721
v 1.0327280 -0.2300000 0.6072721
v 1.0366298 -0.2700000 0.6131117
v 1.0366298 -0.2300000 0.6131117
v 1.0380000 -0.2700000 0.6200000
v 1.0380000 -0.2300000 0.6200000
v 1.0366298 -0.2700000 0.6268883
v 1.0366298 -0.2300000 0.6268883
v 1.0327280 -0.2700000 0.6327279
v 1.0327280 -0.2300000 0.6327279
v 1.0268883 -0.2700000 0.6366298
v 1.0268883 -0.2300000 0.6366298
f 417 418 420
f 417 420 419
f 419 420 422
f 419 422 421
f 421 422 424
f 421 424 423
f 423 424 426
f 423 426 425
f 425 426 428
f 425 428 427
f 427 428 430
f 427 430 429
f 429 430 432
f 429 432 431
f 431 432 434
f 431 434 433
f 433 434 436
f 433 436 435
f 435 436 438
f 435 438 437
f 437 438 440
f 437 440 439
f 439 440 442
f 439 442 441
f 441 442 444
f 441 444 443
f 443 444 446
f 443 446 445
f 422 420 418
f 418 448 446
f 446 444 442
f 442 440 438
f 438 436 434
f 434 432 430
f 430 428 426
f 426 424 422
f 422 418 446
f 446 442 438
f 438 434 430
f 430 426 422
f 422 446 438
f 438 430 422
f 445 446 448
f 445 448 447
f 447 448 418
f 447 418 417
f 447 417 419
f 419 421 423
f 423 425 427
f 427 429 431
f 431 433 435
f 435 437 439
f 439 441 443
f 443 445 447
f 447 419 423
f 423 427 431
f 431 435 439
f 439 443 447
f 447 423 431
f 431 439 447
v 1.0200000 -0.1700000 0.6380000
v 1.0200000 0.2700000 0.6380000
v 1.0131117 -0.1700000 0.6366299
v 1.0131117 0.2700000 0.6366298
v 1.0072720 -0.1700000 0.6327280
v 1.0072720 0.2700000 0.6327279
v 1.0033702 -0.1700000 0.6268883
v 1.0033702 0.2700000 0.6268883
v 1.0020000 -0.1700000 0.6200001
v 1.0020000 0.2700000 0.6200000
v 1.0033702 -0.1700000 0.6131117
v 1.0033702 0.2700000 0.6131117
v 1.0072720 -0.1700000 0.6072721
v 1.0072720 0.2700000 0.6072720
v 1.0131117 -0.1700000 0.6033702
v 1.0131117 0.2700000 0.6033701
v 1.0200000 -0.1700000 0.6020001
v 1.0200000 0.2700000 0.6020000
v 1.0268883 -0.1700000 0.6033702
v 1.0268883 0.2700000 0.6033701
v 1.0327280 -0.1700000 0.6072721
v 1.0327280 0.2700000 0.6072720
v 1.0366298 -0.1700000 0.6131117
v 1.0366298 0.2700000 0.6131117
v 1.0380000 -0.1700000 0.6200000
v 1.0380000 0.2700000 0.6199999
v 1.0366298 -0.1700000 0.6268883
v 1.0366298 0.2700000 0.6268883
v 1.0327280 -0.1700000 0.6327280
v 1.0327280 0.2700000 0.6327279
v 1.0268883 -0.1700000 0.6366299
v 1.0268883 0.2700000 0.6366298
f 449 450 452
f 449 452 451
f 451 452 454
f 451 454 453
f 453 454 456
f 453 456 455
f 455 456 458
f 455 458 457
f 457 458 460
f 457 460 459
f 459 460 462
f 459 462 461
f 461 462 464
f 461 464 463
f 463 464 466
f 463 466 465
f 465 466 468
f 465 468 467
f 467 468 470
f 467 470 469
f 469 470 472
f 469 472 471
f 471 472 474
f 471 474 473
f 473 474 476
f 473 476 475
f 475 476 478
f 475 478 477
f 454 452 450
f 450 480 478
f 478 476 474
f 474 472 470
f 470 468 466
f 466 464 462
f 462 460 458
f 458 456 454
f 454 450 478
f 478 474 470
f 470 466 462
f 462 458 454
f 454 478 470
f 470 462 454
f 477 478 480
f 477 480 479
f 479 480 450
f 479 450 449
f 479 449 451
f 451 453 455
f 455 457 459
f 459 461 463
f 463 465 467
f 467 469 471
f 471 473 475
f 475 477 479
f 479 451 455
f 455 459 463
f 463 467 471
f 471 475 479
f 479 455 463
f 463 471 479
v 0.0000000 -0.3300000 0.5000000
v 0.0000000 -0.3300000 0.5699999
v -0.0114805 -0.3277164 0.5000000
v -0.0114805 -0.3277164 0.5699999
v -0.0212132 -0.3212132 0.5000000
v -0.0212132 -0.3212132 0.5699999
v -0.0277164 -0.3114805 0.5000000
v -0.0277164 -0.3114805 0.5699999
v -0.0300000 -0.3000000 0.5000000
v -0.0300000 -0.3000000 0.5699999
v -0.0277164 -0.2885195 0.5000000
v -0.0277164 -0.2885195 0.5699999
v -0.0212132 -0.2787868 0.5000000
v -0.0212132 -0.2787868 0.5699999
v -0.0114805 -0.2722836 0.5000000
v -0.0114805 -0.2722836 0.5699999
v -0.0000000 -0.2700000 0.5000000
v -0.0000000 -0.2700000 0.5699999
v 0.0114805 -0.2722836 0.5000000
v 0.0114805 -0.2722836 0.5699999
v 0.0212132 -0.2787868 0.5000000
v 0.0212132 -0.2787868 0.5699999
v 0.0277164 -0.2885195 0.5000000
v 0.0277164 -0.2885195 0.5699999
v 0.0300000 -0.3000000 0.5000000
v 0.0300000 -0.3000000 0.5699999
v 0.0277164 -0.3114805 0.5000000
v 0.0277164 -0.3114805 0.5699999
v 0.0212132 -0.3212132 0.5000000
v 0.0212132 -0.3212132 0.5699999
v 0.0114805 -0.3277164 0.5000000
v 0.0114805 -0.3277164 0.5699999
f 481 482 484
f 481 484 483
f 483 484 486
f 483 486 485
f 485 486 488
f 485 488 487
f 487 488 490
f 487 490 489
f 489 490 492
f 489 492 491
f 491 492 494
f 491 494 493
f 493 494 496
f 493 496 495
f 495 496 498
f 495 498 497
f 497 498 500
f 497 500 499
f 499 500 502
f 499 502 501
f 501 502 504
f 501 504 503
f 503 504 506
f 503 506 505
f 505 506 508
f 505 508 507
f 507 508 510
f 507 510 509
f 486 484 482
f 482 512 510
f 510 508 506
f 506 504 502
f 502 500 498
f 498 496 494
f 494 492 490
f 490 488 486
f 486 482 510
f 510 506 502
f 502 498 494
f 494 490 486
f 486 510 502
f 502 494 486
f 509 510 512
f 509 512 511
f 511 512 482
f 511 482 481
f 511 481 483
f 483 485 487
f 487 489 491
f 491 493 495
f 495 497 499
f 499 501 503
f 503 505 507
f 507 509 511
f 511 483 487
f 487 491 495
f 495 499 503
f 503 507 511
f 511 487 495
f 495 503 511
v 1.6000000 -0.2800000 0.5700000
v 1.6000000 -0.2800000 0.3500000
v 1.5923463 -0.2815224 0.5700000
v 1.5923463 -0.2815224 0.3500000
v 1.5858579 -0.2858579 0.5700000
v 1.5858579 -0.2858579 0.3500000
v 1.5815225 -0.2923463 0.5700000
v 1.5815225 -0.2923464 0.3500000
v 1.5800000 -0.3000000 0.5700000
v 1.5800000 -0.3000000 0.3500000
v 1.5815225 -0.3076537 0.5700000
v 1.5815225 -0.3076537 0.3500000
v 1.5858579 -0.3141421 0.5700000
v 1.5858579 -0.3141422 0.3500000
v 1.5923463 -0.3184776 0.5700000
v 1.5923463 -0.3184776 0.3500000
v 1.6000000 -0.3200000 0.5700000
v 1.6000000 -0.3200000 0.3500000
v 1.6076537 -0.3184776 0.5700000
v 1.6076537 -0.3184776 0.3500000
v 1.6141422 -0.3141421 0.5700000
v 1.6141422 -0.3141422 0.3500000
v 1.6184776 -0.3076537 0.5700000
v 1.6184776 -0.3076537 0.3500000
v 1.6200000 -0.3000000 0.5700000
v 1.6200000 -0.3000000 0.3500000
v 1.6184776 -0.2923463 0.5700000
v 1.6184776 -0.2923464 0.3500000
v 1.6141422 -0.2858579 0.5700000
v 1.6141422 -0.2858579 0.3500000
v 1.6076537 -0.2815224 0.5700000
v 1.6076537 -0.2815224 0.3500000
f 513 514 516
f 513 516 515
f 515 516 518
f 515 518 517
f 517 518 520
f 517 520 519
f 519 520 522
f 519 522 521
f 521 522 524
f 521 524 523
f 523 524 526
f 523 526 525
f 525 526 528
f 525 528 527
f 527 528 530
f 527 530 529
f 529 530 532
f 529 532 531
f 531 532 534
f 531 534 533
f 533 534 536
f 533 536 535
f 535 536 538
f 535 538 537
f 537 538 540
f 537 540 539
f 539 540 542
f 539 542 541
f 518 516 514
f 514 544 542
f 542 540 538
f 538 536 534
f 534 532 530
f 530 528 526
f 526 524 522
f 522 520 518
f 518 514 542
f 542 538 534
f 534 530 526
f 526 522 518
f 518 542 534
f 534 526 518
f 541 542 544
f 541 544 543
f 543 544 514
f 543 514 513
f 543 513 515
f 515 517 519
f 519 521 523
f 523 525 527
f 527 529 531
f 531 533 535
f 535 537 539
f 539 541 543
f 543 515 519
f 519 523 527
f 527 531 535
f 535 539 543
f 543 519 527
f 527 535 543
v 0.0000000 0.2700000 0.5000000
v 0.0000000 0.2700000 0.5699999
v -0.0114805 0.2722836 0.5000000
v -0.0114805 0.2722836 0.5699999
v -0.0212132 0.2787868 0.5000000
v -0.0212132 0.2787868 0.5699999
v -0.0277164 0.2885195 0.5000000
v -0.0277164 0.2885195 0.5699999
v -0.0300000 0.3000000 0.5000000
v -0.0300000 0.3000000 0.5699999
v -0.0277164 0.3114805 0.5000000
v -0.0277164 0.3114805 0.5699999
v -0.0212132 0.3212132 0.5000000
v -0.0212132 0.3212132 0.5699999
v -0.0114805 0.3277164 0.5000000
v -0.0114805 0.3277164 0.5699999
v -0.0000000 0.3300000 0.5000000
v -0.0000000 0.3300000 0.5699999
v 0.0114805 0.3277164 0.5000000
v 0.0114805 0.3277164 0.5699999
v 0.0212132 0.3212132 0.5000000
v 0.0212132 0.3212132 0.5699999
v 0.0277164 0.3114805 0.5000000
v 0.0277164 0.3114805 0.5699999
v 0.0300000 0.3000000 0.5000000
v 0.0300000 0.3000000 0.5699999
v 0.0277164 0.2885195 0.5000000
v 0.0277164 0.2885195 0.5699999
v 0.0212132 0.2787868 0.5000000
v 0.0212132 0.2787868 0.5699999
v 0.0114805 0.2722836 0.5000000
v 0.0114805 0.2722836 0.5699999
f 545 546 548
f 545 548 547
f 547 548 550
f 547 550 549
f 549 550 552
f 549 552 551
f 551 552 554
f 551 554 553
f 553 554 556
f 553 556 555
f 555 556 558
f 555 558 557
f 557 558 560
f 557 560 559
f 559 560 562
f 559 562 561
f 561 562 564
f 561 564 563
f 563 564 566
f 563 566 565
f 565 566 568
f 565 568 567
f 567 568 570
f 567 570 569
f 569 570 572
f 569 572 571
f 571 572 574
f 571 574 573
f 550 548 546
f 546 576 574
f 574 572 570
f 570 568 566
f 566 564 562
f 562 560 558
f 558 556 554
f 554 552 550
f 550 546 574
f 574 570 566
f 566 562 558
f 558 554 550
f 550 574 566
f 566 558 550
f 573 574 576
f 573 576 575
f 575 576 546
f 575 546 545
f 575 545 547
f 547 549 551
f 551 553 555
f 555 557 559
f 559 561 563
f 563 565 567
f 567 569 571
f 571 573 575
f 575 547 551
f 551 555 559
f 559 563 567
f 567 571 575
f 575 551 559
f 559 567 575
v 1.6000000 0.3200000 0.5700000
v 1.6000000 0.3200000 0.3500000
v 1.5923463 0.3184776 0.5700000
v 1.5923463 0.3184776 0.3500000
v 1.5858579 0.3141422 0.5700000
v 1.5858579 0.3141421 0.3500000
v 1.5815225 0.3076537 0.5700000
v 1.5815225 0.3076537 0.3500000
v 1.5800000 0.3000000 0.5700000
v 1.5800000 0.3000000 0.3500000
v 1.5815225 0.2923464 0.5700000
v 1.5815225 0.2923463 0.3500000
v 1.5858579 0.2858579 0.5700000
v 1.5858579 0.2858579 0.3500000
v 1.5923463 0.2815224 0.5700000
v 1.5923463 0.2815224 0.3500000
v 1.6000000 0.2800000 0.5700000
v 1.6000000 0.2800000 0.3500000
v 1.6076537 0.2815224 0.5700000
v 1.6076537 0.2815224 0.3500000
v 1.6141422 0.2858579 0.5700000
v 1.6141422 0.2858579 0.3500000
v 1.6184776 0.2923464 0.5700000
v 1.6184776 0.2923463 0.3500000
v 1.6200000 0.3000000 0.5700000
v 1.6200000 0.3000000 0.3500000
v 1.6184776 0.3076537 0.5700000
v 1.6184776 0.3076537 0.3500000
v 1.6141422 0.3141422 0.5700000
v 1.6141422 0.3141421 0.3500000
v 1.6076537 0.3184776 0.5700000
v 1.6076537 0.3184776 0.3500000
f 577 578 580
f 577 580 579
f 579 580 582
f 579 582 581
f 581 582 584
f 581 584 583
f 583 584 586
f 583 586 585
f 585 586 588
f 585 588 587
f 587 588 590
f 587 590 589
f 589 590 592
f 589 592 591
f 591 592 594
f 591 594 593
f 593 594 596
f 593 596 595
f 595 596 598
f 595 598 597
f 597 598 600
f 597 600 599
f 599 600 602
f 599 602 601
f 601 602 604
f 601 604 603
f 603 604 606
f 603 606 605
f 582 580 578
f 578 608 606
f 606 604 602
f 602 600 598
f 598 596 594
f 594 592 590
f 590 588 586
f 586 584 582
f 582 578 606
f 606 602 598
f 598 594 590
f 590 586 582
f 582 606 598
f 598 590 582
f 605 606 608
f 605 608 607
f 607 608 578
f 607 578 577
f 607 577 579
f 579 581 583
f 583 585 587
f 587 589 591
f 591 593 595
f 595 597 599
f 599 601 603
f 603 605 607
f 607 579 583
f 583 587 591
f 591 595 599
f 599 603 607
f 607 583 591
f 591 599 607
v 0.0000000 -0.7050000 0.5300001
v 0.0000000 0.7050000 0.5299999
v -0.0114805 -0.7050000 0.5277165
v -0.0114805 0.7050000 0.5277163
v -0.0212132 -0.7050000 0.5212133
v -0.0212132 0.7050000 0.5212131
v -0.0277164 -0.7050000 0.5114806
v -0.0277164 0.7050000 0.5114804
v -0.0300000 -0.7050000 0.5000001
v -0.0300000 0.7050000 0.4999999
v -0.0277164 -0.7050000 0.4885196
v -0.0277164 0.7050000 0.4885194
v -0.0212132 -0.7050000 0.4787869
v -0.0212132 0.7050000 0.4787867
v -0.0114805 -0.7050000 0.4722837
v -0.0114805 0.7050000 0.4722835
v -0.0000000 -0.7050000 0.4700001
v -0.0000000 0.7050000 0.4699999
v 0.0114805 -0.7050000 0.4722837
v 0.0114805 0.7050000 0.4722835
v 0.0212132 -0.7050000 0.4787869
v 0.0212132 0.7050000 0.4787867
v 0.0277164 -0.7050000 0.4885196
v 0.0277164 0.7050000 0.4885194
v 0.0300000 -0.7050000 0.5000001
v 0.0300000 0.7050000 0.4999999
v 0.0277164 -0.7050000 0.5114806
v 0.0277164 0.7050000 0.5114804
v 0.0212132 -0.7050000 0.5212133
v 0.0212132 0.7050000 0.5212131
v 0.0114805 -0.7050000 0.5277165
v 0.0114805 0.7050000 0.5277163
f 609 610 612
f 609 612 611
f 611 612 614
f 611 614 613
f 613 614 616
f 613 616 615
f 615 616 618
f 615 618 617
f 617 618 620
f 617 620 619
f 619 620 622
f 619 622 621
f 621 622 624
f 621 624 623
f 623 624 626
f 623 626 625
f 625 626 628
f 625 628 627
f 627 628 630
f 627 630 629
f 629 630 632
f 629 632 631
f 631 632 634
f 631 634 633
f 633 634 636
f 633 636 635
f 635 636 638
f 635 638 637
f 614 612 610
f 610 640 638
f 638 636 634
f 634 632 630
f 630 628 626
f 626 624 622
f 622 620 618
f 618 616 614
f 614 610 638
f 638 634 630
f 630 626 622
f 622 618 614
f 614 638 630
f 630 622 614
f 637 638 640
f 637 640 639
f 639 640 610
f 639 610 609
f 639 609 611
f 611 613 615
f 615 617 619
f 619 621 623
f 623 625 627
f 627 629 631
f 631 633 635
f 635 637 639
f 639 611 615
f 615 619 623
f 623 627 631
f 631 635 639
f 639 615 623
f 623 631 639
v 1.6000000 -0.4500000 0.3720001
v 1.6000000 0.4500000 0.3719999
v 1.5915810 -0.4500000 0.3703254
v 1.5915810 0.4500000 0.3703253
v 1.5844437 -0.4500000 0.3655564
v 1.5844437 0.4500000 0.3655563
v 1.5796747 -0.4500000 0.3584191
v 1.5796747 0.4500000 0.3584190
v 1.5780001 -0.4500000 0.3500001
v 1.5780001 0.4500000 0.3499999
v 1.5796747 -0.4500000 0.3415810
v 1.5796747 0.4500000 0.3415809
v 1.5844437 -0.4500000 0.3344437
v 1.5844437 0.4500000 0.3344436
v 1.5915810 -0.4500000 0.3296747
v 1.5915810 0.4500000 0.3296746
v 1.6000000 -0.4500000 0.3280000
v 1.6000000 0.4500000 0.3279999
v 1.6084191 -0.4500000 0.3296747
v 1.6084191 0.4500000 0.3296746
v 1.6155564 -0.4500000 0.3344437
v 1.6155564 0.4500000 0.3344436
v 1.6203253 -0.4500000 0.3415810
v 1.6203253 0.4500000 0.3415809
v 1.6220000 -0.4500000 0.3500001
v 1.6220000 0.4500000 0.3499999
v 1.6203253 -0.4500000 0.3584191
v 1.6203253 0.4500000 0.3584190
v 1.6155564 -0.4500000 0.3655564
v 1.6155564 0.4500000 0.3655563
v 1.6084191 -0.4500000 0.3703254
v 1.6084191 0.4500000 0.3703253
f 641 642 644
f 641 644 643
f 643 644 646
f 643 646 645
f 645 646 648
f 645 648 647
f 647 648 650
f 647 650 649
f 649 650 652
f 649 652 651
f 651 652 654
f 651 654 653
f 653 654 656
f 653 656 655
f 655 656 658
f 655 658 657
f 657 658 660
f 657 660 659
f 659 660 662
f 659 662 661
f 661 662 664
f 661 664 663
f 663 664 666
f 663 666 665
f 665 666 668
f 665 668 667
f 667 668 670
f 667 670 669
f 646 644 642
f 642 672 670
f 670 668 666
f 666 664 662
f 662 660 658
f 658 656 654
f 654 652 650
f 650 648 646
f 646 642 670
f 670 666 662
f 662 658 654
f 654 650 646
f 646 670 662
f 662 654 646
f 669 670 672
f 669 672 671
f 671 672 642
f 671 642 641
f 671 641 643
f 643 645 647
f 647 649 651
f 651 653 655
f 655 657 659
f 659 661 663
f 663 665 667
f 667 669 671
f 671 643 647
f 647 651 655
f 655 659 663
f 663 667 671
f 671 647 655
f 655 663 671
v 1.6000000 0.4500000 0.3250000
v 1.6000000 0.4500000 0.3750000
v 1.5885196 0.4522836 0.3250000
v 1.5885196 0.4522836 0.3750000
v 1.5787868 0.4587868 0.3250000
v 1.5787868 0.4587868 0.3750000
v 1.5722836 0.4685195 0.3250000
v 1.5722836 0.4685195 0.3750000
v 1.5700001 0.4800000 0.3250000
v 1.5700001 0.4800000 0.3750000
v 1.5722836 0.4914805 0.3250000
v 1.5722836 0.4914805 0.3750000
v 1.5787868 0.5012132 0.3250000
v 1.5787868 0.5012132 0.3750000
v 1.5885196 0.5077164 0.3250000
v 1.5885196 0.5077164 0.3750000
v 1.6000000 0.5100000 0.3250000
v 1.6000000 0.5100000 0.3750000
v 1.6114805 0.5077164 0.3250000
v 1.6114805 0.5077164 0.3750000
v 1.6212132 0.5012132 0.3250000
v 1.6212132 0.5012132 0.3750000
v 1.6277164 0.4914805 0.3250000
v 1.6277164 0.4914805 0.3750000
v 1.6300000 0.4800000 0.3250000
v 1.6300000 0.4800000 0.3750000
v 1.6277164 0.4685195 0.3250000
v 1.6277164 0.4685195 0.3750000
v 1.6212132 0.4587868 0.3250000
v 1.6212132 0.4587868 0.3750000
v 1.6114805 0.4522836 0.3250000
v 1.6114805 0.4522836 0.3750000
f 673 674 676
f 673 676 675
f 675 676 678
f 675 678 677
f 677 678 680
f 677 680 679
f 679 680 682
f 679 682 681
f 681 682 684
f 681 684 683
f 683 684 686
f 683 686 685
f 685 686 688
f 685 688 687
f 687 688 690
f 687 690 689
f 689 690 692
f 689 692 691
f 691 692 694
f 691 694 693
f 693 694 696
f 693 696 695
f 695 696 698
f 695 698 697
f 697 698 700
f 697 700 699
f 699 700 702
f 699 702 701
f 678 676 674
f 674 704 702
f 702 700 698
f 698 696 694
f 694 692 690
f 690 688 686
f 686 684 682
f 682 680 678
f 678 674 702
f 702 698 694
f 694 690 686
f 686 682 678
f 678 702 694
f 694 686 678
f 701 702 704
f 701 704 703
f 703 704 674
f 703 674 673
f 703 673 675
f 675 677 679
f 679 681 683
f 683 685 687
f 687 689 691
f 691 693 695
f 695 697 699
f 699 701 703
f 703 675 679
f 679 683 687
f 687 691 695
f 695 699 703
f 703 679 687
f 687 695 703
v 1.6000000 -0.5100000 0.3250000
v 1.6000000 -0.5100000 0.3750000
v 1.5885196 -0.5077164 0.3250000
v 1.5885196 -0.5077164 0.3750000
v 1.5787868 -0.5012132 0.3250000
v 1.5787868 -0.5012132 0.3750000
v 1.5722836 -0.4914805 0.3250000
v 1.5722836 -0.4914805 0.3750000
v 1.5700001 -0.4800000 0.3250000
v 1.5700001 -0.4800000 0.3750000
v 1.5722836 -0.4685195 0.3250000
v 1.5722836 -0.4685195 0.3750000
v 1.5787868 -0.4587868 0.3250000
v 1.5787868 -0.4587868 0.3750000
v 1.5885196 -0.4522836 0.3250000
v 1.5885196 -0.4522836 0.3750000
v 1.6000000 -0.4500000 0.3250000
v 1.6000000 -0.4500000 0.3750000
v 1.6114805 -0.4522836 0.3250000
v 1.6114805 -0.4522836 0.3750000
v 1.6212132 -0.4587868 0.3250000
v 1.6212132 -0.4587868 0.3750000
v 1.6277164 -0.4685195 0.3250000
v 1.6277164 -0.4685195 0.3750000
v 1.6300000 -0.4800000 0.3250000
v 1.6300000 -0.4800000 0.3750000
v 1.6277164 -0.4914805 0.3250000
v 1.6277164 -0.4914805 0.3750000
v 1.6212132 -0.5012132 0.3250000
v 1.6212132 -0.5012132 0.3750000
v 1.6114805 -0.5077164 0.3250000
v 1.6114805 -0.5077164 0.3750000
f 705 706 708
f 705 708 707
f 707 708 710
f 707 710 709
f 709 710 712
f 709 712 711
f 711 712 714
f 711 714 713
f 713 714 716
f 713 716 715
f 715 716 718
f 715 718 717
f 717 718 720
f 717 720 719
f 719 720 722
f 719 722 721
f 721 722 724
f 721 724 723
f 723 724 726
f 723 726 725
f 725 726 728
f 725 728 727
f 727 728 730
f 727 730 729
f 729 730 732
f 729 732 731
f 731 732 734
f 731 734 733
f 710 708 706
f 706 736 734
f 734 732 730
f 730 728 726
f 726 724 722
f 722 720 718
f 718 716 714
f 714 712 710
f 710 706 734
f 734 730 726
f 726 722 718
f 718 714 710
f 710 734 726
f 726 718 710
f 733 734 736
f 733 736 735
f 735 736 706
f 735 706 705
f 735 705 707
f 707 709 711
f 711 713 715
f 715 717 719
f 719 721 723
f 723 725 727
f 727 729 731
f 731 733 735
f 735 707 711
f 711 715 719
f 719 723 727
f 727 731 735
f 735 711 719
f 719 727 735
v 1.2120000 -0.0980000 0.4200000
v 1.2120000 -0.1100000 0.4320000
v 1.2000000 -0.0980000 0.4320000
v 1.2120000 -0.1039921 0.4216031
v 1.2060080 -0.0980000 0.4216031
v 1.2062615 -0.1037385 0.4231604
v 1.2060080 -0.1083968 0.4320000
v 1.2120000 -0.1083968 0.4260079
v 1.2062615 -0.1068396 0.4262614
v 1.2016032 -0.0980000 0.4260079
v 1.2016032 -0.1039921 0.4320000
v 1.2031604 -0.1037385 0.4262614
v 1.2120000 -0.1100000 0.6080000
v 1.2120000 -0.0980000 0.6200000
v 1.2000000 -0.0980000 0.6080000
v 1.2120000 -0.1083968 0.6139921
v 1.2060080 -0.1083968 0.6080000
v 1.2062615 -0.1068396 0.6137385
v 1.2060080 -0.0980000 0.6183968
v 1.2120000 -0.1039921 0.6183968
v 1.2062615 -0.1037385 0.6168396
v 1.2016032 -0.1039921 0.6080000
v 1.2016032 -0.0980000 0.6139921
v 1.2031604 -0.1037385 0.6137385
v 1.2120000 0.0980000 0.4200000
v 1.2000000 0.0980000 0.4320000
v 1.2120000 0.1100000 0.4320000
v 1.2060080 0.0980000 0.4216031
v 1.2120000 0.1039921 0.4216031
v 1.2062615 0.1037385 0.4231604
v 1.2016032 0.1039921 0.4320000
v 1.2016032 0.0980000 0.4260079
v 1.2031604 0.1037385 0.4262614
v 1.2120000 0.1083968 0.4260079
v 1.2060080 0.1083968 0.4320000
v 1.2062615 0.1068396 0.4262614
v 1.2120000 0.0980000 0.6200000
v 1.2120000 0.1100000 0.6080000
v 1.2000000 0.0980000 0.6080000
v 1.2120000 0.1039921 0.6183968
v 1.2060080 0.0980000 0.6183968
v 1.2062615 0.1037385 0.6168396
v 1.2060080 0.1083968 0.6080000
v 1.2120000 0.1083968 0.6139921
v 1.2062615 0.1068396 0.6137385
v 1.2016032 0.0980000 0.6139921
v 1.2016032 0.1039921 0.6080000
v 1.2031604 0.1037385 0.6137385
v 1.4480001 -0.0980000 0.4200000
v 1.4600000 -0.0980000 0.4320000
v 1.4480001 -0.1100000 0.4320000
v 1.4539921 -0.0980000 0.4216031
v 1.4480001 -0.1039921 0.4216031
v 1.4537386 -0.1037385 0.4231604
v 1.4583969 -0.1039921 0.4320000
v 1.4583969 -0.0980000 0.4260079
v 1.4568397 -0.1037385 0.4262614
v 1.4480001 -0.1083968 0.4260079
v 1.4539921 -0.1083968 0.4320000
v 1.4537386 -0.1068396 0.4262614
v 1.4480001 -0.0980000 0.6200000
v 1.4480001 -0.1100000 0.6080000
v 1.4600000 -0.0980000 0.6080000
v 1.4480001 -0.1039921 0.6183968
v 1.4539921 -0.0980000 0.6183968
v 1.4537386 -0.1037385 0.6168396
v 1.4539921 -0.1083968 0.6080000
v 1.4480001 -0.1083968 0.6139921
v 1.4537386 -0.1068396 0.6137385
v 1.4583969 -0.0980000 0.6139921
v 1.4583969 -0.1039921 0.6080000
v 1.4568397 -0.1037385 0.6137385
v 1.4480001 0.0980000 0.4200000
v 1.4480001 0.1100000 0.4320000
v 1.4600000 0.0980000 0.4320000
v 1.4480001 0.1039921 0.4216031
v 1.4539921 0.0980000 0.4216031
v 1.4537386 0.1037385 0.4231604
v 1.4539921 0.1083968 0.4320000
v 1.4480001 0.1083968 0.4260079
v 1.4537386 0.1068396 0.4262614
v 1.4583969 0.0980000 0.4260079
v 1.4583969 0.1039921 0.4320000
v 1.4568397 0.1037385 0.4262614
v 1.4480001 0.0980000 0.6200000
v 1.4600000 0.0980000 0.6080000
v 1.4480001 0.1100000 0.6080000
v 1.4539921 0.0980000 0.6183968
v 1.4480001 0.1039921 0.6183968
v 1.4537386 0.1037385 0.6168396
v 1.4583969 0.1039921 0.6080000
v 1.4583969 0.0980000 0.6139921
v 1.4568397 0.1037385 0.6137385
v 1.4480001 0.1083968 0.6139921
v 1.4539921 0.1083968 0.6080000
v 1.4537386 0.1068396 0.6137385
f 737 740 742
f 737 742 741
f 740 744 745
f 740 745 742
f 738 743 745
f 738 745 744
f 743 747 748
f 743 748 745
f 739 746 748
f 739 748 747
f 746 741 742
f 746 742 748
f 742 745 748
f 749 752 754
f 749 754 753
f 752 756 757
f 752 757 754
f 750 755 757
f 750 757 756
f 755 759 760
f 755 760 757
f 751 758 760
f 751 760 759
f 758 753 754
f 758 754 760
f 754 757 760
f 761 764 766
f 761 766 765
f 764 768 769
f 764 769 766
f 762 767 769
f 762 769 768
f 767 771 772
f 767 772 769
f 763 770 772
f 763 772 771
f 770 765 766
f 770 766 772
f 766 769 772
f 773 776 778
f 773 778 777
f 776 780 781
f 776 781 778
f 774 779 781
f 774 781 780
f 779 783 784
f 779 784 781
f 775 782 784
f 775 784 783
f 782 777 778
f 782 778 784
f 778 781 784
f 785 788 790
f 785 790 789
f 788 792 793
f 788 793 790
f 786 791 793
f 786 793 792
f 791 795 796
f 791 796 793
f 787 794 796
f 787 796 795
f 794 789 790
f 794 790 796
f 790 793 796
f 797 800 802
f 797 802 801
f 800 804 805
f 800 805 802
f 798 803 805
f 798 805 804
f 803 807 808
f 803 808 805
f 799 806 808
f 799 808 807
f 806 801 802
f 806 802 808
f 802 805 808
f 809 812 814
f 809 814 813
f 812 816 817
f 812 817 814
f 810 815 817
f 810 817 816
f 815 819 820
f 815 820 817
f 811 818 820
f 811 820 819
f 818 813 814
f 818 814 820
f 814 817 820
f 821 824 826
f 821 826 825
f 824 828 829
f 824 829 826
f 822 827 829
f 822 829 828
f 827 831 832
f 827 832 829
f 823 830 832
f 823 832 831
f 830 825 826
f 830 826 832
f 826 829 832
f 761 737 741
f 761 741 764
f 764 741 746
f 764 746 768
f 768 746 739
f 768 739 762
f 738 749 753
f 738 753 743
f 743 753 758
f 743 758 747
f 747 758 751
f 747 751 739
f 750 773 777
f 750 777 755
f 755 777 782
f 755 782 759
f 759 782 775
f 759 775 751
f 774 763 771
f 774 771 779
f 779 771 767
f 779 767 783
f 783 767 762
f 783 762 775
f 809 761 765
f 809 765 812
f 812 765 770
f 812 770 816
f 816 770 763
f 816 763 810
f 773 821 825
f 773 825 776
f 776 825 830
f 776 830 780
f 780 830 823
f 780 823 774
f 822 811 819
f 822 819 827
f 827 819 815
f 827 815 831
f 831 815 810
f 831 810 823
f 785 809 813
f 785 813 788
f 788 813 818
f 788 818 792
f 792 818 811
f 792 811 786
f 821 797 801
f 821 801 824
f 824 801 806
f 824 806 828
f 828 806 799
f 828 799 822
f 798 787 795
f 798 795 803
f 803 795 791
f 803 791 807
f 807 791 786
f 807 786 799
f 737 785 789
f 737 789 740
f 740 789 794
f 740 794 744
f 744 794 787
f 744 787 738
f 797 750 756
f 797 756 800
f 800 756 752
f 800 752 804
f 804 752 749
f 804 749 798
f 761 809 785
f 761 785 737
f 739 751 775
f 739 775 762
f 787 798 749
f 787 749 738
f 821 773 750
f 821 750 797
f 763 774 823
f 763 823 810
f 811 822 799
f 811 799 786
v 1.3300000 -0.2709981 0.5859689
v 1.3300000 -0.1109980 0.5959688
v 1.3238771 -0.2709221 0.5847533
v 1.3238771 -0.1109221 0.5947533
v 1.3186864 -0.2707057 0.5812917
v 1.3186864 -0.1107057 0.5912917
v 1.3152180 -0.2703820 0.5761110
v 1.3152180 -0.1103819 0.5861110
v 1.3140000 -0.2700000 0.5700000
v 1.3140000 -0.1100000 0.5800000
v 1.3152180 -0.2696181 0.5638890
v 1.3152180 -0.1096180 0.5738890
v 1.3186864 -0.2692943 0.5587083
v 1.3186864 -0.1092943 0.5687083
v 1.3238771 -0.2690779 0.5552467
v 1.3238771 -0.1090779 0.5652467
v 1.3300000 -0.2690020 0.5540311
v 1.3300000 -0.1090019 0.5640311
v 1.3361230 -0.2690779 0.5552467
v 1.3361230 -0.1090779 0.5652467
v 1.3413137 -0.2692943 0.5587083
v 1.3413137 -0.1092943 0.5687083
v 1.3447821 -0.2696181 0.5638890
v 1.3447821 -0.1096180 0.5738890
v 1.3460001 -0.2700000 0.5700000
v 1.3460001 -0.1100000 0.5800000
v 1.3447821 -0.2703820 0.5761110
v 1.3447821 -0.1103819 0.5861110
v 1.3413137 -0.2707057 0.5812917
v 1.3413137 -0.1107057 0.5912917
v 1.3361230 -0.2709221 0.5847533
v 1.3361230 -0.1109221 0.5947533
f 833 834 836
f 833 836 835
f 835 836 838
f 835 838 837
f 837 838 840
f 837 840 839
f 839 840 842
f 839 842 841
f 841 842 844
f 841 844 843
f 843 844 846
f 843 846 845
f 845 846 848
f 845 848 847
f 847 848 850
f 847 850 849
f 849 850 852
f 849 852 851
f 851 852 854
f 851 854 853
f 853 854 856
f 853 856 855
f 855 856 858
f 855 858 857
f 857 858 860
f 857 860 859
f 859 860 862
f 859 862 861
f 838 836 834
f 834 864 862
f 862 860 858
f 858 856 854
f 854 852 850
f 850 848 846
f 846 844 842
f 842 840 838
f 838 834 862
f 862 858 854
f 854 850 846
f 846 842 838
f 838 862 854
f 854 846 838
f 861 862 864
f 861 864 863
f 863 864 834
f 863 834 833
f 863 833 835
f 835 837 839
f 839 841 843
f 843 845 847
f 847 849 851
f 851 853 855
f 855 857 859
f 859 861 863
f 863 835 839
f 839 843 847
f 847 851 855
f 855 859 863
f 863 839 847
f 847 855 863
v 1.3300000 0.2709981 0.5859689
v 1.3300000 0.1109980 0.5959688
v 1.3361230 0.2709221 0.5847533
v 1.3361230 0.1109221 0.5947533
v 1.3413137 0.2707057 0.5812917
v 1.3413137 0.1107057 0.5912917
v 1.3447821 0.2703819 0.5761110
v 1.3447821 0.1103819 0.5861110
v 1.3460001 0.2700000 0.5700000
v 1.3460001 0.1100000 0.5800000
v 1.3447821 0.2696181 0.5638890
v 1.3447821 0.1096181 0.5738890
v 1.3413137 0.2692943 0.5587083
v 1.3413137 0.1092943 0.5687083
v 1.3361230 0.2690779 0.5552467
v 1.3361230 0.1090779 0.5652467
v 1.3300000 0.2690019 0.5540311
v 1.3300000 0.1090019 0.5640311
v 1.3238771 0.2690779 0.5552467
v 1.3238771 0.1090779 0.5652467
v 1.3186864 0.2692943 0.5587083
v 1.3186864 0.1092943 0.5687083
v 1.3152180 0.2696181 0.5638890
v 1.3152180 0.1096181 0.5738890
v 1.3140000 0.2700000 0.5700000
v 1.3140000 0.1100000 0.5800000
v 1.3152180 0.2703819 0.5761110
v 1.3152180 0.1103819 0.5861110
v 1.3186864 0.2707057 0.5812917
v 1.3186864 0.1107057 0.5912917
v 1.3238771 0.2709221 0.5847533
v 1.3238771 0.1109221 0.5947533
f 865 866 868
f 865 868 867
f 867 868 870
f 867 870 869
f 869 870 872
f 869 872 871
f 871 872 874
f 871 874 873
f 873 874 876
f 873 876 875
f 875 876 878
f 875 878 877
f 877 878 880
f 877 880 879
f 879 880 882
f 879 882 881
f 881 882 884
f 881 884 883
f 883 884 886
f 883 886 885
f 885 886 888
f 885 888 887
f 887 888 890
f 887 890 889
f 889 890 892
f 889 892 891
f 891 892 894
f 891 894 893
f 870 868 866
f 866 896 894
f 894 892 890
f 890 888 886
f 886 884 882
f 882 880 878
f 878 876 874
f 874 872 870
f 870 866 894
f 894 890 886
f 886 882 878
f 878 874 870
f 870 894 886
f 886 878 870
f 893 894 896
f 893 896 895
f 895 896 866
f 895 866 865
f 895 865 867
f 867 869 871
f 871 873 875
f 875 877 879
f 879 881 883
f 883 885 887
f 887 889 891
f 891 893 895
f 895 867 871
f 871 875 879
f 879 883 887
f 887 891 895
f 895 871 879
f 879 887 895
v 1.2700000 -0.0590885 0.6304188
v 1.2700000 -0.0104670 0.9061651
v 1.2470390 -0.0545906 0.6296257
v 1.2470390 -0.0059692 0.9053720
v 1.2275736 -0.0417818 0.6273672
v 1.2275736 0.0068396 0.9031134
v 1.2145672 -0.0226122 0.6239871
v 1.2145672 0.0260093 0.8997333
v 1.2099999 0.0000000 0.6199999
v 1.2099999 0.0486215 0.8957462
v 1.2145672 0.0226122 0.6160128
v 1.2145672 0.0712337 0.8917590
v 1.2275735 0.0417819 0.6126327
v 1.2275735 0.0904033 0.8883789
v 1.2470390 0.0545906 0.6103742
v 1.2470390 0.1032121 0.8861204
v 1.2700000 0.0590885 0.6095811
v 1.2700000 0.1077099 0.8853273
v 1.2929610 0.0545906 0.6103742
v 1.2929610 0.1032121 0.8861204
v 1.3124263 0.0417819 0.6126327
v 1.3124263 0.0904033 0.8883789
v 1.3254328 0.0226122 0.6160128
v 1.3254328 0.0712337 0.8917590
v 1.3300000 0.0000000 0.6199999
v 1.3300000 0.0486215 0.8957462
v 1.3254328 -0.0226122 0.6239871
v 1.3254328 0.0260093 0.8997333
v 1.3124264 -0.0417818 0.6273672
v 1.3124264 0.0068396 0.9031134
v 1.2929610 -0.0545906 0.6296257
v 1.2929610 -0.0059691 0.9053720
f 897 898 900
f 897 900 899
f 899 900 902
f 899 902 901
f 901 902 904
f 901 904 903
f 903 904 906
f 903 906 905
f 905 906 908
f 905 908 907
f 907 908 910
f 907 910 909
f 909 910 912
f 909 912 911
f 911 912 914
f 911 914 913
f 913 914 916
f 913 916 915
f 915 916 918
f 915 918 917
f 917 918 920
f 917 920 919
f 919 920 922
f 919 922 921
f 921 922 924
f 921 924 923
f 923 924 926
f 923 926 925
f 902 900 898
f 898 928 926
f 926 924 922
f 922 920 918
f 918 916 914
f 914 912 910
f 910 908 906
f 906 904 902
f 902 898 926
f 926 922 918
f 918 914 910
f 910 906 902
f 902 926 918
f 918 910 902
f 925 926 928
f 925 928 927
f 927 928 898
f 927 898 897
f 927 897 899
f 899 901 903
f 903 905 907
f 907 909 911
f 911 913 915
f 915 917 919
f 919 921 923
f 923 925 927
f 927 899 903
f 903 907 911
f 911 915 919
f 919 923 927
f 927 903 911
f 911 919 927
v 1.4000000 0.0590885 0.6304189
v 1.4000000 0.0104670 0.9061651
v 1.4229610 0.0545906 0.6296258
v 1.4229610 0.0059691 0.9053720
v 1.4424263 0.0417819 0.6273673
v 1.4424263 -0.0068397 0.9031134
v 1.4554328 0.0226122 0.6239871
v 1.4554328 -0.0260093 0.8997333
v 1.4599999 0.0000000 0.6200000
v 1.4599999 -0.0486215 0.8957461
v 1.4554328 -0.0226122 0.6160128
v 1.4554328 -0.0712337 0.8917590
v 1.4424263 -0.0417818 0.6126327
v 1.4424263 -0.0904034 0.8883789
v 1.4229610 -0.0545906 0.6103742
v 1.4229610 -0.1032121 0.8861203
v 1.4000000 -0.0590884 0.6095811
v 1.4000000 -0.1077100 0.8853272
v 1.3770390 -0.0545906 0.6103742
v 1.3770390 -0.1032121 0.8861203
v 1.3575736 -0.0417818 0.6126327
v 1.3575736 -0.0904034 0.8883789
v 1.3445672 -0.0226122 0.6160128
v 1.3445672 -0.0712337 0.8917590
v 1.3400000 0.0000000 0.6200000
v 1.3400000 -0.0486215 0.8957461
v 1.3445672 0.0226122 0.6239871
v 1.3445672 -0.0260093 0.8997333
v 1.3575736 0.0417819 0.6273673
v 1.3575736 -0.0068397 0.9031134
v 1.3770390 0.0545906 0.6296258
v 1.3770390 0.0059691 0.9053720
f 929 930 932
f 929 932 931
f 931 932 934
f 931 934 933
f 933 934 936
f 933 936 935
f 935 936 938
f 935 938 937
f 937 938 940
f 937 940 939
f 939 940 942
f 939 942 941
f 941 942 944
f 941 944 943
f 943 944 946
f 943 946 945
f 945 946 948
f 945 948 947
f 947 948 950
f 947 950 949
f 949 950 952
f 949 952 951
f 951 952 954
f 951 954 953
f 953 954 956
f 953 956 955
f 955 956 958
f 955 958 957
f 934 932 930
f 930 960 958
f 958 956 954
f 954 952 950
f 950 948 946
f 946 944 942
f 942 940 938
f 938 936 934
f 934 930 958
f 958 954 950
f 950 946 942
f 942 938 934
f 934 958 950
f 950 942 934
f 957 958 960
f 957 960 959
f 959 960 930
f 959 930 929
f 959 929 931
f 931 933 935
f 935 937 939
f 939 941 943
f 943 945 947
f 947 949 951
f 951 953 955
f 955 957 959
f 959 931 935
f 935 939 943
f 943 947 951
f 951 955 959
f 959 935 943
f 943 951 959
v 1.2100000 -0.0000000 0.5250000
v 0.9400001 -0.0000000 0.5250000
v 1.2100000 -0.0095671 0.5230970
v 0.9400001 -0.0095671 0.5230970
v 1.2100000 -0.0176777 0.5176777
v 0.9400001 -0.0176777 0.5176777
v 1.2100000 -0.0230970 0.5095671
v 0.9400001 -0.0230970 0.5095671
v 1.2100000 -0.0250000 0.5000000
v 0.9400001 -0.0250000 0.5000000
v 1.2100000 -0.0230970 0.4904329
v 0.9400001 -0.0230970 0.4904329
v 1.2100000 -0.0176777 0.4823223
v 0.9400001 -0.0176777 0.4823223
v 1.2100000 -0.0095671 0.4769030
v 0.9400001 -0.0095671 0.4769030
v 1.2100000 0.0000000 0.4750000
v 0.9400001 0.0000000 0.4750000
v 1.2100000 0.0095671 0.4769030
v 0.9400001 0.0095671 0.4769030
v 1.2100000 0.0176777 0.4823223
v 0.9400001 0.0176777 0.4823223
v 1.2100000 0.0230970 0.4904329
v 0.9400001 0.0230970 0.4904329
v 1.2100000 0.0250000 0.5000000
v 0.9400001 0.0250000 0.5000000
v 1.2100000 0.0230970 0.5095671
v 0.9400001 0.0230970 0.5095671
v 1.2100000 0.0176777 0.5176777
v 0.9400001 0.0176777 0.5176777
v 1.2100000 0.0095671 0.5230970
v 0.9400001 0.0095671 0.5230970
f 961 962 964
f 961 964 963
f 963 964 966
f 963 966 965
f 965 966 968
f 965 968 967
f 967 968 970
f 967 970 969
f 969 970 972
f 969 972 971
f 971 972 974
f 971 974 973
f 973 974 976
f 973 976 975
f 975 976 978
f 975 978 977
f 977 978 980
f 977 980 979
f 979 980 982
f 979 982 981
f 981 982 984
f 981 984 983
f 983 984 986
f 983 986 985
f 985 986 988
f 985 988 987
f 987 988 990
f 987 990 989
f 966 964 962
f 962 992 990
f 990 988 986
f 986 984 982
f 982 980 978
f 978 976 974
f 974 972 970
f 970 968 966
f 966 962 990
f 990 986 982
f 982 978 974
f 974 970 966
f 966 990 982
f 982 974 966
f 989 990 992
f 989 992 991
f 991 992 962
f 991 962 961
f 991 961 963
f 963 965 967
f 967 969 971
f 971 973 975
f 975 977 979
f 979 981 983
f 983 985 987
f 987 989 991
f 991 963 967
f 967 971 975
f 975 979 983
f 983 987 991
f 991 967 975
f 975 983 991
v 1.0599999 -0.0000000 0.5900000
v 1.1300001 -0.0000000 0.5900000
v 1.0599999 0.0344415 0.5831491
v 1.1300001 0.0344415 0.5831491
v 1.0599999 0.0636396 0.5636396
v 1.1300001 0.0636396 0.5636396
v 1.0599999 0.0831492 0.5344415
v 1.1300001 0.0831492 0.5344415
v 1.0599999 0.0900000 0.5000000
v 1.1300001 0.0900000 0.5000000
v 1.0599999 0.0831492 0.4655585
v 1.1300001 0.0831492 0.4655585
v 1.0599999 0.0636396 0.4363604
v 1.1300001 0.0636396 0.4363604
v 1.0599999 0.0344415 0.4168508
v 1.1300001 0.0344415 0.4168508
v 1.0599999 0.0000000 0.4100000
v 1.1300001 0.0000000 0.4100000
v 1.0599999 -0.0344415 0.4168508
v 1.1300001 -0.0344415 0.4168508
v 1.0599999 -0.0636396 0.4363604
v 1.1300001 -0.0636396 0.4363604
v 1.0599999 -0.0831492 0.4655585
v 1.1300001 -0.0831492 0.4655585
v 1.0599999 -0.0900000 0.5000000
v 1.1300001 -0.0900000 0.5000000
v 1.0599999 -0.0831492 0.5344415
v 1.1300001 -0.0831492 0.5344415
v 1.0599999 -0.0636396 0.5636396
v 1.1300001 -0.0636396 0.5636396
v 1.0599999 -0.0344415 0.5831491
v 1.1300001 -0.0344415 0.5831491
f 993 994 996
f 993 996 995
f 995 996 998
f 995 998 997
f 997 998 1000
f 997 1000 999
f 999 1000 1002
f 999 1002 1001
f 1001 1002 1004
f 1001 1004 1003
f 1003 1004 1006
f 1003 1006 1005
f 1005 1006 1008
f 1005 1008 1007
f 1007 1008 1010
f 1007 1010 1009
f 1009 1010 1012
f 1009 1012 1011
f 1011 1012 1014
f 1011 1014 1013
f 1013 1014 1016
f 1013 1016 1015
f 1015 1016 1018
f 1015 1018 1017
f 1017 1018 1020
f 1017 1020 1019
f 1019 1020 1022
f 1019 1022 1021
f 998 996 994
f 994 1024 1022
f 1022 1020 1018
f 1018 1016 1014
f 1014 1012 1010
f 1010 1008 1006
f 1006 1004 1002
f 1002 1000 998
f 998 994 1022
f 1022 1018 1014
f 1014 1010 1006
f 1006 1002 998
f 998 1022 1014
f 1014 1006 998
f 1021 1022 1024
f 1021 1024 1023
f 1023 1024 994
f 1023 994 993
f 1023 993 995
f 995 997 999
f 999 1001 1003
f 1003 1005 1007
f 1007 1009 1011
f 1011 1013 1015
f 1015 1017 1019
f 1019 1021 1023
f 1023 995 999
f 999 1003 1007
f 1007 1011 1015
f 1015 1019 1023
f 1023 999 1007
f 1007 1015 1023
v 0.6120000 -0.1180000 0.4000000
v 0.6120000 -0.1300000 0.4120000
v 0.6000000 -0.1180000 0.4120000
v 0.6120000 -0.1239921 0.4016032
v 0.6060079 -0.1180000 0.4016032
v 0.6062614 -0.1237385 0.4031604
v 0.6060079 -0.1283969 0.4120000
v 0.6120000 -0.1283969 0.4060079
v 0.6062614 -0.1268396 0.4062614
v 0.6016032 -0.1180000 0.4060079
v 0.6016032 -0.1239921 0.4120000
v 0.6031604 -0.1237385 0.4062614
v 0.6120000 -0.1300000 0.5880000
v 0.6120000 -0.1180000 0.6000000
v 0.6000000 -0.1180000 0.5880000
v 0.6120000 -0.1283969 0.5939921
v 0.6060079 -0.1283969 0.5880000
v 0.6062614 -0.1268396 0.5937386
v 0.6060079 -0.1180000 0.5983968
v 0.6120000 -0.1239921 0.5983968
v 0.6062614 -0.1237385 0.5968396
v 0.6016032 -0.1239921 0.5880000
v 0.6016032 -0.1180000 0.5939921
v 0.6031604 -0.1237385 0.5937386
v 0.6120000 0.1180000 0.4000000
v 0.6000000 0.1180000 0.4120000
v 0.6120000 0.1300000 0.4120000
v 0.6060079 0.1180000 0.4016032
v 0.6120000 0.1239921 0.4016032
v 0.6062614 0.1237385 0.4031604
v 0.6016032 0.1239921 0.4120000
v 0.6016032 0.1180000 0.4060079
v 0.6031604 0.1237385 0.4062614
v 0.6120000 0.1283969 0.4060079
v 0.6060079 0.1283969 0.4120000
v 0.6062614 0.1268396 0.4062614
v 0.6120000 0.1180000 0.6000000
v 0.6120000 0.1300000 0.5880000
v 0.6000000 0.1180000 0.5880000
v 0.6120000 0.1239921 0.5983968
v 0.6060079 0.1180000 0.5983968
v 0.6062614 0.1237385 0.5968396
v 0.6060079 0.1283969 0.5880000
v 0.6120000 0.1283969 0.5939921
v 0.6062614 0.1268396 0.5937386
v 0.6016032 0.1180000 0.5939921
v 0.6016032 0.1239921 0.5880000
v 0.6031604 0.1237385 0.5937386
v 0.9380000 -0.1180000 0.4000000
v 0.9500000 -0.1180000 0.4120000
v 0.9380000 -0.1300000 0.4120000
v 0.9439921 -0.1180000 0.4016032
v 0.9380000 -0.1239921 0.4016032
v 0.9437385 -0.1237385 0.4031604
v 0.9483968 -0.1239921 0.4120000
v 0.9483968 -0.1180000 0.4060079
v 0.9468396 -0.1237385 0.4062614
v 0.9380000 -0.1283969 0.4060079
v 0.9439921 -0.1283969 0.4120000
v 0.9437385 -0.1268396 0.4062614
v 0.9380000 -0.1180000 0.6000000
v 0.9380000 -0.1300000 0.5880000
v 0.9500000 -0.1180000 0.5880000
v 0.9380000 -0.1239921 0.5983968
v 0.9439921 -0.1180000 0.5983968
v 0.9437385 -0.1237385 0.5968396
v 0.9439921 -0.1283969 0.5880000
v 0.9380000 -0.1283969 0.5939921
v 0.9437385 -0.1268396 0.5937386
v 0.9483968 -0.1180000 0.5939921
v 0.9483968 -0.1239921 0.5880000
v 0.9468396 -0.1237385 0.5937386
v 0.9380000 0.1180000 0.4000000
v 0.9380000 0.1300000 0.4120000
v 0.9500000 0.1180000 0.4120000
v 0.9380000 0.1239921 0.4016032
v 0.9439921 0.1180000 0.4016032
v 0.9437385 0.1237385 0.4031604
v 0.9439921 0.1283969 0.4120000
v 0.9380000 0.1283969 0.4060079
v 0.9437385 0.1268396 0.4062614
v 0.9483968 0.1180000 0.4060079
v 0.9483968 0.1239921 0.4120000
v 0.9468396 0.1237385 0.4062614
v 0.9380000 0.1180000 0.6000000
v 0.9500000 0.1180000 0.5880000
v 0.9380000 0.1300000 0.5880000
v 0.9439921 0.1180000 0.5983968
v 0.9380000 0.1239921 0.5983968
v 0.9437385 0.1237385 0.5968396
v 0.9483968 0.1239921 0.5880000
v 0.9483968 0.1180000 0.5939921
v 0.9468396 0.1237385 0.5937386
v 0.9380000 0.1283969 0.5939921
v 0.9439921 0.1283969 0.5880000
v 0.9437385 0.1268396 0.5937386
f 1025 1028 1030
f 1025 1030 1029
f 1028 1032 1033
f 1028 1033 1030
f 1026 1031 1033
f 1026 1033 1032
f 1031 1035 1036
f 1031 1036 1033
f 1027 1034 1036
f 1027 1036 1035
f 1034 1029 1030
f 1034 1030 1036
f 1030 1033 1036
f 1037 1040 1042
f 1037 1042 1041
f 1040 1044 1045
f 1040 1045 1042
f 1038 1043 1045
f 1038 1045 1044
f 1043 1047 1048
f 1043 1048 1045
f 1039 1046 1048
f 1039 1048 1047
f 1046 1041 1042
f 1046 1042 1048
f 1042 1045 1048
f 1049 1052 1054
f 1049 1054 1053
f 1052 1056 1057
f 1052 1057 1054
f 1050 1055 1057
f 1050 1057 1056
f 1055 1059 1060
f 1055 1060 1057
f 1051 1058 1060
f 1051 1060 1059
f 1058 1053 1054
f 1058 1054 1060
f 1054 1057 1060
f 1061 1064 1066
f 1061 1066 1065
f 1064 1068 1069
f 1064 1069 1066
f 1062 1067 1069
f 1062 1069 1068
f 1067 1071 1072
f 1067 1072 1069
f 1063 1070 1072
f 1063 1072 1071
f 1070 1065 1066
f 1070 1066 1072
f 1066 1069 1072
f 1073 1076 1078
f 1073 1078 1077
f 1076 1080 1081
f 1076 1081 1078
f 1074 1079 1081
f 1074 1081 1080
f 1079 1083 1084
f 1079 1084 1081
f 1075 1082 1084
f 1075 1084 1083
f 1082 1077 1078
f 1082 1078 1084
f 1078 1081 1084
f 1085 1088 1090
f 1085 1090 1089
f 1088 1092 1093
f 1088 1093 1090
f 1086 1091 1093
f 1086 1093 1092
f 1091 1095 1096
f 1091 1096 1093
f 1087 1094 1096
f 1087 1096 1095
f 1094 1089 1090
f 1094 1090 1096
f 1090 1093 1096
f 1097 1100 1102
f 1097 1102 1101
f 1100 1104 1105
f 1100 1105 1102
f 1098 1103 1105
f 1098 1105 1104
f 1103 1107 1108
f 1103 1108 1105
f 1099 1106 1108
f 1099 1108 1107
f 1106 1101 1102
f 1106 1102 1108
f 1102 1105 1108
f 1109 1112 1114
f 1109 1114 1113
f 1112 1116 1117
f 1112 1117 1114
f 1110 1115 1117
f 1110 1117 1116
f 1115 1119 1120
f 1115 1120 1117
f 1111 1118 1120
f 1111 1120 1119
f 1118 1113 1114
f 1118 1114 1120
f 1114 1117 1120
f 1049 1025 1029
f 1049 1029 1052
f 1052 1029 1034
f 1052 1034 1056
f 1056 1034 1027
f 1056 1027 1050
f 1026 1037 1041
f 1026 1041 1031
f 1031 1041 1046
f 1031 1046 1035
f 1035 1046 1039
f 1035 1039 1027
f 1038 1061 1065
f 1038 1065 1043
f 1043 1065 1070
f 1043 1070 1047
f 1047 1070 1063
f 1047 1063 1039
f 1062 1051 1059
f 1062 1059 1067
f 1067 1059 1055
f 1067 1055 1071
f 1071 1055 1050
f 1071 1050 1063
f 1097 1049 1053
f 1097 1053 1100
f 1100 1053 1058
f 1100 1058 1104
f 1104 1058 1051
f 1104 1051 1098
f 1061 1109 1113
f 1061 1113 1064
f 1064 1113 1118
f 1064 1118 1068
f 1068 1118 1111
f 1068 1111 1062
f 1110 1099 1107
f 1110 1107 1115
f 1115 1107 1103
f 1115 1103 1119
f 1119 1103 1098
f 1119 1098 1111
f 1073 1097 1101
f 1073 1101 1076
f 1076 1101 1106
f 1076 1106 1080
f 1080 1106 1099
f 1080 1099 1074
f 1109 1085 1089
f 1109 1089 1112
f 1112 1089 1094
f 1112 1094 1116
f 1116 1094 1087
f 1116 1087 1110
f 1086 1075 1083
f 1086 1083 1091
f 1091 1083 1079
f 1091 1079 1095
f 1095 1079 1074
f 1095 1074 1087
f 1025 1073 1077
f 1025 1077 1028
f 1028 1077 1082
f 1028 1082 1032
f 1032 1082 1075
f 1032 1075 1026
f 1085 1038 1044
f 1085 1044 1088
f 1088 1044 1040
f 1088 1040 1092
f 1092 1040 1037
f 1092 1037 1086
f 1049 1097 1073
f 1049 1073 1025
f 1027 1039 1063
f 1027 1063 1050
f 1075 1086 1037
f 1075 1037 1026
f 1109 1061 1038
f 1109 1038 1085
f 1051 1062 1111
f 1051 1111 1098
f 1099 1110 1087
f 1099 1087 1074
v 0.7800000 -0.2677373 0.5858392
v 0.7800000 -0.1277373 0.5658392
v 0.7738770 -0.2679095 0.5846335
v 0.7738770 -0.1279095 0.5646335
v 0.7686863 -0.2684000 0.5812000
v 0.7686863 -0.1284000 0.5612000
v 0.7652179 -0.2691341 0.5760614
v 0.7652179 -0.1291341 0.5560614
v 0.7640000 -0.2700000 0.5700000
v 0.7640000 -0.1300000 0.5500000
v 0.7652179 -0.2708659 0.5639386
v 0.7652179 -0.1308659 0.5439386
v 0.7686862 -0.2716000 0.5588000
v 0.7686862 -0.1316000 0.5388000
v 0.7738770 -0.2720905 0.5553665
v 0.7738770 -0.1320905 0.5353665
v 0.7800000 -0.2722628 0.5541608
v 0.7800000 -0.1322628 0.5341608
v 0.7861229 -0.2720905 0.5553665
v 0.7861229 -0.1320905 0.5353665
v 0.7913136 -0.2716000 0.5588000
v 0.7913136 -0.1316000 0.5388000
v 0.7947820 -0.2708659 0.5639386
v 0.7947820 -0.1308659 0.5439386
v 0.7959999 -0.2700000 0.5700000
v 0.7959999 -0.1300000 0.5500000
v 0.7947820 -0.2691341 0.5760614
v 0.7947820 -0.1291341 0.5560614
v 0.7913137 -0.2684000 0.5812000
v 0.7913137 -0.1284000 0.5612000
v 0.7861229 -0.2679095 0.5846335
v 0.7861229 -0.1279095 0.5646335
f 1121 1122 1124
f 1121 1124 1123
f 1123 1124 1126
f 1123 1126 1125
f 1125 1126 1128
f 1125 1128 1127
f 1127 1128 1130
f 1127 1130 1129
f 1129 1130 1132
f 1129 1132 1131
f 1131 1132 1134
f 1131 1134 1133
f 1133 1134 1136
f 1133 1136 1135
f 1135 1136 1138
f 1135 1138 1137
f 1137 1138 1140
f 1137 1140 1139
f 1139 1140 1142
f 1139 1142 1141
f 1141 1142 1144
f 1141 1144 1143
f 1143 1144 1146
f 1143 1146 1145
f 1145 1146 1148
f 1145 1148 1147
f 1147 1148 1150
f 1147 1150 1149
f 1126 1124 1122
f 1122 1152 1150
f 1150 1148 1146
f 1146 1144 1142
f 1142 1140 1138
f 1138 1136 1134
f 1134 1132 1130
f 1130 1128 1126
f 1126 1122 1150
f 1150 1146 1142
f 1142 1138 1134
f 1134 1130 1126
f 1126 1150 1142
f 1142 1134 1126
f 1149 1150 1152
f 1149 1152 1151
f 1151 1152 1122
f 1151 1122 1121
f 1151 1121 1123
f 1123 1125 1127
f 1127 1129 1131
f 1131 1133 1135
f 1135 1137 1139
f 1139 1141 1143
f 1143 1145 1147
f 1147 1149 1151
f 1151 1123 1127
f 1127 1131 1135
f 1135 1139 1143
f 1143 1147 1151
f 1151 1127 1135
f 1135 1143 1151
v 0.7800000 0.2677373 0.5858392
v 0.7800000 0.1277373 0.5658392
v 0.7861229 0.2679095 0.5846335
v 0.7861229 0.1279095 0.5646335
v 0.7913137 0.2684000 0.5812000
v 0.7913137 0.1284000 0.5612000
v 0.7947820 0.2691341 0.5760614
v 0.7947820 0.1291341 0.5560614
v 0.7959999 0.2700000 0.5700000
v 0.7959999 0.1300000 0.5500000
v 0.7947820 0.2708659 0.5639386
v 0.7947820 0.1308659 0.5439386
v 0.7913137 0.2716000 0.5588000
v 0.7913137 0.1316000 0.5388000
v 0.7861229 0.2720905 0.5553665
v 0.7861229 0.1320905 0.5353665
v 0.7800000 0.2722628 0.5541608
v 0.7800000 0.1322627 0.5341608
v 0.7738770 0.2720905 0.5553665
v 0.7738770 0.1320905 0.5353665
v 0.7686862 0.2716000 0.5588000
v 0.7686862 0.1316000 0.5388000
v 0.7652179 0.2708659 0.5639386
v 0.7652179 0.1308659 0.5439386
v 0.7640000 0.2700000 0.5700000
v 0.7640000 0.1300000 0.5500000
v 0.7652179 0.2691341 0.5760614
v 0.7652179 0.1291341 0.5560614
v 0.7686862 0.2684000 0.5812000
v 0.7686862 0.1284000 0.5612000
v 0.7738770 0.2679095 0.5846335
v 0.7738770 0.1279095 0.5646335
f 1153 1154 1156
f 1153 1156 1155
f 1155 1156 1158
f 1155 1158 1157
f 1157 1158 1160
f 1157 1160 1159
f 1159 1160 1162
f 1159 1162 1161
f 1161 1162 1164
f 1161 1164 1163
f 1163 1164 1166
f 1163 1166 1165
f 1165 1166 1168
f 1165 1168 1167
f 1167 1168 1170
f 1167 1170 1169
f 1169 1170 1172
f 1169 1172 1171
f 1171 1172 1174
f 1171 1174 1173
f 1173 1174 1176
f 1173 1176 1175
f 1175 1176 1178
f 1175 1178 1177
f 1177 1178 1180
f 1177 1180 1179
f 1179 1180 1182
f 1179 1182 1181
f 1158 1156 1154
f 1154 1184 1182
f 1182 1180 1178
f 1178 1176 1174
f 1174 1172 1170
f 1170 1168 1166
f 1166 1164 1162
f 1162 1160 1158
f 1158 1154 1182
f 1182 1178 1174
f 1174 1170 1166
f 1166 1162 1158
f 1158 1182 1174
f 1174 1166 1158
f 1181 1182 1184
f 1181 1184 1183
f 1183 1184 1154
f 1183 1154 1153
f 1183 1153 1155
f 1155 1157 1159
f 1159 1161 1163
f 1163 1165 1167
f 1167 1169 1171
f 1171 1173 1175
f 1175 1177 1179
f 1179 1181 1183
f 1183 1155 1159
f 1159 1163 1167
f 1167 1171 1175
f 1175 1179 1183
f 1183 1159 1167
f 1167 1175 1183
v 0.5300000 -0.0800000 0.5200000
v 0.5300000 0.0800000 0.5200000
v 0.5032122 -0.0800000 0.5146716
v 0.5032122 0.0800000 0.5146716
v 0.4805025 -0.0800000 0.4994975
v 0.4805025 0.0800000 0.4994975
v 0.4653284 -0.0800000 0.4767878
v 0.4653284 0.0800000 0.4767878
v 0.4599999 -0.0800000 0.4500000
v 0.4599999 0.0800000 0.4500000
v 0.4653284 -0.0800000 0.4232122
v 0.4653284 0.0800000 0.4232121
v 0.4805025 -0.0800000 0.4005025
v 0.4805025 0.0800000 0.4005025
v 0.5032121 -0.0800000 0.3853284
v 0.5032121 0.0800000 0.3853284
v 0.5300000 -0.0800000 0.3800000
v 0.5300000 0.0800000 0.3800000
v 0.5567878 -0.0800000 0.3853284
v 0.5567878 0.0800000 0.3853284
v 0.5794975 -0.0800000 0.4005025
v 0.5794975 0.0800000 0.4005025
v 0.5946715 -0.0800000 0.4232121
v 0.5946715 0.0800000 0.4232121
v 0.6000000 -0.0800000 0.4500000
v 0.6000000 0.0800000 0.4500000
v 0.5946715 -0.0800000 0.4767878
v 0.5946715 0.0800000 0.4767878
v 0.5794975 -0.0800000 0.4994975
v 0.5794975 0.0800000 0.4994974
v 0.5567878 -0.0800000 0.5146716
v 0.5567878 0.0800000 0.5146716
f 1185 1186 1188
f 1185 1188 1187
f 1187 1188 1190
f 1187 1190 1189
f 1189 1190 1192
f 1189 1192 1191
f 1191 1192 1194
f 1191 1194 1193
f 1193 1194 1196
f 1193 1196 1195
f 1195 1196 1198
f 1195 1198 1197
f 1197 1198 1200
f 1197 1200 1199
f 1199 1200 1202
f 1199 1202 1201
f 1201 1202 1204
f 1201 1204 1203
f 1203 1204 1206
f 1203 1206 1205
f 1205 1206 1208
f 1205 1208 1207
f 1207 1208 1210
f 1207 1210 1209
f 1209 1210 1212
f 1209 1212 1211
f 1211 1212 1214
f 1211 1214 1213
f 1190 1188 1186
f 1186 1216 1214
f 1214 1212 1210
f 1210 1208 1206
f 1206 1204 1202
f 1202 1200 1198
f 1198 1196 1194
f 1194 1192 1190
f 1190 1186 1214
f 1214 1210 1206
f 1206 1202 1198
f 1198 1194 1190
f 1190 1214 1206
f 1206 1198 1190
f 1213 1214 1216
f 1213 1216 1215
f 1215 1216 1186
f 1215 1186 1185
f 1215 1185 1187
f 1187 1189 1191
f 1191 1193 1195
f 1195 1197 1199
f 1199 1201 1203
f 1203 1205 1207
f 1207 1209 1211
f 1211 1213 1215
f 1215 1187 1191
f 1191 1195 1199
f 1199 1203 1207
f 1207 1211 1215
f 1215 1191 1199
f 1199 1207 1215
v 0.5300000 -0.5750000 0.4750001
v 0.5300000 0.5750000 0.4749999
v 0.5204329 -0.5750000 0.4730971
v 0.5204329 0.5750000 0.4730969
v 0.5123223 -0.5750000 0.4676777
v 0.5123223 0.5750000 0.4676776
v 0.5069030 -0.5750000 0.4595672
v 0.5069030 0.5750000 0.4595670
v 0.5050000 -0.5750000 0.4500001
v 0.5050000 0.5750000 0.4499999
v 0.5069030 -0.5750000 0.4404330
v 0.5069030 0.5750000 0.4404328
v 0.5123223 -0.5750000 0.4323224
v 0.5123223 0.5750000 0.4323222
v 0.5204329 -0.5750000 0.4269031
v 0.5204329 0.5750000 0.4269029
v 0.5300000 -0.5750000 0.4250001
v 0.5300000 0.5750000 0.4249999
v 0.5395671 -0.5750000 0.4269031
v 0.5395671 0.5750000 0.4269029
v 0.5476776 -0.5750000 0.4323224
v 0.5476776 0.5750000 0.4323222
v 0.5530970 -0.5750000 0.4404330
v 0.5530970 0.5750000 0.4404328
v 0.5549999 -0.5750000 0.4500001
v 0.5549999 0.5750000 0.4499999
v 0.5530970 -0.5750000 0.4595672
v 0.5530970 0.5750000 0.4595670
v 0.5476776 -0.5750000 0.4676777
v 0.5476776 0.5750000 0.4676776
v 0.5395671 -0.5750000 0.4730971
v 0.5395671 0.5750000 0.4730969
f 1217 1218 1220
f 1217 1220 1219
f 1219 1220 1222
f 1219 1222 1221
f 1221 1222 1224
f 1221 1224 1223
f 1223 1224 1226
f 1223 1226 1225
f 1225 1226 1228
f 1225 1228 1227
f 1227 1228 1230
f 1227 1230 1229
f 1229 1230 1232
f 1229 1232 1231
f 1231 1232 1234
f 1231 1234 1233
f 1233 1234 1236
f 1233 1236 1235
f 1235 1236 1238
f 1235 1238 1237
f 1237 1238 1240
f 1237 1240 1239
f 1239 1240 1242
f 1239 1242 1241
f 1241 1242 1244
f 1241 1244 1243
f 1243 1244 1246
f 1243 1246 1245
f 1222 1220 1218
f 1218 1248 1246
f 1246 1244 1242
f 1242 1240 1238
f 1238 1236 1234
f 1234 1232 1230
f 1230 1228 1226
f 1226 1224 1222
f 1222 1218 1246
f 1246 1242 1238
f 1238 1234 1230
f 1230 1226 1222
f 1222 1246 1238
f 1238 1230 1222
f 1245 1246 1248
f 1245 1248 1247
f 1247 1248 1218
f 1247 1218 1217
f 1247 1217 1219
f 1219 1221 1223
f 1223 1225 1227
f 1227 1229 1231
f 1231 1233 1235
f 1235 1237 1239
f 1239 1241 1243
f 1243 1245 1247
f 1247 1219 1223
f 1223 1227 1231
f 1231 1235 1239
f 1239 1243 1247
f 1247 1223 1231
f 1231 1239 1247
v 0.5300000 -0.2820000 0.5700000
v 0.5300000 -0.2820000 0.4500000
v 0.5231116 -0.2833702 0.5700000
v 0.5231116 -0.2833702 0.4500000
v 0.5172721 -0.2872721 0.5700000
v 0.5172721 -0.2872721 0.4500000
v 0.5133702 -0.2931117 0.5700000
v 0.5133702 -0.2931117 0.4500000
v 0.5120000 -0.3000000 0.5700000
v 0.5120000 -0.3000000 0.4500000
v 0.5133702 -0.3068883 0.5700000
v 0.5133702 -0.3068883 0.4500000
v 0.5172721 -0.3127279 0.5700000
v 0.5172721 -0.3127279 0.4500000
v 0.5231116 -0.3166298 0.5700000
v 0.5231116 -0.3166299 0.4500000
v 0.5300000 -0.3180000 0.5700000
v 0.5300000 -0.3180000 0.4500000
v 0.5368883 -0.3166298 0.5700000
v 0.5368883 -0.3166299 0.4500000
v 0.5427279 -0.3127279 0.5700000
v 0.5427279 -0.3127279 0.4500000
v 0.5466298 -0.3068883 0.5700000
v 0.5466298 -0.3068883 0.4500000
v 0.5480000 -0.3000000 0.5700000
v 0.5480000 -0.3000000 0.4500000
v 0.5466298 -0.2931117 0.5700000
v 0.5466298 -0.2931117 0.4500000
v 0.5427279 -0.2872721 0.5700000
v 0.5427279 -0.2872721 0.4500000
v 0.5368883 -0.2833702 0.5700000
v 0.5368883 -0.2833702 0.4500000
f 1249 1250 1252
f 1249 1252 1251
f 1251 1252 1254
f 1251 1254 1253
f 1253 1254 1256
f 1253 1256 1255
f 1255 1256 1258
f 1255 1258 1257
f 1257 1258 1260
f 1257 1260 1259
f 1259 1260 1262
f 1259 1262 1261
f 1261 1262 1264
f 1261 1264 1263
f 1263 1264 1266
f 1263 1266 1265
f 1265 1266 1268
f 1265 1268 1267
f 1267 1268 1270
f 1267 1270 1269
f 1269 1270 1272
f 1269 1272 1271
f 1271 1272 1274
f 1271 1274 1273
f 1273 1274 1276
f 1273 1276 1275
f 1275 1276 1278
f 1275 1278 1277
f 1254 1252 1250
f 1250 1280 1278
f 1278 1276 1274
f 1274 1272 1270
f 1270 1268 1266
f 1266 1264 1262
f 1262 1260 1258
f 1258 1256 1254
f 1254 1250 1278
f 1278 1274 1270
f 1270 1266 1262
f 1262 1258 1254
f 1254 1278 1270
f 1270 1262 1254
f 1277 1278 1280
f 1277 1280 1279
f 1279 1280 1250
f 1279 1250 1249
f 1279 1249 1251
f 1251 1253 1255
f 1255 1257 1259
f 1259 1261 1263
f 1263 1265 1267
f 1267 1269 1271
f 1271 1273 1275
f 1275 1277 1279
f 1279 1251 1255
f 1255 1259 1263
f 1263 1267 1271
f 1271 1275 1279
f 1279 1255 1263
f 1263 1271 1279
v 0.5300000 -0.5510000 0.5000000
v 0.5300000 -0.5390000 0.5000000
v 0.5108658 -0.5510000 0.4961940
v 0.5108658 -0.5390000 0.4961940
v 0.4946446 -0.5510000 0.4853553
v 0.4946446 -0.5390000 0.4853553
v 0.4838060 -0.5510000 0.4691342
v 0.4838060 -0.5390000 0.4691342
v 0.4800000 -0.5510000 0.4500000
v 0.4800000 -0.5389999 0.4500000
v 0.4838060 -0.5509999 0.4308658
v 0.4838060 -0.5389999 0.4308658
v 0.4946446 -0.5509999 0.4146447
v 0.4946446 -0.5389999 0.4146447
v 0.5108658 -0.5509999 0.4038060
v 0.5108658 -0.5389999 0.4038060
v 0.5300000 -0.5509999 0.4000000
v 0.5300000 -0.5389999 0.4000000
v 0.5491341 -0.5509999 0.4038060
v 0.5491341 -0.5389999 0.4038060
v 0.5653553 -0.5509999 0.4146446
v 0.5653553 -0.5389999 0.4146446
v 0.5761939 -0.5509999 0.4308658
v 0.5761939 -0.5389999 0.4308658
v 0.5800000 -0.5510000 0.4500000
v 0.5800000 -0.5389999 0.4500000
v 0.5761940 -0.5510000 0.4691342
v 0.5761940 -0.5390000 0.4691342
v 0.5653553 -0.5510000 0.4853553
v 0.5653553 -0.5390000 0.4853553
v 0.5491341 -0.5510000 0.4961940
v 0.5491341 -0.5390000 0.4961940
f 1281 1282 1284
f 1281 1284 1283
f 1283 1284 1286
f 1283 1286 1285
f 1285 1286 1288
f 1285 1288 1287
f 1287 1288 1290
f 1287 1290 1289
f 1289 1290 1292
f 1289 1292 1291
f 1291 1292 1294
f 1291 1294 1293
f 1293 1294 1296
f 1293 1296 1295
f 1295 1296 1298
f 1295 1298 1297
f 1297 1298 1300
f 1297 1300 1299
f 1299 1300 1302
f 1299 1302 1301
f 1301 1302 1304
f 1301 1304 1303
f 1303 1304 1306
f 1303 1306 1305
f 1305 1306 1308
f 1305 1308 1307
f 1307 1308 1310
f 1307 1310 1309
f 1286 1284 1282
f 1282 1312 1310
f 1310 1308 1306
f 1306 1304 1302
f 1302 1300 1298
f 1298 1296 1294
f 1294 1292 1290
f 1290 1288 1286
f 1286 1282 1310
f 1310 1306 1302
f 1302 1298 1294
f 1294 1290 1286
f 1286 1310 1302
f 1302 1294 1286
f 1309 1310 1312
f 1309 1312 1311
f 1311 1312 1282
f 1311 1282 1281
f 1311 1281 1283
f 1283 1285 1287
f 1287 1289 1291
f 1291 1293 1295
f 1295 1297 1299
f 1299 1301 1303
f 1303 1305 1307
f 1307 1309 1311
f 1311 1283 1287
f 1287 1291 1295
f 1295 1299 1303
f 1303 1307 1311
f 1311 1287 1295
f 1295 1303 1311
v 0.5399911 -0.5401459 0.3984867
v 0.5395761 -0.5431459 0.4006264
v 0.5395761 -0.5468541 0.4006264
v 0.5399911 -0.5498541 0.3984867
v 0.5406626 -0.5510000 0.3950245
v 0.5413342 -0.5498541 0.3915623
v 0.5417492 -0.5468541 0.3894225
v 0.5417492 -0.5431459 0.3894225
v 0.5413342 -0.5401459 0.3915623
v 0.5406626 -0.5390000 0.3950245
v 0.5397587 -0.5401459 0.3984334
v 0.5392000 -0.5431459 0.4005402
v 0.5392000 -0.5468541 0.4005402
v 0.5397587 -0.5498541 0.3984334
v 0.5406626 -0.5510000 0.3950245
v 0.5415666 -0.5498541 0.3916156
v 0.5421253 -0.5468541 0.3895088
v 0.5421253 -0.5431459 0.3895088
v 0.5415666 -0.5401459 0.3916156
v 0.5406626 -0.5390000 0.3950245
v 0.5397587 -0.5401459 0.3984334
v 0.5392000 -0.5431459 0.4005402
v 0.5392000 -0.5468541 0.4005402
v 0.5397587 -0.5498541 0.3984334
v 0.5406626 -0.5510000 0.3950245
v 0.5415666 -0.5498541 0.3916156
v 0.5421253 -0.5468541 0.3895088
v 0.5421253 -0.5431459 0.3895088
v 0.5415666 -0.5401459 0.3916156
v 0.5406626 -0.5390000 0.3950245
v 0.5468473 -0.5401459 0.4003048
v 0.5461475 -0.5431459 0.4023690
v 0.5461475 -0.5468541 0.4023690
v 0.5468473 -0.5498541 0.4003048
v 0.5479797 -0.5510000 0.3969648
v 0.5491120 -0.5498541 0.3936248
v 0.5498118 -0.5468541 0.3915606
v 0.5498118 -0.5431459 0.3915606
v 0.5491120 -0.5401459 0.3936248
v 0.5479797 -0.5390000 0.3969648
v 0.5533957 -0.5401459 0.4030310
v 0.5524239 -0.5431459 0.4049820
v 0.5524239 -0.5468541 0.4049820
v 0.5533957 -0.5498541 0.4030310
v 0.5549681 -0.5510000 0.3998742
v 0.5565405 -0.5498541 0.3967175
v 0.5575123 -0.5468541 0.3947665
v 0.5575123 -0.5431459 0.3947665
v 0.5565405 -0.5401459 0.3967175
v 0.5549681 -0.5390000 0.3998742
v 0.5595165 -0.5401459 0.4066155
v 0.5582905 -0.5431459 0.4084176
v 0.5582905 -0.5468541 0.4084176
v 0.5595165 -0.5498541 0.4066155
v 0.5615004 -0.5510000 0.4036996
v 0.5634842 -0.5498541 0.4007837
v 0.5647102 -0.5468541 0.3989816
v 0.5647102 -0.5431459 0.3989816
v 0.5634842 -0.5401459 0.4007837
v 0.5615004 -0.5390000 0.4036996
v 0.5650981 -0.5401459 0.4109927
v 0.5636402 -0.5431459 0.4126129
v 0.5636402 -0.5468541 0.4126129
v 0.5650981 -0.5498541 0.4109927
v 0.5674570 -0.5510000 0.4083710
v 0.5698159 -0.5498541 0.4057493
v 0.5712739 -0.5468541 0.4041291
v 0.5712739 -0.5431459 0.4041291
v 0.5698159 -0.5401459 0.4057494
v 0.5674570 -0.5390000 0.4083710
v 0.5700382 -0.5401459 0.4160827
v 0.5683751 -0.5431459 0.4174915
v 0.5683751 -0.5468541 0.4174915
v 0.5700382 -0.5498541 0.4160827
v 0.5727292 -0.5510000 0.4138031
v 0.5754201 -0.5498541 0.4115235
v 0.5770832 -0.5468541 0.4101147
v 0.5770832 -0.5431459 0.4101147
v 0.5754201 -0.5401459 0.4115236
v 0.5727292 -0.5390000 0.4138031
v 0.5742468 -0.5401459 0.4217924
v 0.5724089 -0.5431459 0.4229641
v 0.5724089 -0.5468541 0.4229641
v 0.5742468 -0.5498541 0.4217924
v 0.5772206 -0.5510000 0.4198966
v 0.5801944 -0.5498541 0.4180008
v 0.5820323 -0.5468541 0.4168291
v 0.5820323 -0.5431459 0.4168291
v 0.5801944 -0.5401459 0.4180008
v 0.5772206 -0.5390000 0.4198966
v 0.5776468 -0.5401459 0.4280176
v 0.5756676 -0.5431459 0.4289307
v 0.5756676 -0.5468541 0.4289307
v 0.5776468 -0.5498541 0.4280176
v 0.5808491 -0.5510000 0.4265402
v 0.5840514 -0.5498541 0.4250627
v 0.5860306 -0.5468541 0.4241496
v 0.5860306 -0.5431459 0.4241496
v 0.5840514 -0.5401459 0.4250627
v 0.5808491 -0.5390000 0.4265402
v 0.5801762 -0.5401459 0.4346445
v 0.5780920 -0.5431459 0.4352823
v 0.5780920 -0.5468541 0.4352823
v 0.5801762 -0.5498541 0.4346445
v 0.5835485 -0.5510000 0.4336124
v 0.5869209 -0.5498541 0.4325804
v 0.5890051 -0.5468541 0.4319426
v 0.5890051 -0.5431459 0.4319426
v 0.5869209 -0.5401459 0.4325804
v 0.5835485 -0.5390000 0.4336124
v 0.5817887 -0.5401459 0.4415519
v 0.5796375 -0.5431459 0.4419028
v 0.5796375 -0.5468541 0.4419028
v 0.5817887 -0.5498541 0.4415519
v 0.5852695 -0.5510000 0.4409841
v 0.5887502 -0.5498541 0.4404163
v 0.5909014 -0.5468541 0.4400654
v 0.5909014 -0.5431459 0.4400654
v 0.5887502 -0.5401459 0.4404163
v 0.5852695 -0.5390000 0.4409841
v 0.5824549 -0.5401459 0.4486137
v 0.5802761 -0.5431459 0.4486713
v 0.5802761 -0.5468541 0.4486713
v 0.5824549 -0.5498541 0.4486137
v 0.5859804 -0.5510000 0.4485206
v 0.5895059 -0.5498541 0.4484274
v 0.5916848 -0.5468541 0.4483698
v 0.5916848 -0.5431459 0.4483698
v 0.5895059 -0.5401459 0.4484274
v 0.5859804 -0.5390000 0.4485206
v 0.5821627 -0.5401459 0.4557009
v 0.5799959 -0.5431459 0.4554641
v 0.5799959 -0.5468541 0.4554641
v 0.5821627 -0.5498541 0.4557009
v 0.5856685 -0.5510000 0.4560840
v 0.5891743 -0.5498541 0.4564672
v 0.5913411 -0.5468541 0.4567040
v 0.5913411 -0.5431459 0.4567040
v 0.5891743 -0.5401459 0.4564672
v 0.5856685 -0.5390000 0.4560840
v 0.5809172 -0.5401459 0.4626839
v 0.5788022 -0.5431459 0.4621570
v 0.5788022 -0.5468541 0.4621570
v 0.5809172 -0.5498541 0.4626839
v 0.5843393 -0.5510000 0.4635364
v 0.5877615 -0.5498541 0.4643888
v 0.5898764 -0.5468541 0.4649157
v 0.5898764 -0.5431459 0.4649157
v 0.5877615 -0.5401459 0.4643888
v 0.5843393 -0.5390000 0.4635364
v 0.5787414 -0.5401459 0.4694351
v 0.5767167 -0.5431459 0.4686278
v 0.5767167 -0.5468541 0.4686278
v 0.5787414 -0.5498541 0.4694351
v 0.5820172 -0.5510000 0.4707413
v 0.5852931 -0.5498541 0.4720475
v 0.5873178 -0.5468541 0.4728548
v 0.5873178 -0.5431459 0.4728548
v 0.5852931 -0.5401459 0.4720475
v 0.5820172 -0.5390000 0.4707413
v 0.5756748 -0.5401459 0.4758312
v 0.5737776 -0.5431459 0.4747582
v 0.5737776 -0.5468541 0.4747582
v 0.5756748 -0.5498541 0.4758312
v 0.5787446 -0.5510000 0.4775673
v 0.5818145 -0.5498541 0.4793034
v 0.5837117 -0.5468541 0.4803763
v 0.5837117 -0.5431459 0.4803763
v 0.5818145 -0.5401459 0.4793034
v 0.5787446 -0.5390000 0.4775673
v 0.5717738 -0.5401459 0.4817552
v 0.5700386 -0.5431459 0.4804362
v 0.5700386 -0.5468541 0.4804362
v 0.5717738 -0.5498541 0.4817552
v 0.5745814 -0.5510000 0.4838895
v 0.5773890 -0.5498541 0.4860238
v 0.5791242 -0.5468541 0.4873428
v 0.5791242 -0.5431459 0.4873428
v 0.5773890 -0.5401459 0.4860238
v 0.5745814 -0.5390000 0.4838895
v 0.5671093 -0.5401459 0.4870991
v 0.5655679 -0.5431459 0.4855580
v 0.5655679 -0.5468541 0.4855580
v 0.5671093 -0.5498541 0.4870991
v 0.5696034 -0.5510000 0.4895925
v 0.5720975 -0.5498541 0.4920859
v 0.5736390 -0.5468541 0.4936269
v 0.5736390 -0.5431459 0.4936269
v 0.5720975 -0.5401459 0.4920859
v 0.5696034 -0.5390000 0.4895925
v 0.5617669 -0.5401459 0.4917650
v 0.5604473 -0.5431459 0.4900301
v 0.5604473 -0.5468541 0.4900301
v 0.5617669 -0.5498541 0.4917650
v 0.5639019 -0.5510000 0.4945720
v 0.5660369 -0.5498541 0.4973790
v 0.5673565 -0.5468541 0.4991138
v 0.5673565 -0.5431459 0.4991138
v 0.5660369 -0.5401459 0.4973789
v 0.5639019 -0.5390000 0.4945720
v 0.5558439 -0.5401459 0.4956677
v 0.5547704 -0.5431459 0.4937707
v 0.5547704 -0.5468541 0.4937707
v 0.5558439 -0.5498541 0.4956677
v 0.5575808 -0.5510000 0.4987370
v 0.5593178 -0.5498541 0.5018063
v 0.5603913 -0.5468541 0.5037032
v 0.5603913 -0.5431459 0.5037032
v 0.5593178 -0.5401459 0.5018063
v 0.5575808 -0.5390000 0.4987370
v 0.5493386 -0.5401459 0.4987820
v 0.5484628 -0.5431459 0.4967861
v 0.5484628 -0.5468541 0.4967861
v 0.5493386 -0.5498541 0.4987820
v 0.5507558 -0.5510000 0.5020115
v 0.5521730 -0.5498541 0.5052409
v 0.5530488 -0.5468541 0.5072368
v 0.5530488 -0.5431459 0.5072368
v 0.5521730 -0.5401459 0.5052409
v 0.5507558 -0.5390000 0.5020115
v 0.0751579 -0.5401459 0.6880095
v 0.0744201 -0.5431459 0.6859586
v 0.0744201 -0.5468541 0.6859586
v 0.0751579 -0.5498541 0.6880095
v 0.0763517 -0.5510000 0.6913280
v 0.0775455 -0.5498541 0.6946466
v 0.0782833 -0.5468541 0.6966975
v 0.0782833 -0.5431459 0.6966975
v 0.0775455 -0.5401459 0.6946465
v 0.0763517 -0.5390000 0.6913280
v 0.0485578 -0.5401459 0.6965644
v 0.0480351 -0.5431459 0.6944484
v 0.0480351 -0.5468541 0.6944484
v 0.0485578 -0.5498541 0.6965644
v 0.0494036 -0.5510000 0.6999882
v 0.0502494 -0.5498541 0.7034121
v 0.0507721 -0.5468541 0.7055281
v 0.0507721 -0.5431459 0.7055281
v 0.0502494 -0.5401459 0.7034121
v 0.0494036 -0.5390000 0.6999882
v 0.0211543 -0.5401459 0.7013651
v 0.0209265 -0.5431459 0.6991974
v 0.0209265 -0.5468541 0.6991974
v 0.0211543 -0.5498541 0.7013651
v 0.0215227 -0.5510000 0.7048725
v 0.0218912 -0.5498541 0.7083800
v 0.0221189 -0.5468541 0.7105477
v 0.0221189 -0.5431459 0.7105477
v 0.0218912 -0.5401459 0.7083800
v 0.0215227 -0.5390000 0.7048725
v -0.0066487 -0.5401459 0.7023641
v -0.0065771 -0.5431459 0.7001856
v -0.0065771 -0.5468541 0.7001856
v -0.0066487 -0.5498541 0.7023641
v -0.0067645 -0.5510000 0.7058889
v -0.0068803 -0.5498541 0.7094137
v -0.0069519 -0.5468541 0.7115921
v -0.0069519 -0.5431459 0.7115921
v -0.0068803 -0.5401459 0.7094136
v -0.0067645 -0.5390000 0.7058889
v -0.0343261 -0.5401459 0.6995423
v -0.0339566 -0.5431459 0.6973943
v -0.0339566 -0.5468541 0.6973943
v -0.0343261 -0.5498541 0.6995423
v -0.0349240 -0.5510000 0.7030180
v -0.0355219 -0.5498541 0.7064937
v -0.0358914 -0.5468541 0.7086418
v -0.0358914 -0.5431459 0.7086418
v -0.0355219 -0.5401459 0.7064937
v -0.0349240 -0.5390000 0.7030180
v -0.0613554 -0.5401459 0.6929532
v -0.0606949 -0.5431459 0.6908761
v -0.0606949 -0.5468541 0.6908761
v -0.0613554 -0.5498541 0.6929532
v -0.0624241 -0.5510000 0.6963141
v -0.0634928 -0.5498541 0.6996750
v -0.0641533 -0.5468541 0.7017521
v -0.0641533 -0.5431459 0.7017521
v -0.0634928 -0.5401459 0.6996750
v -0.0624241 -0.5390000 0.6963141
v -0.0872263 -0.5401459 0.6827211
v -0.0862874 -0.5431459 0.6807541
v -0.0862874 -0.5468541 0.6807541
v -0.0872263 -0.5498541 0.6827211
v -0.0887457 -0.5510000 0.6859038
v -0.0902650 -0.5498541 0.6890864
v -0.0912040 -0.5468541 0.6910535
v -0.0912040 -0.5431459 0.6910535
v -0.0902650 -0.5401459 0.6890864
v -0.0887457 -0.5390000 0.6859038
v -0.1114504 -0.5401459 0.6690391
v -0.1102507 -0.5431459 0.6672194
v -0.1102507 -0.5468541 0.6672194
v -0.1114504 -0.5498541 0.6690391
v -0.1133917 -0.5510000 0.6719835
v -0.1153330 -0.5498541 0.6749278
v -0.1165327 -0.5468541 0.6767476
v -0.1165327 -0.5431459 0.6767476
v -0.1153330 -0.5401459 0.6749278
v -0.1133917 -0.5390000 0.6719835
v -0.1335703 -0.5401459 0.6521657
v -0.1321324 -0.5431459 0.6505277
v -0.1321324 -0.5468541 0.6505277
v -0.1335703 -0.5498541 0.6521657
v -0.1358968 -0.5510000 0.6548162
v -0.1382234 -0.5498541 0.6574666
v -0.1396613 -0.5468541 0.6591046
v -0.1396613 -0.5431459 0.6591046
v -0.1382234 -0.5401459 0.6574666
v -0.1358968 -0.5390000 0.6548162
v -0.1531684 -0.5401459 0.6324193
v -0.1515195 -0.5431459 0.6309938
v -0.1515195 -0.5468541 0.6309938
v -0.1531684 -0.5498541 0.6324193
v -0.1558363 -0.5510000 0.6347259
v -0.1585042 -0.5498541 0.6370324
v -0.1601530 -0.5468541 0.6384579
v -0.1601530 -0.5431459 0.6384579
v -0.1585042 -0.5401459 0.6370324
v -0.1558363 -0.5390000 0.6347259
v -0.1698745 -0.5401459 0.6101729
v -0.1680458 -0.5431459 0.6089869
v -0.1680458 -0.5468541 0.6089869
v -0.1698745 -0.5498541 0.6101729
v -0.1728334 -0.5510000 0.6120920
v -0.1757923 -0.5498541 0.6140110
v -0.1776210 -0.5468541 0.6151970
v -0.1776210 -0.5431459 0.6151970
v -0.1757923 -0.5401459 0.6140110
v -0.1728334 -0.5390000 0.6120920
v -0.1833735 -0.5401459 0.5858464
v -0.1813994 -0.5431459 0.5849223
v -0.1813994 -0.5468541 0.5849223
v -0.1833735 -0.5498541 0.5858464
v -0.1865675 -0.5510000 0.5873417
v -0.1897615 -0.5498541 0.5888370
v -0.1917355 -0.5468541 0.5897611
v -0.1917355 -0.5431459 0.5897611
v -0.1897615 -0.5401459 0.5888370
v -0.1865675 -0.5390000 0.5873417
v -0.1934103 -0.5401459 0.5598991
v -0.1913282 -0.5431459 0.5592543
v -0.1913282 -0.5468541 0.5592543
v -0.1934103 -0.5498541 0.5598991
v -0.1967791 -0.5510000 0.5609424
v -0.2001480 -0.5498541 0.5619857
v -0.2022300 -0.5468541 0.5626305
v -0.2022300 -0.5431459 0.5626305
v -0.2001480 -0.5401459 0.5619857
v -0.1967791 -0.5390000 0.5609424
v -0.1997955 -0.5401459 0.5328208
v -0.1976447 -0.5431459 0.5324675
v -0.1976447 -0.5468541 0.5324675
v -0.1997955 -0.5498541 0.5328208
v -0.2032755 -0.5510000 0.5333925
v -0.2067556 -0.5498541 0.5339642
v -0.2089064 -0.5468541 0.5343175
v -0.2089064 -0.5431459 0.5343175
v -0.2067556 -0.5401459 0.5339642
v -0.2032755 -0.5390000 0.5333925
v -0.2024085 -0.5401459 0.5051230
v -0.2002295 -0.5431459 0.5050678
v -0.2002295 -0.5468541 0.5050678
v -0.2024085 -0.5498541 0.5051230
v -0.2059340 -0.5510000 0.5052122
v -0.2094596 -0.5498541 0.5053014
v -0.2116386 -0.5468541 0.5053566
v -0.2116386 -0.5431459 0.5053566
v -0.2094596 -0.5401459 0.5053014
v -0.2059340 -0.5390000 0.5052122
v -0.2012000 -0.5401459 0.4773283
v -0.1990341 -0.5431459 0.4775724
v -0.1990341 -0.5468541 0.4775724
v -0.2012000 -0.5498541 0.4773283
v -0.2047045 -0.5510000 0.4769334
v -0.2082090 -0.5498541 0.4765385
v -0.2103750 -0.5468541 0.4762945
v -0.2103750 -0.5431459 0.4762945
v -0.2082090 -0.5401459 0.4765385
v -0.2047045 -0.5390000 0.4769334
v -0.1961928 -0.5401459 0.4499618
v -0.1940808 -0.5431459 0.4505004
v -0.1940808 -0.5468541 0.4505004
v -0.1961928 -0.5498541 0.4499618
v -0.1996101 -0.5510000 0.4490902
v -0.2030274 -0.5498541 0.4482186
v -0.2051394 -0.5468541 0.4476799
v -0.2051394 -0.5431459 0.4476799
v -0.2030274 -0.5401459 0.4482186
v -0.1996101 -0.5390000 0.4490902
v -0.1874814 -0.5401459 0.4235399
v -0.1854632 -0.5431459 0.4243630
v -0.1854632 -0.5468541 0.4243630
v -0.1874814 -0.5498541 0.4235399
v -0.1907470 -0.5510000 0.4222081
v -0.1940126 -0.5498541 0.4208763
v -0.1960308 -0.5468541 0.4200532
v -0.1960308 -0.5431459 0.4200532
v -0.1940126 -0.5401459 0.4208763
v -0.1907470 -0.5390000 0.4222081
v -0.1752304 -0.5401459 0.3985616
v -0.1733440 -0.5431459 0.3996536
v -0.1733440 -0.5468541 0.3996536
v -0.1752304 -0.5498541 0.3985616
v -0.1782826 -0.5510000 0.3967948
v -0.1813348 -0.5498541 0.3950279
v -0.1832211 -0.5468541 0.3939359
v -0.1832211 -0.5431459 0.3939359
v -0.1813348 -0.5401459 0.3950279
v -0.1782826 -0.5390000 0.3967948
v -0.1596710 -0.5401459 0.3754986
v -0.1579521 -0.5431459 0.3768388
v -0.1579521 -0.5468541 0.3768388
v -0.1596710 -0.5498541 0.3754986
v -0.1624522 -0.5510000 0.3733300
v -0.1652333 -0.5498541 0.3711614
v -0.1669522 -0.5468541 0.3698211
v -0.1669522 -0.5431459 0.3698211
v -0.1652333 -0.5401459 0.3711614
v -0.1624522 -0.5390000 0.3733300
v -0.1410969 -0.5401459 0.3547861
v -0.1395780 -0.5431459 0.3563493
v -0.1395780 -0.5468541 0.3563493
v -0.1410969 -0.5498541 0.3547861
v -0.1435546 -0.5510000 0.3522567
v -0.1460122 -0.5498541 0.3497274
v -0.1475312 -0.5468541 0.3481641
v -0.1475312 -0.5431459 0.3481641
v -0.1460122 -0.5401459 0.3497274
v -0.1435546 -0.5390000 0.3522567
v -0.1198590 -0.5401459 0.3368152
v -0.1185687 -0.5431459 0.3385719
v -0.1185687 -0.5468541 0.3385719
v -0.1198590 -0.5498541 0.3368152
v -0.1219467 -0.5510000 0.3339729
v -0.1240344 -0.5498541 0.3311305
v -0.1253247 -0.5468541 0.3293738
v -0.1253247 -0.5431459 0.3293738
v -0.1240344 -0.5401459 0.3311305
v -0.1219467 -0.5390000 0.3339729
v -0.0963581 -0.5401459 0.3219254
v -0.0953208 -0.5431459 0.3238424
v -0.0953208 -0.5468541 0.3238424
v -0.0963581 -0.5498541 0.3219254
v -0.0980364 -0.5510000 0.3188237
v -0.0997148 -0.5498541 0.3157220
v -0.1007521 -0.5468541 0.3138050
v -0.1007521 -0.5431459 0.3138050
v -0.0997148 -0.5401459 0.3157220
v -0.0980364 -0.5390000 0.3188237
v -0.0710379 -0.5401459 0.3103976
v -0.0702731 -0.5431459 0.3124387
v -0.0702731 -0.5468541 0.3124387
v -0.0710379 -0.5498541 0.3103976
v -0.0722752 -0.5510000 0.3070951
v -0.0735126 -0.5498541 0.3037926
v -0.0742773 -0.5468541 0.3017515
v -0.0742773 -0.5431459 0.3017515
v -0.0735126 -0.5401459 0.3037926
v -0.0722752 -0.5390000 0.3070951
v -0.0443765 -0.5401459 0.3024496
v -0.0438988 -0.5431459 0.3045762
v -0.0438988 -0.5468541 0.3045762
v -0.0443765 -0.5498541 0.3024496
v -0.0451494 -0.5510000 0.2990086
v -0.0459224 -0.5498541 0.2955677
v -0.0464001 -0.5468541 0.2934410
v -0.0464001 -0.5431459 0.2934410
v -0.0459224 -0.5401459 0.2955677
v -0.0451494 -0.5390000 0.2990086
v -0.0168772 -0.5401459 0.2982313
v -0.0166956 -0.5431459 0.3004034
v -0.0166956 -0.5468541 0.3004034
v -0.0168772 -0.5498541 0.2982313
v -0.0171712 -0.5510000 0.2947169
v -0.0174652 -0.5498541 0.2912025
v -0.0176469 -0.5468541 0.2890304
v -0.0176469 -0.5431459 0.2890304
v -0.0174652 -0.5401459 0.2912025
v -0.0171712 -0.5390000 0.2947169
v 0.0109406 -0.5401459 0.2978225
v 0.0108229 -0.5431459 0.2999990
v 0.0108229 -0.5468541 0.2999990
v 0.0109406 -0.5498541 0.2978225
v 0.0111312 -0.5510000 0.2943010
v 0.0113218 -0.5498541 0.2907794
v 0.0114395 -0.5468541 0.2886030
v 0.0114395 -0.5431459 0.2886030
v 0.0113218 -0.5401459 0.2907794
v 0.0111312 -0.5390000 0.2943010
v 0.0386714 -0.5401459 0.3012519
v 0.0383301 -0.5431459 0.3034046
v 0.0383301 -0.5468541 0.3034046
v 0.0386714 -0.5498541 0.3012519
v 0.0392235 -0.5510000 0.2977687
v 0.0397756 -0.5498541 0.2942854
v 0.0401168 -0.5468541 0.2921327
v 0.0401168 -0.5431459 0.2921327
v 0.0397756 -0.5401459 0.2942854
v 0.0392235 -0.5390000 0.2977687
v 0.5399911 -0.5401459 0.3984867
v 0.5395761 -0.5431459 0.4006264
v 0.5395761 -0.5468541 0.4006264
v 0.5399911 -0.5498541 0.3984867
v 0.5406626 -0.5510000 0.3950245
v 0.5413342 -0.5498541 0.3915623
v 0.5417492 -0.5468541 0.3894225
v 0.5417492 -0.5431459 0.3894225
v 0.5413342 -0.5401459 0.3915623
v 0.5406626 -0.5390000 0.3950245
f 1321 1319 1320
f 1321 1318 1319
f 1322 1318 1321
f 1322 1317 1318
f 1313 1317 1322
f 1313 1316 1317
f 1314 1316 1313
f 1314 1315 1316
f 1328 1330 1329
f 1328 1331 1330
f 1327 1331 1328
f 1327 1332 1331
f 1326 1332 1327
f 1326 1323 1332
f 1325 1323 1326
f 1325 1324 1323
f 1333 1343 1352
f 1333 1352 1342
f 1334 1344 1343
f 1334 1343 1333
f 1335 1345 1344
f 1335 1344 1334
f 1336 1346 1345
f 1336 1345 1335
f 1337 1347 1346
f 1337 1346 1336
f 1338 1348 1347
f 1338 1347 1337
f 1339 1349 1348
f 1339 1348 1338
f 1340 1350 1349
f 1340 1349 1339
f 1341 1351 1350
f 1341 1350 1340
f 1342 1352 1351
f 1342 1351 1341
f 1343 1353 1362
f 1343 1362 1352
f 1344 1354 1353
f 1344 1353 1343
f 1345 1355 1354
f 1345 1354 1344
f 1346 1356 1355
f 1346 1355 1345
f 1347 1357 1356
f 1347 1356 1346
f 1348 1358 1357
f 1348 1357 1347
f 1349 1359 1358
f 1349 1358 1348
f 1350 1360 1359
f 1350 1359 1349
f 1351 1361 1360
f 1351 1360 1350
f 1352 1362 1361
f 1352 1361 1351
f 1353 1363 1372
f 1353 1372 1362
f 1354 1364 1363
f 1354 1363 1353
f 1355 1365 1364
f 1355 1364 1354
f 1356 1366 1365
f 1356 1365 1355
f 1357 1367 1366
f 1357 1366 1356
f 1358 1368 1367
f 1358 1367 1357
f 1359 1369 1368
f 1359 1368 1358
f 1360 1370 1369
f 1360 1369 1359
f 1361 1371 1370
f 1361 1370 1360
f 1362 1372 1371
f 1362 1371 1361
f 1363 1373 1382
f 1363 1382 1372
f 1364 1374 1373
f 1364 1373 1363
f 1365 1375 1374
f 1365 1374 1364
f 1366 1376 1375
f 1366 1375 1365
f 1367 1377 1376
f 1367 1376 1366
f 1368 1378 1377
f 1368 1377 1367
f 1369 1379 1378
f 1369 1378 1368
f 1370 1380 1379
f 1370 1379 1369
f 1371 1381 1380
f 1371 1380 1370
f 1372 1382 1381
f 1372 1381 1371
f 1373 1383 1392
f 1373 1392 1382
f 1374 1384 1383
f 1374 1383 1373
f 1375 1385 1384
f 1375 1384 1374
f 1376 1386 1385
f 1376 1385 1375
f 1377 1387 1386
f 1377 1386 1376
f 1378 1388 1387
f 1378 1387 1377
f 1379 1389 1388
f 1379 1388 1378
f 1380 1390 1389
f 1380 1389 1379
f 1381 1391 1390
f 1381 1390 1380
f 1382 1392 1391
f 1382 1391 1381
f 1383 1393 1402
f 1383 1402 1392
f 1384 1394 1393
f 1384 1393 1383
f 1385 1395 1394
f 1385 1394 1384
f 1386 1396 1395
f 1386 1395 1385
f 1387 1397 1396
f 1387 1396 1386
f 1388 1398 1397
f 1388 1397 1387
f 1389 1399 1398
f 1389 1398 1388
f 1390 1400 1399
f 1390 1399 1389
f 1391 1401 1400
f 1391 1400 1390
f 1392 1402 1401
f 1392 1401 1391
f 1393 1403 1412
f 1393 1412 1402
f 1394 1404 1403
f 1394 1403 1393
f 1395 1405 1404
f 1395 1404 1394
f 1396 1406 1405
f 1396 1405 1395
f 1397 1407 1406
f 1397 1406 1396
f 1398 1408 1407
f 1398 1407 1397
f 1399 1409 1408
f 1399 1408 1398
f 1400 1410 1409
f 1400 1409 1399
f 1401 1411 1410
f 1401 1410 1400
f 1402 1412 1411
f 1402 1411 1401
f 1403 1413 1422
f 1403 1422 1412
f 1404 1414 1413
f 1404 1413 1403
f 1405 1415 1414
f 1405 1414 1404
f 1406 1416 1415
f 1406 1415 1405
f 1407 1417 1416
f 1407 1416 1406
f 1408 1418 1417
f 1408 1417 1407
f 1409 1419 1418
f 1409 1418 1408
f 1410 1420 1419
f 1410 1419 1409
f 1411 1421 1420
f 1411 1420 1410
f 1412 1422 1421
f 1412 1421 1411
f 1413 1423 1432
f 1413 1432 1422
f 1414 1424 1423
f 1414 1423 1413
f 1415 1425 1424
f 1415 1424 1414
f 1416 1426 1425
f 1416 1425 1415
f 1417 1427 1426
f 1417 1426 1416
f 1418 1428 1427
f 1418 1427 1417
f 1419 1429 1428
f 1419 1428 1418
f 1420 1430 1429
f 1420 1429 1419
f 1421 1431 1430
f 1421 1430 1420
f 1422 1432 1431
f 1422 1431 1421
f 1423 1433 1442
f 1423 1442 1432
f 1424 1434 1433
f 1424 1433 1423
f 1425 1435 1434
f 1425 1434 1424
f 1426 1436 1435
f 1426 1435 1425
f 1427 1437 1436
f 1427 1436 1426
f 1428 1438 1437
f 1428 1437 1427
f 1429 1439 1438
f 1429 1438 1428
f 1430 1440 1439
f 1430 1439 1429
f 1431 1441 1440
f 1431 1440 1430
f 1432 1442 1441
f 1432 1441 1431
f 1433 1443 1452
f 1433 1452 1442
f 1434 1444 1443
f 1434 1443 1433
f 1435 1445 1444
f 1435 1444 1434
f 1436 1446 1445
f 1436 1445 1435
f 1437 1447 1446
f 1437 1446 1436
f 1438 1448 1447
f 1438 1447 1437
f 1439 1449 1448
f 1439 1448 1438
f 1440 1450 1449
f 1440 1449 1439
f 1441 1451 1450
f 1441 1450 1440
f 1442 1452 1451
f 1442 1451 1441
f 1443 1453 1462
f 1443 1462 1452
f 1444 1454 1453
f 1444 1453 1443
f 1445 1455 1454
f 1445 1454 1444
f 1446 1456 1455
f 1446 1455 1445
f 1447 1457 1456
f 1447 1456 1446
f 1448 1458 1457
f 1448 1457 1447
f 1449 1459 1458
f 1449 1458 1448
f 1450 1460 1459
f 1450 1459 1449
f 1451 1461 1460
f 1451 1460 1450
f 1452 1462 1461
f 1452 1461 1451
f 1453 1463 1472
f 1453 1472 1462
f 1454 1464 1463
f 1454 1463 1453
f 1455 1465 1464
f 1455 1464 1454
f 1456 1466 1465
f 1456 1465 1455
f 1457 1467 1466
f 1457 1466 1456
f 1458 1468 1467
f 1458 1467 1457
f 1459 1469 1468
f 1459 1468 1458
f 1460 1470 1469
f 1460 1469 1459
f 1461 1471 1470
f 1461 1470 1460
f 1462 1472 1471
f 1462 1471 1461
f 1463 1473 1482
f 1463 1482 1472
f 1464 1474 1473
f 1464 1473 1463
f 1465 1475 1474
f 1465 1474 1464
f 1466 1476 1475
f 1466 1475 1465
f 1467 1477 1476
f 1467 1476 1466
f 1468 1478 1477
f 1468 1477 1467
f 1469 1479 1478
f 1469 1478 1468
f 1470 1480 1479
f 1470 1479 1469
f 1471 1481 1480
f 1471 1480 1470
f 1472 1482 1481
f 1472 1481 1471
f 1473 1483 1492
f 1473 1492 1482
f 1474 1484 1483
f 1474 1483 1473
f 1475 1485 1484
f 1475 1484 1474
f 1476 1486 1485
f 1476 1485 1475
f 1477 1487 1486
f 1477 1486 1476
f 1478 1488 1487
f 1478 1487 1477
f 1479 1489 1488
f 1479 1488 1478
f 1480 1490 1489
f 1480 1489 1479
f 1481 1491 1490
f 1481 1490 1480
f 1482 1492 1491
f 1482 1491 1481
f 1483 1493 1502
f 1483 1502 1492
f 1484 1494 1493
f 1484 1493 1483
f 1485 1495 1494
f 1485 1494 1484
f 1486 1496 1495
f 1486 1495 1485
f 1487 1497 1496
f 1487 1496 1486
f 1488 1498 1497
f 1488 1497 1487
f 1489 1499 1498
f 1489 1498 1488
f 1490 1500 1499
f 1490 1499 1489
f 1491 1501 1500
f 1491 1500 1490
f 1492 1502 1501
f 1492 1501 1491
f 1493 1503 1512
f 1493 1512 1502
f 1494 1504 1503
f 1494 1503 1493
f 1495 1505 1504
f 1495 1504 1494
f 1496 1506 1505
f 1496 1505 1495
f 1497 1507 1506
f 1497 1506 1496
f 1498 1508 1507
f 1498 1507 1497
f 1499 1509 1508
f 1499 1508 1498
f 1500 1510 1509
f 1500 1509 1499
f 1501 1511 1510
f 1501 1510 1500
f 1502 1512 1511
f 1502 1511 1501
f 1503 1513 1522
f 1503 1522 1512
f 1504 1514 1513
f 1504 1513 1503
f 1505 1515 1514
f 1505 1514 1504
f 1506 1516 1515
f 1506 1515 1505
f 1507 1517 1516
f 1507 1516 1506
f 1508 1518 1517
f 1508 1517 1507
f 1509 1519 1518
f 1509 1518 1508
f 1510 1520 1519
f 1510 1519 1509
f 1511 1521 1520
f 1511 1520 1510
f 1512 1522 1521
f 1512 1521 1511
f 1513 1523 1532
f 1513 1532 1522
f 1514 1524 1523
f 1514 1523 1513
f 1515 1525 1524
f 1515 1524 1514
f 1516 1526 1525
f 1516 1525 1515
f 1517 1527 1526
f 1517 1526 1516
f 1518 1528 1527
f 1518 1527 1517
f 1519 1529 1528
f 1519 1528 1518
f 1520 1530 1529
f 1520 1529 1519
f 1521 1531 1530
f 1521 1530 1520
f 1522 1532 1531
f 1522 1531 1521
f 1523 1533 1542
f 1523 1542 1532
f 1524 1534 1533
f 1524 1533 1523
f 1525 1535 1534
f 1525 1534 1524
f 1526 1536 1535
f 1526 1535 1525
f 1527 1537 1536
f 1527 1536 1526
f 1528 1538 1537
f 1528 1537 1527
f 1529 1539 1538
f 1529 1538 1528
f 1530 1540 1539
f 1530 1539 1529
f 1531 1541 1540
f 1531 1540 1530
f 1532 1542 1541
f 1532 1541 1531
f 1533 1543 1552
f 1533 1552 1542
f 1534 1544 1543
f 1534 1543 1533
f 1535 1545 1544
f 1535 1544 1534
f 1536 1546 1545
f 1536 1545 1535
f 1537 1547 1546
f 1537 1546 1536
f 1538 1548 1547
f 1538 1547 1537
f 1539 1549 1548
f 1539 1548 1538
f 1540 1550 1549
f 1540 1549 1539
f 1541 1551 1550
f 1541 1550 1540
f 1542 1552 1551
f 1542 1551 1541
f 1543 1553 1562
f 1543 1562 1552
f 1544 1554 1553
f 1544 1553 1543
f 1545 1555 1554
f 1545 1554 1544
f 1546 1556 1555
f 1546 1555 1545
f 1547 1557 1556
f 1547 1556 1546
f 1548 1558 1557
f 1548 1557 1547
f 1549 1559 1558
f 1549 1558 1548
f 1550 1560 1559
f 1550 1559 1549
f 1551 1561 1560
f 1551 1560 1550
f 1552 1562 1561
f 1552 1561 1551
f 1553 1563 1572
f 1553 1572 1562
f 1554 1564 1563
f 1554 1563 1553
f 1555 1565 1564
f 1555 1564 1554
f 1556 1566 1565
f 1556 1565 1555
f 1557 1567 1566
f 1557 1566 1556
f 1558 1568 1567
f 1558 1567 1557
f 1559 1569 1568
f 1559 1568 1558
f 1560 1570 1569
f 1560 1569 1559
f 1561 1571 1570
f 1561 1570 1560
f 1562 1572 1571
f 1562 1571 1561
f 1563 1573 1582
f 1563 1582 1572
f 1564 1574 1573
f 1564 1573 1563
f 1565 1575 1574
f 1565 1574 1564
f 1566 1576 1575
f 1566 1575 1565
f 1567 1577 1576
f 1567 1576 1566
f 1568 1578 1577
f 1568 1577 1567
f 1569 1579 1578
f 1569 1578 1568
f 1570 1580 1579
f 1570 1579 1569
f 1571 1581 1580
f 1571 1580 1570
f 1572 1582 1581
f 1572 1581 1571
f 1573 1583 1592
f 1573 1592 1582
f 1574 1584 1583
f 1574 1583 1573
f 1575 1585 1584
f 1575 1584 1574
f 1576 1586 1585
f 1576 1585 1575
f 1577 1587 1586
f 1577 1586 1576
f 1578 1588 1587
f 1578 1587 1577
f 1579 1589 1588
f 1579 1588 1578
f 1580 1590 1589
f 1580 1589 1579
f 1581 1591 1590
f 1581 1590 1580
f 1582 1592 1591
f 1582 1591 1581
f 1583 1593 1602
f 1583 1602 1592
f 1584 1594 1593
f 1584 1593 1583
f 1585 1595 1594
f 1585 1594 1584
f 1586 1596 1595
f 1586 1595 1585
f 1587 1597 1596
f 1587 1596 1586
f 1588 1598 1597
f 1588 1597 1587
f 1589 1599 1598
f 1589 1598 1588
f 1590 1600 1599
f 1590 1599 1589
f 1591 1601 1600
f 1591 1600 1590
f 1592 1602 1601
f 1592 1601 1591
f 1593 1603 1612
f 1593 1612 1602
f 1594 1604 1603
f 1594 1603 1593
f 1595 1605 1604
f 1595 1604 1594
f 1596 1606 1605
f 1596 1605 1595
f 1597 1607 1606
f 1597 1606 1596
f 1598 1608 1607
f 1598 1607 1597
f 1599 1609 1608
f 1599 1608 1598
f 1600 1610 1609
f 1600 1609 1599
f 1601 1611 1610
f 1601 1610 1600
f 1602 1612 1611
f 1602 1611 1601
f 1603 1613 1622
f 1603 1622 1612
f 1604 1614 1613
f 1604 1613 1603
f 1605 1615 1614
f 1605 1614 1604
f 1606 1616 1615
f 1606 1615 1605
f 1607 1617 1616
f 1607 1616 1606
f 1608 1618 1617
f 1608 1617 1607
f 1609 1619 1618
f 1609 1618 1608
f 1610 1620 1619
f 1610 1619 1609
f 1611 1621 1620
f 1611 1620 1610
f 1612 1622 1621
f 1612 1621 1611
f 1613 1623 1632
f 1613 1632 1622
f 1614 1624 1623
f 1614 1623 1613
f 1615 1625 1624
f 1615 1624 1614
f 1616 1626 1625
f 1616 1625 1615
f 1617 1627 1626
f 1617 1626 1616
f 1618 1628 1627
f 1618 1627 1617
f 1619 1629 1628
f 1619 1628 1618
f 1620 1630 1629
f 1620 1629 1619
f 1621 1631 1630
f 1621 1630 1620
f 1622 1632 1631
f 1622 1631 1621
f 1623 1633 1642
f 1623 1642 1632
f 1624 1634 1633
f 1624 1633 1623
f 1625 1635 1634
f 1625 1634 1624
f 1626 1636 1635
f 1626 1635 1625
f 1627 1637 1636
f 1627 1636 1626
f 1628 1638 1637
f 1628 1637 1627
f 1629 1639 1638
f 1629 1638 1628
f 1630 1640 1639
f 1630 1639 1629
f 1631 1641 1640
f 1631 1640 1630
f 1632 1642 1641
f 1632 1641 1631
f 1633 1643 1652
f 1633 1652 1642
f 1634 1644 1643
f 1634 1643 1633
f 1635 1645 1644
f 1635 1644 1634
f 1636 1646 1645
f 1636 1645 1635
f 1637 1647 1646
f 1637 1646 1636
f 1638 1648 1647
f 1638 1647 1637
f 1639 1649 1648
f 1639 1648 1638
f 1640 1650 1649
f 1640 1649 1639
f 1641 1651 1650
f 1641 1650 1640
f 1642 1652 1651
f 1642 1651 1641
f 1643 1653 1662
f 1643 1662 1652
f 1644 1654 1653
f 1644 1653 1643
f 1645 1655 1654
f 1645 1654 1644
f 1646 1656 1655
f 1646 1655 1645
f 1647 1657 1656
f 1647 1656 1646
f 1648 1658 1657
f 1648 1657 1647
f 1649 1659 1658
f 1649 1658 1648
f 1650 1660 1659
f 1650 1659 1649
f 1651 1661 1660
f 1651 1660 1650
f 1652 1662 1661
f 1652 1661 1651
f 1653 1663 1672
f 1653 1672 1662
f 1654 1664 1663
f 1654 1663 1653
f 1655 1665 1664
f 1655 1664 1654
f 1656 1666 1665
f 1656 1665 1655
f 1657 1667 1666
f 1657 1666 1656
f 1658 1668 1667
f 1658 1667 1657
f 1659 1669 1668
f 1659 1668 1658
f 1660 1670 1669
f 1660 1669 1659
f 1661 1671 1670
f 1661 1670 1660
f 1662 1672 1671
f 1662 1671 1661
f 1663 1673 1682
f 1663 1682 1672
f 1664 1674 1673
f 1664 1673 1663
f 1665 1675 1674
f 1665 1674 1664
f 1666 1676 1675
f 1666 1675 1665
f 1667 1677 1676
f 1667 1676 1666
f 1668 1678 1677
f 1668 1677 1667
f 1669 1679 1678
f 1669 1678 1668
f 1670 1680 1679
f 1670 1679 1669
f 1671 1681 1680
f 1671 1680 1670
f 1672 1682 1681
f 1672 1681 1671
f 1673 1683 1692
f 1673 1692 1682
f 1674 1684 1683
f 1674 1683 1673
f 1675 1685 1684
f 1675 1684 1674
f 1676 1686 1685
f 1676 1685 1675
f 1677 1687 1686
f 1677 1686 1676
f 1678 1688 1687
f 1678 1687 1677
f 1679 1689 1688
f 1679 1688 1678
f 1680 1690 1689
f 1680 1689 1679
f 1681 1691 1690
f 1681 1690 1680
f 1682 1692 1691
f 1682 1691 1681
f 1683 1693 1702
f 1683 1702 1692
f 1684 1694 1693
f 1684 1693 1683
f 1685 1695 1694
f 1685 1694 1684
f 1686 1696 1695
f 1686 1695 1685
f 1687 1697 1696
f 1687 1696 1686
f 1688 1698 1697
f 1688 1697 1687
f 1689 1699 1698
f 1689 1698 1688
f 1690 1700 1699
f 1690 1699 1689
f 1691 1701 1700
f 1691 1700 1690
f 1692 1702 1701
f 1692 1701 1691
f 1693 1703 1712
f 1693 1712 1702
f 1694 1704 1703
f 1694 1703 1693
f 1695 1705 1704
f 1695 1704 1694
f 1696 1706 1705
f 1696 1705 1695
f 1697 1707 1706
f 1697 1706 1696
f 1698 1708 1707
f 1698 1707 1697
f 1699 1709 1708
f 1699 1708 1698
f 1700 1710 1709
f 1700 1709 1699
f 1701 1711 1710
f 1701 1710 1700
f 1702 1712 1711
f 1702 1711 1701
f 1703 1713 1722
f 1703 1722 1712
f 1704 1714 1713
f 1704 1713 1703
f 1705 1715 1714
f 1705 1714 1704
f 1706 1716 1715
f 1706 1715 1705
f 1707 1717 1716
f 1707 1716 1706
f 1708 1718 1717
f 1708 1717 1707
f 1709 1719 1718
f 1709 1718 1708
f 1710 1720 1719
f 1710 1719 1709
f 1711 1721 1720
f 1711 1720 1710
f 1712 1722 1721
f 1712 1721 1711
f 1713 1723 1732
f 1713 1732 1722
f 1714 1724 1723
f 1714 1723 1713
f 1715 1725 1724
f 1715 1724 1714
f 1716 1726 1725
f 1716 1725 1715
f 1717 1727 1726
f 1717 1726 1716
f 1718 1728 1727
f 1718 1727 1717
f 1719 1729 1728
f 1719 1728 1718
f 1720 1730 1729
f 1720 1729 1719
f 1721 1731 1730
f 1721 1730 1720
f 1722 1732 1731
f 1722 1731 1721
f 1723 1733 1742
f 1723 1742 1732
f 1724 1734 1733
f 1724 1733 1723
f 1725 1735 1734
f 1725 1734 1724
f 1726 1736 1735
f 1726 1735 1725
f 1727 1737 1736
f 1727 1736 1726
f 1728 1738 1737
f 1728 1737 1727
f 1729 1739 1738
f 1729 1738 1728
f 1730 1740 1739
f 1730 1739 1729
f 1731 1741 1740
f 1731 1740 1730
f 1732 1742 1741
f 1732 1741 1731
f 1733 1743 1752
f 1733 1752 1742
f 1734 1744 1743
f 1734 1743 1733
f 1735 1745 1744
f 1735 1744 1734
f 1736 1746 1745
f 1736 1745 1735
f 1737 1747 1746
f 1737 1746 1736
f 1738 1748 1747
f 1738 1747 1737
f 1739 1749 1748
f 1739 1748 1738
f 1740 1750 1749
f 1740 1749 1739
f 1741 1751 1750
f 1741 1750 1740
f 1742 1752 1751
f 1742 1751 1741
f 1743 1753 1762
f 1743 1762 1752
f 1744 1754 1753
f 1744 1753 1743
f 1745 1755 1754
f 1745 1754 1744
f 1746 1756 1755
f 1746 1755 1745
f 1747 1757 1756
f 1747 1756 1746
f 1748 1758 1757
f 1748 1757 1747
f 1749 1759 1758
f 1749 1758 1748
f 1750 1760 1759
f 1750 1759 1749
f 1751 1761 1760
f 1751 1760 1750
f 1752 1762 1761
f 1752 1761 1751
f 1753 1763 1772
f 1753 1772 1762
f 1754 1764 1763
f 1754 1763 1753
f 1755 1765 1764
f 1755 1764 1754
f 1756 1766 1765
f 1756 1765 1755
f 1757 1767 1766
f 1757 1766 1756
f 1758 1768 1767
f 1758 1767 1757
f 1759 1769 1768
f 1759 1768 1758
f 1760 1770 1769
f 1760 1769 1759
f 1761 1771 1770
f 1761 1770 1760
f 1762 1772 1771
f 1762 1771 1761
f 1763 1773 1782
f 1763 1782 1772
f 1764 1774 1773
f 1764 1773 1763
f 1765 1775 1774
f 1765 1774 1764
f 1766 1776 1775
f 1766 1775 1765
f 1767 1777 1776
f 1767 1776 1766
f 1768 1778 1777
f 1768 1777 1767
f 1769 1779 1778
f 1769 1778 1768
f 1770 1780 1779
f 1770 1779 1769
f 1771 1781 1780
f 1771 1780 1770
f 1772 1782 1781
f 1772 1781 1771
f 1773 1783 1792
f 1773 1792 1782
f 1774 1784 1783
f 1774 1783 1773
f 1775 1785 1784
f 1775 1784 1774
f 1776 1786 1785
f 1776 1785 1775
f 1777 1787 1786
f 1777 1786 1776
f 1778 1788 1787
f 1778 1787 1777
f 1779 1789 1788
f 1779 1788 1778
f 1780 1790 1789
f 1780 1789 1779
f 1781 1791 1790
f 1781 1790 1780
f 1782 1792 1791
f 1782 1791 1781
f 1783 1793 1802
f 1783 1802 1792
f 1784 1794 1793
f 1784 1793 1783
f 1785 1795 1794
f 1785 1794 1784
f 1786 1796 1795
f 1786 1795 1785
f 1787 1797 1796
f 1787 1796 1786
f 1788 1798 1797
f 1788 1797 1787
f 1789 1799 1798
f 1789 1798 1788
f 1790 1800 1799
f 1790 1799 1789
f 1791 1801 1800
f 1791 1800 1790
f 1792 1802 1801
f 1792 1801 1791
f 1793 1803 1812
f 1793 1812 1802
f 1794 1804 1803
f 1794 1803 1793
f 1795 1805 1804
f 1795 1804 1794
f 1796 1806 1805
f 1796 1805 1795
f 1797 1807 1806
f 1797 1806 1796
f 1798 1808 1807
f 1798 1807 1797
f 1799 1809 1808
f 1799 1808 1798
f 1800 1810 1809
f 1800 1809 1799
f 1801 1811 1810
f 1801 1810 1800
f 1802 1812 1811
f 1802 1811 1801
f 1803 1813 1822
f 1803 1822 1812
f 1804 1814 1813
f 1804 1813 1803
f 1805 1815 1814
f 1805 1814 1804
f 1806 1816 1815
f 1806 1815 1805
f 1807 1817 1816
f 1807 1816 1806
f 1808 1818 1817
f 1808 1817 1807
f 1809 1819 1818
f 1809 1818 1808
f 1810 1820 1819
f 1810 1819 1809
f 1811 1821 1820
f 1811 1820 1810
f 1812 1822 1821
f 1812 1821 1811
v 0.5140000 -0.6460000 0.4500000
v 0.5140000 -0.6500000 0.4540000
v 0.5100000 -0.6460000 0.4540000
v 0.5140000 -0.6479974 0.4505344
v 0.5120026 -0.6460000 0.4505344
v 0.5120871 -0.6479129 0.4510535
v 0.5120026 -0.6494656 0.4540000
v 0.5140000 -0.6494656 0.4520026
v 0.5120871 -0.6489465 0.4520872
v 0.5105343 -0.6460000 0.4520026
v 0.5105343 -0.6479974 0.4540000
v 0.5110534 -0.6479129 0.4520872
v 0.5140000 -0.6500000 0.5460000
v 0.5140000 -0.6460000 0.5500000
v 0.5100000 -0.6460000 0.5460000
v 0.5140000 -0.6494656 0.5479974
v 0.5120026 -0.6494656 0.5460000
v 0.5120871 -0.6489465 0.5479128
v 0.5120026 -0.6460000 0.5494656
v 0.5140000 -0.6479974 0.5494656
v 0.5120871 -0.6479129 0.5489466
v 0.5105343 -0.6479974 0.5460000
v 0.5105343 -0.6460000 0.5479974
v 0.5110534 -0.6479129 0.5479128
v 0.5140000 -0.6040000 0.4500000
v 0.5100000 -0.6040000 0.4540000
v 0.5140000 -0.6000000 0.4540000
v 0.5120026 -0.6040000 0.4505344
v 0.5140000 -0.6020026 0.4505344
v 0.5120871 -0.6020871 0.4510535
v 0.5105343 -0.6020026 0.4540000
v 0.5105343 -0.6040000 0.4520026
v 0.5110534 -0.6020871 0.4520872
v 0.5140000 -0.6005344 0.4520026
v 0.5120026 -0.6005344 0.4540000
v 0.5120871 -0.6010535 0.4520872
v 0.5140000 -0.6040000 0.5500000
v 0.5140000 -0.6000000 0.5460000
v 0.5100000 -0.6040000 0.5460000
v 0.5140000 -0.6020026 0.5494656
v 0.5120026 -0.6040000 0.5494656
v 0.5120871 -0.6020871 0.5489466
v 0.5120026 -0.6005344 0.5460000
v 0.5140000 -0.6005344 0.5479974
v 0.5120871 -0.6010535 0.5479128
v 0.5105343 -0.6040000 0.5479974
v 0.5105343 -0.6020026 0.5460000
v 0.5110534 -0.6020871 0.5479128
v 0.5459999 -0.6460000 0.4500000
v 0.5500000 -0.6460000 0.4540000
v 0.5459999 -0.6500000 0.4540000
v 0.5479974 -0.6460000 0.4505344
v 0.5459999 -0.6479974 0.4505344
v 0.5479128 -0.6479129 0.4510535
v 0.5494656 -0.6479974 0.4540000
v 0.5494656 -0.6460000 0.4520026
v 0.5489465 -0.6479129 0.4520872
v 0.5459999 -0.6494656 0.4520026
v 0.5479974 -0.6494656 0.4540000
v 0.5479128 -0.6489465 0.4520872
v 0.5459999 -0.6460000 0.5500000
v 0.5459999 -0.6500000 0.5460000
v 0.5500000 -0.6460000 0.5460000
v 0.5459999 -0.6479974 0.5494656
v 0.5479974 -0.6460000 0.5494656
v 0.5479128 -0.6479129 0.5489466
v 0.5479974 -0.6494656 0.5460000
v 0.5459999 -0.6494656 0.5479974
v 0.5479128 -0.6489465 0.5479128
v 0.5494656 -0.6460000 0.5479974
v 0.5494656 -0.6479974 0.5460000
v 0.5489465 -0.6479129 0.5479128
v 0.5459999 -0.6040000 0.4500000
v 0.5459999 -0.6000000 0.4540000
v 0.5500000 -0.6040000 0.4540000
v 0.5459999 -0.6020026 0.4505344
v 0.5479974 -0.6040000 0.4505344
v 0.5479128 -0.6020871 0.4510535
v 0.5479974 -0.6005344 0.4540000
v 0.5459999 -0.6005344 0.4520026
v 0.5479128 -0.6010535 0.4520872
v 0.5494656 -0.6040000 0.4520026
v 0.5494656 -0.6020026 0.4540000
v 0.5489465 -0.6020871 0.4520872
v 0.5459999 -0.6040000 0.5500000
v 0.5500000 -0.6040000 0.5460000
v 0.5459999 -0.6000000 0.5460000
v 0.5479974 -0.6040000 0.5494656
v 0.5459999 -0.6020026 0.5494656
v 0.5479128 -0.6020871 0.5489466
v 0.5494656 -0.6020026 0.5460000
v 0.5494656 -0.6040000 0.5479974
v 0.5489465 -0.6020871 0.5479128
v 0.5459999 -0.6005344 0.5479974
v 0.5479974 -0.6005344 0.5460000
v 0.5479128 -0.6010535 0.5479128
f 1823 1826 1828
f 1823 1828 1827
f 1826 1830 1831
f 1826 1831 1828
f 1824 1829 1831
f 1824 1831 1830
f 1829 1833 1834
f 1829 1834 1831
f 1825 1832 1834
f 1825 1834 1833
f 1832 1827 1828
f 1832 1828 1834
f 1828 1831 1834
f 1835 1838 1840
f 1835 1840 1839
f 1838 1842 1843
f 1838 1843 1840
f 1836 1841 1843
f 1836 1843 1842
f 1841 1845 1846
f 1841 1846 1843
f 1837 1844 1846
f 1837 1846 1845
f 1844 1839 1840
f 1844 1840 1846
f 1840 1843 1846
f 1847 1850 1852
f 1847 1852 1851
f 1850 1854 1855
f 1850 1855 1852
f 1848 1853 1855
f 1848 1855 1854
f 1853 1857 1858
f 1853 1858 1855
f 1849 1856 1858
f 1849 1858 1857
f 1856 1851 1852
f 1856 1852 1858
f 1852 1855 1858
f 1859 1862 1864
f 1859 1864 1863
f 1862 1866 1867
f 1862 1867 1864
f 1860 1865 1867
f 1860 1867 1866
f 1865 1869 1870
f 1865 1870 1867
f 1861 1868 1870
f 1861 1870 1869
f 1868 1863 1864
f 1868 1864 1870
f 1864 1867 1870
f 1871 1874 1876
f 1871 1876 1875
f 1874 1878 1879
f 1874 1879 1876
f 1872 1877 1879
f 1872 1879 1878
f 1877 1881 1882
f 1877 1882 1879
f 1873 1880 1882
f 1873 1882 1881
f 1880 1875 1876
f 1880 1876 1882
f 1876 1879 1882
f 1883 1886 1888
f 1883 1888 1887
f 1886 1890 1891
f 1886 1891 1888
f 1884 1889 1891
f 1884 1891 1890
f 1889 1893 1894
f 1889 1894 1891
f 1885 1892 1894
f 1885 1894 1893
f 1892 1887 1888
f 1892 1888 1894
f 1888 1891 1894
f 1895 1898 1900
f 1895 1900 1899
f 1898 1902 1903
f 1898 1903 1900
f 1896 1901 1903
f 1896 1903 1902
f 1901 1905 1906
f 1901 1906 1903
f 1897 1904 1906
f 1897 1906 1905
f 1904 1899 1900
f 1904 1900 1906
f 1900 1903 1906
f 1907 1910 1912
f 1907 1912 1911
f 1910 1914 1915
f 1910 1915 1912
f 1908 1913 1915
f 1908 1915 1914
f 1913 1917 1918
f 1913 1918 1915
f 1909 1916 1918
f 1909 1918 1917
f 1916 1911 1912
f 1916 1912 1918
f 1912 1915 1918
f 1847 1823 1827
f 1847 1827 1850
f 1850 1827 1832
f 1850 1832 1854
f 1854 1832 1825
f 1854 1825 1848
f 1824 1835 1839
f 1824 1839 1829
f 1829 1839 1844
f 1829 1844 1833
f 1833 1844 1837
f 1833 1837 1825
f 1836 1859 1863
f 1836 1863 1841
f 1841 1863 1868
f 1841 1868 1845
f 1845 1868 1861
f 1845 1861 1837
f 1860 1849 1857
f 1860 1857 1865
f 1865 1857 1853
f 1865 1853 1869
f 1869 1853 1848
f 1869 1848 1861
f 1895 1847 1851
f 1895 1851 1898
f 1898 1851 1856
f 1898 1856 1902
f 1902 1856 1849
f 1902 1849 1896
f 1859 1907 1911
f 1859 1911 1862
f 1862 1911 1916
f 1862 1916 1866
f 1866 1916 1909
f 1866 1909 1860
f 1908 1897 1905
f 1908 1905 1913
f 1913 1905 1901
f 1913 1901 1917
f 1917 1901 1896
f 1917 1896 1909
f 1871 1895 1899
f 1871 1899 1874
f 1874 1899 1904
f 1874 1904 1878
f 1878 1904 1897
f 1878 1897 1872
f 1907 1883 1887
f 1907 1887 1910
f 1910 1887 1892
f 1910 1892 1914
f 1914 1892 1885
f 1914 1885 1908
f 1884 1873 1881
f 1884 1881 1889
f 1889 1881 1877
f 1889 1877 1893
f 1893 1877 1872
f 1893 1872 1885
f 1823 1871 1875
f 1823 1875 1826
f 1826 1875 1880
f 1826 1880 1830
f 1830 1880 1873
f 1830 1873 1824
f 1883 1836 1842
f 1883 1842 1886
f 1886 1842 1838
f 1886 1838 1890
f 1890 1838 1835
f 1890 1835 1884
f 1847 1895 1871
f 1847 1871 1823
f 1825 1837 1861
f 1825 1861 1848
f 1873 1884 1835
f 1873 1835 1824
f 1907 1859 1836
f 1907 1836 1883
f 1849 1860 1909
f 1849 1909 1896
f 1897 1908 1885
f 1897 1885 1872
v 0.5480254 -0.6170521 0.5095063
v 0.6180254 -0.3670521 0.7095063
v 0.5437536 -0.6152772 0.5087827
v 0.6137536 -0.3652771 0.7087826
v 0.5404328 -0.6126987 0.5067220
v 0.6104327 -0.3626987 0.7067220
v 0.5385684 -0.6097095 0.5036379
v 0.6085684 -0.3597094 0.7036379
v 0.5384445 -0.6067645 0.5000001
v 0.6084445 -0.3567644 0.7000000
v 0.5400797 -0.6043121 0.4963621
v 0.6100797 -0.3543120 0.6963621
v 0.5432253 -0.6027256 0.4932781
v 0.6132253 -0.3527255 0.6932781
v 0.5474022 -0.6022465 0.4912174
v 0.6174022 -0.3522465 0.6912174
v 0.5519747 -0.6029480 0.4904938
v 0.6219746 -0.3529479 0.6904938
v 0.5562465 -0.6047229 0.4912174
v 0.6262465 -0.3547229 0.6912174
v 0.5595673 -0.6073014 0.4932781
v 0.6295673 -0.3573013 0.6932781
v 0.5614316 -0.6102906 0.4963621
v 0.6314316 -0.3602905 0.6963621
v 0.5615556 -0.6132356 0.5000001
v 0.6315556 -0.3632355 0.7000000
v 0.5599204 -0.6156880 0.5036379
v 0.6299204 -0.3656880 0.7036379
v 0.5567748 -0.6172745 0.5067220
v 0.6267748 -0.3672745 0.7067220
v 0.5525979 -0.6177536 0.5087827
v 0.6225979 -0.3677535 0.7087826
f 1919 1920 1922
f 1919 1922 1921
f 1921 1922 1924
f 1921 1924 1923
f 1923 1924 1926
f 1923 1926 1925
f 1925 1926 1928
f 1925 1928 1927
f 1927 1928 1930
f 1927 1930 1929
f 1929 1930 1932
f 1929 1932 1931
f 1931 1932 1934
f 1931 1934 1933
f 1933 1934 1936
f 1933 1936 1935
f 1935 1936 1938
f 1935 1938 1937
f 1937 1938 1940
f 1937 1940 1939
f 1939 1940 1942
f 1939 1942 1941
f 1941 1942 1944
f 1941 1944 1943
f 1943 1944 1946
f 1943 1946 1945
f 1945 1946 1948
f 1945 1948 1947
f 1924 1922 1920
f 1920 1950 1948
f 1948 1946 1944
f 1944 1942 1940
f 1940 1938 1936
f 1936 1934 1932
f 1932 1930 1928
f 1928 1926 1924
f 1924 1920 1948
f 1948 1944 1940
f 1940 1936 1932
f 1932 1928 1924
f 1924 1948 1940
f 1940 1932 1924
f 1947 1948 1950
f 1947 1950 1949
f 1949 1950 1920
f 1949 1920 1919
f 1949 1919 1921
f 1921 1923 1925
f 1925 1927 1929
f 1929 1931 1933
f 1933 1935 1937
f 1937 1939 1941
f 1941 1943 1945
f 1945 1947 1949
f 1949 1921 1925
f 1925 1929 1933
f 1933 1937 1941
f 1941 1945 1949
f 1949 1925 1933
f 1933 1941 1949
v 0.6200000 -0.3420000 0.6700000
v 0.6200000 -0.3420000 0.7000000
v 0.6154078 -0.3410866 0.6700000
v 0.6154078 -0.3410866 0.7000000
v 0.6115147 -0.3384853 0.6700000
v 0.6115147 -0.3384853 0.7000000
v 0.6089134 -0.3345922 0.6700000
v 0.6089134 -0.3345922 0.7000000
v 0.6080000 -0.3300000 0.6700000
v 0.6080000 -0.3300000 0.7000000
v 0.6089134 -0.3254078 0.6700000
v 0.6089134 -0.3254078 0.7000000
v 0.6115147 -0.3215147 0.6700000
v 0.6115147 -0.3215147 0.7000000
v 0.6154078 -0.3189135 0.6700000
v 0.6154078 -0.3189135 0.7000000
v 0.6200000 -0.3180000 0.6700000
v 0.6200000 -0.3180000 0.7000000
v 0.6245922 -0.3189135 0.6700000
v 0.6245922 -0.3189135 0.7000000
v 0.6284853 -0.3215147 0.6700000
v 0.6284853 -0.3215147 0.7000000
v 0.6310866 -0.3254078 0.6700000
v 0.6310866 -0.3254078 0.7000000
v 0.6320000 -0.3300000 0.6700000
v 0.6320000 -0.3300000 0.7000000
v 0.6310866 -0.3345922 0.6700000
v 0.6310866 -0.3345922 0.7000000
v 0.6284853 -0.3384853 0.6700000
v 0.6284853 -0.3384853 0.7000000
v 0.6245922 -0.3410866 0.6700000
v 0.6245922 -0.3410866 0.7000000
f 1951 1952 1954
f 1951 1954 1953
f 1953 1954 1956
f 1953 1956 1955
f 1955 1956 1958
f 1955 1958 1957
f 1957 1958 1960
f 1957 1960 1959
f 1959 1960 1962
f 1959 1962 1961
f 1961 1962 1964
f 1961 1964 1963
f 1963 1964 1966
f 1963 1966 1965
f 1965 1966 1968
f 1965 1968 1967
f 1967 1968 1970
f 1967 1970 1969
f 1969 1970 1972
f 1969 1972 1971
f 1971 1972 1974
f 1971 1974 1973
f 1973 1974 1976
f 1973 1976 1975
f 1975 1976 1978
f 1975 1978 1977
f 1977 1978 1980
f 1977 1980 1979
f 1956 1954 1952
f 1952 1982 1980
f 1980 1978 1976
f 1976 1974 1972
f 1972 1970 1968
f 1968 1966 1964
f 1964 1962 1960
f 1960 1958 1956
f 1956 1952 1980
f 1980 1976 1972
f 1972 1968 1964
f 1964 1960 1956
f 1956 1980 1972
f 1972 1964 1956
f 1979 1980 1982
f 1979 1982 1981
f 1981 1982 1952
f 1981 1952 1951
f 1981 1951 1953
f 1953 1955 1957
f 1957 1959 1961
f 1961 1963 1965
f 1965 1967 1969
f 1969 1971 1973
f 1973 1975 1977
f 1977 1979 1981
f 1981 1953 1957
f 1957 1961 1965
f 1965 1969 1973
f 1973 1977 1981
f 1981 1957 1965
f 1965 1973 1981
v 0.5300000 0.3180000 0.5700000
v 0.5300000 0.3180000 0.4500000
v 0.5231116 0.3166299 0.5700000
v 0.5231116 0.3166298 0.4500000
v 0.5172721 0.3127279 0.5700000
v 0.5172721 0.3127279 0.4500000
v 0.5133702 0.3068883 0.5700000
v 0.5133702 0.3068883 0.4500000
v 0.5120000 0.3000000 0.5700000
v 0.5120000 0.3000000 0.4500000
v 0.5133702 0.2931117 0.5700000
v 0.5133702 0.2931117 0.4500000
v 0.5172721 0.2872721 0.5700000
v 0.5172721 0.2872721 0.4500000
v 0.5231116 0.2833702 0.5700000
v 0.5231116 0.2833702 0.4500000
v 0.5300000 0.2820000 0.5700000
v 0.5300000 0.2820000 0.4500000
v 0.5368883 0.2833702 0.5700000
v 0.5368883 0.2833702 0.4500000
v 0.5427279 0.2872721 0.5700000
v 0.5427279 0.2872721 0.4500000
v 0.5466298 0.2931117 0.5700000
v 0.5466298 0.2931117 0.4500000
v 0.5480000 0.3000000 0.5700000
v 0.5480000 0.3000000 0.4500000
v 0.5466298 0.3068883 0.5700000
v 0.5466298 0.3068883 0.4500000
v 0.5427279 0.3127279 0.5700000
v 0.5427279 0.3127279 0.4500000
v 0.5368883 0.3166299 0.5700000
v 0.5368883 0.3166298 0.4500000
f 1983 1984 1986
f 1983 1986 1985
f 1985 1986 1988
f 1985 1988 1987
f 1987 1988 1990
f 1987 1990 1989
f 1989 1990 1992
f 1989 1992 1991
f 1991 1992 1994
f 1991 1994 1993
f 1993 1994 1996
f 1993 1996 1995
f 1995 1996 1998
f 1995 1998 1997
f 1997 1998 2000
f 1997 2000 1999
f 1999 2000 2002
f 1999 2002 2001
f 2001 2002 2004
f 2001 2004 2003
f 2003 2004 2006
f 2003 2006 2005
f 2005 2006 2008
f 2005 2008 2007
f 2007 2008 2010
f 2007 2010 2009
f 2009 2010 2012
f 2009 2012 2011
f 1988 1986 1984
f 1984 2014 2012
f 2012 2010 2008
f 2008 2006 2004
f 2004 2002 2000
f 2000 1998 1996
f 1996 1994 1992
f 1992 1990 1988
f 1988 1984 2012
f 2012 2008 2004
f 2004 2000 1996
f 1996 1992 1988
f 1988 2012 2004
f 2004 1996 1988
f 2011 2012 2014
f 2011 2014 2013
f 2013 2014 1984
f 2013 1984 1983
f 2013 1983 1985
f 1985 1987 1989
f 1989 1991 1993
f 1993 1995 1997
f 1997 1999 2001
f 2001 2003 2005
f 2005 2007 2009
f 2009 2011 2013
f 2013 1985 1989
f 1989 1993 1997
f 1997 2001 2005
f 2005 2009 2013
f 2013 1989 1997
f 1997 2005 2013
v 0.5300000 0.5389999 0.5000000
v 0.5300000 0.5509999 0.5000000
v 0.5108658 0.5389999 0.4961940
v 0.5108658 0.5509999 0.4961940
v 0.4946446 0.5389999 0.4853553
v 0.4946446 0.5509999 0.4853553
v 0.4838060 0.5389999 0.4691342
v 0.4838060 0.5509999 0.4691342
v 0.4800000 0.5389999 0.4500000
v 0.4800000 0.5510000 0.4500000
v 0.4838060 0.5390000 0.4308658
v 0.4838060 0.5510000 0.4308658
v 0.4946446 0.5390000 0.4146447
v 0.4946446 0.5510000 0.4146447
v 0.5108658 0.5390000 0.4038060
v 0.5108658 0.5510000 0.4038060
v 0.5300000 0.5390000 0.4000000
v 0.5300000 0.5510000 0.4000000
v 0.5491341 0.5390000 0.4038060
v 0.5491341 0.5510000 0.4038060
v 0.5653553 0.5390000 0.4146446
v 0.5653553 0.5510000 0.4146446
v 0.5761939 0.5390000 0.4308658
v 0.5761939 0.5510000 0.4308658
v 0.5800000 0.5389999 0.4500000
v 0.5800000 0.5510000 0.4500000
v 0.5761940 0.5389999 0.4691342
v 0.5761940 0.5509999 0.4691342
v 0.5653553 0.5389999 0.4853553
v 0.5653553 0.5509999 0.4853553
v 0.5491341 0.5389999 0.4961940
v 0.5491341 0.5509999 0.4961940
f 2015 2016 2018
f 2015 2018 2017
f 2017 2018 2020
f 2017 2020 2019
f 2019 2020 2022
f 2019 2022 2021
f 2021 2022 2024
f 2021 2024 2023
f 2023 2024 2026
f 2023 2026 2025
f 2025 2026 2028
f 2025 2028 2027
f 2027 2028 2030
f 2027 2030 2029
f 2029 2030 2032
f 2029 2032 2031
f 2031 2032 2034
f 2031 2034 2033
f 2033 2034 2036
f 2033 2036 2035
f 2035 2036 2038
f 2035 2038 2037
f 2037 2038 2040
f 2037 2040 2039
f 2039 2040 2042
f 2039 2042 2041
f 2041 2042 2044
f 2041 2044 2043
f 2020 2018 2016
f 2016 2046 2044
f 2044 2042 2040
f 2040 2038 2036
f 2036 2034 2032
f 2032 2030 2028
f 2028 2026 2024
f 2024 2022 2020
f 2020 2016 2044
f 2044 2040 2036
f 2036 2032 2028
f 2028 2024 2020
f 2020 2044 2036
f 2036 2028 2020
f 2043 2044 2046
f 2043 2046 2045
f 2045 2046 2016
f 2045 2016 2015
f 2045 2015 2017
f 2017 2019 2021
f 2021 2023 2025
f 2025 2027 2029
f 2029 2031 2033
f 2033 2035 2037
f 2037 2039 2041
f 2041 2043 2045
f 2045 2017 2021
f 2021 2025 2029
f 2029 2033 2037
f 2037 2041 2045
f 2045 2021 2029
f 2029 2037 2045
v 0.5399911 0.5498541 0.3984867
v 0.5395761 0.5468541 0.4006264
v 0.5395761 0.5431459 0.4006264
v 0.5399911 0.5401459 0.3984867
v 0.5406626 0.5390000 0.3950245
v 0.5413342 0.5401459 0.3915623
v 0.5417492 0.5431459 0.3894225
v 0.5417492 0.5468541 0.3894225
v 0.5413342 0.5498541 0.3915623
v 0.5406626 0.5510000 0.3950245
v 0.5397587 0.5498541 0.3984334
v 0.5392000 0.5468541 0.4005402
v 0.5392000 0.5431459 0.4005402
v 0.5397587 0.5401459 0.3984334
v 0.5406626 0.5390000 0.3950245
v 0.5415666 0.5401459 0.3916156
v 0.5421253 0.5431459 0.3895088
v 0.5421253 0.5468541 0.3895088
v 0.5415666 0.5498541 0.3916156
v 0.5406626 0.5510000 0.3950245
v 0.5397587 0.5498541 0.3984334
v 0.5392000 0.5468541 0.4005402
v 0.5392000 0.5431459 0.4005402
v 0.5397587 0.5401459 0.3984334
v 0.5406626 0.5390000 0.3950245
v 0.5415666 0.5401459 0.3916156
v 0.5421253 0.5431459 0.3895088
v 0.5421253 0.5468541 0.3895088
v 0.5415666 0.5498541 0.3916156
v 0.5406626 0.5510000 0.3950245
v 0.5468473 0.5498541 0.4003048
v 0.5461475 0.5468541 0.4023690
v 0.5461475 0.5431459 0.4023690
v 0.5468473 0.5401459 0.4003048
v 0.5479797 0.5390000 0.3969648
v 0.5491120 0.5401459 0.3936248
v 0.5498118 0.5431459 0.3915606
v 0.5498118 0.5468541 0.3915606
v 0.5491120 0.5498541 0.3936248
v 0.5479797 0.5510000 0.3969648
v 0.5533957 0.5498541 0.4030310
v 0.5524239 0.5468541 0.4049820
v 0.5524239 0.5431459 0.4049820
v 0.5533957 0.5401459 0.4030310
v 0.5549681 0.5390000 0.3998742
v 0.5565405 0.5401459 0.3967175
v 0.5575123 0.5431459 0.3947665
v 0.5575123 0.5468541 0.3947665
v 0.5565405 0.5498541 0.3967175
v 0.5549681 0.5510000 0.3998742
v 0.5595165 0.5498541 0.4066155
v 0.5582905 0.5468541 0.4084176
v 0.5582905 0.5431459 0.4084176
v 0.5595165 0.5401459 0.4066155
v 0.5615004 0.5390000 0.4036996
v 0.5634842 0.5401459 0.4007837
v 0.5647102 0.5431459 0.3989816
v 0.5647102 0.5468541 0.3989816
v 0.5634842 0.5498541 0.4007837
v 0.5615004 0.5510000 0.4036996
v 0.5650981 0.5498541 0.4109927
v 0.5636402 0.5468541 0.4126129
v 0.5636402 0.5431459 0.4126129
v 0.5650981 0.5401459 0.4109927
v 0.5674570 0.5390000 0.4083710
v 0.5698159 0.5401459 0.4057493
v 0.5712739 0.5431459 0.4041291
v 0.5712739 0.5468541 0.4041291
v 0.5698159 0.5498541 0.4057494
v 0.5674570 0.5510000 0.4083710
v 0.5700382 0.5498541 0.4160827
v 0.5683751 0.5468541 0.4174915
v 0.5683751 0.5431459 0.4174915
v 0.5700382 0.5401459 0.4160827
v 0.5727292 0.5390000 0.4138031
v 0.5754201 0.5401459 0.4115235
v 0.5770832 0.5431459 0.4101147
v 0.5770832 0.5468541 0.4101147
v 0.5754201 0.5498541 0.4115236
v 0.5727292 0.5510000 0.4138031
v 0.5742468 0.5498541 0.4217924
v 0.5724089 0.5468541 0.4229641
v 0.5724089 0.5431459 0.4229641
v 0.5742468 0.5401459 0.4217924
v 0.5772206 0.5390000 0.4198966
v 0.5801944 0.5401459 0.4180008
v 0.5820323 0.5431459 0.4168291
v 0.5820323 0.5468541 0.4168291
v 0.5801944 0.5498541 0.4180008
v 0.5772206 0.5510000 0.4198966
v 0.5776468 0.5498541 0.4280176
v 0.5756676 0.5468541 0.4289307
v 0.5756676 0.5431459 0.4289307
v 0.5776468 0.5401459 0.4280176
v 0.5808491 0.5390000 0.4265402
v 0.5840514 0.5401459 0.4250627
v 0.5860306 0.5431459 0.4241496
v 0.5860306 0.5468541 0.4241496
v 0.5840514 0.5498541 0.4250627
v 0.5808491 0.5510000 0.4265402
v 0.5801762 0.5498541 0.4346445
v 0.5780920 0.5468541 0.4352823
v 0.5780920 0.5431459 0.4352823
v 0.5801762 0.5401459 0.4346445
v 0.5835485 0.5390000 0.4336124
v 0.5869209 0.5401459 0.4325804
v 0.5890051 0.5431459 0.4319426
v 0.5890051 0.5468541 0.4319426
v 0.5869209 0.5498541 0.4325804
v 0.5835485 0.5510000 0.4336124
v 0.5817887 0.5498541 0.4415519
v 0.5796375 0.5468541 0.4419028
v 0.5796375 0.5431459 0.4419028
v 0.5817887 0.5401459 0.4415519
v 0.5852695 0.5390000 0.4409841
v 0.5887502 0.5401459 0.4404163
v 0.5909014 0.5431459 0.4400654
v 0.5909014 0.5468541 0.4400654
v 0.5887502 0.5498541 0.4404163
v 0.5852695 0.5510000 0.4409841
v 0.5824549 0.5498541 0.4486137
v 0.5802761 0.5468541 0.4486713
v 0.5802761 0.5431459 0.4486713
v 0.5824549 0.5401459 0.4486137
v 0.5859804 0.5390000 0.4485206
v 0.5895059 0.5401459 0.4484274
v 0.5916848 0.5431459 0.4483698
v 0.5916848 0.5468541 0.4483698
v 0.5895059 0.5498541 0.4484274
v 0.5859804 0.5510000 0.4485206
v 0.5821627 0.5498541 0.4557009
v 0.5799959 0.5468541 0.4554641
v 0.5799959 0.5431459 0.4554641
v 0.5821627 0.5401459 0.4557009
v 0.5856685 0.5390000 0.4560840
v 0.5891743 0.5401459 0.4564672
v 0.5913411 0.5431459 0.4567040
v 0.5913411 0.5468541 0.4567040
v 0.5891743 0.5498541 0.4564672
v 0.5856685 0.5510000 0.4560840
v 0.5809172 0.5498541 0.4626839
v 0.5788022 0.5468541 0.4621570
v 0.5788022 0.5431459 0.4621570
v 0.5809172 0.5401459 0.4626839
v 0.5843393 0.5390000 0.4635364
v 0.5877615 0.5401459 0.4643888
v 0.5898764 0.5431459 0.4649157
v 0.5898764 0.5468541 0.4649157
v 0.5877615 0.5498541 0.4643888
v 0.5843393 0.5510000 0.4635364
v 0.5787414 0.5498541 0.4694351
v 0.5767167 0.5468541 0.4686278
v 0.5767167 0.5431459 0.4686278
v 0.5787414 0.5401459 0.4694351
v 0.5820172 0.5390000 0.4707413
v 0.5852931 0.5401459 0.4720475
v 0.5873178 0.5431459 0.4728548
v 0.5873178 0.5468541 0.4728548
v 0.5852931 0.5498541 0.4720475
v 0.5820172 0.5510000 0.4707413
v 0.5756748 0.5498541 0.4758312
v 0.5737776 0.5468541 0.4747582
v 0.5737776 0.5431459 0.4747582
v 0.5756748 0.5401459 0.4758312
v 0.5787446 0.5390000 0.4775673
v 0.5818145 0.5401459 0.4793034
v 0.5837117 0.5431459 0.4803763
v 0.5837117 0.5468541 0.4803763
v 0.5818145 0.5498541 0.4793034
v 0.5787446 0.5510000 0.4775673
v 0.5717738 0.5498541 0.4817552
v 0.5700386 0.5468541 0.4804362
v 0.5700386 0.5431459 0.4804362
v 0.5717738 0.5401459 0.4817552
v 0.5745814 0.5390000 0.4838895
v 0.5773890 0.5401459 0.4860238
v 0.5791242 0.5431459 0.4873428
v 0.5791242 0.5468541 0.4873428
v 0.5773890 0.5498541 0.4860238
v 0.5745814 0.5510000 0.4838895
v 0.5671093 0.5498541 0.4870991
v 0.5655679 0.5468541 0.4855580
v 0.5655679 0.5431459 0.4855580
v 0.5671093 0.5401459 0.4870991
v 0.5696034 0.5390000 0.4895925
v 0.5720975 0.5401459 0.4920859
v 0.5736390 0.5431459 0.4936269
v 0.5736390 0.5468541 0.4936269
v 0.5720975 0.5498541 0.4920859
v 0.5696034 0.5510000 0.4895925
v 0.5617669 0.5498541 0.4917650
v 0.5604473 0.5468541 0.4900301
v 0.5604473 0.5431459 0.4900301
v 0.5617669 0.5401459 0.4917650
v 0.5639019 0.5390000 0.4945720
v 0.5660369 0.5401459 0.4973790
v 0.5673565 0.5431459 0.4991138
v 0.5673565 0.5468541 0.4991138
v 0.5660369 0.5498541 0.4973789
v 0.5639019 0.5510000 0.4945720
v 0.5558439 0.5498541 0.4956677
v 0.5547704 0.5468541 0.4937707
v 0.5547704 0.5431459 0.4937707
v 0.5558439 0.5401459 0.4956677
v 0.5575808 0.5390000 0.4987370
v 0.5593178 0.5401459 0.5018063
v 0.5603913 0.5431459 0.5037032
v 0.5603913 0.5468541 0.5037032
v 0.5593178 0.5498541 0.5018063
v 0.5575808 0.5510000 0.4987370
v 0.5493386 0.5498541 0.4987820
v 0.5484628 0.5468541 0.4967861
v 0.5484628 0.5431459 0.4967861
v 0.5493386 0.5401459 0.4987820
v 0.5507558 0.5390000 0.5020115
v 0.5521730 0.5401459 0.5052409
v 0.5530488 0.5431459 0.5072368
v 0.5530488 0.5468541 0.5072368
v 0.5521730 0.5498541 0.5052409
v 0.5507558 0.5510000 0.5020115
v 0.0751579 0.5498541 0.6880095
v 0.0744201 0.5468541 0.6859586
v 0.0744201 0.5431459 0.6859586
v 0.0751579 0.5401459 0.6880095
v 0.0763517 0.5390000 0.6913280
v 0.0775455 0.5401459 0.6946466
v 0.0782833 0.5431459 0.6966975
v 0.0782833 0.5468541 0.6966975
v 0.0775455 0.5498541 0.6946465
v 0.0763517 0.5510000 0.6913280
v 0.0485578 0.5498541 0.6965644
v 0.0480351 0.5468541 0.6944484
v 0.0480351 0.5431459 0.6944484
v 0.0485578 0.5401459 0.6965644
v 0.0494036 0.5390000 0.6999882
v 0.0502494 0.5401459 0.7034121
v 0.0507721 0.5431459 0.7055281
v 0.0507721 0.5468541 0.7055281
v 0.0502494 0.5498541 0.7034121
v 0.0494036 0.5510000 0.6999882
v 0.0211543 0.5498541 0.7013651
v 0.0209265 0.5468541 0.6991974
v 0.0209265 0.5431459 0.6991974
v 0.0211543 0.5401459 0.7013651
v 0.0215227 0.5390000 0.7048725
v 0.0218912 0.5401459 0.7083800
v 0.0221189 0.5431459 0.7105477
v 0.0221189 0.5468541 0.7105477
v 0.0218912 0.5498541 0.7083800
v 0.0215227 0.5510000 0.7048725
v -0.0066487 0.5498541 0.7023641
v -0.0065771 0.5468541 0.7001856
v -0.0065771 0.5431459 0.7001856
v -0.0066487 0.5401459 0.7023641
v -0.0067645 0.5390000 0.7058889
v -0.0068803 0.5401459 0.7094137
v -0.0069519 0.5431459 0.7115921
v -0.0069519 0.5468541 0.7115921
v -0.0068803 0.5498541 0.7094136
v -0.0067645 0.5510000 0.7058889
v -0.0343261 0.5498541 0.6995423
v -0.0339566 0.5468541 0.6973943
v -0.0339566 0.5431459 0.6973943
v -0.0343261 0.5401459 0.6995423
v -0.0349240 0.5390000 0.7030180
v -0.0355219 0.5401459 0.7064937
v -0.0358914 0.5431459 0.7086418
v -0.0358914 0.5468541 0.7086418
v -0.0355219 0.5498541 0.7064937
v -0.0349240 0.5510000 0.7030180
v -0.0613554 0.5498541 0.6929532
v -0.0606949 0.5468541 0.6908761
v -0.0606949 0.5431459 0.6908761
v -0.0613554 0.5401459 0.6929532
v -0.0624241 0.5390000 0.6963141
v -0.0634928 0.5401459 0.6996750
v -0.0641533 0.5431459 0.7017521
v -0.0641533 0.5468541 0.7017521
v -0.0634928 0.5498541 0.6996750
v -0.0624241 0.5510000 0.6963141
v -0.0872263 0.5498541 0.6827211
v -0.0862874 0.5468541 0.6807541
v -0.0862874 0.5431459 0.6807541
v -0.0872263 0.5401459 0.6827211
v -0.0887457 0.5390000 0.6859038
v -0.0902650 0.5401459 0.6890864
v -0.0912040 0.5431459 0.6910535
v -0.0912040 0.5468541 0.6910535
v -0.0902650 0.5498541 0.6890864
v -0.0887457 0.5510000 0.6859038
v -0.1114504 0.5498541 0.6690391
v -0.1102507 0.5468541 0.6672194
v -0.1102507 0.5431459 0.6672194
v -0.1114504 0.5401459 0.6690391
v -0.1133917 0.5390000 0.6719835
v -0.1153330 0.5401459 0.6749278
v -0.1165327 0.5431459 0.6767476
v -0.1165327 0.5468541 0.6767476
v -0.1153330 0.5498541 0.6749278
v -0.1133917 0.5510000 0.6719835
v -0.1335703 0.5498541 0.6521657
v -0.1321324 0.5468541 0.6505277
v -0.1321324 0.5431459 0.6505277
v -0.1335703 0.5401459 0.6521657
v -0.1358968 0.5390000 0.6548162
v -0.1382234 0.5401459 0.6574666
v -0.1396613 0.5431459 0.6591046
v -0.1396613 0.5468541 0.6591046
v -0.1382234 0.5498541 0.6574666
v -0.1358968 0.5510000 0.6548162
v -0.1531684 0.5498541 0.6324193
v -0.1515195 0.5468541 0.6309938
v -0.1515195 0.5431459 0.6309938
v -0.1531684 0.5401459 0.6324193
v -0.1558363 0.5390000 0.6347259
v -0.1585042 0.5401459 0.6370324
v -0.1601530 0.5431459 0.6384579
v -0.1601530 0.5468541 0.6384579
v -0.1585042 0.5498541 0.6370324
v -0.1558363 0.5510000 0.6347259
v -0.1698745 0.5498541 0.6101729
v -0.1680458 0.5468541 0.6089869
v -0.1680458 0.5431459 0.6089869
v -0.1698745 0.5401459 0.6101729
v -0.1728334 0.5390000 0.6120920
v -0.1757923 0.5401459 0.6140110
v -0.1776210 0.5431459 0.6151970
v -0.1776210 0.5468541 0.6151970
v -0.1757923 0.5498541 0.6140110
v -0.1728334 0.5510000 0.6120920
v -0.1833735 0.5498541 0.5858464
v -0.1813994 0.5468541 0.5849223
v -0.1813994 0.5431459 0.5849223
v -0.1833735 0.5401459 0.5858464
v -0.1865675 0.5390000 0.5873417
v -0.1897615 0.5401459 0.5888370
v -0.1917355 0.5431459 0.5897611
v -0.1917355 0.5468541 0.5897611
v -0.1897615 0.5498541 0.5888370
v -0.1865675 0.5510000 0.5873417
v -0.1934103 0.5498541 0.5598991
v -0.1913282 0.5468541 0.5592543
v -0.1913282 0.5431459 0.5592543
v -0.1934103 0.5401459 0.5598991
v -0.1967791 0.5390000 0.5609424
v -0.2001480 0.5401459 0.5619857
v -0.2022300 0.5431459 0.5626305
v -0.2022300 0.5468541 0.5626305
v -0.2001480 0.5498541 0.5619857
v -0.1967791 0.5510000 0.5609424
v -0.1997955 0.5498541 0.5328208
v -0.1976447 0.5468541 0.5324675
v -0.1976447 0.5431459 0.5324675
v -0.1997955 0.5401459 0.5328208
v -0.2032755 0.5390000 0.5333925
v -0.2067556 0.5401459 0.5339642
v -0.2089064 0.5431459 0.5343175
v -0.2089064 0.5468541 0.5343175
v -0.2067556 0.5498541 0.5339642
v -0.2032755 0.5510000 0.5333925
v -0.2024085 0.5498541 0.5051230
v -0.2002295 0.5468541 0.5050678
v -0.2002295 0.5431459 0.5050678
v -0.2024085 0.5401459 0.5051230
v -0.2059340 0.5390000 0.5052122
v -0.2094596 0.5401459 0.5053014
v -0.2116386 0.5431459 0.5053566
v -0.2116386 0.5468541 0.5053566
v -0.2094596 0.5498541 0.5053014
v -0.2059340 0.5510000 0.5052122
v -0.2012000 0.5498541 0.4773283
v -0.1990341 0.5468541 0.4775724
v -0.1990341 0.5431459 0.4775724
v -0.2012000 0.5401459 0.4773283
v -0.2047045 0.5390000 0.4769334
v -0.2082090 0.5401459 0.4765385
v -0.2103750 0.5431459 0.4762945
v -0.2103750 0.5468541 0.4762945
v -0.2082090 0.5498541 0.4765385
v -0.2047045 0.5510000 0.4769334
v -0.1961928 0.5498541 0.4499618
v -0.1940808 0.5468541 0.4505004
v -0.1940808 0.5431459 0.4505004
v -0.1961928 0.5401459 0.4499618
v -0.1996101 0.5390000 0.4490902
v -0.2030274 0.5401459 0.4482186
v -0.2051394 0.5431459 0.4476799
v -0.2051394 0.5468541 0.4476799
v -0.2030274 0.5498541 0.4482186
v -0.1996101 0.5510000 0.4490902
v -0.1874814 0.5498541 0.4235399
v -0.1854632 0.5468541 0.4243630
v -0.1854632 0.5431459 0.4243630
v -0.1874814 0.5401459 0.4235399
v -0.1907470 0.5390000 0.4222081
v -0.1940126 0.5401459 0.4208763
v -0.1960308 0.5431459 0.4200532
v -0.1960308 0.5468541 0.4200532
v -0.1940126 0.5498541 0.4208763
v -0.1907470 0.5510000 0.4222081
v -0.1752304 0.5498541 0.3985616
v -0.1733440 0.5468541 0.3996536
v -0.1733440 0.5431459 0.3996536
v -0.1752304 0.5401459 0.3985616
v -0.1782826 0.5390000 0.3967948
v -0.1813348 0.5401459 0.3950279
v -0.1832211 0.5431459 0.3939359
v -0.1832211 0.5468541 0.3939359
v -0.1813348 0.5498541 0.3950279
v -0.1782826 0.5510000 0.3967948
v -0.1596710 0.5498541 0.3754986
v -0.1579521 0.5468541 0.3768388
v -0.1579521 0.5431459 0.3768388
v -0.1596710 0.5401459 0.3754986
v -0.1624522 0.5390000 0.3733300
v -0.1652333 0.5401459 0.3711614
v -0.1669522 0.5431459 0.3698211
v -0.1669522 0.5468541 0.3698211
v -0.1652333 0.5498541 0.3711614
v -0.1624522 0.5510000 0.3733300
v -0.1410969 0.5498541 0.3547861
v -0.1395780 0.5468541 0.3563493
v -0.1395780 0.5431459 0.3563493
v -0.1410969 0.5401459 0.3547861
v -0.1435546 0.5390000 0.3522567
v -0.1460122 0.5401459 0.3497274
v -0.1475312 0.5431459 0.3481641
v -0.1475312 0.5468541 0.3481641
v -0.1460122 0.5498541 0.3497274
v -0.1435546 0.5510000 0.3522567
v -0.1198590 0.5498541 0.3368152
v -0.1185687 0.5468541 0.3385719
v -0.1185687 0.5431459 0.3385719
v -0.1198590 0.5401459 0.3368152
v -0.1219467 0.5390000 0.3339729
v -0.1240344 0.5401459 0.3311305
v -0.1253247 0.5431459 0.3293738
v -0.1253247 0.5468541 0.3293738
v -0.1240344 0.5498541 0.3311305
v -0.1219467 0.5510000 0.3339729
v -0.0963581 0.5498541 0.3219254
v -0.0953208 0.5468541 0.3238424
v -0.0953208 0.5431459 0.3238424
v -0.0963581 0.5401459 0.3219254
v -0.0980364 0.5390000 0.3188237
v -0.0997148 0.5401459 0.3157220
v -0.1007521 0.5431459 0.3138050
v -0.1007521 0.5468541 0.3138050
v -0.0997148 0.5498541 0.3157220
v -0.0980364 0.5510000 0.3188237
v -0.0710379 0.5498541 0.3103976
v -0.0702731 0.5468541 0.3124387
v -0.0702731 0.5431459 0.3124387
v -0.0710379 0.5401459 0.3103976
v -0.0722752 0.5390000 0.3070951
v -0.0735126 0.5401459 0.3037926
v -0.0742773 0.5431459 0.3017515
v -0.0742773 0.5468541 0.3017515
v -0.0735126 0.5498541 0.3037926
v -0.0722752 0.5510000 0.3070951
v -0.0443765 0.5498541 0.3024496
v -0.0438988 0.5468541 0.3045762
v -0.0438988 0.5431459 0.3045762
v -0.0443765 0.5401459 0.3024496
v -0.0451494 0.5390000 0.2990086
v -0.0459224 0.5401459 0.2955677
v -0.0464001 0.5431459 0.2934410
v -0.0464001 0.5468541 0.2934410
v -0.0459224 0.5498541 0.2955677
v -0.0451494 0.5510000 0.2990086
v -0.0168772 0.5498541 0.2982313
v -0.0166956 0.5468541 0.3004034
v -0.0166956 0.5431459 0.3004034
v -0.0168772 0.5401459 0.2982313
v -0.0171712 0.5390000 0.2947169
v -0.0174652 0.5401459 0.2912025
v -0.0176469 0.5431459 0.2890304
v -0.0176469 0.5468541 0.2890304
v -0.0174652 0.5498541 0.2912025
v -0.0171712 0.5510000 0.2947169
v 0.0109406 0.5498541 0.2978225
v 0.0108229 0.5468541 0.2999990
v 0.0108229 0.5431459 0.2999990
v 0.0109406 0.5401459 0.2978225
v 0.0111312 0.5390000 0.2943010
v 0.0113218 0.5401459 0.2907794
v 0.0114395 0.5431459 0.2886030
v 0.0114395 0.5468541 0.2886030
v 0.0113218 0.5498541 0.2907794
v 0.0111312 0.5510000 0.2943010
v 0.0386714 0.5498541 0.3012519
v 0.0383301 0.5468541 0.3034046
v 0.0383301 0.5431459 0.3034046
v 0.0386714 0.5401459 0.3012519
v 0.0392235 0.5390000 0.2977687
v 0.0397756 0.5401459 0.2942854
v 0.0401168 0.5431459 0.2921327
v 0.0401168 0.5468541 0.2921327
v 0.0397756 0.5498541 0.2942854
v 0.0392235 0.5510000 0.2977687
v 0.5399911 0.5498541 0.3984867
v 0.5395761 0.5468541 0.4006264
v 0.5395761 0.5431459 0.4006264
v 0.5399911 0.5401459 0.3984867
v 0.5406626 0.5390000 0.3950245
v 0.5413342 0.5401459 0.3915623
v 0.5417492 0.5431459 0.3894225
v 0.5417492 0.5468541 0.3894225
v 0.5413342 0.5498541 0.3915623
v 0.5406626 0.5510000 0.3950245
f 2055 2053 2054
f 2055 2052 2053
f 2056 2052 2055
f 2056 2051 2052
f 2047 2051 2056
f 2047 2050 2051
f 2048 2050 2047
f 2048 2049 2050
f 2062 2064 2063
f 2062 2065 2064
f 2061 2065 2062
f 2061 2066 2065
f 2060 2066 2061
f 2060 2057 2066
f 2059 2057 2060
f 2059 2058 2057
f 2067 2077 2086
f 2067 2086 2076
f 2068 2078 2077
f 2068 2077 2067
f 2069 2079 2078
f 2069 2078 2068
f 2070 2080 2079
f 2070 2079 2069
f 2071 2081 2080
f 2071 2080 2070
f 2072 2082 2081
f 2072 2081 2071
f 2073 2083 2082
f 2073 2082 2072
f 2074 2084 2083
f 2074 2083 2073
f 2075 2085 2084
f 2075 2084 2074
f 2076 2086 2085
f 2076 2085 2075
f 2077 2087 2096
f 2077 2096 2086
f 2078 2088 2087
f 2078 2087 2077
f 2079 2089 2088
f 2079 2088 2078
f 2080 2090 2089
f 2080 2089 2079
f 2081 2091 2090
f 2081 2090 2080
f 2082 2092 2091
f 2082 2091 2081
f 2083 2093 2092
f 2083 2092 2082
f 2084 2094 2093
f 2084 2093 2083
f 2085 2095 2094
f 2085 2094 2084
f 2086 2096 2095
f 2086 2095 2085
f 2087 2097 2106
f 2087 2106 2096
f 2088 2098 2097
f 2088 2097 2087
f 2089 2099 2098
f 2089 2098 2088
f 2090 2100 2099
f 2090 2099 2089
f 2091 2101 2100
f 2091 2100 2090
f 2092 2102 2101
f 2092 2101 2091
f 2093 2103 2102
f 2093 2102 2092
f 2094 2104 2103
f 2094 2103 2093
f 2095 2105 2104
f 2095 2104 2094
f 2096 2106 2105
f 2096 2105 2095
f 2097 2107 2116
f 2097 2116 2106
f 2098 2108 2107
f 2098 2107 2097
f 2099 2109 2108
f 2099 2108 2098
f 2100 2110 2109
f 2100 2109 2099
f 2101 2111 2110
f 2101 2110 2100
f 2102 2112 2111
f 2102 2111 2101
f 2103 2113 2112
f 2103 2112 2102
f 2104 2114 2113
f 2104 2113 2103
f 2105 2115 2114
f 2105 2114 2104
f 2106 2116 2115
f 2106 2115 2105
f 2107 2117 2126
f 2107 2126 2116
f 2108 2118 2117
f 2108 2117 2107
f 2109 2119 2118
f 2109 2118 2108
f 2110 2120 2119
f 2110 2119 2109
f 2111 2121 2120
f 2111 2120 2110
f 2112 2122 2121
f 2112 2121 2111
f 2113 2123 2122
f 2113 2122 2112
f 2114 2124 2123
f 2114 2123 2113
f 2115 2125 2124
f 2115 2124 2114
f 2116 2126 2125
f 2116 2125 2115
f 2117 2127 2136
f 2117 2136 2126
f 2118 2128 2127
f 2118 2127 2117
f 2119 2129 2128
f 2119 2128 2118
f 2120 2130 2129
f 2120 2129 2119
f 2121 2131 2130
f 2121 2130 2120
f 2122 2132 2131
f 2122 2131 2121
f 2123 2133 2132
f 2123 2132 2122
f 2124 2134 2133
f 2124 2133 2123
f 2125 2135 2134
f 2125 2134 2124
f 2126 2136 2135
f 2126 2135 2125
f 2127 2137 2146
f 2127 2146 2136
f 2128 2138 2137
f 2128 2137 2127
f 2129 2139 2138
f 2129 2138 2128
f 2130 2140 2139
f 2130 2139 2129
f 2131 2141 2140
f 2131 2140 2130
f 2132 2142 2141
f 2132 2141 2131
f 2133 2143 2142
f 2133 2142 2132
f 2134 2144 2143
f 2134 2143 2133
f 2135 2145 2144
f 2135 2144 2134
f 2136 2146 2145
f 2136 2145 2135
f 2137 2147 2156
f 2137 2156 2146
f 2138 2148 2147
f 2138 2147 2137
f 2139 2149 2148
f 2139 2148 2138
f 2140 2150 2149
f 2140 2149 2139
f 2141 2151 2150
f 2141 2150 2140
f 2142 2152 2151
f 2142 2151 2141
f 2143 2153 2152
f 2143 2152 2142
f 2144 2154 2153
f 2144 2153 2143
f 2145 2155 2154
f 2145 2154 2144
f 2146 2156 2155
f 2146 2155 2145
f 2147 2157 2166
f 2147 2166 2156
f 2148 2158 2157
f 2148 2157 2147
f 2149 2159 2158
f 2149 2158 2148
f 2150 2160 2159
f 2150 2159 2149
f 2151 2161 2160
f 2151 2160 2150
f 2152 2162 2161
f 2152 2161 2151
f 2153 2163 2162
f 2153 2162 2152
f 2154 2164 2163
f 2154 2163 2153
f 2155 2165 2164
f 2155 2164 2154
f 2156 2166 2165
f 2156 2165 2155
f 2157 2167 2176
f 2157 2176 2166
f 2158 2168 2167
f 2158 2167 2157
f 2159 2169 2168
f 2159 2168 2158
f 2160 2170 2169
f 2160 2169 2159
f 2161 2171 2170
f 2161 2170 2160
f 2162 2172 2171
f 2162 2171 2161
f 2163 2173 2172
f 2163 2172 2162
f 2164 2174 2173
f 2164 2173 2163
f 2165 2175 2174
f 2165 2174 2164
f 2166 2176 2175
f 2166 2175 2165
f 2167 2177 2186
f 2167 2186 2176
f 2168 2178 2177
f 2168 2177 2167
f 2169 2179 2178
f 2169 2178 2168
f 2170 2180 2179
f 2170 2179 2169
f 2171 2181 2180
f 2171 2180 2170
f 2172 2182 2181
f 2172 2181 2171
f 2173 2183 2182
f 2173 2182 2172
f 2174 2184 2183
f 2174 2183 2173
f 2175 2185 2184
f 2175 2184 2174
f 2176 2186 2185
f 2176 2185 2175
f 2177 2187 2196
f 2177 2196 2186
f 2178 2188 2187
f 2178 2187 2177
f 2179 2189 2188
f 2179 2188 2178
f 2180 2190 2189
f 2180 2189 2179
f 2181 2191 2190
f 2181 2190 2180
f 2182 2192 2191
f 2182 2191 2181
f 2183 2193 2192
f 2183 2192 2182
f 2184 2194 2193
f 2184 2193 2183
f 2185 2195 2194
f 2185 2194 2184
f 2186 2196 2195
f 2186 2195 2185
f 2187 2197 2206
f 2187 2206 2196
f 2188 2198 2197
f 2188 2197 2187
f 2189 2199 2198
f 2189 2198 2188
f 2190 2200 2199
f 2190 2199 2189
f 2191 2201 2200
f 2191 2200 2190
f 2192 2202 2201
f 2192 2201 2191
f 2193 2203 2202
f 2193 2202 2192
f 2194 2204 2203
f 2194 2203 2193
f 2195 2205 2204
f 2195 2204 2194
f 2196 2206 2205
f 2196 2205 2195
f 2197 2207 2216
f 2197 2216 2206
f 2198 2208 2207
f 2198 2207 2197
f 2199 2209 2208
f 2199 2208 2198
f 2200 2210 2209
f 2200 2209 2199
f 2201 2211 2210
f 2201 2210 2200
f 2202 2212 2211
f 2202 2211 2201
f 2203 2213 2212
f 2203 2212 2202
f 2204 2214 2213
f 2204 2213 2203
f 2205 2215 2214
f 2205 2214 2204
f 2206 2216 2215
f 2206 2215 2205
f 2207 2217 2226
f 2207 2226 2216
f 2208 2218 2217
f 2208 2217 2207
f 2209 2219 2218
f 2209 2218 2208
f 2210 2220 2219
f 2210 2219 2209
f 2211 2221 2220
f 2211 2220 2210
f 2212 2222 2221
f 2212 2221 2211
f 2213 2223 2222
f 2213 2222 2212
f 2214 2224 2223
f 2214 2223 2213
f 2215 2225 2224
f 2215 2224 2214
f 2216 2226 2225
f 2216 2225 2215
f 2217 2227 2236
f 2217 2236 2226
f 2218 2228 2227
f 2218 2227 2217
f 2219 2229 2228
f 2219 2228 2218
f 2220 2230 2229
f 2220 2229 2219
f 2221 2231 2230
f 2221 2230 2220
f 2222 2232 2231
f 2222 2231 2221
f 2223 2233 2232
f 2223 2232 2222
f 2224 2234 2233
f 2224 2233 2223
f 2225 2235 2234
f 2225 2234 2224
f 2226 2236 2235
f 2226 2235 2225
f 2227 2237 2246
f 2227 2246 2236
f 2228 2238 2237
f 2228 2237 2227
f 2229 2239 2238
f 2229 2238 2228
f 2230 2240 2239
f 2230 2239 2229
f 2231 2241 2240
f 2231 2240 2230
f 2232 2242 2241
f 2232 2241 2231
f 2233 2243 2242
f 2233 2242 2232
f 2234 2244 2243
f 2234 2243 2233
f 2235 2245 2244
f 2235 2244 2234
f 2236 2246 2245
f 2236 2245 2235
f 2237 2247 2256
f 2237 2256 2246
f 2238 2248 2247
f 2238 2247 2237
f 2239 2249 2248
f 2239 2248 2238
f 2240 2250 2249
f 2240 2249 2239
f 2241 2251 2250
f 2241 2250 2240
f 2242 2252 2251
f 2242 2251 2241
f 2243 2253 2252
f 2243 2252 2242
f 2244 2254 2253
f 2244 2253 2243
f 2245 2255 2254
f 2245 2254 2244
f 2246 2256 2255
f 2246 2255 2245
f 2247 2257 2266
f 2247 2266 2256
f 2248 2258 2257
f 2248 2257 2247
f 2249 2259 2258
f 2249 2258 2248
f 2250 2260 2259
f 2250 2259 2249
f 2251 2261 2260
f 2251 2260 2250
f 2252 2262 2261
f 2252 2261 2251
f 2253 2263 2262
f 2253 2262 2252
f 2254 2264 2263
f 2254 2263 2253
f 2255 2265 2264
f 2255 2264 2254
f 2256 2266 2265
f 2256 2265 2255
f 2257 2267 2276
f 2257 2276 2266
f 2258 2268 2267
f 2258 2267 2257
f 2259 2269 2268
f 2259 2268 2258
f 2260 2270 2269
f 2260 2269 2259
f 2261 2271 2270
f 2261 2270 2260
f 2262 2272 2271
f 2262 2271 2261
f 2263 2273 2272
f 2263 2272 2262
f 2264 2274 2273
f 2264 2273 2263
f 2265 2275 2274
f 2265 2274 2264
f 2266 2276 2275
f 2266 2275 2265
f 2267 2277 2286
f 2267 2286 2276
f 2268 2278 2277
f 2268 2277 2267
f 2269 2279 2278
f 2269 2278 2268
f 2270 2280 2279
f 2270 2279 2269
f 2271 2281 2280
f 2271 2280 2270
f 2272 2282 2281
f 2272 2281 2271
f 2273 2283 2282
f 2273 2282 2272
f 2274 2284 2283
f 2274 2283 2273
f 2275 2285 2284
f 2275 2284 2274
f 2276 2286 2285
f 2276 2285 2275
f 2277 2287 2296
f 2277 2296 2286
f 2278 2288 2287
f 2278 2287 2277
f 2279 2289 2288
f 2279 2288 2278
f 2280 2290 2289
f 2280 2289 2279
f 2281 2291 2290
f 2281 2290 2280
f 2282 2292 2291
f 2282 2291 2281
f 2283 2293 2292
f 2283 2292 2282
f 2284 2294 2293
f 2284 2293 2283
f 2285 2295 2294
f 2285 2294 2284
f 2286 2296 2295
f 2286 2295 2285
f 2287 2297 2306
f 2287 2306 2296
f 2288 2298 2297
f 2288 2297 2287
f 2289 2299 2298
f 2289 2298 2288
f 2290 2300 2299
f 2290 2299 2289
f 2291 2301 2300
f 2291 2300 2290
f 2292 2302 2301
f 2292 2301 2291
f 2293 2303 2302
f 2293 2302 2292
f 2294 2304 2303
f 2294 2303 2293
f 2295 2305 2304
f 2295 2304 2294
f 2296 2306 2305
f 2296 2305 2295
f 2297 2307 2316
f 2297 2316 2306
f 2298 2308 2307
f 2298 2307 2297
f 2299 2309 2308
f 2299 2308 2298
f 2300 2310 2309
f 2300 2309 2299
f 2301 2311 2310
f 2301 2310 2300
f 2302 2312 2311
f 2302 2311 2301
f 2303 2313 2312
f 2303 2312 2302
f 2304 2314 2313
f 2304 2313 2303
f 2305 2315 2314
f 2305 2314 2304
f 2306 2316 2315
f 2306 2315 2305
f 2307 2317 2326
f 2307 2326 2316
f 2308 2318 2317
f 2308 2317 2307
f 2309 2319 2318
f 2309 2318 2308
f 2310 2320 2319
f 2310 2319 2309
f 2311 2321 2320
f 2311 2320 2310
f 2312 2322 2321
f 2312 2321 2311
f 2313 2323 2322
f 2313 2322 2312
f 2314 2324 2323
f 2314 2323 2313
f 2315 2325 2324
f 2315 2324 2314
f 2316 2326 2325
f 2316 2325 2315
f 2317 2327 2336
f 2317 2336 2326
f 2318 2328 2327
f 2318 2327 2317
f 2319 2329 2328
f 2319 2328 2318
f 2320 2330 2329
f 2320 2329 2319
f 2321 2331 2330
f 2321 2330 2320
f 2322 2332 2331
f 2322 2331 2321
f 2323 2333 2332
f 2323 2332 2322
f 2324 2334 2333
f 2324 2333 2323
f 2325 2335 2334
f 2325 2334 2324
f 2326 2336 2335
f 2326 2335 2325
f 2327 2337 2346
f 2327 2346 2336
f 2328 2338 2337
f 2328 2337 2327
f 2329 2339 2338
f 2329 2338 2328
f 2330 2340 2339
f 2330 2339 2329
f 2331 2341 2340
f 2331 2340 2330
f 2332 2342 2341
f 2332 2341 2331
f 2333 2343 2342
f 2333 2342 2332
f 2334 2344 2343
f 2334 2343 2333
f 2335 2345 2344
f 2335 2344 2334
f 2336 2346 2345
f 2336 2345 2335
f 2337 2347 2356
f 2337 2356 2346
f 2338 2348 2347
f 2338 2347 2337
f 2339 2349 2348
f 2339 2348 2338
f 2340 2350 2349
f 2340 2349 2339
f 2341 2351 2350
f 2341 2350 2340
f 2342 2352 2351
f 2342 2351 2341
f 2343 2353 2352
f 2343 2352 2342
f 2344 2354 2353
f 2344 2353 2343
f 2345 2355 2354
f 2345 2354 2344
f 2346 2356 2355
f 2346 2355 2345
f 2347 2357 2366
f 2347 2366 2356
f 2348 2358 2357
f 2348 2357 2347
f 2349 2359 2358
f 2349 2358 2348
f 2350 2360 2359
f 2350 2359 2349
f 2351 2361 2360
f 2351 2360 2350
f 2352 2362 2361
f 2352 2361 2351
f 2353 2363 2362
f 2353 2362 2352
f 2354 2364 2363
f 2354 2363 2353
f 2355 2365 2364
f 2355 2364 2354
f 2356 2366 2365
f 2356 2365 2355
f 2357 2367 2376
f 2357 2376 2366
f 2358 2368 2367
f 2358 2367 2357
f 2359 2369 2368
f 2359 2368 2358
f 2360 2370 2369
f 2360 2369 2359
f 2361 2371 2370
f 2361 2370 2360
f 2362 2372 2371
f 2362 2371 2361
f 2363 2373 2372
f 2363 2372 2362
f 2364 2374 2373
f 2364 2373 2363
f 2365 2375 2374
f 2365 2374 2364
f 2366 2376 2375
f 2366 2375 2365
f 2367 2377 2386
f 2367 2386 2376
f 2368 2378 2377
f 2368 2377 2367
f 2369 2379 2378
f 2369 2378 2368
f 2370 2380 2379
f 2370 2379 2369
f 2371 2381 2380
f 2371 2380 2370
f 2372 2382 2381
f 2372 2381 2371
f 2373 2383 2382
f 2373 2382 2372
f 2374 2384 2383
f 2374 2383 2373
f 2375 2385 2384
f 2375 2384 2374
f 2376 2386 2385
f 2376 2385 2375
f 2377 2387 2396
f 2377 2396 2386
f 2378 2388 2387
f 2378 2387 2377
f 2379 2389 2388
f 2379 2388 2378
f 2380 2390 2389
f 2380 2389 2379
f 2381 2391 2390
f 2381 2390 2380
f 2382 2392 2391
f 2382 2391 2381
f 2383 2393 2392
f 2383 2392 2382
f 2384 2394 2393
f 2384 2393 2383
f 2385 2395 2394
f 2385 2394 2384
f 2386 2396 2395
f 2386 2395 2385
f 2387 2397 2406
f 2387 2406 2396
f 2388 2398 2397
f 2388 2397 2387
f 2389 2399 2398
f 2389 2398 2388
f 2390 2400 2399
f 2390 2399 2389
f 2391 2401 2400
f 2391 2400 2390
f 2392 2402 2401
f 2392 2401 2391
f 2393 2403 2402
f 2393 2402 2392
f 2394 2404 2403
f 2394 2403 2393
f 2395 2405 2404
f 2395 2404 2394
f 2396 2406 2405
f 2396 2405 2395
f 2397 2407 2416
f 2397 2416 2406
f 2398 2408 2407
f 2398 2407 2397
f 2399 2409 2408
f 2399 2408 2398
f 2400 2410 2409
f 2400 2409 2399
f 2401 2411 2410
f 2401 2410 2400
f 2402 2412 2411
f 2402 2411 2401
f 2403 2413 2412
f 2403 2412 2402
f 2404 2414 2413
f 2404 2413 2403
f 2405 2415 2414
f 2405 2414 2404
f 2406 2416 2415
f 2406 2415 2405
f 2407 2417 2426
f 2407 2426 2416
f 2408 2418 2417
f 2408 2417 2407
f 2409 2419 2418
f 2409 2418 2408
f 2410 2420 2419
f 2410 2419 2409
f 2411 2421 2420
f 2411 2420 2410
f 2412 2422 2421
f 2412 2421 2411
f 2413 2423 2422
f 2413 2422 2412
f 2414 2424 2423
f 2414 2423 2413
f 2415 2425 2424
f 2415 2424 2414
f 2416 2426 2425
f 2416 2425 2415
f 2417 2427 2436
f 2417 2436 2426
f 2418 2428 2427
f 2418 2427 2417
f 2419 2429 2428
f 2419 2428 2418
f 2420 2430 2429
f 2420 2429 2419
f 2421 2431 2430
f 2421 2430 2420
f 2422 2432 2431
f 2422 2431 2421
f 2423 2433 2432
f 2423 2432 2422
f 2424 2434 2433
f 2424 2433 2423
f 2425 2435 2434
f 2425 2434 2424
f 2426 2436 2435
f 2426 2435 2425
f 2427 2437 2446
f 2427 2446 2436
f 2428 2438 2437
f 2428 2437 2427
f 2429 2439 2438
f 2429 2438 2428
f 2430 2440 2439
f 2430 2439 2429
f 2431 2441 2440
f 2431 2440 2430
f 2432 2442 2441
f 2432 2441 2431
f 2433 2443 2442
f 2433 2442 2432
f 2434 2444 2443
f 2434 2443 2433
f 2435 2445 2444
f 2435 2444 2434
f 2436 2446 2445
f 2436 2445 2435
f 2437 2447 2456
f 2437 2456 2446
f 2438 2448 2447
f 2438 2447 2437
f 2439 2449 2448
f 2439 2448 2438
f 2440 2450 2449
f 2440 2449 2439
f 2441 2451 2450
f 2441 2450 2440
f 2442 2452 2451
f 2442 2451 2441
f 2443 2453 2452
f 2443 2452 2442
f 2444 2454 2453
f 2444 2453 2443
f 2445 2455 2454
f 2445 2454 2444
f 2446 2456 2455
f 2446 2455 2445
f 2447 2457 2466
f 2447 2466 2456
f 2448 2458 2457
f 2448 2457 2447
f 2449 2459 2458
f 2449 2458 2448
f 2450 2460 2459
f 2450 2459 2449
f 2451 2461 2460
f 2451 2460 2450
f 2452 2462 2461
f 2452 2461 2451
f 2453 2463 2462
f 2453 2462 2452
f 2454 2464 2463
f 2454 2463 2453
f 2455 2465 2464
f 2455 2464 2454
f 2456 2466 2465
f 2456 2465 2455
f 2457 2467 2476
f 2457 2476 2466
f 2458 2468 2467
f 2458 2467 2457
f 2459 2469 2468
f 2459 2468 2458
f 2460 2470 2469
f 2460 2469 2459
f 2461 2471 2470
f 2461 2470 2460
f 2462 2472 2471
f 2462 2471 2461
f 2463 2473 2472
f 2463 2472 2462
f 2464 2474 2473
f 2464 2473 2463
f 2465 2475 2474
f 2465 2474 2464
f 2466 2476 2475
f 2466 2475 2465
f 2467 2477 2486
f 2467 2486 2476
f 2468 2478 2477
f 2468 2477 2467
f 2469 2479 2478
f 2469 2478 2468
f 2470 2480 2479
f 2470 2479 2469
f 2471 2481 2480
f 2471 2480 2470
f 2472 2482 2481
f 2472 2481 2471
f 2473 2483 2482
f 2473 2482 2472
f 2474 2484 2483
f 2474 2483 2473
f 2475 2485 2484
f 2475 2484 2474
f 2476 2486 2485
f 2476 2485 2475
f 2477 2487 2496
f 2477 2496 2486
f 2478 2488 2487
f 2478 2487 2477
f 2479 2489 2488
f 2479 2488 2478
f 2480 2490 2489
f 2480 2489 2479
f 2481 2491 2490
f 2481 2490 2480
f 2482 2492 2491
f 2482 2491 2481
f 2483 2493 2492
f 2483 2492 2482
f 2484 2494 2493
f 2484 2493 2483
f 2485 2495 2494
f 2485 2494 2484
f 2486 2496 2495
f 2486 2495 2485
f 2487 2497 2506
f 2487 2506 2496
f 2488 2498 2497
f 2488 2497 2487
f 2489 2499 2498
f 2489 2498 2488
f 2490 2500 2499
f 2490 2499 2489
f 2491 2501 2500
f 2491 2500 2490
f 2492 2502 2501
f 2492 2501 2491
f 2493 2503 2502
f 2493 2502 2492
f 2494 2504 2503
f 2494 2503 2493
f 2495 2505 2504
f 2495 2504 2494
f 2496 2506 2505
f 2496 2505 2495
f 2497 2507 2516
f 2497 2516 2506
f 2498 2508 2507
f 2498 2507 2497
f 2499 2509 2508
f 2499 2508 2498
f 2500 2510 2509
f 2500 2509 2499
f 2501 2511 2510
f 2501 2510 2500
f 2502 2512 2511
f 2502 2511 2501
f 2503 2513 2512
f 2503 2512 2502
f 2504 2514 2513
f 2504 2513 2503
f 2505 2515 2514
f 2505 2514 2504
f 2506 2516 2515
f 2506 2515 2505
f 2507 2517 2526
f 2507 2526 2516
f 2508 2518 2517
f 2508 2517 2507
f 2509 2519 2518
f 2509 2518 2508
f 2510 2520 2519
f 2510 2519 2509
f 2511 2521 2520
f 2511 2520 2510
f 2512 2522 2521
f 2512 2521 2511
f 2513 2523 2522
f 2513 2522 2512
f 2514 2524 2523
f 2514 2523 2513
f 2515 2525 2524
f 2515 2524 2514
f 2516 2526 2525
f 2516 2525 2515
f 2517 2527 2536
f 2517 2536 2526
f 2518 2528 2527
f 2518 2527 2517
f 2519 2529 2528
f 2519 2528 2518
f 2520 2530 2529
f 2520 2529 2519
f 2521 2531 2530
f 2521 2530 2520
f 2522 2532 2531
f 2522 2531 2521
f 2523 2533 2532
f 2523 2532 2522
f 2524 2534 2533
f 2524 2533 2523
f 2525 2535 2534
f 2525 2534 2524
f 2526 2536 2535
f 2526 2535 2525
f 2527 2537 2546
f 2527 2546 2536
f 2528 2538 2537
f 2528 2537 2527
f 2529 2539 2538
f 2529 2538 2528
f 2530 2540 2539
f 2530 2539 2529
f 2531 2541 2540
f 2531 2540 2530
f 2532 2542 2541
f 2532 2541 2531
f 2533 2543 2542
f 2533 2542 2532
f 2534 2544 2543
f 2534 2543 2533
f 2535 2545 2544
f 2535 2544 2534
f 2536 2546 2545
f 2536 2545 2535
f 2537 2547 2556
f 2537 2556 2546
f 2538 2548 2547
f 2538 2547 2537
f 2539 2549 2548
f 2539 2548 2538
f 2540 2550 2549
f 2540 2549 2539
f 2541 2551 2550
f 2541 2550 2540
f 2542 2552 2551
f 2542 2551 2541
f 2543 2553 2552
f 2543 2552 2542
f 2544 2554 2553
f 2544 2553 2543
f 2545 2555 2554
f 2545 2554 2544
f 2546 2556 2555
f 2546 2555 2545
v 0.5140000 0.6040000 0.4500000
v 0.5140000 0.6000000 0.4540000
v 0.5100000 0.6040000 0.4540000
v 0.5140000 0.6020026 0.4505344
v 0.5120026 0.6040000 0.4505344
v 0.5120871 0.6020871 0.4510535
v 0.5120026 0.6005344 0.4540000
v 0.5140000 0.6005344 0.4520026
v 0.5120871 0.6010535 0.4520872
v 0.5105343 0.6040000 0.4520026
v 0.5105343 0.6020026 0.4540000
v 0.5110534 0.6020871 0.4520872
v 0.5140000 0.6000000 0.5460000
v 0.5140000 0.6040000 0.5500000
v 0.5100000 0.6040000 0.5460000
v 0.5140000 0.6005344 0.5479974
v 0.5120026 0.6005344 0.5460000
v 0.5120871 0.6010535 0.5479128
v 0.5120026 0.6040000 0.5494656
v 0.5140000 0.6020026 0.5494656
v 0.5120871 0.6020871 0.5489466
v 0.5105343 0.6020026 0.5460000
v 0.5105343 0.6040000 0.5479974
v 0.5110534 0.6020871 0.5479128
v 0.5140000 0.6460000 0.4500000
v 0.5100000 0.6460000 0.4540000
v 0.5140000 0.6500000 0.4540000
v 0.5120026 0.6460000 0.4505344
v 0.5140000 0.6479974 0.4505344
v 0.5120871 0.6479129 0.4510535
v 0.5105343 0.6479974 0.4540000
v 0.5105343 0.6460000 0.4520026
v 0.5110534 0.6479129 0.4520872
v 0.5140000 0.6494656 0.4520026
v 0.5120026 0.6494656 0.4540000
v 0.5120871 0.6489465 0.4520872
v 0.5140000 0.6460000 0.5500000
v 0.5140000 0.6500000 0.5460000
v 0.5100000 0.6460000 0.5460000
v 0.5140000 0.6479974 0.5494656
v 0.5120026 0.6460000 0.5494656
v 0.5120871 0.6479129 0.5489466
v 0.5120026 0.6494656 0.5460000
v 0.5140000 0.6494656 0.5479974
v 0.5120871 0.6489465 0.5479128
v 0.5105343 0.6460000 0.5479974
v 0.5105343 0.6479974 0.5460000
v 0.5110534 0.6479129 0.5479128
v 0.5459999 0.6040000 0.4500000
v 0.5500000 0.6040000 0.4540000
v 0.5459999 0.6000000 0.4540000
v 0.5479974 0.6040000 0.4505344
v 0.5459999 0.6020026 0.4505344
v 0.5479128 0.6020871 0.4510535
v 0.5494656 0.6020026 0.4540000
v 0.5494656 0.6040000 0.4520026
v 0.5489465 0.6020871 0.4520872
v 0.5459999 0.6005344 0.4520026
v 0.5479974 0.6005344 0.4540000
v 0.5479128 0.6010535 0.4520872
v 0.5459999 0.6040000 0.5500000
v 0.5459999 0.6000000 0.5460000
v 0.5500000 0.6040000 0.5460000
v 0.5459999 0.6020026 0.5494656
v 0.5479974 0.6040000 0.5494656
v 0.5479128 0.6020871 0.5489466
v 0.5479974 0.6005344 0.5460000
v 0.5459999 0.6005344 0.5479974
v 0.5479128 0.6010535 0.5479128
v 0.5494656 0.6040000 0.5479974
v 0.5494656 0.6020026 0.5460000
v 0.5489465 0.6020871 0.5479128
v 0.5459999 0.6460000 0.4500000
v 0.5459999 0.6500000 0.4540000
v 0.5500000 0.6460000 0.4540000
v 0.5459999 0.6479974 0.4505344
v 0.5479974 0.6460000 0.4505344
v 0.5479128 0.6479129 0.4510535
v 0.5479974 0.6494656 0.4540000
v 0.5459999 0.6494656 0.4520026
v 0.5479128 0.6489465 0.4520872
v 0.5494656 0.6460000 0.4520026
v 0.5494656 0.6479974 0.4540000
v 0.5489465 0.6479129 0.4520872
v 0.5459999 0.6460000 0.5500000
v 0.5500000 0.6460000 0.5460000
v 0.5459999 0.6500000 0.5460000
v 0.5479974 0.6460000 0.5494656
v 0.5459999 0.6479974 0.5494656
v 0.5479128 0.6479129 0.5489466
v 0.5494656 0.6479974 0.5460000
v 0.5494656 0.6460000 0.5479974
v 0.5489465 0.6479129 0.5479128
v 0.5459999 0.6494656 0.5479974
v 0.5479974 0.6494656 0.5460000
v 0.5479128 0.6489465 0.5479128
f 2557 2560 2562
f 2557 2562 2561
f 2560 2564 2565
f 2560 2565 2562
f 2558 2563 2565
f 2558 2565 2564
f 2563 2567 2568
f 2563 2568 2565
f 2559 2566 2568
f 2559 2568 2567
f 2566 2561 2562
f 2566 2562 2568
f 2562 2565 2568
f 2569 2572 2574
f 2569 2574 2573
f 2572 2576 2577
f 2572 2577 2574
f 2570 2575 2577
f 2570 2577 2576
f 2575 2579 2580
f 2575 2580 2577
f 2571 2578 2580
f 2571 2580 2579
f 2578 2573 2574
f 2578 2574 2580
f 2574 2577 2580
f 2581 2584 2586
f 2581 2586 2585
f 2584 2588 2589
f 2584 2589 2586
f 2582 2587 2589
f 2582 2589 2588
f 2587 2591 2592
f 2587 2592 2589
f 2583 2590 2592
f 2583 2592 2591
f 2590 2585 2586
f 2590 2586 2592
f 2586 2589 2592
f 2593 2596 2598
f 2593 2598 2597
f 2596 2600 2601
f 2596 2601 2598
f 2594 2599 2601
f 2594 2601 2600
f 2599 2603 2604
f 2599 2604 2601
f 2595 2602 2604
f 2595 2604 2603
f 2602 2597 2598
f 2602 2598 2604
f 2598 2601 2604
f 2605 2608 2610
f 2605 2610 2609
f 2608 2612 2613
f 2608 2613 2610
f 2606 2611 2613
f 2606 2613 2612
f 2611 2615 2616
f 2611 2616 2613
f 2607 2614 2616
f 2607 2616 2615
f 2614 2609 2610
f 2614 2610 2616
f 2610 2613 2616
f 2617 2620 2622
f 2617 2622 2621
f 2620 2624 2625
f 2620 2625 2622
f 2618 2623 2625
f 2618 2625 2624
f 2623 2627 2628
f 2623 2628 2625
f 2619 2626 2628
f 2619 2628 2627
f 2626 2621 2622
f 2626 2622 2628
f 2622 2625 2628
f 2629 2632 2634
f 2629 2634 2633
f 2632 2636 2637
f 2632 2637 2634
f 2630 2635 2637
f 2630 2637 2636
f 2635 2639 2640
f 2635 2640 2637
f 2631 2638 2640
f 2631 2640 2639
f 2638 2633 2634
f 2638 2634 2640
f 2634 2637 2640
f 2641 2644 2646
f 2641 2646 2645
f 2644 2648 2649
f 2644 2649 2646
f 2642 2647 2649
f 2642 2649 2648
f 2647 2651 2652
f 2647 2652 2649
f 2643 2650 2652
f 2643 2652 2651
f 2650 2645 2646
f 2650 2646 2652
f 2646 2649 2652
f 2581 2557 2561
f 2581 2561 2584
f 2584 2561 2566
f 2584 2566 2588
f 2588 2566 2559
f 2588 2559 2582
f 2558 2569 2573
f 2558 2573 2563
f 2563 2573 2578
f 2563 2578 2567
f 2567 2578 2571
f 2567 2571 2559
f 2570 2593 2597
f 2570 2597 2575
f 2575 2597 2602
f 2575 2602 2579
f 2579 2602 2595
f 2579 2595 2571
f 2594 2583 2591
f 2594 2591 2599
f 2599 2591 2587
f 2599 2587 2603
f 2603 2587 2582
f 2603 2582 2595
f 2629 2581 2585
f 2629 2585 2632
f 2632 2585 2590
f 2632 2590 2636
f 2636 2590 2583
f 2636 2583 2630
f 2593 2641 2645
f 2593 2645 2596
f 2596 2645 2650
f 2596 2650 2600
f 2600 2650 2643
f 2600 2643 2594
f 2642 2631 2639
f 2642 2639 2647
f 2647 2639 2635
f 2647 2635 2651
f 2651 2635 2630
f 2651 2630 2643
f 2605 2629 2633
f 2605 2633 2608
f 2608 2633 2638
f 2608 2638 2612
f 2612 2638 2631
f 2612 2631 2606
f 2641 2617 2621
f 2641 2621 2644
f 2644 2621 2626
f 2644 2626 2648
f 2648 2626 2619
f 2648 2619 2642
f 2618 2607 2615
f 2618 2615 2623
f 2623 2615 2611
f 2623 2611 2627
f 2627 2611 2606
f 2627 2606 2619
f 2557 2605 2609
f 2557 2609 2560
f 2560 2609 2614
f 2560 2614 2564
f 2564 2614 2607
f 2564 2607 2558
f 2617 2570 2576
f 2617 2576 2620
f 2620 2576 2572
f 2620 2572 2624
f 2624 2572 2569
f 2624 2569 2618
f 2581 2629 2605
f 2581 2605 2557
f 2559 2571 2595
f 2559 2595 2582
f 2607 2618 2569
f 2607 2569 2558
f 2641 2593 2570
f 2641 2570 2617
f 2583 2594 2643
f 2583 2643 2630
f 2631 2642 2619
f 2631 2619 2606
v 0.5480254 0.6170521 0.5095063
v 0.6180254 0.3670521 0.7095063
v 0.5525979 0.6177535 0.5087826
v 0.6225979 0.3677535 0.7087827
v 0.5567748 0.6172745 0.5067220
v 0.6267748 0.3672745 0.7067220
v 0.5599204 0.6156880 0.5036379
v 0.6299204 0.3656880 0.7036379
v 0.5615556 0.6132356 0.5000000
v 0.6315556 0.3632356 0.7000000
v 0.5614316 0.6102905 0.4963621
v 0.6314316 0.3602906 0.6963621
v 0.5595673 0.6073013 0.4932781
v 0.6295673 0.3573013 0.6932781
v 0.5562465 0.6047229 0.4912174
v 0.6262465 0.3547229 0.6912174
v 0.5519747 0.6029479 0.4904938
v 0.6219746 0.3529479 0.6904938
v 0.5474022 0.6022465 0.4912174
v 0.6174022 0.3522465 0.6912174
v 0.5432253 0.6027255 0.4932781
v 0.6132253 0.3527255 0.6932781
v 0.5400797 0.6043120 0.4963621
v 0.6100797 0.3543120 0.6963621
v 0.5384445 0.6067644 0.5000000
v 0.6084445 0.3567645 0.7000000
v 0.5385684 0.6097094 0.5036379
v 0.6085684 0.3597095 0.7036379
v 0.5404328 0.6126987 0.5067220
v 0.6104327 0.3626987 0.7067220
v 0.5437536 0.6152771 0.5087826
v 0.6137536 0.3652771 0.7087827
f 2653 2654 2656
f 2653 2656 2655
f 2655 2656 2658
f 2655 2658 2657
f 2657 2658 2660
f 2657 2660 2659
f 2659 2660 2662
f 2659 2662 2661
f 2661 2662 2664
f 2661 2664 2663
f 2663 2664 2666
f 2663 2666 2665
f 2665 2666 2668
f 2665 2668 2667
f 2667 2668 2670
f 2667 2670 2669
f 2669 2670 2672
f 2669 2672 2671
f 2671 2672 2674
f 2671 2674 2673
f 2673 2674 2676
f 2673 2676 2675
f 2675 2676 2678
f 2675 2678 2677
f 2677 2678 2680
f 2677 2680 2679
f 2679 2680 2682
f 2679 2682 2681
f 2658 2656 2654
f 2654 2684 2682
f 2682 2680 2678
f 2678 2676 2674
f 2674 2672 2670
f 2670 2668 2666
f 2666 2664 2662
f 2662 2660 2658
f 2658 2654 2682
f 2682 2678 2674
f 2674 2670 2666
f 2666 2662 2658
f 2658 2682 2674
f 2674 2666 2658
f 2681 2682 2684
f 2681 2684 2683
f 2683 2684 2654
f 2683 2654 2653
f 2683 2653 2655
f 2655 2657 2659
f 2659 2661 2663
f 2663 2665 2667
f 2667 2669 2671
f 2671 2673 2675
f 2675 2677 2679
f 2679 2681 2683
f 2683 2655 2659
f 2659 2663 2667
f 2667 2671 2675
f 2675 2679 2683
f 2683 2659 2667
f 2667 2675 2683
v 0.6200000 0.3180000 0.6700000
v 0.6200000 0.3180000 0.7000000
v 0.6154078 0.3189135 0.6700000
v 0.6154078 0.3189135 0.7000000
v 0.6115147 0.3215147 0.6700000
v 0.6115147 0.3215147 0.7000000
v 0.6089134 0.3254078 0.6700000
v 0.6089134 0.3254078 0.7000000
v 0.6080000 0.3300000 0.6700000
v 0.6080000 0.3300000 0.7000000
v 0.6089134 0.3345922 0.6700000
v 0.6089134 0.3345922 0.7000000
v 0.6115147 0.3384853 0.6700000
v 0.6115147 0.3384853 0.7000000
v 0.6154078 0.3410866 0.6700000
v 0.6154078 0.3410866 0.7000000
v 0.6200000 0.3420000 0.6700000
v 0.6200000 0.3420000 0.7000000
v 0.6245922 0.3410866 0.6700000
v 0.6245922 0.3410866 0.7000000
v 0.6284853 0.3384853 0.6700000
v 0.6284853 0.3384853 0.7000000
v 0.6310866 0.3345922 0.6700000
v 0.6310866 0.3345922 0.7000000
v 0.6320000 0.3300000 0.6700000
v 0.6320000 0.3300000 0.7000000
v 0.6310866 0.3254078 0.6700000
v 0.6310866 0.3254078 0.7000000
v 0.6284853 0.3215147 0.6700000
v 0.6284853 0.3215147 0.7000000
v 0.6245922 0.3189135 0.6700000
v 0.6245922 0.3189135 0.7000000
f 2685 2686 2688
f 2685 2688 2687
f 2687 2688 2690
f 2687 2690 2689
f 2689 2690 2692
f 2689 2692 2691
f 2691 2692 2694
f 2691 2694 2693
f 2693 2694 2696
f 2693 2696 2695
f 2695 2696 2698
f 2695 2698 2697
f 2697 2698 2700
f 2697 2700 2699
f 2699 2700 2702
f 2699 2702 2701
f 2701 2702 2704
f 2701 2704 2703
f 2703 2704 2706
f 2703 2706 2705
f 2705 2706 2708
f 2705 2708 2707
f 2707 2708 2710
f 2707 2710 2709
f 2709 2710 2712
f 2709 2712 2711
f 2711 2712 2714
f 2711 2714 2713
f 2690 2688 2686
f 2686 2716 2714
f 2714 2712 2710
f 2710 2708 2706
f 2706 2704 2702
f 2702 2700 2698
f 2698 2696 2694
f 2694 2692 2690
f 2690 2686 2714
f 2714 2710 2706
f 2706 2702 2698
f 2698 2694 2690
f 2690 2714 2706
f 2706 2698 2690
f 2713 2714 2716
f 2713 2716 2715
f 2715 2716 2686
f 2715 2686 2685
f 2715 2685 2687
f 2687 2689 2691
f 2691 2693 2695
f 2695 2697 2699
f 2699 2701 2703
f 2703 2705 2707
f 2707 2709 2711
f 2711 2713 2715
f 2715 2687 2691
f 2691 2695 2699
f 2699 2703 2707
f 2707 2711 2715
f 2715 2691 2699
f 2699 2707 2715
v 0.6200000 -0.4099999 0.7120000
v 0.6200000 0.3600000 0.7120000
v 0.6154078 -0.4099999 0.7110865
v 0.6154078 0.3600000 0.7110866
v 0.6115147 -0.4099999 0.7084852
v 0.6115147 0.3600000 0.7084853
v 0.6089135 -0.4099999 0.7045922
v 0.6089135 0.3600000 0.7045922
v 0.6080000 -0.4099999 0.7000000
v 0.6080000 0.3600000 0.7000000
v 0.6089135 -0.4099999 0.6954077
v 0.6089135 0.3599999 0.6954078
v 0.6115147 -0.4099999 0.6915147
v 0.6115147 0.3599999 0.6915147
v 0.6154078 -0.4099999 0.6889134
v 0.6154078 0.3599999 0.6889135
v 0.6200000 -0.4099999 0.6880000
v 0.6200000 0.3599999 0.6880000
v 0.6245922 -0.4099999 0.6889134
v 0.6245922 0.3599999 0.6889135
v 0.6284853 -0.4099999 0.6915147
v 0.6284853 0.3599999 0.6915147
v 0.6310865 -0.4099999 0.6954077
v 0.6310865 0.3599999 0.6954078
v 0.6320000 -0.4099999 0.7000000
v 0.6320000 0.3600000 0.7000000
v 0.6310865 -0.4099999 0.7045922
v 0.6310865 0.3600000 0.7045922
v 0.6284853 -0.4099999 0.7084852
v 0.6284853 0.3600000 0.7084853
v 0.6245922 -0.4099999 0.7110865
v 0.6245922 0.3600000 0.7110866
f 2717 2718 2720
f 2717 2720 2719
f 2719 2720 2722
f 2719 2722 2721
f 2721 2722 2724
f 2721 2724 2723
f 2723 2724 2726
f 2723 2726 2725
f 2725 2726 2728
f 2725 2728 2727
f 2727 2728 2730
f 2727 2730 2729
f 2729 2730 2732
f 2729 2732 2731
f 2731 2732 2734
f 2731 2734 2733
f 2733 2734 2736
f 2733 2736 2735
f 2735 2736 2738
f 2735 2738 2737
f 2737 2738 2740
f 2737 2740 2739
f 2739 2740 2742
f 2739 2742 2741
f 2741 2742 2744
f 2741 2744 2743
f 2743 2744 2746
f 2743 2746 2745
f 2722 2720 2718
f 2718 2748 2746
f 2746 2744 2742
f 2742 2740 2738
f 2738 2736 2734
f 2734 2732 2730
f 2730 2728 2726
f 2726 2724 2722
f 2722 2718 2746
f 2746 2742 2738
f 2738 2734 2730
f 2730 2726 2722
f 2722 2746 2738
f 2738 2730 2722
f 2745 2746 2748
f 2745 2748 2747
f 2747 2748 2718
f 2747 2718 2717
f 2747 2717 2719
f 2719 2721 2723
f 2723 2725 2727
f 2727 2729 2731
f 2731 2733 2735
f 2735 2737 2739
f 2739 2741 2743
f 2743 2745 2747
f 2747 2719 2723
f 2723 2727 2731
f 2731 2735 2739
f 2739 2743 2747
f 2747 2723 2731
f 2731 2739 2747
v 0.6319374 -0.3931786 0.7026392
v 0.5619375 -0.4331786 1.1226392
v 0.6336868 -0.3983495 0.7024383
v 0.5636870 -0.4383495 1.1224383
v 0.6333526 -0.4037717 0.7018661
v 0.5633526 -0.4437717 1.1218662
v 0.6309855 -0.4086197 0.7010099
v 0.5609856 -0.4486197 1.1210099
v 0.6269459 -0.4121554 0.6999999
v 0.5569460 -0.4521554 1.1200000
v 0.6218489 -0.4138406 0.6989899
v 0.5518490 -0.4538406 1.1189899
v 0.6164705 -0.4134186 0.6981337
v 0.5464705 -0.4534187 1.1181338
v 0.6116293 -0.4109538 0.6975616
v 0.5416294 -0.4509539 1.1175617
v 0.6080626 -0.4068214 0.6973607
v 0.5380626 -0.4468215 1.1173607
v 0.6063131 -0.4016505 0.6975616
v 0.5363132 -0.4416505 1.1175617
v 0.6066474 -0.3962283 0.6981337
v 0.5366475 -0.4362283 1.1181338
v 0.6090145 -0.3913803 0.6989899
v 0.5390146 -0.4313803 1.1189899
v 0.6130540 -0.3878446 0.6999999
v 0.5430542 -0.4278446 1.1200000
v 0.6181511 -0.3861594 0.7010099
v 0.5481511 -0.4261595 1.1210099
v 0.6235296 -0.3865814 0.7018661
v 0.5535296 -0.4265814 1.1218662
v 0.6283706 -0.3890462 0.7024383
v 0.5583708 -0.4290462 1.1224383
f 2749 2750 2752
f 2749 2752 2751
f 2751 2752 2754
f 2751 2754 2753
f 2753 2754 2756
f 2753 2756 2755
f 2755 2756 2758
f 2755 2758 2757
f 2757 2758 2760
f 2757 2760 2759
f 2759 2760 2762
f 2759 2762 2761
f 2761 2762 2764
f 2761 2764 2763
f 2763 2764 2766
f 2763 2766 2765
f 2765 2766 2768
f 2765 2768 2767
f 2767 2768 2770
f 2767 2770 2769
f 2769 2770 2772
f 2769 2772 2771
f 2771 2772 2774
f 2771 2774 2773
f 2773 2774 2776
f 2773 2776 2775
f 2775 2776 2778
f 2775 2778 2777
f 2754 2752 2750
f 2750 2780 2778
f 2778 2776 2774
f 2774 2772 2770
f 2770 2768 2766
f 2766 2764 2762
f 2762 2760 2758
f 2758 2756 2754
f 2754 2750 2778
f 2778 2774 2770
f 2770 2766 2762
f 2762 2758 2754
f 2754 2778 2770
f 2770 2762 2754
f 2777 2778 2780
f 2777 2780 2779
f 2779 2780 2750
f 2779 2750 2749
f 2779 2749 2751
f 2751 2753 2755
f 2755 2757 2759
f 2759 2761 2763
f 2763 2765 2767
f 2767 2769 2771
f 2771 2773 2775
f 2775 2777 2779
f 2779 2751 2755
f 2755 2759 2763
f 2763 2767 2771
f 2771 2775 2779
f 2779 2755 2763
f 2763 2771 2779
v 0.5698456 -0.4400000 1.1224808
v 0.5598456 -0.4400000 1.2024808
v 0.5683349 -0.4476537 1.1222919
v 0.5583349 -0.4476537 1.2022920
v 0.5640329 -0.4541422 1.1217542
v 0.5540329 -0.4541421 1.2017542
v 0.5575946 -0.4584776 1.1209494
v 0.5475946 -0.4584776 1.2009494
v 0.5500000 -0.4600000 1.1200001
v 0.5400000 -0.4600000 1.2000002
v 0.5424054 -0.4584776 1.1190507
v 0.5324054 -0.4584776 1.1990508
v 0.5359671 -0.4541422 1.1182460
v 0.5259671 -0.4541421 1.1982460
v 0.5316651 -0.4476537 1.1177082
v 0.5216651 -0.4476537 1.1977082
v 0.5301545 -0.4400000 1.1175194
v 0.5201545 -0.4400000 1.1975194
v 0.5316651 -0.4323463 1.1177082
v 0.5216651 -0.4323463 1.1977082
v 0.5359671 -0.4258579 1.1182460
v 0.5259671 -0.4258578 1.1982460
v 0.5424054 -0.4215224 1.1190507
v 0.5324054 -0.4215224 1.1990508
v 0.5500000 -0.4200000 1.1200000
v 0.5400000 -0.4200000 1.2000000
v 0.5575946 -0.4215224 1.1209494
v 0.5475946 -0.4215224 1.2009494
v 0.5640330 -0.4258579 1.1217542
v 0.5540330 -0.4258578 1.2017542
v 0.5683349 -0.4323463 1.1222919
v 0.5583349 -0.4323463 1.2022920
f 2781 2782 2784
f 2781 2784 2783
f 2783 2784 2786
f 2783 2786 2785
f 2785 2786 2788
f 2785 2788 2787
f 2787 2788 2790
f 2787 2790 2789
f 2789 2790 2792
f 2789 2792 2791
f 2791 2792 2794
f 2791 2794 2793
f 2793 2794 2796
f 2793 2796 2795
f 2795 2796 2798
f 2795 2798 2797
f 2797 2798 2800
f 2797 2800 2799
f 2799 2800 2802
f 2799 2802 2801
f 2801 2802 2804
f 2801 2804 2803
f 2803 2804 2806
f 2803 2806 2805
f 2805 2806 2808
f 2805 2808 2807
f 2807 2808 2810
f 2807 2810 2809
f 2786 2784 2782
f 2782 2812 2810
f 2810 2808 2806
f 2806 2804 2802
f 2802 2800 2798
f 2798 2796 2794
f 2794 2792 2790
f 2790 2788 2786
f 2786 2782 2810
f 2810 2806 2802
f 2802 2798 2794
f 2794 2790 2786
f 2786 2810 2802
f 2802 2794 2786
f 2809 2810 2812
f 2809 2812 2811
f 2811 2812 2782
f 2811 2782 2781
f 2811 2781 2783
f 2783 2785 2787
f 2787 2789 2791
f 2791 2793 2795
f 2795 2797 2799
f 2799 2801 2803
f 2803 2805 2807
f 2807 2809 2811
f 2811 2783 2787
f 2787 2791 2795
f 2795 2799 2803
f 2803 2807 2811
f 2811 2787 2795
f 2795 2803 2811
v 0.0800000 -0.2860000 0.6700000
v 0.0800000 -0.2860000 0.9200000
v 0.0738771 -0.2847821 0.6700000
v 0.0738771 -0.2847821 0.9200000
v 0.0686863 -0.2813137 0.6700000
v 0.0686863 -0.2813137 0.9200000
v 0.0652179 -0.2761230 0.6700000
v 0.0652179 -0.2761230 0.9200000
v 0.0640000 -0.2700000 0.6700000
v 0.0640000 -0.2700000 0.9200000
v 0.0652179 -0.2638771 0.6700000
v 0.0652179 -0.2638771 0.9200000
v 0.0686863 -0.2586863 0.6700000
v 0.0686863 -0.2586863 0.9200000
v 0.0738771 -0.2552179 0.6700000
v 0.0738771 -0.2552179 0.9200000
v 0.0800000 -0.2540000 0.6700000
v 0.0800000 -0.2540000 0.9200000
v 0.0861229 -0.2552179 0.6700000
v 0.0861229 -0.2552179 0.9200000
v 0.0913137 -0.2586863 0.6700000
v 0.0913137 -0.2586863 0.9200000
v 0.0947821 -0.2638771 0.6700000
v 0.0947821 -0.2638771 0.9200000
v 0.0960000 -0.2700000 0.6700000
v 0.0960000 -0.2700000 0.9200000
v 0.0947821 -0.2761230 0.6700000
v 0.0947821 -0.2761230 0.9200000
v 0.0913137 -0.2813137 0.6700000
v 0.0913137 -0.2813137 0.9200000
v 0.0861229 -0.2847821 0.6700000
v 0.0861229 -0.2847821 0.9200000
f 2813 2814 2816
f 2813 2816 2815
f 2815 2816 2818
f 2815 2818 2817
f 2817 2818 2820
f 2817 2820 2819
f 2819 2820 2822
f 2819 2822 2821
f 2821 2822 2824
f 2821 2824 2823
f 2823 2824 2826
f 2823 2826 2825
f 2825 2826 2828
f 2825 2828 2827
f 2827 2828 2830
f 2827 2830 2829
f 2829 2830 2832
f 2829 2832 2831
f 2831 2832 2834
f 2831 2834 2833
f 2833 2834 2836
f 2833 2836 2835
f 2835 2836 2838
f 2835 2838 2837
f 2837 2838 2840
f 2837 2840 2839
f 2839 2840 2842
f 2839 2842 2841
f 2818 2816 2814
f 2814 2844 2842
f 2842 2840 2838
f 2838 2836 2834
f 2834 2832 2830
f 2830 2828 2826
f 2826 2824 2822
f 2822 2820 2818
f 2818 2814 2842
f 2842 2838 2834
f 2834 2830 2826
f 2826 2822 2818
f 2818 2842 2834
f 2834 2826 2818
f 2841 2842 2844
f 2841 2844 2843
f 2843 2844 2814
f 2843 2814 2813
f 2843 2813 2815
f 2815 2817 2819
f 2819 2821 2823
f 2823 2825 2827
f 2827 2829 2831
f 2831 2833 2835
f 2835 2837 2839
f 2839 2841 2843
f 2843 2815 2819
f 2819 2823 2827
f 2827 2831 2835
f 2835 2839 2843
f 2843 2819 2827
f 2827 2835 2843
v 0.0800000 0.2540000 0.6700000
v 0.0800000 0.2540000 0.9200000
v 0.0738771 0.2552179 0.6700000
v 0.0738771 0.2552179 0.9200000
v 0.0686863 0.2586863 0.6700000
v 0.0686863 0.2586863 0.9200000
v 0.0652179 0.2638771 0.6700000
v 0.0652179 0.2638771 0.9200000
v 0.0640000 0.2700000 0.6700000
v 0.0640000 0.2700000 0.9200000
v 0.0652179 0.2761230 0.6700000
v 0.0652179 0.2761230 0.9200000
v 0.0686863 0.2813137 0.6700000
v 0.0686863 0.2813137 0.9200000
v 0.0738771 0.2847821 0.6700000
v 0.0738771 0.2847821 0.9200000
v 0.0800000 0.2860000 0.6700000
v 0.0800000 0.2860000 0.9200000
v 0.0861229 0.2847821 0.6700000
v 0.0861229 0.2847821 0.9200000
v 0.0913137 0.2813137 0.6700000
v 0.0913137 0.2813137 0.9200000
v 0.0947821 0.2761230 0.6700000
v 0.0947821 0.2761230 0.9200000
v 0.0960000 0.2700000 0.6700000
v 0.0960000 0.2700000 0.9200000
v 0.0947821 0.2638771 0.6700000
v 0.0947821 0.2638771 0.9200000
v 0.0913137 0.2586863 0.6700000
v 0.0913137 0.2586863 0.9200000
v 0.0861229 0.2552179 0.6700000
v 0.0861229 0.2552179 0.9200000
f 2845 2846 2848
f 2845 2848 2847
f 2847 2848 2850
f 2847 2850 2849
f 2849 2850 2852
f 2849 2852 2851
f 2851 2852 2854
f 2851 2854 2853
f 2853 2854 2856
f 2853 2856 2855
f 2855 2856 2858
f 2855 2858 2857
f 2857 2858 2860
f 2857 2860 2859
f 2859 2860 2862
f 2859 2862 2861
f 2861 2862 2864
f 2861 2864 2863
f 2863 2864 2866
f 2863 2866 2865
f 2865 2866 2868
f 2865 2868 2867
f 2867 2868 2870
f 2867 2870 2869
f 2869 2870 2872
f 2869 2872 2871
f 2871 2872 2874
f 2871 2874 2873
f 2850 2848 2846
f 2846 2876 2874
f 2874 2872 2870
f 2870 2868 2866
f 2866 2864 2862
f 2862 2860 2858
f 2858 2856 2854
f 2854 2852 2850
f 2850 2846 2874
f 2874 2870 2866
f 2866 2862 2858
f 2858 2854 2850
f 2850 2874 2866
f 2866 2858 2850
f 2873 2874 2876
f 2873 2876 2875
f 2875 2876 2846
f 2875 2846 2845
f 2875 2845 2847
f 2847 2849 2851
f 2851 2853 2855
f 2855 2857 2859
f 2859 2861 2863
f 2863 2865 2867
f 2867 2869 2871
f 2871 2873 2875
f 2875 2847 2851
f 2851 2855 2859
f 2859 2863 2867
f 2867 2871 2875
f 2875 2851 2859
f 2859 2867 2875
v 0.4400000 -0.2860000 0.6700000
v 0.4400000 -0.2860000 0.9200000
v 0.4338771 -0.2847821 0.6700000
v 0.4338771 -0.2847821 0.9200000
v 0.4286863 -0.2813137 0.6700000
v 0.4286863 -0.2813137 0.9200000
v 0.4252179 -0.2761230 0.6700000
v 0.4252179 -0.2761230 0.9200000
v 0.4240000 -0.2700000 0.6700000
v 0.4240000 -0.2700000 0.9200000
v 0.4252179 -0.2638771 0.6700000
v 0.4252179 -0.2638771 0.9200000
v 0.4286863 -0.2586863 0.6700000
v 0.4286863 -0.2586863 0.9200000
v 0.4338771 -0.2552179 0.6700000
v 0.4338771 -0.2552179 0.9200000
v 0.4400000 -0.2540000 0.6700000
v 0.4400000 -0.2540000 0.9200000
v 0.4461229 -0.2552179 0.6700000
v 0.4461229 -0.2552179 0.9200000
v 0.4513137 -0.2586863 0.6700000
v 0.4513137 -0.2586863 0.9200000
v 0.4547821 -0.2638771 0.6700000
v 0.4547821 -0.2638771 0.9200000
v 0.4560000 -0.2700000 0.6700000
v 0.4560000 -0.2700000 0.9200000
v 0.4547821 -0.2761230 0.6700000
v 0.4547821 -0.2761230 0.9200000
v 0.4513137 -0.2813137 0.6700000
v 0.4513137 -0.2813137 0.9200000
v 0.4461229 -0.2847821 0.6700000
v 0.4461229 -0.2847821 0.9200000
f 2877 2878 2880
f 2877 2880 2879
f 2879 2880 2882
f 2879 2882 2881
f 2881 2882 2884
f 2881 2884 2883
f 2883 2884 2886
f 2883 2886 2885
f 2885 2886 2888
f 2885 2888 2887
f 2887 2888 2890
f 2887 2890 2889
f 2889 2890 2892
f 2889 2892 2891
f 2891 2892 2894
f 2891 2894 2893
f 2893 2894 2896
f 2893 2896 2895
f 2895 2896 2898
f 2895 2898 2897
f 2897 2898 2900
f 2897 2900 2899
f 2899 2900 2902
f 2899 2902 2901
f 2901 2902 2904
f 2901 2904 2903
f 2903 2904 2906
f 2903 2906 2905
f 2882 2880 2878
f 2878 2908 2906
f 2906 2904 2902
f 2902 2900 2898
f 2898 2896 2894
f 2894 2892 2890
f 2890 2888 2886
f 2886 2884 2882
f 2882 2878 2906
f 2906 2902 2898
f 2898 2894 2890
f 2890 2886 2882
f 2882 2906 2898
f 2898 2890 2882
f 2905 2906 2908
f 2905 2908 2907
f 2907 2908 2878
f 2907 2878 2877
f 2907 2877 2879
f 2879 2881 2883
f 2883 2885 2887
f 2887 2889 2891
f 2891 2893 2895
f 2895 2897 2899
f 2899 2901 2903
f 2903 2905 2907
f 2907 2879 2883
f 2883 2887 2891
f 2891 2895 2899
f 2899 2903 2907
f 2907 2883 2891
f 2891 2899 2907
v 0.4400000 0.2540000 0.6700000
v 0.4400000 0.2540000 0.9200000
v 0.4338771 0.2552179 0.6700000
v 0.4338771 0.2552179 0.9200000
v 0.4286863 0.2586863 0.6700000
v 0.4286863 0.2586863 0.9200000
v 0.4252179 0.2638771 0.6700000
v 0.4252179 0.2638771 0.9200000
v 0.4240000 0.2700000 0.6700000
v 0.4240000 0.2700000 0.9200000
v 0.4252179 0.2761230 0.6700000
v 0.4252179 0.2761230 0.9200000
v 0.4286863 0.2813137 0.6700000
v 0.4286863 0.2813137 0.9200000
v 0.4338771 0.2847821 0.6700000
v 0.4338771 0.2847821 0.9200000
v 0.4400000 0.2860000 0.6700000
v 0.4400000 0.2860000 0.9200000
v 0.4461229 0.2847821 0.6700000
v 0.4461229 0.2847821 0.9200000
v 0.4513137 0.2813137 0.6700000
v 0.4513137 0.2813137 0.9200000
v 0.4547821 0.2761230 0.6700000
v 0.4547821 0.2761230 0.9200000
v 0.4560000 0.2700000 0.6700000
v 0.4560000 0.2700000 0.9200000
v 0.4547821 0.2638771 0.6700000
v 0.4547821 0.2638771 0.9200000
v 0.4513137 0.2586863 0.6700000
v 0.4513137 0.2586863 0.9200000
v 0.4461229 0.2552179 0.6700000
v 0.4461229 0.2552179 0.9200000
f 2909 2910 2912
f 2909 2912 2911
f 2911 2912 2914
f 2911 2914 2913
f 2913 2914 2916
f 2913 2916 2915
f 2915 2916 2918
f 2915 2918 2917
f 2917 2918 2920
f 2917 2920 2919
f 2919 2920 2922
f 2919 2922 2921
f 2921 2922 2924
f 2921 2924 2923
f 2923 2924 2926
f 2923 2926 2925
f 2925 2926 2928
f 2925 2928 2927
f 2927 2928 2930
f 2927 2930 2929
f 2929 2930 2932
f 2929 2932 2931
f 2931 2932 2934
f 2931 2934 2933
f 2933 2934 2936
f 2933 2936 2935
f 2935 2936 2938
f 2935 2938 2937
f 2914 2912 2910
f 2910 2940 2938
f 2938 2936 2934
f 2934 2932 2930
f 2930 2928 2926
f 2926 2924 2922
f 2922 2920 2918
f 2918 2916 2914
f 2914 2910 2938
f 2938 2934 2930
f 2930 2926 2922
f 2922 2918 2914
f 2914 2938 2930
f 2930 2922 2914
f 2937 2938 2940
f 2937 2940 2939
f 2939 2940 2910
f 2939 2910 2909
f 2939 2909 2911
f 2911 2913 2915
f 2915 2917 2919
f 2919 2921 2923
f 2923 2925 2927
f 2927 2929 2931
f 2931 2933 2935
f 2935 2937 2939
f 2939 2911 2915
f 2915 2919 2923
f 2923 2927 2931
f 2931 2935 2939
f 2939 2915 2923
f 2923 2931 2939
v 0.0120000 -0.3980000 0.9200000
v 0.0120000 -0.4100000 0.9320000
v 0.0000000 -0.3980000 0.9320000
v 0.0120000 -0.4039921 0.9216031
v 0.0060079 -0.3980000 0.9216031
v 0.0062615 -0.4037385 0.9231604
v 0.0060079 -0.4083968 0.9320000
v 0.0120000 -0.4083968 0.9260079
v 0.0062615 -0.4068396 0.9262615
v 0.0016032 -0.3980000 0.9260079
v 0.0016032 -0.4039921 0.9320000
v 0.0031604 -0.4037385 0.9262615
v 0.0120000 -0.4100000 0.9380000
v 0.0120000 -0.3980000 0.9500000
v 0.0000000 -0.3980000 0.9380000
v 0.0120000 -0.4083968 0.9439921
v 0.0060079 -0.4083968 0.9380000
v 0.0062615 -0.4068396 0.9437385
v 0.0060079 -0.3980000 0.9483969
v 0.0120000 -0.4039921 0.9483969
v 0.0062615 -0.4037385 0.9468396
v 0.0016032 -0.4039921 0.9380000
v 0.0016032 -0.3980000 0.9439921
v 0.0031604 -0.4037385 0.9437385
v 0.0120000 0.3980000 0.9200000
v 0.0000000 0.3980000 0.9320000
v 0.0120000 0.4100000 0.9320000
v 0.0060079 0.3980000 0.9216031
v 0.0120000 0.4039921 0.9216031
v 0.0062614 0.4037385 0.9231604
v 0.0016031 0.4039921 0.9320000
v 0.0016031 0.3980000 0.9260079
v 0.0031604 0.4037385 0.9262615
v 0.0120000 0.4083968 0.9260079
v 0.0060079 0.4083968 0.9320000
v 0.0062614 0.4068396 0.9262615
v 0.0120000 0.3980000 0.9500000
v 0.0120000 0.4100000 0.9380000
v 0.0000000 0.3980000 0.9380000
v 0.0120000 0.4039921 0.9483969
v 0.0060079 0.3980000 0.9483969
v 0.0062615 0.4037385 0.9468396
v 0.0060079 0.4083968 0.9380000
v 0.0120000 0.4083968 0.9439921
v 0.0062615 0.4068396 0.9437385
v 0.0016032 0.3980000 0.9439921
v 0.0016032 0.4039921 0.9380000
v 0.0031604 0.4037385 0.9437385
v 0.5080000 -0.3980000 0.9200000
v 0.5200000 -0.3980000 0.9320000
v 0.5080000 -0.4100000 0.9320000
v 0.5139921 -0.3980000 0.9216031
v 0.5080000 -0.4039921 0.9216031
v 0.5137385 -0.4037385 0.9231604
v 0.5183969 -0.4039921 0.9320000
v 0.5183969 -0.3980000 0.9260079
v 0.5168396 -0.4037385 0.9262615
v 0.5080000 -0.4083968 0.9260079
v 0.5139921 -0.4083968 0.9320000
v 0.5137385 -0.4068396 0.9262615
v 0.5080000 -0.3980000 0.9500000
v 0.5080000 -0.4100000 0.9380000
v 0.5200000 -0.3980000 0.9380000
v 0.5080000 -0.4039921 0.9483969
v 0.5139921 -0.3980000 0.9483969
v 0.5137385 -0.4037385 0.9468396
v 0.5139921 -0.4083968 0.9380000
v 0.5080000 -0.4083968 0.9439921
v 0.5137385 -0.4068396 0.9437385
v 0.5183969 -0.3980000 0.9439921
v 0.5183969 -0.4039921 0.9380000
v 0.5168396 -0.4037385 0.9437385
v 0.5080000 0.3980000 0.9200000
v 0.5080000 0.4100000 0.9320000
v 0.5200000 0.3980000 0.9320000
v 0.5080000 0.4039921 0.9216031
v 0.5139921 0.3980000 0.9216031
v 0.5137385 0.4037385 0.9231604
v 0.5139921 0.4083968 0.9320000
v 0.5080000 0.4083968 0.9260079
v 0.5137385 0.4068396 0.9262615
v 0.5183969 0.3980000 0.9260079
v 0.5183969 0.4039921 0.9320000
v 0.5168396 0.4037385 0.9262615
v 0.5080000 0.3980000 0.9500000
v 0.5200000 0.3980000 0.9380000
v 0.5080000 0.4100000 0.9380000
v 0.5139921 0.3980000 0.9483969
v 0.5080000 0.4039921 0.9483969
v 0.5137385 0.4037385 0.9468396
v 0.5183969 0.4039921 0.9380000
v 0.5183969 0.3980000 0.9439921
v 0.5168396 0.4037385 0.9437385
v 0.5080000 0.4083968 0.9439921
v 0.5139921 0.4083968 0.9380000
v 0.5137385 0.4068396 0.9437385
f 2941 2944 2946
f 2941 2946 2945
f 2944 2948 2949
f 2944 2949 2946
f 2942 2947 2949
f 2942 2949 2948
f 2947 2951 2952
f 2947 2952 2949
f 2943 2950 2952
f 2943 2952 2951
f 2950 2945 2946
f 2950 2946 2952
f 2946 2949 2952
f 2953 2956 2958
f 2953 2958 2957
f 2956 2960 2961
f 2956 2961 2958
f 2954 2959 2961
f 2954 2961 2960
f 2959 2963 2964
f 2959 2964 2961
f 2955 2962 2964
f 2955 2964 2963
f 2962 2957 2958
f 2962 2958 2964
f 2958 2961 2964
f 2965 2968 2970
f 2965 2970 2969
f 2968 2972 2973
f 2968 2973 2970
f 2966 2971 2973
f 2966 2973 2972
f 2971 2975 2976
f 2971 2976 2973
f 2967 2974 2976
f 2967 2976 2975
f 2974 2969 2970
f 2974 2970 2976
f 2970 2973 2976
f 2977 2980 2982
f 2977 2982 2981
f 2980 2984 2985
f 2980 2985 2982
f 2978 2983 2985
f 2978 2985 2984
f 2983 2987 2988
f 2983 2988 2985
f 2979 2986 2988
f 2979 2988 2987
f 2986 2981 2982
f 2986 2982 2988
f 2982 2985 2988
f 2989 2992 2994
f 2989 2994 2993
f 2992 2996 2997
f 2992 2997 2994
f 2990 2995 2997
f 2990 2997 2996
f 2995 2999 3000
f 2995 3000 2997
f 2991 2998 3000
f 2991 3000 2999
f 2998 2993 2994
f 2998 2994 3000
f 2994 2997 3000
f 3001 3004 3006
f 3001 3006 3005
f 3004 3008 3009
f 3004 3009 3006
f 3002 3007 3009
f 3002 3009 3008
f 3007 3011 3012
f 3007 3012 3009
f 3003 3010 3012
f 3003 3012 3011
f 3010 3005 3006
f 3010 3006 3012
f 3006 3009 3012
f 3013 3016 3018
f 3013 3018 3017
f 3016 3020 3021
f 3016 3021 3018
f 3014 3019 3021
f 3014 3021 3020
f 3019 3023 3024
f 3019 3024 3021
f 3015 3022 3024
f 3015 3024 3023
f 3022 3017 3018
f 3022 3018 3024
f 3018 3021 3024
f 3025 3028 3030
f 3025 3030 3029
f 3028 3032 3033
f 3028 3033 3030
f 3026 3031 3033
f 3026 3033 3032
f 3031 3035 3036
f 3031 3036 3033
f 3027 3034 3036
f 3027 3036 3035
f 3034 3029 3030
f 3034 3030 3036
f 3030 3033 3036
f 2965 2941 2945
f 2965 2945 2968
f 2968 2945 2950
f 2968 2950 2972
f 2972 2950 2943
f 2972 2943 2966
f 2942 2953 2957
f 2942 2957 2947
f 2947 2957 2962
f 2947 2962 2951
f 2951 2962 2955
f 2951 2955 2943
f 2954 2977 2981
f 2954 2981 2959
f 2959 2981 2986
f 2959 2986 2963
f 2963 2986 2979
f 2963 2979 2955
f 2978 2967 2975
f 2978 2975 2983
f 2983 2975 2971
f 2983 2971 2987
f 2987 2971 2966
f 2987 2966 2979
f 3013 2965 2969
f 3013 2969 3016
f 3016 2969 2974
f 3016 2974 3020
f 3020 2974 2967
f 3020 2967 3014
f 2977 3025 3029
f 2977 3029 2980
f 2980 3029 3034
f 2980 3034 2984
f 2984 3034 3027
f 2984 3027 2978
f 3026 3015 3023
f 3026 3023 3031
f 3031 3023 3019
f 3031 3019 3035
f 3035 3019 3014
f 3035 3014 3027
f 2989 3013 3017
f 2989 3017 2992
f 2992 3017 3022
f 2992 3022 2996
f 2996 3022 3015
f 2996 3015 2990
f 3025 3001 3005
f 3025 3005 3028
f 3028 3005 3010
f 3028 3010 3032
f 3032 3010 3003
f 3032 3003 3026
f 3002 2991 2999
f 3002 2999 3007
f 3007 2999 2995
f 3007 2995 3011
f 3011 2995 2990
f 3011 2990 3003
f 2941 2989 2993
f 2941 2993 2944
f 2944 2993 2998
f 2944 2998 2948
f 2948 2998 2991
f 2948 2991 2942
f 3001 2954 2960
f 3001 2960 3004
f 3004 2960 2956
f 3004 2956 3008
f 3008 2956 2953
f 3008 2953 3002
f 2965 3013 2989
f 2965 2989 2941
f 2943 2955 2979
f 2943 2979 2966
f 2991 3002 2953
f 2991 2953 2942
f 3025 2977 2954
f 3025 2954 3001
f 2967 2978 3027
f 2967 3027 3014
f 3015 3026 3003
f 3015 3003 2990
v 0.0700000 -0.3600000 0.9500000
v 0.0700000 -0.3900000 0.9800000
v 0.0400000 -0.3600000 0.9800000
v 0.0700000 -0.3749803 0.9540079
v 0.0550197 -0.3600000 0.9540079
v 0.0556537 -0.3743464 0.9579011
v 0.0550197 -0.3859921 0.9800000
v 0.0700000 -0.3859921 0.9650197
v 0.0556537 -0.3820990 0.9656537
v 0.0440079 -0.3600000 0.9650197
v 0.0440079 -0.3749803 0.9800000
v 0.0479010 -0.3743464 0.9656537
v 0.0700000 -0.3900000 1.0000000
v 0.0700000 -0.3600000 1.0300000
v 0.0400000 -0.3600000 1.0000000
v 0.0700000 -0.3859921 1.0149803
v 0.0550197 -0.3859921 1.0000000
v 0.0556537 -0.3820990 1.0143464
v 0.0550197 -0.3600000 1.0259922
v 0.0700000 -0.3749803 1.0259922
v 0.0556537 -0.3743464 1.0220990
v 0.0440079 -0.3749803 1.0000000
v 0.0440079 -0.3600000 1.0149803
v 0.0479010 -0.3743464 1.0143464
v 0.0700000 0.3600000 0.9500000
v 0.0400000 0.3600000 0.9800000
v 0.0700000 0.3900000 0.9800000
v 0.0550197 0.3600000 0.9540079
v 0.0700000 0.3749803 0.9540079
v 0.0556537 0.3743463 0.9579011
v 0.0440079 0.3749803 0.9800000
v 0.0440079 0.3600000 0.9650197
v 0.0479010 0.3743463 0.9656537
v 0.0700000 0.3859921 0.9650197
v 0.0550197 0.3859921 0.9800000
v 0.0556537 0.3820989 0.9656537
v 0.0700000 0.3600000 1.0300000
v 0.0700000 0.3900000 1.0000000
v 0.0400000 0.3600000 1.0000000
v 0.0700000 0.3749803 1.0259922
v 0.0550197 0.3600000 1.0259922
v 0.0556537 0.3743464 1.0220990
v 0.0550197 0.3859921 1.0000000
v 0.0700000 0.3859921 1.0149803
v 0.0556537 0.3820990 1.0143464
v 0.0440079 0.3600000 1.0149803
v 0.0440079 0.3749803 1.0000000
v 0.0479010 0.3743464 1.0143464
v 0.4800000 -0.3600000 0.9500000
v 0.5100000 -0.3600000 0.9800000
v 0.4800000 -0.3900000 0.9800000
v 0.4949803 -0.3600000 0.9540079
v 0.4800000 -0.3749803 0.9540079
v 0.4943463 -0.3743463 0.9579011
v 0.5059921 -0.3749803 0.9800000
v 0.5059921 -0.3600000 0.9650197
v 0.5020990 -0.3743463 0.9656537
v 0.4800000 -0.3859921 0.9650197
v 0.4949803 -0.3859921 0.9800000
v 0.4943463 -0.3820989 0.9656537
v 0.4800000 -0.3600000 1.0300000
v 0.4800000 -0.3900000 1.0000000
v 0.5100000 -0.3600000 1.0000000
v 0.4800000 -0.3749803 1.0259922
v 0.4949803 -0.3600000 1.0259922
v 0.4943463 -0.3743464 1.0220990
v 0.4949803 -0.3859921 1.0000000
v 0.4800000 -0.3859921 1.0149803
v 0.4943463 -0.3820990 1.0143464
v 0.5059921 -0.3600000 1.0149803
v 0.5059921 -0.3749803 1.0000000
v 0.5020990 -0.3743464 1.0143464
v 0.4800000 0.3600000 0.9500000
v 0.4800000 0.3900000 0.9800000
v 0.5100000 0.3600000 0.9800000
v 0.4800000 0.3749803 0.9540079
v 0.4949803 0.3600000 0.9540079
v 0.4943463 0.3743464 0.9579011
v 0.4949803 0.3859921 0.9800000
v 0.4800000 0.3859921 0.9650197
v 0.4943463 0.3820990 0.9656537
v 0.5059921 0.3600000 0.9650197
v 0.5059921 0.3749803 0.9800000
v 0.5020990 0.3743464 0.9656537
v 0.4800000 0.3600000 1.0300000
v 0.5100000 0.3600000 1.0000000
v 0.4800000 0.3900000 1.0000000
v 0.4949803 0.3600000 1.0259922
v 0.4800000 0.3749803 1.0259922
v 0.4943463 0.3743463 1.0220990
v 0.5059921 0.3749803 1.0000000
v 0.5059921 0.3600000 1.0149803
v 0.5020990 0.3743463 1.0143464
v 0.4800000 0.3859921 1.0149803
v 0.4949803 0.3859921 1.0000000
v 0.4943463 0.3820989 1.0143464
f 3037 3040 3042
f 3037 3042 3041
f 3040 3044 3045
f 3040 3045 3042
f 3038 3043 3045
f 3038 3045 3044
f 3043 3047 3048
f 3043 3048 3045
f 3039 3046 3048
f 3039 3048 3047
f 3046 3041 3042
f 3046 3042 3048
f 3042 3045 3048
f 3049 3052 3054
f 3049 3054 3053
f 3052 3056 3057
f 3052 3057 3054
f 3050 3055 3057
f 3050 3057 3056
f 3055 3059 3060
f 3055 3060 3057
f 3051 3058 3060
f 3051 3060 3059
f 3058 3053 3054
f 3058 3054 3060
f 3054 3057 3060
f 3061 3064 3066
f 3061 3066 3065
f 3064 3068 3069
f 3064 3069 3066
f 3062 3067 3069
f 3062 3069 3068
f 3067 3071 3072
f 3067 3072 3069
f 3063 3070 3072
f 3063 3072 3071
f 3070 3065 3066
f 3070 3066 3072
f 3066 3069 3072
f 3073 3076 3078
f 3073 3078 3077
f 3076 3080 3081
f 3076 3081 3078
f 3074 3079 3081
f 3074 3081 3080
f 3079 3083 3084
f 3079 3084 3081
f 3075 3082 3084
f 3075 3084 3083
f 3082 3077 3078
f 3082 3078 3084
f 3078 3081 3084
f 3085 3088 3090
f 3085 3090 3089
f 3088 3092 3093
f 3088 3093 3090
f 3086 3091 3093
f 3086 3093 3092
f 3091 3095 3096
f 3091 3096 3093
f 3087 3094 3096
f 3087 3096 3095
f 3094 3089 3090
f 3094 3090 3096
f 3090 3093 3096
f 3097 3100 3102
f 3097 3102 3101
f 3100 3104 3105
f 3100 3105 3102
f 3098 3103 3105
f 3098 3105 3104
f 3103 3107 3108
f 3103 3108 3105
f 3099 3106 3108
f 3099 3108 3107
f 3106 3101 3102
f 3106 3102 3108
f 3102 3105 3108
f 3109 3112 3114
f 3109 3114 3113
f 3112 3116 3117
f 3112 3117 3114
f 3110 3115 3117
f 3110 3117 3116
f 3115 3119 3120
f 3115 3120 3117
f 3111 3118 3120
f 3111 3120 3119
f 3118 3113 3114
f 3118 3114 3120
f 3114 3117 3120
f 3121 3124 3126
f 3121 3126 3125
f 3124 3128 3129
f 3124 3129 3126
f 3122 3127 3129
f 3122 3129 3128
f 3127 3131 3132
f 3127 3132 3129
f 3123 3130 3132
f 3123 3132 3131
f 3130 3125 3126
f 3130 3126 3132
f 3126 3129 3132
f 3061 3037 3041
f 3061 3041 3064
f 3064 3041 3046
f 3064 3046 3068
f 3068 3046 3039
f 3068 3039 3062
f 3038 3049 3053
f 3038 3053 3043
f 3043 3053 3058
f 3043 3058 3047
f 3047 3058 3051
f 3047 3051 3039
f 3050 3073 3077
f 3050 3077 3055
f 3055 3077 3082
f 3055 3082 3059
f 3059 3082 3075
f 3059 3075 3051
f 3074 3063 3071
f 3074 3071 3079
f 3079 3071 3067
f 3079 3067 3083
f 3083 3067 3062
f 3083 3062 3075
f 3109 3061 3065
f 3109 3065 3112
f 3112 3065 3070
f 3112 3070 3116
f 3116 3070 3063
f 3116 3063 3110
f 3073 3121 3125
f 3073 3125 3076
f 3076 3125 3130
f 3076 3130 3080
f 3080 3130 3123
f 3080 3123 3074
f 3122 3111 3119
f 3122 3119 3127
f 3127 3119 3115
f 3127 3115 3131
f 3131 3115 3110
f 3131 3110 3123
f 3085 3109 3113
f 3085 3113 3088
f 3088 3113 3118
f 3088 3118 3092
f 3092 3118 3111
f 3092 3111 3086
f 3121 3097 3101
f 3121 3101 3124
f 3124 3101 3106
f 3124 3106 3128
f 3128 3106 3099
f 3128 3099 3122
f 3098 3087 3095
f 3098 3095 3103
f 3103 3095 3091
f 3103 3091 3107
f 3107 3091 3086
f 3107 3086 3099
f 3037 3085 3089
f 3037 3089 3040
f 3040 3089 3094
f 3040 3094 3044
f 3044 3094 3087
f 3044 3087 3038
f 3097 3050 3056
f 3097 3056 3100
f 3100 3056 3052
f 3100 3052 3104
f 3104 3052 3049
f 3104 3049 3098
f 3061 3109 3085
f 3061 3085 3037
f 3039 3051 3075
f 3039 3075 3062
f 3087 3098 3049
f 3087 3049 3038
f 3121 3073 3050
f 3121 3050 3097
f 3063 3074 3123
f 3063 3123 3110
f 3111 3122 3099
f 3111 3099 3086
v 0.0050000 -0.3650000 0.9500000
v 0.0050000 -0.3900000 0.9750000
v -0.0200000 -0.3650000 0.9750000
v 0.0050000 -0.3774836 0.9533399
v -0.0074836 -0.3650000 0.9533399
v -0.0069553 -0.3769553 0.9565842
v -0.0074836 -0.3866601 0.9750000
v 0.0050000 -0.3866601 0.9625164
v -0.0069553 -0.3834158 0.9630447
v -0.0166601 -0.3650000 0.9625164
v -0.0166601 -0.3774836 0.9750000
v -0.0134158 -0.3769553 0.9630447
v 0.0050000 -0.3900000 1.3049999
v 0.0050000 -0.3650000 1.3299999
v -0.0200000 -0.3650000 1.3049999
v 0.0050000 -0.3866601 1.3174835
v -0.0074836 -0.3866601 1.3049999
v -0.0069553 -0.3834158 1.3169553
v -0.0074836 -0.3650000 1.3266600
v 0.0050000 -0.3774836 1.3266600
v -0.0069553 -0.3769553 1.3234158
v -0.0166601 -0.3774836 1.3049999
v -0.0166601 -0.3650000 1.3174835
v -0.0134158 -0.3769553 1.3169553
v 0.0050000 0.3650000 0.9500000
v -0.0200000 0.3650000 0.9750000
v 0.0050000 0.3900000 0.9750000
v -0.0074836 0.3649999 0.9533399
v 0.0050000 0.3774835 0.9533399
v -0.0069553 0.3769552 0.9565842
v -0.0166601 0.3774835 0.9750000
v -0.0166601 0.3649999 0.9625164
v -0.0134158 0.3769552 0.9630447
v 0.0050000 0.3866600 0.9625164
v -0.0074836 0.3866600 0.9750000
v -0.0069553 0.3834158 0.9630447
v 0.0050000 0.3650000 1.3299999
v 0.0050000 0.3900000 1.3049999
v -0.0200000 0.3650000 1.3049999
v 0.0050000 0.3774836 1.3266600
v -0.0074836 0.3650000 1.3266600
v -0.0069553 0.3769553 1.3234158
v -0.0074836 0.3866601 1.3049999
v 0.0050000 0.3866601 1.3174835
v -0.0069553 0.3834158 1.3169553
v -0.0166601 0.3650000 1.3174835
v -0.0166601 0.3774836 1.3049999
v -0.0134158 0.3769553 1.3169553
v 0.0150000 -0.3650000 0.9500000
v 0.0400000 -0.3650000 0.9750000
v 0.0150000 -0.3900000 0.9750000
v 0.0274836 -0.3649999 0.9533399
v 0.0150000 -0.3774835 0.9533399
v 0.0269553 -0.3769552 0.9565842
v 0.0366601 -0.3774835 0.9750000
v 0.0366601 -0.3649999 0.9625164
v 0.0334158 -0.3769552 0.9630447
v 0.0150000 -0.3866600 0.9625164
v 0.0274836 -0.3866600 0.9750000
v 0.0269553 -0.3834158 0.9630447
v 0.0150000 -0.3650000 1.3299999
v 0.0150000 -0.3900000 1.3049999
v 0.0400000 -0.3650000 1.3049999
v 0.0150000 -0.3774836 1.3266600
v 0.0274836 -0.3650000 1.3266600
v 0.0269553 -0.3769553 1.3234158
v 0.0274836 -0.3866601 1.3049999
v 0.0150000 -0.3866601 1.3174835
v 0.0269553 -0.3834158 1.3169553
v 0.0366601 -0.3650000 1.3174835
v 0.0366601 -0.3774836 1.3049999
v 0.0334158 -0.3769553 1.3169553
v 0.0150000 0.3650000 0.9500000
v 0.0150000 0.3900000 0.9750000
v 0.0400000 0.3650000 0.9750000
v 0.0150000 0.3774836 0.9533399
v 0.0274836 0.3650000 0.9533399
v 0.0269553 0.3769553 0.9565842
v 0.0274836 0.3866601 0.9750000
v 0.0150000 0.3866601 0.9625164
v 0.0269553 0.3834158 0.9630447
v 0.0366601 0.3650000 0.9625164
v 0.0366601 0.3774836 0.9750000
v 0.0334158 0.3769553 0.9630447
v 0.0150000 0.3650000 1.3299999
v 0.0400000 0.3650000 1.3049999
v 0.0150000 0.3900000 1.3049999
v 0.0274836 0.3649999 1.3266600
v 0.0150000 0.3774835 1.3266600
v 0.0269553 0.3769552 1.3234158
v 0.0366601 0.3774835 1.3049999
v 0.0366601 0.3649999 1.3174835
v 0.0334158 0.3769552 1.3169553
v 0.0150000 0.3866600 1.3174835
v 0.0274836 0.3866600 1.3049999
v 0.0269553 0.3834158 1.3169553
f 3133 3136 3138
f 3133 3138 3137
f 3136 3140 3141
f 3136 3141 3138
f 3134 3139 3141
f 3134 3141 3140
f 3139 3143 3144
f 3139 3144 3141
f 3135 3142 3144
f 3135 3144 3143
f 3142 3137 3138
f 3142 3138 3144
f 3138 3141 3144
f 3145 3148 3150
f 3145 3150 3149
f 3148 3152 3153
f 3148 3153 3150
f 3146 3151 3153
f 3146 3153 3152
f 3151 3155 3156
f 3151 3156 3153
f 3147 3154 3156
f 3147 3156 3155
f 3154 3149 3150
f 3154 3150 3156
f 3150 3153 3156
f 3157 3160 3162
f 3157 3162 3161
f 3160 3164 3165
f 3160 3165 3162
f 3158 3163 3165
f 3158 3165 3164
f 3163 3167 3168
f 3163 3168 3165
f 3159 3166 3168
f 3159 3168 3167
f 3166 3161 3162
f 3166 3162 3168
f 3162 3165 3168
f 3169 3172 3174
f 3169 3174 3173
f 3172 3176 3177
f 3172 3177 3174
f 3170 3175 3177
f 3170 3177 3176
f 3175 3179 3180
f 3175 3180 3177
f 3171 3178 3180
f 3171 3180 3179
f 3178 3173 3174
f 3178 3174 3180
f 3174 3177 3180
f 3181 3184 3186
f 3181 3186 3185
f 3184 3188 3189
f 3184 3189 3186
f 3182 3187 3189
f 3182 3189 3188
f 3187 3191 3192
f 3187 3192 3189
f 3183 3190 3192
f 3183 3192 3191
f 3190 3185 3186
f 3190 3186 3192
f 3186 3189 3192
f 3193 3196 3198
f 3193 3198 3197
f 3196 3200 3201
f 3196 3201 3198
f 3194 3199 3201
f 3194 3201 3200
f 3199 3203 3204
f 3199 3204 3201
f 3195 3202 3204
f 3195 3204 3203
f 3202 3197 3198
f 3202 3198 3204
f 3198 3201 3204
f 3205 3208 3210
f 3205 3210 3209
f 3208 3212 3213
f 3208 3213 3210
f 3206 3211 3213
f 3206 3213 3212
f 3211 3215 3216
f 3211 3216 3213
f 3207 3214 3216
f 3207 3216 3215
f 3214 3209 3210
f 3214 3210 3216
f 3210 3213 3216
f 3217 3220 3222
f 3217 3222 3221
f 3220 3224 3225
f 3220 3225 3222
f 3218 3223 3225
f 3218 3225 3224
f 3223 3227 3228
f 3223 3228 3225
f 3219 3226 3228
f 3219 3228 3227
f 3226 3221 3222
f 3226 3222 3228
f 3222 3225 3228
f 3157 3133 3137
f 3157 3137 3160
f 3160 3137 3142
f 3160 3142 3164
f 3164 3142 3135
f 3164 3135 3158
f 3134 3145 3149
f 3134 3149 3139
f 3139 3149 3154
f 3139 3154 3143
f 3143 3154 3147
f 3143 3147 3135
f 3146 3169 3173
f 3146 3173 3151
f 3151 3173 3178
f 3151 3178 3155
f 3155 3178 3171
f 3155 3171 3147
f 3170 3159 3167
f 3170 3167 3175
f 3175 3167 3163
f 3175 3163 3179
f 3179 3163 3158
f 3179 3158 3171
f 3205 3157 3161
f 3205 3161 3208
f 3208 3161 3166
f 3208 3166 3212
f 3212 3166 3159
f 3212 3159 3206
f 3169 3217 3221
f 3169 3221 3172
f 3172 3221 3226
f 3172 3226 3176
f 3176 3226 3219
f 3176 3219 3170
f 3218 3207 3215
f 3218 3215 3223
f 3223 3215 3211
f 3223 3211 3227
f 3227 3211 3206
f 3227 3206 3219
f 3181 3205 3209
f 3181 3209 3184
f 3184 3209 3214
f 3184 3214 3188
f 3188 3214 3207
f 3188 3207 3182
f 3217 3193 3197
f 3217 3197 3220
f 3220 3197 3202
f 3220 3202 3224
f 3224 3202 3195
f 3224 3195 3218
f 3194 3183 3191
f 3194 3191 3199
f 3199 3191 3187
f 3199 3187 3203
f 3203 3187 3182
f 3203 3182 3195
f 3133 3181 3185
f 3133 3185 3136
f 3136 3185 3190
f 3136 3190 3140
f 3140 3190 3183
f 3140 3183 3134
f 3193 3146 3152
f 3193 3152 3196
f 3196 3152 3148
f 3196 3148 3200
f 3200 3148 3145
f 3200 3145 3194
f 3157 3205 3181
f 3157 3181 3133
f 3135 3147 3171
f 3135 3171 3158
f 3183 3194 3145
f 3183 3145 3134
f 3217 3169 3146
f 3217 3146 3193
f 3159 3170 3219
f 3159 3219 3206
f 3207 3218 3195
f 3207 3195 3182
v 0.6630000 -0.1670000 0.6700000
v 0.6630000 -0.1700000 0.6730000
v 0.6600000 -0.1670000 0.6730000
v 0.6630000 -0.1684980 0.6704008
v 0.6615019 -0.1670000 0.6704008
v 0.6615654 -0.1684346 0.6707901
v 0.6615019 -0.1695992 0.6730000
v 0.6630000 -0.1695992 0.6715020
v 0.6615654 -0.1692099 0.6715654
v 0.6604007 -0.1670000 0.6715020
v 0.6604007 -0.1684980 0.6730000
v 0.6607901 -0.1684346 0.6715654
v 0.6630000 -0.1700000 0.6920000
v 0.6630000 -0.1670000 0.6950000
v 0.6600000 -0.1670000 0.6920000
v 0.6630000 -0.1695992 0.6934980
v 0.6615019 -0.1695992 0.6920000
v 0.6615654 -0.1692099 0.6934347
v 0.6615019 -0.1670000 0.6945992
v 0.6630000 -0.1684980 0.6945992
v 0.6615654 -0.1684346 0.6942099
v 0.6604007 -0.1684980 0.6920000
v 0.6604007 -0.1670000 0.6934980
v 0.6607901 -0.1684346 0.6934347
v 0.6630000 0.2970000 0.6700000
v 0.6600000 0.2970000 0.6730000
v 0.6630000 0.3000000 0.6730000
v 0.6615019 0.2970000 0.6704008
v 0.6630000 0.2984980 0.6704008
v 0.6615654 0.2984346 0.6707901
v 0.6604007 0.2984980 0.6730000
v 0.6604007 0.2970000 0.6715020
v 0.6607901 0.2984346 0.6715654
v 0.6630000 0.2995992 0.6715020
v 0.6615019 0.2995992 0.6730000
v 0.6615654 0.2992099 0.6715654
v 0.6630000 0.2970000 0.6950000
v 0.6630000 0.3000000 0.6920000
v 0.6600000 0.2970000 0.6920000
v 0.6630000 0.2984980 0.6945992
v 0.6615019 0.2970000 0.6945992
v 0.6615654 0.2984346 0.6942099
v 0.6615019 0.2995992 0.6920000
v 0.6630000 0.2995992 0.6934980
v 0.6615654 0.2992099 0.6934347
v 0.6604007 0.2970000 0.6934980
v 0.6604007 0.2984980 0.6920000
v 0.6607901 0.2984346 0.6934347
v 0.9970000 -0.1670000 0.6700000
v 1.0000000 -0.1670000 0.6730000
v 0.9970000 -0.1700000 0.6730000
v 0.9984980 -0.1670000 0.6704008
v 0.9970000 -0.1684980 0.6704008
v 0.9984346 -0.1684346 0.6707901
v 0.9995992 -0.1684980 0.6730000
v 0.9995992 -0.1670000 0.6715020
v 0.9992099 -0.1684346 0.6715654
v 0.9970000 -0.1695992 0.6715020
v 0.9984980 -0.1695992 0.6730000
v 0.9984346 -0.1692099 0.6715654
v 0.9970000 -0.1670000 0.6950000
v 0.9970000 -0.1700000 0.6920000
v 1.0000000 -0.1670000 0.6920000
v 0.9970000 -0.1684980 0.6945992
v 0.9984980 -0.1670000 0.6945992
v 0.9984346 -0.1684346 0.6942099
v 0.9984980 -0.1695992 0.6920000
v 0.9970000 -0.1695992 0.6934980
v 0.9984346 -0.1692099 0.6934347
v 0.9995992 -0.1670000 0.6934980
v 0.9995992 -0.1684980 0.6920000
v 0.9992099 -0.1684346 0.6934347
v 0.9970000 0.2970000 0.6700000
v 0.9970000 0.3000000 0.6730000
v 1.0000000 0.2970000 0.6730000
v 0.9970000 0.2984980 0.6704008
v 0.9984980 0.2970000 0.6704008
v 0.9984346 0.2984346 0.6707901
v 0.9984980 0.2995992 0.6730000
v 0.9970000 0.2995992 0.6715020
v 0.9984346 0.2992099 0.6715654
v 0.9995992 0.2970000 0.6715020
v 0.9995992 0.2984980 0.6730000
v 0.9992099 0.2984346 0.6715654
v 0.9970000 0.2970000 0.6950000
v 1.0000000 0.2970000 0.6920000
v 0.9970000 0.3000000 0.6920000
v 0.9984980 0.2970000 0.6945992
v 0.9970000 0.2984980 0.6945992
v 0.9984346 0.2984346 0.6942099
v 0.9995992 0.2984980 0.6920000
v 0.9995992 0.2970000 0.6934980
v 0.9992099 0.2984346 0.6934347
v 0.9970000 0.2995992 0.6934980
v 0.9984980 0.2995992 0.6920000
v 0.9984346 0.2992099 0.6934347
f 3229 3232 3234
f 3229 3234 3233
f 3232 3236 3237
f 3232 3237 3234
f 3230 3235 3237
f 3230 3237 3236
f 3235 3239 3240
f 3235 3240 3237
f 3231 3238 3240
f 3231 3240 3239
f 3238 3233 3234
f 3238 3234 3240
f 3234 3237 3240
f 3241 3244 3246
f 3241 3246 3245
f 3244 3248 3249
f 3244 3249 3246
f 3242 3247 3249
f 3242 3249 3248
f 3247 3251 3252
f 3247 3252 3249
f 3243 3250 3252
f 3243 3252 3251
f 3250 3245 3246
f 3250 3246 3252
f 3246 3249 3252
f 3253 3256 3258
f 3253 3258 3257
f 3256 3260 3261
f 3256 3261 3258
f 3254 3259 3261
f 3254 3261 3260
f 3259 3263 3264
f 3259 3264 3261
f 3255 3262 3264
f 3255 3264 3263
f 3262 3257 3258
f 3262 3258 3264
f 3258 3261 3264
f 3265 3268 3270
f 3265 3270 3269
f 3268 3272 3273
f 3268 3273 3270
f 3266 3271 3273
f 3266 3273 3272
f 3271 3275 3276
f 3271 3276 3273
f 3267 3274 3276
f 3267 3276 3275
f 3274 3269 3270
f 3274 3270 3276
f 3270 3273 3276
f 3277 3280 3282
f 3277 3282 3281
f 3280 3284 3285
f 3280 3285 3282
f 3278 3283 3285
f 3278 3285 3284
f 3283 3287 3288
f 3283 3288 3285
f 3279 3286 3288
f 3279 3288 3287
f 3286 3281 3282
f 3286 3282 3288
f 3282 3285 3288
f 3289 3292 3294
f 3289 3294 3293
f 3292 3296 3297
f 3292 3297 3294
f 3290 3295 3297
f 3290 3297 3296
f 3295 3299 3300
f 3295 3300 3297
f 3291 3298 3300
f 3291 3300 3299
f 3298 3293 3294
f 3298 3294 3300
f 3294 3297 3300
f 3301 3304 3306
f 3301 3306 3305
f 3304 3308 3309
f 3304 3309 3306
f 3302 3307 3309
f 3302 3309 3308
f 3307 3311 3312
f 3307 3312 3309
f 3303 3310 3312
f 3303 3312 3311
f 3310 3305 3306
f 3310 3306 3312
f 3306 3309 3312
f 3313 3316 3318
f 3313 3318 3317
f 3316 3320 3321
f 3316 3321 3318
f 3314 3319 3321
f 3314 3321 3320
f 3319 3323 3324
f 3319 3324 3321
f 3315 3322 3324
f 3315 3324 3323
f 3322 3317 3318
f 3322 3318 3324
f 3318 3321 3324
f 3253 3229 3233
f 3253 3233 3256
f 3256 3233 3238
f 3256 3238 3260
f 3260 3238 3231
f 3260 3231 3254
f 3230 3241 3245
f 3230 3245 3235
f 3235 3245 3250
f 3235 3250 3239
f 3239 3250 3243
f 3239 3243 3231
f 3242 3265 3269
f 3242 3269 3247
f 3247 3269 3274
f 3247 3274 3251
f 3251 3274 3267
f 3251 3267 3243
f 3266 3255 3263
f 3266 3263 3271
f 3271 3263 3259
f 3271 3259 3275
f 3275 3259 3254
f 3275 3254 3267
f 3301 3253 3257
f 3301 3257 3304
f 3304 3257 3262
f 3304 3262 3308
f 3308 3262 3255
f 3308 3255 3302
f 3265 3313 3317
f 3265 3317 3268
f 3268 3317 3322
f 3268 3322 3272
f 3272 3322 3315
f 3272 3315 3266
f 3314 3303 3311
f 3314 3311 3319
f 3319 3311 3307
f 3319 3307 3323
f 3323 3307 3302
f 3323 3302 3315
f 3277 3301 3305
f 3277 3305 3280
f 3280 3305 3310
f 3280 3310 3284
f 3284 3310 3303
f 3284 3303 3278
f 3313 3289 3293
f 3313 3293 3316
f 3316 3293 3298
f 3316 3298 3320
f 3320 3298 3291
f 3320 3291 3314
f 3290 3279 3287
f 3290 3287 3295
f 3295 3287 3283
f 3295 3283 3299
f 3299 3283 3278
f 3299 3278 3291
f 3229 3277 3281
f 3229 3281 3232
f 3232 3281 3286
f 3232 3286 3236
f 3236 3286 3279
f 3236 3279 3230
f 3289 3242 3248
f 3289 3248 3292
f 3292 3248 3244
f 3292 3244 3296
f 3296 3244 3241
f 3296 3241 3290
f 3253 3301 3277
f 3253 3277 3229
f 3231 3243 3267
f 3231 3267 3254
f 3279 3290 3241
f 3279 3241 3230
f 3313 3265 3242
f 3313 3242 3289
f 3255 3266 3315
f 3255 3315 3302
f 3303 3314 3291
f 3303 3291 3278
v 1.1360000 -0.3240000 0.6700000
v 1.1360000 -0.3300000 0.6760000
v 1.1300000 -0.3240000 0.6760000
v 1.1360000 -0.3269961 0.6708016
v 1.1330040 -0.3240000 0.6708016
v 1.1331307 -0.3268693 0.6715803
v 1.1330040 -0.3291984 0.6760000
v 1.1360000 -0.3291984 0.6730040
v 1.1331307 -0.3284198 0.6731308
v 1.1308016 -0.3240000 0.6730040
v 1.1308016 -0.3269961 0.6760000
v 1.1315802 -0.3268693 0.6731308
v 1.1360000 -0.3300000 1.0140001
v 1.1360000 -0.3240000 1.0200000
v 1.1300000 -0.3240000 1.0140001
v 1.1360000 -0.3291984 1.0169961
v 1.1330040 -0.3291984 1.0140001
v 1.1331307 -0.3284198 1.0168693
v 1.1330040 -0.3240000 1.0191984
v 1.1360000 -0.3269961 1.0191984
v 1.1331307 -0.3268693 1.0184199
v 1.1308016 -0.3269961 1.0140001
v 1.1308016 -0.3240000 1.0169961
v 1.1315802 -0.3268693 1.0168693
v 1.1360000 0.3240000 0.6700000
v 1.1300000 0.3240000 0.6760000
v 1.1360000 0.3300000 0.6760000
v 1.1330040 0.3240000 0.6708016
v 1.1360000 0.3269961 0.6708016
v 1.1331307 0.3268693 0.6715803
v 1.1308016 0.3269961 0.6760000
v 1.1308016 0.3240000 0.6730040
v 1.1315802 0.3268693 0.6731308
v 1.1360000 0.3291984 0.6730040
v 1.1330040 0.3291984 0.6760000
v 1.1331307 0.3284198 0.6731308
v 1.1360000 0.3240000 1.0200000
v 1.1360000 0.3300000 1.0140001
v 1.1300000 0.3240000 1.0140001
v 1.1360000 0.3269961 1.0191984
v 1.1330040 0.3240000 1.0191984
v 1.1331307 0.3268693 1.0184199
v 1.1330040 0.3291984 1.0140001
v 1.1360000 0.3291984 1.0169961
v 1.1331307 0.3284198 1.0168693
v 1.1308016 0.3240000 1.0169961
v 1.1308016 0.3269961 1.0140001
v 1.1315802 0.3268693 1.0168693
v 1.1439999 -0.3240000 0.6700000
v 1.1500000 -0.3240000 0.6760000
v 1.1439999 -0.3300000 0.6760000
v 1.1469960 -0.3240000 0.6708016
v 1.1439999 -0.3269961 0.6708016
v 1.1468693 -0.3268693 0.6715803
v 1.1491984 -0.3269961 0.6760000
v 1.1491984 -0.3240000 0.6730040
v 1.1484197 -0.3268693 0.6731308
v 1.1439999 -0.3291984 0.6730040
v 1.1469960 -0.3291984 0.6760000
v 1.1468693 -0.3284198 0.6731308
v 1.1439999 -0.3240000 1.0200000
v 1.1439999 -0.3300000 1.0140001
v 1.1500000 -0.3240000 1.0140001
v 1.1439999 -0.3269961 1.0191984
v 1.1469960 -0.3240000 1.0191984
v 1.1468693 -0.3268693 1.0184199
v 1.1469960 -0.3291984 1.0140001
v 1.1439999 -0.3291984 1.0169961
v 1.1468693 -0.3284198 1.0168693
v 1.1491984 -0.3240000 1.0169961
v 1.1491984 -0.3269961 1.0140001
v 1.1484197 -0.3268693 1.0168693
v 1.1439999 0.3240000 0.6700000
v 1.1439999 0.3300000 0.6760000
v 1.1500000 0.3240000 0.6760000
v 1.1439999 0.3269961 0.6708016
v 1.1469960 0.3240000 0.6708016
v 1.1468693 0.3268693 0.6715803
v 1.1469960 0.3291984 0.6760000
v 1.1439999 0.3291984 0.6730040
v 1.1468693 0.3284198 0.6731308
v 1.1491984 0.3240000 0.6730040
v 1.1491984 0.3269961 0.6760000
v 1.1484197 0.3268693 0.6731308
v 1.1439999 0.3240000 1.0200000
v 1.1500000 0.3240000 1.0140001
v 1.1439999 0.3300000 1.0140001
v 1.1469960 0.3240000 1.0191984
v 1.1439999 0.3269961 1.0191984
v 1.1468693 0.3268693 1.0184199
v 1.1491984 0.3269961 1.0140001
v 1.1491984 0.3240000 1.0169961
v 1.1484197 0.3268693 1.0168693
v 1.1439999 0.3291984 1.0169961
v 1.1469960 0.3291984 1.0140001
v 1.1468693 0.3284198 1.0168693
f 3325 3328 3330
f 3325 3330 3329
f 3328 3332 3333
f 3328 3333 3330
f 3326 3331 3333
f 3326 3333 3332
f 3331 3335 3336
f 3331 3336 3333
f 3327 3334 3336
f 3327 3336 3335
f 3334 3329 3330
f 3334 3330 3336
f 3330 3333 3336
f 3337 3340 3342
f 3337 3342 3341
f 3340 3344 3345
f 3340 3345 3342
f 3338 3343 3345
f 3338 3345 3344
f 3343 3347 3348
f 3343 3348 3345
f 3339 3346 3348
f 3339 3348 3347
f 3346 3341 3342
f 3346 3342 3348
f 3342 3345 3348
f 3349 3352 3354
f 3349 3354 3353
f 3352 3356 3357
f 3352 3357 3354
f 3350 3355 3357
f 3350 3357 3356
f 3355 3359 3360
f 3355 3360 3357
f 3351 3358 3360
f 3351 3360 3359
f 3358 3353 3354
f 3358 3354 3360
f 3354 3357 3360
f 3361 3364 3366
f 3361 3366 3365
f 3364 3368 3369
f 3364 3369 3366
f 3362 3367 3369
f 3362 3369 3368
f 3367 3371 3372
f 3367 3372 3369
f 3363 3370 3372
f 3363 3372 3371
f 3370 3365 3366
f 3370 3366 3372
f 3366 3369 3372
f 3373 3376 3378
f 3373 3378 3377
f 3376 3380 3381
f 3376 3381 3378
f 3374 3379 3381
f 3374 3381 3380
f 3379 3383 3384
f 3379 3384 3381
f 3375 3382 3384
f 3375 3384 3383
f 3382 3377 3378
f 3382 3378 3384
f 3378 3381 3384
f 3385 3388 3390
f 3385 3390 3389
f 3388 3392 3393
f 3388 3393 3390
f 3386 3391 3393
f 3386 3393 3392
f 3391 3395 3396
f 3391 3396 3393
f 3387 3394 3396
f 3387 3396 3395
f 3394 3389 3390
f 3394 3390 3396
f 3390 3393 3396
f 3397 3400 3402
f 3397 3402 3401
f 3400 3404 3405
f 3400 3405 3402
f 3398 3403 3405
f 3398 3405 3404
f 3403 3407 3408
f 3403 3408 3405
f 3399 3406 3408
f 3399 3408 3407
f 3406 3401 3402
f 3406 3402 3408
f 3402 3405 3408
f 3409 3412 3414
f 3409 3414 3413
f 3412 3416 3417
f 3412 3417 3414
f 3410 3415 3417
f 3410 3417 3416
f 3415 3419 3420
f 3415 3420 3417
f 3411 3418 3420
f 3411 3420 3419
f 3418 3413 3414
f 3418 3414 3420
f 3414 3417 3420
f 3349 3325 3329
f 3349 3329 3352
f 3352 3329 3334
f 3352 3334 3356
f 3356 3334 3327
f 3356 3327 3350
f 3326 3337 3341
f 3326 3341 3331
f 3331 3341 3346
f 3331 3346 3335
f 3335 3346 3339
f 3335 3339 3327
f 3338 3361 3365
f 3338 3365 3343
f 3343 3365 3370
f 3343 3370 3347
f 3347 3370 3363
f 3347 3363 3339
f 3362 3351 3359
f 3362 3359 3367
f 3367 3359 3355
f 3367 3355 3371
f 3371 3355 3350
f 3371 3350 3363
f 3397 3349 3353
f 3397 3353 3400
f 3400 3353 3358
f 3400 3358 3404
f 3404 3358 3351
f 3404 3351 3398
f 3361 3409 3413
f 3361 3413 3364
f 3364 3413 3418
f 3364 3418 3368
f 3368 3418 3411
f 3368 3411 3362
f 3410 3399 3407
f 3410 3407 3415
f 3415 3407 3403
f 3415 3403 3419
f 3419 3403 3398
f 3419 3398 3411
f 3373 3397 3401
f 3373 3401 3376
f 3376 3401 3406
f 3376 3406 3380
f 3380 3406 3399
f 3380 3399 3374
f 3409 3385 3389
f 3409 3389 3412
f 3412 3389 3394
f 3412 3394 3416
f 3416 3394 3387
f 3416 3387 3410
f 3386 3375 3383
f 3386 3383 3391
f 3391 3383 3379
f 3391 3379 3395
f 3395 3379 3374
f 3395 3374 3387
f 3325 3373 3377
f 3325 3377 3328
f 3328 3377 3382
f 3328 3382 3332
f 3332 3382 3375
f 3332 3375 3326
f 3385 3338 3344
f 3385 3344 3388
f 3388 3344 3340
f 3388 3340 3392
f 3392 3340 3337
f 3392 3337 3386
f 3349 3397 3373
f 3349 3373 3325
f 3327 3339 3363
f 3327 3363 3350
f 3375 3386 3337
f 3375 3337 3326
f 3409 3361 3338
f 3409 3338 3385
f 3351 3362 3411
f 3351 3411 3398
f 3399 3410 3387
f 3399 3387 3374
v 1.1430000 -0.3390000 0.6700000
v 1.1430000 -0.3420000 0.6730000
v 1.1400001 -0.3390000 0.6730000
v 1.1430000 -0.3404980 0.6704009
v 1.1415020 -0.3390000 0.6704009
v 1.1415654 -0.3404346 0.6707901
v 1.1415020 -0.3415992 0.6730000
v 1.1430000 -0.3415992 0.6715020
v 1.1415654 -0.3412099 0.6715654
v 1.1404009 -0.3390000 0.6715020
v 1.1404009 -0.3404980 0.6730000
v 1.1407901 -0.3404346 0.6715654
v 1.1430000 -0.3420000 1.0170000
v 1.1430000 -0.3390000 1.0200000
v 1.1400001 -0.3390000 1.0170000
v 1.1430000 -0.3415992 1.0184981
v 1.1415020 -0.3415992 1.0170000
v 1.1415654 -0.3412099 1.0184346
v 1.1415020 -0.3390000 1.0195992
v 1.1430000 -0.3404980 1.0195992
v 1.1415654 -0.3404346 1.0192099
v 1.1404009 -0.3404980 1.0170000
v 1.1404009 -0.3390000 1.0184981
v 1.1407901 -0.3404346 1.0184346
v 1.1430000 -0.3330000 0.6700000
v 1.1400001 -0.3330000 0.6730000
v 1.1430000 -0.3300000 0.6730000
v 1.1415020 -0.3330000 0.6704009
v 1.1430000 -0.3315020 0.6704009
v 1.1415654 -0.3315654 0.6707901
v 1.1404009 -0.3315020 0.6730000
v 1.1404009 -0.3330000 0.6715020
v 1.1407901 -0.3315654 0.6715654
v 1.1430000 -0.3304008 0.6715020
v 1.1415020 -0.3304008 0.6730000
v 1.1415654 -0.3307901 0.6715654
v 1.1430000 -0.3330000 1.0200000
v 1.1430000 -0.3300000 1.0170000
v 1.1400001 -0.3330000 1.0170000
v 1.1430000 -0.3315020 1.0195992
v 1.1415020 -0.3330000 1.0195992
v 1.1415654 -0.3315654 1.0192099
v 1.1415020 -0.3304008 1.0170000
v 1.1430000 -0.3304008 1.0184981
v 1.1415654 -0.3307901 1.0184346
v 1.1404009 -0.3330000 1.0184981
v 1.1404009 -0.3315020 1.0170000
v 1.1407901 -0.3315654 1.0184346
v 1.7770001 -0.3390000 0.6700000
v 1.7800000 -0.3390000 0.6730000
v 1.7770001 -0.3420000 0.6730000
v 1.7784981 -0.3390000 0.6704009
v 1.7770001 -0.3404980 0.6704009
v 1.7784346 -0.3404346 0.6707901
v 1.7795992 -0.3404980 0.6730000
v 1.7795992 -0.3390000 0.6715020
v 1.7792100 -0.3404346 0.6715654
v 1.7770001 -0.3415992 0.6715020
v 1.7784981 -0.3415992 0.6730000
v 1.7784346 -0.3412099 0.6715654
v 1.7770001 -0.3390000 1.0200000
v 1.7770001 -0.3420000 1.0170000
v 1.7800000 -0.3390000 1.0170000
v 1.7770001 -0.3404980 1.0195992
v 1.7784981 -0.3390000 1.0195992
v 1.7784346 -0.3404346 1.0192099
v 1.7784981 -0.3415992 1.0170000
v 1.7770001 -0.3415992 1.0184981
v 1.7784346 -0.3412099 1.0184346
v 1.7795992 -0.3390000 1.0184981
v 1.7795992 -0.3404980 1.0170000
v 1.7792100 -0.3404346 1.0184346
v 1.7770001 -0.3330000 0.6700000
v 1.7770001 -0.3300000 0.6730000
v 1.7800000 -0.3330000 0.6730000
v 1.7770001 -0.3315020 0.6704009
v 1.7784981 -0.3330000 0.6704009
v 1.7784346 -0.3315654 0.6707901
v 1.7784981 -0.3304008 0.6730000
v 1.7770001 -0.3304008 0.6715020
v 1.7784346 -0.3307901 0.6715654
v 1.7795992 -0.3330000 0.6715020
v 1.7795992 -0.3315020 0.6730000
v 1.7792100 -0.3315654 0.6715654
v 1.7770001 -0.3330000 1.0200000
v 1.7800000 -0.3330000 1.0170000
v 1.7770001 -0.3300000 1.0170000
v 1.7784981 -0.3330000 1.0195992
v 1.7770001 -0.3315020 1.0195992
v 1.7784346 -0.3315654 1.0192099
v 1.7795992 -0.3315020 1.0170000
v 1.7795992 -0.3330000 1.0184981
v 1.7792100 -0.3315654 1.0184346
v 1.7770001 -0.3304008 1.0184981
v 1.7784981 -0.3304008 1.0170000
v 1.7784346 -0.3307901 1.0184346
f 3421 3424 3426
f 3421 3426 3425
f 3424 3428 3429
f 3424 3429 3426
f 3422 3427 3429
f 3422 3429 3428
f 3427 3431 3432
f 3427 3432 3429
f 3423 3430 3432
f 3423 3432 3431
f 3430 3425 3426
f 3430 3426 3432
f 3426 3429 3432
f 3433 3436 3438
f 3433 3438 3437
f 3436 3440 3441
f 3436 3441 3438
f 3434 3439 3441
f 3434 3441 3440
f 3439 3443 3444
f 3439 3444 3441
f 3435 3442 3444
f 3435 3444 3443
f 3442 3437 3438
f 3442 3438 3444
f 3438 3441 3444
f 3445 3448 3450
f 3445 3450 3449
f 3448 3452 3453
f 3448 3453 3450
f 3446 3451 3453
f 3446 3453 3452
f 3451 3455 3456
f 3451 3456 3453
f 3447 3454 3456
f 3447 3456 3455
f 3454 3449 3450
f 3454 3450 3456
f 3450 3453 3456
f 3457 3460 3462
f 3457 3462 3461
f 3460 3464 3465
f 3460 3465 3462
f 3458 3463 3465
f 3458 3465 3464
f 3463 3467 3468
f 3463 3468 3465
f 3459 3466 3468
f 3459 3468 3467
f 3466 3461 3462
f 3466 3462 3468
f 3462 3465 3468
f 3469 3472 3474
f 3469 3474 3473
f 3472 3476 3477
f 3472 3477 3474
f 3470 3475 3477
f 3470 3477 3476
f 3475 3479 3480
f 3475 3480 3477
f 3471 3478 3480
f 3471 3480 3479
f 3478 3473 3474
f 3478 3474 3480
f 3474 3477 3480
f 3481 3484 3486
f 3481 3486 3485
f 3484 3488 3489
f 3484 3489 3486
f 3482 3487 3489
f 3482 3489 3488
f 3487 3491 3492
f 3487 3492 3489
f 3483 3490 3492
f 3483 3492 3491
f 3490 3485 3486
f 3490 3486 3492
f 3486 3489 3492
f 3493 3496 3498
f 3493 3498 3497
f 3496 3500 3501
f 3496 3501 3498
f 3494 3499 3501
f 3494 3501 3500
f 3499 3503 3504
f 3499 3504 3501
f 3495 3502 3504
f 3495 3504 3503
f 3502 3497 3498
f 3502 3498 3504
f 3498 3501 3504
f 3505 3508 3510
f 3505 3510 3509
f 3508 3512 3513
f 3508 3513 3510
f 3506 3511 3513
f 3506 3513 3512
f 3511 3515 3516
f 3511 3516 3513
f 3507 3514 3516
f 3507 3516 3515
f 3514 3509 3510
f 3514 3510 3516
f 3510 3513 3516
f 3445 3421 3425
f 3445 3425 3448
f 3448 3425 3430
f 3448 3430 3452
f 3452 3430 3423
f 3452 3423 3446
f 3422 3433 3437
f 3422 3437 3427
f 3427 3437 3442
f 3427 3442 3431
f 3431 3442 3435
f 3431 3435 3423
f 3434 3457 3461
f 3434 3461 3439
f 3439 3461 3466
f 3439 3466 3443
f 3443 3466 3459
f 3443 3459 3435
f 3458 3447 3455
f 3458 3455 3463
f 3463 3455 3451
f 3463 3451 3467
f 3467 3451 3446
f 3467 3446 3459
f 3493 3445 3449
f 3493 3449 3496
f 3496 3449 3454
f 3496 3454 3500
f 3500 3454 3447
f 3500 3447 3494
f 3457 3505 3509
f 3457 3509 3460
f 3460 3509 3514
f 3460 3514 3464
f 3464 3514 3507
f 3464 3507 3458
f 3506 3495 3503
f 3506 3503 3511
f 3511 3503 3499
f 3511 3499 3515
f 3515 3499 3494
f 3515 3494 3507
f 3469 3493 3497
f 3469 3497 3472
f 3472 3497 3502
f 3472 3502 3476
f 3476 3502 3495
f 3476 3495 3470
f 3505 3481 3485
f 3505 3485 3508
f 3508 3485 3490
f 3508 3490 3512
f 3512 3490 3483
f 3512 3483 3506
f 3482 3471 3479
f 3482 3479 3487
f 3487 3479 3475
f 3487 3475 3491
f 3491 3475 3470
f 3491 3470 3483
f 3421 3469 3473
f 3421 3473 3424
f 3424 3473 3478
f 3424 3478 3428
f 3428 3478 3471
f 3428 3471 3422
f 3481 3434 3440
f 3481 3440 3484
f 3484 3440 3436
f 3484 3436 3488
f 3488 3436 3433
f 3488 3433 3482
f 3445 3493 3469
f 3445 3469 3421
f 3423 3435 3459
f 3423 3459 3446
f 3471 3482 3433
f 3471 3433 3422
f 3505 3457 3434
f 3505 3434 3481
f 3447 3458 3507
f 3447 3507 3494
f 3495 3506 3483
f 3495 3483 3470
v 1.1430000 0.3330000 0.6700000
v 1.1430000 0.3300000 0.6730000
v 1.1400001 0.3330000 0.6730000
v 1.1430000 0.3315020 0.6704009
v 1.1415020 0.3330000 0.6704009
v 1.1415654 0.3315654 0.6707901
v 1.1415020 0.3304008 0.6730000
v 1.1430000 0.3304008 0.6715020
v 1.1415654 0.3307901 0.6715654
v 1.1404009 0.3330000 0.6715020
v 1.1404009 0.3315020 0.6730000
v 1.1407901 0.3315654 0.6715654
v 1.1430000 0.3300000 1.0170000
v 1.1430000 0.3330000 1.0200000
v 1.1400001 0.3330000 1.0170000
v 1.1430000 0.3304008 1.0184981
v 1.1415020 0.3304008 1.0170000
v 1.1415654 0.3307901 1.0184346
v 1.1415020 0.3330000 1.0195992
v 1.1430000 0.3315020 1.0195992
v 1.1415654 0.3315654 1.0192099
v 1.1404009 0.3315020 1.0170000
v 1.1404009 0.3330000 1.0184981
v 1.1407901 0.3315654 1.0184346
v 1.1430000 0.3390000 0.6700000
v 1.1400001 0.3390000 0.6730000
v 1.1430000 0.3420000 0.6730000
v 1.1415020 0.3390000 0.6704009
v 1.1430000 0.3404980 0.6704009
v 1.1415654 0.3404346 0.6707901
v 1.1404009 0.3404980 0.6730000
v 1.1404009 0.3390000 0.6715020
v 1.1407901 0.3404346 0.6715654
v 1.1430000 0.3415992 0.6715020
v 1.1415020 0.3415992 0.6730000
v 1.1415654 0.3412099 0.6715654
v 1.1430000 0.3390000 1.0200000
v 1.1430000 0.3420000 1.0170000
v 1.1400001 0.3390000 1.0170000
v 1.1430000 0.3404980 1.0195992
v 1.1415020 0.3390000 1.0195992
v 1.1415654 0.3404346 1.0192099
v 1.1415020 0.3415992 1.0170000
v 1.1430000 0.3415992 1.0184981
v 1.1415654 0.3412099 1.0184346
v 1.1404009 0.3390000 1.0184981
v 1.1404009 0.3404980 1.0170000
v 1.1407901 0.3404346 1.0184346
v 1.7770001 0.3330000 0.6700000
v 1.7800000 0.3330000 0.6730000
v 1.7770001 0.3300000 0.6730000
v 1.7784981 0.3330000 0.6704009
v 1.7770001 0.3315020 0.6704009
v 1.7784346 0.3315654 0.6707901
v 1.7795992 0.3315020 0.6730000
v 1.7795992 0.3330000 0.6715020
v 1.7792100 0.3315654 0.6715654
v 1.7770001 0.3304008 0.6715020
v 1.7784981 0.3304008 0.6730000
v 1.7784346 0.3307901 0.6715654
v 1.7770001 0.3330000 1.0200000
v 1.7770001 0.3300000 1.0170000
v 1.7800000 0.3330000 1.0170000
v 1.7770001 0.3315020 1.0195992
v 1.7784981 0.3330000 1.0195992
v 1.7784346 0.3315654 1.0192099
v 1.7784981 0.3304008 1.0170000
v 1.7770001 0.3304008 1.0184981
v 1.7784346 0.3307901 1.0184346
v 1.7795992 0.3330000 1.0184981
v 1.7795992 0.3315020 1.0170000
v 1.7792100 0.3315654 1.0184346
v 1.7770001 0.3390000 0.6700000
v 1.7770001 0.3420000 0.6730000
v 1.7800000 0.3390000 0.6730000
v 1.7770001 0.3404980 0.6704009
v 1.7784981 0.3390000 0.6704009
v 1.7784346 0.3404346 0.6707901
v 1.7784981 0.3415992 0.6730000
v 1.7770001 0.3415992 0.6715020
v 1.7784346 0.3412099 0.6715654
v 1.7795992 0.3390000 0.6715020
v 1.7795992 0.3404980 0.6730000
v 1.7792100 0.3404346 0.6715654
v 1.7770001 0.3390000 1.0200000
v 1.7800000 0.3390000 1.0170000
v 1.7770001 0.3420000 1.0170000
v 1.7784981 0.3390000 1.0195992
v 1.7770001 0.3404980 1.0195992
v 1.7784346 0.3404346 1.0192099
v 1.7795992 0.3404980 1.0170000
v 1.7795992 0.3390000 1.0184981
v 1.7792100 0.3404346 1.0184346
v 1.7770001 0.3415992 1.0184981
v 1.7784981 0.3415992 1.0170000
v 1.7784346 0.3412099 1.0184346
f 3517 3520 3522
f 3517 3522 3521
f 3520 3524 3525
f 3520 3525 3522
f 3518 3523 3525
f 3518 3525 3524
f 3523 3527 3528
f 3523 3528 3525
f 3519 3526 3528
f 3519 3528 3527
f 3526 3521 3522
f 3526 3522 3528
f 3522 3525 3528
f 3529 3532 3534
f 3529 3534 3533
f 3532 3536 3537
f 3532 3537 3534
f 3530 3535 3537
f 3530 3537 3536
f 3535 3539 3540
f 3535 3540 3537
f 3531 3538 3540
f 3531 3540 3539
f 3538 3533 3534
f 3538 3534 3540
f 3534 3537 3540
f 3541 3544 3546
f 3541 3546 3545
f 3544 3548 3549
f 3544 3549 3546
f 3542 3547 3549
f 3542 3549 3548
f 3547 3551 3552
f 3547 3552 3549
f 3543 3550 3552
f 3543 3552 3551
f 3550 3545 3546
f 3550 3546 3552
f 3546 3549 3552
f 3553 3556 3558
f 3553 3558 3557
f 3556 3560 3561
f 3556 3561 3558
f 3554 3559 3561
f 3554 3561 3560
f 3559 3563 3564
f 3559 3564 3561
f 3555 3562 3564
f 3555 3564 3563
f 3562 3557 3558
f 3562 3558 3564
f 3558 3561 3564
f 3565 3568 3570
f 3565 3570 3569
f 3568 3572 3573
f 3568 3573 3570
f 3566 3571 3573
f 3566 3573 3572
f 3571 3575 3576
f 3571 3576 3573
f 3567 3574 3576
f 3567 3576 3575
f 3574 3569 3570
f 3574 3570 3576
f 3570 3573 3576
f 3577 3580 3582
f 3577 3582 3581
f 3580 3584 3585
f 3580 3585 3582
f 3578 3583 3585
f 3578 3585 3584
f 3583 3587 3588
f 3583 3588 3585
f 3579 3586 3588
f 3579 3588 3587
f 3586 3581 3582
f 3586 3582 3588
f 3582 3585 3588
f 3589 3592 3594
f 3589 3594 3593
f 3592 3596 3597
f 3592 3597 3594
f 3590 3595 3597
f 3590 3597 3596
f 3595 3599 3600
f 3595 3600 3597
f 3591 3598 3600
f 3591 3600 3599
f 3598 3593 3594
f 3598 3594 3600
f 3594 3597 3600
f 3601 3604 3606
f 3601 3606 3605
f 3604 3608 3609
f 3604 3609 3606
f 3602 3607 3609
f 3602 3609 3608
f 3607 3611 3612
f 3607 3612 3609
f 3603 3610 3612
f 3603 3612 3611
f 3610 3605 3606
f 3610 3606 3612
f 3606 3609 3612
f 3541 3517 3521
f 3541 3521 3544
f 3544 3521 3526
f 3544 3526 3548
f 3548 3526 3519
f 3548 3519 3542
f 3518 3529 3533
f 3518 3533 3523
f 3523 3533 3538
f 3523 3538 3527
f 3527 3538 3531
f 3527 3531 3519
f 3530 3553 3557
f 3530 3557 3535
f 3535 3557 3562
f 3535 3562 3539
f 3539 3562 3555
f 3539 3555 3531
f 3554 3543 3551
f 3554 3551 3559
f 3559 3551 3547
f 3559 3547 3563
f 3563 3547 3542
f 3563 3542 3555
f 3589 3541 3545
f 3589 3545 3592
f 3592 3545 3550
f 3592 3550 3596
f 3596 3550 3543
f 3596 3543 3590
f 3553 3601 3605
f 3553 3605 3556
f 3556 3605 3610
f 3556 3610 3560
f 3560 3610 3603
f 3560 3603 3554
f 3602 3591 3599
f 3602 3599 3607
f 3607 3599 3595
f 3607 3595 3611
f 3611 3595 3590
f 3611 3590 3603
f 3565 3589 3593
f 3565 3593 3568
f 3568 3593 3598
f 3568 3598 3572
f 3572 3598 3591
f 3572 3591 3566
f 3601 3577 3581
f 3601 3581 3604
f 3604 3581 3586
f 3604 3586 3608
f 3608 3586 3579
f 3608 3579 3602
f 3578 3567 3575
f 3578 3575 3583
f 3583 3575 3571
f 3583 3571 3587
f 3587 3571 3566
f 3587 3566 3579
f 3517 3565 3569
f 3517 3569 3520
f 3520 3569 3574
f 3520 3574 3524
f 3524 3574 3567
f 3524 3567 3518
f 3577 3530 3536
f 3577 3536 3580
f 3580 3536 3532
f 3580 3532 3584
f 3584 3532 3529
f 3584 3529 3578
f 3541 3589 3565
f 3541 3565 3517
f 3519 3531 3555
f 3519 3555 3542
f 3567 3578 3529
f 3567 3529 3518
f 3601 3553 3530
f 3601 3530 3577
f 3543 3554 3603
f 3543 3603 3590
f 3591 3602 3579
f 3591 3579 3566
v 1.1340001 -0.3460000 1.0200000
v 1.1340001 -0.3500000 1.0239999
v 1.1300000 -0.3460000 1.0239999
v 1.1340001 -0.3479973 1.0205344
v 1.1320027 -0.3460000 1.0205344
v 1.1320872 -0.3479128 1.0210534
v 1.1320027 -0.3494656 1.0239999
v 1.1340001 -0.3494656 1.0220026
v 1.1320872 -0.3489465 1.0220871
v 1.1305344 -0.3460000 1.0220026
v 1.1305344 -0.3479973 1.0239999
v 1.1310536 -0.3479128 1.0220871
v 1.1340001 -0.3500000 1.0360000
v 1.1340001 -0.3460000 1.0400000
v 1.1300000 -0.3460000 1.0360000
v 1.1340001 -0.3494656 1.0379974
v 1.1320027 -0.3494656 1.0360000
v 1.1320872 -0.3489465 1.0379128
v 1.1320027 -0.3460000 1.0394655
v 1.1340001 -0.3479973 1.0394655
v 1.1320872 -0.3479128 1.0389465
v 1.1305344 -0.3479973 1.0360000
v 1.1305344 -0.3460000 1.0379974
v 1.1310536 -0.3479128 1.0379128
v 1.1340001 0.3460000 1.0200000
v 1.1300000 0.3460000 1.0239999
v 1.1340001 0.3500000 1.0239999
v 1.1320027 0.3460000 1.0205344
v 1.1340001 0.3479973 1.0205344
v 1.1320872 0.3479128 1.0210534
v 1.1305344 0.3479973 1.0239999
v 1.1305344 0.3460000 1.0220026
v 1.1310536 0.3479128 1.0220871
v 1.1340001 0.3494656 1.0220026
v 1.1320027 0.3494656 1.0239999
v 1.1320872 0.3489465 1.0220871
v 1.1340001 0.3460000 1.0400000
v 1.1340001 0.3500000 1.0360000
v 1.1300000 0.3460000 1.0360000
v 1.1340001 0.3479973 1.0394655
v 1.1320027 0.3460000 1.0394655
v 1.1320872 0.3479128 1.0389465
v 1.1320027 0.3494656 1.0360000
v 1.1340001 0.3494656 1.0379974
v 1.1320872 0.3489465 1.0379128
v 1.1305344 0.3460000 1.0379974
v 1.1305344 0.3479973 1.0360000
v 1.1310536 0.3479128 1.0379128
v 1.7860000 -0.3460000 1.0200000
v 1.7900001 -0.3460000 1.0239999
v 1.7860000 -0.3500000 1.0239999
v 1.7879974 -0.3460000 1.0205344
v 1.7860000 -0.3479973 1.0205344
v 1.7879128 -0.3479128 1.0210534
v 1.7894657 -0.3479973 1.0239999
v 1.7894657 -0.3460000 1.0220026
v 1.7889465 -0.3479128 1.0220871
v 1.7860000 -0.3494656 1.0220026
v 1.7879974 -0.3494656 1.0239999
v 1.7879128 -0.3489465 1.0220871
v 1.7860000 -0.3460000 1.0400000
v 1.7860000 -0.3500000 1.0360000
v 1.7900001 -0.3460000 1.0360000
v 1.7860000 -0.3479973 1.0394655
v 1.7879974 -0.3460000 1.0394655
v 1.7879128 -0.3479128 1.0389465
v 1.7879974 -0.3494656 1.0360000
v 1.7860000 -0.3494656 1.0379974
v 1.7879128 -0.3489465 1.0379128
v 1.7894657 -0.3460000 1.0379974
v 1.7894657 -0.3479973 1.0360000
v 1.7889465 -0.3479128 1.0379128
v 1.7860000 0.3460000 1.0200000
v 1.7860000 0.3500000 1.0239999
v 1.7900001 0.3460000 1.0239999
v 1.7860000 0.3479973 1.0205344
v 1.7879974 0.3460000 1.0205344
v 1.7879128 0.3479128 1.0210534
v 1.7879974 0.3494656 1.0239999
v 1.7860000 0.3494656 1.0220026
v 1.7879128 0.3489465 1.0220871
v 1.7894657 0.3460000 1.0220026
v 1.7894657 0.3479973 1.0239999
v 1.7889465 0.3479128 1.0220871
v 1.7860000 0.3460000 1.0400000
v 1.7900001 0.3460000 1.0360000
v 1.7860000 0.3500000 1.0360000
v 1.7879974 0.3460000 1.0394655
v 1.7860000 0.3479973 1.0394655
v 1.7879128 0.3479128 1.0389465
v 1.7894657 0.3479973 1.0360000
v 1.7894657 0.3460000 1.0379974
v 1.7889465 0.3479128 1.0379128
v 1.7860000 0.3494656 1.0379974
v 1.7879974 0.3494656 1.0360000
v 1.7879128 0.3489465 1.0379128
f 3613 3616 3618
f 3613 3618 3617
f 3616 3620 3621
f 3616 3621 3618
f 3614 3619 3621
f 3614 3621 3620
f 3619 3623 3624
f 3619 3624 3621
f 3615 3622 3624
f 3615 3624 3623
f 3622 3617 3618
f 3622 3618 3624
f 3618 3621 3624
f 3625 3628 3630
f 3625 3630 3629
f 3628 3632 3633
f 3628 3633 3630
f 3626 3631 3633
f 3626 3633 3632
f 3631 3635 3636
f 3631 3636 3633
f 3627 3634 3636
f 3627 3636 3635
f 3634 3629 3630
f 3634 3630 3636
f 3630 3633 3636
f 3637 3640 3642
f 3637 3642 3641
f 3640 3644 3645
f 3640 3645 3642
f 3638 3643 3645
f 3638 3645 3644
f 3643 3647 3648
f 3643 3648 3645
f 3639 3646 3648
f 3639 3648 3647
f 3646 3641 3642
f 3646 3642 3648
f 3642 3645 3648
f 3649 3652 3654
f 3649 3654 3653
f 3652 3656 3657
f 3652 3657 3654
f 3650 3655 3657
f 3650 3657 3656
f 3655 3659 3660
f 3655 3660 3657
f 3651 3658 3660
f 3651 3660 3659
f 3658 3653 3654
f 3658 3654 3660
f 3654 3657 3660
f 3661 3664 3666
f 3661 3666 3665
f 3664 3668 3669
f 3664 3669 3666
f 3662 3667 3669
f 3662 3669 3668
f 3667 3671 3672
f 3667 3672 3669
f 3663 3670 3672
f 3663 3672 3671
f 3670 3665 3666
f 3670 3666 3672
f 3666 3669 3672
f 3673 3676 3678
f 3673 3678 3677
f 3676 3680 3681
f 3676 3681 3678
f 3674 3679 3681
f 3674 3681 3680
f 3679 3683 3684
f 3679 3684 3681
f 3675 3682 3684
f 3675 3684 3683
f 3682 3677 3678
f 3682 3678 3684
f 3678 3681 3684
f 3685 3688 3690
f 3685 3690 3689
f 3688 3692 3693
f 3688 3693 3690
f 3686 3691 3693
f 3686 3693 3692
f 3691 3695 3696
f 3691 3696 3693
f 3687 3694 3696
f 3687 3696 3695
f 3694 3689 3690
f 3694 3690 3696
f 3690 3693 3696
f 3697 3700 3702
f 3697 3702 3701
f 3700 3704 3705
f 3700 3705 3702
f 3698 3703 3705
f 3698 3705 3704
f 3703 3707 3708
f 3703 3708 3705
f 3699 3706 3708
f 3699 3708 3707
f 3706 3701 3702
f 3706 3702 3708
f 3702 3705 3708
f 3637 3613 3617
f 3637 3617 3640
f 3640 3617 3622
f 3640 3622 3644
f 3644 3622 3615
f 3644 3615 3638
f 3614 3625 3629
f 3614 3629 3619
f 3619 3629 3634
f 3619 3634 3623
f 3623 3634 3627
f 3623 3627 3615
f 3626 3649 3653
f 3626 3653 3631
f 3631 3653 3658
f 3631 3658 3635
f 3635 3658 3651
f 3635 3651 3627
f 3650 3639 3647
f 3650 3647 3655
f 3655 3647 3643
f 3655 3643 3659
f 3659 3643 3638
f 3659 3638 3651
f 3685 3637 3641
f 3685 3641 3688
f 3688 3641 3646
f 3688 3646 3692
f 3692 3646 3639
f 3692 3639 3686
f 3649 3697 3701
f 3649 3701 3652
f 3652 3701 3706
f 3652 3706 3656
f 3656 3706 3699
f 3656 3699 3650
f 3698 3687 3695
f 3698 3695 3703
f 3703 3695 3691
f 3703 3691 3707
f 3707 3691 3686
f 3707 3686 3699
f 3661 3685 3689
f 3661 3689 3664
f 3664 3689 3694
f 3664 3694 3668
f 3668 3694 3687
f 3668 3687 3662
f 3697 3673 3677
f 3697 3677 3700
f 3700 3677 3682
f 3700 3682 3704
f 3704 3682 3675
f 3704 3675 3698
f 3674 3663 3671
f 3674 3671 3679
f 3679 3671 3667
f 3679 3667 3683
f 3683 3667 3662
f 3683 3662 3675
f 3613 3661 3665
f 3613 3665 3616
f 3616 3665 3670
f 3616 3670 3620
f 3620 3670 3663
f 3620 3663 3614
f 3673 3626 3632
f 3673 3632 3676
f 3676 3632 3628
f 3676 3628 3680
f 3680 3628 3625
f 3680 3625 3674
f 3637 3685 3661
f 3637 3661 3613
f 3615 3627 3651
f 3615 3651 3638
f 3663 3674 3625
f 3663 3625 3614
f 3697 3649 3626
f 3697 3626 3673
f 3639 3650 3699
f 3639 3699 3686
f 3687 3698 3675
f 3687 3675 3662
v 1.7819999 -0.3270000 0.6700000
v 1.7819999 -0.3300000 0.6730000
v 1.7789999 -0.3270000 0.6730000
v 1.7819999 -0.3284980 0.6704009
v 1.7805020 -0.3270000 0.6704009
v 1.7805654 -0.3284346 0.6707901
v 1.7805020 -0.3295992 0.6730000
v 1.7819999 -0.3295992 0.6715020
v 1.7805654 -0.3292099 0.6715654
v 1.7794007 -0.3270000 0.6715020
v 1.7794007 -0.3284980 0.6730000
v 1.7797900 -0.3284346 0.6715654
v 1.7819999 -0.3300000 1.0170000
v 1.7819999 -0.3270000 1.0200000
v 1.7789999 -0.3270000 1.0170000
v 1.7819999 -0.3295992 1.0184981
v 1.7805020 -0.3295992 1.0170000
v 1.7805654 -0.3292099 1.0184346
v 1.7805020 -0.3270000 1.0195992
v 1.7819999 -0.3284980 1.0195992
v 1.7805654 -0.3284346 1.0192099
v 1.7794007 -0.3284980 1.0170000
v 1.7794007 -0.3270000 1.0184981
v 1.7797900 -0.3284346 1.0184346
v 1.7819999 0.3270000 0.6700000
v 1.7789999 0.3270000 0.6730000
v 1.7819999 0.3300000 0.6730000
v 1.7805020 0.3270000 0.6704009
v 1.7819999 0.3284980 0.6704009
v 1.7805654 0.3284346 0.6707901
v 1.7794007 0.3284980 0.6730000
v 1.7794007 0.3270000 0.6715020
v 1.7797900 0.3284346 0.6715654
v 1.7819999 0.3295992 0.6715020
v 1.7805020 0.3295992 0.6730000
v 1.7805654 0.3292099 0.6715654
v 1.7819999 0.3270000 1.0200000
v 1.7819999 0.3300000 1.0170000
v 1.7789999 0.3270000 1.0170000
v 1.7819999 0.3284980 1.0195992
v 1.7805020 0.3270000 1.0195992
v 1.7805654 0.3284346 1.0192099
v 1.7805020 0.3295992 1.0170000
v 1.7819999 0.3295992 1.0184981
v 1.7805654 0.3292099 1.0184346
v 1.7794007 0.3270000 1.0184981
v 1.7794007 0.3284980 1.0170000
v 1.7797900 0.3284346 1.0184346
v 1.7880000 -0.3270000 0.6700000
v 1.7910000 -0.3270000 0.6730000
v 1.7880000 -0.3300000 0.6730000
v 1.7894980 -0.3270000 0.6704009
v 1.7880000 -0.3284980 0.6704009
v 1.7894346 -0.3284346 0.6707901
v 1.7905992 -0.3284980 0.6730000
v 1.7905992 -0.3270000 0.6715020
v 1.7902099 -0.3284346 0.6715654
v 1.7880000 -0.3295992 0.6715020
v 1.7894980 -0.3295992 0.6730000
v 1.7894346 -0.3292099 0.6715654
v 1.7880000 -0.3270000 1.0200000
v 1.7880000 -0.3300000 1.0170000
v 1.7910000 -0.3270000 1.0170000
v 1.7880000 -0.3284980 1.0195992
v 1.7894980 -0.3270000 1.0195992
v 1.7894346 -0.3284346 1.0192099
v 1.7894980 -0.3295992 1.0170000
v 1.7880000 -0.3295992 1.0184981
v 1.7894346 -0.3292099 1.0184346
v 1.7905992 -0.3270000 1.0184981
v 1.7905992 -0.3284980 1.0170000
v 1.7902099 -0.3284346 1.0184346
v 1.7880000 0.3270000 0.6700000
v 1.7880000 0.3300000 0.6730000
v 1.7910000 0.3270000 0.6730000
v 1.7880000 0.3284980 0.6704009
v 1.7894980 0.3270000 0.6704009
v 1.7894346 0.3284346 0.6707901
v 1.7894980 0.3295992 0.6730000
v 1.7880000 0.3295992 0.6715020
v 1.7894346 0.3292099 0.6715654
v 1.7905992 0.3270000 0.6715020
v 1.7905992 0.3284980 0.6730000
v 1.7902099 0.3284346 0.6715654
v 1.7880000 0.3270000 1.0200000
v 1.7910000 0.3270000 1.0170000
v 1.7880000 0.3300000 1.0170000
v 1.7894980 0.3270000 1.0195992
v 1.7880000 0.3284980 1.0195992
v 1.7894346 0.3284346 1.0192099
v 1.7905992 0.3284980 1.0170000
v 1.7905992 0.3270000 1.0184981
v 1.7902099 0.3284346 1.0184346
v 1.7880000 0.3295992 1.0184981
v 1.7894980 0.3295992 1.0170000
v 1.7894346 0.3292099 1.0184346
f 3709 3712 3714
f 3709 3714 3713
f 3712 3716 3717
f 3712 3717 3714
f 3710 3715 3717
f 3710 3717 3716
f 3715 3719 3720
f 3715 3720 3717
f 3711 3718 3720
f 3711 3720 3719
f 3718 3713 3714
f 3718 3714 3720
f 3714 3717 3720
f 3721 3724 3726
f 3721 3726 3725
f 3724 3728 3729
f 3724 3729 3726
f 3722 3727 3729
f 3722 3729 3728
f 3727 3731 3732
f 3727 3732 3729
f 3723 3730 3732
f 3723 3732 3731
f 3730 3725 3726
f 3730 3726 3732
f 3726 3729 3732
f 3733 3736 3738
f 3733 3738 3737
f 3736 3740 3741
f 3736 3741 3738
f 3734 3739 3741
f 3734 3741 3740
f 3739 3743 3744
f 3739 3744 3741
f 3735 3742 3744
f 3735 3744 3743
f 3742 3737 3738
f 3742 3738 3744
f 3738 3741 3744
f 3745 3748 3750
f 3745 3750 3749
f 3748 3752 3753
f 3748 3753 3750
f 3746 3751 3753
f 3746 3753 3752
f 3751 3755 3756
f 3751 3756 3753
f 3747 3754 3756
f 3747 3756 3755
f 3754 3749 3750
f 3754 3750 3756
f 3750 3753 3756
f 3757 3760 3762
f 3757 3762 3761
f 3760 3764 3765
f 3760 3765 3762
f 3758 3763 3765
f 3758 3765 3764
f 3763 3767 3768
f 3763 3768 3765
f 3759 3766 3768
f 3759 3768 3767
f 3766 3761 3762
f 3766 3762 3768
f 3762 3765 3768
f 3769 3772 3774
f 3769 3774 3773
f 3772 3776 3777
f 3772 3777 3774
f 3770 3775 3777
f 3770 3777 3776
f 3775 3779 3780
f 3775 3780 3777
f 3771 3778 3780
f 3771 3780 3779
f 3778 3773 3774
f 3778 3774 3780
f 3774 3777 3780
f 3781 3784 3786
f 3781 3786 3785
f 3784 3788 3789
f 3784 3789 3786
f 3782 3787 3789
f 3782 3789 3788
f 3787 3791 3792
f 3787 3792 3789
f 3783 3790 3792
f 3783 3792 3791
f 3790 3785 3786
f 3790 3786 3792
f 3786 3789 3792
f 3793 3796 3798
f 3793 3798 3797
f 3796 3800 3801
f 3796 3801 3798
f 3794 3799 3801
f 3794 3801 3800
f 3799 3803 3804
f 3799 3804 3801
f 3795 3802 3804
f 3795 3804 3803
f 3802 3797 3798
f 3802 3798 3804
f 3798 3801 3804
f 3733 3709 3713
f 3733 3713 3736
f 3736 3713 3718
f 3736 3718 3740
f 3740 3718 3711
f 3740 3711 3734
f 3710 3721 3725
f 3710 3725 3715
f 3715 3725 3730
f 3715 3730 3719
f 3719 3730 3723
f 3719 3723 3711
f 3722 3745 3749
f 3722 3749 3727
f 3727 3749 3754
f 3727 3754 3731
f 3731 3754 3747
f 3731 3747 3723
f 3746 3735 3743
f 3746 3743 3751
f 3751 3743 3739
f 3751 3739 3755
f 3755 3739 3734
f 3755 3734 3747
f 3781 3733 3737
f 3781 3737 3784
f 3784 3737 3742
f 3784 3742 3788
f 3788 3742 3735
f 3788 3735 3782
f 3745 3793 3797
f 3745 3797 3748
f 3748 3797 3802
f 3748 3802 3752
f 3752 3802 3795
f 3752 3795 3746
f 3794 3783 3791
f 3794 3791 3799
f 3799 3791 3787
f 3799 3787 3803
f 3803 3787 3782
f 3803 3782 3795
f 3757 3781 3785
f 3757 3785 3760
f 3760 3785 3790
f 3760 3790 3764
f 3764 3790 3783
f 3764 3783 3758
f 3793 3769 3773
f 3793 3773 3796
f 3796 3773 3778
f 3796 3778 3800
f 3800 3778 3771
f 3800 3771 3794
f 3770 3759 3767
f 3770 3767 3775
f 3775 3767 3763
f 3775 3763 3779
f 3779 3763 3758
f 3779 3758 3771
f 3709 3757 3761
f 3709 3761 3712
f 3712 3761 3766
f 3712 3766 3716
f 3716 3766 3759
f 3716 3759 3710
f 3769 3722 3728
f 3769 3728 3772
f 3772 3728 3724
f 3772 3724 3776
f 3776 3724 3721
f 3776 3721 3770
f 3733 3781 3757
f 3733 3757 3709
f 3711 3723 3747
f 3711 3747 3734
f 3759 3770 3721
f 3759 3721 3710
f 3793 3745 3722
f 3793 3722 3769
f 3735 3746 3795
f 3735 3795 3782
f 3783 3794 3771
f 3783 3771 3758
