v 1.4200000 -0.2354377 0.5105801
v 1.4200000 -0.2444377 0.5171190
v 1.4200000 -0.2555623 0.5171190
v 1.4200000 -0.2645623 0.5105801
v 1.4200000 -0.2680000 0.5000000
v 1.4200000 -0.2645623 0.4894199
v 1.4200000 -0.2555623 0.4828810
v 1.4200000 -0.2444377 0.4828810
v 1.4200000 -0.2354377 0.4894199
v 1.4200000 -0.2320000 0.5000000
v -0.5500000 -0.2354377 0.5105801
v -0.5500000 -0.2444377 0.5171190
v -0.5500000 -0.2555623 0.5171190
v -0.5500000 -0.2645623 0.5105801
v -0.5500000 -0.2680000 0.5000000
v -0.5500000 -0.2645623 0.4894199
v -0.5500000 -0.2555623 0.4828810
v -0.5500000 -0.2444377 0.4828810
v -0.5500000 -0.2354377 0.4894199
v -0.5500000 -0.2320000 0.5000000
v -0.5500000 -0.2354377 0.5105801
v -0.5500000 -0.2444377 0.5171190
v -0.5500000 -0.2555623 0.5171190
v -0.5500000 -0.2645623 0.5105801
v -0.5500000 -0.2680000 0.5000000
v -0.5500000 -0.2645623 0.4894199
v -0.5500000 -0.2555623 0.4828810
v -0.5500000 -0.2444377 0.4828810
v -0.5500000 -0.2354377 0.4894199
v -0.5500000 -0.2320000 0.5000000
v 1.4200000 -0.2354377 0.5105801
v 1.4200000 -0.2444377 0.5171190
v 1.4200000 -0.2555623 0.5171190
v 1.4200000 -0.2645623 0.5105801
v 1.4200000 -0.2680000 0.5000000
v 1.4200000 -0.2645623 0.4894199
v 1.4200000 -0.2555623 0.4828810
v 1.4200000 -0.2444377 0.4828810
v 1.4200000 -0.2354377 0.4894199
v 1.4200000 -0.2320000 0.5000000
f 9 7 8
f 9 6 7
f 10 6 9
f 10 5 6
f 1 5 10
f 1 4 5
f 2 4 1
f 2 3 4
f 16 18 17
f 16 19 18
f 15 19 16
f 15 20 19
f 14 20 15
f 14 11 20
f 13 11 14
f 13 12 11
f 21 31 40
f 21 40 30
f 22 32 31
f 22 31 21
f 23 33 32
f 23 32 22
f 24 34 33
f 24 33 23
f 25 35 34
f 25 34 24
f 26 36 35
f 26 35 25
f 27 37 36
f 27 36 26
f 28 38 37
f 28 37 27
f 29 39 38
f 29 38 28
f 30 40 39
f 30 39 29
v 1.4200000 0.2645623 0.5105801
v 1.4200000 0.2555623 0.5171190
v 1.4200000 0.2444377 0.5171190
v 1.4200000 0.2354377 0.5105801
v 1.4200000 0.2320000 0.5000000
v 1.4200000 0.2354377 0.4894199
v 1.4200000 0.2444377 0.4828810
v 1.4200000 0.2555623 0.4828810
v 1.4200000 0.2645623 0.4894199
v 1.4200000 0.2680000 0.5000000
v -0.5500000 0.2645623 0.5105801
v -0.5500000 0.2555623 0.5171190
v -0.5500000 0.2444377 0.5171190
v -0.5500000 0.2354377 0.5105801
v -0.5500000 0.2320000 0.5000000
v -0.5500000 0.2354377 0.4894199
v -0.5500000 0.2444377 0.4828810
v -0.5500000 0.2555623 0.4828810
v -0.5500000 0.2645623 0.4894199
v -0.5500000 0.2680000 0.5000000
v -0.5500000 0.2645623 0.5105801
v -0.5500000 0.2555623 0.5171190
v -0.5500000 0.2444377 0.5171190
v -0.5500000 0.2354377 0.5105801
v -0.5500000 0.2320000 0.5000000
v -0.5500000 0.2354377 0.4894199
v -0.5500000 0.2444377 0.4828810
v -0.5500000 0.2555623 0.4828810
v -0.5500000 0.2645623 0.4894199
v -0.5500000 0.2680000 0.5000000
v 1.4200000 0.2645623 0.5105801
v 1.4200000 0.2555623 0.5171190
v 1.4200000 0.2444377 0.5171190
v 1.4200000 0.2354377 0.5105801
v 1.4200000 0.2320000 0.5000000
v 1.4200000 0.2354377 0.4894199
v 1.4200000 0.2444377 0.4828810
v 1.4200000 0.2555623 0.4828810
v 1.4200000 0.2645623 0.4894199
v 1.4200000 0.2680000 0.5000000
f 49 47 48
f 49 46 47
f 50 46 49
f 50 45 46
f 41 45 50
f 41 44 45
f 42 44 41
f 42 43 44
f 56 58 57
f 56 59 58
f 55 59 56
f 55 60 59
f 54 60 55
f 54 51 60
f 53 51 54
f 53 52 51
f 61 71 80
f 61 80 70
f 62 72 71
f 62 71 61
f 63 73 72
f 63 72 62
f 64 74 73
f 64 73 63
f 65 75 74
f 65 74 64
f 66 76 75
f 66 75 65
f 67 77 76
f 67 76 66
f 68 78 77
f 68 77 67
f 69 79 78
f 69 78 68
f 70 80 79
f 70 79 69
v -0.2800000 -0.2500000 0.5180000
v -0.2800000 0.2500000 0.5179999
v -0.2868883 -0.2500000 0.5166299
v -0.2868883 0.2500000 0.5166298
v -0.2927279 -0.2500000 0.5127280
v -0.2927279 0.2500000 0.5127279
v -0.2966298 -0.2500000 0.5068883
v -0.2966298 0.2500000 0.5068883
v -0.2980000 -0.2500000 0.5000001
v -0.2980000 0.2500000 0.5000000
v -0.2966298 -0.2500000 0.4931117
v -0.2966298 0.2500000 0.4931117
v -0.2927279 -0.2500000 0.4872721
v -0.2927279 0.2500000 0.4872721
v -0.2868883 -0.2500000 0.4833702
v -0.2868883 0.2500000 0.4833701
v -0.2800000 -0.2500000 0.4820000
v -0.2800000 0.2500000 0.4820000
v -0.2731117 -0.2500000 0.4833702
v -0.2731117 0.2500000 0.4833701
v -0.2672721 -0.2500000 0.4872721
v -0.2672721 0.2500000 0.4872721
v -0.2633702 -0.2500000 0.4931117
v -0.2633702 0.2500000 0.4931117
v -0.2620000 -0.2500000 0.5000001
v -0.2620000 0.2500000 0.5000000
v -0.2633702 -0.2500000 0.5068883
v -0.2633702 0.2500000 0.5068883
v -0.2672721 -0.2500000 0.5127280
v -0.2672721 0.2500000 0.5127279
v -0.2731117 -0.2500000 0.5166299
v -0.2731117 0.2500000 0.5166298
f 81 82 84
f 81 84 83
f 83 84 86
f 83 86 85
f 85 86 88
f 85 88 87
f 87 88 90
f 87 90 89
f 89 90 92
f 89 92 91
f 91 92 94
f 91 94 93
f 93 94 96
f 93 96 95
f 95 96 98
f 95 98 97
f 97 98 100
f 97 100 99
f 99 100 102
f 99 102 101
f 101 102 104
f 101 104 103
f 103 104 106
f 103 106 105
f 105 106 108
f 105 108 107
f 107 108 110
f 107 110 109
f 86 84 82
f 82 112 110
f 110 108 106
f 106 104 102
f 102 100 98
f 98 96 94
f 94 92 90
f 90 88 86
f 86 82 110
f 110 106 102
f 102 98 94
f 94 90 86
f 86 110 102
f 102 94 86
f 109 110 112
f 109 112 111
f 111 112 82
f 111 82 81
f 111 81 83
f 83 85 87
f 87 89 91
f 91 93 95
f 95 97 99
f 99 101 103
f 103 105 107
f 107 109 111
f 111 83 87
f 87 91 95
f 95 99 103
f 103 107 111
f 111 87 95
f 95 103 111
v 0.2000000 -0.2500000 0.5180000
v 0.2000000 0.2500000 0.5179999
v 0.1931117 -0.2500000 0.5166299
v 0.1931117 0.2500000 0.5166298
v 0.1872721 -0.2500000 0.5127280
v 0.1872721 0.2500000 0.5127279
v 0.1833702 -0.2500000 0.5068883
v 0.1833702 0.2500000 0.5068883
v 0.1820000 -0.2500000 0.5000001
v 0.1820000 0.2500000 0.5000000
v 0.1833702 -0.2500000 0.4931117
v 0.1833702 0.2500000 0.4931117
v 0.1872721 -0.2500000 0.4872721
v 0.1872721 0.2500000 0.4872721
v 0.1931117 -0.2500000 0.4833702
v 0.1931117 0.2500000 0.4833701
v 0.2000000 -0.2500000 0.4820000
v 0.2000000 0.2500000 0.4820000
v 0.2068883 -0.2500000 0.4833702
v 0.2068883 0.2500000 0.4833701
v 0.2127279 -0.2500000 0.4872721
v 0.2127279 0.2500000 0.4872721
v 0.2166298 -0.2500000 0.4931117
v 0.2166298 0.2500000 0.4931117
v 0.2180000 -0.2500000 0.5000001
v 0.2180000 0.2500000 0.5000000
v 0.2166298 -0.2500000 0.5068883
v 0.2166298 0.2500000 0.5068883
v 0.2127279 -0.2500000 0.5127280
v 0.2127279 0.2500000 0.5127279
v 0.2068883 -0.2500000 0.5166299
v 0.2068883 0.2500000 0.5166298
f 113 114 116
f 113 116 115
f 115 116 118
f 115 118 117
f 117 118 120
f 117 120 119
f 119 120 122
f 119 122 121
f 121 122 124
f 121 124 123
f 123 124 126
f 123 126 125
f 125 126 128
f 125 128 127
f 127 128 130
f 127 130 129
f 129 130 132
f 129 132 131
f 131 132 134
f 131 134 133
f 133 134 136
f 133 136 135
f 135 136 138
f 135 138 137
f 137 138 140
f 137 140 139
f 139 140 142
f 139 142 141
f 118 116 114
f 114 144 142
f 142 140 138
f 138 136 134
f 134 132 130
f 130 128 126
f 126 124 122
f 122 120 118
f 118 114 142
f 142 138 134
f 134 130 126
f 126 122 118
f 118 142 134
f 134 126 118
f 141 142 144
f 141 144 143
f 143 144 114
f 143 114 113
f 143 113 115
f 115 117 119
f 119 121 123
f 123 125 127
f 127 129 131
f 131 133 135
f 135 137 139
f 139 141 143
f 143 115 119
f 119 123 127
f 127 131 135
f 135 139 143
f 143 119 127
f 127 135 143
v 1.4000000 -0.2500000 0.5180000
v 1.4000000 0.2500000 0.5179999
v 1.3931117 -0.2500000 0.5166299
v 1.3931117 0.2500000 0.5166298
v 1.3872720 -0.2500000 0.5127280
v 1.3872720 0.2500000 0.5127279
v 1.3833702 -0.2500000 0.5068883
v 1.3833702 0.2500000 0.5068883
v 1.3820000 -0.2500000 0.5000001
v 1.3820000 0.2500000 0.5000000
v 1.3833702 -0.2500000 0.4931117
v 1.3833702 0.2500000 0.4931117
v 1.3872720 -0.2500000 0.4872721
v 1.3872720 0.2500000 0.4872721
v 1.3931117 -0.2500000 0.4833702
v 1.3931117 0.2500000 0.4833701
v 1.4000000 -0.2500000 0.4820000
v 1.4000000 0.2500000 0.4820000
v 1.4068882 -0.2500000 0.4833702
v 1.4068882 0.2500000 0.4833701
v 1.4127280 -0.2500000 0.4872721
v 1.4127280 0.2500000 0.4872721
v 1.4166298 -0.2500000 0.4931117
v 1.4166298 0.2500000 0.4931117
v 1.4180000 -0.2500000 0.5000001
v 1.4180000 0.2500000 0.5000000
v 1.4166298 -0.2500000 0.5068883
v 1.4166298 0.2500000 0.5068883
v 1.4127280 -0.2500000 0.5127280
v 1.4127280 0.2500000 0.5127279
v 1.4068882 -0.2500000 0.5166299
v 1.4068882 0.2500000 0.5166298
f 145 146 148
f 145 148 147
f 147 148 150
f 147 150 149
f 149 150 152
f 149 152 151
f 151 152 154
f 151 154 153
f 153 154 156
f 153 156 155
f 155 156 158
f 155 158 157
f 157 158 160
f 157 160 159
f 159 160 162
f 159 162 161
f 161 162 164
f 161 164 163
f 163 164 166
f 163 166 165
f 165 166 168
f 165 168 167
f 167 168 170
f 167 170 169
f 169 170 172
f 169 172 171
f 171 172 174
f 171 174 173
f 150 148 146
f 146 176 174
f 174 172 170
f 170 168 166
f 166 164 162
f 162 160 158
f 158 156 154
f 154 152 150
f 150 146 174
f 174 170 166
f 166 162 158
f 158 154 150
f 150 174 166
f 166 158 150
f 173 174 176
f 173 176 175
f 175 176 146
f 175 146 145
f 175 145 147
f 147 149 151
f 151 153 155
f 155 157 159
f 159 161 163
f 163 165 167
f 167 169 171
f 171 173 175
f 175 147 151
f 151 155 159
f 159 163 167
f 167 171 175
f 175 151 159
f 159 167 175
v 0.9500000 -0.0300000 0.4700000
v 0.9500000 -0.0300000 0.5300000
v 0.9385195 -0.0277164 0.4700000
v 0.9385195 -0.0277164 0.5300000
v 0.9287868 -0.0212132 0.4700000
v 0.9287868 -0.0212132 0.5300000
v 0.9222836 -0.0114805 0.4700000
v 0.9222836 -0.0114805 0.5300000
v 0.9200000 -0.0000000 0.4700000
v 0.9200000 -0.0000000 0.5300000
v 0.9222836 0.0114805 0.4700000
v 0.9222836 0.0114805 0.5300000
v 0.9287868 0.0212132 0.4700000
v 0.9287868 0.0212132 0.5300000
v 0.9385195 0.0277164 0.4700000
v 0.9385195 0.0277164 0.5300000
v 0.9500000 0.0300000 0.4700000
v 0.9500000 0.0300000 0.5300000
v 0.9614805 0.0277164 0.4700000
v 0.9614805 0.0277164 0.5300000
v 0.9712132 0.0212132 0.4700000
v 0.9712132 0.0212132 0.5300000
v 0.9777164 0.0114805 0.4700000
v 0.9777164 0.0114805 0.5300000
v 0.9800000 0.0000000 0.4700000
v 0.9800000 0.0000000 0.5300000
v 0.9777164 -0.0114805 0.4700000
v 0.9777164 -0.0114805 0.5300000
v 0.9712132 -0.0212132 0.4700000
v 0.9712132 -0.0212132 0.5300000
v 0.9614805 -0.0277164 0.4700000
v 0.9614805 -0.0277164 0.5300000
f 177 178 180
f 177 180 179
f 179 180 182
f 179 182 181
f 181 182 184
f 181 184 183
f 183 184 186
f 183 186 185
f 185 186 188
f 185 188 187
f 187 188 190
f 187 190 189
f 189 190 192
f 189 192 191
f 191 192 194
f 191 194 193
f 193 194 196
f 193 196 195
f 195 196 198
f 195 198 197
f 197 198 200
f 197 200 199
f 199 200 202
f 199 202 201
f 201 202 204
f 201 204 203
f 203 204 206
f 203 206 205
f 182 180 178
f 178 208 206
f 206 204 202
f 202 200 198
f 198 196 194
f 194 192 190
f 190 188 186
f 186 184 182
f 182 178 206
f 206 202 198
f 198 194 190
f 190 186 182
f 182 206 198
f 198 190 182
f 205 206 208
f 205 208 207
f 207 208 178
f 207 178 177
f 207 177 179
f 179 181 183
f 183 185 187
f 187 189 191
f 191 193 195
f 195 197 199
f 199 201 203
f 203 205 207
f 207 179 183
f 183 187 191
f 191 195 199
f 199 203 207
f 207 183 191
f 191 199 207
v 0.9500000 -0.2500000 0.5180000
v 0.9500000 -0.0300000 0.5180000
v 0.9431117 -0.2500000 0.5166299
v 0.9431117 -0.0300000 0.5166298
v 0.9372721 -0.2500000 0.5127279
v 0.9372721 -0.0300000 0.5127279
v 0.9333702 -0.2500000 0.5068883
v 0.9333702 -0.0300000 0.5068883
v 0.9320000 -0.2500000 0.5000000
v 0.9320000 -0.0300000 0.5000000
v 0.9333702 -0.2500000 0.4931117
v 0.9333702 -0.0300000 0.4931117
v 0.9372721 -0.2500000 0.4872721
v 0.9372721 -0.0300000 0.4872721
v 0.9431117 -0.2500000 0.4833702
v 0.9431117 -0.0300000 0.4833702
v 0.9500000 -0.2500000 0.4820000
v 0.9500000 -0.0300000 0.4820000
v 0.9568883 -0.2500000 0.4833702
v 0.9568883 -0.0300000 0.4833702
v 0.9627279 -0.2500000 0.4872721
v 0.9627279 -0.0300000 0.4872721
v 0.9666298 -0.2500000 0.4931117
v 0.9666298 -0.0300000 0.4931117
v 0.9680000 -0.2500000 0.5000000
v 0.9680000 -0.0300000 0.5000000
v 0.9666298 -0.2500000 0.5068883
v 0.9666298 -0.0300000 0.5068883
v 0.9627279 -0.2500000 0.5127279
v 0.9627279 -0.0300000 0.5127279
v 0.9568883 -0.2500000 0.5166299
v 0.9568883 -0.0300000 0.5166298
f 209 210 212
f 209 212 211
f 211 212 214
f 211 214 213
f 213 214 216
f 213 216 215
f 215 216 218
f 215 218 217
f 217 218 220
f 217 220 219
f 219 220 222
f 219 222 221
f 221 222 224
f 221 224 223
f 223 224 226
f 223 226 225
f 225 226 228
f 225 228 227
f 227 228 230
f 227 230 229
f 229 230 232
f 229 232 231
f 231 232 234
f 231 234 233
f 233 234 236
f 233 236 235
f 235 236 238
f 235 238 237
f 214 212 210
f 210 240 238
f 238 236 234
f 234 232 230
f 230 228 226
f 226 224 222
f 222 220 218
f 218 216 214
f 214 210 238
f 238 234 230
f 230 226 222
f 222 218 214
f 214 238 230
f 230 222 214
f 237 238 240
f 237 240 239
f 239 240 210
f 239 210 209
f 239 209 211
f 211 213 215
f 215 217 219
f 219 221 223
f 223 225 227
f 227 229 231
f 231 233 235
f 235 237 239
f 239 211 215
f 215 219 223
f 223 227 231
f 231 235 239
f 239 215 223
f 223 231 239
v 0.0000000 -0.2800000 0.4250000
v 0.0000000 -0.2800000 0.5250000
v -0.0114805 -0.2777164 0.4250000
v -0.0114805 -0.2777164 0.5250000
v -0.0212132 -0.2712132 0.4250000
v -0.0212132 -0.2712132 0.5250000
v -0.0277164 -0.2614805 0.4250000
v -0.0277164 -0.2614805 0.5250000
v -0.0300000 -0.2500000 0.4250000
v -0.0300000 -0.2500000 0.5250000
v -0.0277164 -0.2385195 0.4250000
v -0.0277164 -0.2385195 0.5250000
v -0.0212132 -0.2287868 0.4250000
v -0.0212132 -0.2287868 0.5250000
v -0.0114805 -0.2222836 0.4250000
v -0.0114805 -0.2222836 0.5250000
v -0.0000000 -0.2200000 0.4250000
v -0.0000000 -0.2200000 0.5250000
v 0.0114805 -0.2222836 0.4250000
v 0.0114805 -0.2222836 0.5250000
v 0.0212132 -0.2287868 0.4250000
v 0.0212132 -0.2287868 0.5250000
v 0.0277164 -0.2385195 0.4250000
v 0.0277164 -0.2385195 0.5250000
v 0.0300000 -0.2500000 0.4250000
v 0.0300000 -0.2500000 0.5250000
v 0.0277164 -0.2614805 0.4250000
v 0.0277164 -0.2614805 0.5250000
v 0.0212132 -0.2712132 0.4250000
v 0.0212132 -0.2712132 0.5250000
v 0.0114805 -0.2777164 0.4250000
v 0.0114805 -0.2777164 0.5250000
f 241 242 244
f 241 244 243
f 243 244 246
f 243 246 245
f 245 246 248
f 245 248 247
f 247 248 250
f 247 250 249
f 249 250 252
f 249 252 251
f 251 252 254
f 251 254 253
f 253 254 256
f 253 256 255
f 255 256 258
f 255 258 257
f 257 258 260
f 257 260 259
f 259 260 262
f 259 262 261
f 261 262 264
f 261 264 263
f 263 264 266
f 263 266 265
f 265 266 268
f 265 268 267
f 267 268 270
f 267 270 269
f 246 244 242
f 242 272 270
f 270 268 266
f 266 264 262
f 262 260 258
f 258 256 254
f 254 252 250
f 250 248 246
f 246 242 270
f 270 266 262
f 262 258 254
f 254 250 246
f 246 270 262
f 262 254 246
f 269 270 272
f 269 272 271
f 271 272 242
f 271 242 241
f 271 241 243
f 243 245 247
f 247 249 251
f 251 253 255
f 255 257 259
f 259 261 263
f 263 265 267
f 267 269 271
f 271 243 247
f 247 251 255
f 255 259 263
f 263 267 271
f 271 247 255
f 255 263 271
v 1.3400000 -0.2300000 0.5000000
v 1.3400000 -0.2300000 0.2750000
v 1.3323463 -0.2315224 0.5000000
v 1.3323463 -0.2315224 0.2750000
v 1.3258579 -0.2358579 0.5000000
v 1.3258579 -0.2358579 0.2750000
v 1.3215225 -0.2423463 0.5000000
v 1.3215225 -0.2423463 0.2750000
v 1.3200001 -0.2500000 0.5000000
v 1.3200001 -0.2500000 0.2750000
v 1.3215225 -0.2576537 0.5000000
v 1.3215225 -0.2576537 0.2750000
v 1.3258579 -0.2641421 0.5000000
v 1.3258579 -0.2641422 0.2750000
v 1.3323463 -0.2684776 0.5000000
v 1.3323463 -0.2684776 0.2750000
v 1.3400000 -0.2700000 0.5000000
v 1.3400000 -0.2700000 0.2750000
v 1.3476537 -0.2684776 0.5000000
v 1.3476537 -0.2684776 0.2750000
v 1.3541422 -0.2641421 0.5000000
v 1.3541422 -0.2641422 0.2750000
v 1.3584776 -0.2576537 0.5000000
v 1.3584776 -0.2576537 0.2750000
v 1.3600000 -0.2500000 0.5000000
v 1.3600000 -0.2500000 0.2750000
v 1.3584776 -0.2423463 0.5000000
v 1.3584776 -0.2423463 0.2750000
v 1.3541422 -0.2358579 0.5000000
v 1.3541422 -0.2358579 0.2750000
v 1.3476537 -0.2315224 0.5000000
v 1.3476537 -0.2315224 0.2750000
f 273 274 276
f 273 276 275
f 275 276 278
f 275 278 277
f 277 278 280
f 277 280 279
f 279 280 282
f 279 282 281
f 281 282 284
f 281 284 283
f 283 284 286
f 283 286 285
f 285 286 288
f 285 288 287
f 287 288 290
f 287 290 289
f 289 290 292
f 289 292 291
f 291 292 294
f 291 294 293
f 293 294 296
f 293 296 295
f 295 296 298
f 295 298 297
f 297 298 300
f 297 300 299
f 299 300 302
f 299 302 301
f 278 276 274
f 274 304 302
f 302 300 298
f 298 296 294
f 294 292 290
f 290 288 286
f 286 284 282
f 282 280 278
f 278 274 302
f 302 298 294
f 294 290 286
f 286 282 278
f 278 302 294
f 294 286 278
f 301 302 304
f 301 304 303
f 303 304 274
f 303 274 273
f 303 273 275
f 275 277 279
f 279 281 283
f 283 285 287
f 287 289 291
f 291 293 295
f 295 297 299
f 299 301 303
f 303 275 279
f 279 283 287
f 287 291 295
f 295 299 303
f 303 279 287
f 287 295 303
v 0.9500000 0.2500000 0.5180000
v 0.9500000 0.0300000 0.5180000
v 0.9568883 0.2500000 0.5166299
v 0.9568883 0.0300000 0.5166298
v 0.9627279 0.2500000 0.5127279
v 0.9627279 0.0300000 0.5127279
v 0.9666298 0.2500000 0.5068883
v 0.9666298 0.0300000 0.5068883
v 0.9680000 0.2500000 0.5000000
v 0.9680000 0.0300000 0.5000000
v 0.9666298 0.2500000 0.4931117
v 0.9666298 0.0300000 0.4931117
v 0.9627279 0.2500000 0.4872721
v 0.9627279 0.0300000 0.4872721
v 0.9568883 0.2500000 0.4833702
v 0.9568883 0.0300000 0.4833702
v 0.9500000 0.2500000 0.4820000
v 0.9500000 0.0300000 0.4820000
v 0.9431117 0.2500000 0.4833702
v 0.9431117 0.0300000 0.4833702
v 0.9372721 0.2500000 0.4872721
v 0.9372721 0.0300000 0.4872721
v 0.9333702 0.2500000 0.4931117
v 0.9333702 0.0300000 0.4931117
v 0.9320000 0.2500000 0.5000000
v 0.9320000 0.0300000 0.5000000
v 0.9333702 0.2500000 0.5068883
v 0.9333702 0.0300000 0.5068883
v 0.9372721 0.2500000 0.5127279
v 0.9372721 0.0300000 0.5127279
v 0.9431117 0.2500000 0.5166299
v 0.9431117 0.0300000 0.5166298
f 305 306 308
f 305 308 307
f 307 308 310
f 307 310 309
f 309 310 312
f 309 312 311
f 311 312 314
f 311 314 313
f 313 314 316
f 313 316 315
f 315 316 318
f 315 318 317
f 317 318 320
f 317 320 319
f 319 320 322
f 319 322 321
f 321 322 324
f 321 324 323
f 323 324 326
f 323 326 325
f 325 326 328
f 325 328 327
f 327 328 330
f 327 330 329
f 329 330 332
f 329 332 331
f 331 332 334
f 331 334 333
f 310 308 306
f 306 336 334
f 334 332 330
f 330 328 326
f 326 324 322
f 322 320 318
f 318 316 314
f 314 312 310
f 310 306 334
f 334 330 326
f 326 322 318
f 318 314 310
f 310 334 326
f 326 318 310
f 333 334 336
f 333 336 335
f 335 336 306
f 335 306 305
f 335 305 307
f 307 309 311
f 311 313 315
f 315 317 319
f 319 321 323
f 323 325 327
f 327 329 331
f 331 333 335
f 335 307 311
f 311 315 319
f 319 323 327
f 327 331 335
f 335 311 319
f 319 327 335
v 0.0000000 0.2200000 0.4250000
v 0.0000000 0.2200000 0.5250000
v -0.0114805 0.2222836 0.4250000
v -0.0114805 0.2222836 0.5250000
v -0.0212132 0.2287868 0.4250000
v -0.0212132 0.2287868 0.5250000
v -0.0277164 0.2385195 0.4250000
v -0.0277164 0.2385195 0.5250000
v -0.0300000 0.2500000 0.4250000
v -0.0300000 0.2500000 0.5250000
v -0.0277164 0.2614805 0.4250000
v -0.0277164 0.2614805 0.5250000
v -0.0212132 0.2712132 0.4250000
v -0.0212132 0.2712132 0.5250000
v -0.0114805 0.2777164 0.4250000
v -0.0114805 0.2777164 0.5250000
v -0.0000000 0.2800000 0.4250000
v -0.0000000 0.2800000 0.5250000
v 0.0114805 0.2777164 0.4250000
v 0.0114805 0.2777164 0.5250000
v 0.0212132 0.2712132 0.4250000
v 0.0212132 0.2712132 0.5250000
v 0.0277164 0.2614805 0.4250000
v 0.0277164 0.2614805 0.5250000
v 0.0300000 0.2500000 0.4250000
v 0.0300000 0.2500000 0.5250000
v 0.0277164 0.2385195 0.4250000
v 0.0277164 0.2385195 0.5250000
v 0.0212132 0.2287868 0.4250000
v 0.0212132 0.2287868 0.5250000
v 0.0114805 0.2222836 0.4250000
v 0.0114805 0.2222836 0.5250000
f 337 338 340
f 337 340 339
f 339 340 342
f 339 342 341
f 341 342 344
f 341 344 343
f 343 344 346
f 343 346 345
f 345 346 348
f 345 348 347
f 347 348 350
f 347 350 349
f 349 350 352
f 349 352 351
f 351 352 354
f 351 354 353
f 353 354 356
f 353 356 355
f 355 356 358
f 355 358 357
f 357 358 360
f 357 360 359
f 359 360 362
f 359 362 361
f 361 362 364
f 361 364 363
f 363 364 366
f 363 366 365
f 342 340 338
f 338 368 366
f 366 364 362
f 362 360 358
f 358 356 354
f 354 352 350
f 350 348 346
f 346 344 342
f 342 338 366
f 366 362 358
f 358 354 350
f 350 346 342
f 342 366 358
f 358 350 342
f 365 366 368
f 365 368 367
f 367 368 338
f 367 338 337
f 367 337 339
f 339 341 343
f 343 345 347
f 347 349 351
f 351 353 355
f 355 357 359
f 359 361 363
f 363 365 367
f 367 339 343
f 343 347 351
f 351 355 359
f 359 363 367
f 367 343 351
f 351 359 367
v 1.3400000 0.2700000 0.5000000
v 1.3400000 0.2700000 0.2750000
v 1.3323463 0.2684776 0.5000000
v 1.3323463 0.2684776 0.2750000
v 1.3258579 0.2641422 0.5000000
v 1.3258579 0.2641421 0.2750000
v 1.3215225 0.2576537 0.5000000
v 1.3215225 0.2576537 0.2750000
v 1.3200001 0.2500000 0.5000000
v 1.3200001 0.2500000 0.2750000
v 1.3215225 0.2423463 0.5000000
v 1.3215225 0.2423463 0.2750000
v 1.3258579 0.2358579 0.5000000
v 1.3258579 0.2358579 0.2750000
v 1.3323463 0.2315224 0.5000000
v 1.3323463 0.2315224 0.2750000
v 1.3400000 0.2300000 0.5000000
v 1.3400000 0.2300000 0.2750000
v 1.3476537 0.2315224 0.5000000
v 1.3476537 0.2315224 0.2750000
v 1.3541422 0.2358579 0.5000000
v 1.3541422 0.2358579 0.2750000
v 1.3584776 0.2423463 0.5000000
v 1.3584776 0.2423463 0.2750000
v 1.3600000 0.2500000 0.5000000
v 1.3600000 0.2500000 0.2750000
v 1.3584776 0.2576537 0.5000000
v 1.3584776 0.2576537 0.2750000
v 1.3541422 0.2641422 0.5000000
v 1.3541422 0.2641421 0.2750000
v 1.3476537 0.2684776 0.5000000
v 1.3476537 0.2684776 0.2750000
f 369 370 372
f 369 372 371
f 371 372 374
f 371 374 373
f 373 374 376
f 373 376 375
f 375 376 378
f 375 378 377
f 377 378 380
f 377 380 379
f 379 380 382
f 379 382 381
f 381 382 384
f 381 384 383
f 383 384 386
f 383 386 385
f 385 386 388
f 385 388 387
f 387 388 390
f 387 390 389
f 389 390 392
f 389 392 391
f 391 392 394
f 391 394 393
f 393 394 396
f 393 396 395
f 395 396 398
f 395 398 397
f 374 372 370
f 370 400 398
f 398 396 394
f 394 392 390
f 390 388 386
f 386 384 382
f 382 380 378
f 378 376 374
f 374 370 398
f 398 394 390
f 390 386 382
f 382 378 374
f 374 398 390
f 390 382 374
f 397 398 400
f 397 400 399
f 399 400 370
f 399 370 369
f 399 369 371
f 371 373 375
f 375 377 379
f 379 381 383
f 383 385 387
f 387 389 391
f 391 393 395
f 395 397 399
f 399 371 375
f 375 379 383
f 383 387 391
f 391 395 399
f 399 375 383
f 383 391 399
v 0.0000000 -0.5800000 0.4520001
v 0.0000000 0.5800000 0.4519999
v -0.0103325 -0.5800000 0.4499449
v -0.0103325 0.5800000 0.4499447
v -0.0190919 -0.5800000 0.4440920
v -0.0190919 0.5800000 0.4440918
v -0.0249448 -0.5800000 0.4353325
v -0.0249448 0.5800000 0.4353324
v -0.0270000 -0.5800000 0.4250001
v -0.0270000 0.5800000 0.4249999
v -0.0249448 -0.5800000 0.4146676
v -0.0249448 0.5800000 0.4146675
v -0.0190919 -0.5800000 0.4059082
v -0.0190919 0.5800000 0.4059080
v -0.0103325 -0.5800000 0.4000553
v -0.0103325 0.5800000 0.4000552
v -0.0000000 -0.5800000 0.3980001
v -0.0000000 0.5800000 0.3979999
v 0.0103325 -0.5800000 0.4000553
v 0.0103325 0.5800000 0.4000552
v 0.0190919 -0.5800000 0.4059082
v 0.0190919 0.5800000 0.4059080
v 0.0249448 -0.5800000 0.4146676
v 0.0249448 0.5800000 0.4146675
v 0.0270000 -0.5800000 0.4250001
v 0.0270000 0.5800000 0.4249999
v 0.0249448 -0.5800000 0.4353325
v 0.0249448 0.5800000 0.4353324
v 0.0190919 -0.5800000 0.4440920
v 0.0190919 0.5800000 0.4440918
v 0.0103325 -0.5800000 0.4499449
v 0.0103325 0.5800000 0.4499447
f 401 402 404
f 401 404 403
f 403 404 406
f 403 406 405
f 405 406 408
f 405 408 407
f 407 408 410
f 407 410 409
f 409 410 412
f 409 412 411
f 411 412 414
f 411 414 413
f 413 414 416
f 413 416 415
f 415 416 418
f 415 418 417
f 417 418 420
f 417 420 419
f 419 420 422
f 419 422 421
f 421 422 424
f 421 424 423
f 423 424 426
f 423 426 425
f 425 426 428
f 425 428 427
f 427 428 430
f 427 430 429
f 406 404 402
f 402 432 430
f 430 428 426
f 426 424 422
f 422 420 418
f 418 416 414
f 414 412 410
f 410 408 406
f 406 402 430
f 430 426 422
f 422 418 414
f 414 410 406
f 406 430 422
f 422 414 406
f 429 430 432
f 429 432 431
f 431 432 402
f 431 402 401
f 431 401 403
f 403 405 407
f 407 409 411
f 411 413 415
f 415 417 419
f 419 421 423
f 423 425 427
f 427 429 431
f 431 403 407
f 407 411 415
f 415 419 423
f 423 427 431
f 431 407 415
f 415 423 431
v 1.3400000 -0.3600000 0.2970001
v 1.3400000 0.3600000 0.2970000
v 1.3315810 -0.3600000 0.2953254
v 1.3315810 0.3600000 0.2953253
v 1.3244437 -0.3600000 0.2905564
v 1.3244437 0.3600000 0.2905563
v 1.3196747 -0.3600000 0.2834191
v 1.3196747 0.3600000 0.2834190
v 1.3180001 -0.3600000 0.2750001
v 1.3180001 0.3600000 0.2749999
v 1.3196747 -0.3600000 0.2665810
v 1.3196747 0.3600000 0.2665809
v 1.3244437 -0.3600000 0.2594437
v 1.3244437 0.3600000 0.2594436
v 1.3315810 -0.3600000 0.2546747
v 1.3315810 0.3600000 0.2546746
v 1.3400000 -0.3600000 0.2530001
v 1.3400000 0.3600000 0.2530000
v 1.3484191 -0.3600000 0.2546747
v 1.3484191 0.3600000 0.2546746
v 1.3555564 -0.3600000 0.2594437
v 1.3555564 0.3600000 0.2594436
v 1.3603253 -0.3600000 0.2665810
v 1.3603253 0.3600000 0.2665809
v 1.3620000 -0.3600000 0.2750001
v 1.3620000 0.3600000 0.2749999
v 1.3603253 -0.3600000 0.2834191
v 1.3603253 0.3600000 0.2834190
v 1.3555564 -0.3600000 0.2905564
v 1.3555564 0.3600000 0.2905563
v 1.3484191 -0.3600000 0.2953254
v 1.3484191 0.3600000 0.2953253
f 433 434 436
f 433 436 435
f 435 436 438
f 435 438 437
f 437 438 440
f 437 440 439
f 439 440 442
f 439 442 441
f 441 442 444
f 441 444 443
f 443 444 446
f 443 446 445
f 445 446 448
f 445 448 447
f 447 448 450
f 447 450 449
f 449 450 452
f 449 452 451
f 451 452 454
f 451 454 453
f 453 454 456
f 453 456 455
f 455 456 458
f 455 458 457
f 457 458 460
f 457 460 459
f 459 460 462
f 459 462 461
f 438 436 434
f 434 464 462
f 462 460 458
f 458 456 454
f 454 452 450
f 450 448 446
f 446 444 442
f 442 440 438
f 438 434 462
f 462 458 454
f 454 450 446
f 446 442 438
f 438 462 454
f 454 446 438
f 461 462 464
f 461 464 463
f 463 464 434
f 463 434 433
f 463 433 435
f 435 437 439
f 439 441 443
f 443 445 447
f 447 449 451
f 451 453 455
f 455 457 459
f 459 461 463
f 463 435 439
f 439 443 447
f 447 451 455
f 455 459 463
f 463 439 447
f 447 455 463
v 1.3400000 0.3600000 0.2500000
v 1.3400000 0.3600000 0.3000000
v 1.3285196 0.3622836 0.2500000
v 1.3285196 0.3622836 0.3000000
v 1.3187869 0.3687868 0.2500000
v 1.3187869 0.3687868 0.3000000
v 1.3122836 0.3785195 0.2500000
v 1.3122836 0.3785195 0.3000000
v 1.3100001 0.3900000 0.2500000
v 1.3100001 0.3900000 0.3000000
v 1.3122836 0.4014805 0.2500000
v 1.3122836 0.4014805 0.3000000
v 1.3187869 0.4112132 0.2500000
v 1.3187869 0.4112132 0.3000000
v 1.3285196 0.4177164 0.2500000
v 1.3285196 0.4177164 0.3000000
v 1.3400000 0.4200000 0.2500000
v 1.3400000 0.4200000 0.3000000
v 1.3514805 0.4177164 0.2500000
v 1.3514805 0.4177164 0.3000000
v 1.3612132 0.4112132 0.2500000
v 1.3612132 0.4112132 0.3000000
v 1.3677164 0.4014805 0.2500000
v 1.3677164 0.4014805 0.3000000
v 1.3700000 0.3900000 0.2500000
v 1.3700000 0.3900000 0.3000000
v 1.3677164 0.3785195 0.2500000
v 1.3677164 0.3785195 0.3000000
v 1.3612132 0.3687868 0.2500000
v 1.3612132 0.3687868 0.3000000
v 1.3514805 0.3622836 0.2500000
v 1.3514805 0.3622836 0.3000000
f 465 466 468
f 465 468 467
f 467 468 470
f 467 470 469
f 469 470 472
f 469 472 471
f 471 472 474
f 471 474 473
f 473 474 476
f 473 476 475
f 475 476 478
f 475 478 477
f 477 478 480
f 477 480 479
f 479 480 482
f 479 482 481
f 481 482 484
f 481 484 483
f 483 484 486
f 483 486 485
f 485 486 488
f 485 488 487
f 487 488 490
f 487 490 489
f 489 490 492
f 489 492 491
f 491 492 494
f 491 494 493
f 470 468 466
f 466 496 494
f 494 492 490
f 490 488 486
f 486 484 482
f 482 480 478
f 478 476 474
f 474 472 470
f 470 466 494
f 494 490 486
f 486 482 478
f 478 474 470
f 470 494 486
f 486 478 470
f 493 494 496
f 493 496 495
f 495 496 466
f 495 466 465
f 495 465 467
f 467 469 471
f 471 473 475
f 475 477 479
f 479 481 483
f 483 485 487
f 487 489 491
f 491 493 495
f 495 467 471
f 471 475 479
f 479 483 487
f 487 491 495
f 495 471 479
f 479 487 495
v 1.3400000 -0.4200000 0.2500000
v 1.3400000 -0.4200000 0.3000000
v 1.3285196 -0.4177164 0.2500000
v 1.3285196 -0.4177164 0.3000000
v 1.3187869 -0.4112132 0.2500000
v 1.3187869 -0.4112132 0.3000000
v 1.3122836 -0.4014805 0.2500000
v 1.3122836 -0.4014805 0.3000000
v 1.3100001 -0.3900000 0.2500000
v 1.3100001 -0.3900000 0.3000000
v 1.3122836 -0.3785195 0.2500000
v 1.3122836 -0.3785195 0.3000000
v 1.3187869 -0.3687868 0.2500000
v 1.3187869 -0.3687868 0.3000000
v 1.3285196 -0.3622836 0.2500000
v 1.3285196 -0.3622836 0.3000000
v 1.3400000 -0.3600000 0.2500000
v 1.3400000 -0.3600000 0.3000000
v 1.3514805 -0.3622836 0.2500000
v 1.3514805 -0.3622836 0.3000000
v 1.3612132 -0.3687868 0.2500000
v 1.3612132 -0.3687868 0.3000000
v 1.3677164 -0.3785195 0.2500000
v 1.3677164 -0.3785195 0.3000000
v 1.3700000 -0.3900000 0.2500000
v 1.3700000 -0.3900000 0.3000000
v 1.3677164 -0.4014805 0.2500000
v 1.3677164 -0.4014805 0.3000000
v 1.3612132 -0.4112132 0.2500000
v 1.3612132 -0.4112132 0.3000000
v 1.3514805 -0.4177164 0.2500000
v 1.3514805 -0.4177164 0.3000000
f 497 498 500
f 497 500 499
f 499 500 502
f 499 502 501
f 501 502 504
f 501 504 503
f 503 504 506
f 503 506 505
f 505 506 508
f 505 508 507
f 507 508 510
f 507 510 509
f 509 510 512
f 509 512 511
f 511 512 514
f 511 514 513
f 513 514 516
f 513 516 515
f 515 516 518
f 515 518 517
f 517 518 520
f 517 520 519
f 519 520 522
f 519 522 521
f 521 522 524
f 521 524 523
f 523 524 526
f 523 526 525
f 502 500 498
f 498 528 526
f 526 524 522
f 522 520 518
f 518 516 514
f 514 512 510
f 510 508 506
f 506 504 502
f 502 498 526
f 526 522 518
f 518 514 510
f 510 506 502
f 502 526 518
f 518 510 502
f 525 526 528
f 525 528 527
f 527 528 498
f 527 498 497
f 527 497 499
f 499 501 503
f 503 505 507
f 507 509 511
f 511 513 515
f 515 517 519
f 519 521 523
f 523 525 527
f 527 499 503
f 503 507 511
f 511 515 519
f 519 523 527
f 527 503 511
f 511 519 527
v -0.5500000 -0.0000000 0.5500000
v -0.3300000 -0.0000000 0.5500000
v -0.5500000 0.0382683 0.5423880
v -0.3300000 0.0382683 0.5423880
v -0.5500000 0.0707107 0.5207106
v -0.3300000 0.0707107 0.5207106
v -0.5500000 0.0923880 0.4882683
v -0.3300000 0.0923880 0.4882683
v -0.5500000 0.1000000 0.4500000
v -0.3300000 0.1000000 0.4500000
v -0.5500000 0.0923880 0.4117316
v -0.3300000 0.0923880 0.4117316
v -0.5500000 0.0707107 0.3792893
v -0.3300000 0.0707107 0.3792893
v -0.5500000 0.0382683 0.3576120
v -0.3300000 0.0382683 0.3576120
v -0.5500000 0.0000000 0.3500000
v -0.3300000 0.0000000 0.3500000
v -0.5500000 -0.0382683 0.3576120
v -0.3300000 -0.0382683 0.3576120
v -0.5500000 -0.0707107 0.3792893
v -0.3300000 -0.0707107 0.3792893
v -0.5500000 -0.0923880 0.4117316
v -0.3300000 -0.0923880 0.4117316
v -0.5500000 -0.1000000 0.4500000
v -0.3300000 -0.1000000 0.4500000
v -0.5500000 -0.0923880 0.4882683
v -0.3300000 -0.0923880 0.4882683
v -0.5500000 -0.0707107 0.5207106
v -0.3300000 -0.0707107 0.5207106
v -0.5500000 -0.0382683 0.5423880
v -0.3300000 -0.0382683 0.5423880
f 529 530 532
f 529 532 531
f 531 532 534
f 531 534 533
f 533 534 536
f 533 536 535
f 535 536 538
f 535 538 537
f 537 538 540
f 537 540 539
f 539 540 542
f 539 542 541
f 541 542 544
f 541 544 543
f 543 544 546
f 543 546 545
f 545 546 548
f 545 548 547
f 547 548 550
f 547 550 549
f 549 550 552
f 549 552 551
f 551 552 554
f 551 554 553
f 553 554 556
f 553 556 555
f 555 556 558
f 555 558 557
f 534 532 530
f 530 560 558
f 558 556 554
f 554 552 550
f 550 548 546
f 546 544 542
f 542 540 538
f 538 536 534
f 534 530 558
f 558 554 550
f 550 546 542
f 542 538 534
f 534 558 550
f 550 542 534
f 557 558 560
f 557 560 559
f 559 560 530
f 559 530 529
f 559 529 531
f 531 533 535
f 535 537 539
f 539 541 543
f 543 545 547
f 547 549 551
f 551 553 555
f 555 557 559
f 559 531 535
f 535 539 543
f 543 547 551
f 551 555 559
f 559 535 543
f 543 551 559
v -0.6480000 -0.0780000 0.3800000
v -0.6480000 -0.0900000 0.3920000
v -0.6600000 -0.0780000 0.3920000
v -0.6480000 -0.0839921 0.3816032
v -0.6539922 -0.0780000 0.3816032
v -0.6537386 -0.0837386 0.3831604
v -0.6539922 -0.0883969 0.3920000
v -0.6480000 -0.0883969 0.3860079
v -0.6537386 -0.0868396 0.3862615
v -0.6583968 -0.0780000 0.3860079
v -0.6583968 -0.0839921 0.3920000
v -0.6568396 -0.0837386 0.3862615
v -0.6480000 -0.0900000 0.5080000
v -0.6480000 -0.0780000 0.5200000
v -0.6600000 -0.0780000 0.5080000
v -0.6480000 -0.0883969 0.5139921
v -0.6539922 -0.0883969 0.5080000
v -0.6537386 -0.0868396 0.5137385
v -0.6539922 -0.0780000 0.5183969
v -0.6480000 -0.0839921 0.5183969
v -0.6537386 -0.0837386 0.5168396
v -0.6583968 -0.0839921 0.5080000
v -0.6583968 -0.0780000 0.5139921
v -0.6568396 -0.0837386 0.5137385
v -0.6480000 0.0780000 0.3800000
v -0.6600000 0.0780000 0.3920000
v -0.6480000 0.0900000 0.3920000
v -0.6539921 0.0780000 0.3816032
v -0.6480000 0.0839921 0.3816032
v -0.6537386 0.0837385 0.3831604
v -0.6583968 0.0839921 0.3920000
v -0.6583968 0.0780000 0.3860079
v -0.6568396 0.0837385 0.3862615
v -0.6480000 0.0883968 0.3860079
v -0.6539921 0.0883968 0.3920000
v -0.6537386 0.0868396 0.3862615
v -0.6480000 0.0780000 0.5200000
v -0.6480000 0.0900000 0.5080000
v -0.6600000 0.0780000 0.5080000
v -0.6480000 0.0839921 0.5183969
v -0.6539922 0.0780000 0.5183969
v -0.6537386 0.0837386 0.5168396
v -0.6539922 0.0883969 0.5080000
v -0.6480000 0.0883969 0.5139921
v -0.6537386 0.0868396 0.5137385
v -0.6583968 0.0780000 0.5139921
v -0.6583968 0.0839921 0.5080000
v -0.6568396 0.0837386 0.5137385
v -0.5520000 -0.0780000 0.3800000
v -0.5400000 -0.0780000 0.3920000
v -0.5520000 -0.0900000 0.3920000
v -0.5460079 -0.0780000 0.3816032
v -0.5520000 -0.0839921 0.3816032
v -0.5462615 -0.0837385 0.3831604
v -0.5416032 -0.0839921 0.3920000
v -0.5416032 -0.0780000 0.3860079
v -0.5431604 -0.0837385 0.3862615
v -0.5520000 -0.0883968 0.3860079
v -0.5460079 -0.0883968 0.3920000
v -0.5462615 -0.0868396 0.3862615
v -0.5520000 -0.0780000 0.5200000
v -0.5520000 -0.0900000 0.5080000
v -0.5400000 -0.0780000 0.5080000
v -0.5520000 -0.0839921 0.5183969
v -0.5460079 -0.0780000 0.5183969
v -0.5462615 -0.0837386 0.5168396
v -0.5460079 -0.0883969 0.5080000
v -0.5520000 -0.0883969 0.5139921
v -0.5462615 -0.0868396 0.5137385
v -0.5416032 -0.0780000 0.5139921
v -0.5416032 -0.0839921 0.5080000
v -0.5431604 -0.0837386 0.5137385
v -0.5520000 0.0780000 0.3800000
v -0.5520000 0.0900000 0.3920000
v -0.5400000 0.0780000 0.3920000
v -0.5520000 0.0839921 0.3816032
v -0.5460079 0.0780000 0.3816032
v -0.5462615 0.0837386 0.3831604
v -0.5460079 0.0883969 0.3920000
v -0.5520000 0.0883969 0.3860079
v -0.5462615 0.0868396 0.3862615
v -0.5416032 0.0780000 0.3860079
v -0.5416032 0.0839921 0.3920000
v -0.5431604 0.0837386 0.3862615
v -0.5520000 0.0780000 0.5200000
v -0.5400000 0.0780000 0.5080000
v -0.5520000 0.0900000 0.5080000
v -0.5460079 0.0780000 0.5183969
v -0.5520000 0.0839921 0.5183969
v -0.5462615 0.0837385 0.5168396
v -0.5416032 0.0839921 0.5080000
v -0.5416032 0.0780000 0.5139921
v -0.5431604 0.0837385 0.5137385
v -0.5520000 0.0883968 0.5139921
v -0.5460079 0.0883968 0.5080000
v -0.5462615 0.0868396 0.5137385
f 561 564 566
f 561 566 565
f 564 568 569
f 564 569 566
f 562 567 569
f 562 569 568
f 567 571 572
f 567 572 569
f 563 570 572
f 563 572 571
f 570 565 566
f 570 566 572
f 566 569 572
f 573 576 578
f 573 578 577
f 576 580 581
f 576 581 578
f 574 579 581
f 574 581 580
f 579 583 584
f 579 584 581
f 575 582 584
f 575 584 583
f 582 577 578
f 582 578 584
f 578 581 584
f 585 588 590
f 585 590 589
f 588 592 593
f 588 593 590
f 586 591 593
f 586 593 592
f 591 595 596
f 591 596 593
f 587 594 596
f 587 596 595
f 594 589 590
f 594 590 596
f 590 593 596
f 597 600 602
f 597 602 601
f 600 604 605
f 600 605 602
f 598 603 605
f 598 605 604
f 603 607 608
f 603 608 605
f 599 606 608
f 599 608 607
f 606 601 602
f 606 602 608
f 602 605 608
f 609 612 614
f 609 614 613
f 612 616 617
f 612 617 614
f 610 615 617
f 610 617 616
f 615 619 620
f 615 620 617
f 611 618 620
f 611 620 619
f 618 613 614
f 618 614 620
f 614 617 620
f 621 624 626
f 621 626 625
f 624 628 629
f 624 629 626
f 622 627 629
f 622 629 628
f 627 631 632
f 627 632 629
f 623 630 632
f 623 632 631
f 630 625 626
f 630 626 632
f 626 629 632
f 633 636 638
f 633 638 637
f 636 640 641
f 636 641 638
f 634 639 641
f 634 641 640
f 639 643 644
f 639 644 641
f 635 642 644
f 635 644 643
f 642 637 638
f 642 638 644
f 638 641 644
f 645 648 650
f 645 650 649
f 648 652 653
f 648 653 650
f 646 651 653
f 646 653 652
f 651 655 656
f 651 656 653
f 647 654 656
f 647 656 655
f 654 649 650
f 654 650 656
f 650 653 656
f 585 561 565
f 585 565 588
f 588 565 570
f 588 570 592
f 592 570 563
f 592 563 586
f 562 573 577
f 562 577 567
f 567 577 582
f 567 582 571
f 571 582 575
f 571 575 563
f 574 597 601
f 574 601 579
f 579 601 606
f 579 606 583
f 583 606 599
f 583 599 575
f 598 587 595
f 598 595 603
f 603 595 591
f 603 591 607
f 607 591 586
f 607 586 599
f 633 585 589
f 633 589 636
f 636 589 594
f 636 594 640
f 640 594 587
f 640 587 634
f 597 645 649
f 597 649 600
f 600 649 654
f 600 654 604
f 604 654 647
f 604 647 598
f 646 635 643
f 646 643 651
f 651 643 639
f 651 639 655
f 655 639 634
f 655 634 647
f 609 633 637
f 609 637 612
f 612 637 642
f 612 642 616
f 616 642 635
f 616 635 610
f 645 621 625
f 645 625 648
f 648 625 630
f 648 630 652
f 652 630 623
f 652 623 646
f 622 611 619
f 622 619 627
f 627 619 615
f 627 615 631
f 631 615 610
f 631 610 623
f 561 609 613
f 561 613 564
f 564 613 618
f 564 618 568
f 568 618 611
f 568 611 562
f 621 574 580
f 621 580 624
f 624 580 576
f 624 576 628
f 628 576 573
f 628 573 622
f 585 633 609
f 585 609 561
f 563 575 599
f 563 599 586
f 611 622 573
f 611 573 562
f 645 597 574
f 645 574 621
f 587 598 647
f 587 647 634
f 635 646 623
f 635 623 610
v -0.4400000 -0.2458241 0.5133627
v -0.4400000 -0.0858242 0.4633627
v -0.4453576 -0.2461420 0.5123456
v -0.4453576 -0.0861420 0.4623455
v -0.4498995 -0.2470472 0.5094489
v -0.4498995 -0.0870472 0.4594488
v -0.4529343 -0.2484020 0.5051137
v -0.4529343 -0.0884020 0.4551137
v -0.4540000 -0.2500000 0.5000000
v -0.4540000 -0.0900000 0.4500000
v -0.4529343 -0.2515980 0.4948863
v -0.4529343 -0.0915980 0.4448863
v -0.4498995 -0.2529528 0.4905511
v -0.4498995 -0.0929528 0.4405511
v -0.4453576 -0.2538580 0.4876545
v -0.4453576 -0.0938580 0.4376544
v -0.4400000 -0.2541758 0.4866373
v -0.4400000 -0.0941759 0.4366373
v -0.4346424 -0.2538580 0.4876545
v -0.4346424 -0.0938580 0.4376544
v -0.4301005 -0.2529528 0.4905511
v -0.4301005 -0.0929528 0.4405511
v -0.4270657 -0.2515980 0.4948863
v -0.4270657 -0.0915980 0.4448863
v -0.4260000 -0.2500000 0.5000000
v -0.4260000 -0.0900000 0.4500000
v -0.4270657 -0.2484020 0.5051137
v -0.4270657 -0.0884020 0.4551136
v -0.4301005 -0.2470472 0.5094489
v -0.4301005 -0.0870472 0.4594488
v -0.4346424 -0.2461420 0.5123456
v -0.4346424 -0.0861420 0.4623455
f 657 658 660
f 657 660 659
f 659 660 662
f 659 662 661
f 661 662 664
f 661 664 663
f 663 664 666
f 663 666 665
f 665 666 668
f 665 668 667
f 667 668 670
f 667 670 669
f 669 670 672
f 669 672 671
f 671 672 674
f 671 674 673
f 673 674 676
f 673 676 675
f 675 676 678
f 675 678 677
f 677 678 680
f 677 680 679
f 679 680 682
f 679 682 681
f 681 682 684
f 681 684 683
f 683 684 686
f 683 686 685
f 662 660 658
f 658 688 686
f 686 684 682
f 682 680 678
f 678 676 674
f 674 672 670
f 670 668 666
f 666 664 662
f 662 658 686
f 686 682 678
f 678 674 670
f 670 666 662
f 662 686 678
f 678 670 662
f 685 686 688
f 685 688 687
f 687 688 658
f 687 658 657
f 687 657 659
f 659 661 663
f 663 665 667
f 667 669 671
f 671 673 675
f 675 677 679
f 679 681 683
f 683 685 687
f 687 659 663
f 663 667 671
f 671 675 679
f 679 683 687
f 687 663 671
f 671 679 687
v -0.5500001 -0.2500000 0.5140000
v -0.6000000 -0.0850000 0.5140000
v -0.5551274 -0.2515537 0.5129343
v -0.6051274 -0.0865537 0.5129343
v -0.5594741 -0.2528709 0.5098995
v -0.6094741 -0.0878709 0.5098995
v -0.5623785 -0.2537511 0.5053576
v -0.6123785 -0.0887510 0.5053576
v -0.5633984 -0.2540601 0.5000000
v -0.6133984 -0.0890601 0.5000000
v -0.5623785 -0.2537511 0.4946424
v -0.6123785 -0.0887510 0.4946424
v -0.5594741 -0.2528709 0.4901005
v -0.6094741 -0.0878709 0.4901005
v -0.5551274 -0.2515537 0.4870657
v -0.6051274 -0.0865537 0.4870657
v -0.5500001 -0.2500000 0.4860000
v -0.6000000 -0.0850000 0.4860000
v -0.5448727 -0.2484463 0.4870657
v -0.5948727 -0.0834463 0.4870657
v -0.5405260 -0.2471291 0.4901005
v -0.5905260 -0.0821291 0.4901005
v -0.5376216 -0.2462490 0.4946424
v -0.5876216 -0.0812489 0.4946424
v -0.5366017 -0.2459399 0.5000000
v -0.5866017 -0.0809399 0.5000000
v -0.5376216 -0.2462490 0.5053576
v -0.5876216 -0.0812489 0.5053576
v -0.5405260 -0.2471291 0.5098995
v -0.5905260 -0.0821291 0.5098995
v -0.5448727 -0.2484463 0.5129343
v -0.5948727 -0.0834463 0.5129343
f 689 690 692
f 689 692 691
f 691 692 694
f 691 694 693
f 693 694 696
f 693 696 695
f 695 696 698
f 695 698 697
f 697 698 700
f 697 700 699
f 699 700 702
f 699 702 701
f 701 702 704
f 701 704 703
f 703 704 706
f 703 706 705
f 705 706 708
f 705 708 707
f 707 708 710
f 707 710 709
f 709 710 712
f 709 712 711
f 711 712 714
f 711 714 713
f 713 714 716
f 713 716 715
f 715 716 718
f 715 718 717
f 694 692 690
f 690 720 718
f 718 716 714
f 714 712 710
f 710 708 706
f 706 704 702
f 702 700 698
f 698 696 694
f 694 690 718
f 718 714 710
f 710 706 702
f 702 698 694
f 694 718 710
f 710 702 694
f 717 718 720
f 717 720 719
f 719 720 690
f 719 690 689
f 719 689 691
f 691 693 695
f 695 697 699
f 699 701 703
f 703 705 707
f 707 709 711
f 711 713 715
f 715 717 719
f 719 691 695
f 695 699 703
f 703 707 711
f 711 715 719
f 719 695 703
f 703 711 719
v -0.4400000 0.2458242 0.5133628
v -0.4400000 0.0858241 0.4633627
v -0.4346424 0.2461420 0.5123456
v -0.4346424 0.0861420 0.4623455
v -0.4301005 0.2470472 0.5094489
v -0.4301005 0.0870472 0.4594488
v -0.4270657 0.2484020 0.5051137
v -0.4270657 0.0884020 0.4551136
v -0.4260000 0.2500000 0.5000000
v -0.4260000 0.0900000 0.4500000
v -0.4270657 0.2515981 0.4948863
v -0.4270657 0.0915980 0.4448863
v -0.4301005 0.2529528 0.4905512
v -0.4301005 0.0929528 0.4405511
v -0.4346424 0.2538580 0.4876545
v -0.4346424 0.0938580 0.4376544
v -0.4400000 0.2541759 0.4866373
v -0.4400000 0.0941758 0.4366372
v -0.4453576 0.2538580 0.4876545
v -0.4453576 0.0938580 0.4376544
v -0.4498995 0.2529528 0.4905512
v -0.4498995 0.0929528 0.4405511
v -0.4529343 0.2515981 0.4948863
v -0.4529343 0.0915980 0.4448863
v -0.4540000 0.2500000 0.5000000
v -0.4540000 0.0900000 0.4500000
v -0.4529343 0.2484020 0.5051137
v -0.4529343 0.0884020 0.4551136
v -0.4498995 0.2470472 0.5094489
v -0.4498995 0.0870472 0.4594488
v -0.4453576 0.2461420 0.5123456
v -0.4453576 0.0861420 0.4623455
f 721 722 724
f 721 724 723
f 723 724 726
f 723 726 725
f 725 726 728
f 725 728 727
f 727 728 730
f 727 730 729
f 729 730 732
f 729 732 731
f 731 732 734
f 731 734 733
f 733 734 736
f 733 736 735
f 735 736 738
f 735 738 737
f 737 738 740
f 737 740 739
f 739 740 742
f 739 742 741
f 741 742 744
f 741 744 743
f 743 744 746
f 743 746 745
f 745 746 748
f 745 748 747
f 747 748 750
f 747 750 749
f 726 724 722
f 722 752 750
f 750 748 746
f 746 744 742
f 742 740 738
f 738 736 734
f 734 732 730
f 730 728 726
f 726 722 750
f 750 746 742
f 742 738 734
f 734 730 726
f 726 750 742
f 742 734 726
f 749 750 752
f 749 752 751
f 751 752 722
f 751 722 721
f 751 721 723
f 723 725 727
f 727 729 731
f 731 733 735
f 735 737 739
f 739 741 743
f 743 745 747
f 747 749 751
f 751 723 727
f 727 731 735
f 735 739 743
f 743 747 751
f 751 727 735
f 735 743 751
v -0.5500000 0.2500000 0.5140000
v -0.6000001 0.0850000 0.5140000
v -0.5448727 0.2484463 0.5129343
v -0.5948727 0.0834463 0.5129343
v -0.5405260 0.2471291 0.5098995
v -0.5905260 0.0821291 0.5098995
v -0.5376216 0.2462489 0.5053576
v -0.5876216 0.0812490 0.5053576
v -0.5366017 0.2459399 0.5000000
v -0.5866017 0.0809399 0.5000000
v -0.5376216 0.2462489 0.4946424
v -0.5876216 0.0812490 0.4946424
v -0.5405260 0.2471291 0.4901005
v -0.5905260 0.0821291 0.4901005
v -0.5448727 0.2484463 0.4870657
v -0.5948727 0.0834463 0.4870657
v -0.5500000 0.2500000 0.4860000
v -0.6000001 0.0850000 0.4860000
v -0.5551274 0.2515537 0.4870657
v -0.6051274 0.0865537 0.4870657
v -0.5594741 0.2528709 0.4901005
v -0.6094741 0.0878709 0.4901005
v -0.5623785 0.2537510 0.4946424
v -0.6123785 0.0887511 0.4946424
v -0.5633984 0.2540601 0.5000000
v -0.6133984 0.0890601 0.5000000
v -0.5623785 0.2537510 0.5053576
v -0.6123785 0.0887511 0.5053576
v -0.5594741 0.2528709 0.5098995
v -0.6094741 0.0878709 0.5098995
v -0.5551274 0.2515537 0.5129343
v -0.6051274 0.0865537 0.5129343
f 753 754 756
f 753 756 755
f 755 756 758
f 755 758 757
f 757 758 760
f 757 760 759
f 759 760 762
f 759 762 761
f 761 762 764
f 761 764 763
f 763 764 766
f 763 766 765
f 765 766 768
f 765 768 767
f 767 768 770
f 767 770 769
f 769 770 772
f 769 772 771
f 771 772 774
f 771 774 773
f 773 774 776
f 773 776 775
f 775 776 778
f 775 778 777
f 777 778 780
f 777 780 779
f 779 780 782
f 779 782 781
f 758 756 754
f 754 784 782
f 782 780 778
f 778 776 774
f 774 772 770
f 770 768 766
f 766 764 762
f 762 760 758
f 758 754 782
f 782 778 774
f 774 770 766
f 766 762 758
f 758 782 774
f 774 766 758
f 781 782 784
f 781 784 783
f 783 784 754
f 783 754 753
f 783 753 755
f 755 757 759
f 759 761 763
f 763 765 767
f 767 769 771
f 771 773 775
f 775 777 779
f 779 781 783
f 783 755 759
f 759 763 767
f 767 771 775
f 775 779 783
f 783 759 767
f 767 775 783
v -0.6000000 -0.0280000 0.3000000
v -0.6000000 -0.0280000 0.6700000
v -0.6107152 -0.0258686 0.3000000
v -0.6107152 -0.0258686 0.6700000
v -0.6197990 -0.0197990 0.3000000
v -0.6197990 -0.0197990 0.6700000
v -0.6258687 -0.0107151 0.3000000
v -0.6258687 -0.0107151 0.6700000
v -0.6280000 -0.0000000 0.3000000
v -0.6280000 -0.0000000 0.6700000
v -0.6258687 0.0107151 0.3000000
v -0.6258687 0.0107151 0.6700000
v -0.6197990 0.0197990 0.3000000
v -0.6197990 0.0197990 0.6700000
v -0.6107152 0.0258686 0.3000000
v -0.6107152 0.0258686 0.6700000
v -0.6000000 0.0280000 0.3000000
v -0.6000000 0.0280000 0.6700000
v -0.5892849 0.0258686 0.3000000
v -0.5892849 0.0258686 0.6700000
v -0.5802010 0.0197990 0.3000000
v -0.5802010 0.0197990 0.6700000
v -0.5741314 0.0107151 0.3000000
v -0.5741314 0.0107151 0.6700000
v -0.5720000 0.0000000 0.3000000
v -0.5720000 0.0000000 0.6700000
v -0.5741314 -0.0107151 0.3000000
v -0.5741314 -0.0107151 0.6700000
v -0.5802010 -0.0197990 0.3000000
v -0.5802010 -0.0197990 0.6700000
v -0.5892849 -0.0258686 0.3000000
v -0.5892849 -0.0258686 0.6700000
f 785 786 788
f 785 788 787
f 787 788 790
f 787 790 789
f 789 790 792
f 789 792 791
f 791 792 794
f 791 794 793
f 793 794 796
f 793 796 795
f 795 796 798
f 795 798 797
f 797 798 800
f 797 800 799
f 799 800 802
f 799 802 801
f 801 802 804
f 801 804 803
f 803 804 806
f 803 806 805
f 805 806 808
f 805 808 807
f 807 808 810
f 807 810 809
f 809 810 812
f 809 812 811
f 811 812 814
f 811 814 813
f 790 788 786
f 786 816 814
f 814 812 810
f 810 808 806
f 806 804 802
f 802 800 798
f 798 796 794
f 794 792 790
f 790 786 814
f 814 810 806
f 806 802 798
f 798 794 790
f 790 814 806
f 806 798 790
f 813 814 816
f 813 816 815
f 815 816 786
f 815 786 785
f 815 785 787
f 787 789 791
f 791 793 795
f 795 797 799
f 799 801 803
f 803 805 807
f 807 809 811
f 811 813 815
f 815 787 791
f 791 795 799
f 799 803 807
f 807 811 815
f 815 791 799
f 799 807 815
v -0.3980000 0.0000000 0.6400000
v -0.4009475 0.0000000 0.6510000
v -0.4090000 0.0000000 0.6590526
v -0.4200000 0.0000000 0.6620000
v -0.4310000 0.0000000 0.6590526
v -0.4390526 0.0000000 0.6510000
v -0.4420000 0.0000000 0.6400000
v -0.4390526 0.0000000 0.6290000
v -0.4310000 0.0000000 0.6209474
v -0.4200000 0.0000000 0.6180000
v -0.4090000 0.0000000 0.6209474
v -0.4009475 0.0000000 0.6290000
v -0.3984325 0.0132115 0.6400000
v -0.4013736 0.0130187 0.6510000
v -0.4094090 0.0124920 0.6590526
v -0.4203854 0.0117726 0.6620000
v -0.4313619 0.0110531 0.6590526
v -0.4393972 0.0105265 0.6510000
v -0.4423383 0.0103337 0.6400000
v -0.4393972 0.0105265 0.6290000
v -0.4313619 0.0110531 0.6209474
v -0.4203854 0.0117726 0.6180000
v -0.4094090 0.0124920 0.6209474
v -0.4013736 0.0130187 0.6290000
v -0.3997281 0.0263663 0.6400000
v -0.4026504 0.0259816 0.6510000
v -0.4106340 0.0249305 0.6590526
v -0.4215399 0.0234947 0.6620000
v -0.4324458 0.0220589 0.6590526
v -0.4404295 0.0210079 0.6510000
v -0.4433517 0.0206231 0.6400000
v -0.4404295 0.0210079 0.6290000
v -0.4324458 0.0220589 0.6209474
v -0.4215399 0.0234947 0.6180000
v -0.4106340 0.0249305 0.6209474
v -0.4026504 0.0259816 0.6290000
v -0.4018814 0.0394083 0.6400000
v -0.4047722 0.0388332 0.6510000
v -0.4126700 0.0372623 0.6590526
v -0.4234587 0.0351163 0.6620000
v -0.4342473 0.0329703 0.6590526
v -0.4421452 0.0313993 0.6510000
v -0.4450359 0.0308243 0.6400000
v -0.4421452 0.0313993 0.6290000
v -0.4342473 0.0329703 0.6209474
v -0.4234587 0.0351163 0.6180000
v -0.4126700 0.0372623 0.6209474
v -0.4047722 0.0388332 0.6290000
v -0.4048830 0.0522814 0.6400000
v -0.4077300 0.0515186 0.6510000
v -0.4155082 0.0494344 0.6590526
v -0.4261334 0.0465874 0.6620000
v -0.4367586 0.0437404 0.6590526
v -0.4445367 0.0416563 0.6510000
v -0.4473837 0.0408934 0.6400000
v -0.4445367 0.0416563 0.6290000
v -0.4367586 0.0437404 0.6209474
v -0.4261334 0.0465874 0.6180000
v -0.4155082 0.0494344 0.6209474
v -0.4077300 0.0515186 0.6290000
v -0.4087201 0.0649308 0.6400000
v -0.4115112 0.0639834 0.6510000
v -0.4191363 0.0613949 0.6590526
v -0.4295526 0.0578591 0.6620000
v -0.4399688 0.0543233 0.6590526
v -0.4475940 0.0517349 0.6510000
v -0.4503851 0.0507874 0.6400000
v -0.4475940 0.0517349 0.6290000
v -0.4399688 0.0543233 0.6209474
v -0.4295526 0.0578591 0.6180000
v -0.4191363 0.0613949 0.6209474
v -0.4115112 0.0639834 0.6290000
v -0.4133763 0.0773020 0.6400000
v -0.4160994 0.0761741 0.6510000
v -0.4235390 0.0730925 0.6590526
v -0.4337017 0.0688830 0.6620000
v -0.4438644 0.0646735 0.6590526
v -0.4513040 0.0615919 0.6510000
v -0.4540271 0.0604640 0.6400000
v -0.4513040 0.0615919 0.6290000
v -0.4438644 0.0646735 0.6209474
v -0.4337017 0.0688830 0.6180000
v -0.4235390 0.0730925 0.6209474
v -0.4160994 0.0761741 0.6290000
v -0.4188317 0.0893423 0.6400000
v -0.4214752 0.0880387 0.6510000
v -0.4286973 0.0844772 0.6590526
v -0.4385629 0.0796120 0.6620000
v -0.4484285 0.0747468 0.6590526
v -0.4556506 0.0711852 0.6510000
v -0.4582941 0.0698816 0.6400000
v -0.4556506 0.0711852 0.6290000
v -0.4484285 0.0747468 0.6209474
v -0.4385629 0.0796120 0.6180000
v -0.4286973 0.0844772 0.6209474
v -0.4214752 0.0880387 0.6290000
v -0.4250629 0.1010000 0.6400000
v -0.4276155 0.0995263 0.6510000
v -0.4345892 0.0955000 0.6590526
v -0.4441155 0.0900000 0.6620000
v -0.4536417 0.0845000 0.6590526
v -0.4606155 0.0804737 0.6510000
v -0.4631680 0.0790000 0.6400000
v -0.4606155 0.0804737 0.6290000
v -0.4536417 0.0845000 0.6209474
v -0.4441155 0.0900000 0.6180000
v -0.4345892 0.0955000 0.6209474
v -0.4276155 0.0995263 0.6290000
v -0.4320432 0.1122252 0.6400000
v -0.4344939 0.1105877 0.6510000
v -0.4411893 0.1061139 0.6590526
v -0.4503355 0.1000026 0.6620000
v -0.4594817 0.0938914 0.6590526
v -0.4661771 0.0894176 0.6510000
v -0.4686278 0.0877801 0.6400000
v -0.4661771 0.0894176 0.6290000
v -0.4594817 0.0938914 0.6209474
v -0.4503355 0.1000026 0.6180000
v -0.4411893 0.1061139 0.6209474
v -0.4344939 0.1105877 0.6290000
v -0.4397426 0.1229698 0.6400000
v -0.4420810 0.1211755 0.6510000
v -0.4484695 0.1162734 0.6590526
v -0.4571964 0.1095770 0.6620000
v -0.4659233 0.1028807 0.6590526
v -0.4723118 0.0979786 0.6510000
v -0.4746502 0.0961843 0.6400000
v -0.4723118 0.0979786 0.6290000
v -0.4659233 0.1028807 0.6209474
v -0.4571964 0.1095770 0.6180000
v -0.4484695 0.1162734 0.6209474
v -0.4420810 0.1211755 0.6290000
v -0.4481284 0.1331879 0.6400000
v -0.4503444 0.1312445 0.6510000
v -0.4563986 0.1259351 0.6590526
v -0.4646689 0.1186823 0.6620000
v -0.4729391 0.1114294 0.6590526
v -0.4789933 0.1061200 0.6510000
v -0.4812093 0.1041766 0.6400000
v -0.4789933 0.1061200 0.6290000
v -0.4729391 0.1114294 0.6209474
v -0.4646689 0.1186823 0.6180000
v -0.4563986 0.1259351 0.6209474
v -0.4503444 0.1312445 0.6290000
v -0.4571645 0.1428356 0.6400000
v -0.4592486 0.1407514 0.6510000
v -0.4649426 0.1350574 0.6590526
v -0.4727208 0.1272792 0.6620000
v -0.4804990 0.1195011 0.6590526
v -0.4861930 0.1138070 0.6510000
v -0.4882772 0.1117229 0.6400000
v -0.4861930 0.1138070 0.6290000
v -0.4804990 0.1195011 0.6209474
v -0.4727208 0.1272792 0.6180000
v -0.4649426 0.1350574 0.6209474
v -0.4592486 0.1407514 0.6290000
v -0.4668121 0.1518716 0.6400000
v -0.4687555 0.1496556 0.6510000
v -0.4740649 0.1436014 0.6590526
v -0.4813178 0.1353312 0.6620000
v -0.4885706 0.1270609 0.6590526
v -0.4938800 0.1210067 0.6510000
v -0.4958234 0.1187907 0.6400000
v -0.4938800 0.1210067 0.6290000
v -0.4885706 0.1270609 0.6209474
v -0.4813178 0.1353312 0.6180000
v -0.4740649 0.1436014 0.6209474
v -0.4687555 0.1496556 0.6290000
v -0.4770302 0.1602574 0.6400000
v -0.4788245 0.1579190 0.6510000
v -0.4837266 0.1515305 0.6590526
v -0.4904229 0.1428036 0.6620000
v -0.4971193 0.1340767 0.6590526
v -0.5020214 0.1276882 0.6510000
v -0.5038157 0.1253498 0.6400000
v -0.5020214 0.1276882 0.6290000
v -0.4971193 0.1340767 0.6209474
v -0.4904229 0.1428036 0.6180000
v -0.4837266 0.1515305 0.6209474
v -0.4788245 0.1579190 0.6290000
v -0.4877748 0.1679569 0.6400000
v -0.4894124 0.1655062 0.6510000
v -0.4938861 0.1588107 0.6590526
v -0.4999974 0.1496646 0.6620000
v -0.5061086 0.1405184 0.6590526
v -0.5105824 0.1338229 0.6510000
v -0.5122200 0.1313722 0.6400000
v -0.5105824 0.1338229 0.6290000
v -0.5061086 0.1405184 0.6209474
v -0.4999974 0.1496646 0.6180000
v -0.4938861 0.1588107 0.6209474
v -0.4894124 0.1655062 0.6290000
v -0.4990000 0.1749371 0.6400000
v -0.5004737 0.1723846 0.6510000
v -0.5045000 0.1654109 0.6590526
v -0.5100001 0.1558846 0.6620000
v -0.5155000 0.1463583 0.6590526
v -0.5195263 0.1393846 0.6510000
v -0.5210000 0.1368320 0.6400000
v -0.5195263 0.1393846 0.6290000
v -0.5155000 0.1463583 0.6209474
v -0.5100001 0.1558846 0.6180000
v -0.5045000 0.1654109 0.6209474
v -0.5004737 0.1723846 0.6290000
v -0.5106577 0.1811683 0.6400000
v -0.5119613 0.1785248 0.6510000
v -0.5155228 0.1713027 0.6590526
v -0.5203880 0.1614371 0.6620000
v -0.5252532 0.1515715 0.6590526
v -0.5288148 0.1443494 0.6510000
v -0.5301184 0.1417059 0.6400000
v -0.5288148 0.1443494 0.6290000
v -0.5252532 0.1515715 0.6209474
v -0.5203880 0.1614371 0.6180000
v -0.5155228 0.1713027 0.6209474
v -0.5119613 0.1785248 0.6290000
v -0.5226979 0.1866236 0.6400000
v -0.5238259 0.1839006 0.6510000
v -0.5269074 0.1764610 0.6590526
v -0.5311170 0.1662983 0.6620000
v -0.5353265 0.1561356 0.6590526
v -0.5384080 0.1486960 0.6510000
v -0.5395360 0.1459730 0.6400000
v -0.5384080 0.1486960 0.6290000
v -0.5353265 0.1561356 0.6209474
v -0.5311170 0.1662983 0.6180000
v -0.5269074 0.1764610 0.6209474
v -0.5238259 0.1839006 0.6290000
v -0.5350693 0.1912799 0.6400000
v -0.5360167 0.1884889 0.6510000
v -0.5386051 0.1808637 0.6590526
v -0.5421410 0.1704474 0.6620000
v -0.5456768 0.1600312 0.6590526
v -0.5482652 0.1524060 0.6510000
v -0.5492126 0.1496150 0.6400000
v -0.5482652 0.1524060 0.6290000
v -0.5456768 0.1600312 0.6209474
v -0.5421410 0.1704474 0.6180000
v -0.5386051 0.1808637 0.6209474
v -0.5360167 0.1884889 0.6290000
v -0.5477186 0.1951170 0.6400000
v -0.5484814 0.1922700 0.6510000
v -0.5505656 0.1844918 0.6590526
v -0.5534126 0.1738667 0.6620000
v -0.5562596 0.1632415 0.6590526
v -0.5583438 0.1554633 0.6510000
v -0.5591066 0.1526163 0.6400000
v -0.5583438 0.1554633 0.6290000
v -0.5562596 0.1632415 0.6209474
v -0.5534126 0.1738667 0.6180000
v -0.5505656 0.1844918 0.6209474
v -0.5484814 0.1922700 0.6290000
v -0.5605918 0.1981186 0.6400000
v -0.5611668 0.1952278 0.6510000
v -0.5627378 0.1873300 0.6590526
v -0.5648837 0.1765414 0.6620000
v -0.5670297 0.1657527 0.6590526
v -0.5686007 0.1578549 0.6510000
v -0.5691757 0.1549641 0.6400000
v -0.5686007 0.1578549 0.6290000
v -0.5670297 0.1657527 0.6209474
v -0.5648837 0.1765414 0.6180000
v -0.5627378 0.1873300 0.6209474
v -0.5611668 0.1952278 0.6290000
v -0.5736338 0.2002719 0.6400000
v -0.5740185 0.1973497 0.6510000
v -0.5750695 0.1893660 0.6590526
v -0.5765054 0.1784601 0.6620000
v -0.5779411 0.1675542 0.6590526
v -0.5789922 0.1595705 0.6510000
v -0.5793769 0.1566483 0.6400000
v -0.5789922 0.1595705 0.6290000
v -0.5779411 0.1675542 0.6209474
v -0.5765054 0.1784601 0.6180000
v -0.5750695 0.1893660 0.6209474
v -0.5740185 0.1973497 0.6290000
v -0.5867886 0.2015675 0.6400000
v -0.5869814 0.1986264 0.6510000
v -0.5875080 0.1905911 0.6590526
v -0.5882275 0.1796146 0.6620000
v -0.5889469 0.1686382 0.6590526
v -0.5894735 0.1606028 0.6510000
v -0.5896664 0.1576617 0.6400000
v -0.5894735 0.1606028 0.6290000
v -0.5889469 0.1686382 0.6209474
v -0.5882275 0.1796146 0.6180000
v -0.5875080 0.1905911 0.6209474
v -0.5869814 0.1986264 0.6290000
v -0.6000000 0.2020000 0.6400000
v -0.6000000 0.1990526 0.6510000
v -0.6000000 0.1910000 0.6590526
v -0.6000000 0.1800000 0.6620000
v -0.6000000 0.1690000 0.6590526
v -0.6000000 0.1609474 0.6510000
v -0.6000000 0.1580000 0.6400000
v -0.6000000 0.1609474 0.6290000
v -0.6000000 0.1690000 0.6209474
v -0.6000000 0.1800000 0.6180000
v -0.6000000 0.1910000 0.6209474
v -0.6000000 0.1990526 0.6290000
v -0.6132114 0.2015675 0.6400000
v -0.6130186 0.1986264 0.6510000
v -0.6124920 0.1905911 0.6590526
v -0.6117725 0.1796146 0.6620000
v -0.6110531 0.1686382 0.6590526
v -0.6105264 0.1606028 0.6510000
v -0.6103337 0.1576617 0.6400000
v -0.6105264 0.1606028 0.6290000
v -0.6110531 0.1686382 0.6209474
v -0.6117725 0.1796146 0.6180000
v -0.6124920 0.1905911 0.6209474
v -0.6130186 0.1986264 0.6290000
v -0.6263663 0.2002719 0.6400000
v -0.6259816 0.1973496 0.6510000
v -0.6249306 0.1893660 0.6590526
v -0.6234947 0.1784601 0.6620000
v -0.6220590 0.1675542 0.6590526
v -0.6210079 0.1595705 0.6510000
v -0.6206232 0.1566483 0.6400000
v -0.6210079 0.1595705 0.6290000
v -0.6220590 0.1675542 0.6209474
v -0.6234947 0.1784601 0.6180000
v -0.6249306 0.1893660 0.6209474
v -0.6259816 0.1973496 0.6290000
v -0.6394083 0.1981186 0.6400000
v -0.6388333 0.1952278 0.6510000
v -0.6372623 0.1873300 0.6590526
v -0.6351163 0.1765414 0.6620000
v -0.6329703 0.1657527 0.6590526
v -0.6313993 0.1578549 0.6510000
v -0.6308243 0.1549641 0.6400000
v -0.6313993 0.1578549 0.6290000
v -0.6329703 0.1657527 0.6209474
v -0.6351163 0.1765414 0.6180000
v -0.6372623 0.1873300 0.6209474
v -0.6388333 0.1952278 0.6290000
v -0.6522815 0.1951170 0.6400000
v -0.6515186 0.1922700 0.6510000
v -0.6494344 0.1844919 0.6590526
v -0.6465874 0.1738667 0.6620000
v -0.6437404 0.1632415 0.6590526
v -0.6416563 0.1554633 0.6510000
v -0.6408934 0.1526163 0.6400000
v -0.6416563 0.1554633 0.6290000
v -0.6437404 0.1632415 0.6209474
v -0.6465874 0.1738667 0.6180000
v -0.6494344 0.1844919 0.6209474
v -0.6515186 0.1922700 0.6290000
v -0.6649308 0.1912799 0.6400000
v -0.6639834 0.1884889 0.6510000
v -0.6613950 0.1808636 0.6590526
v -0.6578591 0.1704474 0.6620000
v -0.6543233 0.1600312 0.6590526
v -0.6517349 0.1524060 0.6510000
v -0.6507875 0.1496150 0.6400000
v -0.6517349 0.1524060 0.6290000
v -0.6543233 0.1600312 0.6209474
v -0.6578591 0.1704474 0.6180000
v -0.6613950 0.1808636 0.6209474
v -0.6639834 0.1884889 0.6290000
v -0.6773021 0.1866237 0.6400000
v -0.6761742 0.1839006 0.6510000
v -0.6730926 0.1764610 0.6590526
v -0.6688831 0.1662983 0.6620000
v -0.6646736 0.1561356 0.6590526
v -0.6615919 0.1486961 0.6510000
v -0.6604640 0.1459730 0.6400000
v -0.6615919 0.1486961 0.6290000
v -0.6646736 0.1561356 0.6209474
v -0.6688831 0.1662983 0.6180000
v -0.6730926 0.1764610 0.6209474
v -0.6761742 0.1839006 0.6290000
v -0.6893423 0.1811683 0.6400000
v -0.6880387 0.1785248 0.6510000
v -0.6844772 0.1713027 0.6590526
v -0.6796120 0.1614371 0.6620000
v -0.6747468 0.1515715 0.6590526
v -0.6711853 0.1443494 0.6510000
v -0.6698816 0.1417059 0.6400000
v -0.6711853 0.1443494 0.6290000
v -0.6747468 0.1515715 0.6209474
v -0.6796120 0.1614371 0.6180000
v -0.6844772 0.1713027 0.6209474
v -0.6880387 0.1785248 0.6290000
v -0.7010000 0.1749372 0.6400000
v -0.6995263 0.1723846 0.6510000
v -0.6955000 0.1654109 0.6590526
v -0.6900000 0.1558846 0.6620000
v -0.6845000 0.1463583 0.6590526
v -0.6804737 0.1393846 0.6510000
v -0.6790000 0.1368320 0.6400000
v -0.6804737 0.1393846 0.6290000
v -0.6845000 0.1463583 0.6209474
v -0.6900000 0.1558846 0.6180000
v -0.6955000 0.1654109 0.6209474
v -0.6995263 0.1723846 0.6290000
v -0.7122251 0.1679569 0.6400000
v -0.7105876 0.1655062 0.6510000
v -0.7061139 0.1588107 0.6590526
v -0.7000026 0.1496646 0.6620000
v -0.6938913 0.1405184 0.6590526
v -0.6894176 0.1338229 0.6510000
v -0.6877801 0.1313722 0.6400000
v -0.6894176 0.1338229 0.6290000
v -0.6938913 0.1405184 0.6209474
v -0.7000026 0.1496646 0.6180000
v -0.7061139 0.1588107 0.6209474
v -0.7105876 0.1655062 0.6290000
v -0.7229698 0.1602574 0.6400000
v -0.7211756 0.1579190 0.6510000
v -0.7162735 0.1515305 0.6590526
v -0.7095771 0.1428036 0.6620000
v -0.7028807 0.1340767 0.6590526
v -0.6979786 0.1276882 0.6510000
v -0.6961843 0.1253498 0.6400000
v -0.6979786 0.1276882 0.6290000
v -0.7028807 0.1340767 0.6209474
v -0.7095771 0.1428036 0.6180000
v -0.7162735 0.1515305 0.6209474
v -0.7211756 0.1579190 0.6290000
v -0.7331879 0.1518717 0.6400000
v -0.7312445 0.1496557 0.6510000
v -0.7259351 0.1436014 0.6590526
v -0.7186823 0.1353312 0.6620000
v -0.7114295 0.1270609 0.6590526
v -0.7061200 0.1210067 0.6510000
v -0.7041767 0.1187907 0.6400000
v -0.7061200 0.1210067 0.6290000
v -0.7114295 0.1270609 0.6209474
v -0.7186823 0.1353312 0.6180000
v -0.7259351 0.1436014 0.6209474
v -0.7312445 0.1496557 0.6290000
v -0.7428356 0.1428355 0.6400000
v -0.7407515 0.1407514 0.6510000
v -0.7350575 0.1350574 0.6590526
v -0.7272793 0.1272792 0.6620000
v -0.7195011 0.1195010 0.6590526
v -0.7138071 0.1138070 0.6510000
v -0.7117229 0.1117228 0.6400000
v -0.7138071 0.1138070 0.6290000
v -0.7195011 0.1195010 0.6209474
v -0.7272793 0.1272792 0.6180000
v -0.7350575 0.1350574 0.6209474
v -0.7407515 0.1407514 0.6290000
v -0.7518717 0.1331878 0.6400000
v -0.7496557 0.1312445 0.6510000
v -0.7436014 0.1259350 0.6590526
v -0.7353312 0.1186822 0.6620000
v -0.7270610 0.1114294 0.6590526
v -0.7210068 0.1061200 0.6510000
v -0.7187907 0.1041766 0.6400000
v -0.7210068 0.1061200 0.6290000
v -0.7270610 0.1114294 0.6209474
v -0.7353312 0.1186822 0.6180000
v -0.7436014 0.1259350 0.6209474
v -0.7496557 0.1312445 0.6290000
v -0.7602574 0.1229698 0.6400000
v -0.7579191 0.1211755 0.6510000
v -0.7515305 0.1162734 0.6590526
v -0.7428036 0.1095771 0.6620000
v -0.7340767 0.1028807 0.6590526
v -0.7276882 0.0979786 0.6510000
v -0.7253498 0.0961843 0.6400000
v -0.7276882 0.0979786 0.6290000
v -0.7340767 0.1028807 0.6209474
v -0.7428036 0.1095771 0.6180000
v -0.7515305 0.1162734 0.6209474
v -0.7579191 0.1211755 0.6290000
v -0.7679569 0.1122252 0.6400000
v -0.7655061 0.1105877 0.6510000
v -0.7588107 0.1061139 0.6590526
v -0.7496645 0.1000027 0.6620000
v -0.7405184 0.0938914 0.6590526
v -0.7338229 0.0894176 0.6510000
v -0.7313722 0.0877801 0.6400000
v -0.7338229 0.0894176 0.6290000
v -0.7405184 0.0938914 0.6209474
v -0.7496645 0.1000027 0.6180000
v -0.7588107 0.1061139 0.6209474
v -0.7655061 0.1105877 0.6290000
v -0.7749372 0.1010000 0.6400000
v -0.7723846 0.0995263 0.6510000
v -0.7654108 0.0955001 0.6590526
v -0.7558846 0.0900000 0.6620000
v -0.7463583 0.0845000 0.6590526
v -0.7393846 0.0804738 0.6510000
v -0.7368320 0.0790000 0.6400000
v -0.7393846 0.0804738 0.6290000
v -0.7463583 0.0845000 0.6209474
v -0.7558846 0.0900000 0.6180000
v -0.7654108 0.0955001 0.6209474
v -0.7723846 0.0995263 0.6290000
v -0.7811683 0.0893423 0.6400000
v -0.7785249 0.0880387 0.6510000
v -0.7713027 0.0844771 0.6590526
v -0.7614371 0.0796120 0.6620000
v -0.7515715 0.0747468 0.6590526
v -0.7443494 0.0711852 0.6510000
v -0.7417059 0.0698816 0.6400000
v -0.7443494 0.0711852 0.6290000
v -0.7515715 0.0747468 0.6209474
v -0.7614371 0.0796120 0.6180000
v -0.7713027 0.0844771 0.6209474
v -0.7785249 0.0880387 0.6290000
v -0.7866237 0.0773021 0.6400000
v -0.7839006 0.0761741 0.6510000
v -0.7764610 0.0730926 0.6590526
v -0.7662984 0.0688830 0.6620000
v -0.7561356 0.0646735 0.6590526
v -0.7486961 0.0615919 0.6510000
v -0.7459730 0.0604640 0.6400000
v -0.7486961 0.0615919 0.6290000
v -0.7561356 0.0646735 0.6209474
v -0.7662984 0.0688830 0.6180000
v -0.7764610 0.0730926 0.6209474
v -0.7839006 0.0761741 0.6290000
v -0.7912799 0.0649307 0.6400000
v -0.7884889 0.0639833 0.6510000
v -0.7808637 0.0613949 0.6590526
v -0.7704475 0.0578591 0.6620000
v -0.7600312 0.0543232 0.6590526
v -0.7524060 0.0517348 0.6510000
v -0.7496150 0.0507874 0.6400000
v -0.7524060 0.0517348 0.6290000
v -0.7600312 0.0543232 0.6209474
v -0.7704475 0.0578591 0.6180000
v -0.7808637 0.0613949 0.6209474
v -0.7884889 0.0639833 0.6290000
v -0.7951170 0.0522814 0.6400000
v -0.7922701 0.0515186 0.6510000
v -0.7844919 0.0494344 0.6590526
v -0.7738667 0.0465874 0.6620000
v -0.7632415 0.0437404 0.6590526
v -0.7554633 0.0416562 0.6510000
v -0.7526163 0.0408934 0.6400000
v -0.7554633 0.0416562 0.6290000
v -0.7632415 0.0437404 0.6209474
v -0.7738667 0.0465874 0.6180000
v -0.7844919 0.0494344 0.6209474
v -0.7922701 0.0515186 0.6290000
v -0.7981187 0.0394082 0.6400000
v -0.7952279 0.0388332 0.6510000
v -0.7873300 0.0372623 0.6590526
v -0.7765414 0.0351163 0.6620000
v -0.7657527 0.0329703 0.6590526
v -0.7578549 0.0313993 0.6510000
v -0.7549641 0.0308243 0.6400000
v -0.7578549 0.0313993 0.6290000
v -0.7657527 0.0329703 0.6209474
v -0.7765414 0.0351163 0.6180000
v -0.7873300 0.0372623 0.6209474
v -0.7952279 0.0388332 0.6290000
v -0.8002719 0.0263663 0.6400000
v -0.7973497 0.0259816 0.6510000
v -0.7893660 0.0249305 0.6590526
v -0.7784601 0.0234947 0.6620000
v -0.7675542 0.0220589 0.6590526
v -0.7595705 0.0210079 0.6510000
v -0.7566483 0.0206232 0.6400000
v -0.7595705 0.0210079 0.6290000
v -0.7675542 0.0220589 0.6209474
v -0.7784601 0.0234947 0.6180000
v -0.7893660 0.0249305 0.6209474
v -0.7973497 0.0259816 0.6290000
v -0.8015676 0.0132115 0.6400000
v -0.7986264 0.0130187 0.6510000
v -0.7905911 0.0124920 0.6590526
v -0.7796146 0.0117726 0.6620000
v -0.7686382 0.0110532 0.6590526
v -0.7606028 0.0105265 0.6510000
v -0.7576617 0.0103337 0.6400000
v -0.7606028 0.0105265 0.6290000
v -0.7686382 0.0110532 0.6209474
v -0.7796146 0.0117726 0.6180000
v -0.7905911 0.0124920 0.6209474
v -0.7986264 0.0130187 0.6290000
v -0.8020000 0.0000000 0.6400000
v -0.7990526 0.0000000 0.6510000
v -0.7910000 0.0000000 0.6590526
v -0.7800000 0.0000000 0.6620000
v -0.7690001 0.0000000 0.6590526
v -0.7609475 0.0000000 0.6510000
v -0.7580000 0.0000000 0.6400000
v -0.7609475 0.0000000 0.6290000
v -0.7690001 0.0000000 0.6209474
v -0.7800000 0.0000000 0.6180000
v -0.7910000 0.0000000 0.6209474
v -0.7990526 0.0000000 0.6290000
v -0.8015676 -0.0132114 0.6400000
v -0.7986264 -0.0130186 0.6510000
v -0.7905911 -0.0124920 0.6590526
v -0.7796146 -0.0117725 0.6620000
v -0.7686382 -0.0110531 0.6590526
v -0.7606028 -0.0105264 0.6510000
v -0.7576618 -0.0103337 0.6400000
v -0.7606028 -0.0105264 0.6290000
v -0.7686382 -0.0110531 0.6209474
v -0.7796146 -0.0117725 0.6180000
v -0.7905911 -0.0124920 0.6209474
v -0.7986264 -0.0130186 0.6290000
v -0.8002719 -0.0263663 0.6400000
v -0.7973497 -0.0259816 0.6510000
v -0.7893660 -0.0249305 0.6590526
v -0.7784601 -0.0234947 0.6620000
v -0.7675542 -0.0220589 0.6590526
v -0.7595705 -0.0210079 0.6510000
v -0.7566483 -0.0206232 0.6400000
v -0.7595705 -0.0210079 0.6290000
v -0.7675542 -0.0220589 0.6209474
v -0.7784601 -0.0234947 0.6180000
v -0.7893660 -0.0249305 0.6209474
v -0.7973497 -0.0259816 0.6290000
v -0.7981187 -0.0394082 0.6400000
v -0.7952279 -0.0388332 0.6510000
v -0.7873300 -0.0372623 0.6590526
v -0.7765414 -0.0351163 0.6620000
v -0.7657527 -0.0329703 0.6590526
v -0.7578549 -0.0313993 0.6510000
v -0.7549641 -0.0308243 0.6400000
v -0.7578549 -0.0313993 0.6290000
v -0.7657527 -0.0329703 0.6209474
v -0.7765414 -0.0351163 0.6180000
v -0.7873300 -0.0372623 0.6209474
v -0.7952279 -0.0388332 0.6290000
v -0.7951170 -0.0522814 0.6400000
v -0.7922701 -0.0515186 0.6510000
v -0.7844919 -0.0494344 0.6590526
v -0.7738667 -0.0465874 0.6620000
v -0.7632415 -0.0437404 0.6590526
v -0.7554633 -0.0416562 0.6510000
v -0.7526163 -0.0408934 0.6400000
v -0.7554633 -0.0416562 0.6290000
v -0.7632415 -0.0437404 0.6209474
v -0.7738667 -0.0465874 0.6180000
v -0.7844919 -0.0494344 0.6209474
v -0.7922701 -0.0515186 0.6290000
v -0.7912799 -0.0649307 0.6400000
v -0.7884889 -0.0639833 0.6510000
v -0.7808637 -0.0613949 0.6590526
v -0.7704475 -0.0578591 0.6620000
v -0.7600312 -0.0543232 0.6590526
v -0.7524060 -0.0517348 0.6510000
v -0.7496150 -0.0507874 0.6400000
v -0.7524060 -0.0517348 0.6290000
v -0.7600312 -0.0543232 0.6209474
v -0.7704475 -0.0578591 0.6180000
v -0.7808637 -0.0613949 0.6209474
v -0.7884889 -0.0639833 0.6290000
v -0.7866237 -0.0773020 0.6400000
v -0.7839006 -0.0761741 0.6510000
v -0.7764611 -0.0730925 0.6590526
v -0.7662984 -0.0688830 0.6620000
v -0.7561357 -0.0646734 0.6590526
v -0.7486961 -0.0615919 0.6510000
v -0.7459730 -0.0604639 0.6400000
v -0.7486961 -0.0615919 0.6290000
v -0.7561357 -0.0646734 0.6209474
v -0.7662984 -0.0688830 0.6180000
v -0.7764611 -0.0730925 0.6209474
v -0.7839006 -0.0761741 0.6290000
v -0.7811683 -0.0893423 0.6400000
v -0.7785249 -0.0880387 0.6510000
v -0.7713027 -0.0844771 0.6590526
v -0.7614371 -0.0796120 0.6620000
v -0.7515715 -0.0747468 0.6590526
v -0.7443494 -0.0711852 0.6510000
v -0.7417059 -0.0698816 0.6400000
v -0.7443494 -0.0711852 0.6290000
v -0.7515715 -0.0747468 0.6209474
v -0.7614371 -0.0796120 0.6180000
v -0.7713027 -0.0844771 0.6209474
v -0.7785249 -0.0880387 0.6290000
v -0.7749372 -0.1010000 0.6400000
v -0.7723846 -0.0995262 0.6510000
v -0.7654109 -0.0955000 0.6590526
v -0.7558846 -0.0900000 0.6620000
v -0.7463583 -0.0845000 0.6590526
v -0.7393847 -0.0804737 0.6510000
v -0.7368321 -0.0790000 0.6400000
v -0.7393847 -0.0804737 0.6290000
v -0.7463583 -0.0845000 0.6209474
v -0.7558846 -0.0900000 0.6180000
v -0.7654109 -0.0955000 0.6209474
v -0.7723846 -0.0995262 0.6290000
v -0.7679569 -0.1122252 0.6400000
v -0.7655061 -0.1105877 0.6510000
v -0.7588107 -0.1061139 0.6590526
v -0.7496645 -0.1000027 0.6620000
v -0.7405184 -0.0938914 0.6590526
v -0.7338229 -0.0894176 0.6510000
v -0.7313722 -0.0877801 0.6400000
v -0.7338229 -0.0894176 0.6290000
v -0.7405184 -0.0938914 0.6209474
v -0.7496645 -0.1000027 0.6180000
v -0.7588107 -0.1061139 0.6209474
v -0.7655061 -0.1105877 0.6290000
v -0.7602574 -0.1229698 0.6400000
v -0.7579191 -0.1211755 0.6510000
v -0.7515305 -0.1162734 0.6590526
v -0.7428036 -0.1095771 0.6620000
v -0.7340767 -0.1028807 0.6590526
v -0.7276882 -0.0979786 0.6510000
v -0.7253498 -0.0961843 0.6400000
v -0.7276882 -0.0979786 0.6290000
v -0.7340767 -0.1028807 0.6209474
v -0.7428036 -0.1095771 0.6180000
v -0.7515305 -0.1162734 0.6209474
v -0.7579191 -0.1211755 0.6290000
v -0.7518717 -0.1331878 0.6400000
v -0.7496557 -0.1312445 0.6510000
v -0.7436014 -0.1259350 0.6590526
v -0.7353312 -0.1186822 0.6620000
v -0.7270610 -0.1114294 0.6590526
v -0.7210068 -0.1061200 0.6510000
v -0.7187907 -0.1041766 0.6400000
v -0.7210068 -0.1061200 0.6290000
v -0.7270610 -0.1114294 0.6209474
v -0.7353312 -0.1186822 0.6180000
v -0.7436014 -0.1259350 0.6209474
v -0.7496557 -0.1312445 0.6290000
v -0.7428356 -0.1428355 0.6400000
v -0.7407515 -0.1407514 0.6510000
v -0.7350575 -0.1350574 0.6590526
v -0.7272793 -0.1272792 0.6620000
v -0.7195011 -0.1195010 0.6590526
v -0.7138071 -0.1138070 0.6510000
v -0.7117229 -0.1117228 0.6400000
v -0.7138071 -0.1138070 0.6290000
v -0.7195011 -0.1195010 0.6209474
v -0.7272793 -0.1272792 0.6180000
v -0.7350575 -0.1350574 0.6209474
v -0.7407515 -0.1407514 0.6290000
v -0.7331879 -0.1518716 0.6400000
v -0.7312446 -0.1496556 0.6510000
v -0.7259352 -0.1436014 0.6590526
v -0.7186823 -0.1353311 0.6620000
v -0.7114295 -0.1270609 0.6590526
v -0.7061201 -0.1210067 0.6510000
v -0.7041767 -0.1187907 0.6400000
v -0.7061201 -0.1210067 0.6290000
v -0.7114295 -0.1270609 0.6209474
v -0.7186823 -0.1353311 0.6180000
v -0.7259352 -0.1436014 0.6209474
v -0.7312446 -0.1496556 0.6290000
v -0.7229699 -0.1602573 0.6400000
v -0.7211756 -0.1579190 0.6510000
v -0.7162735 -0.1515304 0.6590526
v -0.7095771 -0.1428035 0.6620000
v -0.7028808 -0.1340767 0.6590526
v -0.6979787 -0.1276881 0.6510000
v -0.6961844 -0.1253498 0.6400000
v -0.6979787 -0.1276881 0.6290000
v -0.7028808 -0.1340767 0.6209474
v -0.7095771 -0.1428035 0.6180000
v -0.7162735 -0.1515304 0.6209474
v -0.7211756 -0.1579190 0.6290000
v -0.7122253 -0.1679568 0.6400000
v -0.7105878 -0.1655061 0.6510000
v -0.7061141 -0.1588106 0.6590526
v -0.7000028 -0.1496645 0.6620000
v -0.6938915 -0.1405183 0.6590526
v -0.6894177 -0.1338228 0.6510000
v -0.6877802 -0.1313721 0.6400000
v -0.6894177 -0.1338228 0.6290000
v -0.6938915 -0.1405183 0.6209474
v -0.7000028 -0.1496645 0.6180000
v -0.7061141 -0.1588106 0.6209474
v -0.7105878 -0.1655061 0.6290000
v -0.7010000 -0.1749372 0.6400000
v -0.6995263 -0.1723846 0.6510000
v -0.6955000 -0.1654109 0.6590526
v -0.6900000 -0.1558846 0.6620000
v -0.6845000 -0.1463583 0.6590526
v -0.6804737 -0.1393846 0.6510000
v -0.6790000 -0.1368320 0.6400000
v -0.6804737 -0.1393846 0.6290000
v -0.6845000 -0.1463583 0.6209474
v -0.6900000 -0.1558846 0.6180000
v -0.6955000 -0.1654109 0.6209474
v -0.6995263 -0.1723846 0.6290000
v -0.6893423 -0.1811683 0.6400000
v -0.6880387 -0.1785248 0.6510000
v -0.6844772 -0.1713027 0.6590526
v -0.6796120 -0.1614371 0.6620000
v -0.6747468 -0.1515715 0.6590526
v -0.6711853 -0.1443494 0.6510000
v -0.6698816 -0.1417059 0.6400000
v -0.6711853 -0.1443494 0.6290000
v -0.6747468 -0.1515715 0.6209474
v -0.6796120 -0.1614371 0.6180000
v -0.6844772 -0.1713027 0.6209474
v -0.6880387 -0.1785248 0.6290000
v -0.6773021 -0.1866237 0.6400000
v -0.6761742 -0.1839006 0.6510000
v -0.6730926 -0.1764610 0.6590526
v -0.6688831 -0.1662983 0.6620000
v -0.6646736 -0.1561356 0.6590526
v -0.6615919 -0.1486961 0.6510000
v -0.6604640 -0.1459730 0.6400000
v -0.6615919 -0.1486961 0.6290000
v -0.6646736 -0.1561356 0.6209474
v -0.6688831 -0.1662983 0.6180000
v -0.6730926 -0.1764610 0.6209474
v -0.6761742 -0.1839006 0.6290000
v -0.6649308 -0.1912799 0.6400000
v -0.6639834 -0.1884889 0.6510000
v -0.6613950 -0.1808636 0.6590526
v -0.6578591 -0.1704474 0.6620000
v -0.6543233 -0.1600312 0.6590526
v -0.6517349 -0.1524060 0.6510000
v -0.6507875 -0.1496150 0.6400000
v -0.6517349 -0.1524060 0.6290000
v -0.6543233 -0.1600312 0.6209474
v -0.6578591 -0.1704474 0.6180000
v -0.6613950 -0.1808636 0.6209474
v -0.6639834 -0.1884889 0.6290000
v -0.6522815 -0.1951170 0.6400000
v -0.6515187 -0.1922700 0.6510000
v -0.6494345 -0.1844918 0.6590526
v -0.6465875 -0.1738666 0.6620000
v -0.6437405 -0.1632414 0.6590526
v -0.6416563 -0.1554633 0.6510000
v -0.6408935 -0.1526163 0.6400000
v -0.6416563 -0.1554633 0.6290000
v -0.6437405 -0.1632414 0.6209474
v -0.6465875 -0.1738666 0.6180000
v -0.6494345 -0.1844918 0.6209474
v -0.6515187 -0.1922700 0.6290000
v -0.6394083 -0.1981186 0.6400000
v -0.6388333 -0.1952278 0.6510000
v -0.6372623 -0.1873300 0.6590526
v -0.6351163 -0.1765413 0.6620000
v -0.6329704 -0.1657527 0.6590526
v -0.6313994 -0.1578549 0.6510000
v -0.6308244 -0.1549641 0.6400000
v -0.6313994 -0.1578549 0.6290000
v -0.6329704 -0.1657527 0.6209474
v -0.6351163 -0.1765413 0.6180000
v -0.6372623 -0.1873300 0.6209474
v -0.6388333 -0.1952278 0.6290000
v -0.6263664 -0.2002718 0.6400000
v -0.6259817 -0.1973496 0.6510000
v -0.6249306 -0.1893660 0.6590526
v -0.6234949 -0.1784601 0.6620000
v -0.6220590 -0.1675542 0.6590526
v -0.6210080 -0.1595705 0.6510000
v -0.6206232 -0.1566483 0.6400000
v -0.6210080 -0.1595705 0.6290000
v -0.6220590 -0.1675542 0.6209474
v -0.6234949 -0.1784601 0.6180000
v -0.6249306 -0.1893660 0.6209474
v -0.6259817 -0.1973496 0.6290000
v -0.6132114 -0.2015675 0.6400000
v -0.6130186 -0.1986264 0.6510000
v -0.6124920 -0.1905911 0.6590526
v -0.6117725 -0.1796146 0.6620000
v -0.6110531 -0.1686382 0.6590526
v -0.6105264 -0.1606028 0.6510000
v -0.6103337 -0.1576617 0.6400000
v -0.6105264 -0.1606028 0.6290000
v -0.6110531 -0.1686382 0.6209474
v -0.6117725 -0.1796146 0.6180000
v -0.6124920 -0.1905911 0.6209474
v -0.6130186 -0.1986264 0.6290000
v -0.6000000 -0.2020000 0.6400000
v -0.6000000 -0.1990526 0.6510000
v -0.6000000 -0.1910000 0.6590526
v -0.6000000 -0.1800000 0.6620000
v -0.6000000 -0.1690000 0.6590526
v -0.6000000 -0.1609474 0.6510000
v -0.6000000 -0.1580000 0.6400000
v -0.6000000 -0.1609474 0.6290000
v -0.6000000 -0.1690000 0.6209474
v -0.6000000 -0.1800000 0.6180000
v -0.6000000 -0.1910000 0.6209474
v -0.6000000 -0.1990526 0.6290000
v -0.5867886 -0.2015675 0.6400000
v -0.5869814 -0.1986264 0.6510000
v -0.5875080 -0.1905911 0.6590526
v -0.5882275 -0.1796146 0.6620000
v -0.5889469 -0.1686382 0.6590526
v -0.5894735 -0.1606028 0.6510000
v -0.5896664 -0.1576617 0.6400000
v -0.5894735 -0.1606028 0.6290000
v -0.5889469 -0.1686382 0.6209474
v -0.5882275 -0.1796146 0.6180000
v -0.5875080 -0.1905911 0.6209474
v -0.5869814 -0.1986264 0.6290000
v -0.5736338 -0.2002719 0.6400000
v -0.5740185 -0.1973497 0.6510000
v -0.5750695 -0.1893660 0.6590526
v -0.5765054 -0.1784601 0.6620000
v -0.5779411 -0.1675542 0.6590526
v -0.5789922 -0.1595705 0.6510000
v -0.5793769 -0.1566483 0.6400000
v -0.5789922 -0.1595705 0.6290000
v -0.5779411 -0.1675542 0.6209474
v -0.5765054 -0.1784601 0.6180000
v -0.5750695 -0.1893660 0.6209474
v -0.5740185 -0.1973497 0.6290000
v -0.5605918 -0.1981187 0.6400000
v -0.5611669 -0.1952278 0.6510000
v -0.5627378 -0.1873300 0.6590526
v -0.5648838 -0.1765414 0.6620000
v -0.5670298 -0.1657527 0.6590526
v -0.5686008 -0.1578549 0.6510000
v -0.5691758 -0.1549641 0.6400000
v -0.5686008 -0.1578549 0.6290000
v -0.5670298 -0.1657527 0.6209474
v -0.5648838 -0.1765414 0.6180000
v -0.5627378 -0.1873300 0.6209474
v -0.5611669 -0.1952278 0.6290000
v -0.5477186 -0.1951170 0.6400000
v -0.5484815 -0.1922700 0.6510000
v -0.5505657 -0.1844919 0.6590526
v -0.5534127 -0.1738667 0.6620000
v -0.5562597 -0.1632415 0.6590526
v -0.5583438 -0.1554633 0.6510000
v -0.5591067 -0.1526163 0.6400000
v -0.5583438 -0.1554633 0.6290000
v -0.5562597 -0.1632415 0.6209474
v -0.5534127 -0.1738667 0.6180000
v -0.5505657 -0.1844919 0.6209474
v -0.5484815 -0.1922700 0.6290000
v -0.5350693 -0.1912799 0.6400000
v -0.5360168 -0.1884889 0.6510000
v -0.5386052 -0.1808637 0.6590526
v -0.5421410 -0.1704475 0.6620000
v -0.5456768 -0.1600312 0.6590526
v -0.5482653 -0.1524060 0.6510000
v -0.5492127 -0.1496150 0.6400000
v -0.5482653 -0.1524060 0.6290000
v -0.5456768 -0.1600312 0.6209474
v -0.5421410 -0.1704475 0.6180000
v -0.5386052 -0.1808637 0.6209474
v -0.5360168 -0.1884889 0.6290000
v -0.5226979 -0.1866236 0.6400000
v -0.5238259 -0.1839006 0.6510000
v -0.5269074 -0.1764610 0.6590526
v -0.5311170 -0.1662983 0.6620000
v -0.5353265 -0.1561356 0.6590526
v -0.5384080 -0.1486960 0.6510000
v -0.5395360 -0.1459730 0.6400000
v -0.5384080 -0.1486960 0.6290000
v -0.5353265 -0.1561356 0.6209474
v -0.5311170 -0.1662983 0.6180000
v -0.5269074 -0.1764610 0.6209474
v -0.5238259 -0.1839006 0.6290000
v -0.5106577 -0.1811683 0.6400000
v -0.5119613 -0.1785248 0.6510000
v -0.5155228 -0.1713027 0.6590526
v -0.5203880 -0.1614371 0.6620000
v -0.5252532 -0.1515715 0.6590526
v -0.5288148 -0.1443494 0.6510000
v -0.5301184 -0.1417059 0.6400000
v -0.5288148 -0.1443494 0.6290000
v -0.5252532 -0.1515715 0.6209474
v -0.5203880 -0.1614371 0.6180000
v -0.5155228 -0.1713027 0.6209474
v -0.5119613 -0.1785248 0.6290000
v -0.4990000 -0.1749371 0.6400000
v -0.5004737 -0.1723846 0.6510000
v -0.5045000 -0.1654109 0.6590526
v -0.5100001 -0.1558846 0.6620000
v -0.5155000 -0.1463583 0.6590526
v -0.5195263 -0.1393846 0.6510000
v -0.5210000 -0.1368320 0.6400000
v -0.5195263 -0.1393846 0.6290000
v -0.5155000 -0.1463583 0.6209474
v -0.5100001 -0.1558846 0.6180000
v -0.5045000 -0.1654109 0.6209474
v -0.5004737 -0.1723846 0.6290000
v -0.4877748 -0.1679569 0.6400000
v -0.4894124 -0.1655062 0.6510000
v -0.4938861 -0.1588107 0.6590526
v -0.4999974 -0.1496646 0.6620000
v -0.5061086 -0.1405184 0.6590526
v -0.5105824 -0.1338229 0.6510000
v -0.5122200 -0.1313722 0.6400000
v -0.5105824 -0.1338229 0.6290000
v -0.5061086 -0.1405184 0.6209474
v -0.4999974 -0.1496646 0.6180000
v -0.4938861 -0.1588107 0.6209474
v -0.4894124 -0.1655062 0.6290000
v -0.4770303 -0.1602574 0.6400000
v -0.4788246 -0.1579190 0.6510000
v -0.4837266 -0.1515305 0.6590526
v -0.4904230 -0.1428036 0.6620000
v -0.4971194 -0.1340767 0.6590526
v -0.5020215 -0.1276882 0.6510000
v -0.5038158 -0.1253499 0.6400000
v -0.5020215 -0.1276882 0.6290000
v -0.4971194 -0.1340767 0.6209474
v -0.4904230 -0.1428036 0.6180000
v -0.4837266 -0.1515305 0.6209474
v -0.4788246 -0.1579190 0.6290000
v -0.4668122 -0.1518717 0.6400000
v -0.4687556 -0.1496557 0.6510000
v -0.4740650 -0.1436015 0.6590526
v -0.4813178 -0.1353312 0.6620000
v -0.4885706 -0.1270610 0.6590526
v -0.4938800 -0.1210067 0.6510000
v -0.4958234 -0.1187907 0.6400000
v -0.4938800 -0.1210067 0.6290000
v -0.4885706 -0.1270610 0.6209474
v -0.4813178 -0.1353312 0.6180000
v -0.4740650 -0.1436015 0.6209474
v -0.4687556 -0.1496557 0.6290000
v -0.4571645 -0.1428357 0.6400000
v -0.4592487 -0.1407515 0.6510000
v -0.4649427 -0.1350575 0.6590526
v -0.4727209 -0.1272793 0.6620000
v -0.4804990 -0.1195011 0.6590526
v -0.4861931 -0.1138071 0.6510000
v -0.4882772 -0.1117229 0.6400000
v -0.4861931 -0.1138071 0.6290000
v -0.4804990 -0.1195011 0.6209474
v -0.4727209 -0.1272793 0.6180000
v -0.4649427 -0.1350575 0.6209474
v -0.4592487 -0.1407515 0.6290000
v -0.4481283 -0.1331878 0.6400000
v -0.4503443 -0.1312444 0.6510000
v -0.4563986 -0.1259350 0.6590526
v -0.4646688 -0.1186822 0.6620000
v -0.4729391 -0.1114294 0.6590526
v -0.4789933 -0.1061200 0.6510000
v -0.4812093 -0.1041766 0.6400000
v -0.4789933 -0.1061200 0.6290000
v -0.4729391 -0.1114294 0.6209474
v -0.4646688 -0.1186822 0.6180000
v -0.4563986 -0.1259350 0.6209474
v -0.4503443 -0.1312444 0.6290000
v -0.4397426 -0.1229698 0.6400000
v -0.4420810 -0.1211755 0.6510000
v -0.4484695 -0.1162734 0.6590526
v -0.4571964 -0.1095770 0.6620000
v -0.4659233 -0.1028807 0.6590526
v -0.4723118 -0.0979786 0.6510000
v -0.4746502 -0.0961843 0.6400000
v -0.4723118 -0.0979786 0.6290000
v -0.4659233 -0.1028807 0.6209474
v -0.4571964 -0.1095770 0.6180000
v -0.4484695 -0.1162734 0.6209474
v -0.4420810 -0.1211755 0.6290000
v -0.4320432 -0.1122252 0.6400000
v -0.4344939 -0.1105877 0.6510000
v -0.4411893 -0.1061139 0.6590526
v -0.4503355 -0.1000026 0.6620000
v -0.4594817 -0.0938914 0.6590526
v -0.4661771 -0.0894176 0.6510000
v -0.4686278 -0.0877801 0.6400000
v -0.4661771 -0.0894176 0.6290000
v -0.4594817 -0.0938914 0.6209474
v -0.4503355 -0.1000026 0.6180000
v -0.4411893 -0.1061139 0.6209474
v -0.4344939 -0.1105877 0.6290000
v -0.4250629 -0.1010000 0.6400000
v -0.4276155 -0.0995263 0.6510000
v -0.4345892 -0.0955000 0.6590526
v -0.4441155 -0.0900000 0.6620000
v -0.4536417 -0.0845000 0.6590526
v -0.4606155 -0.0804737 0.6510000
v -0.4631680 -0.0790000 0.6400000
v -0.4606155 -0.0804737 0.6290000
v -0.4536417 -0.0845000 0.6209474
v -0.4441155 -0.0900000 0.6180000
v -0.4345892 -0.0955000 0.6209474
v -0.4276155 -0.0995263 0.6290000
v -0.4188318 -0.0893424 0.6400000
v -0.4214752 -0.0880387 0.6510000
v -0.4286973 -0.0844772 0.6590526
v -0.4385629 -0.0796120 0.6620000
v -0.4484285 -0.0747468 0.6590526
v -0.4556507 -0.0711853 0.6510000
v -0.4582942 -0.0698817 0.6400000
v -0.4556507 -0.0711853 0.6290000
v -0.4484285 -0.0747468 0.6209474
v -0.4385629 -0.0796120 0.6180000
v -0.4286973 -0.0844772 0.6209474
v -0.4214752 -0.0880387 0.6290000
v -0.4133764 -0.0773021 0.6400000
v -0.4160995 -0.0761742 0.6510000
v -0.4235390 -0.0730926 0.6590526
v -0.4337017 -0.0688831 0.6620000
v -0.4438644 -0.0646736 0.6590526
v -0.4513040 -0.0615920 0.6510000
v -0.4540271 -0.0604640 0.6400000
v -0.4513040 -0.0615920 0.6290000
v -0.4438644 -0.0646736 0.6209474
v -0.4337017 -0.0688831 0.6180000
v -0.4235390 -0.0730926 0.6209474
v -0.4160995 -0.0761742 0.6290000
v -0.4087202 -0.0649309 0.6400000
v -0.4115112 -0.0639835 0.6510000
v -0.4191364 -0.0613950 0.6590526
v -0.4295526 -0.0578592 0.6620000
v -0.4399689 -0.0543234 0.6590526
v -0.4475941 -0.0517349 0.6510000
v -0.4503851 -0.0507875 0.6400000
v -0.4475941 -0.0517349 0.6290000
v -0.4399689 -0.0543234 0.6209474
v -0.4295526 -0.0578592 0.6180000
v -0.4191364 -0.0613950 0.6209474
v -0.4115112 -0.0639835 0.6290000
v -0.4048830 -0.0522814 0.6400000
v -0.4077300 -0.0515185 0.6510000
v -0.4155082 -0.0494344 0.6590526
v -0.4261334 -0.0465874 0.6620000
v -0.4367585 -0.0437404 0.6590526
v -0.4445367 -0.0416562 0.6510000
v -0.4473837 -0.0408934 0.6400000
v -0.4445367 -0.0416562 0.6290000
v -0.4367585 -0.0437404 0.6209474
v -0.4261334 -0.0465874 0.6180000
v -0.4155082 -0.0494344 0.6209474
v -0.4077300 -0.0515185 0.6290000
v -0.4018814 -0.0394082 0.6400000
v -0.4047722 -0.0388332 0.6510000
v -0.4126700 -0.0372622 0.6590526
v -0.4234587 -0.0351162 0.6620000
v -0.4342473 -0.0329702 0.6590526
v -0.4421451 -0.0313993 0.6510000
v -0.4450359 -0.0308242 0.6400000
v -0.4421451 -0.0313993 0.6290000
v -0.4342473 -0.0329702 0.6209474
v -0.4234587 -0.0351162 0.6180000
v -0.4126700 -0.0372622 0.6209474
v -0.4047722 -0.0388332 0.6290000
v -0.3997281 -0.0263663 0.6400000
v -0.4026504 -0.0259816 0.6510000
v -0.4106340 -0.0249305 0.6590526
v -0.4215399 -0.0234947 0.6620000
v -0.4324458 -0.0220589 0.6590526
v -0.4404295 -0.0210079 0.6510000
v -0.4433517 -0.0206231 0.6400000
v -0.4404295 -0.0210079 0.6290000
v -0.4324458 -0.0220589 0.6209474
v -0.4215399 -0.0234947 0.6180000
v -0.4106340 -0.0249305 0.6209474
v -0.4026504 -0.0259816 0.6290000
v -0.3984325 -0.0132115 0.6400000
v -0.4013736 -0.0130187 0.6510000
v -0.4094090 -0.0124920 0.6590526
v -0.4203854 -0.0117726 0.6620000
v -0.4313619 -0.0110531 0.6590526
v -0.4393972 -0.0105265 0.6510000
v -0.4423383 -0.0103337 0.6400000
v -0.4393972 -0.0105265 0.6290000
v -0.4313619 -0.0110531 0.6209474
v -0.4203854 -0.0117726 0.6180000
v -0.4094090 -0.0124920 0.6209474
v -0.4013736 -0.0130187 0.6290000
f 817 829 830
f 817 830 818
f 818 830 831
f 818 831 819
f 819 831 832
f 819 832 820
f 820 832 833
f 820 833 821
f 821 833 834
f 821 834 822
f 822 834 835
f 822 835 823
f 823 835 836
f 823 836 824
f 824 836 837
f 824 837 825
f 825 837 838
f 825 838 826
f 826 838 839
f 826 839 827
f 827 839 840
f 827 840 828
f 828 840 829
f 828 829 817
f 829 841 842
f 829 842 830
f 830 842 843
f 830 843 831
f 831 843 844
f 831 844 832
f 832 844 845
f 832 845 833
f 833 845 846
f 833 846 834
f 834 846 847
f 834 847 835
f 835 847 848
f 835 848 836
f 836 848 849
f 836 849 837
f 837 849 850
f 837 850 838
f 838 850 851
f 838 851 839
f 839 851 852
f 839 852 840
f 840 852 841
f 840 841 829
f 841 853 854
f 841 854 842
f 842 854 855
f 842 855 843
f 843 855 856
f 843 856 844
f 844 856 857
f 844 857 845
f 845 857 858
f 845 858 846
f 846 858 859
f 846 859 847
f 847 859 860
f 847 860 848
f 848 860 861
f 848 861 849
f 849 861 862
f 849 862 850
f 850 862 863
f 850 863 851
f 851 863 864
f 851 864 852
f 852 864 853
f 852 853 841
f 853 865 866
f 853 866 854
f 854 866 867
f 854 867 855
f 855 867 868
f 855 868 856
f 856 868 869
f 856 869 857
f 857 869 870
f 857 870 858
f 858 870 871
f 858 871 859
f 859 871 872
f 859 872 860
f 860 872 873
f 860 873 861
f 861 873 874
f 861 874 862
f 862 874 875
f 862 875 863
f 863 875 876
f 863 876 864
f 864 876 865
f 864 865 853
f 865 877 878
f 865 878 866
f 866 878 879
f 866 879 867
f 867 879 880
f 867 880 868
f 868 880 881
f 868 881 869
f 869 881 882
f 869 882 870
f 870 882 883
f 870 883 871
f 871 883 884
f 871 884 872
f 872 884 885
f 872 885 873
f 873 885 886
f 873 886 874
f 874 886 887
f 874 887 875
f 875 887 888
f 875 888 876
f 876 888 877
f 876 877 865
f 877 889 890
f 877 890 878
f 878 890 891
f 878 891 879
f 879 891 892
f 879 892 880
f 880 892 893
f 880 893 881
f 881 893 894
f 881 894 882
f 882 894 895
f 882 895 883
f 883 895 896
f 883 896 884
f 884 896 897
f 884 897 885
f 885 897 898
f 885 898 886
f 886 898 899
f 886 899 887
f 887 899 900
f 887 900 888
f 888 900 889
f 888 889 877
f 889 901 902
f 889 902 890
f 890 902 903
f 890 903 891
f 891 903 904
f 891 904 892
f 892 904 905
f 892 905 893
f 893 905 906
f 893 906 894
f 894 906 907
f 894 907 895
f 895 907 908
f 895 908 896
f 896 908 909
f 896 909 897
f 897 909 910
f 897 910 898
f 898 910 911
f 898 911 899
f 899 911 912
f 899 912 900
f 900 912 901
f 900 901 889
f 901 913 914
f 901 914 902
f 902 914 915
f 902 915 903
f 903 915 916
f 903 916 904
f 904 916 917
f 904 917 905
f 905 917 918
f 905 918 906
f 906 918 919
f 906 919 907
f 907 919 920
f 907 920 908
f 908 920 921
f 908 921 909
f 909 921 922
f 909 922 910
f 910 922 923
f 910 923 911
f 911 923 924
f 911 924 912
f 912 924 913
f 912 913 901
f 913 925 926
f 913 926 914
f 914 926 927
f 914 927 915
f 915 927 928
f 915 928 916
f 916 928 929
f 916 929 917
f 917 929 930
f 917 930 918
f 918 930 931
f 918 931 919
f 919 931 932
f 919 932 920
f 920 932 933
f 920 933 921
f 921 933 934
f 921 934 922
f 922 934 935
f 922 935 923
f 923 935 936
f 923 936 924
f 924 936 925
f 924 925 913
f 925 937 938
f 925 938 926
f 926 938 939
f 926 939 927
f 927 939 940
f 927 940 928
f 928 940 941
f 928 941 929
f 929 941 942
f 929 942 930
f 930 942 943
f 930 943 931
f 931 943 944
f 931 944 932
f 932 944 945
f 932 945 933
f 933 945 946
f 933 946 934
f 934 946 947
f 934 947 935
f 935 947 948
f 935 948 936
f 936 948 937
f 936 937 925
f 937 949 950
f 937 950 938
f 938 950 951
f 938 951 939
f 939 951 952
f 939 952 940
f 940 952 953
f 940 953 941
f 941 953 954
f 941 954 942
f 942 954 955
f 942 955 943
f 943 955 956
f 943 956 944
f 944 956 957
f 944 957 945
f 945 957 958
f 945 958 946
f 946 958 959
f 946 959 947
f 947 959 960
f 947 960 948
f 948 960 949
f 948 949 937
f 949 961 962
f 949 962 950
f 950 962 963
f 950 963 951
f 951 963 964
f 951 964 952
f 952 964 965
f 952 965 953
f 953 965 966
f 953 966 954
f 954 966 967
f 954 967 955
f 955 967 968
f 955 968 956
f 956 968 969
f 956 969 957
f 957 969 970
f 957 970 958
f 958 970 971
f 958 971 959
f 959 971 972
f 959 972 960
f 960 972 961
f 960 961 949
f 961 973 974
f 961 974 962
f 962 974 975
f 962 975 963
f 963 975 976
f 963 976 964
f 964 976 977
f 964 977 965
f 965 977 978
f 965 978 966
f 966 978 979
f 966 979 967
f 967 979 980
f 967 980 968
f 968 980 981
f 968 981 969
f 969 981 982
f 969 982 970
f 970 982 983
f 970 983 971
f 971 983 984
f 971 984 972
f 972 984 973
f 972 973 961
f 973 985 986
f 973 986 974
f 974 986 987
f 974 987 975
f 975 987 988
f 975 988 976
f 976 988 989
f 976 989 977
f 977 989 990
f 977 990 978
f 978 990 991
f 978 991 979
f 979 991 992
f 979 992 980
f 980 992 993
f 980 993 981
f 981 993 994
f 981 994 982
f 982 994 995
f 982 995 983
f 983 995 996
f 983 996 984
f 984 996 985
f 984 985 973
f 985 997 998
f 985 998 986
f 986 998 999
f 986 999 987
f 987 999 1000
f 987 1000 988
f 988 1000 1001
f 988 1001 989
f 989 1001 1002
f 989 1002 990
f 990 1002 1003
f 990 1003 991
f 991 1003 1004
f 991 1004 992
f 992 1004 1005
f 992 1005 993
f 993 1005 1006
f 993 1006 994
f 994 1006 1007
f 994 1007 995
f 995 1007 1008
f 995 1008 996
f 996 1008 997
f 996 997 985
f 997 1009 1010
f 997 1010 998
f 998 1010 1011
f 998 1011 999
f 999 1011 1012
f 999 1012 1000
f 1000 1012 1013
f 1000 1013 1001
f 1001 1013 1014
f 1001 1014 1002
f 1002 1014 1015
f 1002 1015 1003
f 1003 1015 1016
f 1003 1016 1004
f 1004 1016 1017
f 1004 1017 1005
f 1005 1017 1018
f 1005 1018 1006
f 1006 1018 1019
f 1006 1019 1007
f 1007 1019 1020
f 1007 1020 1008
f 1008 1020 1009
f 1008 1009 997
f 1009 1021 1022
f 1009 1022 1010
f 1010 1022 1023
f 1010 1023 1011
f 1011 1023 1024
f 1011 1024 1012
f 1012 1024 1025
f 1012 1025 1013
f 1013 1025 1026
f 1013 1026 1014
f 1014 1026 1027
f 1014 1027 1015
f 1015 1027 1028
f 1015 1028 1016
f 1016 1028 1029
f 1016 1029 1017
f 1017 1029 1030
f 1017 1030 1018
f 1018 1030 1031
f 1018 1031 1019
f 1019 1031 1032
f 1019 1032 1020
f 1020 1032 1021
f 1020 1021 1009
f 1021 1033 1034
f 1021 1034 1022
f 1022 1034 1035
f 1022 1035 1023
f 1023 1035 1036
f 1023 1036 1024
f 1024 1036 1037
f 1024 1037 1025
f 1025 1037 1038
f 1025 1038 1026
f 1026 1038 1039
f 1026 1039 1027
f 1027 1039 1040
f 1027 1040 1028
f 1028 1040 1041
f 1028 1041 1029
f 1029 1041 1042
f 1029 1042 1030
f 1030 1042 1043
f 1030 1043 1031
f 1031 1043 1044
f 1031 1044 1032
f 1032 1044 1033
f 1032 1033 1021
f 1033 1045 1046
f 1033 1046 1034
f 1034 1046 1047
f 1034 1047 1035
f 1035 1047 1048
f 1035 1048 1036
f 1036 1048 1049
f 1036 1049 1037
f 1037 1049 1050
f 1037 1050 1038
f 1038 1050 1051
f 1038 1051 1039
f 1039 1051 1052
f 1039 1052 1040
f 1040 1052 1053
f 1040 1053 1041
f 1041 1053 1054
f 1041 1054 1042
f 1042 1054 1055
f 1042 1055 1043
f 1043 1055 1056
f 1043 1056 1044
f 1044 1056 1045
f 1044 1045 1033
f 1045 1057 1058
f 1045 1058 1046
f 1046 1058 1059
f 1046 1059 1047
f 1047 1059 1060
f 1047 1060 1048
f 1048 1060 1061
f 1048 1061 1049
f 1049 1061 1062
f 1049 1062 1050
f 1050 1062 1063
f 1050 1063 1051
f 1051 1063 1064
f 1051 1064 1052
f 1052 1064 1065
f 1052 1065 1053
f 1053 1065 1066
f 1053 1066 1054
f 1054 1066 1067
f 1054 1067 1055
f 1055 1067 1068
f 1055 1068 1056
f 1056 1068 1057
f 1056 1057 1045
f 1057 1069 1070
f 1057 1070 1058
f 1058 1070 1071
f 1058 1071 1059
f 1059 1071 1072
f 1059 1072 1060
f 1060 1072 1073
f 1060 1073 1061
f 1061 1073 1074
f 1061 1074 1062
f 1062 1074 1075
f 1062 1075 1063
f 1063 1075 1076
f 1063 1076 1064
f 1064 1076 1077
f 1064 1077 1065
f 1065 1077 1078
f 1065 1078 1066
f 1066 1078 1079
f 1066 1079 1067
f 1067 1079 1080
f 1067 1080 1068
f 1068 1080 1069
f 1068 1069 1057
f 1069 1081 1082
f 1069 1082 1070
f 1070 1082 1083
f 1070 1083 1071
f 1071 1083 1084
f 1071 1084 1072
f 1072 1084 1085
f 1072 1085 1073
f 1073 1085 1086
f 1073 1086 1074
f 1074 1086 1087
f 1074 1087 1075
f 1075 1087 1088
f 1075 1088 1076
f 1076 1088 1089
f 1076 1089 1077
f 1077 1089 1090
f 1077 1090 1078
f 1078 1090 1091
f 1078 1091 1079
f 1079 1091 1092
f 1079 1092 1080
f 1080 1092 1081
f 1080 1081 1069
f 1081 1093 1094
f 1081 1094 1082
f 1082 1094 1095
f 1082 1095 1083
f 1083 1095 1096
f 1083 1096 1084
f 1084 1096 1097
f 1084 1097 1085
f 1085 1097 1098
f 1085 1098 1086
f 1086 1098 1099
f 1086 1099 1087
f 1087 1099 1100
f 1087 1100 1088
f 1088 1100 1101
f 1088 1101 1089
f 1089 1101 1102
f 1089 1102 1090
f 1090 1102 1103
f 1090 1103 1091
f 1091 1103 1104
f 1091 1104 1092
f 1092 1104 1093
f 1092 1093 1081
f 1093 1105 1106
f 1093 1106 1094
f 1094 1106 1107
f 1094 1107 1095
f 1095 1107 1108
f 1095 1108 1096
f 1096 1108 1109
f 1096 1109 1097
f 1097 1109 1110
f 1097 1110 1098
f 1098 1110 1111
f 1098 1111 1099
f 1099 1111 1112
f 1099 1112 1100
f 1100 1112 1113
f 1100 1113 1101
f 1101 1113 1114
f 1101 1114 1102
f 1102 1114 1115
f 1102 1115 1103
f 1103 1115 1116
f 1103 1116 1104
f 1104 1116 1105
f 1104 1105 1093
f 1105 1117 1118
f 1105 1118 1106
f 1106 1118 1119
f 1106 1119 1107
f 1107 1119 1120
f 1107 1120 1108
f 1108 1120 1121
f 1108 1121 1109
f 1109 1121 1122
f 1109 1122 1110
f 1110 1122 1123
f 1110 1123 1111
f 1111 1123 1124
f 1111 1124 1112
f 1112 1124 1125
f 1112 1125 1113
f 1113 1125 1126
f 1113 1126 1114
f 1114 1126 1127
f 1114 1127 1115
f 1115 1127 1128
f 1115 1128 1116
f 1116 1128 1117
f 1116 1117 1105
f 1117 1129 1130
f 1117 1130 1118
f 1118 1130 1131
f 1118 1131 1119
f 1119 1131 1132
f 1119 1132 1120
f 1120 1132 1133
f 1120 1133 1121
f 1121 1133 1134
f 1121 1134 1122
f 1122 1134 1135
f 1122 1135 1123
f 1123 1135 1136
f 1123 1136 1124
f 1124 1136 1137
f 1124 1137 1125
f 1125 1137 1138
f 1125 1138 1126
f 1126 1138 1139
f 1126 1139 1127
f 1127 1139 1140
f 1127 1140 1128
f 1128 1140 1129
f 1128 1129 1117
f 1129 1141 1142
f 1129 1142 1130
f 1130 1142 1143
f 1130 1143 1131
f 1131 1143 1144
f 1131 1144 1132
f 1132 1144 1145
f 1132 1145 1133
f 1133 1145 1146
f 1133 1146 1134
f 1134 1146 1147
f 1134 1147 1135
f 1135 1147 1148
f 1135 1148 1136
f 1136 1148 1149
f 1136 1149 1137
f 1137 1149 1150
f 1137 1150 1138
f 1138 1150 1151
f 1138 1151 1139
f 1139 1151 1152
f 1139 1152 1140
f 1140 1152 1141
f 1140 1141 1129
f 1141 1153 1154
f 1141 1154 1142
f 1142 1154 1155
f 1142 1155 1143
f 1143 1155 1156
f 1143 1156 1144
f 1144 1156 1157
f 1144 1157 1145
f 1145 1157 1158
f 1145 1158 1146
f 1146 1158 1159
f 1146 1159 1147
f 1147 1159 1160
f 1147 1160 1148
f 1148 1160 1161
f 1148 1161 1149
f 1149 1161 1162
f 1149 1162 1150
f 1150 1162 1163
f 1150 1163 1151
f 1151 1163 1164
f 1151 1164 1152
f 1152 1164 1153
f 1152 1153 1141
f 1153 1165 1166
f 1153 1166 1154
f 1154 1166 1167
f 1154 1167 1155
f 1155 1167 1168
f 1155 1168 1156
f 1156 1168 1169
f 1156 1169 1157
f 1157 1169 1170
f 1157 1170 1158
f 1158 1170 1171
f 1158 1171 1159
f 1159 1171 1172
f 1159 1172 1160
f 1160 1172 1173
f 1160 1173 1161
f 1161 1173 1174
f 1161 1174 1162
f 1162 1174 1175
f 1162 1175 1163
f 1163 1175 1176
f 1163 1176 1164
f 1164 1176 1165
f 1164 1165 1153
f 1165 1177 1178
f 1165 1178 1166
f 1166 1178 1179
f 1166 1179 1167
f 1167 1179 1180
f 1167 1180 1168
f 1168 1180 1181
f 1168 1181 1169
f 1169 1181 1182
f 1169 1182 1170
f 1170 1182 1183
f 1170 1183 1171
f 1171 1183 1184
f 1171 1184 1172
f 1172 1184 1185
f 1172 1185 1173
f 1173 1185 1186
f 1173 1186 1174
f 1174 1186 1187
f 1174 1187 1175
f 1175 1187 1188
f 1175 1188 1176
f 1176 1188 1177
f 1176 1177 1165
f 1177 1189 1190
f 1177 1190 1178
f 1178 1190 1191
f 1178 1191 1179
f 1179 1191 1192
f 1179 1192 1180
f 1180 1192 1193
f 1180 1193 1181
f 1181 1193 1194
f 1181 1194 1182
f 1182 1194 1195
f 1182 1195 1183
f 1183 1195 1196
f 1183 1196 1184
f 1184 1196 1197
f 1184 1197 1185
f 1185 1197 1198
f 1185 1198 1186
f 1186 1198 1199
f 1186 1199 1187
f 1187 1199 1200
f 1187 1200 1188
f 1188 1200 1189
f 1188 1189 1177
f 1189 1201 1202
f 1189 1202 1190
f 1190 1202 1203
f 1190 1203 1191
f 1191 1203 1204
f 1191 1204 1192
f 1192 1204 1205
f 1192 1205 1193
f 1193 1205 1206
f 1193 1206 1194
f 1194 1206 1207
f 1194 1207 1195
f 1195 1207 1208
f 1195 1208 1196
f 1196 1208 1209
f 1196 1209 1197
f 1197 1209 1210
f 1197 1210 1198
f 1198 1210 1211
f 1198 1211 1199
f 1199 1211 1212
f 1199 1212 1200
f 1200 1212 1201
f 1200 1201 1189
f 1201 1213 1214
f 1201 1214 1202
f 1202 1214 1215
f 1202 1215 1203
f 1203 1215 1216
f 1203 1216 1204
f 1204 1216 1217
f 1204 1217 1205
f 1205 1217 1218
f 1205 1218 1206
f 1206 1218 1219
f 1206 1219 1207
f 1207 1219 1220
f 1207 1220 1208
f 1208 1220 1221
f 1208 1221 1209
f 1209 1221 1222
f 1209 1222 1210
f 1210 1222 1223
f 1210 1223 1211
f 1211 1223 1224
f 1211 1224 1212
f 1212 1224 1213
f 1212 1213 1201
f 1213 1225 1226
f 1213 1226 1214
f 1214 1226 1227
f 1214 1227 1215
f 1215 1227 1228
f 1215 1228 1216
f 1216 1228 1229
f 1216 1229 1217
f 1217 1229 1230
f 1217 1230 1218
f 1218 1230 1231
f 1218 1231 1219
f 1219 1231 1232
f 1219 1232 1220
f 1220 1232 1233
f 1220 1233 1221
f 1221 1233 1234
f 1221 1234 1222
f 1222 1234 1235
f 1222 1235 1223
f 1223 1235 1236
f 1223 1236 1224
f 1224 1236 1225
f 1224 1225 1213
f 1225 1237 1238
f 1225 1238 1226
f 1226 1238 1239
f 1226 1239 1227
f 1227 1239 1240
f 1227 1240 1228
f 1228 1240 1241
f 1228 1241 1229
f 1229 1241 1242
f 1229 1242 1230
f 1230 1242 1243
f 1230 1243 1231
f 1231 1243 1244
f 1231 1244 1232
f 1232 1244 1245
f 1232 1245 1233
f 1233 1245 1246
f 1233 1246 1234
f 1234 1246 1247
f 1234 1247 1235
f 1235 1247 1248
f 1235 1248 1236
f 1236 1248 1237
f 1236 1237 1225
f 1237 1249 1250
f 1237 1250 1238
f 1238 1250 1251
f 1238 1251 1239
f 1239 1251 1252
f 1239 1252 1240
f 1240 1252 1253
f 1240 1253 1241
f 1241 1253 1254
f 1241 1254 1242
f 1242 1254 1255
f 1242 1255 1243
f 1243 1255 1256
f 1243 1256 1244
f 1244 1256 1257
f 1244 1257 1245
f 1245 1257 1258
f 1245 1258 1246
f 1246 1258 1259
f 1246 1259 1247
f 1247 1259 1260
f 1247 1260 1248
f 1248 1260 1249
f 1248 1249 1237
f 1249 1261 1262
f 1249 1262 1250
f 1250 1262 1263
f 1250 1263 1251
f 1251 1263 1264
f 1251 1264 1252
f 1252 1264 1265
f 1252 1265 1253
f 1253 1265 1266
f 1253 1266 1254
f 1254 1266 1267
f 1254 1267 1255
f 1255 1267 1268
f 1255 1268 1256
f 1256 1268 1269
f 1256 1269 1257
f 1257 1269 1270
f 1257 1270 1258
f 1258 1270 1271
f 1258 1271 1259
f 1259 1271 1272
f 1259 1272 1260
f 1260 1272 1261
f 1260 1261 1249
f 1261 1273 1274
f 1261 1274 1262
f 1262 1274 1275
f 1262 1275 1263
f 1263 1275 1276
f 1263 1276 1264
f 1264 1276 1277
f 1264 1277 1265
f 1265 1277 1278
f 1265 1278 1266
f 1266 1278 1279
f 1266 1279 1267
f 1267 1279 1280
f 1267 1280 1268
f 1268 1280 1281
f 1268 1281 1269
f 1269 1281 1282
f 1269 1282 1270
f 1270 1282 1283
f 1270 1283 1271
f 1271 1283 1284
f 1271 1284 1272
f 1272 1284 1273
f 1272 1273 1261
f 1273 1285 1286
f 1273 1286 1274
f 1274 1286 1287
f 1274 1287 1275
f 1275 1287 1288
f 1275 1288 1276
f 1276 1288 1289
f 1276 1289 1277
f 1277 1289 1290
f 1277 1290 1278
f 1278 1290 1291
f 1278 1291 1279
f 1279 1291 1292
f 1279 1292 1280
f 1280 1292 1293
f 1280 1293 1281
f 1281 1293 1294
f 1281 1294 1282
f 1282 1294 1295
f 1282 1295 1283
f 1283 1295 1296
f 1283 1296 1284
f 1284 1296 1285
f 1284 1285 1273
f 1285 1297 1298
f 1285 1298 1286
f 1286 1298 1299
f 1286 1299 1287
f 1287 1299 1300
f 1287 1300 1288
f 1288 1300 1301
f 1288 1301 1289
f 1289 1301 1302
f 1289 1302 1290
f 1290 1302 1303
f 1290 1303 1291
f 1291 1303 1304
f 1291 1304 1292
f 1292 1304 1305
f 1292 1305 1293
f 1293 1305 1306
f 1293 1306 1294
f 1294 1306 1307
f 1294 1307 1295
f 1295 1307 1308
f 1295 1308 1296
f 1296 1308 1297
f 1296 1297 1285
f 1297 1309 1310
f 1297 1310 1298
f 1298 1310 1311
f 1298 1311 1299
f 1299 1311 1312
f 1299 1312 1300
f 1300 1312 1313
f 1300 1313 1301
f 1301 1313 1314
f 1301 1314 1302
f 1302 1314 1315
f 1302 1315 1303
f 1303 1315 1316
f 1303 1316 1304
f 1304 1316 1317
f 1304 1317 1305
f 1305 1317 1318
f 1305 1318 1306
f 1306 1318 1319
f 1306 1319 1307
f 1307 1319 1320
f 1307 1320 1308
f 1308 1320 1309
f 1308 1309 1297
f 1309 1321 1322
f 1309 1322 1310
f 1310 1322 1323
f 1310 1323 1311
f 1311 1323 1324
f 1311 1324 1312
f 1312 1324 1325
f 1312 1325 1313
f 1313 1325 1326
f 1313 1326 1314
f 1314 1326 1327
f 1314 1327 1315
f 1315 1327 1328
f 1315 1328 1316
f 1316 1328 1329
f 1316 1329 1317
f 1317 1329 1330
f 1317 1330 1318
f 1318 1330 1331
f 1318 1331 1319
f 1319 1331 1332
f 1319 1332 1320
f 1320 1332 1321
f 1320 1321 1309
f 1321 1333 1334
f 1321 1334 1322
f 1322 1334 1335
f 1322 1335 1323
f 1323 1335 1336
f 1323 1336 1324
f 1324 1336 1337
f 1324 1337 1325
f 1325 1337 1338
f 1325 1338 1326
f 1326 1338 1339
f 1326 1339 1327
f 1327 1339 1340
f 1327 1340 1328
f 1328 1340 1341
f 1328 1341 1329
f 1329 1341 1342
f 1329 1342 1330
f 1330 1342 1343
f 1330 1343 1331
f 1331 1343 1344
f 1331 1344 1332
f 1332 1344 1333
f 1332 1333 1321
f 1333 1345 1346
f 1333 1346 1334
f 1334 1346 1347
f 1334 1347 1335
f 1335 1347 1348
f 1335 1348 1336
f 1336 1348 1349
f 1336 1349 1337
f 1337 1349 1350
f 1337 1350 1338
f 1338 1350 1351
f 1338 1351 1339
f 1339 1351 1352
f 1339 1352 1340
f 1340 1352 1353
f 1340 1353 1341
f 1341 1353 1354
f 1341 1354 1342
f 1342 1354 1355
f 1342 1355 1343
f 1343 1355 1356
f 1343 1356 1344
f 1344 1356 1345
f 1344 1345 1333
f 1345 1357 1358
f 1345 1358 1346
f 1346 1358 1359
f 1346 1359 1347
f 1347 1359 1360
f 1347 1360 1348
f 1348 1360 1361
f 1348 1361 1349
f 1349 1361 1362
f 1349 1362 1350
f 1350 1362 1363
f 1350 1363 1351
f 1351 1363 1364
f 1351 1364 1352
f 1352 1364 1365
f 1352 1365 1353
f 1353 1365 1366
f 1353 1366 1354
f 1354 1366 1367
f 1354 1367 1355
f 1355 1367 1368
f 1355 1368 1356
f 1356 1368 1357
f 1356 1357 1345
f 1357 1369 1370
f 1357 1370 1358
f 1358 1370 1371
f 1358 1371 1359
f 1359 1371 1372
f 1359 1372 1360
f 1360 1372 1373
f 1360 1373 1361
f 1361 1373 1374
f 1361 1374 1362
f 1362 1374 1375
f 1362 1375 1363
f 1363 1375 1376
f 1363 1376 1364
f 1364 1376 1377
f 1364 1377 1365
f 1365 1377 1378
f 1365 1378 1366
f 1366 1378 1379
f 1366 1379 1367
f 1367 1379 1380
f 1367 1380 1368
f 1368 1380 1369
f 1368 1369 1357
f 1369 1381 1382
f 1369 1382 1370
f 1370 1382 1383
f 1370 1383 1371
f 1371 1383 1384
f 1371 1384 1372
f 1372 1384 1385
f 1372 1385 1373
f 1373 1385 1386
f 1373 1386 1374
f 1374 1386 1387
f 1374 1387 1375
f 1375 1387 1388
f 1375 1388 1376
f 1376 1388 1389
f 1376 1389 1377
f 1377 1389 1390
f 1377 1390 1378
f 1378 1390 1391
f 1378 1391 1379
f 1379 1391 1392
f 1379 1392 1380
f 1380 1392 1381
f 1380 1381 1369
f 1381 1393 1394
f 1381 1394 1382
f 1382 1394 1395
f 1382 1395 1383
f 1383 1395 1396
f 1383 1396 1384
f 1384 1396 1397
f 1384 1397 1385
f 1385 1397 1398
f 1385 1398 1386
f 1386 1398 1399
f 1386 1399 1387
f 1387 1399 1400
f 1387 1400 1388
f 1388 1400 1401
f 1388 1401 1389
f 1389 1401 1402
f 1389 1402 1390
f 1390 1402 1403
f 1390 1403 1391
f 1391 1403 1404
f 1391 1404 1392
f 1392 1404 1393
f 1392 1393 1381
f 1393 1405 1406
f 1393 1406 1394
f 1394 1406 1407
f 1394 1407 1395
f 1395 1407 1408
f 1395 1408 1396
f 1396 1408 1409
f 1396 1409 1397
f 1397 1409 1410
f 1397 1410 1398
f 1398 1410 1411
f 1398 1411 1399
f 1399 1411 1412
f 1399 1412 1400
f 1400 1412 1413
f 1400 1413 1401
f 1401 1413 1414
f 1401 1414 1402
f 1402 1414 1415
f 1402 1415 1403
f 1403 1415 1416
f 1403 1416 1404
f 1404 1416 1405
f 1404 1405 1393
f 1405 1417 1418
f 1405 1418 1406
f 1406 1418 1419
f 1406 1419 1407
f 1407 1419 1420
f 1407 1420 1408
f 1408 1420 1421
f 1408 1421 1409
f 1409 1421 1422
f 1409 1422 1410
f 1410 1422 1423
f 1410 1423 1411
f 1411 1423 1424
f 1411 1424 1412
f 1412 1424 1425
f 1412 1425 1413
f 1413 1425 1426
f 1413 1426 1414
f 1414 1426 1427
f 1414 1427 1415
f 1415 1427 1428
f 1415 1428 1416
f 1416 1428 1417
f 1416 1417 1405
f 1417 1429 1430
f 1417 1430 1418
f 1418 1430 1431
f 1418 1431 1419
f 1419 1431 1432
f 1419 1432 1420
f 1420 1432 1433
f 1420 1433 1421
f 1421 1433 1434
f 1421 1434 1422
f 1422 1434 1435
f 1422 1435 1423
f 1423 1435 1436
f 1423 1436 1424
f 1424 1436 1437
f 1424 1437 1425
f 1425 1437 1438
f 1425 1438 1426
f 1426 1438 1439
f 1426 1439 1427
f 1427 1439 1440
f 1427 1440 1428
f 1428 1440 1429
f 1428 1429 1417
f 1429 1441 1442
f 1429 1442 1430
f 1430 1442 1443
f 1430 1443 1431
f 1431 1443 1444
f 1431 1444 1432
f 1432 1444 1445
f 1432 1445 1433
f 1433 1445 1446
f 1433 1446 1434
f 1434 1446 1447
f 1434 1447 1435
f 1435 1447 1448
f 1435 1448 1436
f 1436 1448 1449
f 1436 1449 1437
f 1437 1449 1450
f 1437 1450 1438
f 1438 1450 1451
f 1438 1451 1439
f 1439 1451 1452
f 1439 1452 1440
f 1440 1452 1441
f 1440 1441 1429
f 1441 1453 1454
f 1441 1454 1442
f 1442 1454 1455
f 1442 1455 1443
f 1443 1455 1456
f 1443 1456 1444
f 1444 1456 1457
f 1444 1457 1445
f 1445 1457 1458
f 1445 1458 1446
f 1446 1458 1459
f 1446 1459 1447
f 1447 1459 1460
f 1447 1460 1448
f 1448 1460 1461
f 1448 1461 1449
f 1449 1461 1462
f 1449 1462 1450
f 1450 1462 1463
f 1450 1463 1451
f 1451 1463 1464
f 1451 1464 1452
f 1452 1464 1453
f 1452 1453 1441
f 1453 1465 1466
f 1453 1466 1454
f 1454 1466 1467
f 1454 1467 1455
f 1455 1467 1468
f 1455 1468 1456
f 1456 1468 1469
f 1456 1469 1457
f 1457 1469 1470
f 1457 1470 1458
f 1458 1470 1471
f 1458 1471 1459
f 1459 1471 1472
f 1459 1472 1460
f 1460 1472 1473
f 1460 1473 1461
f 1461 1473 1474
f 1461 1474 1462
f 1462 1474 1475
f 1462 1475 1463
f 1463 1475 1476
f 1463 1476 1464
f 1464 1476 1465
f 1464 1465 1453
f 1465 1477 1478
f 1465 1478 1466
f 1466 1478 1479
f 1466 1479 1467
f 1467 1479 1480
f 1467 1480 1468
f 1468 1480 1481
f 1468 1481 1469
f 1469 1481 1482
f 1469 1482 1470
f 1470 1482 1483
f 1470 1483 1471
f 1471 1483 1484
f 1471 1484 1472
f 1472 1484 1485
f 1472 1485 1473
f 1473 1485 1486
f 1473 1486 1474
f 1474 1486 1487
f 1474 1487 1475
f 1475 1487 1488
f 1475 1488 1476
f 1476 1488 1477
f 1476 1477 1465
f 1477 1489 1490
f 1477 1490 1478
f 1478 1490 1491
f 1478 1491 1479
f 1479 1491 1492
f 1479 1492 1480
f 1480 1492 1493
f 1480 1493 1481
f 1481 1493 1494
f 1481 1494 1482
f 1482 1494 1495
f 1482 1495 1483
f 1483 1495 1496
f 1483 1496 1484
f 1484 1496 1497
f 1484 1497 1485
f 1485 1497 1498
f 1485 1498 1486
f 1486 1498 1499
f 1486 1499 1487
f 1487 1499 1500
f 1487 1500 1488
f 1488 1500 1489
f 1488 1489 1477
f 1489 1501 1502
f 1489 1502 1490
f 1490 1502 1503
f 1490 1503 1491
f 1491 1503 1504
f 1491 1504 1492
f 1492 1504 1505
f 1492 1505 1493
f 1493 1505 1506
f 1493 1506 1494
f 1494 1506 1507
f 1494 1507 1495
f 1495 1507 1508
f 1495 1508 1496
f 1496 1508 1509
f 1496 1509 1497
f 1497 1509 1510
f 1497 1510 1498
f 1498 1510 1511
f 1498 1511 1499
f 1499 1511 1512
f 1499 1512 1500
f 1500 1512 1501
f 1500 1501 1489
f 1501 1513 1514
f 1501 1514 1502
f 1502 1514 1515
f 1502 1515 1503
f 1503 1515 1516
f 1503 1516 1504
f 1504 1516 1517
f 1504 1517 1505
f 1505 1517 1518
f 1505 1518 1506
f 1506 1518 1519
f 1506 1519 1507
f 1507 1519 1520
f 1507 1520 1508
f 1508 1520 1521
f 1508 1521 1509
f 1509 1521 1522
f 1509 1522 1510
f 1510 1522 1523
f 1510 1523 1511
f 1511 1523 1524
f 1511 1524 1512
f 1512 1524 1513
f 1512 1513 1501
f 1513 1525 1526
f 1513 1526 1514
f 1514 1526 1527
f 1514 1527 1515
f 1515 1527 1528
f 1515 1528 1516
f 1516 1528 1529
f 1516 1529 1517
f 1517 1529 1530
f 1517 1530 1518
f 1518 1530 1531
f 1518 1531 1519
f 1519 1531 1532
f 1519 1532 1520
f 1520 1532 1533
f 1520 1533 1521
f 1521 1533 1534
f 1521 1534 1522
f 1522 1534 1535
f 1522 1535 1523
f 1523 1535 1536
f 1523 1536 1524
f 1524 1536 1525
f 1524 1525 1513
f 1525 1537 1538
f 1525 1538 1526
f 1526 1538 1539
f 1526 1539 1527
f 1527 1539 1540
f 1527 1540 1528
f 1528 1540 1541
f 1528 1541 1529
f 1529 1541 1542
f 1529 1542 1530
f 1530 1542 1543
f 1530 1543 1531
f 1531 1543 1544
f 1531 1544 1532
f 1532 1544 1545
f 1532 1545 1533
f 1533 1545 1546
f 1533 1546 1534
f 1534 1546 1547
f 1534 1547 1535
f 1535 1547 1548
f 1535 1548 1536
f 1536 1548 1537
f 1536 1537 1525
f 1537 1549 1550
f 1537 1550 1538
f 1538 1550 1551
f 1538 1551 1539
f 1539 1551 1552
f 1539 1552 1540
f 1540 1552 1553
f 1540 1553 1541
f 1541 1553 1554
f 1541 1554 1542
f 1542 1554 1555
f 1542 1555 1543
f 1543 1555 1556
f 1543 1556 1544
f 1544 1556 1557
f 1544 1557 1545
f 1545 1557 1558
f 1545 1558 1546
f 1546 1558 1559
f 1546 1559 1547
f 1547 1559 1560
f 1547 1560 1548
f 1548 1560 1549
f 1548 1549 1537
f 1549 1561 1562
f 1549 1562 1550
f 1550 1562 1563
f 1550 1563 1551
f 1551 1563 1564
f 1551 1564 1552
f 1552 1564 1565
f 1552 1565 1553
f 1553 1565 1566
f 1553 1566 1554
f 1554 1566 1567
f 1554 1567 1555
f 1555 1567 1568
f 1555 1568 1556
f 1556 1568 1569
f 1556 1569 1557
f 1557 1569 1570
f 1557 1570 1558
f 1558 1570 1571
f 1558 1571 1559
f 1559 1571 1572
f 1559 1572 1560
f 1560 1572 1561
f 1560 1561 1549
f 1561 1573 1574
f 1561 1574 1562
f 1562 1574 1575
f 1562 1575 1563
f 1563 1575 1576
f 1563 1576 1564
f 1564 1576 1577
f 1564 1577 1565
f 1565 1577 1578
f 1565 1578 1566
f 1566 1578 1579
f 1566 1579 1567
f 1567 1579 1580
f 1567 1580 1568
f 1568 1580 1581
f 1568 1581 1569
f 1569 1581 1582
f 1569 1582 1570
f 1570 1582 1583
f 1570 1583 1571
f 1571 1583 1584
f 1571 1584 1572
f 1572 1584 1573
f 1572 1573 1561
f 1573 1585 1586
f 1573 1586 1574
f 1574 1586 1587
f 1574 1587 1575
f 1575 1587 1588
f 1575 1588 1576
f 1576 1588 1589
f 1576 1589 1577
f 1577 1589 1590
f 1577 1590 1578
f 1578 1590 1591
f 1578 1591 1579
f 1579 1591 1592
f 1579 1592 1580
f 1580 1592 1593
f 1580 1593 1581
f 1581 1593 1594
f 1581 1594 1582
f 1582 1594 1595
f 1582 1595 1583
f 1583 1595 1596
f 1583 1596 1584
f 1584 1596 1585
f 1584 1585 1573
f 1585 1597 1598
f 1585 1598 1586
f 1586 1598 1599
f 1586 1599 1587
f 1587 1599 1600
f 1587 1600 1588
f 1588 1600 1601
f 1588 1601 1589
f 1589 1601 1602
f 1589 1602 1590
f 1590 1602 1603
f 1590 1603 1591
f 1591 1603 1604
f 1591 1604 1592
f 1592 1604 1605
f 1592 1605 1593
f 1593 1605 1606
f 1593 1606 1594
f 1594 1606 1607
f 1594 1607 1595
f 1595 1607 1608
f 1595 1608 1596
f 1596 1608 1597
f 1596 1597 1585
f 1597 1609 1610
f 1597 1610 1598
f 1598 1610 1611
f 1598 1611 1599
f 1599 1611 1612
f 1599 1612 1600
f 1600 1612 1613
f 1600 1613 1601
f 1601 1613 1614
f 1601 1614 1602
f 1602 1614 1615
f 1602 1615 1603
f 1603 1615 1616
f 1603 1616 1604
f 1604 1616 1617
f 1604 1617 1605
f 1605 1617 1618
f 1605 1618 1606
f 1606 1618 1619
f 1606 1619 1607
f 1607 1619 1620
f 1607 1620 1608
f 1608 1620 1609
f 1608 1609 1597
f 1609 1621 1622
f 1609 1622 1610
f 1610 1622 1623
f 1610 1623 1611
f 1611 1623 1624
f 1611 1624 1612
f 1612 1624 1625
f 1612 1625 1613
f 1613 1625 1626
f 1613 1626 1614
f 1614 1626 1627
f 1614 1627 1615
f 1615 1627 1628
f 1615 1628 1616
f 1616 1628 1629
f 1616 1629 1617
f 1617 1629 1630
f 1617 1630 1618
f 1618 1630 1631
f 1618 1631 1619
f 1619 1631 1632
f 1619 1632 1620
f 1620 1632 1621
f 1620 1621 1609
f 1621 1633 1634
f 1621 1634 1622
f 1622 1634 1635
f 1622 1635 1623
f 1623 1635 1636
f 1623 1636 1624
f 1624 1636 1637
f 1624 1637 1625
f 1625 1637 1638
f 1625 1638 1626
f 1626 1638 1639
f 1626 1639 1627
f 1627 1639 1640
f 1627 1640 1628
f 1628 1640 1641
f 1628 1641 1629
f 1629 1641 1642
f 1629 1642 1630
f 1630 1642 1643
f 1630 1643 1631
f 1631 1643 1644
f 1631 1644 1632
f 1632 1644 1633
f 1632 1633 1621
f 1633 1645 1646
f 1633 1646 1634
f 1634 1646 1647
f 1634 1647 1635
f 1635 1647 1648
f 1635 1648 1636
f 1636 1648 1649
f 1636 1649 1637
f 1637 1649 1650
f 1637 1650 1638
f 1638 1650 1651
f 1638 1651 1639
f 1639 1651 1652
f 1639 1652 1640
f 1640 1652 1653
f 1640 1653 1641
f 1641 1653 1654
f 1641 1654 1642
f 1642 1654 1655
f 1642 1655 1643
f 1643 1655 1656
f 1643 1656 1644
f 1644 1656 1645
f 1644 1645 1633
f 1645 1657 1658
f 1645 1658 1646
f 1646 1658 1659
f 1646 1659 1647
f 1647 1659 1660
f 1647 1660 1648
f 1648 1660 1661
f 1648 1661 1649
f 1649 1661 1662
f 1649 1662 1650
f 1650 1662 1663
f 1650 1663 1651
f 1651 1663 1664
f 1651 1664 1652
f 1652 1664 1665
f 1652 1665 1653
f 1653 1665 1666
f 1653 1666 1654
f 1654 1666 1667
f 1654 1667 1655
f 1655 1667 1668
f 1655 1668 1656
f 1656 1668 1657
f 1656 1657 1645
f 1657 1669 1670
f 1657 1670 1658
f 1658 1670 1671
f 1658 1671 1659
f 1659 1671 1672
f 1659 1672 1660
f 1660 1672 1673
f 1660 1673 1661
f 1661 1673 1674
f 1661 1674 1662
f 1662 1674 1675
f 1662 1675 1663
f 1663 1675 1676
f 1663 1676 1664
f 1664 1676 1677
f 1664 1677 1665
f 1665 1677 1678
f 1665 1678 1666
f 1666 1678 1679
f 1666 1679 1667
f 1667 1679 1680
f 1667 1680 1668
f 1668 1680 1669
f 1668 1669 1657
f 1669 1681 1682
f 1669 1682 1670
f 1670 1682 1683
f 1670 1683 1671
f 1671 1683 1684
f 1671 1684 1672
f 1672 1684 1685
f 1672 1685 1673
f 1673 1685 1686
f 1673 1686 1674
f 1674 1686 1687
f 1674 1687 1675
f 1675 1687 1688
f 1675 1688 1676
f 1676 1688 1689
f 1676 1689 1677
f 1677 1689 1690
f 1677 1690 1678
f 1678 1690 1691
f 1678 1691 1679
f 1679 1691 1692
f 1679 1692 1680
f 1680 1692 1681
f 1680 1681 1669
f 1681 1693 1694
f 1681 1694 1682
f 1682 1694 1695
f 1682 1695 1683
f 1683 1695 1696
f 1683 1696 1684
f 1684 1696 1697
f 1684 1697 1685
f 1685 1697 1698
f 1685 1698 1686
f 1686 1698 1699
f 1686 1699 1687
f 1687 1699 1700
f 1687 1700 1688
f 1688 1700 1701
f 1688 1701 1689
f 1689 1701 1702
f 1689 1702 1690
f 1690 1702 1703
f 1690 1703 1691
f 1691 1703 1704
f 1691 1704 1692
f 1692 1704 1693
f 1692 1693 1681
f 1693 1705 1706
f 1693 1706 1694
f 1694 1706 1707
f 1694 1707 1695
f 1695 1707 1708
f 1695 1708 1696
f 1696 1708 1709
f 1696 1709 1697
f 1697 1709 1710
f 1697 1710 1698
f 1698 1710 1711
f 1698 1711 1699
f 1699 1711 1712
f 1699 1712 1700
f 1700 1712 1713
f 1700 1713 1701
f 1701 1713 1714
f 1701 1714 1702
f 1702 1714 1715
f 1702 1715 1703
f 1703 1715 1716
f 1703 1716 1704
f 1704 1716 1705
f 1704 1705 1693
f 1705 1717 1718
f 1705 1718 1706
f 1706 1718 1719
f 1706 1719 1707
f 1707 1719 1720
f 1707 1720 1708
f 1708 1720 1721
f 1708 1721 1709
f 1709 1721 1722
f 1709 1722 1710
f 1710 1722 1723
f 1710 1723 1711
f 1711 1723 1724
f 1711 1724 1712
f 1712 1724 1725
f 1712 1725 1713
f 1713 1725 1726
f 1713 1726 1714
f 1714 1726 1727
f 1714 1727 1715
f 1715 1727 1728
f 1715 1728 1716
f 1716 1728 1717
f 1716 1717 1705
f 1717 1729 1730
f 1717 1730 1718
f 1718 1730 1731
f 1718 1731 1719
f 1719 1731 1732
f 1719 1732 1720
f 1720 1732 1733
f 1720 1733 1721
f 1721 1733 1734
f 1721 1734 1722
f 1722 1734 1735
f 1722 1735 1723
f 1723 1735 1736
f 1723 1736 1724
f 1724 1736 1737
f 1724 1737 1725
f 1725 1737 1738
f 1725 1738 1726
f 1726 1738 1739
f 1726 1739 1727
f 1727 1739 1740
f 1727 1740 1728
f 1728 1740 1729
f 1728 1729 1717
f 1729 1741 1742
f 1729 1742 1730
f 1730 1742 1743
f 1730 1743 1731
f 1731 1743 1744
f 1731 1744 1732
f 1732 1744 1745
f 1732 1745 1733
f 1733 1745 1746
f 1733 1746 1734
f 1734 1746 1747
f 1734 1747 1735
f 1735 1747 1748
f 1735 1748 1736
f 1736 1748 1749
f 1736 1749 1737
f 1737 1749 1750
f 1737 1750 1738
f 1738 1750 1751
f 1738 1751 1739
f 1739 1751 1752
f 1739 1752 1740
f 1740 1752 1741
f 1740 1741 1729
f 1741 1753 1754
f 1741 1754 1742
f 1742 1754 1755
f 1742 1755 1743
f 1743 1755 1756
f 1743 1756 1744
f 1744 1756 1757
f 1744 1757 1745
f 1745 1757 1758
f 1745 1758 1746
f 1746 1758 1759
f 1746 1759 1747
f 1747 1759 1760
f 1747 1760 1748
f 1748 1760 1761
f 1748 1761 1749
f 1749 1761 1762
f 1749 1762 1750
f 1750 1762 1763
f 1750 1763 1751
f 1751 1763 1764
f 1751 1764 1752
f 1752 1764 1753
f 1752 1753 1741
f 1753 1765 1766
f 1753 1766 1754
f 1754 1766 1767
f 1754 1767 1755
f 1755 1767 1768
f 1755 1768 1756
f 1756 1768 1769
f 1756 1769 1757
f 1757 1769 1770
f 1757 1770 1758
f 1758 1770 1771
f 1758 1771 1759
f 1759 1771 1772
f 1759 1772 1760
f 1760 1772 1773
f 1760 1773 1761
f 1761 1773 1774
f 1761 1774 1762
f 1762 1774 1775
f 1762 1775 1763
f 1763 1775 1776
f 1763 1776 1764
f 1764 1776 1765
f 1764 1765 1753
f 1765 1777 1778
f 1765 1778 1766
f 1766 1778 1779
f 1766 1779 1767
f 1767 1779 1780
f 1767 1780 1768
f 1768 1780 1781
f 1768 1781 1769
f 1769 1781 1782
f 1769 1782 1770
f 1770 1782 1783
f 1770 1783 1771
f 1771 1783 1784
f 1771 1784 1772
f 1772 1784 1785
f 1772 1785 1773
f 1773 1785 1786
f 1773 1786 1774
f 1774 1786 1787
f 1774 1787 1775
f 1775 1787 1788
f 1775 1788 1776
f 1776 1788 1777
f 1776 1777 1765
f 1777 1789 1790
f 1777 1790 1778
f 1778 1790 1791
f 1778 1791 1779
f 1779 1791 1792
f 1779 1792 1780
f 1780 1792 1793
f 1780 1793 1781
f 1781 1793 1794
f 1781 1794 1782
f 1782 1794 1795
f 1782 1795 1783
f 1783 1795 1796
f 1783 1796 1784
f 1784 1796 1797
f 1784 1797 1785
f 1785 1797 1798
f 1785 1798 1786
f 1786 1798 1799
f 1786 1799 1787
f 1787 1799 1800
f 1787 1800 1788
f 1788 1800 1789
f 1788 1789 1777
f 1789 1801 1802
f 1789 1802 1790
f 1790 1802 1803
f 1790 1803 1791
f 1791 1803 1804
f 1791 1804 1792
f 1792 1804 1805
f 1792 1805 1793
f 1793 1805 1806
f 1793 1806 1794
f 1794 1806 1807
f 1794 1807 1795
f 1795 1807 1808
f 1795 1808 1796
f 1796 1808 1809
f 1796 1809 1797
f 1797 1809 1810
f 1797 1810 1798
f 1798 1810 1811
f 1798 1811 1799
f 1799 1811 1812
f 1799 1812 1800
f 1800 1812 1801
f 1800 1801 1789
f 1801 1813 1814
f 1801 1814 1802
f 1802 1814 1815
f 1802 1815 1803
f 1803 1815 1816
f 1803 1816 1804
f 1804 1816 1817
f 1804 1817 1805
f 1805 1817 1818
f 1805 1818 1806
f 1806 1818 1819
f 1806 1819 1807
f 1807 1819 1820
f 1807 1820 1808
f 1808 1820 1821
f 1808 1821 1809
f 1809 1821 1822
f 1809 1822 1810
f 1810 1822 1823
f 1810 1823 1811
f 1811 1823 1824
f 1811 1824 1812
f 1812 1824 1813
f 1812 1813 1801
f 1813 1825 1826
f 1813 1826 1814
f 1814 1826 1827
f 1814 1827 1815
f 1815 1827 1828
f 1815 1828 1816
f 1816 1828 1829
f 1816 1829 1817
f 1817 1829 1830
f 1817 1830 1818
f 1818 1830 1831
f 1818 1831 1819
f 1819 1831 1832
f 1819 1832 1820
f 1820 1832 1833
f 1820 1833 1821
f 1821 1833 1834
f 1821 1834 1822
f 1822 1834 1835
f 1822 1835 1823
f 1823 1835 1836
f 1823 1836 1824
f 1824 1836 1825
f 1824 1825 1813
f 1825 1837 1838
f 1825 1838 1826
f 1826 1838 1839
f 1826 1839 1827
f 1827 1839 1840
f 1827 1840 1828
f 1828 1840 1841
f 1828 1841 1829
f 1829 1841 1842
f 1829 1842 1830
f 1830 1842 1843
f 1830 1843 1831
f 1831 1843 1844
f 1831 1844 1832
f 1832 1844 1845
f 1832 1845 1833
f 1833 1845 1846
f 1833 1846 1834
f 1834 1846 1847
f 1834 1847 1835
f 1835 1847 1848
f 1835 1848 1836
f 1836 1848 1837
f 1836 1837 1825
f 1837 1849 1850
f 1837 1850 1838
f 1838 1850 1851
f 1838 1851 1839
f 1839 1851 1852
f 1839 1852 1840
f 1840 1852 1853
f 1840 1853 1841
f 1841 1853 1854
f 1841 1854 1842
f 1842 1854 1855
f 1842 1855 1843
f 1843 1855 1856
f 1843 1856 1844
f 1844 1856 1857
f 1844 1857 1845
f 1845 1857 1858
f 1845 1858 1846
f 1846 1858 1859
f 1846 1859 1847
f 1847 1859 1860
f 1847 1860 1848
f 1848 1860 1849
f 1848 1849 1837
f 1849 1861 1862
f 1849 1862 1850
f 1850 1862 1863
f 1850 1863 1851
f 1851 1863 1864
f 1851 1864 1852
f 1852 1864 1865
f 1852 1865 1853
f 1853 1865 1866
f 1853 1866 1854
f 1854 1866 1867
f 1854 1867 1855
f 1855 1867 1868
f 1855 1868 1856
f 1856 1868 1869
f 1856 1869 1857
f 1857 1869 1870
f 1857 1870 1858
f 1858 1870 1871
f 1858 1871 1859
f 1859 1871 1872
f 1859 1872 1860
f 1860 1872 1861
f 1860 1861 1849
f 1861 1873 1874
f 1861 1874 1862
f 1862 1874 1875
f 1862 1875 1863
f 1863 1875 1876
f 1863 1876 1864
f 1864 1876 1877
f 1864 1877 1865
f 1865 1877 1878
f 1865 1878 1866
f 1866 1878 1879
f 1866 1879 1867
f 1867 1879 1880
f 1867 1880 1868
f 1868 1880 1881
f 1868 1881 1869
f 1869 1881 1882
f 1869 1882 1870
f 1870 1882 1883
f 1870 1883 1871
f 1871 1883 1884
f 1871 1884 1872
f 1872 1884 1873
f 1872 1873 1861
f 1873 1885 1886
f 1873 1886 1874
f 1874 1886 1887
f 1874 1887 1875
f 1875 1887 1888
f 1875 1888 1876
f 1876 1888 1889
f 1876 1889 1877
f 1877 1889 1890
f 1877 1890 1878
f 1878 1890 1891
f 1878 1891 1879
f 1879 1891 1892
f 1879 1892 1880
f 1880 1892 1893
f 1880 1893 1881
f 1881 1893 1894
f 1881 1894 1882
f 1882 1894 1895
f 1882 1895 1883
f 1883 1895 1896
f 1883 1896 1884
f 1884 1896 1885
f 1884 1885 1873
f 1885 1897 1898
f 1885 1898 1886
f 1886 1898 1899
f 1886 1899 1887
f 1887 1899 1900
f 1887 1900 1888
f 1888 1900 1901
f 1888 1901 1889
f 1889 1901 1902
f 1889 1902 1890
f 1890 1902 1903
f 1890 1903 1891
f 1891 1903 1904
f 1891 1904 1892
f 1892 1904 1905
f 1892 1905 1893
f 1893 1905 1906
f 1893 1906 1894
f 1894 1906 1907
f 1894 1907 1895
f 1895 1907 1908
f 1895 1908 1896
f 1896 1908 1897
f 1896 1897 1885
f 1897 1909 1910
f 1897 1910 1898
f 1898 1910 1911
f 1898 1911 1899
f 1899 1911 1912
f 1899 1912 1900
f 1900 1912 1913
f 1900 1913 1901
f 1901 1913 1914
f 1901 1914 1902
f 1902 1914 1915
f 1902 1915 1903
f 1903 1915 1916
f 1903 1916 1904
f 1904 1916 1917
f 1904 1917 1905
f 1905 1917 1918
f 1905 1918 1906
f 1906 1918 1919
f 1906 1919 1907
f 1907 1919 1920
f 1907 1920 1908
f 1908 1920 1909
f 1908 1909 1897
f 1909 1921 1922
f 1909 1922 1910
f 1910 1922 1923
f 1910 1923 1911
f 1911 1923 1924
f 1911 1924 1912
f 1912 1924 1925
f 1912 1925 1913
f 1913 1925 1926
f 1913 1926 1914
f 1914 1926 1927
f 1914 1927 1915
f 1915 1927 1928
f 1915 1928 1916
f 1916 1928 1929
f 1916 1929 1917
f 1917 1929 1930
f 1917 1930 1918
f 1918 1930 1931
f 1918 1931 1919
f 1919 1931 1932
f 1919 1932 1920
f 1920 1932 1921
f 1920 1921 1909
f 1921 1933 1934
f 1921 1934 1922
f 1922 1934 1935
f 1922 1935 1923
f 1923 1935 1936
f 1923 1936 1924
f 1924 1936 1937
f 1924 1937 1925
f 1925 1937 1938
f 1925 1938 1926
f 1926 1938 1939
f 1926 1939 1927
f 1927 1939 1940
f 1927 1940 1928
f 1928 1940 1941
f 1928 1941 1929
f 1929 1941 1942
f 1929 1942 1930
f 1930 1942 1943
f 1930 1943 1931
f 1931 1943 1944
f 1931 1944 1932
f 1932 1944 1933
f 1932 1933 1921
f 1933 1945 1946
f 1933 1946 1934
f 1934 1946 1947
f 1934 1947 1935
f 1935 1947 1948
f 1935 1948 1936
f 1936 1948 1949
f 1936 1949 1937
f 1937 1949 1950
f 1937 1950 1938
f 1938 1950 1951
f 1938 1951 1939
f 1939 1951 1952
f 1939 1952 1940
f 1940 1952 1953
f 1940 1953 1941
f 1941 1953 1954
f 1941 1954 1942
f 1942 1954 1955
f 1942 1955 1943
f 1943 1955 1956
f 1943 1956 1944
f 1944 1956 1945
f 1944 1945 1933
f 1945 1957 1958
f 1945 1958 1946
f 1946 1958 1959
f 1946 1959 1947
f 1947 1959 1960
f 1947 1960 1948
f 1948 1960 1961
f 1948 1961 1949
f 1949 1961 1962
f 1949 1962 1950
f 1950 1962 1963
f 1950 1963 1951
f 1951 1963 1964
f 1951 1964 1952
f 1952 1964 1965
f 1952 1965 1953
f 1953 1965 1966
f 1953 1966 1954
f 1954 1966 1967
f 1954 1967 1955
f 1955 1967 1968
f 1955 1968 1956
f 1956 1968 1957
f 1956 1957 1945
f 1957 817 818
f 1957 818 1958
f 1958 818 819
f 1958 819 1959
f 1959 819 820
f 1959 820 1960
f 1960 820 821
f 1960 821 1961
f 1961 821 822
f 1961 822 1962
f 1962 822 823
f 1962 823 1963
f 1963 823 824
f 1963 824 1964
f 1964 824 825
f 1964 825 1965
f 1965 825 826
f 1965 826 1966
f 1966 826 827
f 1966 827 1967
f 1967 827 828
f 1967 828 1968
f 1968 828 817
f 1968 817 1957
v -0.6000000 -0.0450000 0.6150000
v -0.6000000 -0.0450000 0.6650000
v -0.6172208 -0.0415746 0.6150000
v -0.6172208 -0.0415746 0.6650000
v -0.6318198 -0.0318198 0.6150000
v -0.6318198 -0.0318198 0.6650000
v -0.6415746 -0.0172208 0.6150000
v -0.6415746 -0.0172208 0.6650000
v -0.6450000 -0.0000000 0.6150000
v -0.6450000 -0.0000000 0.6650000
v -0.6415746 0.0172208 0.6150000
v -0.6415746 0.0172208 0.6650000
v -0.6318198 0.0318198 0.6150000
v -0.6318198 0.0318198 0.6650000
v -0.6172208 0.0415746 0.6150000
v -0.6172208 0.0415746 0.6650000
v -0.6000000 0.0450000 0.6150000
v -0.6000000 0.0450000 0.6650000
v -0.5827793 0.0415746 0.6150000
v -0.5827793 0.0415746 0.6650000
v -0.5681802 0.0318198 0.6150000
v -0.5681802 0.0318198 0.6650000
v -0.5584254 0.0172208 0.6150000
v -0.5584254 0.0172208 0.6650000
v -0.5550000 0.0000000 0.6150000
v -0.5550000 0.0000000 0.6650000
v -0.5584254 -0.0172208 0.6150000
v -0.5584254 -0.0172208 0.6650000
v -0.5681802 -0.0318198 0.6150000
v -0.5681802 -0.0318198 0.6650000
v -0.5827793 -0.0415746 0.6150000
v -0.5827793 -0.0415746 0.6650000
f 1969 1970 1972
f 1969 1972 1971
f 1971 1972 1974
f 1971 1974 1973
f 1973 1974 1976
f 1973 1976 1975
f 1975 1976 1978
f 1975 1978 1977
f 1977 1978 1980
f 1977 1980 1979
f 1979 1980 1982
f 1979 1982 1981
f 1981 1982 1984
f 1981 1984 1983
f 1983 1984 1986
f 1983 1986 1985
f 1985 1986 1988
f 1985 1988 1987
f 1987 1988 1990
f 1987 1990 1989
f 1989 1990 1992
f 1989 1992 1991
f 1991 1992 1994
f 1991 1994 1993
f 1993 1994 1996
f 1993 1996 1995
f 1995 1996 1998
f 1995 1998 1997
f 1974 1972 1970
f 1970 2000 1998
f 1998 1996 1994
f 1994 1992 1990
f 1990 1988 1986
f 1986 1984 1982
f 1982 1980 1978
f 1978 1976 1974
f 1974 1970 1998
f 1998 1994 1990
f 1990 1986 1982
f 1982 1978 1974
f 1974 1998 1990
f 1990 1982 1974
f 1997 1998 2000
f 1997 2000 1999
f 1999 2000 1970
f 1999 1970 1969
f 1999 1969 1971
f 1971 1973 1975
f 1975 1977 1979
f 1979 1981 1983
f 1983 1985 1987
f 1987 1989 1991
f 1991 1993 1995
f 1995 1997 1999
f 1999 1971 1975
f 1975 1979 1983
f 1983 1987 1991
f 1991 1995 1999
f 1999 1975 1983
f 1983 1991 1999
v -0.5600000 -0.0000000 0.6520000
v -0.4200000 -0.0000000 0.6520000
v -0.5600000 0.0045922 0.6510866
v -0.4200000 0.0045922 0.6510866
v -0.5600000 0.0084853 0.6484852
v -0.4200000 0.0084853 0.6484852
v -0.5600000 0.0110866 0.6445922
v -0.4200000 0.0110866 0.6445922
v -0.5600000 0.0120000 0.6400000
v -0.4200000 0.0120000 0.6400000
v -0.5600000 0.0110866 0.6354078
v -0.4200000 0.0110866 0.6354078
v -0.5600000 0.0084853 0.6315147
v -0.4200000 0.0084853 0.6315147
v -0.5600000 0.0045922 0.6289134
v -0.4200000 0.0045922 0.6289134
v -0.5600000 0.0000000 0.6280000
v -0.4200000 0.0000000 0.6280000
v -0.5600000 -0.0045922 0.6289134
v -0.4200000 -0.0045922 0.6289134
v -0.5600000 -0.0084853 0.6315147
v -0.4200000 -0.0084853 0.6315147
v -0.5600000 -0.0110866 0.6354078
v -0.4200000 -0.0110866 0.6354078
v -0.5600000 -0.0120000 0.6400000
v -0.4200000 -0.0120000 0.6400000
v -0.5600000 -0.0110866 0.6445922
v -0.4200000 -0.0110866 0.6445922
v -0.5600000 -0.0084853 0.6484852
v -0.4200000 -0.0084853 0.6484852
v -0.5600000 -0.0045922 0.6510866
v -0.4200000 -0.0045922 0.6510866
f 2001 2002 2004
f 2001 2004 2003
f 2003 2004 2006
f 2003 2006 2005
f 2005 2006 2008
f 2005 2008 2007
f 2007 2008 2010
f 2007 2010 2009
f 2009 2010 2012
f 2009 2012 2011
f 2011 2012 2014
f 2011 2014 2013
f 2013 2014 2016
f 2013 2016 2015
f 2015 2016 2018
f 2015 2018 2017
f 2017 2018 2020
f 2017 2020 2019
f 2019 2020 2022
f 2019 2022 2021
f 2021 2022 2024
f 2021 2024 2023
f 2023 2024 2026
f 2023 2026 2025
f 2025 2026 2028
f 2025 2028 2027
f 2027 2028 2030
f 2027 2030 2029
f 2006 2004 2002
f 2002 2032 2030
f 2030 2028 2026
f 2026 2024 2022
f 2022 2020 2018
f 2018 2016 2014
f 2014 2012 2010
f 2010 2008 2006
f 2006 2002 2030
f 2030 2026 2022
f 2022 2018 2014
f 2014 2010 2006
f 2006 2030 2022
f 2022 2014 2006
f 2029 2030 2032
f 2029 2032 2031
f 2031 2032 2002
f 2031 2002 2001
f 2031 2001 2003
f 2003 2005 2007
f 2007 2009 2011
f 2011 2013 2015
f 2015 2017 2019
f 2019 2021 2023
f 2023 2025 2027
f 2027 2029 2031
f 2031 2003 2007
f 2007 2011 2015
f 2015 2019 2023
f 2023 2027 2031
f 2031 2007 2015
f 2015 2023 2031
v -0.5800000 0.0346410 0.6520000
v -0.5099999 0.1558846 0.6520000
v -0.5839769 0.0369371 0.6510866
v -0.5139769 0.1581807 0.6510865
v -0.5873484 0.0388836 0.6484853
v -0.5173484 0.1601272 0.6484852
v -0.5896012 0.0401843 0.6445922
v -0.5196012 0.1614279 0.6445922
v -0.5903923 0.0406410 0.6400000
v -0.5203922 0.1618846 0.6400000
v -0.5896012 0.0401843 0.6354078
v -0.5196012 0.1614279 0.6354077
v -0.5873484 0.0388836 0.6315147
v -0.5173484 0.1601272 0.6315147
v -0.5839769 0.0369371 0.6289135
v -0.5139769 0.1581807 0.6289134
v -0.5800000 0.0346410 0.6280000
v -0.5099999 0.1558846 0.6280000
v -0.5760230 0.0323449 0.6289135
v -0.5060230 0.1535885 0.6289134
v -0.5726515 0.0303984 0.6315147
v -0.5026515 0.1516420 0.6315147
v -0.5703987 0.0290977 0.6354078
v -0.5003987 0.1503413 0.6354077
v -0.5696077 0.0286410 0.6400000
v -0.4996077 0.1498846 0.6400000
v -0.5703987 0.0290977 0.6445922
v -0.5003987 0.1503413 0.6445922
v -0.5726515 0.0303984 0.6484853
v -0.5026515 0.1516420 0.6484852
v -0.5760230 0.0323449 0.6510866
v -0.5060230 0.1535885 0.6510865
f 2033 2034 2036
f 2033 2036 2035
f 2035 2036 2038
f 2035 2038 2037
f 2037 2038 2040
f 2037 2040 2039
f 2039 2040 2042
f 2039 2042 2041
f 2041 2042 2044
f 2041 2044 2043
f 2043 2044 2046
f 2043 2046 2045
f 2045 2046 2048
f 2045 2048 2047
f 2047 2048 2050
f 2047 2050 2049
f 2049 2050 2052
f 2049 2052 2051
f 2051 2052 2054
f 2051 2054 2053
f 2053 2054 2056
f 2053 2056 2055
f 2055 2056 2058
f 2055 2058 2057
f 2057 2058 2060
f 2057 2060 2059
f 2059 2060 2062
f 2059 2062 2061
f 2038 2036 2034
f 2034 2064 2062
f 2062 2060 2058
f 2058 2056 2054
f 2054 2052 2050
f 2050 2048 2046
f 2046 2044 2042
f 2042 2040 2038
f 2038 2034 2062
f 2062 2058 2054
f 2054 2050 2046
f 2046 2042 2038
f 2038 2062 2054
f 2054 2046 2038
f 2061 2062 2064
f 2061 2064 2063
f 2063 2064 2034
f 2063 2034 2033
f 2063 2033 2035
f 2035 2037 2039
f 2039 2041 2043
f 2043 2045 2047
f 2047 2049 2051
f 2051 2053 2055
f 2055 2057 2059
f 2059 2061 2063
f 2063 2035 2039
f 2039 2043 2047
f 2047 2051 2055
f 2055 2059 2063
f 2063 2039 2047
f 2047 2055 2063
v -0.6199999 0.0346410 0.6520000
v -0.6900000 0.1558846 0.6520000
v -0.6239769 0.0323449 0.6510866
v -0.6939769 0.1535885 0.6510865
v -0.6273484 0.0303984 0.6484853
v -0.6973484 0.1516420 0.6484852
v -0.6296012 0.0290977 0.6445922
v -0.6996012 0.1503413 0.6445922
v -0.6303923 0.0286410 0.6400000
v -0.7003923 0.1498846 0.6400000
v -0.6296012 0.0290977 0.6354078
v -0.6996012 0.1503413 0.6354077
v -0.6273484 0.0303984 0.6315147
v -0.6973484 0.1516420 0.6315147
v -0.6239769 0.0323449 0.6289135
v -0.6939769 0.1535885 0.6289134
v -0.6199999 0.0346410 0.6280000
v -0.6900000 0.1558846 0.6280000
v -0.6160230 0.0369371 0.6289135
v -0.6860230 0.1581807 0.6289134
v -0.6126515 0.0388836 0.6315147
v -0.6826515 0.1601272 0.6315147
v -0.6103987 0.0401843 0.6354078
v -0.6803987 0.1614279 0.6354077
v -0.6096076 0.0406410 0.6400000
v -0.6796077 0.1618846 0.6400000
v -0.6103987 0.0401843 0.6445922
v -0.6803987 0.1614279 0.6445922
v -0.6126515 0.0388836 0.6484853
v -0.6826515 0.1601272 0.6484852
v -0.6160230 0.0369371 0.6510866
v -0.6860230 0.1581807 0.6510865
f 2065 2066 2068
f 2065 2068 2067
f 2067 2068 2070
f 2067 2070 2069
f 2069 2070 2072
f 2069 2072 2071
f 2071 2072 2074
f 2071 2074 2073
f 2073 2074 2076
f 2073 2076 2075
f 2075 2076 2078
f 2075 2078 2077
f 2077 2078 2080
f 2077 2080 2079
f 2079 2080 2082
f 2079 2082 2081
f 2081 2082 2084
f 2081 2084 2083
f 2083 2084 2086
f 2083 2086 2085
f 2085 2086 2088
f 2085 2088 2087
f 2087 2088 2090
f 2087 2090 2089
f 2089 2090 2092
f 2089 2092 2091
f 2091 2092 2094
f 2091 2094 2093
f 2070 2068 2066
f 2066 2096 2094
f 2094 2092 2090
f 2090 2088 2086
f 2086 2084 2082
f 2082 2080 2078
f 2078 2076 2074
f 2074 2072 2070
f 2070 2066 2094
f 2094 2090 2086
f 2086 2082 2078
f 2078 2074 2070
f 2070 2094 2086
f 2086 2078 2070
f 2093 2094 2096
f 2093 2096 2095
f 2095 2096 2066
f 2095 2066 2065
f 2095 2065 2067
f 2067 2069 2071
f 2071 2073 2075
f 2075 2077 2079
f 2079 2081 2083
f 2083 2085 2087
f 2087 2089 2091
f 2091 2093 2095
f 2095 2067 2071
f 2071 2075 2079
f 2079 2083 2087
f 2087 2091 2095
f 2095 2071 2079
f 2079 2087 2095
v -0.6400000 0.0000000 0.6520000
v -0.7800000 0.0000000 0.6520000
v -0.6400000 -0.0045922 0.6510865
v -0.7800000 -0.0045922 0.6510866
v -0.6400000 -0.0084853 0.6484852
v -0.7800000 -0.0084853 0.6484852
v -0.6400000 -0.0110866 0.6445922
v -0.7800000 -0.0110866 0.6445922
v -0.6400000 -0.0120000 0.6400000
v -0.7800000 -0.0120000 0.6400000
v -0.6400000 -0.0110866 0.6354078
v -0.7800000 -0.0110866 0.6354078
v -0.6400000 -0.0084853 0.6315147
v -0.7800000 -0.0084853 0.6315147
v -0.6400000 -0.0045922 0.6289134
v -0.7800000 -0.0045922 0.6289135
v -0.6400000 -0.0000000 0.6280000
v -0.7800000 -0.0000000 0.6280000
v -0.6400000 0.0045922 0.6289134
v -0.7800000 0.0045922 0.6289135
v -0.6400000 0.0084853 0.6315147
v -0.7800000 0.0084853 0.6315147
v -0.6400000 0.0110866 0.6354078
v -0.7800000 0.0110866 0.6354078
v -0.6400000 0.0120000 0.6400000
v -0.7800000 0.0120000 0.6400000
v -0.6400000 0.0110866 0.6445922
v -0.7800000 0.0110866 0.6445922
v -0.6400000 0.0084853 0.6484852
v -0.7800000 0.0084853 0.6484852
v -0.6400000 0.0045922 0.6510865
v -0.7800000 0.0045922 0.6510866
f 2097 2098 2100
f 2097 2100 2099
f 2099 2100 2102
f 2099 2102 2101
f 2101 2102 2104
f 2101 2104 2103
f 2103 2104 2106
f 2103 2106 2105
f 2105 2106 2108
f 2105 2108 2107
f 2107 2108 2110
f 2107 2110 2109
f 2109 2110 2112
f 2109 2112 2111
f 2111 2112 2114
f 2111 2114 2113
f 2113 2114 2116
f 2113 2116 2115
f 2115 2116 2118
f 2115 2118 2117
f 2117 2118 2120
f 2117 2120 2119
f 2119 2120 2122
f 2119 2122 2121
f 2121 2122 2124
f 2121 2124 2123
f 2123 2124 2126
f 2123 2126 2125
f 2102 2100 2098
f 2098 2128 2126
f 2126 2124 2122
f 2122 2120 2118
f 2118 2116 2114
f 2114 2112 2110
f 2110 2108 2106
f 2106 2104 2102
f 2102 2098 2126
f 2126 2122 2118
f 2118 2114 2110
f 2110 2106 2102
f 2102 2126 2118
f 2118 2110 2102
f 2125 2126 2128
f 2125 2128 2127
f 2127 2128 2098
f 2127 2098 2097
f 2127 2097 2099
f 2099 2101 2103
f 2103 2105 2107
f 2107 2109 2111
f 2111 2113 2115
f 2115 2117 2119
f 2119 2121 2123
f 2123 2125 2127
f 2127 2099 2103
f 2103 2107 2111
f 2111 2115 2119
f 2119 2123 2127
f 2127 2103 2111
f 2111 2119 2127
v -0.6200000 -0.0346410 0.6520000
v -0.6899999 -0.1558846 0.6520000
v -0.6160230 -0.0369371 0.6510866
v -0.6860230 -0.1581807 0.6510865
v -0.6126515 -0.0388836 0.6484852
v -0.6826515 -0.1601272 0.6484852
v -0.6103987 -0.0401843 0.6445922
v -0.6803987 -0.1614279 0.6445922
v -0.6096077 -0.0406410 0.6400000
v -0.6796077 -0.1618846 0.6400000
v -0.6103987 -0.0401843 0.6354078
v -0.6803987 -0.1614279 0.6354078
v -0.6126515 -0.0388836 0.6315147
v -0.6826515 -0.1601272 0.6315147
v -0.6160230 -0.0369371 0.6289135
v -0.6860230 -0.1581807 0.6289134
v -0.6200000 -0.0346410 0.6280000
v -0.6899999 -0.1558846 0.6280000
v -0.6239769 -0.0323449 0.6289135
v -0.6939769 -0.1535885 0.6289134
v -0.6273484 -0.0303984 0.6315147
v -0.6973484 -0.1516419 0.6315147
v -0.6296012 -0.0290977 0.6354078
v -0.6996012 -0.1503413 0.6354078
v -0.6303923 -0.0286410 0.6400000
v -0.7003922 -0.1498846 0.6400000
v -0.6296012 -0.0290977 0.6445922
v -0.6996012 -0.1503413 0.6445922
v -0.6273484 -0.0303984 0.6484852
v -0.6973484 -0.1516420 0.6484852
v -0.6239769 -0.0323449 0.6510866
v -0.6939769 -0.1535885 0.6510865
f 2129 2130 2132
f 2129 2132 2131
f 2131 2132 2134
f 2131 2134 2133
f 2133 2134 2136
f 2133 2136 2135
f 2135 2136 2138
f 2135 2138 2137
f 2137 2138 2140
f 2137 2140 2139
f 2139 2140 2142
f 2139 2142 2141
f 2141 2142 2144
f 2141 2144 2143
f 2143 2144 2146
f 2143 2146 2145
f 2145 2146 2148
f 2145 2148 2147
f 2147 2148 2150
f 2147 2150 2149
f 2149 2150 2152
f 2149 2152 2151
f 2151 2152 2154
f 2151 2154 2153
f 2153 2154 2156
f 2153 2156 2155
f 2155 2156 2158
f 2155 2158 2157
f 2134 2132 2130
f 2130 2160 2158
f 2158 2156 2154
f 2154 2152 2150
f 2150 2148 2146
f 2146 2144 2142
f 2142 2140 2138
f 2138 2136 2134
f 2134 2130 2158
f 2158 2154 2150
f 2150 2146 2142
f 2142 2138 2134
f 2134 2158 2150
f 2150 2142 2134
f 2157 2158 2160
f 2157 2160 2159
f 2159 2160 2130
f 2159 2130 2129
f 2159 2129 2131
f 2131 2133 2135
f 2135 2137 2139
f 2139 2141 2143
f 2143 2145 2147
f 2147 2149 2151
f 2151 2153 2155
f 2155 2157 2159
f 2159 2131 2135
f 2135 2139 2143
f 2143 2147 2151
f 2151 2155 2159
f 2159 2135 2143
f 2143 2151 2159
v -0.5799999 -0.0346410 0.6520000
v -0.5100000 -0.1558846 0.6520000
v -0.5760230 -0.0323449 0.6510866
v -0.5060230 -0.1535885 0.6510865
v -0.5726515 -0.0303984 0.6484852
v -0.5026515 -0.1516420 0.6484852
v -0.5703987 -0.0290977 0.6445922
v -0.5003987 -0.1503413 0.6445922
v -0.5696077 -0.0286410 0.6400000
v -0.4996077 -0.1498846 0.6400000
v -0.5703987 -0.0290977 0.6354078
v -0.5003987 -0.1503413 0.6354078
v -0.5726515 -0.0303984 0.6315147
v -0.5026515 -0.1516419 0.6315147
v -0.5760230 -0.0323449 0.6289135
v -0.5060230 -0.1535885 0.6289134
v -0.5799999 -0.0346410 0.6280000
v -0.5100000 -0.1558846 0.6280000
v -0.5839769 -0.0369371 0.6289135
v -0.5139769 -0.1581807 0.6289134
v -0.5873484 -0.0388836 0.6315147
v -0.5173484 -0.1601272 0.6315147
v -0.5896012 -0.0401843 0.6354078
v -0.5196012 -0.1614279 0.6354078
v -0.5903922 -0.0406410 0.6400000
v -0.5203922 -0.1618846 0.6400000
v -0.5896012 -0.0401843 0.6445922
v -0.5196012 -0.1614279 0.6445922
v -0.5873484 -0.0388836 0.6484852
v -0.5173484 -0.1601272 0.6484852
v -0.5839769 -0.0369371 0.6510866
v -0.5139769 -0.1581807 0.6510865
f 2161 2162 2164
f 2161 2164 2163
f 2163 2164 2166
f 2163 2166 2165
f 2165 2166 2168
f 2165 2168 2167
f 2167 2168 2170
f 2167 2170 2169
f 2169 2170 2172
f 2169 2172 2171
f 2171 2172 2174
f 2171 2174 2173
f 2173 2174 2176
f 2173 2176 2175
f 2175 2176 2178
f 2175 2178 2177
f 2177 2178 2180
f 2177 2180 2179
f 2179 2180 2182
f 2179 2182 2181
f 2181 2182 2184
f 2181 2184 2183
f 2183 2184 2186
f 2183 2186 2185
f 2185 2186 2188
f 2185 2188 2187
f 2187 2188 2190
f 2187 2190 2189
f 2166 2164 2162
f 2162 2192 2190
f 2190 2188 2186
f 2186 2184 2182
f 2182 2180 2178
f 2178 2176 2174
f 2174 2172 2170
f 2170 2168 2166
f 2166 2162 2190
f 2190 2186 2182
f 2182 2178 2174
f 2174 2170 2166
f 2166 2190 2182
f 2182 2174 2166
f 2189 2190 2192
f 2189 2192 2191
f 2191 2192 2162
f 2191 2162 2161
f 2191 2161 2163
f 2163 2165 2167
f 2167 2169 2171
f 2171 2173 2175
f 2175 2177 2179
f 2179 2181 2183
f 2183 2185 2187
f 2187 2189 2191
f 2191 2163 2167
f 2167 2171 2175
f 2175 2179 2183
f 2183 2187 2191
f 2191 2167 2175
f 2175 2183 2191
v -0.6000000 -0.0500000 0.3500000
v -0.6000000 0.0500000 0.3500000
v -0.6191342 -0.0500000 0.3461940
v -0.6191342 0.0500000 0.3461940
v -0.6353554 -0.0500000 0.3353554
v -0.6353554 0.0500000 0.3353553
v -0.6461940 -0.0500000 0.3191342
v -0.6461940 0.0500000 0.3191342
v -0.6500000 -0.0500000 0.3000000
v -0.6500000 0.0500000 0.3000000
v -0.6461940 -0.0500000 0.2808658
v -0.6461940 0.0500000 0.2808658
v -0.6353554 -0.0500000 0.2646447
v -0.6353554 0.0500000 0.2646447
v -0.6191342 -0.0500000 0.2538061
v -0.6191342 0.0500000 0.2538060
v -0.6000000 -0.0500000 0.2500000
v -0.6000000 0.0500000 0.2500000
v -0.5808659 -0.0500000 0.2538060
v -0.5808659 0.0500000 0.2538060
v -0.5646447 -0.0500000 0.2646447
v -0.5646447 0.0500000 0.2646447
v -0.5538061 -0.0500000 0.2808658
v -0.5538061 0.0500000 0.2808658
v -0.5500000 -0.0500000 0.3000000
v -0.5500000 0.0500000 0.3000000
v -0.5538060 -0.0500000 0.3191342
v -0.5538060 0.0500000 0.3191342
v -0.5646447 -0.0500000 0.3353554
v -0.5646447 0.0500000 0.3353553
v -0.5808659 -0.0500000 0.3461940
v -0.5808659 0.0500000 0.3461940
f 2193 2194 2196
f 2193 2196 2195
f 2195 2196 2198
f 2195 2198 2197
f 2197 2198 2200
f 2197 2200 2199
f 2199 2200 2202
f 2199 2202 2201
f 2201 2202 2204
f 2201 2204 2203
f 2203 2204 2206
f 2203 2206 2205
f 2205 2206 2208
f 2205 2208 2207
f 2207 2208 2210
f 2207 2210 2209
f 2209 2210 2212
f 2209 2212 2211
f 2211 2212 2214
f 2211 2214 2213
f 2213 2214 2216
f 2213 2216 2215
f 2215 2216 2218
f 2215 2218 2217
f 2217 2218 2220
f 2217 2220 2219
f 2219 2220 2222
f 2219 2222 2221
f 2198 2196 2194
f 2194 2224 2222
f 2222 2220 2218
f 2218 2216 2214
f 2214 2212 2210
f 2210 2208 2206
f 2206 2204 2202
f 2202 2200 2198
f 2198 2194 2222
f 2222 2218 2214
f 2214 2210 2206
f 2206 2202 2198
f 2198 2222 2214
f 2214 2206 2198
f 2221 2222 2224
f 2221 2224 2223
f 2223 2224 2194
f 2223 2194 2193
f 2223 2193 2195
f 2195 2197 2199
f 2199 2201 2203
f 2203 2205 2207
f 2207 2209 2211
f 2211 2213 2215
f 2215 2217 2219
f 2219 2221 2223
f 2223 2195 2199
f 2199 2203 2207
f 2207 2211 2215
f 2215 2219 2223
f 2223 2199 2207
f 2207 2215 2223
v -0.6000000 0.0350000 0.3200000
v -0.6000000 0.2250000 0.3200000
v -0.6076537 0.0350000 0.3184776
v -0.6076537 0.2250000 0.3184776
v -0.6141422 0.0350000 0.3141422
v -0.6141422 0.2250000 0.3141421
v -0.6184776 0.0350000 0.3076537
v -0.6184776 0.2250000 0.3076537
v -0.6200000 0.0350000 0.3000000
v -0.6200000 0.2250000 0.3000000
v -0.6184776 0.0350000 0.2923464
v -0.6184776 0.2250000 0.2923463
v -0.6141422 0.0350000 0.2858579
v -0.6141422 0.2250000 0.2858579
v -0.6076537 0.0350000 0.2815224
v -0.6076537 0.2250000 0.2815224
v -0.6000000 0.0350000 0.2800000
v -0.6000000 0.2250000 0.2800000
v -0.5923464 0.0350000 0.2815224
v -0.5923464 0.2250000 0.2815224
v -0.5858579 0.0350000 0.2858579
v -0.5858579 0.2250000 0.2858579
v -0.5815224 0.0350000 0.2923464
v -0.5815224 0.2250000 0.2923463
v -0.5800000 0.0350000 0.3000000
v -0.5800000 0.2250000 0.3000000
v -0.5815224 0.0350000 0.3076537
v -0.5815224 0.2250000 0.3076537
v -0.5858579 0.0350000 0.3141422
v -0.5858579 0.2250000 0.3141421
v -0.5923464 0.0350000 0.3184776
v -0.5923464 0.2250000 0.3184776
f 2225 2226 2228
f 2225 2228 2227
f 2227 2228 2230
f 2227 2230 2229
f 2229 2230 2232
f 2229 2232 2231
f 2231 2232 2234
f 2231 2234 2233
f 2233 2234 2236
f 2233 2236 2235
f 2235 2236 2238
f 2235 2238 2237
f 2237 2238 2240
f 2237 2240 2239
f 2239 2240 2242
f 2239 2242 2241
f 2241 2242 2244
f 2241 2244 2243
f 2243 2244 2246
f 2243 2246 2245
f 2245 2246 2248
f 2245 2248 2247
f 2247 2248 2250
f 2247 2250 2249
f 2249 2250 2252
f 2249 2252 2251
f 2251 2252 2254
f 2251 2254 2253
f 2230 2228 2226
f 2226 2256 2254
f 2254 2252 2250
f 2250 2248 2246
f 2246 2244 2242
f 2242 2240 2238
f 2238 2236 2234
f 2234 2232 2230
f 2230 2226 2254
f 2254 2250 2246
f 2246 2242 2238
f 2238 2234 2230
f 2230 2254 2246
f 2246 2238 2230
f 2253 2254 2256
f 2253 2256 2255
f 2255 2256 2226
f 2255 2226 2225
f 2255 2225 2227
f 2227 2229 2231
f 2231 2233 2235
f 2235 2237 2239
f 2239 2241 2243
f 2243 2245 2247
f 2247 2249 2251
f 2251 2253 2255
f 2255 2227 2231
f 2231 2235 2239
f 2239 2243 2247
f 2247 2251 2255
f 2255 2231 2239
f 2239 2247 2255
v -0.6000000 0.1150000 0.4000000
v -0.6000000 0.1650000 0.4000000
v -0.6382684 0.1150000 0.3923880
v -0.6382684 0.1650000 0.3923880
v -0.6707107 0.1150000 0.3707107
v -0.6707107 0.1650000 0.3707107
v -0.6923880 0.1150000 0.3382684
v -0.6923880 0.1650000 0.3382684
v -0.7000000 0.1150000 0.3000000
v -0.7000000 0.1650000 0.3000000
v -0.6923880 0.1150000 0.2617317
v -0.6923880 0.1650000 0.2617317
v -0.6707107 0.1150000 0.2292893
v -0.6707107 0.1650000 0.2292893
v -0.6382684 0.1150000 0.2076121
v -0.6382684 0.1650000 0.2076121
v -0.6000000 0.1150000 0.2000000
v -0.6000000 0.1650000 0.2000000
v -0.5617317 0.1150000 0.2076121
v -0.5617317 0.1650000 0.2076121
v -0.5292893 0.1150000 0.2292893
v -0.5292893 0.1650000 0.2292893
v -0.5076120 0.1150000 0.2617317
v -0.5076120 0.1650000 0.2617317
v -0.5000000 0.1150000 0.3000000
v -0.5000000 0.1650000 0.3000000
v -0.5076120 0.1150000 0.3382684
v -0.5076120 0.1650000 0.3382683
v -0.5292893 0.1150000 0.3707107
v -0.5292893 0.1650000 0.3707107
v -0.5617316 0.1150000 0.3923880
v -0.5617316 0.1650000 0.3923880
f 2257 2258 2260
f 2257 2260 2259
f 2259 2260 2262
f 2259 2262 2261
f 2261 2262 2264
f 2261 2264 2263
f 2263 2264 2266
f 2263 2266 2265
f 2265 2266 2268
f 2265 2268 2267
f 2267 2268 2270
f 2267 2270 2269
f 2269 2270 2272
f 2269 2272 2271
f 2271 2272 2274
f 2271 2274 2273
f 2273 2274 2276
f 2273 2276 2275
f 2275 2276 2278
f 2275 2278 2277
f 2277 2278 2280
f 2277 2280 2279
f 2279 2280 2282
f 2279 2282 2281
f 2281 2282 2284
f 2281 2284 2283
f 2283 2284 2286
f 2283 2286 2285
f 2262 2260 2258
f 2258 2288 2286
f 2286 2284 2282
f 2282 2280 2278
f 2278 2276 2274
f 2274 2272 2270
f 2270 2268 2266
f 2266 2264 2262
f 2262 2258 2286
f 2286 2282 2278
f 2278 2274 2270
f 2270 2266 2262
f 2262 2286 2278
f 2278 2270 2262
f 2285 2286 2288
f 2285 2288 2287
f 2287 2288 2258
f 2287 2258 2257
f 2287 2257 2259
f 2259 2261 2263
f 2263 2265 2267
f 2267 2269 2271
f 2271 2273 2275
f 2275 2277 2279
f 2279 2281 2283
f 2283 2285 2287
f 2287 2259 2263
f 2263 2267 2271
f 2271 2275 2279
f 2279 2283 2287
f 2287 2263 2271
f 2271 2279 2287
v -0.1800000 0.1150000 0.4150000
v -0.1800000 0.1650000 0.4150000
v -0.2240086 0.1150000 0.4062462
v -0.2240086 0.1650000 0.4062462
v -0.2613173 0.1150000 0.3813173
v -0.2613173 0.1650000 0.3813173
v -0.2862462 0.1150000 0.3440086
v -0.2862462 0.1650000 0.3440086
v -0.2950000 0.1150000 0.3000000
v -0.2950000 0.1650000 0.3000000
v -0.2862462 0.1150000 0.2559914
v -0.2862462 0.1650000 0.2559914
v -0.2613173 0.1150000 0.2186827
v -0.2613173 0.1650000 0.2186827
v -0.2240086 0.1150000 0.1937539
v -0.2240086 0.1650000 0.1937539
v -0.1800000 0.1150000 0.1850000
v -0.1800000 0.1650000 0.1850000
v -0.1359914 0.1150000 0.1937539
v -0.1359914 0.1650000 0.1937539
v -0.0986827 0.1150000 0.2186827
v -0.0986827 0.1650000 0.2186827
v -0.0737538 0.1150000 0.2559914
v -0.0737538 0.1650000 0.2559914
v -0.0650000 0.1150000 0.3000000
v -0.0650000 0.1650000 0.3000000
v -0.0737538 0.1150000 0.3440086
v -0.0737538 0.1650000 0.3440086
v -0.0986827 0.1150000 0.3813173
v -0.0986827 0.1650000 0.3813173
v -0.1359914 0.1150000 0.4062462
v -0.1359914 0.1650000 0.4062462
f 2289 2290 2292
f 2289 2292 2291
f 2291 2292 2294
f 2291 2294 2293
f 2293 2294 2296
f 2293 2296 2295
f 2295 2296 2298
f 2295 2298 2297
f 2297 2298 2300
f 2297 2300 2299
f 2299 2300 2302
f 2299 2302 2301
f 2301 2302 2304
f 2301 2304 2303
f 2303 2304 2306
f 2303 2306 2305
f 2305 2306 2308
f 2305 2308 2307
f 2307 2308 2310
f 2307 2310 2309
f 2309 2310 2312
f 2309 2312 2311
f 2311 2312 2314
f 2311 2314 2313
f 2313 2314 2316
f 2313 2316 2315
f 2315 2316 2318
f 2315 2318 2317
f 2294 2292 2290
f 2290 2320 2318
f 2318 2316 2314
f 2314 2312 2310
f 2310 2308 2306
f 2306 2304 2302
f 2302 2300 2298
f 2298 2296 2294
f 2294 2290 2318
f 2318 2314 2310
f 2310 2306 2302
f 2302 2298 2294
f 2294 2318 2310
f 2310 2302 2294
f 2317 2318 2320
f 2317 2320 2319
f 2319 2320 2290
f 2319 2290 2289
f 2319 2289 2291
f 2291 2293 2295
f 2295 2297 2299
f 2299 2301 2303
f 2303 2305 2307
f 2307 2309 2311
f 2311 2313 2315
f 2315 2317 2319
f 2319 2291 2295
f 2295 2299 2303
f 2303 2307 2311
f 2311 2315 2319
f 2319 2295 2303
f 2303 2311 2319
v -0.6040251 0.1335279 0.4126304
v -0.6041289 0.1375279 0.4155347
v -0.6041289 0.1424721 0.4155347
v -0.6040251 0.1464721 0.4126304
v -0.6038572 0.1480000 0.4079311
v -0.6036892 0.1464721 0.4032318
v -0.6035854 0.1424721 0.4003275
v -0.6035854 0.1375279 0.4003275
v -0.6036892 0.1335279 0.4032318
v -0.6038572 0.1320000 0.4079311
v -0.6043524 0.1335279 0.4126073
v -0.6046584 0.1375279 0.4154973
v -0.6046584 0.1424721 0.4154973
v -0.6043524 0.1464721 0.4126073
v -0.6038572 0.1480000 0.4079311
v -0.6033620 0.1464721 0.4032550
v -0.6030560 0.1424721 0.4003650
v -0.6030560 0.1375279 0.4003650
v -0.6033620 0.1335279 0.4032550
v -0.6038572 0.1320000 0.4079311
v -0.6043524 0.1335279 0.4126073
v -0.6046584 0.1375279 0.4154973
v -0.6046584 0.1424721 0.4154973
v -0.6043524 0.1464721 0.4126073
v -0.6038572 0.1480000 0.4079311
v -0.6033620 0.1464721 0.4032550
v -0.6030560 0.1424721 0.4003650
v -0.6030560 0.1375279 0.4003650
v -0.6033620 0.1335279 0.4032550
v -0.6038572 0.1320000 0.4079311
v -0.6196528 0.1335279 0.4109755
v -0.6201596 0.1375279 0.4138372
v -0.6201596 0.1424721 0.4138372
v -0.6196528 0.1464721 0.4109755
v -0.6188328 0.1480000 0.4063453
v -0.6180128 0.1464721 0.4017151
v -0.6175061 0.1424721 0.3988534
v -0.6175061 0.1375279 0.3988534
v -0.6180128 0.1335279 0.4017151
v -0.6188328 0.1320000 0.4063453
v -0.6348984 0.1335279 0.4071630
v -0.6357983 0.1375279 0.4099264
v -0.6357983 0.1424721 0.4099264
v -0.6348984 0.1464721 0.4071630
v -0.6334423 0.1480000 0.4026918
v -0.6319863 0.1464721 0.3982207
v -0.6310863 0.1424721 0.3954573
v -0.6310863 0.1375279 0.3954573
v -0.6319863 0.1335279 0.3982207
v -0.6334423 0.1320000 0.4026918
v -0.6494655 0.1335279 0.4012668
v -0.6507410 0.1375279 0.4038781
v -0.6507410 0.1424721 0.4038781
v -0.6494655 0.1464721 0.4012668
v -0.6474016 0.1480000 0.3970417
v -0.6453378 0.1464721 0.3928165
v -0.6440623 0.1424721 0.3902052
v -0.6440623 0.1375279 0.3902052
v -0.6453378 0.1335279 0.3928165
v -0.6474016 0.1320000 0.3970417
v -0.6630708 0.1335279 0.3934017
v -0.6646972 0.1375279 0.3958102
v -0.6646972 0.1424721 0.3958102
v -0.6630708 0.1464721 0.3934017
v -0.6604393 0.1480000 0.3895047
v -0.6578078 0.1464721 0.3856077
v -0.6561815 0.1424721 0.3831992
v -0.6561815 0.1375279 0.3831992
v -0.6578078 0.1335279 0.3856077
v -0.6604393 0.1320000 0.3895047
v -0.6754498 0.1335279 0.3837206
v -0.6773954 0.1375279 0.3858794
v -0.6773954 0.1424721 0.3858794
v -0.6754498 0.1464721 0.3837206
v -0.6723018 0.1480000 0.3802275
v -0.6691538 0.1464721 0.3767344
v -0.6672083 0.1424721 0.3745756
v -0.6672083 0.1375279 0.3745756
v -0.6691538 0.1335279 0.3767344
v -0.6723018 0.1320000 0.3802275
v -0.6863618 0.1335279 0.3724117
v -0.6885888 0.1375279 0.3742789
v -0.6885888 0.1424721 0.3742789
v -0.6863618 0.1464721 0.3724117
v -0.6827586 0.1480000 0.3693904
v -0.6791553 0.1464721 0.3663692
v -0.6769283 0.1424721 0.3645020
v -0.6769283 0.1375279 0.3645020
v -0.6791553 0.1335279 0.3663692
v -0.6827586 0.1320000 0.3693904
v -0.6955947 0.1335279 0.3596948
v -0.6980597 0.1375279 0.3612341
v -0.6980597 0.1424721 0.3612341
v -0.6955947 0.1464721 0.3596948
v -0.6916062 0.1480000 0.3572041
v -0.6876177 0.1464721 0.3547135
v -0.6851526 0.1424721 0.3531742
v -0.6851526 0.1375279 0.3531742
v -0.6876177 0.1335279 0.3547135
v -0.6916062 0.1320000 0.3572041
v -0.7029689 0.1335279 0.3458173
v -0.7056240 0.1375279 0.3469987
v -0.7056240 0.1424721 0.3469987
v -0.7029689 0.1464721 0.3458173
v -0.6986727 0.1480000 0.3439056
v -0.6943765 0.1464721 0.3419940
v -0.6917214 0.1424721 0.3408125
v -0.6917214 0.1375279 0.3408125
v -0.6943765 0.1335279 0.3419940
v -0.6986727 0.1320000 0.3439056
v -0.7083410 0.1335279 0.3310489
v -0.7111347 0.1375279 0.3318495
v -0.7111347 0.1424721 0.3318495
v -0.7083410 0.1464721 0.3310489
v -0.7038207 0.1480000 0.3297535
v -0.6993004 0.1464721 0.3284580
v -0.6965067 0.1424721 0.3276574
v -0.6965067 0.1375279 0.3276574
v -0.6993004 0.1335279 0.3284580
v -0.7038207 0.1320000 0.3297535
v -0.7116066 0.1335279 0.3156768
v -0.7144846 0.1375279 0.3160811
v -0.7144846 0.1424721 0.3160811
v -0.7116066 0.1464721 0.3156768
v -0.7069501 0.1480000 0.3150228
v -0.7022935 0.1464721 0.3143687
v -0.6994156 0.1424721 0.3139644
v -0.6994156 0.1375279 0.3139644
v -0.7022935 0.1335279 0.3143687
v -0.7069501 0.1320000 0.3150228
v -0.7127023 0.1335279 0.3000000
v -0.7156085 0.1375279 0.3000000
v -0.7156085 0.1424721 0.3000000
v -0.7127023 0.1464721 0.3000000
v -0.7080000 0.1480000 0.3000000
v -0.7032977 0.1464721 0.3000000
v -0.7003915 0.1424721 0.3000000
v -0.7003915 0.1375279 0.3000000
v -0.7032977 0.1335279 0.3000000
v -0.7080000 0.1320000 0.3000000
v -0.7116066 0.1335279 0.2843232
v -0.7144846 0.1375279 0.2839189
v -0.7144846 0.1424721 0.2839189
v -0.7116066 0.1464721 0.2843232
v -0.7069501 0.1480000 0.2849773
v -0.7022935 0.1464721 0.2856313
v -0.6994156 0.1424721 0.2860356
v -0.6994156 0.1375279 0.2860356
v -0.7022935 0.1335279 0.2856313
v -0.7069501 0.1320000 0.2849773
v -0.7083410 0.1335279 0.2689511
v -0.7111347 0.1375279 0.2681505
v -0.7111347 0.1424721 0.2681505
v -0.7083410 0.1464721 0.2689511
v -0.7038207 0.1480000 0.2702466
v -0.6993004 0.1464721 0.2715420
v -0.6965067 0.1424721 0.2723427
v -0.6965067 0.1375279 0.2723427
v -0.6993004 0.1335279 0.2715420
v -0.7038207 0.1320000 0.2702466
v -0.7029689 0.1335279 0.2541828
v -0.7056240 0.1375279 0.2530013
v -0.7056240 0.1424721 0.2530013
v -0.7029689 0.1464721 0.2541828
v -0.6986727 0.1480000 0.2560944
v -0.6943765 0.1464721 0.2580060
v -0.6917214 0.1424721 0.2591875
v -0.6917214 0.1375279 0.2591875
v -0.6943765 0.1335279 0.2580060
v -0.6986727 0.1320000 0.2560944
v -0.6955947 0.1335279 0.2403052
v -0.6980597 0.1375279 0.2387659
v -0.6980597 0.1424721 0.2387659
v -0.6955947 0.1464721 0.2403052
v -0.6916062 0.1480000 0.2427959
v -0.6876177 0.1464721 0.2452865
v -0.6851526 0.1424721 0.2468258
v -0.6851526 0.1375279 0.2468258
v -0.6876177 0.1335279 0.2452865
v -0.6916062 0.1320000 0.2427959
v -0.6863618 0.1335279 0.2275884
v -0.6885888 0.1375279 0.2257212
v -0.6885888 0.1424721 0.2257212
v -0.6863618 0.1464721 0.2275884
v -0.6827586 0.1480000 0.2306096
v -0.6791553 0.1464721 0.2336308
v -0.6769283 0.1424721 0.2354981
v -0.6769283 0.1375279 0.2354981
v -0.6791553 0.1335279 0.2336308
v -0.6827586 0.1320000 0.2306096
v -0.6754498 0.1335279 0.2162794
v -0.6773954 0.1375279 0.2141206
v -0.6773954 0.1424721 0.2141206
v -0.6754498 0.1464721 0.2162794
v -0.6723018 0.1480000 0.2197725
v -0.6691538 0.1464721 0.2232656
v -0.6672083 0.1424721 0.2254244
v -0.6672083 0.1375279 0.2254244
v -0.6691538 0.1335279 0.2232656
v -0.6723018 0.1320000 0.2197725
v -0.6630708 0.1335279 0.2065983
v -0.6646972 0.1375279 0.2041898
v -0.6646972 0.1424721 0.2041898
v -0.6630708 0.1464721 0.2065983
v -0.6604393 0.1480000 0.2104953
v -0.6578078 0.1464721 0.2143923
v -0.6561815 0.1424721 0.2168008
v -0.6561815 0.1375279 0.2168008
v -0.6578078 0.1335279 0.2143923
v -0.6604393 0.1320000 0.2104953
v -0.6494655 0.1335279 0.1987332
v -0.6507410 0.1375279 0.1961219
v -0.6507410 0.1424721 0.1961219
v -0.6494655 0.1464721 0.1987332
v -0.6474016 0.1480000 0.2029583
v -0.6453378 0.1464721 0.2071835
v -0.6440623 0.1424721 0.2097948
v -0.6440623 0.1375279 0.2097948
v -0.6453378 0.1335279 0.2071835
v -0.6474016 0.1320000 0.2029583
v -0.6348984 0.1335279 0.1928370
v -0.6357983 0.1375279 0.1900737
v -0.6357983 0.1424721 0.1900737
v -0.6348984 0.1464721 0.1928370
v -0.6334423 0.1480000 0.1973082
v -0.6319863 0.1464721 0.2017794
v -0.6310863 0.1424721 0.2045427
v -0.6310863 0.1375279 0.2045427
v -0.6319863 0.1335279 0.2017794
v -0.6334423 0.1320000 0.1973082
v -0.6196528 0.1335279 0.1890245
v -0.6201596 0.1375279 0.1861628
v -0.6201596 0.1424721 0.1861628
v -0.6196528 0.1464721 0.1890245
v -0.6188328 0.1480000 0.1936547
v -0.6180128 0.1464721 0.1982849
v -0.6175061 0.1424721 0.2011466
v -0.6175061 0.1375279 0.2011466
v -0.6180128 0.1335279 0.1982849
v -0.6188328 0.1320000 0.1936547
v -0.6041889 0.1335279 0.1873783
v -0.6043940 0.1375279 0.1844794
v -0.6043940 0.1424721 0.1844794
v -0.6041889 0.1464721 0.1873783
v -0.6038572 0.1480000 0.1920689
v -0.6035254 0.1464721 0.1967595
v -0.6033204 0.1424721 0.1996584
v -0.6033204 0.1375279 0.1996584
v -0.6035254 0.1335279 0.1967595
v -0.6038572 0.1320000 0.1920689
v -0.1844035 0.1335279 0.1723762
v -0.1844100 0.1375279 0.1694701
v -0.1844100 0.1424721 0.1694701
v -0.1844035 0.1464721 0.1723762
v -0.1843929 0.1480000 0.1770785
v -0.1843823 0.1464721 0.1817808
v -0.1843757 0.1424721 0.1846869
v -0.1843757 0.1375279 0.1846869
v -0.1843823 0.1335279 0.1817808
v -0.1843929 0.1320000 0.1770785
v -0.1674856 0.1335279 0.1729124
v -0.1672008 0.1375279 0.1700202
v -0.1672008 0.1424721 0.1700202
v -0.1674856 0.1464721 0.1729124
v -0.1679464 0.1480000 0.1775920
v -0.1684072 0.1464721 0.1822717
v -0.1686920 0.1424721 0.1851639
v -0.1686920 0.1375279 0.1851639
v -0.1684072 0.1335279 0.1822717
v -0.1679464 0.1320000 0.1775920
v -0.1506343 0.1335279 0.1757200
v -0.1499660 0.1375279 0.1728917
v -0.1499660 0.1424721 0.1728917
v -0.1506343 0.1464721 0.1757200
v -0.1517156 0.1480000 0.1802962
v -0.1527969 0.1464721 0.1848725
v -0.1534652 0.1424721 0.1877008
v -0.1534652 0.1375279 0.1877008
v -0.1527969 0.1335279 0.1848725
v -0.1517156 0.1320000 0.1802962
v -0.1343085 0.1335279 0.1807517
v -0.1332687 0.1375279 0.1780379
v -0.1332687 0.1424721 0.1780379
v -0.1343085 0.1464721 0.1807517
v -0.1359910 0.1480000 0.1851427
v -0.1376734 0.1464721 0.1895337
v -0.1387133 0.1424721 0.1922475
v -0.1387133 0.1375279 0.1922475
v -0.1376734 0.1335279 0.1895337
v -0.1359910 0.1320000 0.1851427
v -0.1188005 0.1335279 0.1879175
v -0.1174077 0.1375279 0.1853668
v -0.1174077 0.1424721 0.1853668
v -0.1188005 0.1464721 0.1879175
v -0.1210540 0.1480000 0.1920446
v -0.1233075 0.1464721 0.1961718
v -0.1247002 0.1424721 0.1987225
v -0.1247002 0.1375279 0.1987225
v -0.1233075 0.1335279 0.1961718
v -0.1210540 0.1320000 0.1920446
v -0.1043876 0.1335279 0.1970892
v -0.1026669 0.1375279 0.1947472
v -0.1026669 0.1424721 0.1947472
v -0.1043876 0.1464721 0.1970892
v -0.1071719 0.1480000 0.2008786
v -0.1099561 0.1464721 0.2046680
v -0.1116768 0.1424721 0.2070100
v -0.1116768 0.1375279 0.2070100
v -0.1099561 0.1335279 0.2046680
v -0.1071719 0.1320000 0.2008786
v -0.0913280 0.1335279 0.2081025
v -0.0893101 0.1375279 0.2060112
v -0.0893101 0.1424721 0.2060112
v -0.0913280 0.1464721 0.2081025
v -0.0945931 0.1480000 0.2114864
v -0.0978582 0.1464721 0.2148703
v -0.0998761 0.1424721 0.2169616
v -0.0998761 0.1375279 0.2169616
v -0.0978582 0.1335279 0.2148703
v -0.0945931 0.1320000 0.2114864
v -0.0798552 0.1335279 0.2207605
v -0.0775762 0.1375279 0.2189572
v -0.0775762 0.1424721 0.2189572
v -0.0798552 0.1464721 0.2207605
v -0.0835428 0.1480000 0.2236783
v -0.0872304 0.1464721 0.2265960
v -0.0895094 0.1424721 0.2283993
v -0.0895094 0.1375279 0.2283993
v -0.0872304 0.1335279 0.2265960
v -0.0835428 0.1320000 0.2236783
v -0.0701747 0.1335279 0.2348366
v -0.0676754 0.1375279 0.2333536
v -0.0676754 0.1424721 0.2333536
v -0.0701747 0.1464721 0.2348366
v -0.0742187 0.1480000 0.2372360
v -0.0782627 0.1464721 0.2396355
v -0.0807621 0.1424721 0.2411184
v -0.0807621 0.1375279 0.2411184
v -0.0782627 0.1335279 0.2396355
v -0.0742187 0.1320000 0.2372360
v -0.0624596 0.1335279 0.2500788
v -0.0597847 0.1375279 0.2489427
v -0.0597847 0.1424721 0.2489427
v -0.0624596 0.1464721 0.2500788
v -0.0667877 0.1480000 0.2519170
v -0.0711158 0.1464721 0.2537552
v -0.0737907 0.1424721 0.2548913
v -0.0737907 0.1375279 0.2548913
v -0.0711158 0.1335279 0.2537552
v -0.0667877 0.1320000 0.2519170
v -0.0568480 0.1335279 0.2662144
v -0.0540454 0.1375279 0.2654456
v -0.0540454 0.1424721 0.2654456
v -0.0568480 0.1464721 0.2662144
v -0.0613828 0.1480000 0.2674585
v -0.0659175 0.1464721 0.2687026
v -0.0687201 0.1424721 0.2694714
v -0.0687201 0.1375279 0.2694714
v -0.0659175 0.1335279 0.2687026
v -0.0613828 0.1320000 0.2674585
v -0.0534404 0.1335279 0.2829547
v -0.0505602 0.1375279 0.2825668
v -0.0505602 0.1424721 0.2825668
v -0.0534404 0.1464721 0.2829547
v -0.0581006 0.1480000 0.2835823
v -0.0627608 0.1464721 0.2842100
v -0.0656410 0.1424721 0.2845979
v -0.0656410 0.1375279 0.2845979
v -0.0627608 0.1335279 0.2842100
v -0.0581006 0.1320000 0.2835823
v -0.0522977 0.1335279 0.3000000
v -0.0493915 0.1375279 0.3000000
v -0.0493915 0.1424721 0.3000000
v -0.0522977 0.1464721 0.3000000
v -0.0570000 0.1480000 0.3000000
v -0.0617023 0.1464721 0.3000000
v -0.0646085 0.1424721 0.3000000
v -0.0646085 0.1375279 0.3000000
v -0.0617023 0.1335279 0.3000000
v -0.0570000 0.1320000 0.3000000
v -0.0534404 0.1335279 0.3170453
v -0.0505602 0.1375279 0.3174332
v -0.0505602 0.1424721 0.3174332
v -0.0534404 0.1464721 0.3170453
v -0.0581006 0.1480000 0.3164177
v -0.0627608 0.1464721 0.3157901
v -0.0656410 0.1424721 0.3154022
v -0.0656410 0.1375279 0.3154022
v -0.0627608 0.1335279 0.3157901
v -0.0581006 0.1320000 0.3164177
v -0.0568480 0.1335279 0.3337856
v -0.0540454 0.1375279 0.3345545
v -0.0540454 0.1424721 0.3345545
v -0.0568480 0.1464721 0.3337856
v -0.0613828 0.1480000 0.3325415
v -0.0659175 0.1464721 0.3312975
v -0.0687201 0.1424721 0.3305286
v -0.0687201 0.1375279 0.3305286
v -0.0659175 0.1335279 0.3312975
v -0.0613828 0.1320000 0.3325415
v -0.0624596 0.1335279 0.3499212
v -0.0597847 0.1375279 0.3510573
v -0.0597847 0.1424721 0.3510573
v -0.0624596 0.1464721 0.3499212
v -0.0667877 0.1480000 0.3480830
v -0.0711158 0.1464721 0.3462448
v -0.0737907 0.1424721 0.3451087
v -0.0737907 0.1375279 0.3451087
v -0.0711158 0.1335279 0.3462448
v -0.0667877 0.1320000 0.3480830
v -0.0701747 0.1335279 0.3651635
v -0.0676754 0.1375279 0.3666464
v -0.0676754 0.1424721 0.3666464
v -0.0701747 0.1464721 0.3651635
v -0.0742187 0.1480000 0.3627640
v -0.0782627 0.1464721 0.3603645
v -0.0807621 0.1424721 0.3588816
v -0.0807621 0.1375279 0.3588816
v -0.0782627 0.1335279 0.3603645
v -0.0742187 0.1320000 0.3627640
v -0.0798552 0.1335279 0.3792395
v -0.0775762 0.1375279 0.3810428
v -0.0775762 0.1424721 0.3810428
v -0.0798552 0.1464721 0.3792395
v -0.0835428 0.1480000 0.3763218
v -0.0872304 0.1464721 0.3734040
v -0.0895094 0.1424721 0.3716007
v -0.0895094 0.1375279 0.3716007
v -0.0872304 0.1335279 0.3734040
v -0.0835428 0.1320000 0.3763218
v -0.0913280 0.1335279 0.3918975
v -0.0893101 0.1375279 0.3939888
v -0.0893101 0.1424721 0.3939888
v -0.0913280 0.1464721 0.3918975
v -0.0945931 0.1480000 0.3885136
v -0.0978582 0.1464721 0.3851297
v -0.0998761 0.1424721 0.3830384
v -0.0998761 0.1375279 0.3830384
v -0.0978582 0.1335279 0.3851297
v -0.0945931 0.1320000 0.3885136
v -0.1043876 0.1335279 0.4029109
v -0.1026669 0.1375279 0.4052528
v -0.1026669 0.1424721 0.4052528
v -0.1043876 0.1464721 0.4029109
v -0.1071719 0.1480000 0.3991215
v -0.1099561 0.1464721 0.3953321
v -0.1116768 0.1424721 0.3929901
v -0.1116768 0.1375279 0.3929901
v -0.1099561 0.1335279 0.3953321
v -0.1071719 0.1320000 0.3991215
v -0.1188005 0.1335279 0.4120825
v -0.1174077 0.1375279 0.4146332
v -0.1174077 0.1424721 0.4146332
v -0.1188005 0.1464721 0.4120825
v -0.1210540 0.1480000 0.4079554
v -0.1233075 0.1464721 0.4038283
v -0.1247002 0.1424721 0.4012776
v -0.1247002 0.1375279 0.4012776
v -0.1233075 0.1335279 0.4038283
v -0.1210540 0.1320000 0.4079554
v -0.1343085 0.1335279 0.4192483
v -0.1332687 0.1375279 0.4219621
v -0.1332687 0.1424721 0.4219621
v -0.1343085 0.1464721 0.4192483
v -0.1359910 0.1480000 0.4148573
v -0.1376734 0.1464721 0.4104663
v -0.1387133 0.1424721 0.4077526
v -0.1387133 0.1375279 0.4077526
v -0.1376734 0.1335279 0.4104663
v -0.1359910 0.1320000 0.4148573
v -0.1506343 0.1335279 0.4242800
v -0.1499660 0.1375279 0.4271083
v -0.1499660 0.1424721 0.4271083
v -0.1506343 0.1464721 0.4242800
v -0.1517156 0.1480000 0.4197038
v -0.1527969 0.1464721 0.4151275
v -0.1534652 0.1424721 0.4122992
v -0.1534652 0.1375279 0.4122992
v -0.1527969 0.1335279 0.4151275
v -0.1517156 0.1320000 0.4197038
v -0.1674856 0.1335279 0.4270876
v -0.1672008 0.1375279 0.4299798
v -0.1672008 0.1424721 0.4299798
v -0.1674856 0.1464721 0.4270876
v -0.1679464 0.1480000 0.4224080
v -0.1684072 0.1464721 0.4177283
v -0.1686920 0.1424721 0.4148362
v -0.1686920 0.1375279 0.4148362
v -0.1684072 0.1335279 0.4177283
v -0.1679464 0.1320000 0.4224080
v -0.1844035 0.1335279 0.4276238
v -0.1844100 0.1375279 0.4305300
v -0.1844100 0.1424721 0.4305300
v -0.1844035 0.1464721 0.4276238
v -0.1843929 0.1480000 0.4229215
v -0.1843823 0.1464721 0.4182193
v -0.1843757 0.1424721 0.4153131
v -0.1843757 0.1375279 0.4153131
v -0.1843823 0.1335279 0.4182193
v -0.1843929 0.1320000 0.4229215
v -0.6040251 0.1335279 0.4126304
v -0.6041289 0.1375279 0.4155347
v -0.6041289 0.1424721 0.4155347
v -0.6040251 0.1464721 0.4126304
v -0.6038572 0.1480000 0.4079311
v -0.6036892 0.1464721 0.4032318
v -0.6035854 0.1424721 0.4003275
v -0.6035854 0.1375279 0.4003275
v -0.6036892 0.1335279 0.4032318
v -0.6038572 0.1320000 0.4079311
f 2328 2326 2327
f 2329 2326 2328
f 2330 2326 2329
f 2330 2325 2326
f 2321 2325 2330
f 2321 2324 2325
f 2322 2324 2321
f 2322 2323 2324
f 2336 2338 2337
f 2336 2339 2338
f 2335 2339 2336
f 2335 2340 2339
f 2334 2340 2335
f 2334 2331 2340
f 2333 2331 2334
f 2333 2332 2331
f 2341 2351 2360
f 2341 2360 2350
f 2342 2352 2351
f 2342 2351 2341
f 2343 2353 2352
f 2343 2352 2342
f 2344 2354 2353
f 2344 2353 2343
f 2345 2355 2354
f 2345 2354 2344
f 2346 2356 2355
f 2346 2355 2345
f 2347 2357 2356
f 2347 2356 2346
f 2348 2358 2357
f 2348 2357 2347
f 2349 2359 2358
f 2349 2358 2348
f 2350 2360 2359
f 2350 2359 2349
f 2351 2361 2370
f 2351 2370 2360
f 2352 2362 2361
f 2352 2361 2351
f 2353 2363 2362
f 2353 2362 2352
f 2354 2364 2363
f 2354 2363 2353
f 2355 2365 2364
f 2355 2364 2354
f 2356 2366 2365
f 2356 2365 2355
f 2357 2367 2366
f 2357 2366 2356
f 2358 2368 2367
f 2358 2367 2357
f 2359 2369 2368
f 2359 2368 2358
f 2360 2370 2369
f 2360 2369 2359
f 2361 2371 2380
f 2361 2380 2370
f 2362 2372 2371
f 2362 2371 2361
f 2363 2373 2372
f 2363 2372 2362
f 2364 2374 2373
f 2364 2373 2363
f 2365 2375 2374
f 2365 2374 2364
f 2366 2376 2375
f 2366 2375 2365
f 2367 2377 2376
f 2367 2376 2366
f 2368 2378 2377
f 2368 2377 2367
f 2369 2379 2378
f 2369 2378 2368
f 2370 2380 2379
f 2370 2379 2369
f 2371 2381 2390
f 2371 2390 2380
f 2372 2382 2381
f 2372 2381 2371
f 2373 2383 2382
f 2373 2382 2372
f 2374 2384 2383
f 2374 2383 2373
f 2375 2385 2384
f 2375 2384 2374
f 2376 2386 2385
f 2376 2385 2375
f 2377 2387 2386
f 2377 2386 2376
f 2378 2388 2387
f 2378 2387 2377
f 2379 2389 2388
f 2379 2388 2378
f 2380 2390 2389
f 2380 2389 2379
f 2381 2391 2400
f 2381 2400 2390
f 2382 2392 2391
f 2382 2391 2381
f 2383 2393 2392
f 2383 2392 2382
f 2384 2394 2393
f 2384 2393 2383
f 2385 2395 2394
f 2385 2394 2384
f 2386 2396 2395
f 2386 2395 2385
f 2387 2397 2396
f 2387 2396 2386
f 2388 2398 2397
f 2388 2397 2387
f 2389 2399 2398
f 2389 2398 2388
f 2390 2400 2399
f 2390 2399 2389
f 2391 2401 2410
f 2391 2410 2400
f 2392 2402 2401
f 2392 2401 2391
f 2393 2403 2402
f 2393 2402 2392
f 2394 2404 2403
f 2394 2403 2393
f 2395 2405 2404
f 2395 2404 2394
f 2396 2406 2405
f 2396 2405 2395
f 2397 2407 2406
f 2397 2406 2396
f 2398 2408 2407
f 2398 2407 2397
f 2399 2409 2408
f 2399 2408 2398
f 2400 2410 2409
f 2400 2409 2399
f 2401 2411 2420
f 2401 2420 2410
f 2402 2412 2411
f 2402 2411 2401
f 2403 2413 2412
f 2403 2412 2402
f 2404 2414 2413
f 2404 2413 2403
f 2405 2415 2414
f 2405 2414 2404
f 2406 2416 2415
f 2406 2415 2405
f 2407 2417 2416
f 2407 2416 2406
f 2408 2418 2417
f 2408 2417 2407
f 2409 2419 2418
f 2409 2418 2408
f 2410 2420 2419
f 2410 2419 2409
f 2411 2421 2430
f 2411 2430 2420
f 2412 2422 2421
f 2412 2421 2411
f 2413 2423 2422
f 2413 2422 2412
f 2414 2424 2423
f 2414 2423 2413
f 2415 2425 2424
f 2415 2424 2414
f 2416 2426 2425
f 2416 2425 2415
f 2417 2427 2426
f 2417 2426 2416
f 2418 2428 2427
f 2418 2427 2417
f 2419 2429 2428
f 2419 2428 2418
f 2420 2430 2429
f 2420 2429 2419
f 2421 2431 2440
f 2421 2440 2430
f 2422 2432 2431
f 2422 2431 2421
f 2423 2433 2432
f 2423 2432 2422
f 2424 2434 2433
f 2424 2433 2423
f 2425 2435 2434
f 2425 2434 2424
f 2426 2436 2435
f 2426 2435 2425
f 2427 2437 2436
f 2427 2436 2426
f 2428 2438 2437
f 2428 2437 2427
f 2429 2439 2438
f 2429 2438 2428
f 2430 2440 2439
f 2430 2439 2429
f 2431 2441 2450
f 2431 2450 2440
f 2432 2442 2441
f 2432 2441 2431
f 2433 2443 2442
f 2433 2442 2432
f 2434 2444 2443
f 2434 2443 2433
f 2435 2445 2444
f 2435 2444 2434
f 2436 2446 2445
f 2436 2445 2435
f 2437 2447 2446
f 2437 2446 2436
f 2438 2448 2447
f 2438 2447 2437
f 2439 2449 2448
f 2439 2448 2438
f 2440 2450 2449
f 2440 2449 2439
f 2441 2451 2460
f 2441 2460 2450
f 2442 2452 2451
f 2442 2451 2441
f 2443 2453 2452
f 2443 2452 2442
f 2444 2454 2453
f 2444 2453 2443
f 2445 2455 2454
f 2445 2454 2444
f 2446 2456 2455
f 2446 2455 2445
f 2447 2457 2456
f 2447 2456 2446
f 2448 2458 2457
f 2448 2457 2447
f 2449 2459 2458
f 2449 2458 2448
f 2450 2460 2459
f 2450 2459 2449
f 2451 2461 2470
f 2451 2470 2460
f 2452 2462 2461
f 2452 2461 2451
f 2453 2463 2462
f 2453 2462 2452
f 2454 2464 2463
f 2454 2463 2453
f 2455 2465 2464
f 2455 2464 2454
f 2456 2466 2465
f 2456 2465 2455
f 2457 2467 2466
f 2457 2466 2456
f 2458 2468 2467
f 2458 2467 2457
f 2459 2469 2468
f 2459 2468 2458
f 2460 2470 2469
f 2460 2469 2459
f 2461 2471 2480
f 2461 2480 2470
f 2462 2472 2471
f 2462 2471 2461
f 2463 2473 2472
f 2463 2472 2462
f 2464 2474 2473
f 2464 2473 2463
f 2465 2475 2474
f 2465 2474 2464
f 2466 2476 2475
f 2466 2475 2465
f 2467 2477 2476
f 2467 2476 2466
f 2468 2478 2477
f 2468 2477 2467
f 2469 2479 2478
f 2469 2478 2468
f 2470 2480 2479
f 2470 2479 2469
f 2471 2481 2490
f 2471 2490 2480
f 2472 2482 2481
f 2472 2481 2471
f 2473 2483 2482
f 2473 2482 2472
f 2474 2484 2483
f 2474 2483 2473
f 2475 2485 2484
f 2475 2484 2474
f 2476 2486 2485
f 2476 2485 2475
f 2477 2487 2486
f 2477 2486 2476
f 2478 2488 2487
f 2478 2487 2477
f 2479 2489 2488
f 2479 2488 2478
f 2480 2490 2489
f 2480 2489 2479
f 2481 2491 2500
f 2481 2500 2490
f 2482 2492 2491
f 2482 2491 2481
f 2483 2493 2492
f 2483 2492 2482
f 2484 2494 2493
f 2484 2493 2483
f 2485 2495 2494
f 2485 2494 2484
f 2486 2496 2495
f 2486 2495 2485
f 2487 2497 2496
f 2487 2496 2486
f 2488 2498 2497
f 2488 2497 2487
f 2489 2499 2498
f 2489 2498 2488
f 2490 2500 2499
f 2490 2499 2489
f 2491 2501 2510
f 2491 2510 2500
f 2492 2502 2501
f 2492 2501 2491
f 2493 2503 2502
f 2493 2502 2492
f 2494 2504 2503
f 2494 2503 2493
f 2495 2505 2504
f 2495 2504 2494
f 2496 2506 2505
f 2496 2505 2495
f 2497 2507 2506
f 2497 2506 2496
f 2498 2508 2507
f 2498 2507 2497
f 2499 2509 2508
f 2499 2508 2498
f 2500 2510 2509
f 2500 2509 2499
f 2501 2511 2520
f 2501 2520 2510
f 2502 2512 2511
f 2502 2511 2501
f 2503 2513 2512
f 2503 2512 2502
f 2504 2514 2513
f 2504 2513 2503
f 2505 2515 2514
f 2505 2514 2504
f 2506 2516 2515
f 2506 2515 2505
f 2507 2517 2516
f 2507 2516 2506
f 2508 2518 2517
f 2508 2517 2507
f 2509 2519 2518
f 2509 2518 2508
f 2510 2520 2519
f 2510 2519 2509
f 2511 2521 2530
f 2511 2530 2520
f 2512 2522 2521
f 2512 2521 2511
f 2513 2523 2522
f 2513 2522 2512
f 2514 2524 2523
f 2514 2523 2513
f 2515 2525 2524
f 2515 2524 2514
f 2516 2526 2525
f 2516 2525 2515
f 2517 2527 2526
f 2517 2526 2516
f 2518 2528 2527
f 2518 2527 2517
f 2519 2529 2528
f 2519 2528 2518
f 2520 2530 2529
f 2520 2529 2519
f 2521 2531 2540
f 2521 2540 2530
f 2522 2532 2531
f 2522 2531 2521
f 2523 2533 2532
f 2523 2532 2522
f 2524 2534 2533
f 2524 2533 2523
f 2525 2535 2534
f 2525 2534 2524
f 2526 2536 2535
f 2526 2535 2525
f 2527 2537 2536
f 2527 2536 2526
f 2528 2538 2537
f 2528 2537 2527
f 2529 2539 2538
f 2529 2538 2528
f 2530 2540 2539
f 2530 2539 2529
f 2531 2541 2550
f 2531 2550 2540
f 2532 2542 2541
f 2532 2541 2531
f 2533 2543 2542
f 2533 2542 2532
f 2534 2544 2543
f 2534 2543 2533
f 2535 2545 2544
f 2535 2544 2534
f 2536 2546 2545
f 2536 2545 2535
f 2537 2547 2546
f 2537 2546 2536
f 2538 2548 2547
f 2538 2547 2537
f 2539 2549 2548
f 2539 2548 2538
f 2540 2550 2549
f 2540 2549 2539
f 2541 2551 2560
f 2541 2560 2550
f 2542 2552 2551
f 2542 2551 2541
f 2543 2553 2552
f 2543 2552 2542
f 2544 2554 2553
f 2544 2553 2543
f 2545 2555 2554
f 2545 2554 2544
f 2546 2556 2555
f 2546 2555 2545
f 2547 2557 2556
f 2547 2556 2546
f 2548 2558 2557
f 2548 2557 2547
f 2549 2559 2558
f 2549 2558 2548
f 2550 2560 2559
f 2550 2559 2549
f 2551 2561 2570
f 2551 2570 2560
f 2552 2562 2561
f 2552 2561 2551
f 2553 2563 2562
f 2553 2562 2552
f 2554 2564 2563
f 2554 2563 2553
f 2555 2565 2564
f 2555 2564 2554
f 2556 2566 2565
f 2556 2565 2555
f 2557 2567 2566
f 2557 2566 2556
f 2558 2568 2567
f 2558 2567 2557
f 2559 2569 2568
f 2559 2568 2558
f 2560 2570 2569
f 2560 2569 2559
f 2561 2571 2580
f 2561 2580 2570
f 2562 2572 2571
f 2562 2571 2561
f 2563 2573 2572
f 2563 2572 2562
f 2564 2574 2573
f 2564 2573 2563
f 2565 2575 2574
f 2565 2574 2564
f 2566 2576 2575
f 2566 2575 2565
f 2567 2577 2576
f 2567 2576 2566
f 2568 2578 2577
f 2568 2577 2567
f 2569 2579 2578
f 2569 2578 2568
f 2570 2580 2579
f 2570 2579 2569
f 2571 2581 2590
f 2571 2590 2580
f 2572 2582 2581
f 2572 2581 2571
f 2573 2583 2582
f 2573 2582 2572
f 2574 2584 2583
f 2574 2583 2573
f 2575 2585 2584
f 2575 2584 2574
f 2576 2586 2585
f 2576 2585 2575
f 2577 2587 2586
f 2577 2586 2576
f 2578 2588 2587
f 2578 2587 2577
f 2579 2589 2588
f 2579 2588 2578
f 2580 2590 2589
f 2580 2589 2579
f 2581 2591 2600
f 2581 2600 2590
f 2582 2592 2591
f 2582 2591 2581
f 2583 2593 2592
f 2583 2592 2582
f 2584 2594 2593
f 2584 2593 2583
f 2585 2595 2594
f 2585 2594 2584
f 2586 2596 2595
f 2586 2595 2585
f 2587 2597 2596
f 2587 2596 2586
f 2588 2598 2597
f 2588 2597 2587
f 2589 2599 2598
f 2589 2598 2588
f 2590 2600 2599
f 2590 2599 2589
f 2591 2601 2610
f 2591 2610 2600
f 2592 2602 2601
f 2592 2601 2591
f 2593 2603 2602
f 2593 2602 2592
f 2594 2604 2603
f 2594 2603 2593
f 2595 2605 2604
f 2595 2604 2594
f 2596 2606 2605
f 2596 2605 2595
f 2597 2607 2606
f 2597 2606 2596
f 2598 2608 2607
f 2598 2607 2597
f 2599 2609 2608
f 2599 2608 2598
f 2600 2610 2609
f 2600 2609 2599
f 2601 2611 2620
f 2601 2620 2610
f 2602 2612 2611
f 2602 2611 2601
f 2603 2613 2612
f 2603 2612 2602
f 2604 2614 2613
f 2604 2613 2603
f 2605 2615 2614
f 2605 2614 2604
f 2606 2616 2615
f 2606 2615 2605
f 2607 2617 2616
f 2607 2616 2606
f 2608 2618 2617
f 2608 2617 2607
f 2609 2619 2618
f 2609 2618 2608
f 2610 2620 2619
f 2610 2619 2609
f 2611 2621 2630
f 2611 2630 2620
f 2612 2622 2621
f 2612 2621 2611
f 2613 2623 2622
f 2613 2622 2612
f 2614 2624 2623
f 2614 2623 2613
f 2615 2625 2624
f 2615 2624 2614
f 2616 2626 2625
f 2616 2625 2615
f 2617 2627 2626
f 2617 2626 2616
f 2618 2628 2627
f 2618 2627 2617
f 2619 2629 2628
f 2619 2628 2618
f 2620 2630 2629
f 2620 2629 2619
f 2621 2631 2640
f 2621 2640 2630
f 2622 2632 2631
f 2622 2631 2621
f 2623 2633 2632
f 2623 2632 2622
f 2624 2634 2633
f 2624 2633 2623
f 2625 2635 2634
f 2625 2634 2624
f 2626 2636 2635
f 2626 2635 2625
f 2627 2637 2636
f 2627 2636 2626
f 2628 2638 2637
f 2628 2637 2627
f 2629 2639 2638
f 2629 2638 2628
f 2630 2640 2639
f 2630 2639 2629
f 2631 2641 2650
f 2631 2650 2640
f 2632 2642 2641
f 2632 2641 2631
f 2633 2643 2642
f 2633 2642 2632
f 2634 2644 2643
f 2634 2643 2633
f 2635 2645 2644
f 2635 2644 2634
f 2636 2646 2645
f 2636 2645 2635
f 2637 2647 2646
f 2637 2646 2636
f 2638 2648 2647
f 2638 2647 2637
f 2639 2649 2648
f 2639 2648 2638
f 2640 2650 2649
f 2640 2649 2639
f 2641 2651 2660
f 2641 2660 2650
f 2642 2652 2651
f 2642 2651 2641
f 2643 2653 2652
f 2643 2652 2642
f 2644 2654 2653
f 2644 2653 2643
f 2645 2655 2654
f 2645 2654 2644
f 2646 2656 2655
f 2646 2655 2645
f 2647 2657 2656
f 2647 2656 2646
f 2648 2658 2657
f 2648 2657 2647
f 2649 2659 2658
f 2649 2658 2648
f 2650 2660 2659
f 2650 2659 2649
f 2651 2661 2670
f 2651 2670 2660
f 2652 2662 2661
f 2652 2661 2651
f 2653 2663 2662
f 2653 2662 2652
f 2654 2664 2663
f 2654 2663 2653
f 2655 2665 2664
f 2655 2664 2654
f 2656 2666 2665
f 2656 2665 2655
f 2657 2667 2666
f 2657 2666 2656
f 2658 2668 2667
f 2658 2667 2657
f 2659 2669 2668
f 2659 2668 2658
f 2660 2670 2669
f 2660 2669 2659
f 2661 2671 2680
f 2661 2680 2670
f 2662 2672 2671
f 2662 2671 2661
f 2663 2673 2672
f 2663 2672 2662
f 2664 2674 2673
f 2664 2673 2663
f 2665 2675 2674
f 2665 2674 2664
f 2666 2676 2675
f 2666 2675 2665
f 2667 2677 2676
f 2667 2676 2666
f 2668 2678 2677
f 2668 2677 2667
f 2669 2679 2678
f 2669 2678 2668
f 2670 2680 2679
f 2670 2679 2669
f 2671 2681 2690
f 2671 2690 2680
f 2672 2682 2681
f 2672 2681 2671
f 2673 2683 2682
f 2673 2682 2672
f 2674 2684 2683
f 2674 2683 2673
f 2675 2685 2684
f 2675 2684 2674
f 2676 2686 2685
f 2676 2685 2675
f 2677 2687 2686
f 2677 2686 2676
f 2678 2688 2687
f 2678 2687 2677
f 2679 2689 2688
f 2679 2688 2678
f 2680 2690 2689
f 2680 2689 2679
f 2681 2691 2700
f 2681 2700 2690
f 2682 2692 2691
f 2682 2691 2681
f 2683 2693 2692
f 2683 2692 2682
f 2684 2694 2693
f 2684 2693 2683
f 2685 2695 2694
f 2685 2694 2684
f 2686 2696 2695
f 2686 2695 2685
f 2687 2697 2696
f 2687 2696 2686
f 2688 2698 2697
f 2688 2697 2687
f 2689 2699 2698
f 2689 2698 2688
f 2690 2700 2699
f 2690 2699 2689
f 2691 2701 2710
f 2691 2710 2700
f 2692 2702 2701
f 2692 2701 2691
f 2693 2703 2702
f 2693 2702 2692
f 2694 2704 2703
f 2694 2703 2693
f 2695 2705 2704
f 2695 2704 2694
f 2696 2706 2705
f 2696 2705 2695
f 2697 2707 2706
f 2697 2706 2696
f 2698 2708 2707
f 2698 2707 2697
f 2699 2709 2708
f 2699 2708 2698
f 2700 2710 2709
f 2700 2709 2699
f 2701 2711 2720
f 2701 2720 2710
f 2702 2712 2711
f 2702 2711 2701
f 2703 2713 2712
f 2703 2712 2702
f 2704 2714 2713
f 2704 2713 2703
f 2705 2715 2714
f 2705 2714 2704
f 2706 2716 2715
f 2706 2715 2705
f 2707 2717 2716
f 2707 2716 2706
f 2708 2718 2717
f 2708 2717 2707
f 2709 2719 2718
f 2709 2718 2708
f 2710 2720 2719
f 2710 2719 2709
f 2711 2721 2730
f 2711 2730 2720
f 2712 2722 2721
f 2712 2721 2711
f 2713 2723 2722
f 2713 2722 2712
f 2714 2724 2723
f 2714 2723 2713
f 2715 2725 2724
f 2715 2724 2714
f 2716 2726 2725
f 2716 2725 2715
f 2717 2727 2726
f 2717 2726 2716
f 2718 2728 2727
f 2718 2727 2717
f 2719 2729 2728
f 2719 2728 2718
f 2720 2730 2729
f 2720 2729 2719
f 2721 2731 2740
f 2721 2740 2730
f 2722 2732 2731
f 2722 2731 2721
f 2723 2733 2732
f 2723 2732 2722
f 2724 2734 2733
f 2724 2733 2723
f 2725 2735 2734
f 2725 2734 2724
f 2726 2736 2735
f 2726 2735 2725
f 2727 2737 2736
f 2727 2736 2726
f 2728 2738 2737
f 2728 2737 2727
f 2729 2739 2738
f 2729 2738 2728
f 2730 2740 2739
f 2730 2739 2729
f 2731 2741 2750
f 2731 2750 2740
f 2732 2742 2741
f 2732 2741 2731
f 2733 2743 2742
f 2733 2742 2732
f 2734 2744 2743
f 2734 2743 2733
f 2735 2745 2744
f 2735 2744 2734
f 2736 2746 2745
f 2736 2745 2735
f 2737 2747 2746
f 2737 2746 2736
f 2738 2748 2747
f 2738 2747 2737
f 2739 2749 2748
f 2739 2748 2738
f 2740 2750 2749
f 2740 2749 2739
f 2741 2751 2760
f 2741 2760 2750
f 2742 2752 2751
f 2742 2751 2741
f 2743 2753 2752
f 2743 2752 2742
f 2744 2754 2753
f 2744 2753 2743
f 2745 2755 2754
f 2745 2754 2744
f 2746 2756 2755
f 2746 2755 2745
f 2747 2757 2756
f 2747 2756 2746
f 2748 2758 2757
f 2748 2757 2747
f 2749 2759 2758
f 2749 2758 2748
f 2750 2760 2759
f 2750 2759 2749
f 2751 2761 2770
f 2751 2770 2760
f 2752 2762 2761
f 2752 2761 2751
f 2753 2763 2762
f 2753 2762 2752
f 2754 2764 2763
f 2754 2763 2753
f 2755 2765 2764
f 2755 2764 2754
f 2756 2766 2765
f 2756 2765 2755
f 2757 2767 2766
f 2757 2766 2756
f 2758 2768 2767
f 2758 2767 2757
f 2759 2769 2768
f 2759 2768 2758
f 2760 2770 2769
f 2760 2769 2759
f 2761 2771 2780
f 2761 2780 2770
f 2762 2772 2771
f 2762 2771 2761
f 2763 2773 2772
f 2763 2772 2762
f 2764 2774 2773
f 2764 2773 2763
f 2765 2775 2774
f 2765 2774 2764
f 2766 2776 2775
f 2766 2775 2765
f 2767 2777 2776
f 2767 2776 2766
f 2768 2778 2777
f 2768 2777 2767
f 2769 2779 2778
f 2769 2778 2768
f 2770 2780 2779
f 2770 2779 2769
f 2771 2781 2790
f 2771 2790 2780
f 2772 2782 2781
f 2772 2781 2771
f 2773 2783 2782
f 2773 2782 2772
f 2774 2784 2783
f 2774 2783 2773
f 2775 2785 2784
f 2775 2784 2774
f 2776 2786 2785
f 2776 2785 2775
f 2777 2787 2786
f 2777 2786 2776
f 2778 2788 2787
f 2778 2787 2777
f 2779 2789 2788
f 2779 2788 2778
f 2780 2790 2789
f 2780 2789 2779
f 2781 2791 2800
f 2781 2800 2790
f 2782 2792 2791
f 2782 2791 2781
f 2783 2793 2792
f 2783 2792 2782
f 2784 2794 2793
f 2784 2793 2783
f 2785 2795 2794
f 2785 2794 2784
f 2786 2796 2795
f 2786 2795 2785
f 2787 2797 2796
f 2787 2796 2786
f 2788 2798 2797
f 2788 2797 2787
f 2789 2799 2798
f 2789 2798 2788
f 2790 2800 2799
f 2790 2799 2789
f 2791 2801 2810
f 2791 2810 2800
f 2792 2802 2801
f 2792 2801 2791
f 2793 2803 2802
f 2793 2802 2792
f 2794 2804 2803
f 2794 2803 2793
f 2795 2805 2804
f 2795 2804 2794
f 2796 2806 2805
f 2796 2805 2795
f 2797 2807 2806
f 2797 2806 2796
f 2798 2808 2807
f 2798 2807 2797
f 2799 2809 2808
f 2799 2808 2798
f 2800 2810 2809
f 2800 2809 2799
f 2801 2811 2820
f 2801 2820 2810
f 2802 2812 2811
f 2802 2811 2801
f 2803 2813 2812
f 2803 2812 2802
f 2804 2814 2813
f 2804 2813 2803
f 2805 2815 2814
f 2805 2814 2804
f 2806 2816 2815
f 2806 2815 2805
f 2807 2817 2816
f 2807 2816 2806
f 2808 2818 2817
f 2808 2817 2807
f 2809 2819 2818
f 2809 2818 2808
f 2810 2820 2819
f 2810 2819 2809
f 2811 2821 2830
f 2811 2830 2820
f 2812 2822 2821
f 2812 2821 2811
f 2813 2823 2822
f 2813 2822 2812
f 2814 2824 2823
f 2814 2823 2813
f 2815 2825 2824
f 2815 2824 2814
f 2816 2826 2825
f 2816 2825 2815
f 2817 2827 2826
f 2817 2826 2816
f 2818 2828 2827
f 2818 2827 2817
f 2819 2829 2828
f 2819 2828 2818
f 2820 2830 2829
f 2820 2829 2819
v -0.6000000 0.1750000 0.3600000
v -0.6000000 0.2250000 0.3600000
v -0.6229610 0.1750000 0.3554328
v -0.6229610 0.2250000 0.3554328
v -0.6424264 0.1750000 0.3424264
v -0.6424264 0.2250000 0.3424264
v -0.6554328 0.1750000 0.3229610
v -0.6554328 0.2250000 0.3229610
v -0.6600000 0.1750000 0.3000000
v -0.6600000 0.2250000 0.3000000
v -0.6554328 0.1750000 0.2770390
v -0.6554328 0.2250000 0.2770390
v -0.6424264 0.1750000 0.2575736
v -0.6424264 0.2250000 0.2575736
v -0.6229610 0.1750000 0.2445672
v -0.6229610 0.2250000 0.2445672
v -0.6000000 0.1750000 0.2400000
v -0.6000000 0.2250000 0.2400000
v -0.5770390 0.1750000 0.2445672
v -0.5770390 0.2250000 0.2445672
v -0.5575736 0.1750000 0.2575736
v -0.5575736 0.2250000 0.2575736
v -0.5445672 0.1750000 0.2770390
v -0.5445672 0.2250000 0.2770390
v -0.5400000 0.1750000 0.3000000
v -0.5400000 0.2250000 0.3000000
v -0.5445672 0.1750000 0.3229610
v -0.5445672 0.2250000 0.3229610
v -0.5575736 0.1750000 0.3424264
v -0.5575736 0.2250000 0.3424264
v -0.5770390 0.1750000 0.3554328
v -0.5770390 0.2250000 0.3554328
f 2831 2832 2834
f 2831 2834 2833
f 2833 2834 2836
f 2833 2836 2835
f 2835 2836 2838
f 2835 2838 2837
f 2837 2838 2840
f 2837 2840 2839
f 2839 2840 2842
f 2839 2842 2841
f 2841 2842 2844
f 2841 2844 2843
f 2843 2844 2846
f 2843 2846 2845
f 2845 2846 2848
f 2845 2848 2847
f 2847 2848 2850
f 2847 2850 2849
f 2849 2850 2852
f 2849 2852 2851
f 2851 2852 2854
f 2851 2854 2853
f 2853 2854 2856
f 2853 2856 2855
f 2855 2856 2858
f 2855 2858 2857
f 2857 2858 2860
f 2857 2860 2859
f 2836 2834 2832
f 2832 2862 2860
f 2860 2858 2856
f 2856 2854 2852
f 2852 2850 2848
f 2848 2846 2844
f 2844 2842 2840
f 2840 2838 2836
f 2836 2832 2860
f 2860 2856 2852
f 2852 2848 2844
f 2844 2840 2836
f 2836 2860 2852
f 2852 2844 2836
f 2859 2860 2862
f 2859 2862 2861
f 2861 2862 2832
f 2861 2832 2831
f 2861 2831 2833
f 2833 2835 2837
f 2837 2839 2841
f 2841 2843 2845
f 2845 2847 2849
f 2849 2851 2853
f 2853 2855 2857
f 2857 2859 2861
f 2861 2833 2837
f 2837 2841 2845
f 2845 2849 2853
f 2853 2857 2861
f 2861 2837 2845
f 2845 2853 2861
v -0.1800000 0.1750000 0.4370000
v -0.1800000 0.2250000 0.4370000
v -0.2324276 0.1750000 0.4265715
v -0.2324276 0.2250000 0.4265715
v -0.2768736 0.1750000 0.3968737
v -0.2768736 0.2250000 0.3968737
v -0.3065715 0.1750000 0.3524277
v -0.3065715 0.2250000 0.3524277
v -0.3170000 0.1750000 0.3000000
v -0.3170000 0.2250000 0.3000000
v -0.3065715 0.1750000 0.2475724
v -0.3065715 0.2250000 0.2475724
v -0.2768737 0.1750000 0.2031264
v -0.2768737 0.2250000 0.2031264
v -0.2324277 0.1750000 0.1734285
v -0.2324277 0.2250000 0.1734285
v -0.1800000 0.1750000 0.1630000
v -0.1800000 0.2250000 0.1630000
v -0.1275724 0.1750000 0.1734285
v -0.1275724 0.2250000 0.1734285
v -0.0831264 0.1750000 0.2031264
v -0.0831264 0.2250000 0.2031264
v -0.0534285 0.1750000 0.2475724
v -0.0534285 0.2250000 0.2475724
v -0.0430000 0.1750000 0.3000000
v -0.0430000 0.2250000 0.3000000
v -0.0534285 0.1750000 0.3524276
v -0.0534285 0.2250000 0.3524276
v -0.0831264 0.1750000 0.3968737
v -0.0831264 0.2250000 0.3968737
v -0.1275724 0.1750000 0.4265715
v -0.1275724 0.2250000 0.4265715
f 2863 2864 2866
f 2863 2866 2865
f 2865 2866 2868
f 2865 2868 2867
f 2867 2868 2870
f 2867 2870 2869
f 2869 2870 2872
f 2869 2872 2871
f 2871 2872 2874
f 2871 2874 2873
f 2873 2874 2876
f 2873 2876 2875
f 2875 2876 2878
f 2875 2878 2877
f 2877 2878 2880
f 2877 2880 2879
f 2879 2880 2882
f 2879 2882 2881
f 2881 2882 2884
f 2881 2884 2883
f 2883 2884 2886
f 2883 2886 2885
f 2885 2886 2888
f 2885 2888 2887
f 2887 2888 2890
f 2887 2890 2889
f 2889 2890 2892
f 2889 2892 2891
f 2868 2866 2864
f 2864 2894 2892
f 2892 2890 2888
f 2888 2886 2884
f 2884 2882 2880
f 2880 2878 2876
f 2876 2874 2872
f 2872 2870 2868
f 2868 2864 2892
f 2892 2888 2884
f 2884 2880 2876
f 2876 2872 2868
f 2868 2892 2884
f 2884 2876 2868
f 2891 2892 2894
f 2891 2894 2893
f 2893 2894 2864
f 2893 2864 2863
f 2893 2863 2865
f 2865 2867 2869
f 2869 2871 2873
f 2873 2875 2877
f 2877 2879 2881
f 2881 2883 2885
f 2885 2887 2889
f 2889 2891 2893
f 2893 2865 2869
f 2869 2873 2877
f 2877 2881 2885
f 2885 2889 2893
f 2893 2869 2877
f 2877 2885 2893
v -0.6133288 0.1935279 0.3714700
v -0.6138616 0.1975279 0.3743269
v -0.6138616 0.2024721 0.3743269
v -0.6133288 0.2064721 0.3714700
v -0.6124667 0.2080000 0.3668475
v -0.6116046 0.2064721 0.3622249
v -0.6110718 0.2024721 0.3593680
v -0.6110718 0.1975279 0.3593680
v -0.6116046 0.1935279 0.3622249
v -0.6124667 0.1920000 0.3668475
v -0.6136469 0.1935279 0.3713992
v -0.6143763 0.1975279 0.3742124
v -0.6143763 0.2024721 0.3742124
v -0.6136469 0.2064721 0.3713992
v -0.6124667 0.2080000 0.3668475
v -0.6112865 0.2064721 0.3622957
v -0.6105571 0.2024721 0.3594825
v -0.6105571 0.1975279 0.3594825
v -0.6112865 0.1935279 0.3622957
v -0.6124667 0.1920000 0.3668475
v -0.6136469 0.1935279 0.3713992
v -0.6143763 0.1975279 0.3742124
v -0.6143763 0.2024721 0.3742124
v -0.6136469 0.2064721 0.3713992
v -0.6124667 0.2080000 0.3668475
v -0.6112865 0.2064721 0.3622957
v -0.6105571 0.2024721 0.3594825
v -0.6105571 0.1975279 0.3594825
v -0.6112865 0.1935279 0.3622957
v -0.6124667 0.1920000 0.3668475
v -0.6230779 0.1935279 0.3689423
v -0.6240004 0.1975279 0.3716981
v -0.6240004 0.2024721 0.3716981
v -0.6230779 0.2064721 0.3689423
v -0.6215852 0.2080000 0.3644832
v -0.6200926 0.2064721 0.3600241
v -0.6191701 0.2024721 0.3572682
v -0.6191701 0.1975279 0.3572682
v -0.6200926 0.1935279 0.3600241
v -0.6215852 0.1920000 0.3644832
v -0.6323842 0.1935279 0.3650914
v -0.6336787 0.1975279 0.3676933
v -0.6336787 0.2024721 0.3676933
v -0.6323842 0.2064721 0.3650914
v -0.6302896 0.2080000 0.3608814
v -0.6281950 0.2064721 0.3566714
v -0.6269006 0.2024721 0.3540694
v -0.6269006 0.1975279 0.3540694
v -0.6281950 0.1935279 0.3566714
v -0.6302896 0.1920000 0.3608814
v -0.6410689 0.1935279 0.3599914
v -0.6427106 0.1975279 0.3623894
v -0.6427106 0.2024721 0.3623894
v -0.6410689 0.2064721 0.3599914
v -0.6384127 0.2080000 0.3561112
v -0.6357564 0.2064721 0.3522311
v -0.6341147 0.2024721 0.3498330
v -0.6341147 0.1975279 0.3498330
v -0.6357564 0.1935279 0.3522311
v -0.6384127 0.1920000 0.3561112
v -0.6489656 0.1935279 0.3537401
v -0.6509229 0.1975279 0.3558883
v -0.6509229 0.2024721 0.3558883
v -0.6489656 0.2064721 0.3537401
v -0.6457986 0.2080000 0.3502643
v -0.6426315 0.2064721 0.3467884
v -0.6406742 0.2024721 0.3446402
v -0.6406742 0.1975279 0.3446402
v -0.6426315 0.1935279 0.3467884
v -0.6457986 0.1920000 0.3502643
v -0.6559225 0.1935279 0.3464575
v -0.6581579 0.1975279 0.3483145
v -0.6581579 0.2024721 0.3483145
v -0.6559225 0.2064721 0.3464575
v -0.6523055 0.2080000 0.3434527
v -0.6486886 0.2064721 0.3404478
v -0.6464531 0.2024721 0.3385908
v -0.6464531 0.1975279 0.3385908
v -0.6486886 0.1935279 0.3404479
v -0.6523055 0.1920000 0.3434527
v -0.6618063 0.1935279 0.3382833
v -0.6642769 0.1975279 0.3398136
v -0.6642769 0.2024721 0.3398136
v -0.6618063 0.2064721 0.3382833
v -0.6578087 0.2080000 0.3358072
v -0.6538112 0.2064721 0.3333311
v -0.6513405 0.2024721 0.3318008
v -0.6513405 0.1975279 0.3318008
v -0.6538112 0.1935279 0.3333311
v -0.6578087 0.1920000 0.3358072
v -0.6665039 0.1935279 0.3293744
v -0.6691623 0.1975279 0.3305486
v -0.6691623 0.2024721 0.3305486
v -0.6665039 0.2064721 0.3293744
v -0.6622025 0.2080000 0.3274745
v -0.6579012 0.2064721 0.3255746
v -0.6552427 0.2024721 0.3244004
v -0.6552427 0.1975279 0.3244004
v -0.6579012 0.1935279 0.3255746
v -0.6622025 0.1920000 0.3274745
v -0.6699253 0.1935279 0.3199019
v -0.6727204 0.1975279 0.3206974
v -0.6727204 0.2024721 0.3206974
v -0.6699253 0.2064721 0.3199019
v -0.6654026 0.2080000 0.3186146
v -0.6608799 0.2064721 0.3173274
v -0.6580848 0.2024721 0.3165319
v -0.6580848 0.1975279 0.3165319
v -0.6608799 0.1935279 0.3173274
v -0.6654026 0.1920000 0.3186146
v -0.6720047 0.1935279 0.3100473
v -0.6748830 0.1975279 0.3104490
v -0.6748830 0.2024721 0.3104490
v -0.6720047 0.2064721 0.3100473
v -0.6673476 0.2080000 0.3093975
v -0.6626904 0.2064721 0.3087476
v -0.6598121 0.2024721 0.3083460
v -0.6598121 0.1975279 0.3083460
v -0.6626904 0.1935279 0.3087476
v -0.6673476 0.1920000 0.3093975
v -0.6727023 0.1935279 0.3000000
v -0.6756085 0.1975279 0.3000000
v -0.6756085 0.2024721 0.3000000
v -0.6727023 0.2064721 0.3000000
v -0.6680000 0.2080000 0.3000000
v -0.6632978 0.2064721 0.3000000
v -0.6603916 0.2024721 0.3000000
v -0.6603916 0.1975279 0.3000000
v -0.6632978 0.1935279 0.3000000
v -0.6680000 0.1920000 0.3000000
v -0.6720047 0.1935279 0.2899527
v -0.6748830 0.1975279 0.2895510
v -0.6748830 0.2024721 0.2895510
v -0.6720047 0.2064721 0.2899527
v -0.6673476 0.2080000 0.2906025
v -0.6626904 0.2064721 0.2912524
v -0.6598121 0.2024721 0.2916540
v -0.6598121 0.1975279 0.2916540
v -0.6626904 0.1935279 0.2912524
v -0.6673476 0.1920000 0.2906025
v -0.6699253 0.1935279 0.2800982
v -0.6727204 0.1975279 0.2793026
v -0.6727204 0.2024721 0.2793026
v -0.6699253 0.2064721 0.2800982
v -0.6654026 0.2080000 0.2813854
v -0.6608799 0.2064721 0.2826726
v -0.6580848 0.2024721 0.2834682
v -0.6580848 0.1975279 0.2834682
v -0.6608799 0.1935279 0.2826726
v -0.6654026 0.1920000 0.2813854
v -0.6665039 0.1935279 0.2706256
v -0.6691623 0.1975279 0.2694514
v -0.6691623 0.2024721 0.2694514
v -0.6665039 0.2064721 0.2706256
v -0.6622025 0.2080000 0.2725255
v -0.6579012 0.2064721 0.2744254
v -0.6552427 0.2024721 0.2755996
v -0.6552427 0.1975279 0.2755996
v -0.6579012 0.1935279 0.2744254
v -0.6622025 0.1920000 0.2725255
v -0.6618063 0.1935279 0.2617167
v -0.6642769 0.1975279 0.2601864
v -0.6642769 0.2024721 0.2601864
v -0.6618063 0.2064721 0.2617167
v -0.6578087 0.2080000 0.2641928
v -0.6538112 0.2064721 0.2666689
v -0.6513405 0.2024721 0.2681993
v -0.6513405 0.1975279 0.2681993
v -0.6538112 0.1935279 0.2666689
v -0.6578087 0.1920000 0.2641928
v -0.6559225 0.1935279 0.2535426
v -0.6581579 0.1975279 0.2516855
v -0.6581579 0.2024721 0.2516855
v -0.6559225 0.2064721 0.2535425
v -0.6523055 0.2080000 0.2565474
v -0.6486886 0.2064721 0.2595522
v -0.6464531 0.2024721 0.2614093
v -0.6464531 0.1975279 0.2614092
v -0.6486886 0.1935279 0.2595522
v -0.6523055 0.1920000 0.2565474
v -0.6489656 0.1935279 0.2462599
v -0.6509229 0.1975279 0.2441117
v -0.6509229 0.2024721 0.2441117
v -0.6489656 0.2064721 0.2462599
v -0.6457986 0.2080000 0.2497358
v -0.6426315 0.2064721 0.2532116
v -0.6406742 0.2024721 0.2553598
v -0.6406742 0.1975279 0.2553598
v -0.6426315 0.1935279 0.2532116
v -0.6457986 0.1920000 0.2497358
v -0.6410689 0.1935279 0.2400086
v -0.6427106 0.1975279 0.2376106
v -0.6427106 0.2024721 0.2376106
v -0.6410689 0.2064721 0.2400086
v -0.6384127 0.2080000 0.2438888
v -0.6357564 0.2064721 0.2477690
v -0.6341147 0.2024721 0.2501670
v -0.6341147 0.1975279 0.2501670
v -0.6357564 0.1935279 0.2477690
v -0.6384127 0.1920000 0.2438888
v -0.6323842 0.1935279 0.2349086
v -0.6336787 0.1975279 0.2323067
v -0.6336787 0.2024721 0.2323067
v -0.6323842 0.2064721 0.2349086
v -0.6302896 0.2080000 0.2391186
v -0.6281950 0.2064721 0.2433287
v -0.6269006 0.2024721 0.2459306
v -0.6269006 0.1975279 0.2459306
v -0.6281950 0.1935279 0.2433287
v -0.6302896 0.1920000 0.2391186
v -0.6230779 0.1935279 0.2310578
v -0.6240004 0.1975279 0.2283019
v -0.6240004 0.2024721 0.2283019
v -0.6230779 0.2064721 0.2310578
v -0.6215852 0.2080000 0.2355168
v -0.6200926 0.2064721 0.2399759
v -0.6191701 0.2024721 0.2427318
v -0.6191701 0.1975279 0.2427318
v -0.6200926 0.1935279 0.2399759
v -0.6215852 0.1920000 0.2355168
v -0.6134884 0.1935279 0.2285626
v -0.6141199 0.1975279 0.2257259
v -0.6141199 0.2024721 0.2257259
v -0.6134884 0.2064721 0.2285626
v -0.6124667 0.2080000 0.2331526
v -0.6114450 0.2064721 0.2377425
v -0.6108134 0.2024721 0.2405792
v -0.6108134 0.1975279 0.2405792
v -0.6114450 0.1935279 0.2377425
v -0.6124667 0.1920000 0.2331526
v -0.2072889 0.1935279 0.1528086
v -0.2077250 0.1975279 0.1499353
v -0.2077250 0.2024721 0.1499353
v -0.2072889 0.2064721 0.1528086
v -0.2065833 0.2080000 0.1574576
v -0.2058777 0.2064721 0.1621067
v -0.2054417 0.2024721 0.1649800
v -0.2054417 0.1975279 0.1649800
v -0.2058777 0.1935279 0.1621067
v -0.2065833 0.1920000 0.1574576
v -0.1873868 0.1935279 0.1504801
v -0.1875301 0.1975279 0.1475774
v -0.1875301 0.2024721 0.1475774
v -0.1873868 0.2064721 0.1504801
v -0.1871547 0.2080000 0.1551766
v -0.1869227 0.2064721 0.1598732
v -0.1867793 0.2024721 0.1627758
v -0.1867793 0.1975279 0.1627758
v -0.1869227 0.1935279 0.1598732
v -0.1871547 0.1920000 0.1551766
v -0.1671936 0.1935279 0.1508465
v -0.1669450 0.1975279 0.1479510
v -0.1669450 0.2024721 0.1479510
v -0.1671936 0.2064721 0.1508465
v -0.1675959 0.2080000 0.1555316
v -0.1679981 0.2064721 0.1602166
v -0.1682467 0.2024721 0.1631121
v -0.1682467 0.1975279 0.1631121
v -0.1679981 0.1935279 0.1602166
v -0.1675959 0.1920000 0.1555316
v -0.1472336 0.1935279 0.1539277
v -0.1465975 0.1975279 0.1510919
v -0.1465975 0.2024721 0.1510919
v -0.1472336 0.2064721 0.1539277
v -0.1482628 0.2080000 0.1585159
v -0.1492920 0.2064721 0.1631042
v -0.1499281 0.2024721 0.1659399
v -0.1499281 0.1975279 0.1659399
v -0.1492920 0.1935279 0.1631042
v -0.1482628 0.1920000 0.1585159
v -0.1278699 0.1935279 0.1596674
v -0.1268579 0.1975279 0.1569432
v -0.1268579 0.2024721 0.1569432
v -0.1278699 0.2064721 0.1596674
v -0.1295074 0.2080000 0.1640754
v -0.1311449 0.2064721 0.1684834
v -0.1321568 0.2024721 0.1712077
v -0.1321568 0.1975279 0.1712077
v -0.1311449 0.1935279 0.1684834
v -0.1295074 0.1920000 0.1640754
v -0.1094551 0.1935279 0.1679614
v -0.1080856 0.1975279 0.1653982
v -0.1080856 0.2024721 0.1653982
v -0.1094551 0.2064721 0.1679614
v -0.1116710 0.2080000 0.1721089
v -0.1138868 0.2064721 0.1762563
v -0.1152563 0.2024721 0.1788196
v -0.1152563 0.1975279 0.1788196
v -0.1138868 0.1935279 0.1762563
v -0.1116710 0.1920000 0.1721089
v -0.0923242 0.1935279 0.1786586
v -0.0906222 0.1975279 0.1763030
v -0.0906222 0.2024721 0.1763030
v -0.0923242 0.2064721 0.1786586
v -0.0950782 0.2080000 0.1824701
v -0.0978322 0.2064721 0.1862815
v -0.0995342 0.2024721 0.1886371
v -0.0995342 0.1975279 0.1886371
v -0.0978322 0.1935279 0.1862815
v -0.0950782 0.1920000 0.1824701
v -0.0767892 0.1935279 0.1915644
v -0.0747855 0.1975279 0.1894593
v -0.0747855 0.2024721 0.1894593
v -0.0767892 0.2064721 0.1915644
v -0.0800311 0.2080000 0.1949704
v -0.0832730 0.2064721 0.1983765
v -0.0852767 0.2024721 0.2004815
v -0.0852767 0.1975279 0.2004815
v -0.0832730 0.1935279 0.1983765
v -0.0800311 0.1920000 0.1949704
v -0.0631326 0.1935279 0.2064437
v -0.0608638 0.1975279 0.2046275
v -0.0608638 0.2024721 0.2046275
v -0.0631326 0.2064721 0.2064437
v -0.0668035 0.2080000 0.2093824
v -0.0704744 0.2064721 0.2123211
v -0.0727432 0.2024721 0.2141373
v -0.0727432 0.1975279 0.2141373
v -0.0704744 0.1935279 0.2123211
v -0.0668035 0.1920000 0.2093824
v -0.0516032 0.1935279 0.2230259
v -0.0491106 0.1975279 0.2215316
v -0.0491106 0.2024721 0.2215316
v -0.0516032 0.2064721 0.2230259
v -0.0556362 0.2080000 0.2254437
v -0.0596693 0.2064721 0.2278615
v -0.0621618 0.2024721 0.2293558
v -0.0621618 0.1975279 0.2293558
v -0.0596693 0.1935279 0.2278615
v -0.0556362 0.1920000 0.2254437
v -0.0424106 0.1935279 0.2410090
v -0.0397396 0.1975279 0.2398638
v -0.0397396 0.2024721 0.2398638
v -0.0424106 0.2064721 0.2410090
v -0.0467324 0.2080000 0.2428620
v -0.0510542 0.2064721 0.2447149
v -0.0537253 0.2024721 0.2458601
v -0.0537253 0.1975279 0.2458601
v -0.0510542 0.1935279 0.2447149
v -0.0467324 0.1920000 0.2428620
v -0.0357224 0.1935279 0.2600659
v -0.0329215 0.1975279 0.2592906
v -0.0329215 0.2024721 0.2592906
v -0.0357224 0.2064721 0.2600659
v -0.0402543 0.2080000 0.2613202
v -0.0447861 0.2064721 0.2625746
v -0.0475870 0.2024721 0.2633498
v -0.0475870 0.1975279 0.2633498
v -0.0447861 0.1935279 0.2625746
v -0.0402542 0.1920000 0.2613202
v -0.0316601 0.1935279 0.2798496
v -0.0287804 0.1975279 0.2794584
v -0.0287804 0.2024721 0.2794584
v -0.0316601 0.2064721 0.2798496
v -0.0363196 0.2080000 0.2804825
v -0.0409791 0.2064721 0.2811154
v -0.0438588 0.2024721 0.2815066
v -0.0438588 0.1975279 0.2815066
v -0.0409791 0.1935279 0.2811154
v -0.0363196 0.1920000 0.2804825
v -0.0302977 0.1935279 0.3000000
v -0.0273916 0.1975279 0.3000000
v -0.0273916 0.2024721 0.3000000
v -0.0302977 0.2064721 0.3000000
v -0.0350000 0.2080000 0.3000000
v -0.0397023 0.2064721 0.3000000
v -0.0426085 0.2024721 0.3000000
v -0.0426085 0.1975279 0.3000000
v -0.0397023 0.1935279 0.3000000
v -0.0350000 0.1920000 0.3000000
v -0.0316601 0.1935279 0.3201505
v -0.0287804 0.1975279 0.3205417
v -0.0287804 0.2024721 0.3205417
v -0.0316601 0.2064721 0.3201505
v -0.0363196 0.2080000 0.3195175
v -0.0409791 0.2064721 0.3188846
v -0.0438588 0.2024721 0.3184934
v -0.0438588 0.1975279 0.3184934
v -0.0409791 0.1935279 0.3188846
v -0.0363196 0.1920000 0.3195175
v -0.0357224 0.1935279 0.3399342
v -0.0329215 0.1975279 0.3407094
v -0.0329215 0.2024721 0.3407094
v -0.0357224 0.2064721 0.3399342
v -0.0402543 0.2080000 0.3386798
v -0.0447861 0.2064721 0.3374254
v -0.0475870 0.2024721 0.3366502
v -0.0475870 0.1975279 0.3366502
v -0.0447861 0.1935279 0.3374254
v -0.0402542 0.1920000 0.3386798
v -0.0424106 0.1935279 0.3589910
v -0.0397396 0.1975279 0.3601362
v -0.0397396 0.2024721 0.3601362
v -0.0424106 0.2064721 0.3589910
v -0.0467324 0.2080000 0.3571380
v -0.0510542 0.2064721 0.3552851
v -0.0537253 0.2024721 0.3541399
v -0.0537253 0.1975279 0.3541399
v -0.0510542 0.1935279 0.3552851
v -0.0467324 0.1920000 0.3571380
v -0.0516032 0.1935279 0.3769742
v -0.0491106 0.1975279 0.3784685
v -0.0491106 0.2024721 0.3784685
v -0.0516032 0.2064721 0.3769742
v -0.0556362 0.2080000 0.3745563
v -0.0596693 0.2064721 0.3721385
v -0.0621618 0.2024721 0.3706442
v -0.0621618 0.1975279 0.3706442
v -0.0596693 0.1935279 0.3721385
v -0.0556362 0.1920000 0.3745563
v -0.0631326 0.1935279 0.3935563
v -0.0608639 0.1975279 0.3953725
v -0.0608639 0.2024721 0.3953725
v -0.0631326 0.2064721 0.3935563
v -0.0668035 0.2080000 0.3906176
v -0.0704744 0.2064721 0.3876790
v -0.0727432 0.2024721 0.3858627
v -0.0727432 0.1975279 0.3858627
v -0.0704744 0.1935279 0.3876790
v -0.0668035 0.1920000 0.3906176
v -0.0767892 0.1935279 0.4084356
v -0.0747855 0.1975279 0.4105407
v -0.0747855 0.2024721 0.4105407
v -0.0767892 0.2064721 0.4084356
v -0.0800311 0.2080000 0.4050296
v -0.0832730 0.2064721 0.4016235
v -0.0852767 0.2024721 0.3995185
v -0.0852767 0.1975279 0.3995185
v -0.0832730 0.1935279 0.4016235
v -0.0800311 0.1920000 0.4050296
v -0.0923242 0.1935279 0.4213414
v -0.0906222 0.1975279 0.4236970
v -0.0906222 0.2024721 0.4236970
v -0.0923242 0.2064721 0.4213414
v -0.0950782 0.2080000 0.4175299
v -0.0978322 0.2064721 0.4137185
v -0.0995342 0.2024721 0.4113629
v -0.0995342 0.1975279 0.4113629
v -0.0978322 0.1935279 0.4137185
v -0.0950782 0.1920000 0.4175299
v -0.1094551 0.1935279 0.4320386
v -0.1080856 0.1975279 0.4346018
v -0.1080856 0.2024721 0.4346018
v -0.1094551 0.2064721 0.4320386
v -0.1116710 0.2080000 0.4278911
v -0.1138868 0.2064721 0.4237437
v -0.1152563 0.2024721 0.4211804
v -0.1152563 0.1975279 0.4211804
v -0.1138868 0.1935279 0.4237437
v -0.1116710 0.1920000 0.4278911
v -0.1278699 0.1935279 0.4403326
v -0.1268579 0.1975279 0.4430569
v -0.1268579 0.2024721 0.4430569
v -0.1278699 0.2064721 0.4403326
v -0.1295074 0.2080000 0.4359246
v -0.1311449 0.2064721 0.4315166
v -0.1321568 0.2024721 0.4287923
v -0.1321568 0.1975279 0.4287923
v -0.1311448 0.1935279 0.4315166
v -0.1295074 0.1920000 0.4359246
v -0.1472336 0.1935279 0.4460724
v -0.1465975 0.1975279 0.4489081
v -0.1465975 0.2024721 0.4489081
v -0.1472336 0.2064721 0.4460724
v -0.1482628 0.2080000 0.4414841
v -0.1492920 0.2064721 0.4368958
v -0.1499281 0.2024721 0.4340601
v -0.1499281 0.1975279 0.4340601
v -0.1492920 0.1935279 0.4368958
v -0.1482628 0.1920000 0.4414841
v -0.1671936 0.1935279 0.4491535
v -0.1669450 0.1975279 0.4520490
v -0.1669450 0.2024721 0.4520490
v -0.1671936 0.2064721 0.4491535
v -0.1675959 0.2080000 0.4444685
v -0.1679981 0.2064721 0.4397834
v -0.1682467 0.2024721 0.4368879
v -0.1682467 0.1975279 0.4368879
v -0.1679981 0.1935279 0.4397834
v -0.1675959 0.1920000 0.4444685
v -0.1873868 0.1935279 0.4495199
v -0.1875301 0.1975279 0.4524226
v -0.1875301 0.2024721 0.4524226
v -0.1873868 0.2064721 0.4495199
v -0.1871547 0.2080000 0.4448234
v -0.1869227 0.2064721 0.4401268
v -0.1867793 0.2024721 0.4372242
v -0.1867793 0.1975279 0.4372242
v -0.1869227 0.1935279 0.4401268
v -0.1871547 0.1920000 0.4448234
v -0.2072889 0.1935279 0.4471914
v -0.2077250 0.1975279 0.4500647
v -0.2077250 0.2024721 0.4500647
v -0.2072889 0.2064721 0.4471914
v -0.2065833 0.2080000 0.4425424
v -0.2058777 0.2064721 0.4378933
v -0.2054417 0.2024721 0.4350201
v -0.2054417 0.1975279 0.4350201
v -0.2058777 0.1935279 0.4378933
v -0.2065833 0.1920000 0.4425424
v -0.6133288 0.1935279 0.3714700
v -0.6138616 0.1975279 0.3743269
v -0.6138616 0.2024721 0.3743269
v -0.6133288 0.2064721 0.3714700
v -0.6124667 0.2080000 0.3668475
v -0.6116046 0.2064721 0.3622249
v -0.6110718 0.2024721 0.3593680
v -0.6110718 0.1975279 0.3593680
v -0.6116046 0.1935279 0.3622249
v -0.6124667 0.1920000 0.3668475
f 2903 2901 2902
f 2903 2900 2901
f 2904 2900 2903
f 2904 2899 2900
f 2895 2899 2904
f 2895 2898 2899
f 2896 2898 2895
f 2896 2897 2898
f 2910 2912 2911
f 2910 2913 2912
f 2909 2913 2910
f 2909 2914 2913
f 2908 2914 2909
f 2908 2905 2914
f 2907 2905 2908
f 2907 2906 2905
f 2915 2925 2934
f 2915 2934 2924
f 2916 2926 2925
f 2916 2925 2915
f 2917 2927 2926
f 2917 2926 2916
f 2918 2928 2927
f 2918 2927 2917
f 2919 2929 2928
f 2919 2928 2918
f 2920 2930 2929
f 2920 2929 2919
f 2921 2931 2930
f 2921 2930 2920
f 2922 2932 2931
f 2922 2931 2921
f 2923 2933 2932
f 2923 2932 2922
f 2924 2934 2933
f 2924 2933 2923
f 2925 2935 2944
f 2925 2944 2934
f 2926 2936 2935
f 2926 2935 2925
f 2927 2937 2936
f 2927 2936 2926
f 2928 2938 2937
f 2928 2937 2927
f 2929 2939 2938
f 2929 2938 2928
f 2930 2940 2939
f 2930 2939 2929
f 2931 2941 2940
f 2931 2940 2930
f 2932 2942 2941
f 2932 2941 2931
f 2933 2943 2942
f 2933 2942 2932
f 2934 2944 2943
f 2934 2943 2933
f 2935 2945 2954
f 2935 2954 2944
f 2936 2946 2945
f 2936 2945 2935
f 2937 2947 2946
f 2937 2946 2936
f 2938 2948 2947
f 2938 2947 2937
f 2939 2949 2948
f 2939 2948 2938
f 2940 2950 2949
f 2940 2949 2939
f 2941 2951 2950
f 2941 2950 2940
f 2942 2952 2951
f 2942 2951 2941
f 2943 2953 2952
f 2943 2952 2942
f 2944 2954 2953
f 2944 2953 2943
f 2945 2955 2964
f 2945 2964 2954
f 2946 2956 2955
f 2946 2955 2945
f 2947 2957 2956
f 2947 2956 2946
f 2948 2958 2957
f 2948 2957 2947
f 2949 2959 2958
f 2949 2958 2948
f 2950 2960 2959
f 2950 2959 2949
f 2951 2961 2960
f 2951 2960 2950
f 2952 2962 2961
f 2952 2961 2951
f 2953 2963 2962
f 2953 2962 2952
f 2954 2964 2963
f 2954 2963 2953
f 2955 2965 2974
f 2955 2974 2964
f 2956 2966 2965
f 2956 2965 2955
f 2957 2967 2966
f 2957 2966 2956
f 2958 2968 2967
f 2958 2967 2957
f 2959 2969 2968
f 2959 2968 2958
f 2960 2970 2969
f 2960 2969 2959
f 2961 2971 2970
f 2961 2970 2960
f 2962 2972 2971
f 2962 2971 2961
f 2963 2973 2972
f 2963 2972 2962
f 2964 2974 2973
f 2964 2973 2963
f 2965 2975 2984
f 2965 2984 2974
f 2966 2976 2975
f 2966 2975 2965
f 2967 2977 2976
f 2967 2976 2966
f 2968 2978 2977
f 2968 2977 2967
f 2969 2979 2978
f 2969 2978 2968
f 2970 2980 2979
f 2970 2979 2969
f 2971 2981 2980
f 2971 2980 2970
f 2972 2982 2981
f 2972 2981 2971
f 2973 2983 2982
f 2973 2982 2972
f 2974 2984 2983
f 2974 2983 2973
f 2975 2985 2994
f 2975 2994 2984
f 2976 2986 2985
f 2976 2985 2975
f 2977 2987 2986
f 2977 2986 2976
f 2978 2988 2987
f 2978 2987 2977
f 2979 2989 2988
f 2979 2988 2978
f 2980 2990 2989
f 2980 2989 2979
f 2981 2991 2990
f 2981 2990 2980
f 2982 2992 2991
f 2982 2991 2981
f 2983 2993 2992
f 2983 2992 2982
f 2984 2994 2993
f 2984 2993 2983
f 2985 2995 3004
f 2985 3004 2994
f 2986 2996 2995
f 2986 2995 2985
f 2987 2997 2996
f 2987 2996 2986
f 2988 2998 2997
f 2988 2997 2987
f 2989 2999 2998
f 2989 2998 2988
f 2990 3000 2999
f 2990 2999 2989
f 2991 3001 3000
f 2991 3000 2990
f 2992 3002 3001
f 2992 3001 2991
f 2993 3003 3002
f 2993 3002 2992
f 2994 3004 3003
f 2994 3003 2993
f 2995 3005 3014
f 2995 3014 3004
f 2996 3006 3005
f 2996 3005 2995
f 2997 3007 3006
f 2997 3006 2996
f 2998 3008 3007
f 2998 3007 2997
f 2999 3009 3008
f 2999 3008 2998
f 3000 3010 3009
f 3000 3009 2999
f 3001 3011 3010
f 3001 3010 3000
f 3002 3012 3011
f 3002 3011 3001
f 3003 3013 3012
f 3003 3012 3002
f 3004 3014 3013
f 3004 3013 3003
f 3005 3015 3024
f 3005 3024 3014
f 3006 3016 3015
f 3006 3015 3005
f 3007 3017 3016
f 3007 3016 3006
f 3008 3018 3017
f 3008 3017 3007
f 3009 3019 3018
f 3009 3018 3008
f 3010 3020 3019
f 3010 3019 3009
f 3011 3021 3020
f 3011 3020 3010
f 3012 3022 3021
f 3012 3021 3011
f 3013 3023 3022
f 3013 3022 3012
f 3014 3024 3023
f 3014 3023 3013
f 3015 3025 3034
f 3015 3034 3024
f 3016 3026 3025
f 3016 3025 3015
f 3017 3027 3026
f 3017 3026 3016
f 3018 3028 3027
f 3018 3027 3017
f 3019 3029 3028
f 3019 3028 3018
f 3020 3030 3029
f 3020 3029 3019
f 3021 3031 3030
f 3021 3030 3020
f 3022 3032 3031
f 3022 3031 3021
f 3023 3033 3032
f 3023 3032 3022
f 3024 3034 3033
f 3024 3033 3023
f 3025 3035 3044
f 3025 3044 3034
f 3026 3036 3035
f 3026 3035 3025
f 3027 3037 3036
f 3027 3036 3026
f 3028 3038 3037
f 3028 3037 3027
f 3029 3039 3038
f 3029 3038 3028
f 3030 3040 3039
f 3030 3039 3029
f 3031 3041 3040
f 3031 3040 3030
f 3032 3042 3041
f 3032 3041 3031
f 3033 3043 3042
f 3033 3042 3032
f 3034 3044 3043
f 3034 3043 3033
f 3035 3045 3054
f 3035 3054 3044
f 3036 3046 3045
f 3036 3045 3035
f 3037 3047 3046
f 3037 3046 3036
f 3038 3048 3047
f 3038 3047 3037
f 3039 3049 3048
f 3039 3048 3038
f 3040 3050 3049
f 3040 3049 3039
f 3041 3051 3050
f 3041 3050 3040
f 3042 3052 3051
f 3042 3051 3041
f 3043 3053 3052
f 3043 3052 3042
f 3044 3054 3053
f 3044 3053 3043
f 3045 3055 3064
f 3045 3064 3054
f 3046 3056 3055
f 3046 3055 3045
f 3047 3057 3056
f 3047 3056 3046
f 3048 3058 3057
f 3048 3057 3047
f 3049 3059 3058
f 3049 3058 3048
f 3050 3060 3059
f 3050 3059 3049
f 3051 3061 3060
f 3051 3060 3050
f 3052 3062 3061
f 3052 3061 3051
f 3053 3063 3062
f 3053 3062 3052
f 3054 3064 3063
f 3054 3063 3053
f 3055 3065 3074
f 3055 3074 3064
f 3056 3066 3065
f 3056 3065 3055
f 3057 3067 3066
f 3057 3066 3056
f 3058 3068 3067
f 3058 3067 3057
f 3059 3069 3068
f 3059 3068 3058
f 3060 3070 3069
f 3060 3069 3059
f 3061 3071 3070
f 3061 3070 3060
f 3062 3072 3071
f 3062 3071 3061
f 3063 3073 3072
f 3063 3072 3062
f 3064 3074 3073
f 3064 3073 3063
f 3065 3075 3084
f 3065 3084 3074
f 3066 3076 3075
f 3066 3075 3065
f 3067 3077 3076
f 3067 3076 3066
f 3068 3078 3077
f 3068 3077 3067
f 3069 3079 3078
f 3069 3078 3068
f 3070 3080 3079
f 3070 3079 3069
f 3071 3081 3080
f 3071 3080 3070
f 3072 3082 3081
f 3072 3081 3071
f 3073 3083 3082
f 3073 3082 3072
f 3074 3084 3083
f 3074 3083 3073
f 3075 3085 3094
f 3075 3094 3084
f 3076 3086 3085
f 3076 3085 3075
f 3077 3087 3086
f 3077 3086 3076
f 3078 3088 3087
f 3078 3087 3077
f 3079 3089 3088
f 3079 3088 3078
f 3080 3090 3089
f 3080 3089 3079
f 3081 3091 3090
f 3081 3090 3080
f 3082 3092 3091
f 3082 3091 3081
f 3083 3093 3092
f 3083 3092 3082
f 3084 3094 3093
f 3084 3093 3083
f 3085 3095 3104
f 3085 3104 3094
f 3086 3096 3095
f 3086 3095 3085
f 3087 3097 3096
f 3087 3096 3086
f 3088 3098 3097
f 3088 3097 3087
f 3089 3099 3098
f 3089 3098 3088
f 3090 3100 3099
f 3090 3099 3089
f 3091 3101 3100
f 3091 3100 3090
f 3092 3102 3101
f 3092 3101 3091
f 3093 3103 3102
f 3093 3102 3092
f 3094 3104 3103
f 3094 3103 3093
f 3095 3105 3114
f 3095 3114 3104
f 3096 3106 3105
f 3096 3105 3095
f 3097 3107 3106
f 3097 3106 3096
f 3098 3108 3107
f 3098 3107 3097
f 3099 3109 3108
f 3099 3108 3098
f 3100 3110 3109
f 3100 3109 3099
f 3101 3111 3110
f 3101 3110 3100
f 3102 3112 3111
f 3102 3111 3101
f 3103 3113 3112
f 3103 3112 3102
f 3104 3114 3113
f 3104 3113 3103
f 3105 3115 3124
f 3105 3124 3114
f 3106 3116 3115
f 3106 3115 3105
f 3107 3117 3116
f 3107 3116 3106
f 3108 3118 3117
f 3108 3117 3107
f 3109 3119 3118
f 3109 3118 3108
f 3110 3120 3119
f 3110 3119 3109
f 3111 3121 3120
f 3111 3120 3110
f 3112 3122 3121
f 3112 3121 3111
f 3113 3123 3122
f 3113 3122 3112
f 3114 3124 3123
f 3114 3123 3113
f 3115 3125 3134
f 3115 3134 3124
f 3116 3126 3125
f 3116 3125 3115
f 3117 3127 3126
f 3117 3126 3116
f 3118 3128 3127
f 3118 3127 3117
f 3119 3129 3128
f 3119 3128 3118
f 3120 3130 3129
f 3120 3129 3119
f 3121 3131 3130
f 3121 3130 3120
f 3122 3132 3131
f 3122 3131 3121
f 3123 3133 3132
f 3123 3132 3122
f 3124 3134 3133
f 3124 3133 3123
f 3125 3135 3144
f 3125 3144 3134
f 3126 3136 3135
f 3126 3135 3125
f 3127 3137 3136
f 3127 3136 3126
f 3128 3138 3137
f 3128 3137 3127
f 3129 3139 3138
f 3129 3138 3128
f 3130 3140 3139
f 3130 3139 3129
f 3131 3141 3140
f 3131 3140 3130
f 3132 3142 3141
f 3132 3141 3131
f 3133 3143 3142
f 3133 3142 3132
f 3134 3144 3143
f 3134 3143 3133
f 3135 3145 3154
f 3135 3154 3144
f 3136 3146 3145
f 3136 3145 3135
f 3137 3147 3146
f 3137 3146 3136
f 3138 3148 3147
f 3138 3147 3137
f 3139 3149 3148
f 3139 3148 3138
f 3140 3150 3149
f 3140 3149 3139
f 3141 3151 3150
f 3141 3150 3140
f 3142 3152 3151
f 3142 3151 3141
f 3143 3153 3152
f 3143 3152 3142
f 3144 3154 3153
f 3144 3153 3143
f 3145 3155 3164
f 3145 3164 3154
f 3146 3156 3155
f 3146 3155 3145
f 3147 3157 3156
f 3147 3156 3146
f 3148 3158 3157
f 3148 3157 3147
f 3149 3159 3158
f 3149 3158 3148
f 3150 3160 3159
f 3150 3159 3149
f 3151 3161 3160
f 3151 3160 3150
f 3152 3162 3161
f 3152 3161 3151
f 3153 3163 3162
f 3153 3162 3152
f 3154 3164 3163
f 3154 3163 3153
f 3155 3165 3174
f 3155 3174 3164
f 3156 3166 3165
f 3156 3165 3155
f 3157 3167 3166
f 3157 3166 3156
f 3158 3168 3167
f 3158 3167 3157
f 3159 3169 3168
f 3159 3168 3158
f 3160 3170 3169
f 3160 3169 3159
f 3161 3171 3170
f 3161 3170 3160
f 3162 3172 3171
f 3162 3171 3161
f 3163 3173 3172
f 3163 3172 3162
f 3164 3174 3173
f 3164 3173 3163
f 3165 3175 3184
f 3165 3184 3174
f 3166 3176 3175
f 3166 3175 3165
f 3167 3177 3176
f 3167 3176 3166
f 3168 3178 3177
f 3168 3177 3167
f 3169 3179 3178
f 3169 3178 3168
f 3170 3180 3179
f 3170 3179 3169
f 3171 3181 3180
f 3171 3180 3170
f 3172 3182 3181
f 3172 3181 3171
f 3173 3183 3182
f 3173 3182 3172
f 3174 3184 3183
f 3174 3183 3173
f 3175 3185 3194
f 3175 3194 3184
f 3176 3186 3185
f 3176 3185 3175
f 3177 3187 3186
f 3177 3186 3176
f 3178 3188 3187
f 3178 3187 3177
f 3179 3189 3188
f 3179 3188 3178
f 3180 3190 3189
f 3180 3189 3179
f 3181 3191 3190
f 3181 3190 3180
f 3182 3192 3191
f 3182 3191 3181
f 3183 3193 3192
f 3183 3192 3182
f 3184 3194 3193
f 3184 3193 3183
f 3185 3195 3204
f 3185 3204 3194
f 3186 3196 3195
f 3186 3195 3185
f 3187 3197 3196
f 3187 3196 3186
f 3188 3198 3197
f 3188 3197 3187
f 3189 3199 3198
f 3189 3198 3188
f 3190 3200 3199
f 3190 3199 3189
f 3191 3201 3200
f 3191 3200 3190
f 3192 3202 3201
f 3192 3201 3191
f 3193 3203 3202
f 3193 3202 3192
f 3194 3204 3203
f 3194 3203 3193
f 3195 3205 3214
f 3195 3214 3204
f 3196 3206 3205
f 3196 3205 3195
f 3197 3207 3206
f 3197 3206 3196
f 3198 3208 3207
f 3198 3207 3197
f 3199 3209 3208
f 3199 3208 3198
f 3200 3210 3209
f 3200 3209 3199
f 3201 3211 3210
f 3201 3210 3200
f 3202 3212 3211
f 3202 3211 3201
f 3203 3213 3212
f 3203 3212 3202
f 3204 3214 3213
f 3204 3213 3203
f 3205 3215 3224
f 3205 3224 3214
f 3206 3216 3215
f 3206 3215 3205
f 3207 3217 3216
f 3207 3216 3206
f 3208 3218 3217
f 3208 3217 3207
f 3209 3219 3218
f 3209 3218 3208
f 3210 3220 3219
f 3210 3219 3209
f 3211 3221 3220
f 3211 3220 3210
f 3212 3222 3221
f 3212 3221 3211
f 3213 3223 3222
f 3213 3222 3212
f 3214 3224 3223
f 3214 3223 3213
f 3215 3225 3234
f 3215 3234 3224
f 3216 3226 3225
f 3216 3225 3215
f 3217 3227 3226
f 3217 3226 3216
f 3218 3228 3227
f 3218 3227 3217
f 3219 3229 3228
f 3219 3228 3218
f 3220 3230 3229
f 3220 3229 3219
f 3221 3231 3230
f 3221 3230 3220
f 3222 3232 3231
f 3222 3231 3221
f 3223 3233 3232
f 3223 3232 3222
f 3224 3234 3233
f 3224 3233 3223
f 3225 3235 3244
f 3225 3244 3234
f 3226 3236 3235
f 3226 3235 3225
f 3227 3237 3236
f 3227 3236 3226
f 3228 3238 3237
f 3228 3237 3227
f 3229 3239 3238
f 3229 3238 3228
f 3230 3240 3239
f 3230 3239 3229
f 3231 3241 3240
f 3231 3240 3230
f 3232 3242 3241
f 3232 3241 3231
f 3233 3243 3242
f 3233 3242 3232
f 3234 3244 3243
f 3234 3243 3233
f 3235 3245 3254
f 3235 3254 3244
f 3236 3246 3245
f 3236 3245 3235
f 3237 3247 3246
f 3237 3246 3236
f 3238 3248 3247
f 3238 3247 3237
f 3239 3249 3248
f 3239 3248 3238
f 3240 3250 3249
f 3240 3249 3239
f 3241 3251 3250
f 3241 3250 3240
f 3242 3252 3251
f 3242 3251 3241
f 3243 3253 3252
f 3243 3252 3242
f 3244 3254 3253
f 3244 3253 3243
f 3245 3255 3264
f 3245 3264 3254
f 3246 3256 3255
f 3246 3255 3245
f 3247 3257 3256
f 3247 3256 3246
f 3248 3258 3257
f 3248 3257 3247
f 3249 3259 3258
f 3249 3258 3248
f 3250 3260 3259
f 3250 3259 3249
f 3251 3261 3260
f 3251 3260 3250
f 3252 3262 3261
f 3252 3261 3251
f 3253 3263 3262
f 3253 3262 3252
f 3254 3264 3263
f 3254 3263 3253
f 3255 3265 3274
f 3255 3274 3264
f 3256 3266 3265
f 3256 3265 3255
f 3257 3267 3266
f 3257 3266 3256
f 3258 3268 3267
f 3258 3267 3257
f 3259 3269 3268
f 3259 3268 3258
f 3260 3270 3269
f 3260 3269 3259
f 3261 3271 3270
f 3261 3270 3260
f 3262 3272 3271
f 3262 3271 3261
f 3263 3273 3272
f 3263 3272 3262
f 3264 3274 3273
f 3264 3273 3263
f 3265 3275 3284
f 3265 3284 3274
f 3266 3276 3275
f 3266 3275 3265
f 3267 3277 3276
f 3267 3276 3266
f 3268 3278 3277
f 3268 3277 3267
f 3269 3279 3278
f 3269 3278 3268
f 3270 3280 3279
f 3270 3279 3269
f 3271 3281 3280
f 3271 3280 3270
f 3272 3282 3281
f 3272 3281 3271
f 3273 3283 3282
f 3273 3282 3272
f 3274 3284 3283
f 3274 3283 3273
f 3275 3285 3294
f 3275 3294 3284
f 3276 3286 3285
f 3276 3285 3275
f 3277 3287 3286
f 3277 3286 3276
f 3278 3288 3287
f 3278 3287 3277
f 3279 3289 3288
f 3279 3288 3278
f 3280 3290 3289
f 3280 3289 3279
f 3281 3291 3290
f 3281 3290 3280
f 3282 3292 3291
f 3282 3291 3281
f 3283 3293 3292
f 3283 3292 3282
f 3284 3294 3293
f 3284 3293 3283
f 3285 3295 3304
f 3285 3304 3294
f 3286 3296 3295
f 3286 3295 3285
f 3287 3297 3296
f 3287 3296 3286
f 3288 3298 3297
f 3288 3297 3287
f 3289 3299 3298
f 3289 3298 3288
f 3290 3300 3299
f 3290 3299 3289
f 3291 3301 3300
f 3291 3300 3290
f 3292 3302 3301
f 3292 3301 3291
f 3293 3303 3302
f 3293 3302 3292
f 3294 3304 3303
f 3294 3303 3293
f 3295 3305 3314
f 3295 3314 3304
f 3296 3306 3305
f 3296 3305 3295
f 3297 3307 3306
f 3297 3306 3296
f 3298 3308 3307
f 3298 3307 3297
f 3299 3309 3308
f 3299 3308 3298
f 3300 3310 3309
f 3300 3309 3299
f 3301 3311 3310
f 3301 3310 3300
f 3302 3312 3311
f 3302 3311 3301
f 3303 3313 3312
f 3303 3312 3302
f 3304 3314 3313
f 3304 3313 3303
f 3305 3315 3324
f 3305 3324 3314
f 3306 3316 3315
f 3306 3315 3305
f 3307 3317 3316
f 3307 3316 3306
f 3308 3318 3317
f 3308 3317 3307
f 3309 3319 3318
f 3309 3318 3308
f 3310 3320 3319
f 3310 3319 3309
f 3311 3321 3320
f 3311 3320 3310
f 3312 3322 3321
f 3312 3321 3311
f 3313 3323 3322
f 3313 3322 3312
f 3314 3324 3323
f 3314 3323 3313
f 3315 3325 3334
f 3315 3334 3324
f 3316 3326 3325
f 3316 3325 3315
f 3317 3327 3326
f 3317 3326 3316
f 3318 3328 3327
f 3318 3327 3317
f 3319 3329 3328
f 3319 3328 3318
f 3320 3330 3329
f 3320 3329 3319
f 3321 3331 3330
f 3321 3330 3320
f 3322 3332 3331
f 3322 3331 3321
f 3323 3333 3332
f 3323 3332 3322
f 3324 3334 3333
f 3324 3333 3323
f 3325 3335 3344
f 3325 3344 3334
f 3326 3336 3335
f 3326 3335 3325
f 3327 3337 3336
f 3327 3336 3326
f 3328 3338 3337
f 3328 3337 3327
f 3329 3339 3338
f 3329 3338 3328
f 3330 3340 3339
f 3330 3339 3329
f 3331 3341 3340
f 3331 3340 3330
f 3332 3342 3341
f 3332 3341 3331
f 3333 3343 3342
f 3333 3342 3332
f 3334 3344 3343
f 3334 3343 3333
f 3335 3345 3354
f 3335 3354 3344
f 3336 3346 3345
f 3336 3345 3335
f 3337 3347 3346
f 3337 3346 3336
f 3338 3348 3347
f 3338 3347 3337
f 3339 3349 3348
f 3339 3348 3338
f 3340 3350 3349
f 3340 3349 3339
f 3341 3351 3350
f 3341 3350 3340
f 3342 3352 3351
f 3342 3351 3341
f 3343 3353 3352
f 3343 3352 3342
f 3344 3354 3353
f 3344 3353 3343
f 3345 3355 3364
f 3345 3364 3354
f 3346 3356 3355
f 3346 3355 3345
f 3347 3357 3356
f 3347 3356 3346
f 3348 3358 3357
f 3348 3357 3347
f 3349 3359 3358
f 3349 3358 3348
f 3350 3360 3359
f 3350 3359 3349
f 3351 3361 3360
f 3351 3360 3350
f 3352 3362 3361
f 3352 3361 3351
f 3353 3363 3362
f 3353 3362 3352
f 3354 3364 3363
f 3354 3363 3353
f 3355 3365 3374
f 3355 3374 3364
f 3356 3366 3365
f 3356 3365 3355
f 3357 3367 3366
f 3357 3366 3356
f 3358 3368 3367
f 3358 3367 3357
f 3359 3369 3368
f 3359 3368 3358
f 3360 3370 3369
f 3360 3369 3359
f 3361 3371 3370
f 3361 3370 3360
f 3362 3372 3371
f 3362 3371 3361
f 3363 3373 3372
f 3363 3372 3362
f 3364 3374 3373
f 3364 3373 3363
f 3365 3375 3384
f 3365 3384 3374
f 3366 3376 3375
f 3366 3375 3365
f 3367 3377 3376
f 3367 3376 3366
f 3368 3378 3377
f 3368 3377 3367
f 3369 3379 3378
f 3369 3378 3368
f 3370 3380 3379
f 3370 3379 3369
f 3371 3381 3380
f 3371 3380 3370
f 3372 3382 3381
f 3372 3381 3371
f 3373 3383 3382
f 3373 3382 3372
f 3374 3384 3383
f 3374 3383 3373
f 3375 3385 3394
f 3375 3394 3384
f 3376 3386 3385
f 3376 3385 3375
f 3377 3387 3386
f 3377 3386 3376
f 3378 3388 3387
f 3378 3387 3377
f 3379 3389 3388
f 3379 3388 3378
f 3380 3390 3389
f 3380 3389 3379
f 3381 3391 3390
f 3381 3390 3380
f 3382 3392 3391
f 3382 3391 3381
f 3383 3393 3392
f 3383 3392 3382
f 3384 3394 3393
f 3384 3393 3383
f 3385 3395 3404
f 3385 3404 3394
f 3386 3396 3395
f 3386 3395 3385
f 3387 3397 3396
f 3387 3396 3386
f 3388 3398 3397
f 3388 3397 3387
f 3389 3399 3398
f 3389 3398 3388
f 3390 3400 3399
f 3390 3399 3389
f 3391 3401 3400
f 3391 3400 3390
f 3392 3402 3401
f 3392 3401 3391
f 3393 3403 3402
f 3393 3402 3392
f 3394 3404 3403
f 3394 3403 3393
v -0.1800000 -0.4700001 0.3220001
v -0.1800000 0.4700001 0.3219999
v -0.1884190 -0.4700001 0.3203254
v -0.1884190 0.4700001 0.3203253
v -0.1955564 -0.4700001 0.3155564
v -0.1955564 0.4700001 0.3155563
v -0.2003254 -0.4700001 0.3084191
v -0.2003254 0.4700001 0.3084190
v -0.2020000 -0.4700001 0.3000001
v -0.2020000 0.4700001 0.3000000
v -0.2003254 -0.4700001 0.2915810
v -0.2003254 0.4700001 0.2915809
v -0.1955564 -0.4700001 0.2844437
v -0.1955564 0.4700001 0.2844436
v -0.1884190 -0.4700001 0.2796747
v -0.1884190 0.4700001 0.2796746
v -0.1800000 -0.4700001 0.2780001
v -0.1800000 0.4700001 0.2779999
v -0.1715810 -0.4700001 0.2796747
v -0.1715810 0.4700001 0.2796746
v -0.1644437 -0.4700001 0.2844437
v -0.1644437 0.4700001 0.2844436
v -0.1596747 -0.4700001 0.2915810
v -0.1596747 0.4700001 0.2915809
v -0.1580000 -0.4700001 0.3000001
v -0.1580000 0.4700001 0.3000000
v -0.1596746 -0.4700001 0.3084191
v -0.1596746 0.4700001 0.3084190
v -0.1644437 -0.4700001 0.3155564
v -0.1644437 0.4700001 0.3155563
v -0.1715810 -0.4700001 0.3203254
v -0.1715810 0.4700001 0.3203253
f 3405 3406 3408
f 3405 3408 3407
f 3407 3408 3410
f 3407 3410 3409
f 3409 3410 3412
f 3409 3412 3411
f 3411 3412 3414
f 3411 3414 3413
f 3413 3414 3416
f 3413 3416 3415
f 3415 3416 3418
f 3415 3418 3417
f 3417 3418 3420
f 3417 3420 3419
f 3419 3420 3422
f 3419 3422 3421
f 3421 3422 3424
f 3421 3424 3423
f 3423 3424 3426
f 3423 3426 3425
f 3425 3426 3428
f 3425 3428 3427
f 3427 3428 3430
f 3427 3430 3429
f 3429 3430 3432
f 3429 3432 3431
f 3431 3432 3434
f 3431 3434 3433
f 3410 3408 3406
f 3406 3436 3434
f 3434 3432 3430
f 3430 3428 3426
f 3426 3424 3422
f 3422 3420 3418
f 3418 3416 3414
f 3414 3412 3410
f 3410 3406 3434
f 3434 3430 3426
f 3426 3422 3418
f 3418 3414 3410
f 3410 3434 3426
f 3426 3418 3410
f 3433 3434 3436
f 3433 3436 3435
f 3435 3436 3406
f 3435 3406 3405
f 3435 3405 3407
f 3407 3409 3411
f 3411 3413 3415
f 3415 3417 3419
f 3419 3421 3423
f 3423 3425 3427
f 3427 3429 3431
f 3431 3433 3435
f 3435 3407 3411
f 3411 3415 3419
f 3419 3423 3427
f 3427 3431 3435
f 3435 3411 3419
f 3419 3427 3435
v -0.1800000 -0.1000000 0.3800000
v -0.1800000 0.1000000 0.3800000
v -0.2106147 -0.1000000 0.3739104
v -0.2106147 0.1000000 0.3739104
v -0.2365686 -0.1000000 0.3565686
v -0.2365686 0.1000000 0.3565685
v -0.2539104 -0.1000000 0.3306147
v -0.2539104 0.1000000 0.3306147
v -0.2600000 -0.1000000 0.3000000
v -0.2600000 0.1000000 0.3000000
v -0.2539104 -0.1000000 0.2693853
v -0.2539104 0.1000000 0.2693853
v -0.2365686 -0.1000000 0.2434315
v -0.2365686 0.1000000 0.2434314
v -0.2106147 -0.1000000 0.2260897
v -0.2106147 0.1000000 0.2260896
v -0.1800000 -0.1000000 0.2200000
v -0.1800000 0.1000000 0.2200000
v -0.1493853 -0.1000000 0.2260897
v -0.1493853 0.1000000 0.2260896
v -0.1234315 -0.1000000 0.2434315
v -0.1234315 0.1000000 0.2434314
v -0.1060896 -0.1000000 0.2693853
v -0.1060896 0.1000000 0.2693853
v -0.1000000 -0.1000000 0.3000000
v -0.1000000 0.1000000 0.3000000
v -0.1060896 -0.1000000 0.3306147
v -0.1060896 0.1000000 0.3306147
v -0.1234314 -0.1000000 0.3565686
v -0.1234314 0.1000000 0.3565685
v -0.1493853 -0.1000000 0.3739104
v -0.1493853 0.1000000 0.3739104
f 3437 3438 3440
f 3437 3440 3439
f 3439 3440 3442
f 3439 3442 3441
f 3441 3442 3444
f 3441 3444 3443
f 3443 3444 3446
f 3443 3446 3445
f 3445 3446 3448
f 3445 3448 3447
f 3447 3448 3450
f 3447 3450 3449
f 3449 3450 3452
f 3449 3452 3451
f 3451 3452 3454
f 3451 3454 3453
f 3453 3454 3456
f 3453 3456 3455
f 3455 3456 3458
f 3455 3458 3457
f 3457 3458 3460
f 3457 3460 3459
f 3459 3460 3462
f 3459 3462 3461
f 3461 3462 3464
f 3461 3464 3463
f 3463 3464 3466
f 3463 3466 3465
f 3442 3440 3438
f 3438 3468 3466
f 3466 3464 3462
f 3462 3460 3458
f 3458 3456 3454
f 3454 3452 3450
f 3450 3448 3446
f 3446 3444 3442
f 3442 3438 3466
f 3466 3462 3458
f 3458 3454 3450
f 3450 3446 3442
f 3442 3466 3458
f 3458 3450 3442
f 3465 3466 3468
f 3465 3468 3467
f 3467 3468 3438
f 3467 3438 3437
f 3467 3437 3439
f 3439 3441 3443
f 3443 3445 3447
f 3447 3449 3451
f 3451 3453 3455
f 3455 3457 3459
f 3459 3461 3463
f 3463 3465 3467
f 3467 3439 3443
f 3443 3447 3451
f 3451 3455 3459
f 3459 3463 3467
f 3467 3443 3451
f 3451 3459 3467
v -0.1800000 -0.1650000 0.4000000
v -0.1800000 -0.1150000 0.4000000
v -0.2182683 -0.1650000 0.3923880
v -0.2182683 -0.1150000 0.3923880
v -0.2507107 -0.1650000 0.3707107
v -0.2507107 -0.1150000 0.3707107
v -0.2723880 -0.1650000 0.3382684
v -0.2723880 -0.1150000 0.3382684
v -0.2800000 -0.1650000 0.3000000
v -0.2800000 -0.1150000 0.3000000
v -0.2723880 -0.1650000 0.2617317
v -0.2723880 -0.1150000 0.2617317
v -0.2507107 -0.1650000 0.2292893
v -0.2507107 -0.1150000 0.2292893
v -0.2182684 -0.1650000 0.2076121
v -0.2182684 -0.1150000 0.2076121
v -0.1800000 -0.1650000 0.2000000
v -0.1800000 -0.1150000 0.2000000
v -0.1417317 -0.1650000 0.2076121
v -0.1417317 -0.1150000 0.2076121
v -0.1092893 -0.1650000 0.2292893
v -0.1092893 -0.1150000 0.2292893
v -0.0876120 -0.1650000 0.2617317
v -0.0876120 -0.1150000 0.2617317
v -0.0800000 -0.1650000 0.3000000
v -0.0800000 -0.1150000 0.3000000
v -0.0876120 -0.1650000 0.3382684
v -0.0876120 -0.1150000 0.3382683
v -0.1092893 -0.1650000 0.3707107
v -0.1092893 -0.1150000 0.3707107
v -0.1417316 -0.1650000 0.3923880
v -0.1417316 -0.1150000 0.3923880
f 3469 3470 3472
f 3469 3472 3471
f 3471 3472 3474
f 3471 3474 3473
f 3473 3474 3476
f 3473 3476 3475
f 3475 3476 3478
f 3475 3478 3477
f 3477 3478 3480
f 3477 3480 3479
f 3479 3480 3482
f 3479 3482 3481
f 3481 3482 3484
f 3481 3484 3483
f 3483 3484 3486
f 3483 3486 3485
f 3485 3486 3488
f 3485 3488 3487
f 3487 3488 3490
f 3487 3490 3489
f 3489 3490 3492
f 3489 3492 3491
f 3491 3492 3494
f 3491 3494 3493
f 3493 3494 3496
f 3493 3496 3495
f 3495 3496 3498
f 3495 3498 3497
f 3474 3472 3470
f 3470 3500 3498
f 3498 3496 3494
f 3494 3492 3490
f 3490 3488 3486
f 3486 3484 3482
f 3482 3480 3478
f 3478 3476 3474
f 3474 3470 3498
f 3498 3494 3490
f 3490 3486 3482
f 3482 3478 3474
f 3474 3498 3490
f 3490 3482 3474
f 3497 3498 3500
f 3497 3500 3499
f 3499 3500 3470
f 3499 3470 3469
f 3499 3469 3471
f 3471 3473 3475
f 3475 3477 3479
f 3479 3481 3483
f 3483 3485 3487
f 3487 3489 3491
f 3491 3493 3495
f 3495 3497 3499
f 3499 3471 3475
f 3475 3479 3483
f 3483 3487 3491
f 3491 3495 3499
f 3499 3475 3483
f 3483 3491 3499
v -0.0680000 -0.1400000 0.3000000
v -0.0688039 -0.1430000 0.3000000
v -0.0710000 -0.1451962 0.3000000
v -0.0740000 -0.1460000 0.3000000
v -0.0770000 -0.1451962 0.3000000
v -0.0791962 -0.1430000 0.3000000
v -0.0800000 -0.1400000 0.3000000
v -0.0791962 -0.1370000 0.3000000
v -0.0770000 -0.1348038 0.3000000
v -0.0740000 -0.1340000 0.3000000
v -0.0710000 -0.1348038 0.3000000
v -0.0688039 -0.1370000 0.3000000
v -0.0682398 -0.1400000 0.3073252
v -0.0690419 -0.1430000 0.3072726
v -0.0712334 -0.1451962 0.3071290
v -0.0742270 -0.1460000 0.3069327
v -0.0772205 -0.1451962 0.3067366
v -0.0794120 -0.1430000 0.3065929
v -0.0802141 -0.1400000 0.3065403
v -0.0794120 -0.1370000 0.3065929
v -0.0772205 -0.1348038 0.3067366
v -0.0742270 -0.1340000 0.3069327
v -0.0712334 -0.1348038 0.3071290
v -0.0690419 -0.1370000 0.3072726
v -0.0689582 -0.1400000 0.3146189
v -0.0697552 -0.1430000 0.3145140
v -0.0719325 -0.1451962 0.3142274
v -0.0749068 -0.1460000 0.3138358
v -0.0778812 -0.1451962 0.3134442
v -0.0800586 -0.1430000 0.3131576
v -0.0808555 -0.1400000 0.3130526
v -0.0800586 -0.1370000 0.3131576
v -0.0778812 -0.1348038 0.3134442
v -0.0749068 -0.1340000 0.3138358
v -0.0719325 -0.1348038 0.3142274
v -0.0697552 -0.1370000 0.3145140
v -0.0701521 -0.1400000 0.3218501
v -0.0709405 -0.1430000 0.3216933
v -0.0730944 -0.1451962 0.3212649
v -0.0760368 -0.1460000 0.3206796
v -0.0789791 -0.1451962 0.3200943
v -0.0811331 -0.1430000 0.3196659
v -0.0819215 -0.1400000 0.3195091
v -0.0811331 -0.1370000 0.3196659
v -0.0789791 -0.1348038 0.3200943
v -0.0760368 -0.1340000 0.3206796
v -0.0730944 -0.1348038 0.3212649
v -0.0709405 -0.1370000 0.3216933
v -0.0718163 -0.1400000 0.3289877
v -0.0725928 -0.1430000 0.3287797
v -0.0747141 -0.1451962 0.3282113
v -0.0776119 -0.1460000 0.3274348
v -0.0805096 -0.1451962 0.3266584
v -0.0826310 -0.1430000 0.3260899
v -0.0834074 -0.1400000 0.3258819
v -0.0826310 -0.1370000 0.3260899
v -0.0805096 -0.1348038 0.3266584
v -0.0776119 -0.1340000 0.3274348
v -0.0747141 -0.1348038 0.3282113
v -0.0725928 -0.1370000 0.3287797
v -0.0739438 -0.1400000 0.3360012
v -0.0747050 -0.1430000 0.3357429
v -0.0767846 -0.1451962 0.3350369
v -0.0796254 -0.1460000 0.3340726
v -0.0824662 -0.1451962 0.3331083
v -0.0845458 -0.1430000 0.3324023
v -0.0853070 -0.1400000 0.3321440
v -0.0845458 -0.1370000 0.3324023
v -0.0824662 -0.1348038 0.3331083
v -0.0796254 -0.1340000 0.3340726
v -0.0767846 -0.1348038 0.3350369
v -0.0747050 -0.1370000 0.3357429
v -0.0765255 -0.1400000 0.3428605
v -0.0772682 -0.1430000 0.3425529
v -0.0792971 -0.1451962 0.3417125
v -0.0820688 -0.1460000 0.3405645
v -0.0848404 -0.1451962 0.3394164
v -0.0868694 -0.1430000 0.3385760
v -0.0876120 -0.1400000 0.3382683
v -0.0868694 -0.1370000 0.3385760
v -0.0848404 -0.1348038 0.3394164
v -0.0820688 -0.1340000 0.3405645
v -0.0792971 -0.1348038 0.3417125
v -0.0772682 -0.1370000 0.3425529
v -0.0795503 -0.1400000 0.3495364
v -0.0802712 -0.1430000 0.3491808
v -0.0822409 -0.1451962 0.3482095
v -0.0849315 -0.1460000 0.3468826
v -0.0876221 -0.1451962 0.3455558
v -0.0895918 -0.1430000 0.3445844
v -0.0903127 -0.1400000 0.3442289
v -0.0895918 -0.1370000 0.3445844
v -0.0876221 -0.1348038 0.3455558
v -0.0849315 -0.1340000 0.3468826
v -0.0822409 -0.1348038 0.3482095
v -0.0802712 -0.1370000 0.3491808
v -0.0830052 -0.1400000 0.3560000
v -0.0837013 -0.1430000 0.3555981
v -0.0856033 -0.1451962 0.3545000
v -0.0882013 -0.1460000 0.3530000
v -0.0907994 -0.1451962 0.3515000
v -0.0927013 -0.1430000 0.3504019
v -0.0933975 -0.1400000 0.3500000
v -0.0927013 -0.1370000 0.3504019
v -0.0907994 -0.1348038 0.3515000
v -0.0882013 -0.1340000 0.3530000
v -0.0856033 -0.1348038 0.3545000
v -0.0837013 -0.1370000 0.3555981
v -0.0868754 -0.1400000 0.3622239
v -0.0875438 -0.1430000 0.3617773
v -0.0893698 -0.1451962 0.3605572
v -0.0918642 -0.1460000 0.3588905
v -0.0943586 -0.1451962 0.3572237
v -0.0961847 -0.1430000 0.3560036
v -0.0968530 -0.1400000 0.3555570
v -0.0961847 -0.1370000 0.3560036
v -0.0943586 -0.1348038 0.3572237
v -0.0918642 -0.1340000 0.3588904
v -0.0893698 -0.1348038 0.3605572
v -0.0875438 -0.1370000 0.3617773
v -0.0911444 -0.1400000 0.3681813
v -0.0917822 -0.1430000 0.3676919
v -0.0935245 -0.1451962 0.3663550
v -0.0959045 -0.1460000 0.3645287
v -0.0982846 -0.1451962 0.3627024
v -0.1000269 -0.1430000 0.3613655
v -0.1006647 -0.1400000 0.3608761
v -0.1000269 -0.1370000 0.3613655
v -0.0982846 -0.1348038 0.3627024
v -0.0959045 -0.1340000 0.3645287
v -0.0935245 -0.1348038 0.3663550
v -0.0917822 -0.1370000 0.3676919
v -0.0957939 -0.1400000 0.3738467
v -0.0963983 -0.1430000 0.3733167
v -0.0980495 -0.1451962 0.3718687
v -0.1003050 -0.1460000 0.3698907
v -0.1025605 -0.1451962 0.3679126
v -0.1042117 -0.1430000 0.3664646
v -0.1048160 -0.1400000 0.3659346
v -0.1042117 -0.1370000 0.3664646
v -0.1025605 -0.1348038 0.3679126
v -0.1003050 -0.1340000 0.3698907
v -0.0980495 -0.1348038 0.3718687
v -0.0963983 -0.1370000 0.3733167
v -0.1008041 -0.1400000 0.3791960
v -0.1013725 -0.1430000 0.3786276
v -0.1029254 -0.1451961 0.3770747
v -0.1050467 -0.1460000 0.3749533
v -0.1071680 -0.1451962 0.3728320
v -0.1087209 -0.1430000 0.3712791
v -0.1092893 -0.1400000 0.3707107
v -0.1087209 -0.1370000 0.3712791
v -0.1071680 -0.1348038 0.3728320
v -0.1050467 -0.1340000 0.3749533
v -0.1029254 -0.1348038 0.3770747
v -0.1013725 -0.1370000 0.3786276
v -0.1061533 -0.1400000 0.3842061
v -0.1066833 -0.1430000 0.3836017
v -0.1081313 -0.1451961 0.3819506
v -0.1101093 -0.1460000 0.3796950
v -0.1120874 -0.1451961 0.3774395
v -0.1135354 -0.1430000 0.3757884
v -0.1140654 -0.1400000 0.3751840
v -0.1135354 -0.1370000 0.3757884
v -0.1120874 -0.1348038 0.3774395
v -0.1101093 -0.1340000 0.3796950
v -0.1081313 -0.1348038 0.3819505
v -0.1066833 -0.1370000 0.3836017
v -0.1118187 -0.1400000 0.3888556
v -0.1123081 -0.1430000 0.3882178
v -0.1136450 -0.1451961 0.3864755
v -0.1154713 -0.1460000 0.3840955
v -0.1172976 -0.1451961 0.3817154
v -0.1186345 -0.1430000 0.3799731
v -0.1191238 -0.1400000 0.3793353
v -0.1186345 -0.1370000 0.3799731
v -0.1172976 -0.1348038 0.3817154
v -0.1154713 -0.1340000 0.3840955
v -0.1136450 -0.1348038 0.3864755
v -0.1123081 -0.1370000 0.3882178
v -0.1177762 -0.1400000 0.3931246
v -0.1182227 -0.1430000 0.3924563
v -0.1194429 -0.1451961 0.3906302
v -0.1211096 -0.1460000 0.3881358
v -0.1227763 -0.1451961 0.3856414
v -0.1239964 -0.1430000 0.3838153
v -0.1244430 -0.1400000 0.3831470
v -0.1239964 -0.1370000 0.3838153
v -0.1227763 -0.1348038 0.3856414
v -0.1211096 -0.1340000 0.3881358
v -0.1194429 -0.1348038 0.3906302
v -0.1182227 -0.1370000 0.3924562
v -0.1240000 -0.1400000 0.3969949
v -0.1244019 -0.1430000 0.3962987
v -0.1255000 -0.1451961 0.3943968
v -0.1270000 -0.1460000 0.3917987
v -0.1285000 -0.1451961 0.3892006
v -0.1295981 -0.1430000 0.3872987
v -0.1300000 -0.1400000 0.3866026
v -0.1295981 -0.1370000 0.3872987
v -0.1285000 -0.1348038 0.3892006
v -0.1270000 -0.1340000 0.3917987
v -0.1255000 -0.1348038 0.3943968
v -0.1244019 -0.1370000 0.3962987
v -0.1304637 -0.1400000 0.4004498
v -0.1308192 -0.1430000 0.3997288
v -0.1317905 -0.1451961 0.3977591
v -0.1331174 -0.1460000 0.3950685
v -0.1344443 -0.1451961 0.3923779
v -0.1354156 -0.1430000 0.3904082
v -0.1357711 -0.1400000 0.3896873
v -0.1354156 -0.1370000 0.3904082
v -0.1344443 -0.1348038 0.3923779
v -0.1331174 -0.1340000 0.3950685
v -0.1317905 -0.1348038 0.3977591
v -0.1308192 -0.1370000 0.3997288
v -0.1371394 -0.1400000 0.4034745
v -0.1374471 -0.1430000 0.4027319
v -0.1382875 -0.1451961 0.4007029
v -0.1394355 -0.1460000 0.3979312
v -0.1405836 -0.1451961 0.3951596
v -0.1414240 -0.1430000 0.3931306
v -0.1417316 -0.1400000 0.3923880
v -0.1414240 -0.1370000 0.3931306
v -0.1405836 -0.1348038 0.3951596
v -0.1394355 -0.1340000 0.3979312
v -0.1382875 -0.1348038 0.4007029
v -0.1374471 -0.1370000 0.4027318
v -0.1439988 -0.1400000 0.4060562
v -0.1442572 -0.1430000 0.4052950
v -0.1449631 -0.1451961 0.4032154
v -0.1459274 -0.1460000 0.4003746
v -0.1468918 -0.1451961 0.3975338
v -0.1475977 -0.1430000 0.3954542
v -0.1478561 -0.1400000 0.3946930
v -0.1475977 -0.1370000 0.3954542
v -0.1468918 -0.1348038 0.3975338
v -0.1459274 -0.1340000 0.4003746
v -0.1449631 -0.1348038 0.4032154
v -0.1442572 -0.1370000 0.4052950
v -0.1510123 -0.1400000 0.4081837
v -0.1512203 -0.1430000 0.4074073
v -0.1517887 -0.1451961 0.4052859
v -0.1525652 -0.1460000 0.4023882
v -0.1533416 -0.1451961 0.3994904
v -0.1539101 -0.1430000 0.3973691
v -0.1541181 -0.1400000 0.3965926
v -0.1539101 -0.1370000 0.3973691
v -0.1533416 -0.1348038 0.3994904
v -0.1525652 -0.1340000 0.4023882
v -0.1517887 -0.1348038 0.4052859
v -0.1512203 -0.1370000 0.4074073
v -0.1581499 -0.1400000 0.4098479
v -0.1583067 -0.1430000 0.4090596
v -0.1587351 -0.1451961 0.4069056
v -0.1593204 -0.1460000 0.4039632
v -0.1599057 -0.1451961 0.4010209
v -0.1603341 -0.1430000 0.3988670
v -0.1604910 -0.1400000 0.3980785
v -0.1603341 -0.1370000 0.3988669
v -0.1599057 -0.1348038 0.4010209
v -0.1593204 -0.1340000 0.4039632
v -0.1587351 -0.1348038 0.4069056
v -0.1583067 -0.1370000 0.4090596
v -0.1653811 -0.1400000 0.4110418
v -0.1654860 -0.1430000 0.4102449
v -0.1657727 -0.1451961 0.4080675
v -0.1661642 -0.1460000 0.4050932
v -0.1665558 -0.1451961 0.4021188
v -0.1668425 -0.1430000 0.3999415
v -0.1669474 -0.1400000 0.3991445
v -0.1668425 -0.1370000 0.3999415
v -0.1665558 -0.1348038 0.4021188
v -0.1661642 -0.1340000 0.4050932
v -0.1657727 -0.1348038 0.4080675
v -0.1654860 -0.1370000 0.4102449
v -0.1726749 -0.1400000 0.4117602
v -0.1727274 -0.1430000 0.4109581
v -0.1728711 -0.1451961 0.4087666
v -0.1730673 -0.1460000 0.4057731
v -0.1732635 -0.1451961 0.4027795
v -0.1734071 -0.1430000 0.4005880
v -0.1734597 -0.1400000 0.3997859
v -0.1734071 -0.1370000 0.4005880
v -0.1732635 -0.1348038 0.4027795
v -0.1730673 -0.1340000 0.4057730
v -0.1728711 -0.1348038 0.4087666
v -0.1727274 -0.1370000 0.4109581
v -0.1800000 -0.1400000 0.4120000
v -0.1800000 -0.1430000 0.4111962
v -0.1800000 -0.1451961 0.4090000
v -0.1800000 -0.1460000 0.4060000
v -0.1800000 -0.1451961 0.4030000
v -0.1800000 -0.1430000 0.4008039
v -0.1800000 -0.1400000 0.4000000
v -0.1800000 -0.1370000 0.4008039
v -0.1800000 -0.1348038 0.4030000
v -0.1800000 -0.1340000 0.4060000
v -0.1800000 -0.1348038 0.4090000
v -0.1800000 -0.1370000 0.4111962
v -0.1873251 -0.1400000 0.4117602
v -0.1872726 -0.1430000 0.4109581
v -0.1871289 -0.1451961 0.4087666
v -0.1869327 -0.1460000 0.4057731
v -0.1867365 -0.1451961 0.4027795
v -0.1865929 -0.1430000 0.4005880
v -0.1865403 -0.1400000 0.3997859
v -0.1865929 -0.1370000 0.4005880
v -0.1867365 -0.1348038 0.4027795
v -0.1869327 -0.1340000 0.4057730
v -0.1871289 -0.1348038 0.4087666
v -0.1872726 -0.1370000 0.4109581
v -0.1946190 -0.1400000 0.4110418
v -0.1945140 -0.1430000 0.4102449
v -0.1942274 -0.1451961 0.4080675
v -0.1938358 -0.1460000 0.4050932
v -0.1934442 -0.1451961 0.4021188
v -0.1931576 -0.1430000 0.3999415
v -0.1930526 -0.1400000 0.3991445
v -0.1931576 -0.1370000 0.3999414
v -0.1934442 -0.1348038 0.4021188
v -0.1938358 -0.1340000 0.4050932
v -0.1942274 -0.1348038 0.4080675
v -0.1945140 -0.1370000 0.4102449
v -0.2018501 -0.1400000 0.4098479
v -0.2016933 -0.1430000 0.4090596
v -0.2012649 -0.1451961 0.4069056
v -0.2006796 -0.1460000 0.4039632
v -0.2000943 -0.1451961 0.4010209
v -0.1996659 -0.1430000 0.3988670
v -0.1995090 -0.1400000 0.3980785
v -0.1996659 -0.1370000 0.3988669
v -0.2000943 -0.1348038 0.4010209
v -0.2006796 -0.1340000 0.4039632
v -0.2012649 -0.1348038 0.4069056
v -0.2016933 -0.1370000 0.4090596
v -0.2089877 -0.1400000 0.4081837
v -0.2087797 -0.1430000 0.4074073
v -0.2082113 -0.1451961 0.4052859
v -0.2074348 -0.1460000 0.4023882
v -0.2066584 -0.1451961 0.3994904
v -0.2060899 -0.1430000 0.3973691
v -0.2058819 -0.1400000 0.3965926
v -0.2060899 -0.1370000 0.3973691
v -0.2066584 -0.1348038 0.3994904
v -0.2074348 -0.1340000 0.4023882
v -0.2082113 -0.1348038 0.4052859
v -0.2087797 -0.1370000 0.4074073
v -0.2160012 -0.1400000 0.4060562
v -0.2157429 -0.1430000 0.4052950
v -0.2150369 -0.1451961 0.4032154
v -0.2140726 -0.1460000 0.4003746
v -0.2131083 -0.1451961 0.3975338
v -0.2124024 -0.1430000 0.3954542
v -0.2121440 -0.1400000 0.3946930
v -0.2124024 -0.1370000 0.3954542
v -0.2131083 -0.1348038 0.3975338
v -0.2140726 -0.1340000 0.4003746
v -0.2150369 -0.1348038 0.4032154
v -0.2157429 -0.1370000 0.4052950
v -0.2228606 -0.1400000 0.4034745
v -0.2225529 -0.1430000 0.4027319
v -0.2217125 -0.1451961 0.4007029
v -0.2205645 -0.1460000 0.3979312
v -0.2194164 -0.1451961 0.3951596
v -0.2185760 -0.1430000 0.3931306
v -0.2182684 -0.1400000 0.3923880
v -0.2185760 -0.1370000 0.3931306
v -0.2194164 -0.1348038 0.3951596
v -0.2205645 -0.1340000 0.3979312
v -0.2217125 -0.1348038 0.4007029
v -0.2225529 -0.1370000 0.4027319
v -0.2295363 -0.1400000 0.4004498
v -0.2291808 -0.1430000 0.3997288
v -0.2282095 -0.1451961 0.3977591
v -0.2268826 -0.1460000 0.3950685
v -0.2255557 -0.1451961 0.3923779
v -0.2245844 -0.1430000 0.3904082
v -0.2242289 -0.1400000 0.3896873
v -0.2245844 -0.1370000 0.3904082
v -0.2255557 -0.1348038 0.3923779
v -0.2268826 -0.1340000 0.3950685
v -0.2282095 -0.1348038 0.3977591
v -0.2291808 -0.1370000 0.3997288
v -0.2360000 -0.1400000 0.3969949
v -0.2355981 -0.1430000 0.3962987
v -0.2345000 -0.1451961 0.3943968
v -0.2330000 -0.1460000 0.3917987
v -0.2315000 -0.1451961 0.3892007
v -0.2304019 -0.1430000 0.3872987
v -0.2300000 -0.1400000 0.3866026
v -0.2304019 -0.1370000 0.3872987
v -0.2315000 -0.1348038 0.3892006
v -0.2330000 -0.1340000 0.3917987
v -0.2345000 -0.1348038 0.3943968
v -0.2355981 -0.1370000 0.3962987
v -0.2422238 -0.1400000 0.3931246
v -0.2417772 -0.1430000 0.3924563
v -0.2405571 -0.1451961 0.3906302
v -0.2388904 -0.1460000 0.3881358
v -0.2372237 -0.1451961 0.3856414
v -0.2360036 -0.1430000 0.3838154
v -0.2355570 -0.1400000 0.3831470
v -0.2360036 -0.1370000 0.3838153
v -0.2372237 -0.1348038 0.3856414
v -0.2388904 -0.1340000 0.3881358
v -0.2405571 -0.1348038 0.3906302
v -0.2417772 -0.1370000 0.3924562
v -0.2481813 -0.1400000 0.3888556
v -0.2476919 -0.1430000 0.3882179
v -0.2463550 -0.1451961 0.3864755
v -0.2445287 -0.1460000 0.3840955
v -0.2427024 -0.1451961 0.3817154
v -0.2413655 -0.1430000 0.3799731
v -0.2408762 -0.1400000 0.3793353
v -0.2413655 -0.1370000 0.3799731
v -0.2427024 -0.1348038 0.3817154
v -0.2445287 -0.1340000 0.3840955
v -0.2463550 -0.1348038 0.3864755
v -0.2476919 -0.1370000 0.3882178
v -0.2538467 -0.1400000 0.3842061
v -0.2533167 -0.1430000 0.3836017
v -0.2518687 -0.1451961 0.3819506
v -0.2498907 -0.1460000 0.3796950
v -0.2479126 -0.1451961 0.3774395
v -0.2464646 -0.1430000 0.3757884
v -0.2459346 -0.1400000 0.3751840
v -0.2464646 -0.1370000 0.3757884
v -0.2479126 -0.1348038 0.3774395
v -0.2498907 -0.1340000 0.3796950
v -0.2518687 -0.1348038 0.3819506
v -0.2533167 -0.1370000 0.3836017
v -0.2591960 -0.1400000 0.3791960
v -0.2586276 -0.1430000 0.3786275
v -0.2570747 -0.1451961 0.3770746
v -0.2549533 -0.1460000 0.3749533
v -0.2528320 -0.1451962 0.3728320
v -0.2512791 -0.1430000 0.3712791
v -0.2507107 -0.1400000 0.3707107
v -0.2512791 -0.1370000 0.3712791
v -0.2528320 -0.1348038 0.3728320
v -0.2549533 -0.1340000 0.3749533
v -0.2570747 -0.1348038 0.3770746
v -0.2586276 -0.1370000 0.3786275
v -0.2642061 -0.1400000 0.3738467
v -0.2636017 -0.1430000 0.3733167
v -0.2619506 -0.1451962 0.3718687
v -0.2596950 -0.1460000 0.3698907
v -0.2574395 -0.1451962 0.3679126
v -0.2557884 -0.1430000 0.3664646
v -0.2551840 -0.1400000 0.3659346
v -0.2557884 -0.1370000 0.3664646
v -0.2574395 -0.1348038 0.3679126
v -0.2596950 -0.1340000 0.3698907
v -0.2619506 -0.1348038 0.3718687
v -0.2636017 -0.1370000 0.3733167
v -0.2688556 -0.1400000 0.3681813
v -0.2682179 -0.1430000 0.3676919
v -0.2664755 -0.1451962 0.3663550
v -0.2640955 -0.1460000 0.3645287
v -0.2617154 -0.1451962 0.3627024
v -0.2599731 -0.1430000 0.3613655
v -0.2593353 -0.1400000 0.3608761
v -0.2599731 -0.1370000 0.3613655
v -0.2617154 -0.1348038 0.3627024
v -0.2640955 -0.1340000 0.3645287
v -0.2664755 -0.1348038 0.3663550
v -0.2682179 -0.1370000 0.3676919
v -0.2731246 -0.1400000 0.3622239
v -0.2724562 -0.1430000 0.3617773
v -0.2706302 -0.1451962 0.3605572
v -0.2681358 -0.1460000 0.3588905
v -0.2656414 -0.1451962 0.3572237
v -0.2638153 -0.1430000 0.3560036
v -0.2631470 -0.1400000 0.3555571
v -0.2638153 -0.1370000 0.3560036
v -0.2656414 -0.1348038 0.3572237
v -0.2681358 -0.1340000 0.3588905
v -0.2706302 -0.1348038 0.3605572
v -0.2724562 -0.1370000 0.3617773
v -0.2769948 -0.1400000 0.3560000
v -0.2762987 -0.1430000 0.3555981
v -0.2743968 -0.1451962 0.3545000
v -0.2717987 -0.1460000 0.3530000
v -0.2692006 -0.1451962 0.3515000
v -0.2672987 -0.1430000 0.3504020
v -0.2666025 -0.1400000 0.3500000
v -0.2672987 -0.1370000 0.3504020
v -0.2692006 -0.1348038 0.3515000
v -0.2717987 -0.1340000 0.3530000
v -0.2743968 -0.1348038 0.3545000
v -0.2762987 -0.1370000 0.3555981
v -0.2804497 -0.1400000 0.3495363
v -0.2797288 -0.1430000 0.3491808
v -0.2777591 -0.1451962 0.3482095
v -0.2750685 -0.1460000 0.3468826
v -0.2723779 -0.1451962 0.3455558
v -0.2704082 -0.1430000 0.3445844
v -0.2696873 -0.1400000 0.3442289
v -0.2704082 -0.1370000 0.3445844
v -0.2723779 -0.1348038 0.3455558
v -0.2750685 -0.1340000 0.3468826
v -0.2777591 -0.1348038 0.3482095
v -0.2797288 -0.1370000 0.3491808
v -0.2834745 -0.1400000 0.3428605
v -0.2827319 -0.1430000 0.3425530
v -0.2807029 -0.1451962 0.3417125
v -0.2779312 -0.1460000 0.3405645
v -0.2751596 -0.1451962 0.3394164
v -0.2731306 -0.1430000 0.3385760
v -0.2723880 -0.1400000 0.3382684
v -0.2731306 -0.1370000 0.3385760
v -0.2751596 -0.1348038 0.3394164
v -0.2779312 -0.1340000 0.3405645
v -0.2807029 -0.1348038 0.3417125
v -0.2827319 -0.1370000 0.3425529
v -0.2860562 -0.1400000 0.3360012
v -0.2852950 -0.1430000 0.3357428
v -0.2832154 -0.1451962 0.3350369
v -0.2803746 -0.1460000 0.3340726
v -0.2775338 -0.1451962 0.3331082
v -0.2754542 -0.1430000 0.3324023
v -0.2746930 -0.1400000 0.3321439
v -0.2754542 -0.1370000 0.3324023
v -0.2775338 -0.1348038 0.3331082
v -0.2803746 -0.1340000 0.3340726
v -0.2832154 -0.1348038 0.3350369
v -0.2852950 -0.1370000 0.3357428
v -0.2881837 -0.1400000 0.3289877
v -0.2874072 -0.1430000 0.3287797
v -0.2852859 -0.1451962 0.3282113
v -0.2823882 -0.1460000 0.3274348
v -0.2794904 -0.1451962 0.3266584
v -0.2773691 -0.1430000 0.3260899
v -0.2765926 -0.1400000 0.3258819
v -0.2773691 -0.1370000 0.3260899
v -0.2794904 -0.1348038 0.3266584
v -0.2823882 -0.1340000 0.3274348
v -0.2852859 -0.1348038 0.3282113
v -0.2874072 -0.1370000 0.3287797
v -0.2898480 -0.1400000 0.3218501
v -0.2890595 -0.1430000 0.3216933
v -0.2869056 -0.1451962 0.3212649
v -0.2839633 -0.1460000 0.3206796
v -0.2810209 -0.1451962 0.3200943
v -0.2788669 -0.1430000 0.3196659
v -0.2780786 -0.1400000 0.3195090
v -0.2788669 -0.1370000 0.3196659
v -0.2810209 -0.1348038 0.3200943
v -0.2839633 -0.1340000 0.3206796
v -0.2869056 -0.1348038 0.3212649
v -0.2890595 -0.1370000 0.3216933
v -0.2910418 -0.1400000 0.3146189
v -0.2902448 -0.1430000 0.3145140
v -0.2880675 -0.1451962 0.3142274
v -0.2850932 -0.1460000 0.3138358
v -0.2821188 -0.1451962 0.3134442
v -0.2799414 -0.1430000 0.3131576
v -0.2791445 -0.1400000 0.3130527
v -0.2799414 -0.1370000 0.3131576
v -0.2821188 -0.1348038 0.3134442
v -0.2850932 -0.1340000 0.3138358
v -0.2880675 -0.1348038 0.3142274
v -0.2902448 -0.1370000 0.3145140
v -0.2917602 -0.1400000 0.3073252
v -0.2909581 -0.1430000 0.3072726
v -0.2887666 -0.1451962 0.3071290
v -0.2857730 -0.1460000 0.3069328
v -0.2827795 -0.1451962 0.3067366
v -0.2805880 -0.1430000 0.3065929
v -0.2797859 -0.1400000 0.3065403
v -0.2805880 -0.1370000 0.3065929
v -0.2827795 -0.1348038 0.3067366
v -0.2857730 -0.1340000 0.3069328
v -0.2887666 -0.1348038 0.3071290
v -0.2909581 -0.1370000 0.3072726
v -0.2920000 -0.1400000 0.3000000
v -0.2911962 -0.1430000 0.3000000
v -0.2890000 -0.1451962 0.3000000
v -0.2860000 -0.1460000 0.3000000
v -0.2830000 -0.1451962 0.3000000
v -0.2808039 -0.1430000 0.3000000
v -0.2800000 -0.1400000 0.3000000
v -0.2808039 -0.1370000 0.3000000
v -0.2830000 -0.1348038 0.3000000
v -0.2860000 -0.1340000 0.3000000
v -0.2890000 -0.1348038 0.3000000
v -0.2911962 -0.1370000 0.3000000
v -0.2917602 -0.1400000 0.2926749
v -0.2909581 -0.1430000 0.2927275
v -0.2887666 -0.1451962 0.2928711
v -0.2857730 -0.1460000 0.2930673
v -0.2827795 -0.1451962 0.2932635
v -0.2805880 -0.1430000 0.2934071
v -0.2797859 -0.1400000 0.2934597
v -0.2805880 -0.1370000 0.2934071
v -0.2827795 -0.1348038 0.2932635
v -0.2857730 -0.1340000 0.2930673
v -0.2887666 -0.1348038 0.2928711
v -0.2909581 -0.1370000 0.2927275
v -0.2910418 -0.1400000 0.2853811
v -0.2902448 -0.1430000 0.2854860
v -0.2880675 -0.1451962 0.2857727
v -0.2850932 -0.1460000 0.2861642
v -0.2821188 -0.1451962 0.2865558
v -0.2799414 -0.1430000 0.2868425
v -0.2791445 -0.1400000 0.2869474
v -0.2799414 -0.1370000 0.2868425
v -0.2821188 -0.1348038 0.2865558
v -0.2850932 -0.1340000 0.2861642
v -0.2880675 -0.1348038 0.2857727
v -0.2902448 -0.1370000 0.2854860
v -0.2898480 -0.1400000 0.2781499
v -0.2890595 -0.1430000 0.2783067
v -0.2869056 -0.1451962 0.2787352
v -0.2839633 -0.1460000 0.2793204
v -0.2810209 -0.1451962 0.2799057
v -0.2788669 -0.1430000 0.2803341
v -0.2780786 -0.1400000 0.2804910
v -0.2788669 -0.1370000 0.2803341
v -0.2810209 -0.1348038 0.2799057
v -0.2839633 -0.1340000 0.2793204
v -0.2869056 -0.1348038 0.2787352
v -0.2890595 -0.1370000 0.2783067
v -0.2881837 -0.1400000 0.2710123
v -0.2874072 -0.1430000 0.2712204
v -0.2852859 -0.1451962 0.2717887
v -0.2823882 -0.1460000 0.2725652
v -0.2794904 -0.1451962 0.2733417
v -0.2773691 -0.1430000 0.2739101
v -0.2765926 -0.1400000 0.2741181
v -0.2773691 -0.1370000 0.2739101
v -0.2794904 -0.1348038 0.2733417
v -0.2823882 -0.1340000 0.2725652
v -0.2852859 -0.1348038 0.2717887
v -0.2874072 -0.1370000 0.2712204
v -0.2860562 -0.1400000 0.2639988
v -0.2852950 -0.1430000 0.2642572
v -0.2832154 -0.1451962 0.2649632
v -0.2803746 -0.1460000 0.2659275
v -0.2775338 -0.1451962 0.2668918
v -0.2754542 -0.1430000 0.2675977
v -0.2746930 -0.1400000 0.2678561
v -0.2754542 -0.1370000 0.2675977
v -0.2775338 -0.1348038 0.2668918
v -0.2803746 -0.1340000 0.2659275
v -0.2832154 -0.1348038 0.2649632
v -0.2852950 -0.1370000 0.2642572
v -0.2834745 -0.1400000 0.2571395
v -0.2827319 -0.1430000 0.2574471
v -0.2807029 -0.1451962 0.2582875
v -0.2779312 -0.1460000 0.2594356
v -0.2751596 -0.1451962 0.2605837
v -0.2731306 -0.1430000 0.2614241
v -0.2723880 -0.1400000 0.2617317
v -0.2731306 -0.1370000 0.2614241
v -0.2751596 -0.1348038 0.2605836
v -0.2779312 -0.1340000 0.2594356
v -0.2807029 -0.1348038 0.2582875
v -0.2827319 -0.1370000 0.2574471
v -0.2804497 -0.1400000 0.2504637
v -0.2797288 -0.1430000 0.2508192
v -0.2777591 -0.1451962 0.2517906
v -0.2750685 -0.1460000 0.2531174
v -0.2723779 -0.1451962 0.2544443
v -0.2704082 -0.1430000 0.2554156
v -0.2696873 -0.1400000 0.2557712
v -0.2704082 -0.1370000 0.2554156
v -0.2723779 -0.1348038 0.2544443
v -0.2750685 -0.1340000 0.2531174
v -0.2777591 -0.1348038 0.2517906
v -0.2797288 -0.1370000 0.2508192
v -0.2769949 -0.1400000 0.2440000
v -0.2762987 -0.1430000 0.2444020
v -0.2743968 -0.1451962 0.2455000
v -0.2717987 -0.1460000 0.2470000
v -0.2692006 -0.1451962 0.2485000
v -0.2672987 -0.1430000 0.2495981
v -0.2666026 -0.1400000 0.2500000
v -0.2672987 -0.1370000 0.2495981
v -0.2692006 -0.1348038 0.2485000
v -0.2717987 -0.1340000 0.2470000
v -0.2743968 -0.1348038 0.2455000
v -0.2762987 -0.1370000 0.2444019
v -0.2731246 -0.1400000 0.2377761
v -0.2724562 -0.1430000 0.2382227
v -0.2706302 -0.1451962 0.2394428
v -0.2681358 -0.1460000 0.2411095
v -0.2656414 -0.1451962 0.2427763
v -0.2638153 -0.1430000 0.2439964
v -0.2631470 -0.1400000 0.2444430
v -0.2638153 -0.1370000 0.2439964
v -0.2656414 -0.1348038 0.2427763
v -0.2681358 -0.1340000 0.2411095
v -0.2706302 -0.1348038 0.2394428
v -0.2724562 -0.1370000 0.2382227
v -0.2688556 -0.1400000 0.2318187
v -0.2682179 -0.1430000 0.2323081
v -0.2664755 -0.1451962 0.2336450
v -0.2640955 -0.1460000 0.2354713
v -0.2617154 -0.1451962 0.2372976
v -0.2599731 -0.1430000 0.2386345
v -0.2593353 -0.1400000 0.2391239
v -0.2599731 -0.1370000 0.2386345
v -0.2617154 -0.1348038 0.2372976
v -0.2640955 -0.1340000 0.2354713
v -0.2664755 -0.1348038 0.2336450
v -0.2682179 -0.1370000 0.2323081
v -0.2642061 -0.1400000 0.2261533
v -0.2636017 -0.1430000 0.2266833
v -0.2619506 -0.1451962 0.2281313
v -0.2596950 -0.1460000 0.2301094
v -0.2574395 -0.1451962 0.2320874
v -0.2557884 -0.1430000 0.2335354
v -0.2551840 -0.1400000 0.2340654
v -0.2557884 -0.1370000 0.2335354
v -0.2574395 -0.1348038 0.2320874
v -0.2596950 -0.1340000 0.2301094
v -0.2619506 -0.1348038 0.2281313
v -0.2636017 -0.1370000 0.2266833
v -0.2591960 -0.1400000 0.2208041
v -0.2586276 -0.1430000 0.2213725
v -0.2570747 -0.1451962 0.2229254
v -0.2549533 -0.1460000 0.2250467
v -0.2528320 -0.1451962 0.2271680
v -0.2512791 -0.1430000 0.2287209
v -0.2507107 -0.1400000 0.2292894
v -0.2512791 -0.1370000 0.2287209
v -0.2528320 -0.1348038 0.2271680
v -0.2549533 -0.1340000 0.2250467
v -0.2570747 -0.1348039 0.2229254
v -0.2586276 -0.1370000 0.2213725
v -0.2538468 -0.1400000 0.2157940
v -0.2533168 -0.1430000 0.2163983
v -0.2518687 -0.1451962 0.2180495
v -0.2498907 -0.1460000 0.2203050
v -0.2479126 -0.1451962 0.2225605
v -0.2464646 -0.1430000 0.2242117
v -0.2459346 -0.1400000 0.2248161
v -0.2464646 -0.1370000 0.2242117
v -0.2479126 -0.1348039 0.2225605
v -0.2498907 -0.1340000 0.2203050
v -0.2518687 -0.1348039 0.2180495
v -0.2533168 -0.1370000 0.2163983
v -0.2481813 -0.1400000 0.2111445
v -0.2476920 -0.1430000 0.2117822
v -0.2463551 -0.1451962 0.2135245
v -0.2445288 -0.1460000 0.2159046
v -0.2427025 -0.1451962 0.2182847
v -0.2413655 -0.1430000 0.2200270
v -0.2408762 -0.1400000 0.2206647
v -0.2413655 -0.1370000 0.2200270
v -0.2427025 -0.1348039 0.2182847
v -0.2445288 -0.1340000 0.2159046
v -0.2463551 -0.1348039 0.2135245
v -0.2476920 -0.1370000 0.2117822
v -0.2422239 -0.1400000 0.2068755
v -0.2417773 -0.1430000 0.2075438
v -0.2405572 -0.1451962 0.2093699
v -0.2388905 -0.1460000 0.2118643
v -0.2372238 -0.1451962 0.2143587
v -0.2360037 -0.1430000 0.2161847
v -0.2355571 -0.1400000 0.2168531
v -0.2360037 -0.1370000 0.2161847
v -0.2372238 -0.1348039 0.2143587
v -0.2388905 -0.1340000 0.2118643
v -0.2405572 -0.1348039 0.2093699
v -0.2417773 -0.1370000 0.2075438
v -0.2360000 -0.1400000 0.2030052
v -0.2355981 -0.1430000 0.2037013
v -0.2345000 -0.1451962 0.2056032
v -0.2330000 -0.1460000 0.2082013
v -0.2315000 -0.1451962 0.2107994
v -0.2304019 -0.1430000 0.2127013
v -0.2300000 -0.1400000 0.2133975
v -0.2304019 -0.1370000 0.2127013
v -0.2315000 -0.1348039 0.2107994
v -0.2330000 -0.1340000 0.2082013
v -0.2345000 -0.1348039 0.2056032
v -0.2355981 -0.1370000 0.2037013
v -0.2295363 -0.1400000 0.1995503
v -0.2291808 -0.1430000 0.2002712
v -0.2282095 -0.1451962 0.2022409
v -0.2268826 -0.1460000 0.2049315
v -0.2255557 -0.1451962 0.2076221
v -0.2245844 -0.1430000 0.2095918
v -0.2242289 -0.1400000 0.2103127
v -0.2245844 -0.1370000 0.2095918
v -0.2255557 -0.1348039 0.2076221
v -0.2268826 -0.1340000 0.2049315
v -0.2282095 -0.1348039 0.2022409
v -0.2291808 -0.1370000 0.2002712
v -0.2228606 -0.1400000 0.1965255
v -0.2225529 -0.1430000 0.1972682
v -0.2217125 -0.1451962 0.1992971
v -0.2205645 -0.1460000 0.2020688
v -0.2194164 -0.1451962 0.2048404
v -0.2185760 -0.1430000 0.2068694
v -0.2182684 -0.1400000 0.2076121
v -0.2185760 -0.1370000 0.2068694
v -0.2194164 -0.1348039 0.2048404
v -0.2205645 -0.1340000 0.2020688
v -0.2217125 -0.1348039 0.1992971
v -0.2225529 -0.1370000 0.1972682
v -0.2160012 -0.1400000 0.1939439
v -0.2157429 -0.1430000 0.1947050
v -0.2150369 -0.1451962 0.1967846
v -0.2140726 -0.1460000 0.1996254
v -0.2131083 -0.1451962 0.2024662
v -0.2124024 -0.1430000 0.2045458
v -0.2121440 -0.1400000 0.2053070
v -0.2124024 -0.1370000 0.2045458
v -0.2131083 -0.1348039 0.2024662
v -0.2140726 -0.1340000 0.1996254
v -0.2150369 -0.1348039 0.1967846
v -0.2157429 -0.1370000 0.1947050
v -0.2089878 -0.1400000 0.1918163
v -0.2087797 -0.1430000 0.1925928
v -0.2082113 -0.1451962 0.1947141
v -0.2074349 -0.1460000 0.1976119
v -0.2066584 -0.1451962 0.2005097
v -0.2060900 -0.1430000 0.2026310
v -0.2058819 -0.1400000 0.2034074
v -0.2060900 -0.1370000 0.2026310
v -0.2066584 -0.1348039 0.2005097
v -0.2074349 -0.1340000 0.1976119
v -0.2082113 -0.1348039 0.1947141
v -0.2087797 -0.1370000 0.1925928
v -0.2018502 -0.1400000 0.1901521
v -0.2016934 -0.1430000 0.1909405
v -0.2012649 -0.1451962 0.1930944
v -0.2006796 -0.1460000 0.1960368
v -0.2000944 -0.1451962 0.1989791
v -0.1996659 -0.1430000 0.2011331
v -0.1995091 -0.1400000 0.2019215
v -0.1996659 -0.1370000 0.2011331
v -0.2000944 -0.1348039 0.1989791
v -0.2006796 -0.1340000 0.1960368
v -0.2012649 -0.1348039 0.1930944
v -0.2016934 -0.1370000 0.1909405
v -0.1946190 -0.1400000 0.1889582
v -0.1945141 -0.1430000 0.1897552
v -0.1942274 -0.1451962 0.1919325
v -0.1938359 -0.1460000 0.1949069
v -0.1934443 -0.1451962 0.1978812
v -0.1931576 -0.1430000 0.2000586
v -0.1930527 -0.1400000 0.2008555
v -0.1931576 -0.1370000 0.2000586
v -0.1934443 -0.1348039 0.1978812
v -0.1938359 -0.1340000 0.1949069
v -0.1942274 -0.1348039 0.1919325
v -0.1945141 -0.1370000 0.1897552
v -0.1873251 -0.1400000 0.1882398
v -0.1872726 -0.1430000 0.1890419
v -0.1871289 -0.1451962 0.1912334
v -0.1869327 -0.1460000 0.1942270
v -0.1867365 -0.1451962 0.1972205
v -0.1865929 -0.1430000 0.1994120
v -0.1865403 -0.1400000 0.2002141
v -0.1865929 -0.1370000 0.1994120
v -0.1867365 -0.1348039 0.1972205
v -0.1869327 -0.1340000 0.1942270
v -0.1871289 -0.1348039 0.1912334
v -0.1872726 -0.1370000 0.1890419
v -0.1800000 -0.1400000 0.1880000
v -0.1800000 -0.1430000 0.1888039
v -0.1800000 -0.1451962 0.1910000
v -0.1800000 -0.1460000 0.1940000
v -0.1800000 -0.1451962 0.1970000
v -0.1800000 -0.1430000 0.1991962
v -0.1800000 -0.1400000 0.2000000
v -0.1800000 -0.1370000 0.1991962
v -0.1800000 -0.1348039 0.1970000
v -0.1800000 -0.1340000 0.1940000
v -0.1800000 -0.1348039 0.1910000
v -0.1800000 -0.1370000 0.1888039
v -0.1726749 -0.1400000 0.1882398
v -0.1727274 -0.1430000 0.1890419
v -0.1728711 -0.1451962 0.1912334
v -0.1730673 -0.1460000 0.1942270
v -0.1732635 -0.1451962 0.1972205
v -0.1734071 -0.1430000 0.1994120
v -0.1734597 -0.1400000 0.2002141
v -0.1734071 -0.1370000 0.1994120
v -0.1732635 -0.1348039 0.1972205
v -0.1730673 -0.1340000 0.1942270
v -0.1728711 -0.1348039 0.1912334
v -0.1727274 -0.1370000 0.1890419
v -0.1653811 -0.1400000 0.1889582
v -0.1654860 -0.1430000 0.1897552
v -0.1657727 -0.1451962 0.1919325
v -0.1661642 -0.1460000 0.1949069
v -0.1665558 -0.1451962 0.1978812
v -0.1668425 -0.1430000 0.2000586
v -0.1669474 -0.1400000 0.2008555
v -0.1668425 -0.1370000 0.2000585
v -0.1665558 -0.1348039 0.1978812
v -0.1661642 -0.1340000 0.1949068
v -0.1657727 -0.1348039 0.1919325
v -0.1654860 -0.1370000 0.1897552
v -0.1581499 -0.1400000 0.1901520
v -0.1583067 -0.1430000 0.1909405
v -0.1587352 -0.1451962 0.1930944
v -0.1593205 -0.1460000 0.1960368
v -0.1599057 -0.1451962 0.1989791
v -0.1603342 -0.1430000 0.2011331
v -0.1604910 -0.1400000 0.2019215
v -0.1603342 -0.1370000 0.2011331
v -0.1599057 -0.1348039 0.1989791
v -0.1593205 -0.1340000 0.1960368
v -0.1587352 -0.1348039 0.1930944
v -0.1583067 -0.1370000 0.1909405
v -0.1510123 -0.1400000 0.1918163
v -0.1512204 -0.1430000 0.1925928
v -0.1517888 -0.1451962 0.1947141
v -0.1525652 -0.1460000 0.1976119
v -0.1533417 -0.1451962 0.2005096
v -0.1539101 -0.1430000 0.2026310
v -0.1541182 -0.1400000 0.2034074
v -0.1539101 -0.1370000 0.2026310
v -0.1533417 -0.1348039 0.2005096
v -0.1525652 -0.1340000 0.1976119
v -0.1517888 -0.1348039 0.1947141
v -0.1512204 -0.1370000 0.1925928
v -0.1439988 -0.1400000 0.1939438
v -0.1442572 -0.1430000 0.1947050
v -0.1449632 -0.1451962 0.1967846
v -0.1459275 -0.1460000 0.1996254
v -0.1468918 -0.1451962 0.2024662
v -0.1475977 -0.1430000 0.2045458
v -0.1478561 -0.1400000 0.2053070
v -0.1475977 -0.1370000 0.2045458
v -0.1468918 -0.1348039 0.2024662
v -0.1459275 -0.1340000 0.1996254
v -0.1449632 -0.1348039 0.1967846
v -0.1442572 -0.1370000 0.1947050
v -0.1371394 -0.1400000 0.1965255
v -0.1374471 -0.1430000 0.1972682
v -0.1382875 -0.1451962 0.1992972
v -0.1394355 -0.1460000 0.2020688
v -0.1405836 -0.1451962 0.2048404
v -0.1414240 -0.1430000 0.2068694
v -0.1417316 -0.1400000 0.2076121
v -0.1414240 -0.1370000 0.2068694
v -0.1405836 -0.1348039 0.2048404
v -0.1394355 -0.1340000 0.2020688
v -0.1382875 -0.1348039 0.1992971
v -0.1374471 -0.1370000 0.1972682
v -0.1304637 -0.1400000 0.1995503
v -0.1308192 -0.1430000 0.2002712
v -0.1317905 -0.1451962 0.2022409
v -0.1331174 -0.1460000 0.2049315
v -0.1344443 -0.1451962 0.2076221
v -0.1354156 -0.1430000 0.2095918
v -0.1357711 -0.1400000 0.2103127
v -0.1354156 -0.1370000 0.2095918
v -0.1344443 -0.1348039 0.2076221
v -0.1331174 -0.1340000 0.2049315
v -0.1317905 -0.1348039 0.2022409
v -0.1308192 -0.1370000 0.2002712
v -0.1240000 -0.1400000 0.2030052
v -0.1244019 -0.1430000 0.2037013
v -0.1255000 -0.1451962 0.2056032
v -0.1270000 -0.1460000 0.2082013
v -0.1285000 -0.1451962 0.2107994
v -0.1295981 -0.1430000 0.2127013
v -0.1300000 -0.1400000 0.2133975
v -0.1295981 -0.1370000 0.2127013
v -0.1285000 -0.1348039 0.2107994
v -0.1270000 -0.1340000 0.2082013
v -0.1255000 -0.1348039 0.2056032
v -0.1244019 -0.1370000 0.2037013
v -0.1177762 -0.1400000 0.2068754
v -0.1182227 -0.1430000 0.2075438
v -0.1194429 -0.1451962 0.2093698
v -0.1211096 -0.1460000 0.2118642
v -0.1227763 -0.1451962 0.2143586
v -0.1239964 -0.1430000 0.2161847
v -0.1244430 -0.1400000 0.2168530
v -0.1239964 -0.1370000 0.2161847
v -0.1227763 -0.1348039 0.2143586
v -0.1211096 -0.1340000 0.2118642
v -0.1194429 -0.1348039 0.2093698
v -0.1182227 -0.1370000 0.2075438
v -0.1118188 -0.1400000 0.2111444
v -0.1123081 -0.1430000 0.2117822
v -0.1136450 -0.1451962 0.2135245
v -0.1154713 -0.1460000 0.2159045
v -0.1172976 -0.1451962 0.2182846
v -0.1186345 -0.1430000 0.2200269
v -0.1191239 -0.1400000 0.2206647
v -0.1186345 -0.1370000 0.2200269
v -0.1172976 -0.1348039 0.2182846
v -0.1154713 -0.1340000 0.2159045
v -0.1136450 -0.1348039 0.2135245
v -0.1123081 -0.1370000 0.2117822
v -0.1061533 -0.1400000 0.2157939
v -0.1066833 -0.1430000 0.2163983
v -0.1081313 -0.1451962 0.2180495
v -0.1101094 -0.1460000 0.2203050
v -0.1120874 -0.1451962 0.2225605
v -0.1135354 -0.1430000 0.2242116
v -0.1140655 -0.1400000 0.2248160
v -0.1135354 -0.1370000 0.2242116
v -0.1120874 -0.1348039 0.2225605
v -0.1101094 -0.1340000 0.2203050
v -0.1081313 -0.1348039 0.2180494
v -0.1066833 -0.1370000 0.2163983
v -0.1008041 -0.1400000 0.2208040
v -0.1013725 -0.1430000 0.2213724
v -0.1029254 -0.1451962 0.2229253
v -0.1050467 -0.1460000 0.2250466
v -0.1071680 -0.1451962 0.2271680
v -0.1087210 -0.1430000 0.2287209
v -0.1092894 -0.1400000 0.2292893
v -0.1087210 -0.1370000 0.2287209
v -0.1071680 -0.1348038 0.2271680
v -0.1050467 -0.1340000 0.2250466
v -0.1029254 -0.1348039 0.2229253
v -0.1013725 -0.1370000 0.2213724
v -0.0957939 -0.1400000 0.2261533
v -0.0963983 -0.1430000 0.2266833
v -0.0980494 -0.1451962 0.2281313
v -0.1003050 -0.1460000 0.2301094
v -0.1025605 -0.1451962 0.2320874
v -0.1042116 -0.1430000 0.2335354
v -0.1048160 -0.1400000 0.2340654
v -0.1042116 -0.1370000 0.2335354
v -0.1025605 -0.1348038 0.2320874
v -0.1003050 -0.1340000 0.2301094
v -0.0980494 -0.1348038 0.2281313
v -0.0963983 -0.1370000 0.2266833
v -0.0911444 -0.1400000 0.2318188
v -0.0917822 -0.1430000 0.2323081
v -0.0935245 -0.1451962 0.2336450
v -0.0959045 -0.1460000 0.2354713
v -0.0982846 -0.1451962 0.2372976
v -0.1000269 -0.1430000 0.2386345
v -0.1006647 -0.1400000 0.2391239
v -0.1000269 -0.1370000 0.2386345
v -0.0982846 -0.1348038 0.2372976
v -0.0959045 -0.1340000 0.2354713
v -0.0935245 -0.1348038 0.2336450
v -0.0917822 -0.1370000 0.2323081
v -0.0868754 -0.1400000 0.2377761
v -0.0875438 -0.1430000 0.2382227
v -0.0893698 -0.1451962 0.2394429
v -0.0918642 -0.1460000 0.2411096
v -0.0943586 -0.1451962 0.2427763
v -0.0961847 -0.1430000 0.2439964
v -0.0968530 -0.1400000 0.2444430
v -0.0961847 -0.1370000 0.2439964
v -0.0943586 -0.1348038 0.2427763
v -0.0918642 -0.1340000 0.2411096
v -0.0893698 -0.1348038 0.2394429
v -0.0875438 -0.1370000 0.2382227
v -0.0830052 -0.1400000 0.2440000
v -0.0837013 -0.1430000 0.2444019
v -0.0856033 -0.1451962 0.2455000
v -0.0882013 -0.1460000 0.2470000
v -0.0907994 -0.1451962 0.2485000
v -0.0927013 -0.1430000 0.2495981
v -0.0933975 -0.1400000 0.2500000
v -0.0927013 -0.1370000 0.2495981
v -0.0907994 -0.1348038 0.2485000
v -0.0882013 -0.1340000 0.2470000
v -0.0856033 -0.1348038 0.2455000
v -0.0837013 -0.1370000 0.2444019
v -0.0795503 -0.1400000 0.2504637
v -0.0802712 -0.1430000 0.2508192
v -0.0822409 -0.1451962 0.2517905
v -0.0849315 -0.1460000 0.2531174
v -0.0876221 -0.1451962 0.2544442
v -0.0895918 -0.1430000 0.2554156
v -0.0903127 -0.1400000 0.2557711
v -0.0895918 -0.1370000 0.2554156
v -0.0876221 -0.1348038 0.2544442
v -0.0849315 -0.1340000 0.2531174
v -0.0822409 -0.1348038 0.2517905
v -0.0802712 -0.1370000 0.2508192
v -0.0765255 -0.1400000 0.2571394
v -0.0772682 -0.1430000 0.2574470
v -0.0792972 -0.1451962 0.2582875
v -0.0820688 -0.1460000 0.2594355
v -0.0848404 -0.1451962 0.2605836
v -0.0868694 -0.1430000 0.2614240
v -0.0876121 -0.1400000 0.2617316
v -0.0868694 -0.1370000 0.2614240
v -0.0848404 -0.1348038 0.2605836
v -0.0820688 -0.1340000 0.2594355
v -0.0792972 -0.1348038 0.2582875
v -0.0772682 -0.1370000 0.2574470
v -0.0739439 -0.1400000 0.2639987
v -0.0747050 -0.1430000 0.2642571
v -0.0767846 -0.1451962 0.2649631
v -0.0796254 -0.1460000 0.2659274
v -0.0824662 -0.1451962 0.2668917
v -0.0845458 -0.1430000 0.2675976
v -0.0853070 -0.1400000 0.2678560
v -0.0845458 -0.1370000 0.2675976
v -0.0824662 -0.1348038 0.2668917
v -0.0796254 -0.1340000 0.2659274
v -0.0767846 -0.1348038 0.2649631
v -0.0747050 -0.1370000 0.2642571
v -0.0718163 -0.1400000 0.2710123
v -0.0725928 -0.1430000 0.2712204
v -0.0747141 -0.1451962 0.2717888
v -0.0776119 -0.1460000 0.2725652
v -0.0805096 -0.1451962 0.2733417
v -0.0826310 -0.1430000 0.2739101
v -0.0834074 -0.1400000 0.2741181
v -0.0826310 -0.1370000 0.2739101
v -0.0805096 -0.1348038 0.2733417
v -0.0776119 -0.1340000 0.2725652
v -0.0747141 -0.1348038 0.2717888
v -0.0725928 -0.1370000 0.2712204
v -0.0701521 -0.1400000 0.2781499
v -0.0709405 -0.1430000 0.2783068
v -0.0730944 -0.1451962 0.2787352
v -0.0760368 -0.1460000 0.2793204
v -0.0789791 -0.1451962 0.2799057
v -0.0811331 -0.1430000 0.2803342
v -0.0819215 -0.1400000 0.2804910
v -0.0811331 -0.1370000 0.2803342
v -0.0789791 -0.1348038 0.2799057
v -0.0760368 -0.1340000 0.2793204
v -0.0730944 -0.1348038 0.2787352
v -0.0709405 -0.1370000 0.2783067
v -0.0689582 -0.1400000 0.2853811
v -0.0697552 -0.1430000 0.2854860
v -0.0719325 -0.1451962 0.2857727
v -0.0749068 -0.1460000 0.2861642
v -0.0778812 -0.1451962 0.2865558
v -0.0800586 -0.1430000 0.2868425
v -0.0808555 -0.1400000 0.2869474
v -0.0800586 -0.1370000 0.2868425
v -0.0778812 -0.1348038 0.2865558
v -0.0749068 -0.1340000 0.2861642
v -0.0719325 -0.1348038 0.2857727
v -0.0697552 -0.1370000 0.2854860
v -0.0682398 -0.1400000 0.2926748
v -0.0690419 -0.1430000 0.2927274
v -0.0712334 -0.1451962 0.2928711
v -0.0742270 -0.1460000 0.2930673
v -0.0772205 -0.1451962 0.2932635
v -0.0794120 -0.1430000 0.2934071
v -0.0802141 -0.1400000 0.2934597
v -0.0794120 -0.1370000 0.2934071
v -0.0772205 -0.1348038 0.2932635
v -0.0742270 -0.1340000 0.2930673
v -0.0712334 -0.1348038 0.2928711
v -0.0690419 -0.1370000 0.2927274
f 3501 3513 3514
f 3501 3514 3502
f 3502 3514 3515
f 3502 3515 3503
f 3503 3515 3516
f 3503 3516 3504
f 3504 3516 3517
f 3504 3517 3505
f 3505 3517 3518
f 3505 3518 3506
f 3506 3518 3519
f 3506 3519 3507
f 3507 3519 3520
f 3507 3520 3508
f 3508 3520 3521
f 3508 3521 3509
f 3509 3521 3522
f 3509 3522 3510
f 3510 3522 3523
f 3510 3523 3511
f 3511 3523 3524
f 3511 3524 3512
f 3512 3524 3513
f 3512 3513 3501
f 3513 3525 3526
f 3513 3526 3514
f 3514 3526 3527
f 3514 3527 3515
f 3515 3527 3528
f 3515 3528 3516
f 3516 3528 3529
f 3516 3529 3517
f 3517 3529 3530
f 3517 3530 3518
f 3518 3530 3531
f 3518 3531 3519
f 3519 3531 3532
f 3519 3532 3520
f 3520 3532 3533
f 3520 3533 3521
f 3521 3533 3534
f 3521 3534 3522
f 3522 3534 3535
f 3522 3535 3523
f 3523 3535 3536
f 3523 3536 3524
f 3524 3536 3525
f 3524 3525 3513
f 3525 3537 3538
f 3525 3538 3526
f 3526 3538 3539
f 3526 3539 3527
f 3527 3539 3540
f 3527 3540 3528
f 3528 3540 3541
f 3528 3541 3529
f 3529 3541 3542
f 3529 3542 3530
f 3530 3542 3543
f 3530 3543 3531
f 3531 3543 3544
f 3531 3544 3532
f 3532 3544 3545
f 3532 3545 3533
f 3533 3545 3546
f 3533 3546 3534
f 3534 3546 3547
f 3534 3547 3535
f 3535 3547 3548
f 3535 3548 3536
f 3536 3548 3537
f 3536 3537 3525
f 3537 3549 3550
f 3537 3550 3538
f 3538 3550 3551
f 3538 3551 3539
f 3539 3551 3552
f 3539 3552 3540
f 3540 3552 3553
f 3540 3553 3541
f 3541 3553 3554
f 3541 3554 3542
f 3542 3554 3555
f 3542 3555 3543
f 3543 3555 3556
f 3543 3556 3544
f 3544 3556 3557
f 3544 3557 3545
f 3545 3557 3558
f 3545 3558 3546
f 3546 3558 3559
f 3546 3559 3547
f 3547 3559 3560
f 3547 3560 3548
f 3548 3560 3549
f 3548 3549 3537
f 3549 3561 3562
f 3549 3562 3550
f 3550 3562 3563
f 3550 3563 3551
f 3551 3563 3564
f 3551 3564 3552
f 3552 3564 3565
f 3552 3565 3553
f 3553 3565 3566
f 3553 3566 3554
f 3554 3566 3567
f 3554 3567 3555
f 3555 3567 3568
f 3555 3568 3556
f 3556 3568 3569
f 3556 3569 3557
f 3557 3569 3570
f 3557 3570 3558
f 3558 3570 3571
f 3558 3571 3559
f 3559 3571 3572
f 3559 3572 3560
f 3560 3572 3561
f 3560 3561 3549
f 3561 3573 3574
f 3561 3574 3562
f 3562 3574 3575
f 3562 3575 3563
f 3563 3575 3576
f 3563 3576 3564
f 3564 3576 3577
f 3564 3577 3565
f 3565 3577 3578
f 3565 3578 3566
f 3566 3578 3579
f 3566 3579 3567
f 3567 3579 3580
f 3567 3580 3568
f 3568 3580 3581
f 3568 3581 3569
f 3569 3581 3582
f 3569 3582 3570
f 3570 3582 3583
f 3570 3583 3571
f 3571 3583 3584
f 3571 3584 3572
f 3572 3584 3573
f 3572 3573 3561
f 3573 3585 3586
f 3573 3586 3574
f 3574 3586 3587
f 3574 3587 3575
f 3575 3587 3588
f 3575 3588 3576
f 3576 3588 3589
f 3576 3589 3577
f 3577 3589 3590
f 3577 3590 3578
f 3578 3590 3591
f 3578 3591 3579
f 3579 3591 3592
f 3579 3592 3580
f 3580 3592 3593
f 3580 3593 3581
f 3581 3593 3594
f 3581 3594 3582
f 3582 3594 3595
f 3582 3595 3583
f 3583 3595 3596
f 3583 3596 3584
f 3584 3596 3585
f 3584 3585 3573
f 3585 3597 3598
f 3585 3598 3586
f 3586 3598 3599
f 3586 3599 3587
f 3587 3599 3600
f 3587 3600 3588
f 3588 3600 3601
f 3588 3601 3589
f 3589 3601 3602
f 3589 3602 3590
f 3590 3602 3603
f 3590 3603 3591
f 3591 3603 3604
f 3591 3604 3592
f 3592 3604 3605
f 3592 3605 3593
f 3593 3605 3606
f 3593 3606 3594
f 3594 3606 3607
f 3594 3607 3595
f 3595 3607 3608
f 3595 3608 3596
f 3596 3608 3597
f 3596 3597 3585
f 3597 3609 3610
f 3597 3610 3598
f 3598 3610 3611
f 3598 3611 3599
f 3599 3611 3612
f 3599 3612 3600
f 3600 3612 3613
f 3600 3613 3601
f 3601 3613 3614
f 3601 3614 3602
f 3602 3614 3615
f 3602 3615 3603
f 3603 3615 3616
f 3603 3616 3604
f 3604 3616 3617
f 3604 3617 3605
f 3605 3617 3618
f 3605 3618 3606
f 3606 3618 3619
f 3606 3619 3607
f 3607 3619 3620
f 3607 3620 3608
f 3608 3620 3609
f 3608 3609 3597
f 3609 3621 3622
f 3609 3622 3610
f 3610 3622 3623
f 3610 3623 3611
f 3611 3623 3624
f 3611 3624 3612
f 3612 3624 3625
f 3612 3625 3613
f 3613 3625 3626
f 3613 3626 3614
f 3614 3626 3627
f 3614 3627 3615
f 3615 3627 3628
f 3615 3628 3616
f 3616 3628 3629
f 3616 3629 3617
f 3617 3629 3630
f 3617 3630 3618
f 3618 3630 3631
f 3618 3631 3619
f 3619 3631 3632
f 3619 3632 3620
f 3620 3632 3621
f 3620 3621 3609
f 3621 3633 3634
f 3621 3634 3622
f 3622 3634 3635
f 3622 3635 3623
f 3623 3635 3636
f 3623 3636 3624
f 3624 3636 3637
f 3624 3637 3625
f 3625 3637 3638
f 3625 3638 3626
f 3626 3638 3639
f 3626 3639 3627
f 3627 3639 3640
f 3627 3640 3628
f 3628 3640 3641
f 3628 3641 3629
f 3629 3641 3642
f 3629 3642 3630
f 3630 3642 3643
f 3630 3643 3631
f 3631 3643 3644
f 3631 3644 3632
f 3632 3644 3633
f 3632 3633 3621
f 3633 3645 3646
f 3633 3646 3634
f 3634 3646 3647
f 3634 3647 3635
f 3635 3647 3648
f 3635 3648 3636
f 3636 3648 3649
f 3636 3649 3637
f 3637 3649 3650
f 3637 3650 3638
f 3638 3650 3651
f 3638 3651 3639
f 3639 3651 3652
f 3639 3652 3640
f 3640 3652 3653
f 3640 3653 3641
f 3641 3653 3654
f 3641 3654 3642
f 3642 3654 3655
f 3642 3655 3643
f 3643 3655 3656
f 3643 3656 3644
f 3644 3656 3645
f 3644 3645 3633
f 3645 3657 3658
f 3645 3658 3646
f 3646 3658 3659
f 3646 3659 3647
f 3647 3659 3660
f 3647 3660 3648
f 3648 3660 3661
f 3648 3661 3649
f 3649 3661 3662
f 3649 3662 3650
f 3650 3662 3663
f 3650 3663 3651
f 3651 3663 3664
f 3651 3664 3652
f 3652 3664 3665
f 3652 3665 3653
f 3653 3665 3666
f 3653 3666 3654
f 3654 3666 3667
f 3654 3667 3655
f 3655 3667 3668
f 3655 3668 3656
f 3656 3668 3657
f 3656 3657 3645
f 3657 3669 3670
f 3657 3670 3658
f 3658 3670 3671
f 3658 3671 3659
f 3659 3671 3672
f 3659 3672 3660
f 3660 3672 3673
f 3660 3673 3661
f 3661 3673 3674
f 3661 3674 3662
f 3662 3674 3675
f 3662 3675 3663
f 3663 3675 3676
f 3663 3676 3664
f 3664 3676 3677
f 3664 3677 3665
f 3665 3677 3678
f 3665 3678 3666
f 3666 3678 3679
f 3666 3679 3667
f 3667 3679 3680
f 3667 3680 3668
f 3668 3680 3669
f 3668 3669 3657
f 3669 3681 3682
f 3669 3682 3670
f 3670 3682 3683
f 3670 3683 3671
f 3671 3683 3684
f 3671 3684 3672
f 3672 3684 3685
f 3672 3685 3673
f 3673 3685 3686
f 3673 3686 3674
f 3674 3686 3687
f 3674 3687 3675
f 3675 3687 3688
f 3675 3688 3676
f 3676 3688 3689
f 3676 3689 3677
f 3677 3689 3690
f 3677 3690 3678
f 3678 3690 3691
f 3678 3691 3679
f 3679 3691 3692
f 3679 3692 3680
f 3680 3692 3681
f 3680 3681 3669
f 3681 3693 3694
f 3681 3694 3682
f 3682 3694 3695
f 3682 3695 3683
f 3683 3695 3696
f 3683 3696 3684
f 3684 3696 3697
f 3684 3697 3685
f 3685 3697 3698
f 3685 3698 3686
f 3686 3698 3699
f 3686 3699 3687
f 3687 3699 3700
f 3687 3700 3688
f 3688 3700 3701
f 3688 3701 3689
f 3689 3701 3702
f 3689 3702 3690
f 3690 3702 3703
f 3690 3703 3691
f 3691 3703 3704
f 3691 3704 3692
f 3692 3704 3693
f 3692 3693 3681
f 3693 3705 3706
f 3693 3706 3694
f 3694 3706 3707
f 3694 3707 3695
f 3695 3707 3708
f 3695 3708 3696
f 3696 3708 3709
f 3696 3709 3697
f 3697 3709 3710
f 3697 3710 3698
f 3698 3710 3711
f 3698 3711 3699
f 3699 3711 3712
f 3699 3712 3700
f 3700 3712 3713
f 3700 3713 3701
f 3701 3713 3714
f 3701 3714 3702
f 3702 3714 3715
f 3702 3715 3703
f 3703 3715 3716
f 3703 3716 3704
f 3704 3716 3705
f 3704 3705 3693
f 3705 3717 3718
f 3705 3718 3706
f 3706 3718 3719
f 3706 3719 3707
f 3707 3719 3720
f 3707 3720 3708
f 3708 3720 3721
f 3708 3721 3709
f 3709 3721 3722
f 3709 3722 3710
f 3710 3722 3723
f 3710 3723 3711
f 3711 3723 3724
f 3711 3724 3712
f 3712 3724 3725
f 3712 3725 3713
f 3713 3725 3726
f 3713 3726 3714
f 3714 3726 3727
f 3714 3727 3715
f 3715 3727 3728
f 3715 3728 3716
f 3716 3728 3717
f 3716 3717 3705
f 3717 3729 3730
f 3717 3730 3718
f 3718 3730 3731
f 3718 3731 3719
f 3719 3731 3732
f 3719 3732 3720
f 3720 3732 3733
f 3720 3733 3721
f 3721 3733 3734
f 3721 3734 3722
f 3722 3734 3735
f 3722 3735 3723
f 3723 3735 3736
f 3723 3736 3724
f 3724 3736 3737
f 3724 3737 3725
f 3725 3737 3738
f 3725 3738 3726
f 3726 3738 3739
f 3726 3739 3727
f 3727 3739 3740
f 3727 3740 3728
f 3728 3740 3729
f 3728 3729 3717
f 3729 3741 3742
f 3729 3742 3730
f 3730 3742 3743
f 3730 3743 3731
f 3731 3743 3744
f 3731 3744 3732
f 3732 3744 3745
f 3732 3745 3733
f 3733 3745 3746
f 3733 3746 3734
f 3734 3746 3747
f 3734 3747 3735
f 3735 3747 3748
f 3735 3748 3736
f 3736 3748 3749
f 3736 3749 3737
f 3737 3749 3750
f 3737 3750 3738
f 3738 3750 3751
f 3738 3751 3739
f 3739 3751 3752
f 3739 3752 3740
f 3740 3752 3741
f 3740 3741 3729
f 3741 3753 3754
f 3741 3754 3742
f 3742 3754 3755
f 3742 3755 3743
f 3743 3755 3756
f 3743 3756 3744
f 3744 3756 3757
f 3744 3757 3745
f 3745 3757 3758
f 3745 3758 3746
f 3746 3758 3759
f 3746 3759 3747
f 3747 3759 3760
f 3747 3760 3748
f 3748 3760 3761
f 3748 3761 3749
f 3749 3761 3762
f 3749 3762 3750
f 3750 3762 3763
f 3750 3763 3751
f 3751 3763 3764
f 3751 3764 3752
f 3752 3764 3753
f 3752 3753 3741
f 3753 3765 3766
f 3753 3766 3754
f 3754 3766 3767
f 3754 3767 3755
f 3755 3767 3768
f 3755 3768 3756
f 3756 3768 3769
f 3756 3769 3757
f 3757 3769 3770
f 3757 3770 3758
f 3758 3770 3771
f 3758 3771 3759
f 3759 3771 3772
f 3759 3772 3760
f 3760 3772 3773
f 3760 3773 3761
f 3761 3773 3774
f 3761 3774 3762
f 3762 3774 3775
f 3762 3775 3763
f 3763 3775 3776
f 3763 3776 3764
f 3764 3776 3765
f 3764 3765 3753
f 3765 3777 3778
f 3765 3778 3766
f 3766 3778 3779
f 3766 3779 3767
f 3767 3779 3780
f 3767 3780 3768
f 3768 3780 3781
f 3768 3781 3769
f 3769 3781 3782
f 3769 3782 3770
f 3770 3782 3783
f 3770 3783 3771
f 3771 3783 3784
f 3771 3784 3772
f 3772 3784 3785
f 3772 3785 3773
f 3773 3785 3786
f 3773 3786 3774
f 3774 3786 3787
f 3774 3787 3775
f 3775 3787 3788
f 3775 3788 3776
f 3776 3788 3777
f 3776 3777 3765
f 3777 3789 3790
f 3777 3790 3778
f 3778 3790 3791
f 3778 3791 3779
f 3779 3791 3792
f 3779 3792 3780
f 3780 3792 3793
f 3780 3793 3781
f 3781 3793 3794
f 3781 3794 3782
f 3782 3794 3795
f 3782 3795 3783
f 3783 3795 3796
f 3783 3796 3784
f 3784 3796 3797
f 3784 3797 3785
f 3785 3797 3798
f 3785 3798 3786
f 3786 3798 3799
f 3786 3799 3787
f 3787 3799 3800
f 3787 3800 3788
f 3788 3800 3789
f 3788 3789 3777
f 3789 3801 3802
f 3789 3802 3790
f 3790 3802 3803
f 3790 3803 3791
f 3791 3803 3804
f 3791 3804 3792
f 3792 3804 3805
f 3792 3805 3793
f 3793 3805 3806
f 3793 3806 3794
f 3794 3806 3807
f 3794 3807 3795
f 3795 3807 3808
f 3795 3808 3796
f 3796 3808 3809
f 3796 3809 3797
f 3797 3809 3810
f 3797 3810 3798
f 3798 3810 3811
f 3798 3811 3799
f 3799 3811 3812
f 3799 3812 3800
f 3800 3812 3801
f 3800 3801 3789
f 3801 3813 3814
f 3801 3814 3802
f 3802 3814 3815
f 3802 3815 3803
f 3803 3815 3816
f 3803 3816 3804
f 3804 3816 3817
f 3804 3817 3805
f 3805 3817 3818
f 3805 3818 3806
f 3806 3818 3819
f 3806 3819 3807
f 3807 3819 3820
f 3807 3820 3808
f 3808 3820 3821
f 3808 3821 3809
f 3809 3821 3822
f 3809 3822 3810
f 3810 3822 3823
f 3810 3823 3811
f 3811 3823 3824
f 3811 3824 3812
f 3812 3824 3813
f 3812 3813 3801
f 3813 3825 3826
f 3813 3826 3814
f 3814 3826 3827
f 3814 3827 3815
f 3815 3827 3828
f 3815 3828 3816
f 3816 3828 3829
f 3816 3829 3817
f 3817 3829 3830
f 3817 3830 3818
f 3818 3830 3831
f 3818 3831 3819
f 3819 3831 3832
f 3819 3832 3820
f 3820 3832 3833
f 3820 3833 3821
f 3821 3833 3834
f 3821 3834 3822
f 3822 3834 3835
f 3822 3835 3823
f 3823 3835 3836
f 3823 3836 3824
f 3824 3836 3825
f 3824 3825 3813
f 3825 3837 3838
f 3825 3838 3826
f 3826 3838 3839
f 3826 3839 3827
f 3827 3839 3840
f 3827 3840 3828
f 3828 3840 3841
f 3828 3841 3829
f 3829 3841 3842
f 3829 3842 3830
f 3830 3842 3843
f 3830 3843 3831
f 3831 3843 3844
f 3831 3844 3832
f 3832 3844 3845
f 3832 3845 3833
f 3833 3845 3846
f 3833 3846 3834
f 3834 3846 3847
f 3834 3847 3835
f 3835 3847 3848
f 3835 3848 3836
f 3836 3848 3837
f 3836 3837 3825
f 3837 3849 3850
f 3837 3850 3838
f 3838 3850 3851
f 3838 3851 3839
f 3839 3851 3852
f 3839 3852 3840
f 3840 3852 3853
f 3840 3853 3841
f 3841 3853 3854
f 3841 3854 3842
f 3842 3854 3855
f 3842 3855 3843
f 3843 3855 3856
f 3843 3856 3844
f 3844 3856 3857
f 3844 3857 3845
f 3845 3857 3858
f 3845 3858 3846
f 3846 3858 3859
f 3846 3859 3847
f 3847 3859 3860
f 3847 3860 3848
f 3848 3860 3849
f 3848 3849 3837
f 3849 3861 3862
f 3849 3862 3850
f 3850 3862 3863
f 3850 3863 3851
f 3851 3863 3864
f 3851 3864 3852
f 3852 3864 3865
f 3852 3865 3853
f 3853 3865 3866
f 3853 3866 3854
f 3854 3866 3867
f 3854 3867 3855
f 3855 3867 3868
f 3855 3868 3856
f 3856 3868 3869
f 3856 3869 3857
f 3857 3869 3870
f 3857 3870 3858
f 3858 3870 3871
f 3858 3871 3859
f 3859 3871 3872
f 3859 3872 3860
f 3860 3872 3861
f 3860 3861 3849
f 3861 3873 3874
f 3861 3874 3862
f 3862 3874 3875
f 3862 3875 3863
f 3863 3875 3876
f 3863 3876 3864
f 3864 3876 3877
f 3864 3877 3865
f 3865 3877 3878
f 3865 3878 3866
f 3866 3878 3879
f 3866 3879 3867
f 3867 3879 3880
f 3867 3880 3868
f 3868 3880 3881
f 3868 3881 3869
f 3869 3881 3882
f 3869 3882 3870
f 3870 3882 3883
f 3870 3883 3871
f 3871 3883 3884
f 3871 3884 3872
f 3872 3884 3873
f 3872 3873 3861
f 3873 3885 3886
f 3873 3886 3874
f 3874 3886 3887
f 3874 3887 3875
f 3875 3887 3888
f 3875 3888 3876
f 3876 3888 3889
f 3876 3889 3877
f 3877 3889 3890
f 3877 3890 3878
f 3878 3890 3891
f 3878 3891 3879
f 3879 3891 3892
f 3879 3892 3880
f 3880 3892 3893
f 3880 3893 3881
f 3881 3893 3894
f 3881 3894 3882
f 3882 3894 3895
f 3882 3895 3883
f 3883 3895 3896
f 3883 3896 3884
f 3884 3896 3885
f 3884 3885 3873
f 3885 3897 3898
f 3885 3898 3886
f 3886 3898 3899
f 3886 3899 3887
f 3887 3899 3900
f 3887 3900 3888
f 3888 3900 3901
f 3888 3901 3889
f 3889 3901 3902
f 3889 3902 3890
f 3890 3902 3903
f 3890 3903 3891
f 3891 3903 3904
f 3891 3904 3892
f 3892 3904 3905
f 3892 3905 3893
f 3893 3905 3906
f 3893 3906 3894
f 3894 3906 3907
f 3894 3907 3895
f 3895 3907 3908
f 3895 3908 3896
f 3896 3908 3897
f 3896 3897 3885
f 3897 3909 3910
f 3897 3910 3898
f 3898 3910 3911
f 3898 3911 3899
f 3899 3911 3912
f 3899 3912 3900
f 3900 3912 3913
f 3900 3913 3901
f 3901 3913 3914
f 3901 3914 3902
f 3902 3914 3915
f 3902 3915 3903
f 3903 3915 3916
f 3903 3916 3904
f 3904 3916 3917
f 3904 3917 3905
f 3905 3917 3918
f 3905 3918 3906
f 3906 3918 3919
f 3906 3919 3907
f 3907 3919 3920
f 3907 3920 3908
f 3908 3920 3909
f 3908 3909 3897
f 3909 3921 3922
f 3909 3922 3910
f 3910 3922 3923
f 3910 3923 3911
f 3911 3923 3924
f 3911 3924 3912
f 3912 3924 3925
f 3912 3925 3913
f 3913 3925 3926
f 3913 3926 3914
f 3914 3926 3927
f 3914 3927 3915
f 3915 3927 3928
f 3915 3928 3916
f 3916 3928 3929
f 3916 3929 3917
f 3917 3929 3930
f 3917 3930 3918
f 3918 3930 3931
f 3918 3931 3919
f 3919 3931 3932
f 3919 3932 3920
f 3920 3932 3921
f 3920 3921 3909
f 3921 3933 3934
f 3921 3934 3922
f 3922 3934 3935
f 3922 3935 3923
f 3923 3935 3936
f 3923 3936 3924
f 3924 3936 3937
f 3924 3937 3925
f 3925 3937 3938
f 3925 3938 3926
f 3926 3938 3939
f 3926 3939 3927
f 3927 3939 3940
f 3927 3940 3928
f 3928 3940 3941
f 3928 3941 3929
f 3929 3941 3942
f 3929 3942 3930
f 3930 3942 3943
f 3930 3943 3931
f 3931 3943 3944
f 3931 3944 3932
f 3932 3944 3933
f 3932 3933 3921
f 3933 3945 3946
f 3933 3946 3934
f 3934 3946 3947
f 3934 3947 3935
f 3935 3947 3948
f 3935 3948 3936
f 3936 3948 3949
f 3936 3949 3937
f 3937 3949 3950
f 3937 3950 3938
f 3938 3950 3951
f 3938 3951 3939
f 3939 3951 3952
f 3939 3952 3940
f 3940 3952 3953
f 3940 3953 3941
f 3941 3953 3954
f 3941 3954 3942
f 3942 3954 3955
f 3942 3955 3943
f 3943 3955 3956
f 3943 3956 3944
f 3944 3956 3945
f 3944 3945 3933
f 3945 3957 3958
f 3945 3958 3946
f 3946 3958 3959
f 3946 3959 3947
f 3947 3959 3960
f 3947 3960 3948
f 3948 3960 3961
f 3948 3961 3949
f 3949 3961 3962
f 3949 3962 3950
f 3950 3962 3963
f 3950 3963 3951
f 3951 3963 3964
f 3951 3964 3952
f 3952 3964 3965
f 3952 3965 3953
f 3953 3965 3966
f 3953 3966 3954
f 3954 3966 3967
f 3954 3967 3955
f 3955 3967 3968
f 3955 3968 3956
f 3956 3968 3957
f 3956 3957 3945
f 3957 3969 3970
f 3957 3970 3958
f 3958 3970 3971
f 3958 3971 3959
f 3959 3971 3972
f 3959 3972 3960
f 3960 3972 3973
f 3960 3973 3961
f 3961 3973 3974
f 3961 3974 3962
f 3962 3974 3975
f 3962 3975 3963
f 3963 3975 3976
f 3963 3976 3964
f 3964 3976 3977
f 3964 3977 3965
f 3965 3977 3978
f 3965 3978 3966
f 3966 3978 3979
f 3966 3979 3967
f 3967 3979 3980
f 3967 3980 3968
f 3968 3980 3969
f 3968 3969 3957
f 3969 3981 3982
f 3969 3982 3970
f 3970 3982 3983
f 3970 3983 3971
f 3971 3983 3984
f 3971 3984 3972
f 3972 3984 3985
f 3972 3985 3973
f 3973 3985 3986
f 3973 3986 3974
f 3974 3986 3987
f 3974 3987 3975
f 3975 3987 3988
f 3975 3988 3976
f 3976 3988 3989
f 3976 3989 3977
f 3977 3989 3990
f 3977 3990 3978
f 3978 3990 3991
f 3978 3991 3979
f 3979 3991 3992
f 3979 3992 3980
f 3980 3992 3981
f 3980 3981 3969
f 3981 3993 3994
f 3981 3994 3982
f 3982 3994 3995
f 3982 3995 3983
f 3983 3995 3996
f 3983 3996 3984
f 3984 3996 3997
f 3984 3997 3985
f 3985 3997 3998
f 3985 3998 3986
f 3986 3998 3999
f 3986 3999 3987
f 3987 3999 4000
f 3987 4000 3988
f 3988 4000 4001
f 3988 4001 3989
f 3989 4001 4002
f 3989 4002 3990
f 3990 4002 4003
f 3990 4003 3991
f 3991 4003 4004
f 3991 4004 3992
f 3992 4004 3993
f 3992 3993 3981
f 3993 4005 4006
f 3993 4006 3994
f 3994 4006 4007
f 3994 4007 3995
f 3995 4007 4008
f 3995 4008 3996
f 3996 4008 4009
f 3996 4009 3997
f 3997 4009 4010
f 3997 4010 3998
f 3998 4010 4011
f 3998 4011 3999
f 3999 4011 4012
f 3999 4012 4000
f 4000 4012 4013
f 4000 4013 4001
f 4001 4013 4014
f 4001 4014 4002
f 4002 4014 4015
f 4002 4015 4003
f 4003 4015 4016
f 4003 4016 4004
f 4004 4016 4005
f 4004 4005 3993
f 4005 4017 4018
f 4005 4018 4006
f 4006 4018 4019
f 4006 4019 4007
f 4007 4019 4020
f 4007 4020 4008
f 4008 4020 4021
f 4008 4021 4009
f 4009 4021 4022
f 4009 4022 4010
f 4010 4022 4023
f 4010 4023 4011
f 4011 4023 4024
f 4011 4024 4012
f 4012 4024 4025
f 4012 4025 4013
f 4013 4025 4026
f 4013 4026 4014
f 4014 4026 4027
f 4014 4027 4015
f 4015 4027 4028
f 4015 4028 4016
f 4016 4028 4017
f 4016 4017 4005
f 4017 4029 4030
f 4017 4030 4018
f 4018 4030 4031
f 4018 4031 4019
f 4019 4031 4032
f 4019 4032 4020
f 4020 4032 4033
f 4020 4033 4021
f 4021 4033 4034
f 4021 4034 4022
f 4022 4034 4035
f 4022 4035 4023
f 4023 4035 4036
f 4023 4036 4024
f 4024 4036 4037
f 4024 4037 4025
f 4025 4037 4038
f 4025 4038 4026
f 4026 4038 4039
f 4026 4039 4027
f 4027 4039 4040
f 4027 4040 4028
f 4028 4040 4029
f 4028 4029 4017
f 4029 4041 4042
f 4029 4042 4030
f 4030 4042 4043
f 4030 4043 4031
f 4031 4043 4044
f 4031 4044 4032
f 4032 4044 4045
f 4032 4045 4033
f 4033 4045 4046
f 4033 4046 4034
f 4034 4046 4047
f 4034 4047 4035
f 4035 4047 4048
f 4035 4048 4036
f 4036 4048 4049
f 4036 4049 4037
f 4037 4049 4050
f 4037 4050 4038
f 4038 4050 4051
f 4038 4051 4039
f 4039 4051 4052
f 4039 4052 4040
f 4040 4052 4041
f 4040 4041 4029
f 4041 4053 4054
f 4041 4054 4042
f 4042 4054 4055
f 4042 4055 4043
f 4043 4055 4056
f 4043 4056 4044
f 4044 4056 4057
f 4044 4057 4045
f 4045 4057 4058
f 4045 4058 4046
f 4046 4058 4059
f 4046 4059 4047
f 4047 4059 4060
f 4047 4060 4048
f 4048 4060 4061
f 4048 4061 4049
f 4049 4061 4062
f 4049 4062 4050
f 4050 4062 4063
f 4050 4063 4051
f 4051 4063 4064
f 4051 4064 4052
f 4052 4064 4053
f 4052 4053 4041
f 4053 4065 4066
f 4053 4066 4054
f 4054 4066 4067
f 4054 4067 4055
f 4055 4067 4068
f 4055 4068 4056
f 4056 4068 4069
f 4056 4069 4057
f 4057 4069 4070
f 4057 4070 4058
f 4058 4070 4071
f 4058 4071 4059
f 4059 4071 4072
f 4059 4072 4060
f 4060 4072 4073
f 4060 4073 4061
f 4061 4073 4074
f 4061 4074 4062
f 4062 4074 4075
f 4062 4075 4063
f 4063 4075 4076
f 4063 4076 4064
f 4064 4076 4065
f 4064 4065 4053
f 4065 4077 4078
f 4065 4078 4066
f 4066 4078 4079
f 4066 4079 4067
f 4067 4079 4080
f 4067 4080 4068
f 4068 4080 4081
f 4068 4081 4069
f 4069 4081 4082
f 4069 4082 4070
f 4070 4082 4083
f 4070 4083 4071
f 4071 4083 4084
f 4071 4084 4072
f 4072 4084 4085
f 4072 4085 4073
f 4073 4085 4086
f 4073 4086 4074
f 4074 4086 4087
f 4074 4087 4075
f 4075 4087 4088
f 4075 4088 4076
f 4076 4088 4077
f 4076 4077 4065
f 4077 4089 4090
f 4077 4090 4078
f 4078 4090 4091
f 4078 4091 4079
f 4079 4091 4092
f 4079 4092 4080
f 4080 4092 4093
f 4080 4093 4081
f 4081 4093 4094
f 4081 4094 4082
f 4082 4094 4095
f 4082 4095 4083
f 4083 4095 4096
f 4083 4096 4084
f 4084 4096 4097
f 4084 4097 4085
f 4085 4097 4098
f 4085 4098 4086
f 4086 4098 4099
f 4086 4099 4087
f 4087 4099 4100
f 4087 4100 4088
f 4088 4100 4089
f 4088 4089 4077
f 4089 4101 4102
f 4089 4102 4090
f 4090 4102 4103
f 4090 4103 4091
f 4091 4103 4104
f 4091 4104 4092
f 4092 4104 4105
f 4092 4105 4093
f 4093 4105 4106
f 4093 4106 4094
f 4094 4106 4107
f 4094 4107 4095
f 4095 4107 4108
f 4095 4108 4096
f 4096 4108 4109
f 4096 4109 4097
f 4097 4109 4110
f 4097 4110 4098
f 4098 4110 4111
f 4098 4111 4099
f 4099 4111 4112
f 4099 4112 4100
f 4100 4112 4101
f 4100 4101 4089
f 4101 4113 4114
f 4101 4114 4102
f 4102 4114 4115
f 4102 4115 4103
f 4103 4115 4116
f 4103 4116 4104
f 4104 4116 4117
f 4104 4117 4105
f 4105 4117 4118
f 4105 4118 4106
f 4106 4118 4119
f 4106 4119 4107
f 4107 4119 4120
f 4107 4120 4108
f 4108 4120 4121
f 4108 4121 4109
f 4109 4121 4122
f 4109 4122 4110
f 4110 4122 4123
f 4110 4123 4111
f 4111 4123 4124
f 4111 4124 4112
f 4112 4124 4113
f 4112 4113 4101
f 4113 4125 4126
f 4113 4126 4114
f 4114 4126 4127
f 4114 4127 4115
f 4115 4127 4128
f 4115 4128 4116
f 4116 4128 4129
f 4116 4129 4117
f 4117 4129 4130
f 4117 4130 4118
f 4118 4130 4131
f 4118 4131 4119
f 4119 4131 4132
f 4119 4132 4120
f 4120 4132 4133
f 4120 4133 4121
f 4121 4133 4134
f 4121 4134 4122
f 4122 4134 4135
f 4122 4135 4123
f 4123 4135 4136
f 4123 4136 4124
f 4124 4136 4125
f 4124 4125 4113
f 4125 4137 4138
f 4125 4138 4126
f 4126 4138 4139
f 4126 4139 4127
f 4127 4139 4140
f 4127 4140 4128
f 4128 4140 4141
f 4128 4141 4129
f 4129 4141 4142
f 4129 4142 4130
f 4130 4142 4143
f 4130 4143 4131
f 4131 4143 4144
f 4131 4144 4132
f 4132 4144 4145
f 4132 4145 4133
f 4133 4145 4146
f 4133 4146 4134
f 4134 4146 4147
f 4134 4147 4135
f 4135 4147 4148
f 4135 4148 4136
f 4136 4148 4137
f 4136 4137 4125
f 4137 4149 4150
f 4137 4150 4138
f 4138 4150 4151
f 4138 4151 4139
f 4139 4151 4152
f 4139 4152 4140
f 4140 4152 4153
f 4140 4153 4141
f 4141 4153 4154
f 4141 4154 4142
f 4142 4154 4155
f 4142 4155 4143
f 4143 4155 4156
f 4143 4156 4144
f 4144 4156 4157
f 4144 4157 4145
f 4145 4157 4158
f 4145 4158 4146
f 4146 4158 4159
f 4146 4159 4147
f 4147 4159 4160
f 4147 4160 4148
f 4148 4160 4149
f 4148 4149 4137
f 4149 4161 4162
f 4149 4162 4150
f 4150 4162 4163
f 4150 4163 4151
f 4151 4163 4164
f 4151 4164 4152
f 4152 4164 4165
f 4152 4165 4153
f 4153 4165 4166
f 4153 4166 4154
f 4154 4166 4167
f 4154 4167 4155
f 4155 4167 4168
f 4155 4168 4156
f 4156 4168 4169
f 4156 4169 4157
f 4157 4169 4170
f 4157 4170 4158
f 4158 4170 4171
f 4158 4171 4159
f 4159 4171 4172
f 4159 4172 4160
f 4160 4172 4161
f 4160 4161 4149
f 4161 4173 4174
f 4161 4174 4162
f 4162 4174 4175
f 4162 4175 4163
f 4163 4175 4176
f 4163 4176 4164
f 4164 4176 4177
f 4164 4177 4165
f 4165 4177 4178
f 4165 4178 4166
f 4166 4178 4179
f 4166 4179 4167
f 4167 4179 4180
f 4167 4180 4168
f 4168 4180 4181
f 4168 4181 4169
f 4169 4181 4182
f 4169 4182 4170
f 4170 4182 4183
f 4170 4183 4171
f 4171 4183 4184
f 4171 4184 4172
f 4172 4184 4173
f 4172 4173 4161
f 4173 4185 4186
f 4173 4186 4174
f 4174 4186 4187
f 4174 4187 4175
f 4175 4187 4188
f 4175 4188 4176
f 4176 4188 4189
f 4176 4189 4177
f 4177 4189 4190
f 4177 4190 4178
f 4178 4190 4191
f 4178 4191 4179
f 4179 4191 4192
f 4179 4192 4180
f 4180 4192 4193
f 4180 4193 4181
f 4181 4193 4194
f 4181 4194 4182
f 4182 4194 4195
f 4182 4195 4183
f 4183 4195 4196
f 4183 4196 4184
f 4184 4196 4185
f 4184 4185 4173
f 4185 4197 4198
f 4185 4198 4186
f 4186 4198 4199
f 4186 4199 4187
f 4187 4199 4200
f 4187 4200 4188
f 4188 4200 4201
f 4188 4201 4189
f 4189 4201 4202
f 4189 4202 4190
f 4190 4202 4203
f 4190 4203 4191
f 4191 4203 4204
f 4191 4204 4192
f 4192 4204 4205
f 4192 4205 4193
f 4193 4205 4206
f 4193 4206 4194
f 4194 4206 4207
f 4194 4207 4195
f 4195 4207 4208
f 4195 4208 4196
f 4196 4208 4197
f 4196 4197 4185
f 4197 4209 4210
f 4197 4210 4198
f 4198 4210 4211
f 4198 4211 4199
f 4199 4211 4212
f 4199 4212 4200
f 4200 4212 4213
f 4200 4213 4201
f 4201 4213 4214
f 4201 4214 4202
f 4202 4214 4215
f 4202 4215 4203
f 4203 4215 4216
f 4203 4216 4204
f 4204 4216 4217
f 4204 4217 4205
f 4205 4217 4218
f 4205 4218 4206
f 4206 4218 4219
f 4206 4219 4207
f 4207 4219 4220
f 4207 4220 4208
f 4208 4220 4209
f 4208 4209 4197
f 4209 4221 4222
f 4209 4222 4210
f 4210 4222 4223
f 4210 4223 4211
f 4211 4223 4224
f 4211 4224 4212
f 4212 4224 4225
f 4212 4225 4213
f 4213 4225 4226
f 4213 4226 4214
f 4214 4226 4227
f 4214 4227 4215
f 4215 4227 4228
f 4215 4228 4216
f 4216 4228 4229
f 4216 4229 4217
f 4217 4229 4230
f 4217 4230 4218
f 4218 4230 4231
f 4218 4231 4219
f 4219 4231 4232
f 4219 4232 4220
f 4220 4232 4221
f 4220 4221 4209
f 4221 4233 4234
f 4221 4234 4222
f 4222 4234 4235
f 4222 4235 4223
f 4223 4235 4236
f 4223 4236 4224
f 4224 4236 4237
f 4224 4237 4225
f 4225 4237 4238
f 4225 4238 4226
f 4226 4238 4239
f 4226 4239 4227
f 4227 4239 4240
f 4227 4240 4228
f 4228 4240 4241
f 4228 4241 4229
f 4229 4241 4242
f 4229 4242 4230
f 4230 4242 4243
f 4230 4243 4231
f 4231 4243 4244
f 4231 4244 4232
f 4232 4244 4233
f 4232 4233 4221
f 4233 4245 4246
f 4233 4246 4234
f 4234 4246 4247
f 4234 4247 4235
f 4235 4247 4248
f 4235 4248 4236
f 4236 4248 4249
f 4236 4249 4237
f 4237 4249 4250
f 4237 4250 4238
f 4238 4250 4251
f 4238 4251 4239
f 4239 4251 4252
f 4239 4252 4240
f 4240 4252 4253
f 4240 4253 4241
f 4241 4253 4254
f 4241 4254 4242
f 4242 4254 4255
f 4242 4255 4243
f 4243 4255 4256
f 4243 4256 4244
f 4244 4256 4245
f 4244 4245 4233
f 4245 4257 4258
f 4245 4258 4246
f 4246 4258 4259
f 4246 4259 4247
f 4247 4259 4260
f 4247 4260 4248
f 4248 4260 4261
f 4248 4261 4249
f 4249 4261 4262
f 4249 4262 4250
f 4250 4262 4263
f 4250 4263 4251
f 4251 4263 4264
f 4251 4264 4252
f 4252 4264 4265
f 4252 4265 4253
f 4253 4265 4266
f 4253 4266 4254
f 4254 4266 4267
f 4254 4267 4255
f 4255 4267 4268
f 4255 4268 4256
f 4256 4268 4257
f 4256 4257 4245
f 4257 4269 4270
f 4257 4270 4258
f 4258 4270 4271
f 4258 4271 4259
f 4259 4271 4272
f 4259 4272 4260
f 4260 4272 4273
f 4260 4273 4261
f 4261 4273 4274
f 4261 4274 4262
f 4262 4274 4275
f 4262 4275 4263
f 4263 4275 4276
f 4263 4276 4264
f 4264 4276 4277
f 4264 4277 4265
f 4265 4277 4278
f 4265 4278 4266
f 4266 4278 4279
f 4266 4279 4267
f 4267 4279 4280
f 4267 4280 4268
f 4268 4280 4269
f 4268 4269 4257
f 4269 4281 4282
f 4269 4282 4270
f 4270 4282 4283
f 4270 4283 4271
f 4271 4283 4284
f 4271 4284 4272
f 4272 4284 4285
f 4272 4285 4273
f 4273 4285 4286
f 4273 4286 4274
f 4274 4286 4287
f 4274 4287 4275
f 4275 4287 4288
f 4275 4288 4276
f 4276 4288 4289
f 4276 4289 4277
f 4277 4289 4290
f 4277 4290 4278
f 4278 4290 4291
f 4278 4291 4279
f 4279 4291 4292
f 4279 4292 4280
f 4280 4292 4281
f 4280 4281 4269
f 4281 4293 4294
f 4281 4294 4282
f 4282 4294 4295
f 4282 4295 4283
f 4283 4295 4296
f 4283 4296 4284
f 4284 4296 4297
f 4284 4297 4285
f 4285 4297 4298
f 4285 4298 4286
f 4286 4298 4299
f 4286 4299 4287
f 4287 4299 4300
f 4287 4300 4288
f 4288 4300 4301
f 4288 4301 4289
f 4289 4301 4302
f 4289 4302 4290
f 4290 4302 4303
f 4290 4303 4291
f 4291 4303 4304
f 4291 4304 4292
f 4292 4304 4293
f 4292 4293 4281
f 4293 4305 4306
f 4293 4306 4294
f 4294 4306 4307
f 4294 4307 4295
f 4295 4307 4308
f 4295 4308 4296
f 4296 4308 4309
f 4296 4309 4297
f 4297 4309 4310
f 4297 4310 4298
f 4298 4310 4311
f 4298 4311 4299
f 4299 4311 4312
f 4299 4312 4300
f 4300 4312 4313
f 4300 4313 4301
f 4301 4313 4314
f 4301 4314 4302
f 4302 4314 4315
f 4302 4315 4303
f 4303 4315 4316
f 4303 4316 4304
f 4304 4316 4305
f 4304 4305 4293
f 4305 4317 4318
f 4305 4318 4306
f 4306 4318 4319
f 4306 4319 4307
f 4307 4319 4320
f 4307 4320 4308
f 4308 4320 4321
f 4308 4321 4309
f 4309 4321 4322
f 4309 4322 4310
f 4310 4322 4323
f 4310 4323 4311
f 4311 4323 4324
f 4311 4324 4312
f 4312 4324 4325
f 4312 4325 4313
f 4313 4325 4326
f 4313 4326 4314
f 4314 4326 4327
f 4314 4327 4315
f 4315 4327 4328
f 4315 4328 4316
f 4316 4328 4317
f 4316 4317 4305
f 4317 4329 4330
f 4317 4330 4318
f 4318 4330 4331
f 4318 4331 4319
f 4319 4331 4332
f 4319 4332 4320
f 4320 4332 4333
f 4320 4333 4321
f 4321 4333 4334
f 4321 4334 4322
f 4322 4334 4335
f 4322 4335 4323
f 4323 4335 4336
f 4323 4336 4324
f 4324 4336 4337
f 4324 4337 4325
f 4325 4337 4338
f 4325 4338 4326
f 4326 4338 4339
f 4326 4339 4327
f 4327 4339 4340
f 4327 4340 4328
f 4328 4340 4329
f 4328 4329 4317
f 4329 4341 4342
f 4329 4342 4330
f 4330 4342 4343
f 4330 4343 4331
f 4331 4343 4344
f 4331 4344 4332
f 4332 4344 4345
f 4332 4345 4333
f 4333 4345 4346
f 4333 4346 4334
f 4334 4346 4347
f 4334 4347 4335
f 4335 4347 4348
f 4335 4348 4336
f 4336 4348 4349
f 4336 4349 4337
f 4337 4349 4350
f 4337 4350 4338
f 4338 4350 4351
f 4338 4351 4339
f 4339 4351 4352
f 4339 4352 4340
f 4340 4352 4341
f 4340 4341 4329
f 4341 4353 4354
f 4341 4354 4342
f 4342 4354 4355
f 4342 4355 4343
f 4343 4355 4356
f 4343 4356 4344
f 4344 4356 4357
f 4344 4357 4345
f 4345 4357 4358
f 4345 4358 4346
f 4346 4358 4359
f 4346 4359 4347
f 4347 4359 4360
f 4347 4360 4348
f 4348 4360 4361
f 4348 4361 4349
f 4349 4361 4362
f 4349 4362 4350
f 4350 4362 4363
f 4350 4363 4351
f 4351 4363 4364
f 4351 4364 4352
f 4352 4364 4353
f 4352 4353 4341
f 4353 4365 4366
f 4353 4366 4354
f 4354 4366 4367
f 4354 4367 4355
f 4355 4367 4368
f 4355 4368 4356
f 4356 4368 4369
f 4356 4369 4357
f 4357 4369 4370
f 4357 4370 4358
f 4358 4370 4371
f 4358 4371 4359
f 4359 4371 4372
f 4359 4372 4360
f 4360 4372 4373
f 4360 4373 4361
f 4361 4373 4374
f 4361 4374 4362
f 4362 4374 4375
f 4362 4375 4363
f 4363 4375 4376
f 4363 4376 4364
f 4364 4376 4365
f 4364 4365 4353
f 4365 4377 4378
f 4365 4378 4366
f 4366 4378 4379
f 4366 4379 4367
f 4367 4379 4380
f 4367 4380 4368
f 4368 4380 4381
f 4368 4381 4369
f 4369 4381 4382
f 4369 4382 4370
f 4370 4382 4383
f 4370 4383 4371
f 4371 4383 4384
f 4371 4384 4372
f 4372 4384 4385
f 4372 4385 4373
f 4373 4385 4386
f 4373 4386 4374
f 4374 4386 4387
f 4374 4387 4375
f 4375 4387 4388
f 4375 4388 4376
f 4376 4388 4377
f 4376 4377 4365
f 4377 4389 4390
f 4377 4390 4378
f 4378 4390 4391
f 4378 4391 4379
f 4379 4391 4392
f 4379 4392 4380
f 4380 4392 4393
f 4380 4393 4381
f 4381 4393 4394
f 4381 4394 4382
f 4382 4394 4395
f 4382 4395 4383
f 4383 4395 4396
f 4383 4396 4384
f 4384 4396 4397
f 4384 4397 4385
f 4385 4397 4398
f 4385 4398 4386
f 4386 4398 4399
f 4386 4399 4387
f 4387 4399 4400
f 4387 4400 4388
f 4388 4400 4389
f 4388 4389 4377
f 4389 4401 4402
f 4389 4402 4390
f 4390 4402 4403
f 4390 4403 4391
f 4391 4403 4404
f 4391 4404 4392
f 4392 4404 4405
f 4392 4405 4393
f 4393 4405 4406
f 4393 4406 4394
f 4394 4406 4407
f 4394 4407 4395
f 4395 4407 4408
f 4395 4408 4396
f 4396 4408 4409
f 4396 4409 4397
f 4397 4409 4410
f 4397 4410 4398
f 4398 4410 4411
f 4398 4411 4399
f 4399 4411 4412
f 4399 4412 4400
f 4400 4412 4401
f 4400 4401 4389
f 4401 4413 4414
f 4401 4414 4402
f 4402 4414 4415
f 4402 4415 4403
f 4403 4415 4416
f 4403 4416 4404
f 4404 4416 4417
f 4404 4417 4405
f 4405 4417 4418
f 4405 4418 4406
f 4406 4418 4419
f 4406 4419 4407
f 4407 4419 4420
f 4407 4420 4408
f 4408 4420 4421
f 4408 4421 4409
f 4409 4421 4422
f 4409 4422 4410
f 4410 4422 4423
f 4410 4423 4411
f 4411 4423 4424
f 4411 4424 4412
f 4412 4424 4413
f 4412 4413 4401
f 4413 4425 4426
f 4413 4426 4414
f 4414 4426 4427
f 4414 4427 4415
f 4415 4427 4428
f 4415 4428 4416
f 4416 4428 4429
f 4416 4429 4417
f 4417 4429 4430
f 4417 4430 4418
f 4418 4430 4431
f 4418 4431 4419
f 4419 4431 4432
f 4419 4432 4420
f 4420 4432 4433
f 4420 4433 4421
f 4421 4433 4434
f 4421 4434 4422
f 4422 4434 4435
f 4422 4435 4423
f 4423 4435 4436
f 4423 4436 4424
f 4424 4436 4425
f 4424 4425 4413
f 4425 4437 4438
f 4425 4438 4426
f 4426 4438 4439
f 4426 4439 4427
f 4427 4439 4440
f 4427 4440 4428
f 4428 4440 4441
f 4428 4441 4429
f 4429 4441 4442
f 4429 4442 4430
f 4430 4442 4443
f 4430 4443 4431
f 4431 4443 4444
f 4431 4444 4432
f 4432 4444 4445
f 4432 4445 4433
f 4433 4445 4446
f 4433 4446 4434
f 4434 4446 4447
f 4434 4447 4435
f 4435 4447 4448
f 4435 4448 4436
f 4436 4448 4437
f 4436 4437 4425
f 4437 4449 4450
f 4437 4450 4438
f 4438 4450 4451
f 4438 4451 4439
f 4439 4451 4452
f 4439 4452 4440
f 4440 4452 4453
f 4440 4453 4441
f 4441 4453 4454
f 4441 4454 4442
f 4442 4454 4455
f 4442 4455 4443
f 4443 4455 4456
f 4443 4456 4444
f 4444 4456 4457
f 4444 4457 4445
f 4445 4457 4458
f 4445 4458 4446
f 4446 4458 4459
f 4446 4459 4447
f 4447 4459 4460
f 4447 4460 4448
f 4448 4460 4449
f 4448 4449 4437
f 4449 4461 4462
f 4449 4462 4450
f 4450 4462 4463
f 4450 4463 4451
f 4451 4463 4464
f 4451 4464 4452
f 4452 4464 4465
f 4452 4465 4453
f 4453 4465 4466
f 4453 4466 4454
f 4454 4466 4467
f 4454 4467 4455
f 4455 4467 4468
f 4455 4468 4456
f 4456 4468 4469
f 4456 4469 4457
f 4457 4469 4470
f 4457 4470 4458
f 4458 4470 4471
f 4458 4471 4459
f 4459 4471 4472
f 4459 4472 4460
f 4460 4472 4461
f 4460 4461 4449
f 4461 4473 4474
f 4461 4474 4462
f 4462 4474 4475
f 4462 4475 4463
f 4463 4475 4476
f 4463 4476 4464
f 4464 4476 4477
f 4464 4477 4465
f 4465 4477 4478
f 4465 4478 4466
f 4466 4478 4479
f 4466 4479 4467
f 4467 4479 4480
f 4467 4480 4468
f 4468 4480 4481
f 4468 4481 4469
f 4469 4481 4482
f 4469 4482 4470
f 4470 4482 4483
f 4470 4483 4471
f 4471 4483 4484
f 4471 4484 4472
f 4472 4484 4473
f 4472 4473 4461
f 4473 4485 4486
f 4473 4486 4474
f 4474 4486 4487
f 4474 4487 4475
f 4475 4487 4488
f 4475 4488 4476
f 4476 4488 4489
f 4476 4489 4477
f 4477 4489 4490
f 4477 4490 4478
f 4478 4490 4491
f 4478 4491 4479
f 4479 4491 4492
f 4479 4492 4480
f 4480 4492 4493
f 4480 4493 4481
f 4481 4493 4494
f 4481 4494 4482
f 4482 4494 4495
f 4482 4495 4483
f 4483 4495 4496
f 4483 4496 4484
f 4484 4496 4485
f 4484 4485 4473
f 4485 4497 4498
f 4485 4498 4486
f 4486 4498 4499
f 4486 4499 4487
f 4487 4499 4500
f 4487 4500 4488
f 4488 4500 4501
f 4488 4501 4489
f 4489 4501 4502
f 4489 4502 4490
f 4490 4502 4503
f 4490 4503 4491
f 4491 4503 4504
f 4491 4504 4492
f 4492 4504 4505
f 4492 4505 4493
f 4493 4505 4506
f 4493 4506 4494
f 4494 4506 4507
f 4494 4507 4495
f 4495 4507 4508
f 4495 4508 4496
f 4496 4508 4497
f 4496 4497 4485
f 4497 4509 4510
f 4497 4510 4498
f 4498 4510 4511
f 4498 4511 4499
f 4499 4511 4512
f 4499 4512 4500
f 4500 4512 4513
f 4500 4513 4501
f 4501 4513 4514
f 4501 4514 4502
f 4502 4514 4515
f 4502 4515 4503
f 4503 4515 4516
f 4503 4516 4504
f 4504 4516 4517
f 4504 4517 4505
f 4505 4517 4518
f 4505 4518 4506
f 4506 4518 4519
f 4506 4519 4507
f 4507 4519 4520
f 4507 4520 4508
f 4508 4520 4509
f 4508 4509 4497
f 4509 4521 4522
f 4509 4522 4510
f 4510 4522 4523
f 4510 4523 4511
f 4511 4523 4524
f 4511 4524 4512
f 4512 4524 4525
f 4512 4525 4513
f 4513 4525 4526
f 4513 4526 4514
f 4514 4526 4527
f 4514 4527 4515
f 4515 4527 4528
f 4515 4528 4516
f 4516 4528 4529
f 4516 4529 4517
f 4517 4529 4530
f 4517 4530 4518
f 4518 4530 4531
f 4518 4531 4519
f 4519 4531 4532
f 4519 4532 4520
f 4520 4532 4521
f 4520 4521 4509
f 4521 4533 4534
f 4521 4534 4522
f 4522 4534 4535
f 4522 4535 4523
f 4523 4535 4536
f 4523 4536 4524
f 4524 4536 4537
f 4524 4537 4525
f 4525 4537 4538
f 4525 4538 4526
f 4526 4538 4539
f 4526 4539 4527
f 4527 4539 4540
f 4527 4540 4528
f 4528 4540 4541
f 4528 4541 4529
f 4529 4541 4542
f 4529 4542 4530
f 4530 4542 4543
f 4530 4543 4531
f 4531 4543 4544
f 4531 4544 4532
f 4532 4544 4533
f 4532 4533 4521
f 4533 4545 4546
f 4533 4546 4534
f 4534 4546 4547
f 4534 4547 4535
f 4535 4547 4548
f 4535 4548 4536
f 4536 4548 4549
f 4536 4549 4537
f 4537 4549 4550
f 4537 4550 4538
f 4538 4550 4551
f 4538 4551 4539
f 4539 4551 4552
f 4539 4552 4540
f 4540 4552 4553
f 4540 4553 4541
f 4541 4553 4554
f 4541 4554 4542
f 4542 4554 4555
f 4542 4555 4543
f 4543 4555 4556
f 4543 4556 4544
f 4544 4556 4545
f 4544 4545 4533
f 4545 4557 4558
f 4545 4558 4546
f 4546 4558 4559
f 4546 4559 4547
f 4547 4559 4560
f 4547 4560 4548
f 4548 4560 4561
f 4548 4561 4549
f 4549 4561 4562
f 4549 4562 4550
f 4550 4562 4563
f 4550 4563 4551
f 4551 4563 4564
f 4551 4564 4552
f 4552 4564 4565
f 4552 4565 4553
f 4553 4565 4566
f 4553 4566 4554
f 4554 4566 4567
f 4554 4567 4555
f 4555 4567 4568
f 4555 4568 4556
f 4556 4568 4557
f 4556 4557 4545
f 4557 4569 4570
f 4557 4570 4558
f 4558 4570 4571
f 4558 4571 4559
f 4559 4571 4572
f 4559 4572 4560
f 4560 4572 4573
f 4560 4573 4561
f 4561 4573 4574
f 4561 4574 4562
f 4562 4574 4575
f 4562 4575 4563
f 4563 4575 4576
f 4563 4576 4564
f 4564 4576 4577
f 4564 4577 4565
f 4565 4577 4578
f 4565 4578 4566
f 4566 4578 4579
f 4566 4579 4567
f 4567 4579 4580
f 4567 4580 4568
f 4568 4580 4569
f 4568 4569 4557
f 4569 4581 4582
f 4569 4582 4570
f 4570 4582 4583
f 4570 4583 4571
f 4571 4583 4584
f 4571 4584 4572
f 4572 4584 4585
f 4572 4585 4573
f 4573 4585 4586
f 4573 4586 4574
f 4574 4586 4587
f 4574 4587 4575
f 4575 4587 4588
f 4575 4588 4576
f 4576 4588 4589
f 4576 4589 4577
f 4577 4589 4590
f 4577 4590 4578
f 4578 4590 4591
f 4578 4591 4579
f 4579 4591 4592
f 4579 4592 4580
f 4580 4592 4581
f 4580 4581 4569
f 4581 4593 4594
f 4581 4594 4582
f 4582 4594 4595
f 4582 4595 4583
f 4583 4595 4596
f 4583 4596 4584
f 4584 4596 4597
f 4584 4597 4585
f 4585 4597 4598
f 4585 4598 4586
f 4586 4598 4599
f 4586 4599 4587
f 4587 4599 4600
f 4587 4600 4588
f 4588 4600 4601
f 4588 4601 4589
f 4589 4601 4602
f 4589 4602 4590
f 4590 4602 4603
f 4590 4603 4591
f 4591 4603 4604
f 4591 4604 4592
f 4592 4604 4593
f 4592 4593 4581
f 4593 4605 4606
f 4593 4606 4594
f 4594 4606 4607
f 4594 4607 4595
f 4595 4607 4608
f 4595 4608 4596
f 4596 4608 4609
f 4596 4609 4597
f 4597 4609 4610
f 4597 4610 4598
f 4598 4610 4611
f 4598 4611 4599
f 4599 4611 4612
f 4599 4612 4600
f 4600 4612 4613
f 4600 4613 4601
f 4601 4613 4614
f 4601 4614 4602
f 4602 4614 4615
f 4602 4615 4603
f 4603 4615 4616
f 4603 4616 4604
f 4604 4616 4605
f 4604 4605 4593
f 4605 4617 4618
f 4605 4618 4606
f 4606 4618 4619
f 4606 4619 4607
f 4607 4619 4620
f 4607 4620 4608
f 4608 4620 4621
f 4608 4621 4609
f 4609 4621 4622
f 4609 4622 4610
f 4610 4622 4623
f 4610 4623 4611
f 4611 4623 4624
f 4611 4624 4612
f 4612 4624 4625
f 4612 4625 4613
f 4613 4625 4626
f 4613 4626 4614
f 4614 4626 4627
f 4614 4627 4615
f 4615 4627 4628
f 4615 4628 4616
f 4616 4628 4617
f 4616 4617 4605
f 4617 4629 4630
f 4617 4630 4618
f 4618 4630 4631
f 4618 4631 4619
f 4619 4631 4632
f 4619 4632 4620
f 4620 4632 4633
f 4620 4633 4621
f 4621 4633 4634
f 4621 4634 4622
f 4622 4634 4635
f 4622 4635 4623
f 4623 4635 4636
f 4623 4636 4624
f 4624 4636 4637
f 4624 4637 4625
f 4625 4637 4638
f 4625 4638 4626
f 4626 4638 4639
f 4626 4639 4627
f 4627 4639 4640
f 4627 4640 4628
f 4628 4640 4629
f 4628 4629 4617
f 4629 4641 4642
f 4629 4642 4630
f 4630 4642 4643
f 4630 4643 4631
f 4631 4643 4644
f 4631 4644 4632
f 4632 4644 4645
f 4632 4645 4633
f 4633 4645 4646
f 4633 4646 4634
f 4634 4646 4647
f 4634 4647 4635
f 4635 4647 4648
f 4635 4648 4636
f 4636 4648 4649
f 4636 4649 4637
f 4637 4649 4650
f 4637 4650 4638
f 4638 4650 4651
f 4638 4651 4639
f 4639 4651 4652
f 4639 4652 4640
f 4640 4652 4641
f 4640 4641 4629
f 4641 3501 3502
f 4641 3502 4642
f 4642 3502 3503
f 4642 3503 4643
f 4643 3503 3504
f 4643 3504 4644
f 4644 3504 3505
f 4644 3505 4645
f 4645 3505 3506
f 4645 3506 4646
f 4646 3506 3507
f 4646 3507 4647
f 4647 3507 3508
f 4647 3508 4648
f 4648 3508 3509
f 4648 3509 4649
f 4649 3509 3510
f 4649 3510 4650
f 4650 3510 3511
f 4650 3511 4651
f 4651 3511 3512
f 4651 3512 4652
f 4652 3512 3501
f 4652 3501 4641
v -0.1800000 -0.1400000 0.4220000
v -0.1800000 -0.2500000 0.4220000
v -0.1769385 -0.1400000 0.4213910
v -0.1769385 -0.2500000 0.4213910
v -0.1743432 -0.1400000 0.4196569
v -0.1743432 -0.2500000 0.4196568
v -0.1726090 -0.1400000 0.4170615
v -0.1726090 -0.2500000 0.4170615
v -0.1720000 -0.1400000 0.4140000
v -0.1720000 -0.2500000 0.4140000
v -0.1726090 -0.1400000 0.4109385
v -0.1726090 -0.2500000 0.4109385
v -0.1743432 -0.1400000 0.4083432
v -0.1743432 -0.2500000 0.4083431
v -0.1769385 -0.1400000 0.4066090
v -0.1769385 -0.2500000 0.4066090
v -0.1800000 -0.1400000 0.4060000
v -0.1800000 -0.2500000 0.4060000
v -0.1830615 -0.1400000 0.4066090
v -0.1830615 -0.2500000 0.4066090
v -0.1856569 -0.1400000 0.4083432
v -0.1856569 -0.2500000 0.4083431
v -0.1873910 -0.1400000 0.4109385
v -0.1873910 -0.2500000 0.4109385
v -0.1880000 -0.1400000 0.4140000
v -0.1880000 -0.2500000 0.4140000
v -0.1873910 -0.1400000 0.4170615
v -0.1873910 -0.2500000 0.4170615
v -0.1856569 -0.1400000 0.4196569
v -0.1856569 -0.2500000 0.4196568
v -0.1830615 -0.1400000 0.4213910
v -0.1830615 -0.2500000 0.4213910
f 4653 4654 4656
f 4653 4656 4655
f 4655 4656 4658
f 4655 4658 4657
f 4657 4658 4660
f 4657 4660 4659
f 4659 4660 4662
f 4659 4662 4661
f 4661 4662 4664
f 4661 4664 4663
f 4663 4664 4666
f 4663 4666 4665
f 4665 4666 4668
f 4665 4668 4667
f 4667 4668 4670
f 4667 4670 4669
f 4669 4670 4672
f 4669 4672 4671
f 4671 4672 4674
f 4671 4674 4673
f 4673 4674 4676
f 4673 4676 4675
f 4675 4676 4678
f 4675 4678 4677
f 4677 4678 4680
f 4677 4680 4679
f 4679 4680 4682
f 4679 4682 4681
f 4658 4656 4654
f 4654 4684 4682
f 4682 4680 4678
f 4678 4676 4674
f 4674 4672 4670
f 4670 4668 4666
f 4666 4664 4662
f 4662 4660 4658
f 4658 4654 4682
f 4682 4678 4674
f 4674 4670 4666
f 4666 4662 4658
f 4658 4682 4674
f 4674 4666 4658
f 4681 4682 4684
f 4681 4684 4683
f 4683 4684 4654
f 4683 4654 4653
f 4683 4653 4655
f 4655 4657 4659
f 4659 4661 4663
f 4663 4665 4667
f 4667 4669 4671
f 4671 4673 4675
f 4675 4677 4679
f 4679 4681 4683
f 4683 4655 4659
f 4659 4663 4667
f 4667 4671 4675
f 4675 4679 4683
f 4683 4659 4667
f 4667 4675 4683
v -0.1800000 -0.2320000 0.5000000
v -0.1800000 -0.2320000 0.3000000
v -0.1868883 -0.2333702 0.5000000
v -0.1868883 -0.2333702 0.3000000
v -0.1927279 -0.2372721 0.5000000
v -0.1927279 -0.2372721 0.3000000
v -0.1966298 -0.2431117 0.5000000
v -0.1966298 -0.2431117 0.3000000
v -0.1980000 -0.2500000 0.5000000
v -0.1980000 -0.2500000 0.3000000
v -0.1966298 -0.2568883 0.5000000
v -0.1966298 -0.2568883 0.3000000
v -0.1927279 -0.2627279 0.5000000
v -0.1927279 -0.2627279 0.3000000
v -0.1868883 -0.2666298 0.5000000
v -0.1868883 -0.2666298 0.3000000
v -0.1800000 -0.2680000 0.5000000
v -0.1800000 -0.2680000 0.3000000
v -0.1731117 -0.2666298 0.5000000
v -0.1731117 -0.2666298 0.3000000
v -0.1672721 -0.2627279 0.5000000
v -0.1672721 -0.2627279 0.3000000
v -0.1633702 -0.2568883 0.5000000
v -0.1633702 -0.2568883 0.3000000
v -0.1620000 -0.2500000 0.5000000
v -0.1620000 -0.2500000 0.3000000
v -0.1633702 -0.2431117 0.5000000
v -0.1633702 -0.2431117 0.3000000
v -0.1672721 -0.2372721 0.5000000
v -0.1672721 -0.2372721 0.3000000
v -0.1731117 -0.2333702 0.5000000
v -0.1731117 -0.2333702 0.3000000
f 4685 4686 4688
f 4685 4688 4687
f 4687 4688 4690
f 4687 4690 4689
f 4689 4690 4692
f 4689 4692 4691
f 4691 4692 4694
f 4691 4694 4693
f 4693 4694 4696
f 4693 4696 4695
f 4695 4696 4698
f 4695 4698 4697
f 4697 4698 4700
f 4697 4700 4699
f 4699 4700 4702
f 4699 4702 4701
f 4701 4702 4704
f 4701 4704 4703
f 4703 4704 4706
f 4703 4706 4705
f 4705 4706 4708
f 4705 4708 4707
f 4707 4708 4710
f 4707 4710 4709
f 4709 4710 4712
f 4709 4712 4711
f 4711 4712 4714
f 4711 4714 4713
f 4690 4688 4686
f 4686 4716 4714
f 4714 4712 4710
f 4710 4708 4706
f 4706 4704 4702
f 4702 4700 4698
f 4698 4696 4694
f 4694 4692 4690
f 4690 4686 4714
f 4714 4710 4706
f 4706 4702 4698
f 4698 4694 4690
f 4690 4714 4706
f 4706 4698 4690
f 4713 4714 4716
f 4713 4716 4715
f 4715 4716 4686
f 4715 4686 4685
f 4715 4685 4687
f 4687 4689 4691
f 4691 4693 4695
f 4695 4697 4699
f 4699 4701 4703
f 4703 4705 4707
f 4707 4709 4711
f 4711 4713 4715
f 4715 4687 4691
f 4691 4695 4699
f 4699 4703 4707
f 4707 4711 4715
f 4715 4691 4699
f 4699 4707 4715
v -0.1800000 -0.4660000 0.3450000
v -0.1800000 -0.4540000 0.3450000
v -0.1972208 -0.4660000 0.3415746
v -0.1972208 -0.4540000 0.3415746
v -0.2118198 -0.4660000 0.3318198
v -0.2118198 -0.4540000 0.3318198
v -0.2215746 -0.4660000 0.3172208
v -0.2215746 -0.4540000 0.3172208
v -0.2250000 -0.4660000 0.3000000
v -0.2250000 -0.4540000 0.3000000
v -0.2215746 -0.4660000 0.2827792
v -0.2215746 -0.4540000 0.2827792
v -0.2118198 -0.4660000 0.2681802
v -0.2118198 -0.4540000 0.2681802
v -0.1972208 -0.4660000 0.2584254
v -0.1972208 -0.4540000 0.2584254
v -0.1800000 -0.4660000 0.2550000
v -0.1800000 -0.4540000 0.2550000
v -0.1627793 -0.4660000 0.2584254
v -0.1627793 -0.4540000 0.2584254
v -0.1481802 -0.4660000 0.2681802
v -0.1481802 -0.4540000 0.2681802
v -0.1384254 -0.4660000 0.2827792
v -0.1384254 -0.4540000 0.2827792
v -0.1350000 -0.4660000 0.3000000
v -0.1350000 -0.4540000 0.3000000
v -0.1384254 -0.4660000 0.3172208
v -0.1384254 -0.4540000 0.3172208
v -0.1481802 -0.4660000 0.3318198
v -0.1481802 -0.4540000 0.3318198
v -0.1627792 -0.4660000 0.3415746
v -0.1627792 -0.4540000 0.3415746
f 4717 4718 4720
f 4717 4720 4719
f 4719 4720 4722
f 4719 4722 4721
f 4721 4722 4724
f 4721 4724 4723
f 4723 4724 4726
f 4723 4726 4725
f 4725 4726 4728
f 4725 4728 4727
f 4727 4728 4730
f 4727 4730 4729
f 4729 4730 4732
f 4729 4732 4731
f 4731 4732 4734
f 4731 4734 4733
f 4733 4734 4736
f 4733 4736 4735
f 4735 4736 4738
f 4735 4738 4737
f 4737 4738 4740
f 4737 4740 4739
f 4739 4740 4742
f 4739 4742 4741
f 4741 4742 4744
f 4741 4744 4743
f 4743 4744 4746
f 4743 4746 4745
f 4722 4720 4718
f 4718 4748 4746
f 4746 4744 4742
f 4742 4740 4738
f 4738 4736 4734
f 4734 4732 4730
f 4730 4728 4726
f 4726 4724 4722
f 4722 4718 4746
f 4746 4742 4738
f 4738 4734 4730
f 4730 4726 4722
f 4722 4746 4738
f 4738 4730 4722
f 4745 4746 4748
f 4745 4748 4747
f 4747 4748 4718
f 4747 4718 4717
f 4747 4717 4719
f 4719 4721 4723
f 4723 4725 4727
f 4727 4729 4731
f 4731 4733 4735
f 4735 4737 4739
f 4739 4741 4743
f 4743 4745 4747
f 4747 4719 4723
f 4723 4727 4731
f 4731 4735 4739
f 4739 4743 4747
f 4747 4723 4731
f 4731 4739 4747
v 0.1320000 -0.4240000 0.4250000
v 0.1311962 -0.4270000 0.4250000
v 0.1290000 -0.4291961 0.4250000
v 0.1260000 -0.4300000 0.4250000
v 0.1230000 -0.4291961 0.4250000
v 0.1208038 -0.4270000 0.4250000
v 0.1200000 -0.4240000 0.4250000
v 0.1208038 -0.4210000 0.4250000
v 0.1230000 -0.4188038 0.4250000
v 0.1260000 -0.4180000 0.4250000
v 0.1290000 -0.4188038 0.4250000
v 0.1311962 -0.4210000 0.4250000
v 0.1317174 -0.4240000 0.4336332
v 0.1309153 -0.4270000 0.4335807
v 0.1287238 -0.4291961 0.4334370
v 0.1257302 -0.4300000 0.4332408
v 0.1227367 -0.4291961 0.4330446
v 0.1205452 -0.4270000 0.4329010
v 0.1197431 -0.4240000 0.4328484
v 0.1205452 -0.4210000 0.4329010
v 0.1227367 -0.4188038 0.4330446
v 0.1257302 -0.4180000 0.4332408
v 0.1287238 -0.4188038 0.4334370
v 0.1309153 -0.4210000 0.4335807
v 0.1308707 -0.4240000 0.4422295
v 0.1300738 -0.4270000 0.4421245
v 0.1278964 -0.4291961 0.4418379
v 0.1249221 -0.4300000 0.4414463
v 0.1219477 -0.4291961 0.4410547
v 0.1197704 -0.4270000 0.4407681
v 0.1189734 -0.4240000 0.4406632
v 0.1197704 -0.4210000 0.4407681
v 0.1219477 -0.4188038 0.4410547
v 0.1249221 -0.4180000 0.4414463
v 0.1278964 -0.4188038 0.4418379
v 0.1300738 -0.4210000 0.4421245
v 0.1294637 -0.4240000 0.4507519
v 0.1286753 -0.4270000 0.4505951
v 0.1265213 -0.4291961 0.4501667
v 0.1235789 -0.4300000 0.4495814
v 0.1206366 -0.4291961 0.4489961
v 0.1184826 -0.4270000 0.4485677
v 0.1176942 -0.4240000 0.4484109
v 0.1184826 -0.4210000 0.4485677
v 0.1206366 -0.4188038 0.4489961
v 0.1235789 -0.4180000 0.4495814
v 0.1265213 -0.4188038 0.4501667
v 0.1286753 -0.4210000 0.4505951
v 0.1275022 -0.4240000 0.4591641
v 0.1267257 -0.4270000 0.4589561
v 0.1246044 -0.4291961 0.4583877
v 0.1217067 -0.4300000 0.4576112
v 0.1188089 -0.4291961 0.4568348
v 0.1166876 -0.4270000 0.4562663
v 0.1159111 -0.4240000 0.4560583
v 0.1166876 -0.4210000 0.4562663
v 0.1188089 -0.4188038 0.4568347
v 0.1217067 -0.4180000 0.4576112
v 0.1246044 -0.4188038 0.4583877
v 0.1267257 -0.4210000 0.4589561
v 0.1249948 -0.4240000 0.4674300
v 0.1242336 -0.4270000 0.4671716
v 0.1221540 -0.4291961 0.4664657
v 0.1193132 -0.4300000 0.4655014
v 0.1164724 -0.4291961 0.4645371
v 0.1143928 -0.4270000 0.4638312
v 0.1136316 -0.4240000 0.4635727
v 0.1143928 -0.4210000 0.4638311
v 0.1164724 -0.4188038 0.4645371
v 0.1193132 -0.4180000 0.4655014
v 0.1221540 -0.4188038 0.4664657
v 0.1242336 -0.4210000 0.4671716
v 0.1219521 -0.4240000 0.4755142
v 0.1212095 -0.4270000 0.4752066
v 0.1191805 -0.4291961 0.4743662
v 0.1164088 -0.4300000 0.4732181
v 0.1136372 -0.4291961 0.4720701
v 0.1116082 -0.4270000 0.4712296
v 0.1108656 -0.4240000 0.4709220
v 0.1116082 -0.4210000 0.4712296
v 0.1136372 -0.4188038 0.4720701
v 0.1164088 -0.4180000 0.4732181
v 0.1191805 -0.4188038 0.4743662
v 0.1212095 -0.4210000 0.4752066
v 0.1183872 -0.4240000 0.4833821
v 0.1176663 -0.4270000 0.4830266
v 0.1156966 -0.4291961 0.4820553
v 0.1130060 -0.4300000 0.4807284
v 0.1103154 -0.4291961 0.4794015
v 0.1083457 -0.4270000 0.4784302
v 0.1076247 -0.4240000 0.4780747
v 0.1083457 -0.4210000 0.4784302
v 0.1103154 -0.4188038 0.4794015
v 0.1130060 -0.4180000 0.4807284
v 0.1156966 -0.4188038 0.4820552
v 0.1176663 -0.4210000 0.4830266
v 0.1143153 -0.4240000 0.4910000
v 0.1136192 -0.4270000 0.4905981
v 0.1117173 -0.4291961 0.4895000
v 0.1091192 -0.4300000 0.4880000
v 0.1065211 -0.4291961 0.4865000
v 0.1046192 -0.4270000 0.4854020
v 0.1039230 -0.4240000 0.4850000
v 0.1046192 -0.4210000 0.4854020
v 0.1065211 -0.4188038 0.4865000
v 0.1091192 -0.4180000 0.4880000
v 0.1117173 -0.4188038 0.4895000
v 0.1136192 -0.4210000 0.4905981
v 0.1097540 -0.4240000 0.4983353
v 0.1090856 -0.4270000 0.4978887
v 0.1072596 -0.4291961 0.4966686
v 0.1047652 -0.4300000 0.4950019
v 0.1022708 -0.4291961 0.4933352
v 0.1004447 -0.4270000 0.4921151
v 0.0997764 -0.4240000 0.4916684
v 0.1004447 -0.4210000 0.4921150
v 0.1022708 -0.4188038 0.4933352
v 0.1047652 -0.4180000 0.4950019
v 0.1072596 -0.4188038 0.4966686
v 0.1090856 -0.4210000 0.4978887
v 0.1047227 -0.4240000 0.5053565
v 0.1040849 -0.4270000 0.5048671
v 0.1023426 -0.4291961 0.5035302
v 0.0999625 -0.4300000 0.5017039
v 0.0975825 -0.4291961 0.4998777
v 0.0958401 -0.4270000 0.4985407
v 0.0952024 -0.4240000 0.4980514
v 0.0958401 -0.4210000 0.4985407
v 0.0975825 -0.4188038 0.4998777
v 0.0999625 -0.4180000 0.5017039
v 0.1023426 -0.4188038 0.5035302
v 0.1040849 -0.4210000 0.5048671
v 0.0992429 -0.4240000 0.5120336
v 0.0986385 -0.4270000 0.5115036
v 0.0969873 -0.4291961 0.5100556
v 0.0947318 -0.4300000 0.5080776
v 0.0924763 -0.4291961 0.5060996
v 0.0908251 -0.4270000 0.5046515
v 0.0902208 -0.4240000 0.5041215
v 0.0908251 -0.4210000 0.5046515
v 0.0924763 -0.4188038 0.5060995
v 0.0947318 -0.4180000 0.5080776
v 0.0969873 -0.4188038 0.5100556
v 0.0986385 -0.4210000 0.5115036
v 0.0933381 -0.4240000 0.5183381
v 0.0927697 -0.4270000 0.5177697
v 0.0912168 -0.4291961 0.5162168
v 0.0890954 -0.4300000 0.5140955
v 0.0869741 -0.4291961 0.5119742
v 0.0854212 -0.4270000 0.5104212
v 0.0848528 -0.4240000 0.5098528
v 0.0854212 -0.4210000 0.5104212
v 0.0869741 -0.4188038 0.5119742
v 0.0890954 -0.4180000 0.5140955
v 0.0912168 -0.4188038 0.5162168
v 0.0927697 -0.4210000 0.5177697
v 0.0870337 -0.4240000 0.5242429
v 0.0865036 -0.4270000 0.5236385
v 0.0850556 -0.4291961 0.5219874
v 0.0830776 -0.4300000 0.5197318
v 0.0810995 -0.4291961 0.5174763
v 0.0796515 -0.4270000 0.5158252
v 0.0791215 -0.4240000 0.5152208
v 0.0796515 -0.4210000 0.5158252
v 0.0810995 -0.4188038 0.5174763
v 0.0830776 -0.4180000 0.5197318
v 0.0850556 -0.4188038 0.5219873
v 0.0865036 -0.4210000 0.5236385
v 0.0803565 -0.4240000 0.5297226
v 0.0798672 -0.4270000 0.5290849
v 0.0785302 -0.4291961 0.5273426
v 0.0767040 -0.4300000 0.5249625
v 0.0748777 -0.4291961 0.5225825
v 0.0735407 -0.4270000 0.5208401
v 0.0730514 -0.4240000 0.5202024
v 0.0735407 -0.4210000 0.5208401
v 0.0748777 -0.4188038 0.5225825
v 0.0767040 -0.4180000 0.5249625
v 0.0785302 -0.4188038 0.5273426
v 0.0798672 -0.4210000 0.5290849
v 0.0733353 -0.4240000 0.5347540
v 0.0728887 -0.4270000 0.5340856
v 0.0716686 -0.4291961 0.5322596
v 0.0700018 -0.4300000 0.5297652
v 0.0683351 -0.4291961 0.5272708
v 0.0671150 -0.4270000 0.5254447
v 0.0666684 -0.4240000 0.5247764
v 0.0671150 -0.4210000 0.5254447
v 0.0683351 -0.4188038 0.5272708
v 0.0700018 -0.4180000 0.5297652
v 0.0716686 -0.4188038 0.5322596
v 0.0728887 -0.4210000 0.5340856
v 0.0660000 -0.4240000 0.5393153
v 0.0655981 -0.4270000 0.5386192
v 0.0645000 -0.4291961 0.5367173
v 0.0630000 -0.4300000 0.5341192
v 0.0615000 -0.4291961 0.5315211
v 0.0604019 -0.4270000 0.5296192
v 0.0600000 -0.4240000 0.5289231
v 0.0604019 -0.4210000 0.5296192
v 0.0615000 -0.4188038 0.5315211
v 0.0630000 -0.4180000 0.5341192
v 0.0645000 -0.4188038 0.5367173
v 0.0655981 -0.4210000 0.5386192
v 0.0583821 -0.4240000 0.5433872
v 0.0580266 -0.4270000 0.5426663
v 0.0570553 -0.4291961 0.5406966
v 0.0557284 -0.4300000 0.5380059
v 0.0544015 -0.4291961 0.5353153
v 0.0534302 -0.4270000 0.5333457
v 0.0530747 -0.4240000 0.5326247
v 0.0534302 -0.4210000 0.5333457
v 0.0544015 -0.4188038 0.5353153
v 0.0557284 -0.4180000 0.5380059
v 0.0570553 -0.4188038 0.5406966
v 0.0580266 -0.4210000 0.5426663
v 0.0505142 -0.4240000 0.5469521
v 0.0502066 -0.4270000 0.5462095
v 0.0493662 -0.4291961 0.5441805
v 0.0482181 -0.4300000 0.5414088
v 0.0470701 -0.4291961 0.5386372
v 0.0462297 -0.4270000 0.5366082
v 0.0459220 -0.4240000 0.5358655
v 0.0462297 -0.4210000 0.5366082
v 0.0470701 -0.4188038 0.5386372
v 0.0482181 -0.4180000 0.5414088
v 0.0493662 -0.4188038 0.5441805
v 0.0502066 -0.4210000 0.5462095
v 0.0424300 -0.4240000 0.5499948
v 0.0421716 -0.4270000 0.5492336
v 0.0414657 -0.4291961 0.5471540
v 0.0405014 -0.4300000 0.5443132
v 0.0395370 -0.4291961 0.5414724
v 0.0388311 -0.4270000 0.5393928
v 0.0385727 -0.4240000 0.5386316
v 0.0388311 -0.4210000 0.5393928
v 0.0395370 -0.4188038 0.5414724
v 0.0405014 -0.4180000 0.5443132
v 0.0414657 -0.4188038 0.5471540
v 0.0421716 -0.4210000 0.5492336
v 0.0341641 -0.4240000 0.5525022
v 0.0339561 -0.4270000 0.5517257
v 0.0333877 -0.4291961 0.5496045
v 0.0326112 -0.4300000 0.5467067
v 0.0318347 -0.4291961 0.5438089
v 0.0312663 -0.4270000 0.5416875
v 0.0310583 -0.4240000 0.5409111
v 0.0312663 -0.4210000 0.5416875
v 0.0318347 -0.4188038 0.5438089
v 0.0326112 -0.4180000 0.5467067
v 0.0333877 -0.4188038 0.5496045
v 0.0339561 -0.4210000 0.5517257
v 0.0257519 -0.4240000 0.5544637
v 0.0255951 -0.4270000 0.5536753
v 0.0251667 -0.4291961 0.5515213
v 0.0245814 -0.4300000 0.5485790
v 0.0239961 -0.4291961 0.5456366
v 0.0235677 -0.4270000 0.5434827
v 0.0234109 -0.4240000 0.5426943
v 0.0235677 -0.4210000 0.5434827
v 0.0239961 -0.4188038 0.5456366
v 0.0245814 -0.4180000 0.5485790
v 0.0251667 -0.4188038 0.5515213
v 0.0255951 -0.4210000 0.5536752
v 0.0172294 -0.4240000 0.5558708
v 0.0171245 -0.4270000 0.5550738
v 0.0168379 -0.4291961 0.5528964
v 0.0164463 -0.4300000 0.5499220
v 0.0160547 -0.4291961 0.5469477
v 0.0157680 -0.4270000 0.5447704
v 0.0156631 -0.4240000 0.5439734
v 0.0157680 -0.4210000 0.5447704
v 0.0160547 -0.4188038 0.5469477
v 0.0164463 -0.4180000 0.5499220
v 0.0168379 -0.4188038 0.5528964
v 0.0171245 -0.4210000 0.5550737
v 0.0086332 -0.4240000 0.5567174
v 0.0085806 -0.4270000 0.5559153
v 0.0084370 -0.4291961 0.5537238
v 0.0082408 -0.4300000 0.5507302
v 0.0080446 -0.4291961 0.5477366
v 0.0079009 -0.4270000 0.5455452
v 0.0078484 -0.4240000 0.5447431
v 0.0079009 -0.4210000 0.5455452
v 0.0080446 -0.4188038 0.5477366
v 0.0082408 -0.4180000 0.5507302
v 0.0084370 -0.4188038 0.5537238
v 0.0085806 -0.4210000 0.5559152
v 0.0000000 -0.4240000 0.5570000
v 0.0000000 -0.4270000 0.5561962
v 0.0000000 -0.4291961 0.5540000
v 0.0000000 -0.4300000 0.5510000
v 0.0000000 -0.4291961 0.5480000
v 0.0000000 -0.4270000 0.5458038
v 0.0000000 -0.4240000 0.5450000
v 0.0000000 -0.4210000 0.5458038
v 0.0000000 -0.4188038 0.5480000
v 0.0000000 -0.4180000 0.5510000
v 0.0000000 -0.4188038 0.5540000
v 0.0000000 -0.4210000 0.5561962
v -0.0086332 -0.4240000 0.5567174
v -0.0085806 -0.4270000 0.5559153
v -0.0084370 -0.4291961 0.5537238
v -0.0082408 -0.4300000 0.5507302
v -0.0080446 -0.4291961 0.5477366
v -0.0079009 -0.4270000 0.5455452
v -0.0078484 -0.4240000 0.5447431
v -0.0079009 -0.4210000 0.5455452
v -0.0080446 -0.4188038 0.5477366
v -0.0082408 -0.4180000 0.5507302
v -0.0084370 -0.4188038 0.5537238
v -0.0085806 -0.4210000 0.5559152
v -0.0172295 -0.4240000 0.5558707
v -0.0171246 -0.4270000 0.5550738
v -0.0168379 -0.4291961 0.5528964
v -0.0164463 -0.4300000 0.5499220
v -0.0160547 -0.4291961 0.5469477
v -0.0157681 -0.4270000 0.5447704
v -0.0156632 -0.4240000 0.5439734
v -0.0157681 -0.4210000 0.5447704
v -0.0160547 -0.4188038 0.5469477
v -0.0164463 -0.4180000 0.5499220
v -0.0168379 -0.4188038 0.5528964
v -0.0171246 -0.4210000 0.5550737
v -0.0257519 -0.4240000 0.5544637
v -0.0255951 -0.4270000 0.5536753
v -0.0251667 -0.4291961 0.5515213
v -0.0245814 -0.4300000 0.5485790
v -0.0239961 -0.4291961 0.5456366
v -0.0235677 -0.4270000 0.5434827
v -0.0234108 -0.4240000 0.5426943
v -0.0235677 -0.4210000 0.5434827
v -0.0239961 -0.4188038 0.5456366
v -0.0245814 -0.4180000 0.5485790
v -0.0251667 -0.4188038 0.5515213
v -0.0255951 -0.4210000 0.5536752
v -0.0341641 -0.4240000 0.5525022
v -0.0339560 -0.4270000 0.5517258
v -0.0333876 -0.4291961 0.5496045
v -0.0326112 -0.4300000 0.5467067
v -0.0318347 -0.4291961 0.5438089
v -0.0312663 -0.4270000 0.5416875
v -0.0310583 -0.4240000 0.5409111
v -0.0312663 -0.4210000 0.5416875
v -0.0318347 -0.4188038 0.5438089
v -0.0326112 -0.4180000 0.5467067
v -0.0333876 -0.4188038 0.5496045
v -0.0339560 -0.4210000 0.5517257
v -0.0424300 -0.4240000 0.5499948
v -0.0421716 -0.4270000 0.5492336
v -0.0414657 -0.4291961 0.5471540
v -0.0405014 -0.4300000 0.5443132
v -0.0395371 -0.4291961 0.5414724
v -0.0388312 -0.4270000 0.5393928
v -0.0385728 -0.4240000 0.5386316
v -0.0388312 -0.4210000 0.5393928
v -0.0395371 -0.4188038 0.5414724
v -0.0405014 -0.4180000 0.5443132
v -0.0414657 -0.4188038 0.5471540
v -0.0421716 -0.4210000 0.5492336
v -0.0505142 -0.4240000 0.5469521
v -0.0502066 -0.4270000 0.5462095
v -0.0493662 -0.4291961 0.5441805
v -0.0482181 -0.4300000 0.5414088
v -0.0470701 -0.4291961 0.5386372
v -0.0462296 -0.4270000 0.5366082
v -0.0459220 -0.4240000 0.5358655
v -0.0462296 -0.4210000 0.5366082
v -0.0470701 -0.4188038 0.5386372
v -0.0482181 -0.4180000 0.5414088
v -0.0493662 -0.4188038 0.5441805
v -0.0502066 -0.4210000 0.5462095
v -0.0583821 -0.4240000 0.5433872
v -0.0580266 -0.4270000 0.5426663
v -0.0570552 -0.4291961 0.5406966
v -0.0557284 -0.4300000 0.5380060
v -0.0544015 -0.4291961 0.5353154
v -0.0534302 -0.4270000 0.5333457
v -0.0530746 -0.4240000 0.5326247
v -0.0534302 -0.4210000 0.5333457
v -0.0544015 -0.4188038 0.5353153
v -0.0557284 -0.4180000 0.5380059
v -0.0570552 -0.4188038 0.5406966
v -0.0580266 -0.4210000 0.5426663
v -0.0660000 -0.4240000 0.5393154
v -0.0655981 -0.4270000 0.5386192
v -0.0645000 -0.4291961 0.5367173
v -0.0630000 -0.4300000 0.5341192
v -0.0615000 -0.4291961 0.5315211
v -0.0604019 -0.4270000 0.5296192
v -0.0600000 -0.4240000 0.5289231
v -0.0604019 -0.4210000 0.5296192
v -0.0615000 -0.4188038 0.5315211
v -0.0630000 -0.4180000 0.5341192
v -0.0645000 -0.4188038 0.5367173
v -0.0655981 -0.4210000 0.5386192
v -0.0733352 -0.4240000 0.5347540
v -0.0728886 -0.4270000 0.5340856
v -0.0716685 -0.4291961 0.5322596
v -0.0700018 -0.4300000 0.5297652
v -0.0683351 -0.4291961 0.5272708
v -0.0671150 -0.4270000 0.5254447
v -0.0666684 -0.4240000 0.5247764
v -0.0671150 -0.4210000 0.5254447
v -0.0683351 -0.4188038 0.5272708
v -0.0700018 -0.4180000 0.5297652
v -0.0716685 -0.4188038 0.5322596
v -0.0728886 -0.4210000 0.5340856
v -0.0803565 -0.4240000 0.5297226
v -0.0798672 -0.4270000 0.5290849
v -0.0785302 -0.4291961 0.5273426
v -0.0767039 -0.4300000 0.5249625
v -0.0748777 -0.4291961 0.5225825
v -0.0735407 -0.4270000 0.5208402
v -0.0730514 -0.4240000 0.5202024
v -0.0735407 -0.4210000 0.5208402
v -0.0748777 -0.4188038 0.5225825
v -0.0767039 -0.4180000 0.5249625
v -0.0785302 -0.4188038 0.5273426
v -0.0798672 -0.4210000 0.5290849
v -0.0870336 -0.4240000 0.5242429
v -0.0865036 -0.4270000 0.5236385
v -0.0850556 -0.4291961 0.5219874
v -0.0830776 -0.4300000 0.5197318
v -0.0810995 -0.4291961 0.5174763
v -0.0796515 -0.4270000 0.5158252
v -0.0791215 -0.4240000 0.5152208
v -0.0796515 -0.4210000 0.5158252
v -0.0810995 -0.4188038 0.5174763
v -0.0830776 -0.4180000 0.5197318
v -0.0850556 -0.4188038 0.5219874
v -0.0865036 -0.4210000 0.5236385
v -0.0933381 -0.4240000 0.5183381
v -0.0927697 -0.4270000 0.5177697
v -0.0912168 -0.4291961 0.5162168
v -0.0890955 -0.4300000 0.5140954
v -0.0869742 -0.4291961 0.5119742
v -0.0854212 -0.4270000 0.5104212
v -0.0848528 -0.4240000 0.5098528
v -0.0854212 -0.4210000 0.5104212
v -0.0869742 -0.4188038 0.5119741
v -0.0890955 -0.4180000 0.5140954
v -0.0912168 -0.4188038 0.5162168
v -0.0927697 -0.4210000 0.5177697
v -0.0992429 -0.4240000 0.5120336
v -0.0986385 -0.4270000 0.5115036
v -0.0969874 -0.4291961 0.5100556
v -0.0947318 -0.4300000 0.5080776
v -0.0924763 -0.4291961 0.5060995
v -0.0908251 -0.4270000 0.5046515
v -0.0902208 -0.4240000 0.5041215
v -0.0908251 -0.4210000 0.5046515
v -0.0924763 -0.4188038 0.5060995
v -0.0947318 -0.4180000 0.5080776
v -0.0969874 -0.4188038 0.5100556
v -0.0986385 -0.4210000 0.5115036
v -0.1047226 -0.4240000 0.5053566
v -0.1040849 -0.4270000 0.5048672
v -0.1023426 -0.4291961 0.5035303
v -0.0999625 -0.4300000 0.5017040
v -0.0975825 -0.4291961 0.4998777
v -0.0958401 -0.4270000 0.4985407
v -0.0952024 -0.4240000 0.4980514
v -0.0958401 -0.4210000 0.4985407
v -0.0975825 -0.4188038 0.4998777
v -0.0999625 -0.4180000 0.5017040
v -0.1023426 -0.4188038 0.5035303
v -0.1040849 -0.4210000 0.5048672
v -0.1097540 -0.4240000 0.4983353
v -0.1090856 -0.4270000 0.4978887
v -0.1072596 -0.4291961 0.4966686
v -0.1047652 -0.4300000 0.4950019
v -0.1022708 -0.4291961 0.4933352
v -0.1004447 -0.4270000 0.4921151
v -0.0997763 -0.4240000 0.4916685
v -0.1004447 -0.4210000 0.4921151
v -0.1022708 -0.4188038 0.4933352
v -0.1047652 -0.4180000 0.4950019
v -0.1072596 -0.4188038 0.4966686
v -0.1090856 -0.4210000 0.4978887
v -0.1143153 -0.4240000 0.4910001
v -0.1136192 -0.4270000 0.4905981
v -0.1117173 -0.4291961 0.4895000
v -0.1091192 -0.4300000 0.4880000
v -0.1065211 -0.4291961 0.4865001
v -0.1046192 -0.4270000 0.4854020
v -0.1039230 -0.4240000 0.4850000
v -0.1046192 -0.4210000 0.4854020
v -0.1065211 -0.4188038 0.4865001
v -0.1091192 -0.4180000 0.4880000
v -0.1117173 -0.4188038 0.4895000
v -0.1136192 -0.4210000 0.4905981
v -0.1183872 -0.4240000 0.4833821
v -0.1176663 -0.4270000 0.4830266
v -0.1156966 -0.4291961 0.4820552
v -0.1130060 -0.4300000 0.4807284
v -0.1103154 -0.4291961 0.4794015
v -0.1083457 -0.4270000 0.4784302
v -0.1076247 -0.4240000 0.4780746
v -0.1083457 -0.4210000 0.4784302
v -0.1103154 -0.4188038 0.4794015
v -0.1130060 -0.4180000 0.4807284
v -0.1156966 -0.4188038 0.4820552
v -0.1176663 -0.4210000 0.4830266
v -0.1219521 -0.4240000 0.4755142
v -0.1212094 -0.4270000 0.4752066
v -0.1191805 -0.4291961 0.4743662
v -0.1164088 -0.4300000 0.4732181
v -0.1136372 -0.4291961 0.4720701
v -0.1116082 -0.4270000 0.4712296
v -0.1108655 -0.4240000 0.4709220
v -0.1116082 -0.4210000 0.4712296
v -0.1136372 -0.4188038 0.4720701
v -0.1164088 -0.4180000 0.4732181
v -0.1191805 -0.4188038 0.4743662
v -0.1212094 -0.4210000 0.4752066
v -0.1249948 -0.4240000 0.4674300
v -0.1242336 -0.4270000 0.4671716
v -0.1221540 -0.4291961 0.4664657
v -0.1193132 -0.4300000 0.4655014
v -0.1164724 -0.4291961 0.4645370
v -0.1143928 -0.4270000 0.4638311
v -0.1136316 -0.4240000 0.4635727
v -0.1143928 -0.4210000 0.4638311
v -0.1164724 -0.4188038 0.4645370
v -0.1193132 -0.4180000 0.4655013
v -0.1221540 -0.4188038 0.4664657
v -0.1242336 -0.4210000 0.4671716
v -0.1275022 -0.4240000 0.4591641
v -0.1267258 -0.4270000 0.4589561
v -0.1246044 -0.4291961 0.4583876
v -0.1217067 -0.4300000 0.4576112
v -0.1188089 -0.4291961 0.4568347
v -0.1166876 -0.4270000 0.4562663
v -0.1159111 -0.4240000 0.4560583
v -0.1166876 -0.4210000 0.4562663
v -0.1188089 -0.4188038 0.4568347
v -0.1217067 -0.4180000 0.4576112
v -0.1246044 -0.4188038 0.4583876
v -0.1267258 -0.4210000 0.4589561
v -0.1294637 -0.4240000 0.4507519
v -0.1286753 -0.4270000 0.4505951
v -0.1265213 -0.4291961 0.4501667
v -0.1235790 -0.4300000 0.4495814
v -0.1206366 -0.4291961 0.4489961
v -0.1184826 -0.4270000 0.4485677
v -0.1176942 -0.4240000 0.4484108
v -0.1184826 -0.4210000 0.4485677
v -0.1206366 -0.4188038 0.4489961
v -0.1235790 -0.4180000 0.4495814
v -0.1265213 -0.4188038 0.4501667
v -0.1286753 -0.4210000 0.4505951
v -0.1308707 -0.4240000 0.4422295
v -0.1300738 -0.4270000 0.4421246
v -0.1278964 -0.4291961 0.4418379
v -0.1249221 -0.4300000 0.4414463
v -0.1219477 -0.4291961 0.4410548
v -0.1197703 -0.4270000 0.4407681
v -0.1189734 -0.4240000 0.4406632
v -0.1197703 -0.4210000 0.4407681
v -0.1219477 -0.4188038 0.4410548
v -0.1249221 -0.4180000 0.4414463
v -0.1278964 -0.4188038 0.4418379
v -0.1300738 -0.4210000 0.4421246
v -0.1317174 -0.4240000 0.4336333
v -0.1309153 -0.4270000 0.4335807
v -0.1287238 -0.4291961 0.4334370
v -0.1257302 -0.4300000 0.4332408
v -0.1227366 -0.4291961 0.4330446
v -0.1205452 -0.4270000 0.4329010
v -0.1197431 -0.4240000 0.4328484
v -0.1205452 -0.4210000 0.4329010
v -0.1227366 -0.4188038 0.4330446
v -0.1257302 -0.4180000 0.4332408
v -0.1287238 -0.4188038 0.4334370
v -0.1309153 -0.4210000 0.4335807
v -0.1320000 -0.4240000 0.4250000
v -0.1311962 -0.4270000 0.4250000
v -0.1290000 -0.4291961 0.4250000
v -0.1260000 -0.4300000 0.4250000
v -0.1230000 -0.4291961 0.4250000
v -0.1208038 -0.4270000 0.4250000
v -0.1200000 -0.4240000 0.4250000
v -0.1208038 -0.4210000 0.4250000
v -0.1230000 -0.4188038 0.4250000
v -0.1260000 -0.4180000 0.4250000
v -0.1290000 -0.4188038 0.4250000
v -0.1311962 -0.4210000 0.4250000
v -0.1317174 -0.4240000 0.4163668
v -0.1309153 -0.4270000 0.4164194
v -0.1287238 -0.4291961 0.4165630
v -0.1257302 -0.4300000 0.4167593
v -0.1227367 -0.4291961 0.4169554
v -0.1205452 -0.4270000 0.4170991
v -0.1197431 -0.4240000 0.4171517
v -0.1205452 -0.4210000 0.4170991
v -0.1227367 -0.4188038 0.4169554
v -0.1257302 -0.4180000 0.4167593
v -0.1287238 -0.4188038 0.4165630
v -0.1309153 -0.4210000 0.4164194
v -0.1308707 -0.4240000 0.4077705
v -0.1300738 -0.4270000 0.4078754
v -0.1278964 -0.4291961 0.4081621
v -0.1249221 -0.4300000 0.4085537
v -0.1219477 -0.4291961 0.4089453
v -0.1197703 -0.4270000 0.4092319
v -0.1189734 -0.4240000 0.4093369
v -0.1197703 -0.4210000 0.4092319
v -0.1219477 -0.4188038 0.4089453
v -0.1249221 -0.4180000 0.4085537
v -0.1278964 -0.4188038 0.4081621
v -0.1300738 -0.4210000 0.4078754
v -0.1294637 -0.4240000 0.3992481
v -0.1286753 -0.4270000 0.3994049
v -0.1265213 -0.4291961 0.3998334
v -0.1235790 -0.4300000 0.4004186
v -0.1206366 -0.4291961 0.4010039
v -0.1184826 -0.4270000 0.4014324
v -0.1176942 -0.4240000 0.4015892
v -0.1184826 -0.4210000 0.4014324
v -0.1206366 -0.4188038 0.4010039
v -0.1235790 -0.4180000 0.4004186
v -0.1265213 -0.4188038 0.3998334
v -0.1286753 -0.4210000 0.3994049
v -0.1275022 -0.4240000 0.3908359
v -0.1267258 -0.4270000 0.3910440
v -0.1246044 -0.4291961 0.3916124
v -0.1217067 -0.4300000 0.3923888
v -0.1188089 -0.4291961 0.3931653
v -0.1166876 -0.4270000 0.3937337
v -0.1159111 -0.4240000 0.3939417
v -0.1166876 -0.4210000 0.3937337
v -0.1188089 -0.4188038 0.3931653
v -0.1217067 -0.4180000 0.3923888
v -0.1246044 -0.4188038 0.3916124
v -0.1267258 -0.4210000 0.3910440
v -0.1249948 -0.4240000 0.3825700
v -0.1242336 -0.4270000 0.3828284
v -0.1221540 -0.4291961 0.3835343
v -0.1193132 -0.4300000 0.3844987
v -0.1164724 -0.4291961 0.3854630
v -0.1143928 -0.4270000 0.3861689
v -0.1136316 -0.4240000 0.3864273
v -0.1143928 -0.4210000 0.3861689
v -0.1164724 -0.4188038 0.3854630
v -0.1193132 -0.4180000 0.3844987
v -0.1221540 -0.4188038 0.3835343
v -0.1242336 -0.4210000 0.3828284
v -0.1219521 -0.4240000 0.3744859
v -0.1212095 -0.4270000 0.3747935
v -0.1191805 -0.4291961 0.3756339
v -0.1164088 -0.4300000 0.3767819
v -0.1136372 -0.4291961 0.3779300
v -0.1116082 -0.4270000 0.3787704
v -0.1108656 -0.4240000 0.3790780
v -0.1116082 -0.4210000 0.3787704
v -0.1136372 -0.4188038 0.3779300
v -0.1164088 -0.4180000 0.3767819
v -0.1191805 -0.4188038 0.3756339
v -0.1212095 -0.4210000 0.3747935
v -0.1183872 -0.4240000 0.3666179
v -0.1176663 -0.4270000 0.3669734
v -0.1156966 -0.4291961 0.3679448
v -0.1130060 -0.4300000 0.3692716
v -0.1103154 -0.4291961 0.3705985
v -0.1083457 -0.4270000 0.3715698
v -0.1076247 -0.4240000 0.3719254
v -0.1083457 -0.4210000 0.3715698
v -0.1103154 -0.4188038 0.3705985
v -0.1130060 -0.4180000 0.3692716
v -0.1156966 -0.4188038 0.3679448
v -0.1176663 -0.4210000 0.3669734
v -0.1143154 -0.4240000 0.3590000
v -0.1136192 -0.4270000 0.3594020
v -0.1117173 -0.4291961 0.3605000
v -0.1091192 -0.4300000 0.3620000
v -0.1065211 -0.4291961 0.3635000
v -0.1046192 -0.4270000 0.3645981
v -0.1039231 -0.4240000 0.3650000
v -0.1046192 -0.4210000 0.3645981
v -0.1065211 -0.4188038 0.3635000
v -0.1091192 -0.4180000 0.3620000
v -0.1117173 -0.4188038 0.3605000
v -0.1136192 -0.4210000 0.3594019
v -0.1097540 -0.4240000 0.3516647
v -0.1090856 -0.4270000 0.3521113
v -0.1072596 -0.4291961 0.3533314
v -0.1047652 -0.4300000 0.3549981
v -0.1022708 -0.4291961 0.3566649
v -0.1004447 -0.4270000 0.3578850
v -0.0997763 -0.4240000 0.3583316
v -0.1004447 -0.4210000 0.3578850
v -0.1022708 -0.4188038 0.3566649
v -0.1047652 -0.4180000 0.3549981
v -0.1072596 -0.4188038 0.3533314
v -0.1090856 -0.4210000 0.3521113
v -0.1047226 -0.4240000 0.3446435
v -0.1040849 -0.4270000 0.3451329
v -0.1023426 -0.4291961 0.3464698
v -0.0999625 -0.4300000 0.3482961
v -0.0975825 -0.4291961 0.3501224
v -0.0958401 -0.4270000 0.3514593
v -0.0952024 -0.4240000 0.3519486
v -0.0958401 -0.4210000 0.3514593
v -0.0975825 -0.4188038 0.3501224
v -0.0999625 -0.4180000 0.3482961
v -0.1023426 -0.4188038 0.3464698
v -0.1040849 -0.4210000 0.3451329
v -0.0992429 -0.4240000 0.3379664
v -0.0986385 -0.4270000 0.3384964
v -0.0969874 -0.4291961 0.3399444
v -0.0947318 -0.4300000 0.3419225
v -0.0924763 -0.4291961 0.3439005
v -0.0908251 -0.4270000 0.3453485
v -0.0902208 -0.4240000 0.3458785
v -0.0908251 -0.4210000 0.3453485
v -0.0924763 -0.4188038 0.3439005
v -0.0947318 -0.4180000 0.3419224
v -0.0969874 -0.4188038 0.3399444
v -0.0986385 -0.4210000 0.3384964
v -0.0933381 -0.4240000 0.3316619
v -0.0927697 -0.4270000 0.3322304
v -0.0912168 -0.4291961 0.3337833
v -0.0890955 -0.4300000 0.3359046
v -0.0869742 -0.4291961 0.3380259
v -0.0854212 -0.4270000 0.3395788
v -0.0848528 -0.4240000 0.3401472
v -0.0854212 -0.4210000 0.3395788
v -0.0869742 -0.4188038 0.3380259
v -0.0890955 -0.4180000 0.3359046
v -0.0912168 -0.4188038 0.3337832
v -0.0927697 -0.4210000 0.3322303
v -0.0870337 -0.4240000 0.3257572
v -0.0865037 -0.4270000 0.3263616
v -0.0850556 -0.4291961 0.3280127
v -0.0830776 -0.4300000 0.3302682
v -0.0810996 -0.4291961 0.3325237
v -0.0796515 -0.4270000 0.3341749
v -0.0791215 -0.4240000 0.3347793
v -0.0796515 -0.4210000 0.3341749
v -0.0810996 -0.4188038 0.3325237
v -0.0830776 -0.4180000 0.3302682
v -0.0850556 -0.4188038 0.3280127
v -0.0865037 -0.4210000 0.3263615
v -0.0803566 -0.4240000 0.3202774
v -0.0798672 -0.4270000 0.3209152
v -0.0785303 -0.4291961 0.3226575
v -0.0767040 -0.4300000 0.3250375
v -0.0748777 -0.4291961 0.3274176
v -0.0735408 -0.4270000 0.3291599
v -0.0730514 -0.4240000 0.3297977
v -0.0735408 -0.4210000 0.3291599
v -0.0748777 -0.4188038 0.3274176
v -0.0767040 -0.4180000 0.3250375
v -0.0785303 -0.4188038 0.3226575
v -0.0798672 -0.4210000 0.3209151
v -0.0733353 -0.4240000 0.3152461
v -0.0728888 -0.4270000 0.3159145
v -0.0716686 -0.4291961 0.3177405
v -0.0700019 -0.4300000 0.3202349
v -0.0683352 -0.4291961 0.3227293
v -0.0671151 -0.4270000 0.3245553
v -0.0666685 -0.4240000 0.3252237
v -0.0671151 -0.4210000 0.3245553
v -0.0683352 -0.4188038 0.3227293
v -0.0700019 -0.4180000 0.3202349
v -0.0716686 -0.4188038 0.3177405
v -0.0728888 -0.4210000 0.3159145
v -0.0660000 -0.4240000 0.3106847
v -0.0655981 -0.4270000 0.3113808
v -0.0645000 -0.4291961 0.3132827
v -0.0630000 -0.4300000 0.3158808
v -0.0615000 -0.4291961 0.3184789
v -0.0604019 -0.4270000 0.3203808
v -0.0600000 -0.4240000 0.3210769
v -0.0604019 -0.4210000 0.3203808
v -0.0615000 -0.4188038 0.3184789
v -0.0630000 -0.4180000 0.3158808
v -0.0645000 -0.4188038 0.3132827
v -0.0655981 -0.4210000 0.3113808
v -0.0583821 -0.4240000 0.3066128
v -0.0580266 -0.4270000 0.3073338
v -0.0570552 -0.4291961 0.3093034
v -0.0557284 -0.4300000 0.3119940
v -0.0544015 -0.4291961 0.3146847
v -0.0534302 -0.4270000 0.3166543
v -0.0530746 -0.4240000 0.3173753
v -0.0534302 -0.4210000 0.3166543
v -0.0544015 -0.4188038 0.3146847
v -0.0557284 -0.4180000 0.3119940
v -0.0570552 -0.4188038 0.3093034
v -0.0580266 -0.4210000 0.3073337
v -0.0505142 -0.4240000 0.3030479
v -0.0502066 -0.4270000 0.3037906
v -0.0493662 -0.4291961 0.3058195
v -0.0482181 -0.4300000 0.3085912
v -0.0470701 -0.4291961 0.3113628
v -0.0462296 -0.4270000 0.3133918
v -0.0459220 -0.4240000 0.3141345
v -0.0462296 -0.4210000 0.3133918
v -0.0470701 -0.4188038 0.3113628
v -0.0482181 -0.4180000 0.3085912
v -0.0493662 -0.4188038 0.3058195
v -0.0502066 -0.4210000 0.3037906
v -0.0424300 -0.4240000 0.3000053
v -0.0421716 -0.4270000 0.3007664
v -0.0414657 -0.4291961 0.3028460
v -0.0405014 -0.4300000 0.3056868
v -0.0395371 -0.4291961 0.3085276
v -0.0388312 -0.4270000 0.3106072
v -0.0385728 -0.4240000 0.3113684
v -0.0388312 -0.4210000 0.3106072
v -0.0395371 -0.4188038 0.3085276
v -0.0405014 -0.4180000 0.3056868
v -0.0414657 -0.4188038 0.3028460
v -0.0421716 -0.4210000 0.3007664
v -0.0341642 -0.4240000 0.2974978
v -0.0339561 -0.4270000 0.2982743
v -0.0333877 -0.4291961 0.3003956
v -0.0326112 -0.4300000 0.3032934
v -0.0318348 -0.4291961 0.3061911
v -0.0312664 -0.4270000 0.3083125
v -0.0310583 -0.4240000 0.3090889
v -0.0312664 -0.4210000 0.3083124
v -0.0318348 -0.4188038 0.3061911
v -0.0326112 -0.4180000 0.3032933
v -0.0333877 -0.4188038 0.3003956
v -0.0339561 -0.4210000 0.2982742
v -0.0257520 -0.4240000 0.2955364
v -0.0255952 -0.4270000 0.2963248
v -0.0251667 -0.4291961 0.2984787
v -0.0245814 -0.4300000 0.3014211
v -0.0239962 -0.4291961 0.3043634
v -0.0235677 -0.4270000 0.3065174
v -0.0234109 -0.4240000 0.3073058
v -0.0235677 -0.4210000 0.3065174
v -0.0239962 -0.4188038 0.3043634
v -0.0245814 -0.4180000 0.3014211
v -0.0251667 -0.4188038 0.2984787
v -0.0255952 -0.4210000 0.2963248
v -0.0172295 -0.4240000 0.2941293
v -0.0171246 -0.4270000 0.2949263
v -0.0168380 -0.4291961 0.2971036
v -0.0164464 -0.4300000 0.3000780
v -0.0160548 -0.4291961 0.3030523
v -0.0157681 -0.4270000 0.3052297
v -0.0156632 -0.4240000 0.3060266
v -0.0157681 -0.4210000 0.3052297
v -0.0160548 -0.4188038 0.3030523
v -0.0164464 -0.4180000 0.3000780
v -0.0168380 -0.4188038 0.2971036
v -0.0171246 -0.4210000 0.2949263
v -0.0086332 -0.4240000 0.2932826
v -0.0085806 -0.4270000 0.2940848
v -0.0084370 -0.4291961 0.2962762
v -0.0082408 -0.4300000 0.2992698
v -0.0080446 -0.4291961 0.3022633
v -0.0079009 -0.4270000 0.3044548
v -0.0078484 -0.4240000 0.3052569
v -0.0079009 -0.4210000 0.3044548
v -0.0080446 -0.4188038 0.3022633
v -0.0082408 -0.4180000 0.2992698
v -0.0084370 -0.4188038 0.2962762
v -0.0085806 -0.4210000 0.2940848
v 0.0000000 -0.4240000 0.2930000
v 0.0000000 -0.4270000 0.2938039
v 0.0000000 -0.4291961 0.2960000
v 0.0000000 -0.4300000 0.2990000
v 0.0000000 -0.4291961 0.3020000
v 0.0000000 -0.4270000 0.3041962
v 0.0000000 -0.4240000 0.3050000
v 0.0000000 -0.4210000 0.3041961
v 0.0000000 -0.4188038 0.3020000
v 0.0000000 -0.4180000 0.2990000
v 0.0000000 -0.4188038 0.2960000
v 0.0000000 -0.4210000 0.2938038
v 0.0086332 -0.4240000 0.2932826
v 0.0085806 -0.4270000 0.2940848
v 0.0084370 -0.4291961 0.2962762
v 0.0082408 -0.4300000 0.2992698
v 0.0080446 -0.4291961 0.3022633
v 0.0079009 -0.4270000 0.3044548
v 0.0078484 -0.4240000 0.3052569
v 0.0079009 -0.4210000 0.3044548
v 0.0080446 -0.4188038 0.3022633
v 0.0082408 -0.4180000 0.2992698
v 0.0084370 -0.4188038 0.2962762
v 0.0085806 -0.4210000 0.2940848
v 0.0172294 -0.4240000 0.2941293
v 0.0171245 -0.4270000 0.2949263
v 0.0168379 -0.4291961 0.2971036
v 0.0164463 -0.4300000 0.3000779
v 0.0160547 -0.4291961 0.3030523
v 0.0157680 -0.4270000 0.3052297
v 0.0156631 -0.4240000 0.3060266
v 0.0157680 -0.4210000 0.3052297
v 0.0160547 -0.4188038 0.3030523
v 0.0164463 -0.4180000 0.3000779
v 0.0168379 -0.4188038 0.2971036
v 0.0171245 -0.4210000 0.2949263
v 0.0257519 -0.4240000 0.2955363
v 0.0255951 -0.4270000 0.2963248
v 0.0251666 -0.4291961 0.2984787
v 0.0245813 -0.4300000 0.3014210
v 0.0239961 -0.4291961 0.3043634
v 0.0235676 -0.4270000 0.3065174
v 0.0234108 -0.4240000 0.3073058
v 0.0235676 -0.4210000 0.3065174
v 0.0239961 -0.4188038 0.3043634
v 0.0245813 -0.4180000 0.3014210
v 0.0251666 -0.4188038 0.2984787
v 0.0255951 -0.4210000 0.2963247
v 0.0341641 -0.4240000 0.2974978
v 0.0339560 -0.4270000 0.2982742
v 0.0333876 -0.4291961 0.3003955
v 0.0326111 -0.4300000 0.3032933
v 0.0318347 -0.4291961 0.3061911
v 0.0312663 -0.4270000 0.3083124
v 0.0310582 -0.4240000 0.3090889
v 0.0312663 -0.4210000 0.3083124
v 0.0318347 -0.4188038 0.3061911
v 0.0326111 -0.4180000 0.3032933
v 0.0333876 -0.4188038 0.3003955
v 0.0339560 -0.4210000 0.2982742
v 0.0424299 -0.4240000 0.3000052
v 0.0421715 -0.4270000 0.3007664
v 0.0414656 -0.4291961 0.3028460
v 0.0405013 -0.4300000 0.3056868
v 0.0395370 -0.4291961 0.3085276
v 0.0388311 -0.4270000 0.3106072
v 0.0385727 -0.4240000 0.3113684
v 0.0388311 -0.4210000 0.3106072
v 0.0395370 -0.4188038 0.3085276
v 0.0405013 -0.4180000 0.3056868
v 0.0414656 -0.4188038 0.3028460
v 0.0421715 -0.4210000 0.3007664
v 0.0505142 -0.4240000 0.3030479
v 0.0502066 -0.4270000 0.3037906
v 0.0493662 -0.4291961 0.3058196
v 0.0482181 -0.4300000 0.3085912
v 0.0470701 -0.4291961 0.3113628
v 0.0462297 -0.4270000 0.3133918
v 0.0459220 -0.4240000 0.3141345
v 0.0462297 -0.4210000 0.3133918
v 0.0470701 -0.4188038 0.3113628
v 0.0482181 -0.4180000 0.3085912
v 0.0493662 -0.4188038 0.3058195
v 0.0502066 -0.4210000 0.3037906
v 0.0583821 -0.4240000 0.3066128
v 0.0580266 -0.4270000 0.3073338
v 0.0570553 -0.4291961 0.3093034
v 0.0557284 -0.4300000 0.3119940
v 0.0544015 -0.4291961 0.3146847
v 0.0534302 -0.4270000 0.3166544
v 0.0530747 -0.4240000 0.3173753
v 0.0534302 -0.4210000 0.3166543
v 0.0544015 -0.4188038 0.3146847
v 0.0557284 -0.4180000 0.3119940
v 0.0570553 -0.4188038 0.3093034
v 0.0580266 -0.4210000 0.3073338
v 0.0660000 -0.4240000 0.3106847
v 0.0655981 -0.4270000 0.3113808
v 0.0645000 -0.4291961 0.3132827
v 0.0630000 -0.4300000 0.3158808
v 0.0615000 -0.4291961 0.3184789
v 0.0604019 -0.4270000 0.3203808
v 0.0600000 -0.4240000 0.3210770
v 0.0604019 -0.4210000 0.3203808
v 0.0615000 -0.4188038 0.3184789
v 0.0630000 -0.4180000 0.3158808
v 0.0645000 -0.4188038 0.3132827
v 0.0655981 -0.4210000 0.3113808
v 0.0733353 -0.4240000 0.3152460
v 0.0728887 -0.4270000 0.3159144
v 0.0716686 -0.4291961 0.3177404
v 0.0700018 -0.4300000 0.3202348
v 0.0683351 -0.4291961 0.3227292
v 0.0671150 -0.4270000 0.3245553
v 0.0666684 -0.4240000 0.3252236
v 0.0671150 -0.4210000 0.3245553
v 0.0683351 -0.4188038 0.3227292
v 0.0700018 -0.4180000 0.3202348
v 0.0716686 -0.4188038 0.3177404
v 0.0728887 -0.4210000 0.3159144
v 0.0803565 -0.4240000 0.3202773
v 0.0798671 -0.4270000 0.3209151
v 0.0785302 -0.4291961 0.3226574
v 0.0767039 -0.4300000 0.3250375
v 0.0748776 -0.4291961 0.3274175
v 0.0735407 -0.4270000 0.3291599
v 0.0730513 -0.4240000 0.3297976
v 0.0735407 -0.4210000 0.3291599
v 0.0748776 -0.4188038 0.3274175
v 0.0767039 -0.4180000 0.3250375
v 0.0785302 -0.4188038 0.3226574
v 0.0798671 -0.4210000 0.3209151
v 0.0870336 -0.4240000 0.3257571
v 0.0865036 -0.4270000 0.3263615
v 0.0850556 -0.4291961 0.3280126
v 0.0830775 -0.4300000 0.3302682
v 0.0810995 -0.4291961 0.3325237
v 0.0796515 -0.4270000 0.3341748
v 0.0791215 -0.4240000 0.3347792
v 0.0796515 -0.4210000 0.3341748
v 0.0810995 -0.4188038 0.3325237
v 0.0830775 -0.4180000 0.3302681
v 0.0850556 -0.4188038 0.3280126
v 0.0865036 -0.4210000 0.3263615
v 0.0933380 -0.4240000 0.3316619
v 0.0927696 -0.4270000 0.3322303
v 0.0912167 -0.4291961 0.3337832
v 0.0890954 -0.4300000 0.3359045
v 0.0869741 -0.4291961 0.3380258
v 0.0854212 -0.4270000 0.3395787
v 0.0848528 -0.4240000 0.3401471
v 0.0854212 -0.4210000 0.3395787
v 0.0869741 -0.4188038 0.3380258
v 0.0890954 -0.4180000 0.3359045
v 0.0912167 -0.4188038 0.3337832
v 0.0927696 -0.4210000 0.3322303
v 0.0992429 -0.4240000 0.3379664
v 0.0986385 -0.4270000 0.3384964
v 0.0969874 -0.4291961 0.3399444
v 0.0947318 -0.4300000 0.3419225
v 0.0924763 -0.4291961 0.3439005
v 0.0908252 -0.4270000 0.3453485
v 0.0902208 -0.4240000 0.3458785
v 0.0908252 -0.4210000 0.3453485
v 0.0924763 -0.4188038 0.3439005
v 0.0947318 -0.4180000 0.3419225
v 0.0969874 -0.4188038 0.3399444
v 0.0986385 -0.4210000 0.3384964
v 0.1047227 -0.4240000 0.3446435
v 0.1040849 -0.4270000 0.3451329
v 0.1023426 -0.4291961 0.3464698
v 0.0999625 -0.4300000 0.3482961
v 0.0975825 -0.4291961 0.3501224
v 0.0958401 -0.4270000 0.3514593
v 0.0952024 -0.4240000 0.3519486
v 0.0958401 -0.4210000 0.3514593
v 0.0975825 -0.4188038 0.3501224
v 0.0999625 -0.4180000 0.3482961
v 0.1023426 -0.4188038 0.3464698
v 0.1040849 -0.4210000 0.3451329
v 0.1097540 -0.4240000 0.3516647
v 0.1090856 -0.4270000 0.3521113
v 0.1072596 -0.4291961 0.3533314
v 0.1047652 -0.4300000 0.3549982
v 0.1022708 -0.4291961 0.3566649
v 0.1004447 -0.4270000 0.3578850
v 0.0997764 -0.4240000 0.3583316
v 0.1004447 -0.4210000 0.3578850
v 0.1022708 -0.4188038 0.3566649
v 0.1047652 -0.4180000 0.3549981
v 0.1072596 -0.4188038 0.3533314
v 0.1090856 -0.4210000 0.3521113
v 0.1143153 -0.4240000 0.3590000
v 0.1136192 -0.4270000 0.3594019
v 0.1117173 -0.4291961 0.3605000
v 0.1091192 -0.4300000 0.3620000
v 0.1065211 -0.4291961 0.3635000
v 0.1046192 -0.4270000 0.3645981
v 0.1039230 -0.4240000 0.3650000
v 0.1046192 -0.4210000 0.3645981
v 0.1065211 -0.4188038 0.3635000
v 0.1091192 -0.4180000 0.3620000
v 0.1117173 -0.4188038 0.3605000
v 0.1136192 -0.4210000 0.3594019
v 0.1183872 -0.4240000 0.3666179
v 0.1176662 -0.4270000 0.3669734
v 0.1156966 -0.4291961 0.3679447
v 0.1130060 -0.4300000 0.3692716
v 0.1103153 -0.4291961 0.3705985
v 0.1083457 -0.4270000 0.3715698
v 0.1076247 -0.4240000 0.3719254
v 0.1083457 -0.4210000 0.3715698
v 0.1103153 -0.4188038 0.3705985
v 0.1130060 -0.4180000 0.3692716
v 0.1156966 -0.4188038 0.3679447
v 0.1176662 -0.4210000 0.3669734
v 0.1219521 -0.4240000 0.3744858
v 0.1212094 -0.4270000 0.3747934
v 0.1191804 -0.4291961 0.3756338
v 0.1164088 -0.4300000 0.3767819
v 0.1136372 -0.4291961 0.3779299
v 0.1116082 -0.4270000 0.3787704
v 0.1108655 -0.4240000 0.3790779
v 0.1116082 -0.4210000 0.3787703
v 0.1136372 -0.4188038 0.3779299
v 0.1164088 -0.4180000 0.3767819
v 0.1191804 -0.4188038 0.3756338
v 0.1212094 -0.4210000 0.3747934
v 0.1249947 -0.4240000 0.3825699
v 0.1242336 -0.4270000 0.3828283
v 0.1221540 -0.4291961 0.3835343
v 0.1193132 -0.4300000 0.3844986
v 0.1164724 -0.4291961 0.3854629
v 0.1143928 -0.4270000 0.3861688
v 0.1136316 -0.4240000 0.3864272
v 0.1143928 -0.4210000 0.3861688
v 0.1164724 -0.4188038 0.3854629
v 0.1193132 -0.4180000 0.3844986
v 0.1221540 -0.4188038 0.3835343
v 0.1242336 -0.4210000 0.3828283
v 0.1275022 -0.4240000 0.3908359
v 0.1267258 -0.4270000 0.3910440
v 0.1246044 -0.4291961 0.3916124
v 0.1217067 -0.4300000 0.3923889
v 0.1188089 -0.4291961 0.3931653
v 0.1166876 -0.4270000 0.3937337
v 0.1159111 -0.4240000 0.3939418
v 0.1166876 -0.4210000 0.3937337
v 0.1188089 -0.4188038 0.3931653
v 0.1217067 -0.4180000 0.3923889
v 0.1246044 -0.4188038 0.3916124
v 0.1267258 -0.4210000 0.3910440
v 0.1294637 -0.4240000 0.3992481
v 0.1286753 -0.4270000 0.3994049
v 0.1265213 -0.4291961 0.3998334
v 0.1235790 -0.4300000 0.4004186
v 0.1206366 -0.4291961 0.4010039
v 0.1184826 -0.4270000 0.4014324
v 0.1176942 -0.4240000 0.4015892
v 0.1184826 -0.4210000 0.4014324
v 0.1206366 -0.4188038 0.4010039
v 0.1235790 -0.4180000 0.4004186
v 0.1265213 -0.4188038 0.3998334
v 0.1286753 -0.4210000 0.3994049
v 0.1308707 -0.4240000 0.4077705
v 0.1300738 -0.4270000 0.4078755
v 0.1278964 -0.4291961 0.4081621
v 0.1249221 -0.4300000 0.4085537
v 0.1219477 -0.4291961 0.4089453
v 0.1197704 -0.4270000 0.4092320
v 0.1189734 -0.4240000 0.4093369
v 0.1197704 -0.4210000 0.4092320
v 0.1219477 -0.4188038 0.4089453
v 0.1249221 -0.4180000 0.4085537
v 0.1278964 -0.4188038 0.4081621
v 0.1300738 -0.4210000 0.4078755
v 0.1317174 -0.4240000 0.4163668
v 0.1309153 -0.4270000 0.4164194
v 0.1287238 -0.4291961 0.4165630
v 0.1257302 -0.4300000 0.4167592
v 0.1227367 -0.4291961 0.4169554
v 0.1205452 -0.4270000 0.4170991
v 0.1197431 -0.4240000 0.4171516
v 0.1205452 -0.4210000 0.4170991
v 0.1227367 -0.4188038 0.4169554
v 0.1257302 -0.4180000 0.4167592
v 0.1287238 -0.4188038 0.4165630
v 0.1309153 -0.4210000 0.4164194
f 4749 4761 4762
f 4749 4762 4750
f 4750 4762 4763
f 4750 4763 4751
f 4751 4763 4764
f 4751 4764 4752
f 4752 4764 4765
f 4752 4765 4753
f 4753 4765 4766
f 4753 4766 4754
f 4754 4766 4767
f 4754 4767 4755
f 4755 4767 4768
f 4755 4768 4756
f 4756 4768 4769
f 4756 4769 4757
f 4757 4769 4770
f 4757 4770 4758
f 4758 4770 4771
f 4758 4771 4759
f 4759 4771 4772
f 4759 4772 4760
f 4760 4772 4761
f 4760 4761 4749
f 4761 4773 4774
f 4761 4774 4762
f 4762 4774 4775
f 4762 4775 4763
f 4763 4775 4776
f 4763 4776 4764
f 4764 4776 4777
f 4764 4777 4765
f 4765 4777 4778
f 4765 4778 4766
f 4766 4778 4779
f 4766 4779 4767
f 4767 4779 4780
f 4767 4780 4768
f 4768 4780 4781
f 4768 4781 4769
f 4769 4781 4782
f 4769 4782 4770
f 4770 4782 4783
f 4770 4783 4771
f 4771 4783 4784
f 4771 4784 4772
f 4772 4784 4773
f 4772 4773 4761
f 4773 4785 4786
f 4773 4786 4774
f 4774 4786 4787
f 4774 4787 4775
f 4775 4787 4788
f 4775 4788 4776
f 4776 4788 4789
f 4776 4789 4777
f 4777 4789 4790
f 4777 4790 4778
f 4778 4790 4791
f 4778 4791 4779
f 4779 4791 4792
f 4779 4792 4780
f 4780 4792 4793
f 4780 4793 4781
f 4781 4793 4794
f 4781 4794 4782
f 4782 4794 4795
f 4782 4795 4783
f 4783 4795 4796
f 4783 4796 4784
f 4784 4796 4785
f 4784 4785 4773
f 4785 4797 4798
f 4785 4798 4786
f 4786 4798 4799
f 4786 4799 4787
f 4787 4799 4800
f 4787 4800 4788
f 4788 4800 4801
f 4788 4801 4789
f 4789 4801 4802
f 4789 4802 4790
f 4790 4802 4803
f 4790 4803 4791
f 4791 4803 4804
f 4791 4804 4792
f 4792 4804 4805
f 4792 4805 4793
f 4793 4805 4806
f 4793 4806 4794
f 4794 4806 4807
f 4794 4807 4795
f 4795 4807 4808
f 4795 4808 4796
f 4796 4808 4797
f 4796 4797 4785
f 4797 4809 4810
f 4797 4810 4798
f 4798 4810 4811
f 4798 4811 4799
f 4799 4811 4812
f 4799 4812 4800
f 4800 4812 4813
f 4800 4813 4801
f 4801 4813 4814
f 4801 4814 4802
f 4802 4814 4815
f 4802 4815 4803
f 4803 4815 4816
f 4803 4816 4804
f 4804 4816 4817
f 4804 4817 4805
f 4805 4817 4818
f 4805 4818 4806
f 4806 4818 4819
f 4806 4819 4807
f 4807 4819 4820
f 4807 4820 4808
f 4808 4820 4809
f 4808 4809 4797
f 4809 4821 4822
f 4809 4822 4810
f 4810 4822 4823
f 4810 4823 4811
f 4811 4823 4824
f 4811 4824 4812
f 4812 4824 4825
f 4812 4825 4813
f 4813 4825 4826
f 4813 4826 4814
f 4814 4826 4827
f 4814 4827 4815
f 4815 4827 4828
f 4815 4828 4816
f 4816 4828 4829
f 4816 4829 4817
f 4817 4829 4830
f 4817 4830 4818
f 4818 4830 4831
f 4818 4831 4819
f 4819 4831 4832
f 4819 4832 4820
f 4820 4832 4821
f 4820 4821 4809
f 4821 4833 4834
f 4821 4834 4822
f 4822 4834 4835
f 4822 4835 4823
f 4823 4835 4836
f 4823 4836 4824
f 4824 4836 4837
f 4824 4837 4825
f 4825 4837 4838
f 4825 4838 4826
f 4826 4838 4839
f 4826 4839 4827
f 4827 4839 4840
f 4827 4840 4828
f 4828 4840 4841
f 4828 4841 4829
f 4829 4841 4842
f 4829 4842 4830
f 4830 4842 4843
f 4830 4843 4831
f 4831 4843 4844
f 4831 4844 4832
f 4832 4844 4833
f 4832 4833 4821
f 4833 4845 4846
f 4833 4846 4834
f 4834 4846 4847
f 4834 4847 4835
f 4835 4847 4848
f 4835 4848 4836
f 4836 4848 4849
f 4836 4849 4837
f 4837 4849 4850
f 4837 4850 4838
f 4838 4850 4851
f 4838 4851 4839
f 4839 4851 4852
f 4839 4852 4840
f 4840 4852 4853
f 4840 4853 4841
f 4841 4853 4854
f 4841 4854 4842
f 4842 4854 4855
f 4842 4855 4843
f 4843 4855 4856
f 4843 4856 4844
f 4844 4856 4845
f 4844 4845 4833
f 4845 4857 4858
f 4845 4858 4846
f 4846 4858 4859
f 4846 4859 4847
f 4847 4859 4860
f 4847 4860 4848
f 4848 4860 4861
f 4848 4861 4849
f 4849 4861 4862
f 4849 4862 4850
f 4850 4862 4863
f 4850 4863 4851
f 4851 4863 4864
f 4851 4864 4852
f 4852 4864 4865
f 4852 4865 4853
f 4853 4865 4866
f 4853 4866 4854
f 4854 4866 4867
f 4854 4867 4855
f 4855 4867 4868
f 4855 4868 4856
f 4856 4868 4857
f 4856 4857 4845
f 4857 4869 4870
f 4857 4870 4858
f 4858 4870 4871
f 4858 4871 4859
f 4859 4871 4872
f 4859 4872 4860
f 4860 4872 4873
f 4860 4873 4861
f 4861 4873 4874
f 4861 4874 4862
f 4862 4874 4875
f 4862 4875 4863
f 4863 4875 4876
f 4863 4876 4864
f 4864 4876 4877
f 4864 4877 4865
f 4865 4877 4878
f 4865 4878 4866
f 4866 4878 4879
f 4866 4879 4867
f 4867 4879 4880
f 4867 4880 4868
f 4868 4880 4869
f 4868 4869 4857
f 4869 4881 4882
f 4869 4882 4870
f 4870 4882 4883
f 4870 4883 4871
f 4871 4883 4884
f 4871 4884 4872
f 4872 4884 4885
f 4872 4885 4873
f 4873 4885 4886
f 4873 4886 4874
f 4874 4886 4887
f 4874 4887 4875
f 4875 4887 4888
f 4875 4888 4876
f 4876 4888 4889
f 4876 4889 4877
f 4877 4889 4890
f 4877 4890 4878
f 4878 4890 4891
f 4878 4891 4879
f 4879 4891 4892
f 4879 4892 4880
f 4880 4892 4881
f 4880 4881 4869
f 4881 4893 4894
f 4881 4894 4882
f 4882 4894 4895
f 4882 4895 4883
f 4883 4895 4896
f 4883 4896 4884
f 4884 4896 4897
f 4884 4897 4885
f 4885 4897 4898
f 4885 4898 4886
f 4886 4898 4899
f 4886 4899 4887
f 4887 4899 4900
f 4887 4900 4888
f 4888 4900 4901
f 4888 4901 4889
f 4889 4901 4902
f 4889 4902 4890
f 4890 4902 4903
f 4890 4903 4891
f 4891 4903 4904
f 4891 4904 4892
f 4892 4904 4893
f 4892 4893 4881
f 4893 4905 4906
f 4893 4906 4894
f 4894 4906 4907
f 4894 4907 4895
f 4895 4907 4908
f 4895 4908 4896
f 4896 4908 4909
f 4896 4909 4897
f 4897 4909 4910
f 4897 4910 4898
f 4898 4910 4911
f 4898 4911 4899
f 4899 4911 4912
f 4899 4912 4900
f 4900 4912 4913
f 4900 4913 4901
f 4901 4913 4914
f 4901 4914 4902
f 4902 4914 4915
f 4902 4915 4903
f 4903 4915 4916
f 4903 4916 4904
f 4904 4916 4905
f 4904 4905 4893
f 4905 4917 4918
f 4905 4918 4906
f 4906 4918 4919
f 4906 4919 4907
f 4907 4919 4920
f 4907 4920 4908
f 4908 4920 4921
f 4908 4921 4909
f 4909 4921 4922
f 4909 4922 4910
f 4910 4922 4923
f 4910 4923 4911
f 4911 4923 4924
f 4911 4924 4912
f 4912 4924 4925
f 4912 4925 4913
f 4913 4925 4926
f 4913 4926 4914
f 4914 4926 4927
f 4914 4927 4915
f 4915 4927 4928
f 4915 4928 4916
f 4916 4928 4917
f 4916 4917 4905
f 4917 4929 4930
f 4917 4930 4918
f 4918 4930 4931
f 4918 4931 4919
f 4919 4931 4932
f 4919 4932 4920
f 4920 4932 4933
f 4920 4933 4921
f 4921 4933 4934
f 4921 4934 4922
f 4922 4934 4935
f 4922 4935 4923
f 4923 4935 4936
f 4923 4936 4924
f 4924 4936 4937
f 4924 4937 4925
f 4925 4937 4938
f 4925 4938 4926
f 4926 4938 4939
f 4926 4939 4927
f 4927 4939 4940
f 4927 4940 4928
f 4928 4940 4929
f 4928 4929 4917
f 4929 4941 4942
f 4929 4942 4930
f 4930 4942 4943
f 4930 4943 4931
f 4931 4943 4944
f 4931 4944 4932
f 4932 4944 4945
f 4932 4945 4933
f 4933 4945 4946
f 4933 4946 4934
f 4934 4946 4947
f 4934 4947 4935
f 4935 4947 4948
f 4935 4948 4936
f 4936 4948 4949
f 4936 4949 4937
f 4937 4949 4950
f 4937 4950 4938
f 4938 4950 4951
f 4938 4951 4939
f 4939 4951 4952
f 4939 4952 4940
f 4940 4952 4941
f 4940 4941 4929
f 4941 4953 4954
f 4941 4954 4942
f 4942 4954 4955
f 4942 4955 4943
f 4943 4955 4956
f 4943 4956 4944
f 4944 4956 4957
f 4944 4957 4945
f 4945 4957 4958
f 4945 4958 4946
f 4946 4958 4959
f 4946 4959 4947
f 4947 4959 4960
f 4947 4960 4948
f 4948 4960 4961
f 4948 4961 4949
f 4949 4961 4962
f 4949 4962 4950
f 4950 4962 4963
f 4950 4963 4951
f 4951 4963 4964
f 4951 4964 4952
f 4952 4964 4953
f 4952 4953 4941
f 4953 4965 4966
f 4953 4966 4954
f 4954 4966 4967
f 4954 4967 4955
f 4955 4967 4968
f 4955 4968 4956
f 4956 4968 4969
f 4956 4969 4957
f 4957 4969 4970
f 4957 4970 4958
f 4958 4970 4971
f 4958 4971 4959
f 4959 4971 4972
f 4959 4972 4960
f 4960 4972 4973
f 4960 4973 4961
f 4961 4973 4974
f 4961 4974 4962
f 4962 4974 4975
f 4962 4975 4963
f 4963 4975 4976
f 4963 4976 4964
f 4964 4976 4965
f 4964 4965 4953
f 4965 4977 4978
f 4965 4978 4966
f 4966 4978 4979
f 4966 4979 4967
f 4967 4979 4980
f 4967 4980 4968
f 4968 4980 4981
f 4968 4981 4969
f 4969 4981 4982
f 4969 4982 4970
f 4970 4982 4983
f 4970 4983 4971
f 4971 4983 4984
f 4971 4984 4972
f 4972 4984 4985
f 4972 4985 4973
f 4973 4985 4986
f 4973 4986 4974
f 4974 4986 4987
f 4974 4987 4975
f 4975 4987 4988
f 4975 4988 4976
f 4976 4988 4977
f 4976 4977 4965
f 4977 4989 4990
f 4977 4990 4978
f 4978 4990 4991
f 4978 4991 4979
f 4979 4991 4992
f 4979 4992 4980
f 4980 4992 4993
f 4980 4993 4981
f 4981 4993 4994
f 4981 4994 4982
f 4982 4994 4995
f 4982 4995 4983
f 4983 4995 4996
f 4983 4996 4984
f 4984 4996 4997
f 4984 4997 4985
f 4985 4997 4998
f 4985 4998 4986
f 4986 4998 4999
f 4986 4999 4987
f 4987 4999 5000
f 4987 5000 4988
f 4988 5000 4989
f 4988 4989 4977
f 4989 5001 5002
f 4989 5002 4990
f 4990 5002 5003
f 4990 5003 4991
f 4991 5003 5004
f 4991 5004 4992
f 4992 5004 5005
f 4992 5005 4993
f 4993 5005 5006
f 4993 5006 4994
f 4994 5006 5007
f 4994 5007 4995
f 4995 5007 5008
f 4995 5008 4996
f 4996 5008 5009
f 4996 5009 4997
f 4997 5009 5010
f 4997 5010 4998
f 4998 5010 5011
f 4998 5011 4999
f 4999 5011 5012
f 4999 5012 5000
f 5000 5012 5001
f 5000 5001 4989
f 5001 5013 5014
f 5001 5014 5002
f 5002 5014 5015
f 5002 5015 5003
f 5003 5015 5016
f 5003 5016 5004
f 5004 5016 5017
f 5004 5017 5005
f 5005 5017 5018
f 5005 5018 5006
f 5006 5018 5019
f 5006 5019 5007
f 5007 5019 5020
f 5007 5020 5008
f 5008 5020 5021
f 5008 5021 5009
f 5009 5021 5022
f 5009 5022 5010
f 5010 5022 5023
f 5010 5023 5011
f 5011 5023 5024
f 5011 5024 5012
f 5012 5024 5013
f 5012 5013 5001
f 5013 5025 5026
f 5013 5026 5014
f 5014 5026 5027
f 5014 5027 5015
f 5015 5027 5028
f 5015 5028 5016
f 5016 5028 5029
f 5016 5029 5017
f 5017 5029 5030
f 5017 5030 5018
f 5018 5030 5031
f 5018 5031 5019
f 5019 5031 5032
f 5019 5032 5020
f 5020 5032 5033
f 5020 5033 5021
f 5021 5033 5034
f 5021 5034 5022
f 5022 5034 5035
f 5022 5035 5023
f 5023 5035 5036
f 5023 5036 5024
f 5024 5036 5025
f 5024 5025 5013
f 5025 5037 5038
f 5025 5038 5026
f 5026 5038 5039
f 5026 5039 5027
f 5027 5039 5040
f 5027 5040 5028
f 5028 5040 5041
f 5028 5041 5029
f 5029 5041 5042
f 5029 5042 5030
f 5030 5042 5043
f 5030 5043 5031
f 5031 5043 5044
f 5031 5044 5032
f 5032 5044 5045
f 5032 5045 5033
f 5033 5045 5046
f 5033 5046 5034
f 5034 5046 5047
f 5034 5047 5035
f 5035 5047 5048
f 5035 5048 5036
f 5036 5048 5037
f 5036 5037 5025
f 5037 5049 5050
f 5037 5050 5038
f 5038 5050 5051
f 5038 5051 5039
f 5039 5051 5052
f 5039 5052 5040
f 5040 5052 5053
f 5040 5053 5041
f 5041 5053 5054
f 5041 5054 5042
f 5042 5054 5055
f 5042 5055 5043
f 5043 5055 5056
f 5043 5056 5044
f 5044 5056 5057
f 5044 5057 5045
f 5045 5057 5058
f 5045 5058 5046
f 5046 5058 5059
f 5046 5059 5047
f 5047 5059 5060
f 5047 5060 5048
f 5048 5060 5049
f 5048 5049 5037
f 5049 5061 5062
f 5049 5062 5050
f 5050 5062 5063
f 5050 5063 5051
f 5051 5063 5064
f 5051 5064 5052
f 5052 5064 5065
f 5052 5065 5053
f 5053 5065 5066
f 5053 5066 5054
f 5054 5066 5067
f 5054 5067 5055
f 5055 5067 5068
f 5055 5068 5056
f 5056 5068 5069
f 5056 5069 5057
f 5057 5069 5070
f 5057 5070 5058
f 5058 5070 5071
f 5058 5071 5059
f 5059 5071 5072
f 5059 5072 5060
f 5060 5072 5061
f 5060 5061 5049
f 5061 5073 5074
f 5061 5074 5062
f 5062 5074 5075
f 5062 5075 5063
f 5063 5075 5076
f 5063 5076 5064
f 5064 5076 5077
f 5064 5077 5065
f 5065 5077 5078
f 5065 5078 5066
f 5066 5078 5079
f 5066 5079 5067
f 5067 5079 5080
f 5067 5080 5068
f 5068 5080 5081
f 5068 5081 5069
f 5069 5081 5082
f 5069 5082 5070
f 5070 5082 5083
f 5070 5083 5071
f 5071 5083 5084
f 5071 5084 5072
f 5072 5084 5073
f 5072 5073 5061
f 5073 5085 5086
f 5073 5086 5074
f 5074 5086 5087
f 5074 5087 5075
f 5075 5087 5088
f 5075 5088 5076
f 5076 5088 5089
f 5076 5089 5077
f 5077 5089 5090
f 5077 5090 5078
f 5078 5090 5091
f 5078 5091 5079
f 5079 5091 5092
f 5079 5092 5080
f 5080 5092 5093
f 5080 5093 5081
f 5081 5093 5094
f 5081 5094 5082
f 5082 5094 5095
f 5082 5095 5083
f 5083 5095 5096
f 5083 5096 5084
f 5084 5096 5085
f 5084 5085 5073
f 5085 5097 5098
f 5085 5098 5086
f 5086 5098 5099
f 5086 5099 5087
f 5087 5099 5100
f 5087 5100 5088
f 5088 5100 5101
f 5088 5101 5089
f 5089 5101 5102
f 5089 5102 5090
f 5090 5102 5103
f 5090 5103 5091
f 5091 5103 5104
f 5091 5104 5092
f 5092 5104 5105
f 5092 5105 5093
f 5093 5105 5106
f 5093 5106 5094
f 5094 5106 5107
f 5094 5107 5095
f 5095 5107 5108
f 5095 5108 5096
f 5096 5108 5097
f 5096 5097 5085
f 5097 5109 5110
f 5097 5110 5098
f 5098 5110 5111
f 5098 5111 5099
f 5099 5111 5112
f 5099 5112 5100
f 5100 5112 5113
f 5100 5113 5101
f 5101 5113 5114
f 5101 5114 5102
f 5102 5114 5115
f 5102 5115 5103
f 5103 5115 5116
f 5103 5116 5104
f 5104 5116 5117
f 5104 5117 5105
f 5105 5117 5118
f 5105 5118 5106
f 5106 5118 5119
f 5106 5119 5107
f 5107 5119 5120
f 5107 5120 5108
f 5108 5120 5109
f 5108 5109 5097
f 5109 5121 5122
f 5109 5122 5110
f 5110 5122 5123
f 5110 5123 5111
f 5111 5123 5124
f 5111 5124 5112
f 5112 5124 5125
f 5112 5125 5113
f 5113 5125 5126
f 5113 5126 5114
f 5114 5126 5127
f 5114 5127 5115
f 5115 5127 5128
f 5115 5128 5116
f 5116 5128 5129
f 5116 5129 5117
f 5117 5129 5130
f 5117 5130 5118
f 5118 5130 5131
f 5118 5131 5119
f 5119 5131 5132
f 5119 5132 5120
f 5120 5132 5121
f 5120 5121 5109
f 5121 5133 5134
f 5121 5134 5122
f 5122 5134 5135
f 5122 5135 5123
f 5123 5135 5136
f 5123 5136 5124
f 5124 5136 5137
f 5124 5137 5125
f 5125 5137 5138
f 5125 5138 5126
f 5126 5138 5139
f 5126 5139 5127
f 5127 5139 5140
f 5127 5140 5128
f 5128 5140 5141
f 5128 5141 5129
f 5129 5141 5142
f 5129 5142 5130
f 5130 5142 5143
f 5130 5143 5131
f 5131 5143 5144
f 5131 5144 5132
f 5132 5144 5133
f 5132 5133 5121
f 5133 5145 5146
f 5133 5146 5134
f 5134 5146 5147
f 5134 5147 5135
f 5135 5147 5148
f 5135 5148 5136
f 5136 5148 5149
f 5136 5149 5137
f 5137 5149 5150
f 5137 5150 5138
f 5138 5150 5151
f 5138 5151 5139
f 5139 5151 5152
f 5139 5152 5140
f 5140 5152 5153
f 5140 5153 5141
f 5141 5153 5154
f 5141 5154 5142
f 5142 5154 5155
f 5142 5155 5143
f 5143 5155 5156
f 5143 5156 5144
f 5144 5156 5145
f 5144 5145 5133
f 5145 5157 5158
f 5145 5158 5146
f 5146 5158 5159
f 5146 5159 5147
f 5147 5159 5160
f 5147 5160 5148
f 5148 5160 5161
f 5148 5161 5149
f 5149 5161 5162
f 5149 5162 5150
f 5150 5162 5163
f 5150 5163 5151
f 5151 5163 5164
f 5151 5164 5152
f 5152 5164 5165
f 5152 5165 5153
f 5153 5165 5166
f 5153 5166 5154
f 5154 5166 5167
f 5154 5167 5155
f 5155 5167 5168
f 5155 5168 5156
f 5156 5168 5157
f 5156 5157 5145
f 5157 5169 5170
f 5157 5170 5158
f 5158 5170 5171
f 5158 5171 5159
f 5159 5171 5172
f 5159 5172 5160
f 5160 5172 5173
f 5160 5173 5161
f 5161 5173 5174
f 5161 5174 5162
f 5162 5174 5175
f 5162 5175 5163
f 5163 5175 5176
f 5163 5176 5164
f 5164 5176 5177
f 5164 5177 5165
f 5165 5177 5178
f 5165 5178 5166
f 5166 5178 5179
f 5166 5179 5167
f 5167 5179 5180
f 5167 5180 5168
f 5168 5180 5169
f 5168 5169 5157
f 5169 5181 5182
f 5169 5182 5170
f 5170 5182 5183
f 5170 5183 5171
f 5171 5183 5184
f 5171 5184 5172
f 5172 5184 5185
f 5172 5185 5173
f 5173 5185 5186
f 5173 5186 5174
f 5174 5186 5187
f 5174 5187 5175
f 5175 5187 5188
f 5175 5188 5176
f 5176 5188 5189
f 5176 5189 5177
f 5177 5189 5190
f 5177 5190 5178
f 5178 5190 5191
f 5178 5191 5179
f 5179 5191 5192
f 5179 5192 5180
f 5180 5192 5181
f 5180 5181 5169
f 5181 5193 5194
f 5181 5194 5182
f 5182 5194 5195
f 5182 5195 5183
f 5183 5195 5196
f 5183 5196 5184
f 5184 5196 5197
f 5184 5197 5185
f 5185 5197 5198
f 5185 5198 5186
f 5186 5198 5199
f 5186 5199 5187
f 5187 5199 5200
f 5187 5200 5188
f 5188 5200 5201
f 5188 5201 5189
f 5189 5201 5202
f 5189 5202 5190
f 5190 5202 5203
f 5190 5203 5191
f 5191 5203 5204
f 5191 5204 5192
f 5192 5204 5193
f 5192 5193 5181
f 5193 5205 5206
f 5193 5206 5194
f 5194 5206 5207
f 5194 5207 5195
f 5195 5207 5208
f 5195 5208 5196
f 5196 5208 5209
f 5196 5209 5197
f 5197 5209 5210
f 5197 5210 5198
f 5198 5210 5211
f 5198 5211 5199
f 5199 5211 5212
f 5199 5212 5200
f 5200 5212 5213
f 5200 5213 5201
f 5201 5213 5214
f 5201 5214 5202
f 5202 5214 5215
f 5202 5215 5203
f 5203 5215 5216
f 5203 5216 5204
f 5204 5216 5205
f 5204 5205 5193
f 5205 5217 5218
f 5205 5218 5206
f 5206 5218 5219
f 5206 5219 5207
f 5207 5219 5220
f 5207 5220 5208
f 5208 5220 5221
f 5208 5221 5209
f 5209 5221 5222
f 5209 5222 5210
f 5210 5222 5223
f 5210 5223 5211
f 5211 5223 5224
f 5211 5224 5212
f 5212 5224 5225
f 5212 5225 5213
f 5213 5225 5226
f 5213 5226 5214
f 5214 5226 5227
f 5214 5227 5215
f 5215 5227 5228
f 5215 5228 5216
f 5216 5228 5217
f 5216 5217 5205
f 5217 5229 5230
f 5217 5230 5218
f 5218 5230 5231
f 5218 5231 5219
f 5219 5231 5232
f 5219 5232 5220
f 5220 5232 5233
f 5220 5233 5221
f 5221 5233 5234
f 5221 5234 5222
f 5222 5234 5235
f 5222 5235 5223
f 5223 5235 5236
f 5223 5236 5224
f 5224 5236 5237
f 5224 5237 5225
f 5225 5237 5238
f 5225 5238 5226
f 5226 5238 5239
f 5226 5239 5227
f 5227 5239 5240
f 5227 5240 5228
f 5228 5240 5229
f 5228 5229 5217
f 5229 5241 5242
f 5229 5242 5230
f 5230 5242 5243
f 5230 5243 5231
f 5231 5243 5244
f 5231 5244 5232
f 5232 5244 5245
f 5232 5245 5233
f 5233 5245 5246
f 5233 5246 5234
f 5234 5246 5247
f 5234 5247 5235
f 5235 5247 5248
f 5235 5248 5236
f 5236 5248 5249
f 5236 5249 5237
f 5237 5249 5250
f 5237 5250 5238
f 5238 5250 5251
f 5238 5251 5239
f 5239 5251 5252
f 5239 5252 5240
f 5240 5252 5241
f 5240 5241 5229
f 5241 5253 5254
f 5241 5254 5242
f 5242 5254 5255
f 5242 5255 5243
f 5243 5255 5256
f 5243 5256 5244
f 5244 5256 5257
f 5244 5257 5245
f 5245 5257 5258
f 5245 5258 5246
f 5246 5258 5259
f 5246 5259 5247
f 5247 5259 5260
f 5247 5260 5248
f 5248 5260 5261
f 5248 5261 5249
f 5249 5261 5262
f 5249 5262 5250
f 5250 5262 5263
f 5250 5263 5251
f 5251 5263 5264
f 5251 5264 5252
f 5252 5264 5253
f 5252 5253 5241
f 5253 5265 5266
f 5253 5266 5254
f 5254 5266 5267
f 5254 5267 5255
f 5255 5267 5268
f 5255 5268 5256
f 5256 5268 5269
f 5256 5269 5257
f 5257 5269 5270
f 5257 5270 5258
f 5258 5270 5271
f 5258 5271 5259
f 5259 5271 5272
f 5259 5272 5260
f 5260 5272 5273
f 5260 5273 5261
f 5261 5273 5274
f 5261 5274 5262
f 5262 5274 5275
f 5262 5275 5263
f 5263 5275 5276
f 5263 5276 5264
f 5264 5276 5265
f 5264 5265 5253
f 5265 5277 5278
f 5265 5278 5266
f 5266 5278 5279
f 5266 5279 5267
f 5267 5279 5280
f 5267 5280 5268
f 5268 5280 5281
f 5268 5281 5269
f 5269 5281 5282
f 5269 5282 5270
f 5270 5282 5283
f 5270 5283 5271
f 5271 5283 5284
f 5271 5284 5272
f 5272 5284 5285
f 5272 5285 5273
f 5273 5285 5286
f 5273 5286 5274
f 5274 5286 5287
f 5274 5287 5275
f 5275 5287 5288
f 5275 5288 5276
f 5276 5288 5277
f 5276 5277 5265
f 5277 5289 5290
f 5277 5290 5278
f 5278 5290 5291
f 5278 5291 5279
f 5279 5291 5292
f 5279 5292 5280
f 5280 5292 5293
f 5280 5293 5281
f 5281 5293 5294
f 5281 5294 5282
f 5282 5294 5295
f 5282 5295 5283
f 5283 5295 5296
f 5283 5296 5284
f 5284 5296 5297
f 5284 5297 5285
f 5285 5297 5298
f 5285 5298 5286
f 5286 5298 5299
f 5286 5299 5287
f 5287 5299 5300
f 5287 5300 5288
f 5288 5300 5289
f 5288 5289 5277
f 5289 5301 5302
f 5289 5302 5290
f 5290 5302 5303
f 5290 5303 5291
f 5291 5303 5304
f 5291 5304 5292
f 5292 5304 5305
f 5292 5305 5293
f 5293 5305 5306
f 5293 5306 5294
f 5294 5306 5307
f 5294 5307 5295
f 5295 5307 5308
f 5295 5308 5296
f 5296 5308 5309
f 5296 5309 5297
f 5297 5309 5310
f 5297 5310 5298
f 5298 5310 5311
f 5298 5311 5299
f 5299 5311 5312
f 5299 5312 5300
f 5300 5312 5301
f 5300 5301 5289
f 5301 5313 5314
f 5301 5314 5302
f 5302 5314 5315
f 5302 5315 5303
f 5303 5315 5316
f 5303 5316 5304
f 5304 5316 5317
f 5304 5317 5305
f 5305 5317 5318
f 5305 5318 5306
f 5306 5318 5319
f 5306 5319 5307
f 5307 5319 5320
f 5307 5320 5308
f 5308 5320 5321
f 5308 5321 5309
f 5309 5321 5322
f 5309 5322 5310
f 5310 5322 5323
f 5310 5323 5311
f 5311 5323 5324
f 5311 5324 5312
f 5312 5324 5313
f 5312 5313 5301
f 5313 5325 5326
f 5313 5326 5314
f 5314 5326 5327
f 5314 5327 5315
f 5315 5327 5328
f 5315 5328 5316
f 5316 5328 5329
f 5316 5329 5317
f 5317 5329 5330
f 5317 5330 5318
f 5318 5330 5331
f 5318 5331 5319
f 5319 5331 5332
f 5319 5332 5320
f 5320 5332 5333
f 5320 5333 5321
f 5321 5333 5334
f 5321 5334 5322
f 5322 5334 5335
f 5322 5335 5323
f 5323 5335 5336
f 5323 5336 5324
f 5324 5336 5325
f 5324 5325 5313
f 5325 5337 5338
f 5325 5338 5326
f 5326 5338 5339
f 5326 5339 5327
f 5327 5339 5340
f 5327 5340 5328
f 5328 5340 5341
f 5328 5341 5329
f 5329 5341 5342
f 5329 5342 5330
f 5330 5342 5343
f 5330 5343 5331
f 5331 5343 5344
f 5331 5344 5332
f 5332 5344 5345
f 5332 5345 5333
f 5333 5345 5346
f 5333 5346 5334
f 5334 5346 5347
f 5334 5347 5335
f 5335 5347 5348
f 5335 5348 5336
f 5336 5348 5337
f 5336 5337 5325
f 5337 5349 5350
f 5337 5350 5338
f 5338 5350 5351
f 5338 5351 5339
f 5339 5351 5352
f 5339 5352 5340
f 5340 5352 5353
f 5340 5353 5341
f 5341 5353 5354
f 5341 5354 5342
f 5342 5354 5355
f 5342 5355 5343
f 5343 5355 5356
f 5343 5356 5344
f 5344 5356 5357
f 5344 5357 5345
f 5345 5357 5358
f 5345 5358 5346
f 5346 5358 5359
f 5346 5359 5347
f 5347 5359 5360
f 5347 5360 5348
f 5348 5360 5349
f 5348 5349 5337
f 5349 5361 5362
f 5349 5362 5350
f 5350 5362 5363
f 5350 5363 5351
f 5351 5363 5364
f 5351 5364 5352
f 5352 5364 5365
f 5352 5365 5353
f 5353 5365 5366
f 5353 5366 5354
f 5354 5366 5367
f 5354 5367 5355
f 5355 5367 5368
f 5355 5368 5356
f 5356 5368 5369
f 5356 5369 5357
f 5357 5369 5370
f 5357 5370 5358
f 5358 5370 5371
f 5358 5371 5359
f 5359 5371 5372
f 5359 5372 5360
f 5360 5372 5361
f 5360 5361 5349
f 5361 5373 5374
f 5361 5374 5362
f 5362 5374 5375
f 5362 5375 5363
f 5363 5375 5376
f 5363 5376 5364
f 5364 5376 5377
f 5364 5377 5365
f 5365 5377 5378
f 5365 5378 5366
f 5366 5378 5379
f 5366 5379 5367
f 5367 5379 5380
f 5367 5380 5368
f 5368 5380 5381
f 5368 5381 5369
f 5369 5381 5382
f 5369 5382 5370
f 5370 5382 5383
f 5370 5383 5371
f 5371 5383 5384
f 5371 5384 5372
f 5372 5384 5373
f 5372 5373 5361
f 5373 5385 5386
f 5373 5386 5374
f 5374 5386 5387
f 5374 5387 5375
f 5375 5387 5388
f 5375 5388 5376
f 5376 5388 5389
f 5376 5389 5377
f 5377 5389 5390
f 5377 5390 5378
f 5378 5390 5391
f 5378 5391 5379
f 5379 5391 5392
f 5379 5392 5380
f 5380 5392 5393
f 5380 5393 5381
f 5381 5393 5394
f 5381 5394 5382
f 5382 5394 5395
f 5382 5395 5383
f 5383 5395 5396
f 5383 5396 5384
f 5384 5396 5385
f 5384 5385 5373
f 5385 5397 5398
f 5385 5398 5386
f 5386 5398 5399
f 5386 5399 5387
f 5387 5399 5400
f 5387 5400 5388
f 5388 5400 5401
f 5388 5401 5389
f 5389 5401 5402
f 5389 5402 5390
f 5390 5402 5403
f 5390 5403 5391
f 5391 5403 5404
f 5391 5404 5392
f 5392 5404 5405
f 5392 5405 5393
f 5393 5405 5406
f 5393 5406 5394
f 5394 5406 5407
f 5394 5407 5395
f 5395 5407 5408
f 5395 5408 5396
f 5396 5408 5397
f 5396 5397 5385
f 5397 5409 5410
f 5397 5410 5398
f 5398 5410 5411
f 5398 5411 5399
f 5399 5411 5412
f 5399 5412 5400
f 5400 5412 5413
f 5400 5413 5401
f 5401 5413 5414
f 5401 5414 5402
f 5402 5414 5415
f 5402 5415 5403
f 5403 5415 5416
f 5403 5416 5404
f 5404 5416 5417
f 5404 5417 5405
f 5405 5417 5418
f 5405 5418 5406
f 5406 5418 5419
f 5406 5419 5407
f 5407 5419 5420
f 5407 5420 5408
f 5408 5420 5409
f 5408 5409 5397
f 5409 5421 5422
f 5409 5422 5410
f 5410 5422 5423
f 5410 5423 5411
f 5411 5423 5424
f 5411 5424 5412
f 5412 5424 5425
f 5412 5425 5413
f 5413 5425 5426
f 5413 5426 5414
f 5414 5426 5427
f 5414 5427 5415
f 5415 5427 5428
f 5415 5428 5416
f 5416 5428 5429
f 5416 5429 5417
f 5417 5429 5430
f 5417 5430 5418
f 5418 5430 5431
f 5418 5431 5419
f 5419 5431 5432
f 5419 5432 5420
f 5420 5432 5421
f 5420 5421 5409
f 5421 5433 5434
f 5421 5434 5422
f 5422 5434 5435
f 5422 5435 5423
f 5423 5435 5436
f 5423 5436 5424
f 5424 5436 5437
f 5424 5437 5425
f 5425 5437 5438
f 5425 5438 5426
f 5426 5438 5439
f 5426 5439 5427
f 5427 5439 5440
f 5427 5440 5428
f 5428 5440 5441
f 5428 5441 5429
f 5429 5441 5442
f 5429 5442 5430
f 5430 5442 5443
f 5430 5443 5431
f 5431 5443 5444
f 5431 5444 5432
f 5432 5444 5433
f 5432 5433 5421
f 5433 5445 5446
f 5433 5446 5434
f 5434 5446 5447
f 5434 5447 5435
f 5435 5447 5448
f 5435 5448 5436
f 5436 5448 5449
f 5436 5449 5437
f 5437 5449 5450
f 5437 5450 5438
f 5438 5450 5451
f 5438 5451 5439
f 5439 5451 5452
f 5439 5452 5440
f 5440 5452 5453
f 5440 5453 5441
f 5441 5453 5454
f 5441 5454 5442
f 5442 5454 5455
f 5442 5455 5443
f 5443 5455 5456
f 5443 5456 5444
f 5444 5456 5445
f 5444 5445 5433
f 5445 5457 5458
f 5445 5458 5446
f 5446 5458 5459
f 5446 5459 5447
f 5447 5459 5460
f 5447 5460 5448
f 5448 5460 5461
f 5448 5461 5449
f 5449 5461 5462
f 5449 5462 5450
f 5450 5462 5463
f 5450 5463 5451
f 5451 5463 5464
f 5451 5464 5452
f 5452 5464 5465
f 5452 5465 5453
f 5453 5465 5466
f 5453 5466 5454
f 5454 5466 5467
f 5454 5467 5455
f 5455 5467 5468
f 5455 5468 5456
f 5456 5468 5457
f 5456 5457 5445
f 5457 5469 5470
f 5457 5470 5458
f 5458 5470 5471
f 5458 5471 5459
f 5459 5471 5472
f 5459 5472 5460
f 5460 5472 5473
f 5460 5473 5461
f 5461 5473 5474
f 5461 5474 5462
f 5462 5474 5475
f 5462 5475 5463
f 5463 5475 5476
f 5463 5476 5464
f 5464 5476 5477
f 5464 5477 5465
f 5465 5477 5478
f 5465 5478 5466
f 5466 5478 5479
f 5466 5479 5467
f 5467 5479 5480
f 5467 5480 5468
f 5468 5480 5469
f 5468 5469 5457
f 5469 5481 5482
f 5469 5482 5470
f 5470 5482 5483
f 5470 5483 5471
f 5471 5483 5484
f 5471 5484 5472
f 5472 5484 5485
f 5472 5485 5473
f 5473 5485 5486
f 5473 5486 5474
f 5474 5486 5487
f 5474 5487 5475
f 5475 5487 5488
f 5475 5488 5476
f 5476 5488 5489
f 5476 5489 5477
f 5477 5489 5490
f 5477 5490 5478
f 5478 5490 5491
f 5478 5491 5479
f 5479 5491 5492
f 5479 5492 5480
f 5480 5492 5481
f 5480 5481 5469
f 5481 5493 5494
f 5481 5494 5482
f 5482 5494 5495
f 5482 5495 5483
f 5483 5495 5496
f 5483 5496 5484
f 5484 5496 5497
f 5484 5497 5485
f 5485 5497 5498
f 5485 5498 5486
f 5486 5498 5499
f 5486 5499 5487
f 5487 5499 5500
f 5487 5500 5488
f 5488 5500 5501
f 5488 5501 5489
f 5489 5501 5502
f 5489 5502 5490
f 5490 5502 5503
f 5490 5503 5491
f 5491 5503 5504
f 5491 5504 5492
f 5492 5504 5493
f 5492 5493 5481
f 5493 5505 5506
f 5493 5506 5494
f 5494 5506 5507
f 5494 5507 5495
f 5495 5507 5508
f 5495 5508 5496
f 5496 5508 5509
f 5496 5509 5497
f 5497 5509 5510
f 5497 5510 5498
f 5498 5510 5511
f 5498 5511 5499
f 5499 5511 5512
f 5499 5512 5500
f 5500 5512 5513
f 5500 5513 5501
f 5501 5513 5514
f 5501 5514 5502
f 5502 5514 5515
f 5502 5515 5503
f 5503 5515 5516
f 5503 5516 5504
f 5504 5516 5505
f 5504 5505 5493
f 5505 5517 5518
f 5505 5518 5506
f 5506 5518 5519
f 5506 5519 5507
f 5507 5519 5520
f 5507 5520 5508
f 5508 5520 5521
f 5508 5521 5509
f 5509 5521 5522
f 5509 5522 5510
f 5510 5522 5523
f 5510 5523 5511
f 5511 5523 5524
f 5511 5524 5512
f 5512 5524 5525
f 5512 5525 5513
f 5513 5525 5526
f 5513 5526 5514
f 5514 5526 5527
f 5514 5527 5515
f 5515 5527 5528
f 5515 5528 5516
f 5516 5528 5517
f 5516 5517 5505
f 5517 5529 5530
f 5517 5530 5518
f 5518 5530 5531
f 5518 5531 5519
f 5519 5531 5532
f 5519 5532 5520
f 5520 5532 5533
f 5520 5533 5521
f 5521 5533 5534
f 5521 5534 5522
f 5522 5534 5535
f 5522 5535 5523
f 5523 5535 5536
f 5523 5536 5524
f 5524 5536 5537
f 5524 5537 5525
f 5525 5537 5538
f 5525 5538 5526
f 5526 5538 5539
f 5526 5539 5527
f 5527 5539 5540
f 5527 5540 5528
f 5528 5540 5529
f 5528 5529 5517
f 5529 5541 5542
f 5529 5542 5530
f 5530 5542 5543
f 5530 5543 5531
f 5531 5543 5544
f 5531 5544 5532
f 5532 5544 5545
f 5532 5545 5533
f 5533 5545 5546
f 5533 5546 5534
f 5534 5546 5547
f 5534 5547 5535
f 5535 5547 5548
f 5535 5548 5536
f 5536 5548 5549
f 5536 5549 5537
f 5537 5549 5550
f 5537 5550 5538
f 5538 5550 5551
f 5538 5551 5539
f 5539 5551 5552
f 5539 5552 5540
f 5540 5552 5541
f 5540 5541 5529
f 5541 5553 5554
f 5541 5554 5542
f 5542 5554 5555
f 5542 5555 5543
f 5543 5555 5556
f 5543 5556 5544
f 5544 5556 5557
f 5544 5557 5545
f 5545 5557 5558
f 5545 5558 5546
f 5546 5558 5559
f 5546 5559 5547
f 5547 5559 5560
f 5547 5560 5548
f 5548 5560 5561
f 5548 5561 5549
f 5549 5561 5562
f 5549 5562 5550
f 5550 5562 5563
f 5550 5563 5551
f 5551 5563 5564
f 5551 5564 5552
f 5552 5564 5553
f 5552 5553 5541
f 5553 5565 5566
f 5553 5566 5554
f 5554 5566 5567
f 5554 5567 5555
f 5555 5567 5568
f 5555 5568 5556
f 5556 5568 5569
f 5556 5569 5557
f 5557 5569 5570
f 5557 5570 5558
f 5558 5570 5571
f 5558 5571 5559
f 5559 5571 5572
f 5559 5572 5560
f 5560 5572 5573
f 5560 5573 5561
f 5561 5573 5574
f 5561 5574 5562
f 5562 5574 5575
f 5562 5575 5563
f 5563 5575 5576
f 5563 5576 5564
f 5564 5576 5565
f 5564 5565 5553
f 5565 5577 5578
f 5565 5578 5566
f 5566 5578 5579
f 5566 5579 5567
f 5567 5579 5580
f 5567 5580 5568
f 5568 5580 5581
f 5568 5581 5569
f 5569 5581 5582
f 5569 5582 5570
f 5570 5582 5583
f 5570 5583 5571
f 5571 5583 5584
f 5571 5584 5572
f 5572 5584 5585
f 5572 5585 5573
f 5573 5585 5586
f 5573 5586 5574
f 5574 5586 5587
f 5574 5587 5575
f 5575 5587 5588
f 5575 5588 5576
f 5576 5588 5577
f 5576 5577 5565
f 5577 5589 5590
f 5577 5590 5578
f 5578 5590 5591
f 5578 5591 5579
f 5579 5591 5592
f 5579 5592 5580
f 5580 5592 5593
f 5580 5593 5581
f 5581 5593 5594
f 5581 5594 5582
f 5582 5594 5595
f 5582 5595 5583
f 5583 5595 5596
f 5583 5596 5584
f 5584 5596 5597
f 5584 5597 5585
f 5585 5597 5598
f 5585 5598 5586
f 5586 5598 5599
f 5586 5599 5587
f 5587 5599 5600
f 5587 5600 5588
f 5588 5600 5589
f 5588 5589 5577
f 5589 5601 5602
f 5589 5602 5590
f 5590 5602 5603
f 5590 5603 5591
f 5591 5603 5604
f 5591 5604 5592
f 5592 5604 5605
f 5592 5605 5593
f 5593 5605 5606
f 5593 5606 5594
f 5594 5606 5607
f 5594 5607 5595
f 5595 5607 5608
f 5595 5608 5596
f 5596 5608 5609
f 5596 5609 5597
f 5597 5609 5610
f 5597 5610 5598
f 5598 5610 5611
f 5598 5611 5599
f 5599 5611 5612
f 5599 5612 5600
f 5600 5612 5601
f 5600 5601 5589
f 5601 5613 5614
f 5601 5614 5602
f 5602 5614 5615
f 5602 5615 5603
f 5603 5615 5616
f 5603 5616 5604
f 5604 5616 5617
f 5604 5617 5605
f 5605 5617 5618
f 5605 5618 5606
f 5606 5618 5619
f 5606 5619 5607
f 5607 5619 5620
f 5607 5620 5608
f 5608 5620 5621
f 5608 5621 5609
f 5609 5621 5622
f 5609 5622 5610
f 5610 5622 5623
f 5610 5623 5611
f 5611 5623 5624
f 5611 5624 5612
f 5612 5624 5613
f 5612 5613 5601
f 5613 5625 5626
f 5613 5626 5614
f 5614 5626 5627
f 5614 5627 5615
f 5615 5627 5628
f 5615 5628 5616
f 5616 5628 5629
f 5616 5629 5617
f 5617 5629 5630
f 5617 5630 5618
f 5618 5630 5631
f 5618 5631 5619
f 5619 5631 5632
f 5619 5632 5620
f 5620 5632 5633
f 5620 5633 5621
f 5621 5633 5634
f 5621 5634 5622
f 5622 5634 5635
f 5622 5635 5623
f 5623 5635 5636
f 5623 5636 5624
f 5624 5636 5625
f 5624 5625 5613
f 5625 5637 5638
f 5625 5638 5626
f 5626 5638 5639
f 5626 5639 5627
f 5627 5639 5640
f 5627 5640 5628
f 5628 5640 5641
f 5628 5641 5629
f 5629 5641 5642
f 5629 5642 5630
f 5630 5642 5643
f 5630 5643 5631
f 5631 5643 5644
f 5631 5644 5632
f 5632 5644 5645
f 5632 5645 5633
f 5633 5645 5646
f 5633 5646 5634
f 5634 5646 5647
f 5634 5647 5635
f 5635 5647 5648
f 5635 5648 5636
f 5636 5648 5637
f 5636 5637 5625
f 5637 5649 5650
f 5637 5650 5638
f 5638 5650 5651
f 5638 5651 5639
f 5639 5651 5652
f 5639 5652 5640
f 5640 5652 5653
f 5640 5653 5641
f 5641 5653 5654
f 5641 5654 5642
f 5642 5654 5655
f 5642 5655 5643
f 5643 5655 5656
f 5643 5656 5644
f 5644 5656 5657
f 5644 5657 5645
f 5645 5657 5658
f 5645 5658 5646
f 5646 5658 5659
f 5646 5659 5647
f 5647 5659 5660
f 5647 5660 5648
f 5648 5660 5649
f 5648 5649 5637
f 5649 5661 5662
f 5649 5662 5650
f 5650 5662 5663
f 5650 5663 5651
f 5651 5663 5664
f 5651 5664 5652
f 5652 5664 5665
f 5652 5665 5653
f 5653 5665 5666
f 5653 5666 5654
f 5654 5666 5667
f 5654 5667 5655
f 5655 5667 5668
f 5655 5668 5656
f 5656 5668 5669
f 5656 5669 5657
f 5657 5669 5670
f 5657 5670 5658
f 5658 5670 5671
f 5658 5671 5659
f 5659 5671 5672
f 5659 5672 5660
f 5660 5672 5661
f 5660 5661 5649
f 5661 5673 5674
f 5661 5674 5662
f 5662 5674 5675
f 5662 5675 5663
f 5663 5675 5676
f 5663 5676 5664
f 5664 5676 5677
f 5664 5677 5665
f 5665 5677 5678
f 5665 5678 5666
f 5666 5678 5679
f 5666 5679 5667
f 5667 5679 5680
f 5667 5680 5668
f 5668 5680 5681
f 5668 5681 5669
f 5669 5681 5682
f 5669 5682 5670
f 5670 5682 5683
f 5670 5683 5671
f 5671 5683 5684
f 5671 5684 5672
f 5672 5684 5673
f 5672 5673 5661
f 5673 5685 5686
f 5673 5686 5674
f 5674 5686 5687
f 5674 5687 5675
f 5675 5687 5688
f 5675 5688 5676
f 5676 5688 5689
f 5676 5689 5677
f 5677 5689 5690
f 5677 5690 5678
f 5678 5690 5691
f 5678 5691 5679
f 5679 5691 5692
f 5679 5692 5680
f 5680 5692 5693
f 5680 5693 5681
f 5681 5693 5694
f 5681 5694 5682
f 5682 5694 5695
f 5682 5695 5683
f 5683 5695 5696
f 5683 5696 5684
f 5684 5696 5685
f 5684 5685 5673
f 5685 5697 5698
f 5685 5698 5686
f 5686 5698 5699
f 5686 5699 5687
f 5687 5699 5700
f 5687 5700 5688
f 5688 5700 5701
f 5688 5701 5689
f 5689 5701 5702
f 5689 5702 5690
f 5690 5702 5703
f 5690 5703 5691
f 5691 5703 5704
f 5691 5704 5692
f 5692 5704 5705
f 5692 5705 5693
f 5693 5705 5706
f 5693 5706 5694
f 5694 5706 5707
f 5694 5707 5695
f 5695 5707 5708
f 5695 5708 5696
f 5696 5708 5697
f 5696 5697 5685
f 5697 5709 5710
f 5697 5710 5698
f 5698 5710 5711
f 5698 5711 5699
f 5699 5711 5712
f 5699 5712 5700
f 5700 5712 5713
f 5700 5713 5701
f 5701 5713 5714
f 5701 5714 5702
f 5702 5714 5715
f 5702 5715 5703
f 5703 5715 5716
f 5703 5716 5704
f 5704 5716 5717
f 5704 5717 5705
f 5705 5717 5718
f 5705 5718 5706
f 5706 5718 5719
f 5706 5719 5707
f 5707 5719 5720
f 5707 5720 5708
f 5708 5720 5709
f 5708 5709 5697
f 5709 5721 5722
f 5709 5722 5710
f 5710 5722 5723
f 5710 5723 5711
f 5711 5723 5724
f 5711 5724 5712
f 5712 5724 5725
f 5712 5725 5713
f 5713 5725 5726
f 5713 5726 5714
f 5714 5726 5727
f 5714 5727 5715
f 5715 5727 5728
f 5715 5728 5716
f 5716 5728 5729
f 5716 5729 5717
f 5717 5729 5730
f 5717 5730 5718
f 5718 5730 5731
f 5718 5731 5719
f 5719 5731 5732
f 5719 5732 5720
f 5720 5732 5721
f 5720 5721 5709
f 5721 5733 5734
f 5721 5734 5722
f 5722 5734 5735
f 5722 5735 5723
f 5723 5735 5736
f 5723 5736 5724
f 5724 5736 5737
f 5724 5737 5725
f 5725 5737 5738
f 5725 5738 5726
f 5726 5738 5739
f 5726 5739 5727
f 5727 5739 5740
f 5727 5740 5728
f 5728 5740 5741
f 5728 5741 5729
f 5729 5741 5742
f 5729 5742 5730
f 5730 5742 5743
f 5730 5743 5731
f 5731 5743 5744
f 5731 5744 5732
f 5732 5744 5733
f 5732 5733 5721
f 5733 5745 5746
f 5733 5746 5734
f 5734 5746 5747
f 5734 5747 5735
f 5735 5747 5748
f 5735 5748 5736
f 5736 5748 5749
f 5736 5749 5737
f 5737 5749 5750
f 5737 5750 5738
f 5738 5750 5751
f 5738 5751 5739
f 5739 5751 5752
f 5739 5752 5740
f 5740 5752 5753
f 5740 5753 5741
f 5741 5753 5754
f 5741 5754 5742
f 5742 5754 5755
f 5742 5755 5743
f 5743 5755 5756
f 5743 5756 5744
f 5744 5756 5745
f 5744 5745 5733
f 5745 5757 5758
f 5745 5758 5746
f 5746 5758 5759
f 5746 5759 5747
f 5747 5759 5760
f 5747 5760 5748
f 5748 5760 5761
f 5748 5761 5749
f 5749 5761 5762
f 5749 5762 5750
f 5750 5762 5763
f 5750 5763 5751
f 5751 5763 5764
f 5751 5764 5752
f 5752 5764 5765
f 5752 5765 5753
f 5753 5765 5766
f 5753 5766 5754
f 5754 5766 5767
f 5754 5767 5755
f 5755 5767 5768
f 5755 5768 5756
f 5756 5768 5757
f 5756 5757 5745
f 5757 5769 5770
f 5757 5770 5758
f 5758 5770 5771
f 5758 5771 5759
f 5759 5771 5772
f 5759 5772 5760
f 5760 5772 5773
f 5760 5773 5761
f 5761 5773 5774
f 5761 5774 5762
f 5762 5774 5775
f 5762 5775 5763
f 5763 5775 5776
f 5763 5776 5764
f 5764 5776 5777
f 5764 5777 5765
f 5765 5777 5778
f 5765 5778 5766
f 5766 5778 5779
f 5766 5779 5767
f 5767 5779 5780
f 5767 5780 5768
f 5768 5780 5769
f 5768 5769 5757
f 5769 5781 5782
f 5769 5782 5770
f 5770 5782 5783
f 5770 5783 5771
f 5771 5783 5784
f 5771 5784 5772
f 5772 5784 5785
f 5772 5785 5773
f 5773 5785 5786
f 5773 5786 5774
f 5774 5786 5787
f 5774 5787 5775
f 5775 5787 5788
f 5775 5788 5776
f 5776 5788 5789
f 5776 5789 5777
f 5777 5789 5790
f 5777 5790 5778
f 5778 5790 5791
f 5778 5791 5779
f 5779 5791 5792
f 5779 5792 5780
f 5780 5792 5781
f 5780 5781 5769
f 5781 5793 5794
f 5781 5794 5782
f 5782 5794 5795
f 5782 5795 5783
f 5783 5795 5796
f 5783 5796 5784
f 5784 5796 5797
f 5784 5797 5785
f 5785 5797 5798
f 5785 5798 5786
f 5786 5798 5799
f 5786 5799 5787
f 5787 5799 5800
f 5787 5800 5788
f 5788 5800 5801
f 5788 5801 5789
f 5789 5801 5802
f 5789 5802 5790
f 5790 5802 5803
f 5790 5803 5791
f 5791 5803 5804
f 5791 5804 5792
f 5792 5804 5793
f 5792 5793 5781
f 5793 5805 5806
f 5793 5806 5794
f 5794 5806 5807
f 5794 5807 5795
f 5795 5807 5808
f 5795 5808 5796
f 5796 5808 5809
f 5796 5809 5797
f 5797 5809 5810
f 5797 5810 5798
f 5798 5810 5811
f 5798 5811 5799
f 5799 5811 5812
f 5799 5812 5800
f 5800 5812 5813
f 5800 5813 5801
f 5801 5813 5814
f 5801 5814 5802
f 5802 5814 5815
f 5802 5815 5803
f 5803 5815 5816
f 5803 5816 5804
f 5804 5816 5805
f 5804 5805 5793
f 5805 5817 5818
f 5805 5818 5806
f 5806 5818 5819
f 5806 5819 5807
f 5807 5819 5820
f 5807 5820 5808
f 5808 5820 5821
f 5808 5821 5809
f 5809 5821 5822
f 5809 5822 5810
f 5810 5822 5823
f 5810 5823 5811
f 5811 5823 5824
f 5811 5824 5812
f 5812 5824 5825
f 5812 5825 5813
f 5813 5825 5826
f 5813 5826 5814
f 5814 5826 5827
f 5814 5827 5815
f 5815 5827 5828
f 5815 5828 5816
f 5816 5828 5817
f 5816 5817 5805
f 5817 5829 5830
f 5817 5830 5818
f 5818 5830 5831
f 5818 5831 5819
f 5819 5831 5832
f 5819 5832 5820
f 5820 5832 5833
f 5820 5833 5821
f 5821 5833 5834
f 5821 5834 5822
f 5822 5834 5835
f 5822 5835 5823
f 5823 5835 5836
f 5823 5836 5824
f 5824 5836 5837
f 5824 5837 5825
f 5825 5837 5838
f 5825 5838 5826
f 5826 5838 5839
f 5826 5839 5827
f 5827 5839 5840
f 5827 5840 5828
f 5828 5840 5829
f 5828 5829 5817
f 5829 5841 5842
f 5829 5842 5830
f 5830 5842 5843
f 5830 5843 5831
f 5831 5843 5844
f 5831 5844 5832
f 5832 5844 5845
f 5832 5845 5833
f 5833 5845 5846
f 5833 5846 5834
f 5834 5846 5847
f 5834 5847 5835
f 5835 5847 5848
f 5835 5848 5836
f 5836 5848 5849
f 5836 5849 5837
f 5837 5849 5850
f 5837 5850 5838
f 5838 5850 5851
f 5838 5851 5839
f 5839 5851 5852
f 5839 5852 5840
f 5840 5852 5841
f 5840 5841 5829
f 5841 5853 5854
f 5841 5854 5842
f 5842 5854 5855
f 5842 5855 5843
f 5843 5855 5856
f 5843 5856 5844
f 5844 5856 5857
f 5844 5857 5845
f 5845 5857 5858
f 5845 5858 5846
f 5846 5858 5859
f 5846 5859 5847
f 5847 5859 5860
f 5847 5860 5848
f 5848 5860 5861
f 5848 5861 5849
f 5849 5861 5862
f 5849 5862 5850
f 5850 5862 5863
f 5850 5863 5851
f 5851 5863 5864
f 5851 5864 5852
f 5852 5864 5853
f 5852 5853 5841
f 5853 5865 5866
f 5853 5866 5854
f 5854 5866 5867
f 5854 5867 5855
f 5855 5867 5868
f 5855 5868 5856
f 5856 5868 5869
f 5856 5869 5857
f 5857 5869 5870
f 5857 5870 5858
f 5858 5870 5871
f 5858 5871 5859
f 5859 5871 5872
f 5859 5872 5860
f 5860 5872 5873
f 5860 5873 5861
f 5861 5873 5874
f 5861 5874 5862
f 5862 5874 5875
f 5862 5875 5863
f 5863 5875 5876
f 5863 5876 5864
f 5864 5876 5865
f 5864 5865 5853
f 5865 5877 5878
f 5865 5878 5866
f 5866 5878 5879
f 5866 5879 5867
f 5867 5879 5880
f 5867 5880 5868
f 5868 5880 5881
f 5868 5881 5869
f 5869 5881 5882
f 5869 5882 5870
f 5870 5882 5883
f 5870 5883 5871
f 5871 5883 5884
f 5871 5884 5872
f 5872 5884 5885
f 5872 5885 5873
f 5873 5885 5886
f 5873 5886 5874
f 5874 5886 5887
f 5874 5887 5875
f 5875 5887 5888
f 5875 5888 5876
f 5876 5888 5877
f 5876 5877 5865
f 5877 5889 5890
f 5877 5890 5878
f 5878 5890 5891
f 5878 5891 5879
f 5879 5891 5892
f 5879 5892 5880
f 5880 5892 5893
f 5880 5893 5881
f 5881 5893 5894
f 5881 5894 5882
f 5882 5894 5895
f 5882 5895 5883
f 5883 5895 5896
f 5883 5896 5884
f 5884 5896 5897
f 5884 5897 5885
f 5885 5897 5898
f 5885 5898 5886
f 5886 5898 5899
f 5886 5899 5887
f 5887 5899 5900
f 5887 5900 5888
f 5888 5900 5889
f 5888 5889 5877
f 5889 4749 4750
f 5889 4750 5890
f 5890 4750 4751
f 5890 4751 5891
f 5891 4751 4752
f 5891 4752 5892
f 5892 4752 4753
f 5892 4753 5893
f 5893 4753 4754
f 5893 4754 5894
f 5894 4754 4755
f 5894 4755 5895
f 5895 4755 4756
f 5895 4756 5896
f 5896 4756 4757
f 5896 4757 5897
f 5897 4757 4758
f 5897 4758 5898
f 5898 4758 4759
f 5898 4759 5899
f 5899 4759 4760
f 5899 4760 5900
f 5900 4760 4749
f 5900 4749 5889
v -0.0064721 -0.2452977 0.5250000
v -0.0024721 -0.2423915 0.5250000
v 0.0024721 -0.2423915 0.5250000
v 0.0064721 -0.2452977 0.5250000
v 0.0080000 -0.2500000 0.5250000
v 0.0064721 -0.2547023 0.5250000
v 0.0024721 -0.2576084 0.5250000
v -0.0024721 -0.2576084 0.5250000
v -0.0064721 -0.2547023 0.5250000
v -0.0080000 -0.2500000 0.5250000
v -0.0064721 -0.4287023 0.5590000
v -0.0024721 -0.4316084 0.5590000
v 0.0024721 -0.4316084 0.5590000
v 0.0064721 -0.4287023 0.5590000
v 0.0080000 -0.4240000 0.5590000
v 0.0064721 -0.4192977 0.5590000
v 0.0024721 -0.4163916 0.5590000
v -0.0024721 -0.4163916 0.5590000
v -0.0064721 -0.4192977 0.5590000
v -0.0080000 -0.4240000 0.5590000
v -0.0064721 -0.4287023 0.5590000
v -0.0024721 -0.4316084 0.5590000
v 0.0024721 -0.4316084 0.5590000
v 0.0064721 -0.4287023 0.5590000
v 0.0080000 -0.4240000 0.5590000
v 0.0064721 -0.4192977 0.5590000
v 0.0024721 -0.4163916 0.5590000
v -0.0024721 -0.4163916 0.5590000
v -0.0064721 -0.4192977 0.5590000
v -0.0080000 -0.4240000 0.5590000
v -0.0064721 -0.4273250 0.5833250
v -0.0024721 -0.4293800 0.5853800
v 0.0024721 -0.4293800 0.5853800
v 0.0064721 -0.4273250 0.5833250
v 0.0080000 -0.4240000 0.5800000
v 0.0064721 -0.4206750 0.5766749
v 0.0024721 -0.4186200 0.5746200
v -0.0024721 -0.4186200 0.5746200
v -0.0064721 -0.4206750 0.5766750
v -0.0080000 -0.4240000 0.5800000
v -0.0064721 -0.2466750 0.5833250
v -0.0024721 -0.2446200 0.5853800
v 0.0024721 -0.2446200 0.5853800
v 0.0064721 -0.2466750 0.5833250
v 0.0080000 -0.2500000 0.5800000
v 0.0064721 -0.2533250 0.5766749
v 0.0024721 -0.2553800 0.5746200
v -0.0024721 -0.2553800 0.5746200
v -0.0064721 -0.2533250 0.5766750
v -0.0080000 -0.2500000 0.5800000
v -0.0064721 -0.2452977 0.5250000
v -0.0024721 -0.2423915 0.5250000
v 0.0024721 -0.2423915 0.5250000
v 0.0064721 -0.2452977 0.5250000
v 0.0080000 -0.2500000 0.5250000
v 0.0064721 -0.2547023 0.5250000
v 0.0024721 -0.2576084 0.5250000
v -0.0024721 -0.2576084 0.5250000
v -0.0064721 -0.2547023 0.5250000
v -0.0080000 -0.2500000 0.5250000
f 5904 5902 5903
f 5904 5901 5902
f 5905 5901 5904
f 5905 5910 5901
f 5906 5910 5905
f 5906 5909 5910
f 5907 5909 5906
f 5907 5908 5909
f 5916 5918 5917
f 5916 5919 5918
f 5915 5919 5916
f 5915 5920 5919
f 5914 5920 5915
f 5914 5911 5920
f 5913 5911 5914
f 5913 5912 5911
f 5921 5931 5940
f 5921 5940 5930
f 5922 5932 5931
f 5922 5931 5921
f 5923 5933 5932
f 5923 5932 5922
f 5924 5934 5933
f 5924 5933 5923
f 5925 5935 5934
f 5925 5934 5924
f 5926 5936 5935
f 5926 5935 5925
f 5927 5937 5936
f 5927 5936 5926
f 5928 5938 5937
f 5928 5937 5927
f 5929 5939 5938
f 5929 5938 5928
f 5930 5940 5939
f 5930 5939 5929
f 5931 5941 5950
f 5931 5950 5940
f 5932 5942 5941
f 5932 5941 5931
f 5933 5943 5942
f 5933 5942 5932
f 5934 5944 5943
f 5934 5943 5933
f 5935 5945 5944
f 5935 5944 5934
f 5936 5946 5945
f 5936 5945 5935
f 5937 5947 5946
f 5937 5946 5936
f 5938 5948 5947
f 5938 5947 5937
f 5939 5949 5948
f 5939 5948 5938
f 5940 5950 5949
f 5940 5949 5939
f 5941 5951 5960
f 5941 5960 5950
f 5942 5952 5951
f 5942 5951 5941
f 5943 5953 5952
f 5943 5952 5942
f 5944 5954 5953
f 5944 5953 5943
f 5945 5955 5954
f 5945 5954 5944
f 5946 5956 5955
f 5946 5955 5945
f 5947 5957 5956
f 5947 5956 5946
f 5948 5958 5957
f 5948 5957 5947
f 5949 5959 5958
f 5949 5958 5948
f 5950 5960 5959
f 5950 5959 5949
v -0.2287581 -0.4648541 0.3244092
v -0.2307072 -0.4618541 0.3253849
v -0.2307072 -0.4581459 0.3253849
v -0.2287581 -0.4551459 0.3244092
v -0.2256045 -0.4540000 0.3228305
v -0.2224509 -0.4551459 0.3212517
v -0.2205019 -0.4581459 0.3202760
v -0.2205019 -0.4618541 0.3202760
v -0.2224509 -0.4648541 0.3212517
v -0.2256045 -0.4660000 0.3228305
v -0.2288567 -0.4648541 0.3241947
v -0.2308666 -0.4618541 0.3250379
v -0.2308666 -0.4581459 0.3250379
v -0.2288567 -0.4551459 0.3241947
v -0.2256045 -0.4540000 0.3228305
v -0.2223524 -0.4551459 0.3214662
v -0.2203424 -0.4581459 0.3206231
v -0.2203424 -0.4618541 0.3206231
v -0.2223524 -0.4648541 0.3214662
v -0.2256045 -0.4660000 0.3228305
v -0.2288567 -0.4648541 0.3241947
v -0.2308666 -0.4618541 0.3250379
v -0.2308666 -0.4581459 0.3250379
v -0.2288567 -0.4551459 0.3241947
v -0.2256045 -0.4540000 0.3228305
v -0.2223524 -0.4551459 0.3214662
v -0.2203424 -0.4581459 0.3206231
v -0.2203424 -0.4618541 0.3206231
v -0.2223524 -0.4648541 0.3214662
v -0.2256045 -0.4660000 0.3228305
v -0.2315801 -0.4648541 0.3176820
v -0.2336420 -0.4618541 0.3183888
v -0.2336420 -0.4581459 0.3183888
v -0.2315801 -0.4551459 0.3176820
v -0.2282440 -0.4540000 0.3165383
v -0.2249079 -0.4551459 0.3153947
v -0.2228460 -0.4581459 0.3146879
v -0.2228460 -0.4618541 0.3146879
v -0.2249079 -0.4648541 0.3153947
v -0.2282440 -0.4660000 0.3165383
v -0.2334789 -0.4648541 0.3106382
v -0.2356166 -0.4618541 0.3110635
v -0.2356166 -0.4581459 0.3110635
v -0.2334789 -0.4551459 0.3106382
v -0.2300200 -0.4540000 0.3099501
v -0.2265610 -0.4551459 0.3092621
v -0.2244233 -0.4581459 0.3088368
v -0.2244233 -0.4618541 0.3088368
v -0.2265610 -0.4648541 0.3092621
v -0.2300200 -0.4660000 0.3099501
v -0.2344204 -0.4648541 0.3034040
v -0.2365957 -0.4618541 0.3035401
v -0.2365957 -0.4581459 0.3035401
v -0.2344204 -0.4551459 0.3034040
v -0.2309005 -0.4540000 0.3031839
v -0.2273807 -0.4551459 0.3029637
v -0.2252053 -0.4581459 0.3028276
v -0.2252053 -0.4618541 0.3028276
v -0.2273807 -0.4648541 0.3029637
v -0.2309005 -0.4660000 0.3031839
v -0.2343877 -0.4648541 0.2961089
v -0.2365618 -0.4618541 0.2959533
v -0.2365618 -0.4581459 0.2959533
v -0.2343877 -0.4551459 0.2961089
v -0.2308700 -0.4540000 0.2963606
v -0.2273523 -0.4551459 0.2966122
v -0.2251782 -0.4581459 0.2967678
v -0.2251782 -0.4618541 0.2967678
v -0.2273523 -0.4648541 0.2966122
v -0.2308700 -0.4660000 0.2963606
v -0.2333815 -0.4648541 0.2888834
v -0.2355153 -0.4618541 0.2884391
v -0.2355153 -0.4581459 0.2884391
v -0.2333815 -0.4551459 0.2888834
v -0.2299289 -0.4540000 0.2896024
v -0.2264762 -0.4551459 0.2903214
v -0.2243424 -0.4581459 0.2907658
v -0.2243424 -0.4618541 0.2907658
v -0.2264762 -0.4648541 0.2903214
v -0.2299289 -0.4660000 0.2896024
v -0.2314198 -0.4648541 0.2818569
v -0.2334752 -0.4618541 0.2811317
v -0.2334752 -0.4581459 0.2811317
v -0.2314198 -0.4551459 0.2818569
v -0.2280940 -0.4540000 0.2830304
v -0.2247682 -0.4551459 0.2842039
v -0.2227128 -0.4581459 0.2849291
v -0.2227128 -0.4618541 0.2849291
v -0.2247682 -0.4648541 0.2842039
v -0.2280940 -0.4660000 0.2830304
v -0.2285376 -0.4648541 0.2751552
v -0.2304778 -0.4618541 0.2741621
v -0.2304778 -0.4581459 0.2741621
v -0.2285376 -0.4551459 0.2751552
v -0.2253983 -0.4540000 0.2767621
v -0.2222589 -0.4551459 0.2783691
v -0.2203187 -0.4581459 0.2793622
v -0.2203187 -0.4618541 0.2793622
v -0.2222589 -0.4648541 0.2783691
v -0.2253983 -0.4660000 0.2767621
v -0.2247866 -0.4648541 0.2688982
v -0.2265769 -0.4618541 0.2676550
v -0.2265769 -0.4581459 0.2676550
v -0.2247866 -0.4551459 0.2688982
v -0.2218899 -0.4540000 0.2709098
v -0.2189931 -0.4551459 0.2729214
v -0.2172029 -0.4581459 0.2741647
v -0.2172029 -0.4618541 0.2741647
v -0.2189931 -0.4648541 0.2729214
v -0.2218899 -0.4660000 0.2709098
v -0.2202339 -0.4648541 0.2631979
v -0.2218422 -0.4618541 0.2617268
v -0.2218422 -0.4581459 0.2617268
v -0.2202339 -0.4551459 0.2631979
v -0.2176317 -0.4540000 0.2655782
v -0.2150294 -0.4551459 0.2679586
v -0.2134211 -0.4581459 0.2694297
v -0.2134211 -0.4618541 0.2694297
v -0.2150294 -0.4648541 0.2679586
v -0.2176317 -0.4660000 0.2655782
v -0.2149611 -0.4648541 0.2581564
v -0.2163586 -0.4618541 0.2564838
v -0.2163586 -0.4581459 0.2564838
v -0.2149611 -0.4551459 0.2581564
v -0.2126998 -0.4540000 0.2608628
v -0.2104386 -0.4551459 0.2635692
v -0.2090411 -0.4581459 0.2652418
v -0.2090411 -0.4618541 0.2652418
v -0.2104386 -0.4648541 0.2635692
v -0.2126998 -0.4660000 0.2608628
v -0.2090624 -0.4648541 0.2538639
v -0.2102241 -0.4618541 0.2520197
v -0.2102241 -0.4581459 0.2520197
v -0.2090624 -0.4551459 0.2538639
v -0.2071827 -0.4540000 0.2568479
v -0.2053030 -0.4551459 0.2598320
v -0.2041412 -0.4581459 0.2616762
v -0.2041412 -0.4618541 0.2616762
v -0.2053030 -0.4648541 0.2598320
v -0.2071827 -0.4660000 0.2568479
v -0.2026435 -0.4648541 0.2503972
v -0.2035487 -0.4618541 0.2484144
v -0.2035487 -0.4581459 0.2484144
v -0.2026435 -0.4551459 0.2503972
v -0.2011790 -0.4540000 0.2536055
v -0.1997144 -0.4551459 0.2568137
v -0.1988093 -0.4581459 0.2587965
v -0.1988093 -0.4618541 0.2587965
v -0.1997144 -0.4648541 0.2568137
v -0.2011790 -0.4660000 0.2536055
v -0.1958193 -0.4648541 0.2478185
v -0.1964516 -0.4618541 0.2457326
v -0.1964516 -0.4581459 0.2457326
v -0.1958193 -0.4551459 0.2478185
v -0.1947961 -0.4540000 0.2511935
v -0.1937730 -0.4551459 0.2545685
v -0.1931406 -0.4581459 0.2566544
v -0.1931406 -0.4618541 0.2566544
v -0.1937730 -0.4648541 0.2545685
v -0.1947961 -0.4660000 0.2511935
v -0.1887119 -0.4648541 0.2461738
v -0.1890602 -0.4618541 0.2440221
v -0.1890602 -0.4581459 0.2440221
v -0.1887119 -0.4551459 0.2461738
v -0.1881484 -0.4540000 0.2496552
v -0.1875850 -0.4551459 0.2531366
v -0.1872367 -0.4581459 0.2552882
v -0.1872367 -0.4618541 0.2552882
v -0.1875850 -0.4648541 0.2531366
v -0.1881484 -0.4660000 0.2496552
v -0.1814486 -0.4648541 0.2454925
v -0.1815065 -0.4618541 0.2433137
v -0.1815065 -0.4581459 0.2433137
v -0.1814486 -0.4551459 0.2454925
v -0.1813549 -0.4540000 0.2490180
v -0.1812612 -0.4551459 0.2525435
v -0.1812033 -0.4581459 0.2547223
v -0.1812033 -0.4618541 0.2547223
v -0.1812612 -0.4648541 0.2525435
v -0.1813549 -0.4660000 0.2490180
v -0.1742769 -0.4648541 0.2457764
v -0.1741161 -0.4618541 0.2436027
v -0.1741161 -0.4581459 0.2436027
v -0.1742769 -0.4551459 0.2457763
v -0.1745371 -0.4540000 0.2492934
v -0.1747973 -0.4551459 0.2528105
v -0.1749581 -0.4581459 0.2549842
v -0.1749581 -0.4618541 0.2549842
v -0.1747973 -0.4648541 0.2528105
v -0.1745371 -0.4660000 0.2492934
v 0.0172086 -0.4648541 0.2664062
v 0.0175167 -0.4618541 0.2642485
v 0.0175167 -0.4581459 0.2642485
v 0.0172086 -0.4551459 0.2664062
v 0.0167100 -0.4540000 0.2698976
v 0.0162115 -0.4551459 0.2733889
v 0.0159034 -0.4581459 0.2755466
v 0.0159034 -0.4618541 0.2755466
v 0.0162115 -0.4648541 0.2733889
v 0.0167100 -0.4660000 0.2698976
v 0.0387488 -0.4648541 0.2702508
v 0.0392782 -0.4618541 0.2681365
v 0.0392782 -0.4581459 0.2681365
v 0.0387487 -0.4551459 0.2702508
v 0.0378921 -0.4540000 0.2736719
v 0.0370355 -0.4551459 0.2770930
v 0.0365061 -0.4581459 0.2792074
v 0.0365061 -0.4618541 0.2792074
v 0.0370355 -0.4648541 0.2770930
v 0.0378921 -0.4660000 0.2736719
v 0.0596726 -0.4648541 0.2770543
v 0.0604879 -0.4618541 0.2750328
v 0.0604879 -0.4581459 0.2750328
v 0.0596726 -0.4551459 0.2770543
v 0.0583534 -0.4540000 0.2803249
v 0.0570342 -0.4551459 0.2835956
v 0.0562189 -0.4581459 0.2856170
v 0.0562189 -0.4618541 0.2856170
v 0.0570342 -0.4648541 0.2835956
v 0.0583534 -0.4660000 0.2803249
v 0.0794613 -0.4648541 0.2866719
v 0.0805470 -0.4618541 0.2847819
v 0.0805470 -0.4581459 0.2847819
v 0.0794613 -0.4551459 0.2866719
v 0.0777047 -0.4540000 0.2897300
v 0.0759480 -0.4551459 0.2927880
v 0.0748623 -0.4581459 0.2946780
v 0.0748623 -0.4618541 0.2946780
v 0.0759480 -0.4648541 0.2927880
v 0.0777047 -0.4660000 0.2897300
v 0.0977385 -0.4648541 0.2989209
v 0.0990740 -0.4618541 0.2971983
v 0.0990740 -0.4581459 0.2971983
v 0.0977385 -0.4551459 0.2989209
v 0.0955778 -0.4540000 0.3017082
v 0.0934171 -0.4551459 0.3044954
v 0.0920817 -0.4581459 0.3062181
v 0.0920817 -0.4618541 0.3062181
v 0.0934171 -0.4648541 0.3044954
v 0.0955778 -0.4660000 0.3017082
v 0.1141565 -0.4648541 0.3135682
v 0.1157163 -0.4618541 0.3120457
v 0.1157163 -0.4581459 0.3120457
v 0.1141565 -0.4551459 0.3135682
v 0.1116328 -0.4540000 0.3160316
v 0.1091091 -0.4551459 0.3184951
v 0.1075494 -0.4581459 0.3200176
v 0.1075494 -0.4618541 0.3200176
v 0.1091091 -0.4648541 0.3184951
v 0.1116328 -0.4660000 0.3160316
v 0.1284030 -0.4648541 0.3303351
v 0.1301574 -0.4618541 0.3290417
v 0.1301574 -0.4581459 0.3290417
v 0.1284030 -0.4551459 0.3303351
v 0.1255644 -0.4540000 0.3324279
v 0.1227257 -0.4551459 0.3345207
v 0.1209713 -0.4581459 0.3358141
v 0.1209713 -0.4618541 0.3358141
v 0.1227257 -0.4648541 0.3345207
v 0.1255644 -0.4660000 0.3324279
v 0.1402070 -0.4648541 0.3489029
v 0.1421226 -0.4618541 0.3478631
v 0.1421226 -0.4581459 0.3478631
v 0.1402070 -0.4551459 0.3489029
v 0.1371074 -0.4540000 0.3505852
v 0.1340078 -0.4551459 0.3522675
v 0.1320921 -0.4581459 0.3533072
v 0.1320921 -0.4618541 0.3533072
v 0.1340078 -0.4648541 0.3522675
v 0.1371074 -0.4660000 0.3505852
v 0.1493439 -0.4648541 0.3689181
v 0.1513844 -0.4618541 0.3681518
v 0.1513844 -0.4581459 0.3681518
v 0.1493439 -0.4551459 0.3689181
v 0.1460423 -0.4540000 0.3701579
v 0.1427407 -0.4551459 0.3713977
v 0.1407002 -0.4581459 0.3721640
v 0.1407002 -0.4618541 0.3721640
v 0.1427407 -0.4648541 0.3713978
v 0.1460423 -0.4660000 0.3701579
v 0.1556399 -0.4648541 0.3900002
v 0.1577664 -0.4618541 0.3895220
v 0.1577664 -0.4581459 0.3895220
v 0.1556399 -0.4551459 0.3900002
v 0.1521991 -0.4540000 0.3907740
v 0.1487584 -0.4551459 0.3915477
v 0.1466318 -0.4581459 0.3920259
v 0.1466318 -0.4618541 0.3920259
v 0.1487584 -0.4648541 0.3915477
v 0.1521991 -0.4660000 0.3907740
v 0.1589753 -0.4648541 0.4117480
v 0.1611474 -0.4618541 0.4115669
v 0.1611474 -0.4581459 0.4115669
v 0.1589753 -0.4551459 0.4117480
v 0.1554608 -0.4540000 0.4120410
v 0.1519463 -0.4551459 0.4123339
v 0.1497742 -0.4581459 0.4125150
v 0.1497742 -0.4618541 0.4125150
v 0.1519463 -0.4648541 0.4123339
v 0.1554608 -0.4660000 0.4120410
v 0.1592867 -0.4648541 0.4337479
v 0.1614630 -0.4618541 0.4338675
v 0.1614630 -0.4581459 0.4338675
v 0.1592867 -0.4551459 0.4337479
v 0.1557653 -0.4540000 0.4335546
v 0.1522439 -0.4551459 0.4333612
v 0.1500675 -0.4581459 0.4332416
v 0.1500675 -0.4618541 0.4332416
v 0.1522439 -0.4648541 0.4333612
v 0.1557653 -0.4660000 0.4335546
v 0.1565680 -0.4648541 0.4555815
v 0.1587072 -0.4618541 0.4559993
v 0.1587072 -0.4581459 0.4559993
v 0.1565680 -0.4551459 0.4555815
v 0.1531067 -0.4540000 0.4549054
v 0.1496454 -0.4551459 0.4542293
v 0.1475062 -0.4581459 0.4538115
v 0.1475062 -0.4618541 0.4538115
v 0.1496454 -0.4648541 0.4542293
v 0.1531067 -0.4660000 0.4549054
v 0.1508711 -0.4648541 0.4768333
v 0.1529325 -0.4618541 0.4775414
v 0.1529325 -0.4581459 0.4775414
v 0.1508711 -0.4551459 0.4768333
v 0.1475357 -0.4540000 0.4756874
v 0.1442004 -0.4551459 0.4745415
v 0.1421390 -0.4581459 0.4738333
v 0.1421390 -0.4618541 0.4738333
v 0.1442004 -0.4648541 0.4745415
v 0.1475357 -0.4660000 0.4756874
v 0.1423042 -0.4648541 0.4970991
v 0.1442486 -0.4618541 0.4980842
v 0.1442486 -0.4581459 0.4980842
v 0.1423042 -0.4551459 0.4970991
v 0.1391583 -0.4540000 0.4955052
v 0.1360123 -0.4551459 0.4939112
v 0.1340680 -0.4581459 0.4929262
v 0.1340680 -0.4618541 0.4929262
v 0.1360123 -0.4648541 0.4939112
v 0.1391583 -0.4660000 0.4955052
v 0.1310304 -0.4648541 0.5159934
v 0.1328207 -0.4618541 0.5172366
v 0.1328207 -0.4581459 0.5172366
v 0.1310305 -0.4551459 0.5159934
v 0.1281337 -0.4540000 0.5139818
v 0.1252370 -0.4551459 0.5119702
v 0.1234467 -0.4581459 0.5107269
v 0.1234467 -0.4618541 0.5107269
v 0.1252370 -0.4648541 0.5119702
v 0.1281337 -0.4660000 0.5139818
v 0.1172642 -0.4648541 0.5331568
v 0.1188663 -0.4618541 0.5346346
v 0.1188663 -0.4581459 0.5346346
v 0.1172642 -0.4551459 0.5331568
v 0.1146718 -0.4540000 0.5307658
v 0.1120794 -0.4551459 0.5283747
v 0.1104772 -0.4581459 0.5268970
v 0.1104772 -0.4618541 0.5268970
v 0.1120794 -0.4648541 0.5283747
v 0.1146718 -0.4660000 0.5307658
v 0.1012672 -0.4648541 0.5482628
v 0.1026508 -0.4618541 0.5499470
v 0.1026508 -0.4581459 0.5499470
v 0.1012672 -0.4551459 0.5482628
v 0.0990285 -0.4540000 0.5455378
v 0.0967897 -0.4551459 0.5428128
v 0.0954061 -0.4581459 0.5411286
v 0.0954061 -0.4618541 0.5411286
v 0.0967897 -0.4648541 0.5428128
v 0.0990285 -0.4660000 0.5455378
v 0.0833440 -0.4648541 0.5610241
v 0.0844827 -0.4618541 0.5628826
v 0.0844827 -0.4581459 0.5628826
v 0.0833440 -0.4551459 0.5610241
v 0.0815015 -0.4540000 0.5580170
v 0.0796589 -0.4551459 0.5550098
v 0.0785202 -0.4581459 0.5531513
v 0.0785202 -0.4618541 0.5531513
v 0.0796589 -0.4648541 0.5550098
v 0.0815015 -0.4660000 0.5580170
v 0.0638353 -0.4648541 0.5711979
v 0.0647075 -0.4618541 0.5731954
v 0.0647075 -0.4581459 0.5731955
v 0.0638353 -0.4551459 0.5711979
v 0.0624241 -0.4540000 0.5679659
v 0.0610129 -0.4551459 0.5647338
v 0.0601407 -0.4581459 0.5627363
v 0.0601407 -0.4618541 0.5627363
v 0.0610129 -0.4648541 0.5647338
v 0.0624241 -0.4660000 0.5679659
v 0.0431124 -0.4648541 0.5785907
v 0.0437014 -0.4618541 0.5806892
v 0.0437014 -0.4581459 0.5806892
v 0.0431124 -0.4551459 0.5785907
v 0.0421593 -0.4540000 0.5751952
v 0.0412062 -0.4551459 0.5717997
v 0.0406171 -0.4581459 0.5697012
v 0.0406171 -0.4618541 0.5697012
v 0.0412062 -0.4648541 0.5717997
v 0.0421593 -0.4660000 0.5751952
v 0.0215693 -0.4648541 0.5830618
v 0.0218640 -0.4618541 0.5852214
v 0.0218640 -0.4581459 0.5852214
v 0.0215693 -0.4551459 0.5830618
v 0.0210925 -0.4540000 0.5795675
v 0.0206157 -0.4551459 0.5760732
v 0.0203210 -0.4581459 0.5739136
v 0.0203210 -0.4618541 0.5739136
v 0.0206157 -0.4648541 0.5760732
v 0.0210925 -0.4660000 0.5795675
v -0.0003840 -0.4648541 0.5845262
v -0.0003892 -0.4618541 0.5867059
v -0.0003892 -0.4581459 0.5867059
v -0.0003840 -0.4551459 0.5845262
v -0.0003755 -0.4540000 0.5809996
v -0.0003670 -0.4551459 0.5774729
v -0.0003618 -0.4581459 0.5752932
v -0.0003618 -0.4618541 0.5752932
v -0.0003670 -0.4648541 0.5774729
v -0.0003755 -0.4660000 0.5809996
v -0.0223300 -0.4648541 0.5829562
v -0.0226351 -0.4618541 0.5851144
v -0.0226351 -0.4581459 0.5851144
v -0.0223300 -0.4551459 0.5829562
v -0.0218364 -0.4540000 0.5794642
v -0.0213427 -0.4551459 0.5759722
v -0.0210376 -0.4581459 0.5738140
v -0.0210376 -0.4618541 0.5738140
v -0.0213427 -0.4648541 0.5759722
v -0.0218364 -0.4660000 0.5794642
v -0.0438513 -0.4648541 0.5783814
v -0.0444505 -0.4618541 0.5804770
v -0.0444505 -0.4581459 0.5804770
v -0.0438513 -0.4551459 0.5783814
v -0.0428819 -0.4540000 0.5749905
v -0.0419124 -0.4551459 0.5715997
v -0.0413133 -0.4581459 0.5695040
v -0.0413133 -0.4618541 0.5695040
v -0.0419124 -0.4648541 0.5715997
v -0.0428819 -0.4660000 0.5749905
v -0.0645384 -0.4648541 0.5708889
v -0.0654202 -0.4618541 0.5728822
v -0.0654202 -0.4581459 0.5728822
v -0.0645384 -0.4551459 0.5708889
v -0.0631116 -0.4540000 0.5676637
v -0.0616849 -0.4551459 0.5644385
v -0.0608031 -0.4581459 0.5624452
v -0.0608031 -0.4618541 0.5624452
v -0.0616849 -0.4648541 0.5644385
v -0.0631116 -0.4660000 0.5676637
v -0.0839979 -0.4648541 0.5606213
v -0.0851455 -0.4618541 0.5624743
v -0.0851455 -0.4581459 0.5624743
v -0.0839979 -0.4551459 0.5606213
v -0.0821409 -0.4540000 0.5576231
v -0.0802839 -0.4551459 0.5546249
v -0.0791363 -0.4581459 0.5527719
v -0.0791363 -0.4618541 0.5527719
v -0.0802839 -0.4648541 0.5546249
v -0.0821409 -0.4660000 0.5576231
v -0.1018595 -0.4648541 0.5477739
v -0.1032512 -0.4618541 0.5494514
v -0.1032512 -0.4581459 0.5494514
v -0.1018595 -0.4551459 0.5477739
v -0.0996076 -0.4540000 0.5450597
v -0.0973558 -0.4551459 0.5423455
v -0.0959641 -0.4581459 0.5406680
v -0.0959641 -0.4618541 0.5406680
v -0.0973558 -0.4648541 0.5423455
v -0.0996076 -0.4660000 0.5450597
v -0.1177835 -0.4648541 0.5325910
v -0.1193928 -0.4618541 0.5340610
v -0.1193928 -0.4581459 0.5340610
v -0.1177835 -0.4551459 0.5325910
v -0.1151796 -0.4540000 0.5302125
v -0.1125757 -0.4551459 0.5278339
v -0.1109664 -0.4581459 0.5263639
v -0.1109664 -0.4618541 0.5263639
v -0.1125757 -0.4648541 0.5278339
v -0.1151796 -0.4660000 0.5302125
v -0.1314670 -0.4648541 0.5153615
v -0.1332632 -0.4618541 0.5165961
v -0.1332632 -0.4581459 0.5165961
v -0.1314670 -0.4551459 0.5153615
v -0.1285606 -0.4540000 0.5133638
v -0.1256542 -0.4551459 0.5113662
v -0.1238580 -0.4581459 0.5101316
v -0.1238580 -0.4618541 0.5101316
v -0.1256542 -0.4648541 0.5113662
v -0.1285606 -0.4660000 0.5133638
v -0.1425934 -0.4648541 0.4965210
v -0.1445076 -0.4618541 0.4975634
v -0.1445076 -0.4581459 0.4975634
v -0.1425934 -0.4551459 0.4965210
v -0.1394961 -0.4540000 0.4948344
v -0.1363988 -0.4551459 0.4931478
v -0.1344846 -0.4581459 0.4921054
v -0.1344846 -0.4618541 0.4921054
v -0.1363988 -0.4648541 0.4931478
v -0.1394961 -0.4660000 0.4948344
v -0.2287581 -0.4648541 0.3244092
v -0.2307072 -0.4618541 0.3253849
v -0.2307072 -0.4581459 0.3253849
v -0.2287581 -0.4551459 0.3244092
v -0.2256045 -0.4540000 0.3228305
v -0.2224509 -0.4551459 0.3212517
v -0.2205019 -0.4581459 0.3202760
v -0.2205019 -0.4618541 0.3202760
v -0.2224509 -0.4648541 0.3212517
v -0.2256045 -0.4660000 0.3228305
f 5969 5967 5968
f 5969 5966 5967
f 5970 5966 5969
f 5970 5965 5966
f 5961 5965 5970
f 5961 5964 5965
f 5962 5964 5961
f 5962 5963 5964
f 5976 5978 5977
f 5976 5979 5978
f 5975 5979 5976
f 5975 5980 5979
f 5974 5980 5975
f 5974 5971 5980
f 5973 5971 5974
f 5973 5972 5971
f 5981 5991 6000
f 5981 6000 5990
f 5982 5992 5991
f 5982 5991 5981
f 5983 5993 5992
f 5983 5992 5982
f 5984 5994 5993
f 5984 5993 5983
f 5985 5995 5994
f 5985 5994 5984
f 5986 5996 5995
f 5986 5995 5985
f 5987 5997 5996
f 5987 5996 5986
f 5988 5998 5997
f 5988 5997 5987
f 5989 5999 5998
f 5989 5998 5988
f 5990 6000 5999
f 5990 5999 5989
f 5991 6001 6010
f 5991 6010 6000
f 5992 6002 6001
f 5992 6001 5991
f 5993 6003 6002
f 5993 6002 5992
f 5994 6004 6003
f 5994 6003 5993
f 5995 6005 6004
f 5995 6004 5994
f 5996 6006 6005
f 5996 6005 5995
f 5997 6007 6006
f 5997 6006 5996
f 5998 6008 6007
f 5998 6007 5997
f 5999 6009 6008
f 5999 6008 5998
f 6000 6010 6009
f 6000 6009 5999
f 6001 6011 6020
f 6001 6020 6010
f 6002 6012 6011
f 6002 6011 6001
f 6003 6013 6012
f 6003 6012 6002
f 6004 6014 6013
f 6004 6013 6003
f 6005 6015 6014
f 6005 6014 6004
f 6006 6016 6015
f 6006 6015 6005
f 6007 6017 6016
f 6007 6016 6006
f 6008 6018 6017
f 6008 6017 6007
f 6009 6019 6018
f 6009 6018 6008
f 6010 6020 6019
f 6010 6019 6009
f 6011 6021 6030
f 6011 6030 6020
f 6012 6022 6021
f 6012 6021 6011
f 6013 6023 6022
f 6013 6022 6012
f 6014 6024 6023
f 6014 6023 6013
f 6015 6025 6024
f 6015 6024 6014
f 6016 6026 6025
f 6016 6025 6015
f 6017 6027 6026
f 6017 6026 6016
f 6018 6028 6027
f 6018 6027 6017
f 6019 6029 6028
f 6019 6028 6018
f 6020 6030 6029
f 6020 6029 6019
f 6021 6031 6040
f 6021 6040 6030
f 6022 6032 6031
f 6022 6031 6021
f 6023 6033 6032
f 6023 6032 6022
f 6024 6034 6033
f 6024 6033 6023
f 6025 6035 6034
f 6025 6034 6024
f 6026 6036 6035
f 6026 6035 6025
f 6027 6037 6036
f 6027 6036 6026
f 6028 6038 6037
f 6028 6037 6027
f 6029 6039 6038
f 6029 6038 6028
f 6030 6040 6039
f 6030 6039 6029
f 6031 6041 6050
f 6031 6050 6040
f 6032 6042 6041
f 6032 6041 6031
f 6033 6043 6042
f 6033 6042 6032
f 6034 6044 6043
f 6034 6043 6033
f 6035 6045 6044
f 6035 6044 6034
f 6036 6046 6045
f 6036 6045 6035
f 6037 6047 6046
f 6037 6046 6036
f 6038 6048 6047
f 6038 6047 6037
f 6039 6049 6048
f 6039 6048 6038
f 6040 6050 6049
f 6040 6049 6039
f 6041 6051 6060
f 6041 6060 6050
f 6042 6052 6051
f 6042 6051 6041
f 6043 6053 6052
f 6043 6052 6042
f 6044 6054 6053
f 6044 6053 6043
f 6045 6055 6054
f 6045 6054 6044
f 6046 6056 6055
f 6046 6055 6045
f 6047 6057 6056
f 6047 6056 6046
f 6048 6058 6057
f 6048 6057 6047
f 6049 6059 6058
f 6049 6058 6048
f 6050 6060 6059
f 6050 6059 6049
f 6051 6061 6070
f 6051 6070 6060
f 6052 6062 6061
f 6052 6061 6051
f 6053 6063 6062
f 6053 6062 6052
f 6054 6064 6063
f 6054 6063 6053
f 6055 6065 6064
f 6055 6064 6054
f 6056 6066 6065
f 6056 6065 6055
f 6057 6067 6066
f 6057 6066 6056
f 6058 6068 6067
f 6058 6067 6057
f 6059 6069 6068
f 6059 6068 6058
f 6060 6070 6069
f 6060 6069 6059
f 6061 6071 6080
f 6061 6080 6070
f 6062 6072 6071
f 6062 6071 6061
f 6063 6073 6072
f 6063 6072 6062
f 6064 6074 6073
f 6064 6073 6063
f 6065 6075 6074
f 6065 6074 6064
f 6066 6076 6075
f 6066 6075 6065
f 6067 6077 6076
f 6067 6076 6066
f 6068 6078 6077
f 6068 6077 6067
f 6069 6079 6078
f 6069 6078 6068
f 6070 6080 6079
f 6070 6079 6069
f 6071 6081 6090
f 6071 6090 6080
f 6072 6082 6081
f 6072 6081 6071
f 6073 6083 6082
f 6073 6082 6072
f 6074 6084 6083
f 6074 6083 6073
f 6075 6085 6084
f 6075 6084 6074
f 6076 6086 6085
f 6076 6085 6075
f 6077 6087 6086
f 6077 6086 6076
f 6078 6088 6087
f 6078 6087 6077
f 6079 6089 6088
f 6079 6088 6078
f 6080 6090 6089
f 6080 6089 6079
f 6081 6091 6100
f 6081 6100 6090
f 6082 6092 6091
f 6082 6091 6081
f 6083 6093 6092
f 6083 6092 6082
f 6084 6094 6093
f 6084 6093 6083
f 6085 6095 6094
f 6085 6094 6084
f 6086 6096 6095
f 6086 6095 6085
f 6087 6097 6096
f 6087 6096 6086
f 6088 6098 6097
f 6088 6097 6087
f 6089 6099 6098
f 6089 6098 6088
f 6090 6100 6099
f 6090 6099 6089
f 6091 6101 6110
f 6091 6110 6100
f 6092 6102 6101
f 6092 6101 6091
f 6093 6103 6102
f 6093 6102 6092
f 6094 6104 6103
f 6094 6103 6093
f 6095 6105 6104
f 6095 6104 6094
f 6096 6106 6105
f 6096 6105 6095
f 6097 6107 6106
f 6097 6106 6096
f 6098 6108 6107
f 6098 6107 6097
f 6099 6109 6108
f 6099 6108 6098
f 6100 6110 6109
f 6100 6109 6099
f 6101 6111 6120
f 6101 6120 6110
f 6102 6112 6111
f 6102 6111 6101
f 6103 6113 6112
f 6103 6112 6102
f 6104 6114 6113
f 6104 6113 6103
f 6105 6115 6114
f 6105 6114 6104
f 6106 6116 6115
f 6106 6115 6105
f 6107 6117 6116
f 6107 6116 6106
f 6108 6118 6117
f 6108 6117 6107
f 6109 6119 6118
f 6109 6118 6108
f 6110 6120 6119
f 6110 6119 6109
f 6111 6121 6130
f 6111 6130 6120
f 6112 6122 6121
f 6112 6121 6111
f 6113 6123 6122
f 6113 6122 6112
f 6114 6124 6123
f 6114 6123 6113
f 6115 6125 6124
f 6115 6124 6114
f 6116 6126 6125
f 6116 6125 6115
f 6117 6127 6126
f 6117 6126 6116
f 6118 6128 6127
f 6118 6127 6117
f 6119 6129 6128
f 6119 6128 6118
f 6120 6130 6129
f 6120 6129 6119
f 6121 6131 6140
f 6121 6140 6130
f 6122 6132 6131
f 6122 6131 6121
f 6123 6133 6132
f 6123 6132 6122
f 6124 6134 6133
f 6124 6133 6123
f 6125 6135 6134
f 6125 6134 6124
f 6126 6136 6135
f 6126 6135 6125
f 6127 6137 6136
f 6127 6136 6126
f 6128 6138 6137
f 6128 6137 6127
f 6129 6139 6138
f 6129 6138 6128
f 6130 6140 6139
f 6130 6139 6129
f 6131 6141 6150
f 6131 6150 6140
f 6132 6142 6141
f 6132 6141 6131
f 6133 6143 6142
f 6133 6142 6132
f 6134 6144 6143
f 6134 6143 6133
f 6135 6145 6144
f 6135 6144 6134
f 6136 6146 6145
f 6136 6145 6135
f 6137 6147 6146
f 6137 6146 6136
f 6138 6148 6147
f 6138 6147 6137
f 6139 6149 6148
f 6139 6148 6138
f 6140 6150 6149
f 6140 6149 6139
f 6141 6151 6160
f 6141 6160 6150
f 6142 6152 6151
f 6142 6151 6141
f 6143 6153 6152
f 6143 6152 6142
f 6144 6154 6153
f 6144 6153 6143
f 6145 6155 6154
f 6145 6154 6144
f 6146 6156 6155
f 6146 6155 6145
f 6147 6157 6156
f 6147 6156 6146
f 6148 6158 6157
f 6148 6157 6147
f 6149 6159 6158
f 6149 6158 6148
f 6150 6160 6159
f 6150 6159 6149
f 6151 6161 6170
f 6151 6170 6160
f 6152 6162 6161
f 6152 6161 6151
f 6153 6163 6162
f 6153 6162 6152
f 6154 6164 6163
f 6154 6163 6153
f 6155 6165 6164
f 6155 6164 6154
f 6156 6166 6165
f 6156 6165 6155
f 6157 6167 6166
f 6157 6166 6156
f 6158 6168 6167
f 6158 6167 6157
f 6159 6169 6168
f 6159 6168 6158
f 6160 6170 6169
f 6160 6169 6159
f 6161 6171 6180
f 6161 6180 6170
f 6162 6172 6171
f 6162 6171 6161
f 6163 6173 6172
f 6163 6172 6162
f 6164 6174 6173
f 6164 6173 6163
f 6165 6175 6174
f 6165 6174 6164
f 6166 6176 6175
f 6166 6175 6165
f 6167 6177 6176
f 6167 6176 6166
f 6168 6178 6177
f 6168 6177 6167
f 6169 6179 6178
f 6169 6178 6168
f 6170 6180 6179
f 6170 6179 6169
f 6171 6181 6190
f 6171 6190 6180
f 6172 6182 6181
f 6172 6181 6171
f 6173 6183 6182
f 6173 6182 6172
f 6174 6184 6183
f 6174 6183 6173
f 6175 6185 6184
f 6175 6184 6174
f 6176 6186 6185
f 6176 6185 6175
f 6177 6187 6186
f 6177 6186 6176
f 6178 6188 6187
f 6178 6187 6177
f 6179 6189 6188
f 6179 6188 6178
f 6180 6190 6189
f 6180 6189 6179
f 6181 6191 6200
f 6181 6200 6190
f 6182 6192 6191
f 6182 6191 6181
f 6183 6193 6192
f 6183 6192 6182
f 6184 6194 6193
f 6184 6193 6183
f 6185 6195 6194
f 6185 6194 6184
f 6186 6196 6195
f 6186 6195 6185
f 6187 6197 6196
f 6187 6196 6186
f 6188 6198 6197
f 6188 6197 6187
f 6189 6199 6198
f 6189 6198 6188
f 6190 6200 6199
f 6190 6199 6189
f 6191 6201 6210
f 6191 6210 6200
f 6192 6202 6201
f 6192 6201 6191
f 6193 6203 6202
f 6193 6202 6192
f 6194 6204 6203
f 6194 6203 6193
f 6195 6205 6204
f 6195 6204 6194
f 6196 6206 6205
f 6196 6205 6195
f 6197 6207 6206
f 6197 6206 6196
f 6198 6208 6207
f 6198 6207 6197
f 6199 6209 6208
f 6199 6208 6198
f 6200 6210 6209
f 6200 6209 6199
f 6201 6211 6220
f 6201 6220 6210
f 6202 6212 6211
f 6202 6211 6201
f 6203 6213 6212
f 6203 6212 6202
f 6204 6214 6213
f 6204 6213 6203
f 6205 6215 6214
f 6205 6214 6204
f 6206 6216 6215
f 6206 6215 6205
f 6207 6217 6216
f 6207 6216 6206
f 6208 6218 6217
f 6208 6217 6207
f 6209 6219 6218
f 6209 6218 6208
f 6210 6220 6219
f 6210 6219 6209
f 6211 6221 6230
f 6211 6230 6220
f 6212 6222 6221
f 6212 6221 6211
f 6213 6223 6222
f 6213 6222 6212
f 6214 6224 6223
f 6214 6223 6213
f 6215 6225 6224
f 6215 6224 6214
f 6216 6226 6225
f 6216 6225 6215
f 6217 6227 6226
f 6217 6226 6216
f 6218 6228 6227
f 6218 6227 6217
f 6219 6229 6228
f 6219 6228 6218
f 6220 6230 6229
f 6220 6229 6219
f 6221 6231 6240
f 6221 6240 6230
f 6222 6232 6231
f 6222 6231 6221
f 6223 6233 6232
f 6223 6232 6222
f 6224 6234 6233
f 6224 6233 6223
f 6225 6235 6234
f 6225 6234 6224
f 6226 6236 6235
f 6226 6235 6225
f 6227 6237 6236
f 6227 6236 6226
f 6228 6238 6237
f 6228 6237 6227
f 6229 6239 6238
f 6229 6238 6228
f 6230 6240 6239
f 6230 6239 6229
f 6231 6241 6250
f 6231 6250 6240
f 6232 6242 6241
f 6232 6241 6231
f 6233 6243 6242
f 6233 6242 6232
f 6234 6244 6243
f 6234 6243 6233
f 6235 6245 6244
f 6235 6244 6234
f 6236 6246 6245
f 6236 6245 6235
f 6237 6247 6246
f 6237 6246 6236
f 6238 6248 6247
f 6238 6247 6237
f 6239 6249 6248
f 6239 6248 6238
f 6240 6250 6249
f 6240 6249 6239
f 6241 6251 6260
f 6241 6260 6250
f 6242 6252 6251
f 6242 6251 6241
f 6243 6253 6252
f 6243 6252 6242
f 6244 6254 6253
f 6244 6253 6243
f 6245 6255 6254
f 6245 6254 6244
f 6246 6256 6255
f 6246 6255 6245
f 6247 6257 6256
f 6247 6256 6246
f 6248 6258 6257
f 6248 6257 6247
f 6249 6259 6258
f 6249 6258 6248
f 6250 6260 6259
f 6250 6259 6249
f 6251 6261 6270
f 6251 6270 6260
f 6252 6262 6261
f 6252 6261 6251
f 6253 6263 6262
f 6253 6262 6252
f 6254 6264 6263
f 6254 6263 6253
f 6255 6265 6264
f 6255 6264 6254
f 6256 6266 6265
f 6256 6265 6255
f 6257 6267 6266
f 6257 6266 6256
f 6258 6268 6267
f 6258 6267 6257
f 6259 6269 6268
f 6259 6268 6258
f 6260 6270 6269
f 6260 6269 6259
f 6261 6271 6280
f 6261 6280 6270
f 6262 6272 6271
f 6262 6271 6261
f 6263 6273 6272
f 6263 6272 6262
f 6264 6274 6273
f 6264 6273 6263
f 6265 6275 6274
f 6265 6274 6264
f 6266 6276 6275
f 6266 6275 6265
f 6267 6277 6276
f 6267 6276 6266
f 6268 6278 6277
f 6268 6277 6267
f 6269 6279 6278
f 6269 6278 6268
f 6270 6280 6279
f 6270 6279 6269
f 6271 6281 6290
f 6271 6290 6280
f 6272 6282 6281
f 6272 6281 6271
f 6273 6283 6282
f 6273 6282 6272
f 6274 6284 6283
f 6274 6283 6273
f 6275 6285 6284
f 6275 6284 6274
f 6276 6286 6285
f 6276 6285 6275
f 6277 6287 6286
f 6277 6286 6276
f 6278 6288 6287
f 6278 6287 6277
f 6279 6289 6288
f 6279 6288 6278
f 6280 6290 6289
f 6280 6289 6279
f 6281 6291 6300
f 6281 6300 6290
f 6282 6292 6291
f 6282 6291 6281
f 6283 6293 6292
f 6283 6292 6282
f 6284 6294 6293
f 6284 6293 6283
f 6285 6295 6294
f 6285 6294 6284
f 6286 6296 6295
f 6286 6295 6285
f 6287 6297 6296
f 6287 6296 6286
f 6288 6298 6297
f 6288 6297 6287
f 6289 6299 6298
f 6289 6298 6288
f 6290 6300 6299
f 6290 6299 6289
f 6291 6301 6310
f 6291 6310 6300
f 6292 6302 6301
f 6292 6301 6291
f 6293 6303 6302
f 6293 6302 6292
f 6294 6304 6303
f 6294 6303 6293
f 6295 6305 6304
f 6295 6304 6294
f 6296 6306 6305
f 6296 6305 6295
f 6297 6307 6306
f 6297 6306 6296
f 6298 6308 6307
f 6298 6307 6297
f 6299 6309 6308
f 6299 6308 6298
f 6300 6310 6309
f 6300 6309 6299
f 6301 6311 6320
f 6301 6320 6310
f 6302 6312 6311
f 6302 6311 6301
f 6303 6313 6312
f 6303 6312 6302
f 6304 6314 6313
f 6304 6313 6303
f 6305 6315 6314
f 6305 6314 6304
f 6306 6316 6315
f 6306 6315 6305
f 6307 6317 6316
f 6307 6316 6306
f 6308 6318 6317
f 6308 6317 6307
f 6309 6319 6318
f 6309 6318 6308
f 6310 6320 6319
f 6310 6319 6309
f 6311 6321 6330
f 6311 6330 6320
f 6312 6322 6321
f 6312 6321 6311
f 6313 6323 6322
f 6313 6322 6312
f 6314 6324 6323
f 6314 6323 6313
f 6315 6325 6324
f 6315 6324 6314
f 6316 6326 6325
f 6316 6325 6315
f 6317 6327 6326
f 6317 6326 6316
f 6318 6328 6327
f 6318 6327 6317
f 6319 6329 6328
f 6319 6328 6318
f 6320 6330 6329
f 6320 6329 6319
f 6321 6331 6340
f 6321 6340 6330
f 6322 6332 6331
f 6322 6331 6321
f 6323 6333 6332
f 6323 6332 6322
f 6324 6334 6333
f 6324 6333 6323
f 6325 6335 6334
f 6325 6334 6324
f 6326 6336 6335
f 6326 6335 6325
f 6327 6337 6336
f 6327 6336 6326
f 6328 6338 6337
f 6328 6337 6327
f 6329 6339 6338
f 6329 6338 6328
f 6330 6340 6339
f 6330 6339 6329
f 6331 6341 6350
f 6331 6350 6340
f 6332 6342 6341
f 6332 6341 6331
f 6333 6343 6342
f 6333 6342 6332
f 6334 6344 6343
f 6334 6343 6333
f 6335 6345 6344
f 6335 6344 6334
f 6336 6346 6345
f 6336 6345 6335
f 6337 6347 6346
f 6337 6346 6336
f 6338 6348 6347
f 6338 6347 6337
f 6339 6349 6348
f 6339 6348 6338
f 6340 6350 6349
f 6340 6349 6339
f 6341 6351 6360
f 6341 6360 6350
f 6342 6352 6351
f 6342 6351 6341
f 6343 6353 6352
f 6343 6352 6342
f 6344 6354 6353
f 6344 6353 6343
f 6345 6355 6354
f 6345 6354 6344
f 6346 6356 6355
f 6346 6355 6345
f 6347 6357 6356
f 6347 6356 6346
f 6348 6358 6357
f 6348 6357 6347
f 6349 6359 6358
f 6349 6358 6348
f 6350 6360 6359
f 6350 6359 6349
f 6351 6361 6370
f 6351 6370 6360
f 6352 6362 6361
f 6352 6361 6351
f 6353 6363 6362
f 6353 6362 6352
f 6354 6364 6363
f 6354 6363 6353
f 6355 6365 6364
f 6355 6364 6354
f 6356 6366 6365
f 6356 6365 6355
f 6357 6367 6366
f 6357 6366 6356
f 6358 6368 6367
f 6358 6367 6357
f 6359 6369 6368
f 6359 6368 6358
f 6360 6370 6369
f 6360 6369 6359
f 6361 6371 6380
f 6361 6380 6370
f 6362 6372 6371
f 6362 6371 6361
f 6363 6373 6372
f 6363 6372 6362
f 6364 6374 6373
f 6364 6373 6363
f 6365 6375 6374
f 6365 6374 6364
f 6366 6376 6375
f 6366 6375 6365
f 6367 6377 6376
f 6367 6376 6366
f 6368 6378 6377
f 6368 6377 6367
f 6369 6379 6378
f 6369 6378 6368
f 6370 6380 6379
f 6370 6379 6369
f 6371 6381 6390
f 6371 6390 6380
f 6372 6382 6381
f 6372 6381 6371
f 6373 6383 6382
f 6373 6382 6372
f 6374 6384 6383
f 6374 6383 6373
f 6375 6385 6384
f 6375 6384 6374
f 6376 6386 6385
f 6376 6385 6375
f 6377 6387 6386
f 6377 6386 6376
f 6378 6388 6387
f 6378 6387 6377
f 6379 6389 6388
f 6379 6388 6378
f 6380 6390 6389
f 6380 6389 6379
f 6381 6391 6400
f 6381 6400 6390
f 6382 6392 6391
f 6382 6391 6381
f 6383 6393 6392
f 6383 6392 6382
f 6384 6394 6393
f 6384 6393 6383
f 6385 6395 6394
f 6385 6394 6384
f 6386 6396 6395
f 6386 6395 6385
f 6387 6397 6396
f 6387 6396 6386
f 6388 6398 6397
f 6388 6397 6387
f 6389 6399 6398
f 6389 6398 6388
f 6390 6400 6399
f 6390 6399 6389
f 6391 6401 6410
f 6391 6410 6400
f 6392 6402 6401
f 6392 6401 6391
f 6393 6403 6402
f 6393 6402 6392
f 6394 6404 6403
f 6394 6403 6393
f 6395 6405 6404
f 6395 6404 6394
f 6396 6406 6405
f 6396 6405 6395
f 6397 6407 6406
f 6397 6406 6396
f 6398 6408 6407
f 6398 6407 6397
f 6399 6409 6408
f 6399 6408 6398
f 6400 6410 6409
f 6400 6409 6399
f 6401 6411 6420
f 6401 6420 6410
f 6402 6412 6411
f 6402 6411 6401
f 6403 6413 6412
f 6403 6412 6402
f 6404 6414 6413
f 6404 6413 6403
f 6405 6415 6414
f 6405 6414 6404
f 6406 6416 6415
f 6406 6415 6405
f 6407 6417 6416
f 6407 6416 6406
f 6408 6418 6417
f 6408 6417 6407
f 6409 6419 6418
f 6409 6418 6408
f 6410 6420 6419
f 6410 6419 6409
f 6411 6421 6430
f 6411 6430 6420
f 6412 6422 6421
f 6412 6421 6411
f 6413 6423 6422
f 6413 6422 6412
f 6414 6424 6423
f 6414 6423 6413
f 6415 6425 6424
f 6415 6424 6414
f 6416 6426 6425
f 6416 6425 6415
f 6417 6427 6426
f 6417 6426 6416
f 6418 6428 6427
f 6418 6427 6417
f 6419 6429 6428
f 6419 6428 6418
f 6420 6430 6429
f 6420 6429 6419
f 6421 6431 6440
f 6421 6440 6430
f 6422 6432 6431
f 6422 6431 6421
f 6423 6433 6432
f 6423 6432 6422
f 6424 6434 6433
f 6424 6433 6423
f 6425 6435 6434
f 6425 6434 6424
f 6426 6436 6435
f 6426 6435 6425
f 6427 6437 6436
f 6427 6436 6426
f 6428 6438 6437
f 6428 6437 6427
f 6429 6439 6438
f 6429 6438 6428
f 6430 6440 6439
f 6430 6439 6429
f 6431 6441 6450
f 6431 6450 6440
f 6432 6442 6441
f 6432 6441 6431
f 6433 6443 6442
f 6433 6442 6432
f 6434 6444 6443
f 6434 6443 6433
f 6435 6445 6444
f 6435 6444 6434
f 6436 6446 6445
f 6436 6445 6435
f 6437 6447 6446
f 6437 6446 6436
f 6438 6448 6447
f 6438 6447 6437
f 6439 6449 6448
f 6439 6448 6438
f 6440 6450 6449
f 6440 6449 6439
f 6441 6451 6460
f 6441 6460 6450
f 6442 6452 6451
f 6442 6451 6441
f 6443 6453 6452
f 6443 6452 6442
f 6444 6454 6453
f 6444 6453 6443
f 6445 6455 6454
f 6445 6454 6444
f 6446 6456 6455
f 6446 6455 6445
f 6447 6457 6456
f 6447 6456 6446
f 6448 6458 6457
f 6448 6457 6447
f 6449 6459 6458
f 6449 6458 6448
f 6450 6460 6459
f 6450 6459 6449
f 6451 6461 6470
f 6451 6470 6460
f 6452 6462 6461
f 6452 6461 6451
f 6453 6463 6462
f 6453 6462 6452
f 6454 6464 6463
f 6454 6463 6453
f 6455 6465 6464
f 6455 6464 6454
f 6456 6466 6465
f 6456 6465 6455
f 6457 6467 6466
f 6457 6466 6456
f 6458 6468 6467
f 6458 6467 6457
f 6459 6469 6468
f 6459 6468 6458
f 6460 6470 6469
f 6460 6469 6459
v -0.1800000 0.2680000 0.5000000
v -0.1800000 0.2680000 0.3000000
v -0.1868883 0.2666298 0.5000000
v -0.1868883 0.2666298 0.3000000
v -0.1927279 0.2627279 0.5000000
v -0.1927279 0.2627279 0.3000000
v -0.1966298 0.2568883 0.5000000
v -0.1966298 0.2568883 0.3000000
v -0.1980000 0.2500000 0.5000000
v -0.1980000 0.2500000 0.3000000
v -0.1966298 0.2431117 0.5000000
v -0.1966298 0.2431117 0.3000000
v -0.1927279 0.2372721 0.5000000
v -0.1927279 0.2372721 0.3000000
v -0.1868883 0.2333702 0.5000000
v -0.1868883 0.2333702 0.3000000
v -0.1800000 0.2320000 0.5000000
v -0.1800000 0.2320000 0.3000000
v -0.1731117 0.2333702 0.5000000
v -0.1731117 0.2333702 0.3000000
v -0.1672721 0.2372721 0.5000000
v -0.1672721 0.2372721 0.3000000
v -0.1633702 0.2431117 0.5000000
v -0.1633702 0.2431117 0.3000000
v -0.1620000 0.2500000 0.5000000
v -0.1620000 0.2500000 0.3000000
v -0.1633702 0.2568883 0.5000000
v -0.1633702 0.2568883 0.3000000
v -0.1672721 0.2627279 0.5000000
v -0.1672721 0.2627279 0.3000000
v -0.1731117 0.2666298 0.5000000
v -0.1731117 0.2666298 0.3000000
f 6471 6472 6474
f 6471 6474 6473
f 6473 6474 6476
f 6473 6476 6475
f 6475 6476 6478
f 6475 6478 6477
f 6477 6478 6480
f 6477 6480 6479
f 6479 6480 6482
f 6479 6482 6481
f 6481 6482 6484
f 6481 6484 6483
f 6483 6484 6486
f 6483 6486 6485
f 6485 6486 6488
f 6485 6488 6487
f 6487 6488 6490
f 6487 6490 6489
f 6489 6490 6492
f 6489 6492 6491
f 6491 6492 6494
f 6491 6494 6493
f 6493 6494 6496
f 6493 6496 6495
f 6495 6496 6498
f 6495 6498 6497
f 6497 6498 6500
f 6497 6500 6499
f 6476 6474 6472
f 6472 6502 6500
f 6500 6498 6496
f 6496 6494 6492
f 6492 6490 6488
f 6488 6486 6484
f 6484 6482 6480
f 6480 6478 6476
f 6476 6472 6500
f 6500 6496 6492
f 6492 6488 6484
f 6484 6480 6476
f 6476 6500 6492
f 6492 6484 6476
f 6499 6500 6502
f 6499 6502 6501
f 6501 6502 6472
f 6501 6472 6471
f 6501 6471 6473
f 6473 6475 6477
f 6477 6479 6481
f 6481 6483 6485
f 6485 6487 6489
f 6489 6491 6493
f 6493 6495 6497
f 6497 6499 6501
f 6501 6473 6477
f 6477 6481 6485
f 6485 6489 6493
f 6493 6497 6501
f 6501 6477 6485
f 6485 6493 6501
v -0.1800000 0.4540000 0.3450000
v -0.1800000 0.4660000 0.3450000
v -0.1972208 0.4540000 0.3415746
v -0.1972208 0.4660000 0.3415746
v -0.2118198 0.4540000 0.3318198
v -0.2118198 0.4660000 0.3318198
v -0.2215746 0.4540000 0.3172208
v -0.2215746 0.4660000 0.3172208
v -0.2250000 0.4540000 0.3000000
v -0.2250000 0.4660000 0.3000000
v -0.2215746 0.4540000 0.2827792
v -0.2215746 0.4660000 0.2827792
v -0.2118198 0.4540000 0.2681802
v -0.2118198 0.4660000 0.2681802
v -0.1972208 0.4540000 0.2584254
v -0.1972208 0.4660000 0.2584254
v -0.1800000 0.4540000 0.2550000
v -0.1800000 0.4660000 0.2550000
v -0.1627793 0.4540000 0.2584254
v -0.1627793 0.4660000 0.2584254
v -0.1481802 0.4540000 0.2681802
v -0.1481802 0.4660000 0.2681802
v -0.1384254 0.4540000 0.2827792
v -0.1384254 0.4660000 0.2827792
v -0.1350000 0.4540000 0.3000000
v -0.1350000 0.4660000 0.3000000
v -0.1384254 0.4540000 0.3172208
v -0.1384254 0.4660000 0.3172208
v -0.1481802 0.4540000 0.3318198
v -0.1481802 0.4660000 0.3318198
v -0.1627792 0.4540000 0.3415746
v -0.1627792 0.4660000 0.3415746
f 6503 6504 6506
f 6503 6506 6505
f 6505 6506 6508
f 6505 6508 6507
f 6507 6508 6510
f 6507 6510 6509
f 6509 6510 6512
f 6509 6512 6511
f 6511 6512 6514
f 6511 6514 6513
f 6513 6514 6516
f 6513 6516 6515
f 6515 6516 6518
f 6515 6518 6517
f 6517 6518 6520
f 6517 6520 6519
f 6519 6520 6522
f 6519 6522 6521
f 6521 6522 6524
f 6521 6524 6523
f 6523 6524 6526
f 6523 6526 6525
f 6525 6526 6528
f 6525 6528 6527
f 6527 6528 6530
f 6527 6530 6529
f 6529 6530 6532
f 6529 6532 6531
f 6508 6506 6504
f 6504 6534 6532
f 6532 6530 6528
f 6528 6526 6524
f 6524 6522 6520
f 6520 6518 6516
f 6516 6514 6512
f 6512 6510 6508
f 6508 6504 6532
f 6532 6528 6524
f 6524 6520 6516
f 6516 6512 6508
f 6508 6532 6524
f 6524 6516 6508
f 6531 6532 6534
f 6531 6534 6533
f 6533 6534 6504
f 6533 6504 6503
f 6533 6503 6505
f 6505 6507 6509
f 6509 6511 6513
f 6513 6515 6517
f 6517 6519 6521
f 6521 6523 6525
f 6525 6527 6529
f 6529 6531 6533
f 6533 6505 6509
f 6509 6513 6517
f 6517 6521 6525
f 6525 6529 6533
f 6533 6509 6517
f 6517 6525 6533
v 0.1320000 0.4240000 0.4250000
v 0.1311962 0.4210000 0.4250000
v 0.1290000 0.4188038 0.4250000
v 0.1260000 0.4180000 0.4250000
v 0.1230000 0.4188038 0.4250000
v 0.1208038 0.4210000 0.4250000
v 0.1200000 0.4240000 0.4250000
v 0.1208038 0.4270000 0.4250000
v 0.1230000 0.4291961 0.4250000
v 0.1260000 0.4300000 0.4250000
v 0.1290000 0.4291961 0.4250000
v 0.1311962 0.4270000 0.4250000
v 0.1317174 0.4240000 0.4336332
v 0.1309153 0.4210000 0.4335807
v 0.1287238 0.4188038 0.4334370
v 0.1257302 0.4180000 0.4332408
v 0.1227367 0.4188038 0.4330446
v 0.1205452 0.4210000 0.4329010
v 0.1197431 0.4240000 0.4328484
v 0.1205452 0.4270000 0.4329010
v 0.1227367 0.4291961 0.4330446
v 0.1257302 0.4300000 0.4332408
v 0.1287238 0.4291961 0.4334370
v 0.1309153 0.4270000 0.4335807
v 0.1308707 0.4240000 0.4422295
v 0.1300738 0.4210000 0.4421245
v 0.1278964 0.4188038 0.4418379
v 0.1249221 0.4180000 0.4414463
v 0.1219477 0.4188038 0.4410547
v 0.1197704 0.4210000 0.4407681
v 0.1189734 0.4240000 0.4406632
v 0.1197704 0.4270000 0.4407681
v 0.1219477 0.4291961 0.4410547
v 0.1249221 0.4300000 0.4414463
v 0.1278964 0.4291961 0.4418379
v 0.1300738 0.4270000 0.4421245
v 0.1294637 0.4240000 0.4507519
v 0.1286753 0.4210000 0.4505951
v 0.1265213 0.4188038 0.4501667
v 0.1235789 0.4180000 0.4495814
v 0.1206366 0.4188038 0.4489961
v 0.1184826 0.4210000 0.4485677
v 0.1176942 0.4240000 0.4484109
v 0.1184826 0.4270000 0.4485677
v 0.1206366 0.4291961 0.4489961
v 0.1235789 0.4300000 0.4495814
v 0.1265213 0.4291961 0.4501667
v 0.1286753 0.4270000 0.4505951
v 0.1275022 0.4240000 0.4591641
v 0.1267257 0.4210000 0.4589561
v 0.1246044 0.4188038 0.4583877
v 0.1217067 0.4180000 0.4576112
v 0.1188089 0.4188038 0.4568348
v 0.1166876 0.4210000 0.4562663
v 0.1159111 0.4240000 0.4560583
v 0.1166876 0.4270000 0.4562663
v 0.1188089 0.4291961 0.4568347
v 0.1217067 0.4300000 0.4576112
v 0.1246044 0.4291961 0.4583877
v 0.1267257 0.4270000 0.4589561
v 0.1249948 0.4240000 0.4674300
v 0.1242336 0.4210000 0.4671716
v 0.1221540 0.4188038 0.4664657
v 0.1193132 0.4180000 0.4655014
v 0.1164724 0.4188038 0.4645371
v 0.1143928 0.4210000 0.4638312
v 0.1136316 0.4240000 0.4635727
v 0.1143928 0.4270000 0.4638311
v 0.1164724 0.4291961 0.4645371
v 0.1193132 0.4300000 0.4655014
v 0.1221540 0.4291961 0.4664657
v 0.1242336 0.4270000 0.4671716
v 0.1219521 0.4240000 0.4755142
v 0.1212095 0.4210000 0.4752066
v 0.1191805 0.4188038 0.4743662
v 0.1164088 0.4180000 0.4732181
v 0.1136372 0.4188038 0.4720701
v 0.1116082 0.4210000 0.4712296
v 0.1108656 0.4240000 0.4709220
v 0.1116082 0.4270000 0.4712296
v 0.1136372 0.4291961 0.4720701
v 0.1164088 0.4300000 0.4732181
v 0.1191805 0.4291961 0.4743662
v 0.1212095 0.4270000 0.4752066
v 0.1183872 0.4240000 0.4833821
v 0.1176663 0.4210000 0.4830266
v 0.1156966 0.4188038 0.4820553
v 0.1130060 0.4180000 0.4807284
v 0.1103154 0.4188038 0.4794015
v 0.1083457 0.4210000 0.4784302
v 0.1076247 0.4240000 0.4780747
v 0.1083457 0.4270000 0.4784302
v 0.1103154 0.4291961 0.4794015
v 0.1130060 0.4300000 0.4807284
v 0.1156966 0.4291961 0.4820552
v 0.1176663 0.4270000 0.4830266
v 0.1143153 0.4240000 0.4910000
v 0.1136192 0.4210000 0.4905981
v 0.1117173 0.4188038 0.4895000
v 0.1091192 0.4180000 0.4880000
v 0.1065211 0.4188038 0.4865000
v 0.1046192 0.4210000 0.4854020
v 0.1039230 0.4240000 0.4850000
v 0.1046192 0.4270000 0.4854020
v 0.1065211 0.4291961 0.4865000
v 0.1091192 0.4300000 0.4880000
v 0.1117173 0.4291961 0.4895000
v 0.1136192 0.4270000 0.4905981
v 0.1097540 0.4240000 0.4983353
v 0.1090856 0.4210000 0.4978887
v 0.1072596 0.4188038 0.4966686
v 0.1047652 0.4180000 0.4950019
v 0.1022708 0.4188038 0.4933352
v 0.1004447 0.4210000 0.4921151
v 0.0997764 0.4240000 0.4916684
v 0.1004447 0.4270000 0.4921150
v 0.1022708 0.4291961 0.4933352
v 0.1047652 0.4300000 0.4950019
v 0.1072596 0.4291961 0.4966686
v 0.1090856 0.4270000 0.4978887
v 0.1047227 0.4240000 0.5053565
v 0.1040849 0.4210000 0.5048671
v 0.1023426 0.4188038 0.5035302
v 0.0999625 0.4180000 0.5017039
v 0.0975825 0.4188038 0.4998777
v 0.0958401 0.4210000 0.4985407
v 0.0952024 0.4240000 0.4980514
v 0.0958401 0.4270000 0.4985407
v 0.0975825 0.4291961 0.4998777
v 0.0999625 0.4300000 0.5017039
v 0.1023426 0.4291961 0.5035302
v 0.1040849 0.4270000 0.5048671
v 0.0992429 0.4240000 0.5120336
v 0.0986385 0.4210000 0.5115036
v 0.0969873 0.4188038 0.5100556
v 0.0947318 0.4180000 0.5080776
v 0.0924763 0.4188038 0.5060996
v 0.0908251 0.4210000 0.5046515
v 0.0902208 0.4240000 0.5041215
v 0.0908251 0.4270000 0.5046515
v 0.0924763 0.4291961 0.5060995
v 0.0947318 0.4300000 0.5080776
v 0.0969873 0.4291961 0.5100556
v 0.0986385 0.4270000 0.5115036
v 0.0933381 0.4240000 0.5183381
v 0.0927697 0.4210000 0.5177697
v 0.0912168 0.4188038 0.5162168
v 0.0890954 0.4180000 0.5140955
v 0.0869741 0.4188038 0.5119742
v 0.0854212 0.4210000 0.5104212
v 0.0848528 0.4240000 0.5098528
v 0.0854212 0.4270000 0.5104212
v 0.0869741 0.4291961 0.5119742
v 0.0890954 0.4300000 0.5140955
v 0.0912168 0.4291961 0.5162168
v 0.0927697 0.4270000 0.5177697
v 0.0870337 0.4240000 0.5242429
v 0.0865036 0.4210000 0.5236385
v 0.0850556 0.4188038 0.5219874
v 0.0830776 0.4180000 0.5197318
v 0.0810995 0.4188038 0.5174763
v 0.0796515 0.4210000 0.5158252
v 0.0791215 0.4240000 0.5152208
v 0.0796515 0.4270000 0.5158252
v 0.0810995 0.4291961 0.5174763
v 0.0830776 0.4300000 0.5197318
v 0.0850556 0.4291961 0.5219873
v 0.0865036 0.4270000 0.5236385
v 0.0803565 0.4240000 0.5297226
v 0.0798672 0.4210000 0.5290849
v 0.0785302 0.4188038 0.5273426
v 0.0767040 0.4180000 0.5249625
v 0.0748777 0.4188038 0.5225825
v 0.0735407 0.4210000 0.5208401
v 0.0730514 0.4240000 0.5202024
v 0.0735407 0.4270000 0.5208401
v 0.0748777 0.4291961 0.5225825
v 0.0767040 0.4300000 0.5249625
v 0.0785302 0.4291961 0.5273426
v 0.0798672 0.4270000 0.5290849
v 0.0733353 0.4240000 0.5347540
v 0.0728887 0.4210000 0.5340856
v 0.0716686 0.4188038 0.5322596
v 0.0700018 0.4180000 0.5297652
v 0.0683351 0.4188038 0.5272708
v 0.0671150 0.4210000 0.5254447
v 0.0666684 0.4240000 0.5247764
v 0.0671150 0.4270000 0.5254447
v 0.0683351 0.4291961 0.5272708
v 0.0700018 0.4300000 0.5297652
v 0.0716686 0.4291961 0.5322596
v 0.0728887 0.4270000 0.5340856
v 0.0660000 0.4240000 0.5393153
v 0.0655981 0.4210000 0.5386192
v 0.0645000 0.4188038 0.5367173
v 0.0630000 0.4180000 0.5341192
v 0.0615000 0.4188038 0.5315211
v 0.0604019 0.4210000 0.5296192
v 0.0600000 0.4240000 0.5289231
v 0.0604019 0.4270000 0.5296192
v 0.0615000 0.4291961 0.5315211
v 0.0630000 0.4300000 0.5341192
v 0.0645000 0.4291961 0.5367173
v 0.0655981 0.4270000 0.5386192
v 0.0583821 0.4240000 0.5433872
v 0.0580266 0.4210000 0.5426663
v 0.0570553 0.4188038 0.5406966
v 0.0557284 0.4180000 0.5380059
v 0.0544015 0.4188038 0.5353153
v 0.0534302 0.4210000 0.5333457
v 0.0530747 0.4240000 0.5326247
v 0.0534302 0.4270000 0.5333457
v 0.0544015 0.4291961 0.5353153
v 0.0557284 0.4300000 0.5380059
v 0.0570553 0.4291961 0.5406966
v 0.0580266 0.4270000 0.5426663
v 0.0505142 0.4240000 0.5469521
v 0.0502066 0.4210000 0.5462095
v 0.0493662 0.4188038 0.5441805
v 0.0482181 0.4180000 0.5414088
v 0.0470701 0.4188038 0.5386372
v 0.0462297 0.4210000 0.5366082
v 0.0459220 0.4240000 0.5358655
v 0.0462297 0.4270000 0.5366082
v 0.0470701 0.4291961 0.5386372
v 0.0482181 0.4300000 0.5414088
v 0.0493662 0.4291961 0.5441805
v 0.0502066 0.4270000 0.5462095
v 0.0424300 0.4240000 0.5499948
v 0.0421716 0.4210000 0.5492336
v 0.0414657 0.4188038 0.5471540
v 0.0405014 0.4180000 0.5443132
v 0.0395370 0.4188038 0.5414724
v 0.0388311 0.4210000 0.5393928
v 0.0385727 0.4240000 0.5386316
v 0.0388311 0.4270000 0.5393928
v 0.0395370 0.4291961 0.5414724
v 0.0405014 0.4300000 0.5443132
v 0.0414657 0.4291961 0.5471540
v 0.0421716 0.4270000 0.5492336
v 0.0341641 0.4240000 0.5525022
v 0.0339561 0.4210000 0.5517257
v 0.0333877 0.4188038 0.5496045
v 0.0326112 0.4180000 0.5467067
v 0.0318347 0.4188038 0.5438089
v 0.0312663 0.4210000 0.5416875
v 0.0310583 0.4240000 0.5409111
v 0.0312663 0.4270000 0.5416875
v 0.0318347 0.4291961 0.5438089
v 0.0326112 0.4300000 0.5467067
v 0.0333877 0.4291961 0.5496045
v 0.0339561 0.4270000 0.5517257
v 0.0257519 0.4240000 0.5544637
v 0.0255951 0.4210000 0.5536753
v 0.0251667 0.4188038 0.5515213
v 0.0245814 0.4180000 0.5485790
v 0.0239961 0.4188038 0.5456366
v 0.0235677 0.4210000 0.5434827
v 0.0234109 0.4240000 0.5426943
v 0.0235677 0.4270000 0.5434827
v 0.0239961 0.4291961 0.5456366
v 0.0245814 0.4300000 0.5485790
v 0.0251667 0.4291961 0.5515213
v 0.0255951 0.4270000 0.5536752
v 0.0172294 0.4240000 0.5558708
v 0.0171245 0.4210000 0.5550738
v 0.0168379 0.4188038 0.5528964
v 0.0164463 0.4180000 0.5499220
v 0.0160547 0.4188038 0.5469477
v 0.0157680 0.4210000 0.5447704
v 0.0156631 0.4240000 0.5439734
v 0.0157680 0.4270000 0.5447704
v 0.0160547 0.4291961 0.5469477
v 0.0164463 0.4300000 0.5499220
v 0.0168379 0.4291961 0.5528964
v 0.0171245 0.4270000 0.5550737
v 0.0086332 0.4240000 0.5567174
v 0.0085806 0.4210000 0.5559153
v 0.0084370 0.4188038 0.5537238
v 0.0082408 0.4180000 0.5507302
v 0.0080446 0.4188038 0.5477366
v 0.0079009 0.4210000 0.5455452
v 0.0078484 0.4240000 0.5447431
v 0.0079009 0.4270000 0.5455452
v 0.0080446 0.4291961 0.5477366
v 0.0082408 0.4300000 0.5507302
v 0.0084370 0.4291961 0.5537238
v 0.0085806 0.4270000 0.5559152
v 0.0000000 0.4240000 0.5570000
v 0.0000000 0.4210000 0.5561962
v 0.0000000 0.4188038 0.5540000
v 0.0000000 0.4180000 0.5510000
v 0.0000000 0.4188038 0.5480000
v 0.0000000 0.4210000 0.5458038
v 0.0000000 0.4240000 0.5450000
v 0.0000000 0.4270000 0.5458038
v 0.0000000 0.4291961 0.5480000
v 0.0000000 0.4300000 0.5510000
v 0.0000000 0.4291961 0.5540000
v 0.0000000 0.4270000 0.5561962
v -0.0086332 0.4240000 0.5567174
v -0.0085806 0.4210000 0.5559153
v -0.0084370 0.4188038 0.5537238
v -0.0082408 0.4180000 0.5507302
v -0.0080446 0.4188038 0.5477366
v -0.0079009 0.4210000 0.5455452
v -0.0078484 0.4240000 0.5447431
v -0.0079009 0.4270000 0.5455452
v -0.0080446 0.4291961 0.5477366
v -0.0082408 0.4300000 0.5507302
v -0.0084370 0.4291961 0.5537238
v -0.0085806 0.4270000 0.5559152
v -0.0172295 0.4240000 0.5558707
v -0.0171246 0.4210000 0.5550738
v -0.0168379 0.4188038 0.5528964
v -0.0164463 0.4180000 0.5499220
v -0.0160547 0.4188038 0.5469477
v -0.0157681 0.4210000 0.5447704
v -0.0156632 0.4240000 0.5439734
v -0.0157681 0.4270000 0.5447704
v -0.0160547 0.4291961 0.5469477
v -0.0164463 0.4300000 0.5499220
v -0.0168379 0.4291961 0.5528964
v -0.0171246 0.4270000 0.5550737
v -0.0257519 0.4240000 0.5544637
v -0.0255951 0.4210000 0.5536753
v -0.0251667 0.4188038 0.5515213
v -0.0245814 0.4180000 0.5485790
v -0.0239961 0.4188038 0.5456366
v -0.0235677 0.4210000 0.5434827
v -0.0234108 0.4240000 0.5426943
v -0.0235677 0.4270000 0.5434827
v -0.0239961 0.4291961 0.5456366
v -0.0245814 0.4300000 0.5485790
v -0.0251667 0.4291961 0.5515213
v -0.0255951 0.4270000 0.5536752
v -0.0341641 0.4240000 0.5525022
v -0.0339560 0.4210000 0.5517258
v -0.0333876 0.4188038 0.5496045
v -0.0326112 0.4180000 0.5467067
v -0.0318347 0.4188038 0.5438089
v -0.0312663 0.4210000 0.5416875
v -0.0310583 0.4240000 0.5409111
v -0.0312663 0.4270000 0.5416875
v -0.0318347 0.4291961 0.5438089
v -0.0326112 0.4300000 0.5467067
v -0.0333876 0.4291961 0.5496045
v -0.0339560 0.4270000 0.5517257
v -0.0424300 0.4240000 0.5499948
v -0.0421716 0.4210000 0.5492336
v -0.0414657 0.4188038 0.5471540
v -0.0405014 0.4180000 0.5443132
v -0.0395371 0.4188038 0.5414724
v -0.0388312 0.4210000 0.5393928
v -0.0385728 0.4240000 0.5386316
v -0.0388312 0.4270000 0.5393928
v -0.0395371 0.4291961 0.5414724
v -0.0405014 0.4300000 0.5443132
v -0.0414657 0.4291961 0.5471540
v -0.0421716 0.4270000 0.5492336
v -0.0505142 0.4240000 0.5469521
v -0.0502066 0.4210000 0.5462095
v -0.0493662 0.4188038 0.5441805
v -0.0482181 0.4180000 0.5414088
v -0.0470701 0.4188038 0.5386372
v -0.0462296 0.4210000 0.5366082
v -0.0459220 0.4240000 0.5358655
v -0.0462296 0.4270000 0.5366082
v -0.0470701 0.4291961 0.5386372
v -0.0482181 0.4300000 0.5414088
v -0.0493662 0.4291961 0.5441805
v -0.0502066 0.4270000 0.5462095
v -0.0583821 0.4240000 0.5433872
v -0.0580266 0.4210000 0.5426663
v -0.0570552 0.4188038 0.5406966
v -0.0557284 0.4180000 0.5380060
v -0.0544015 0.4188038 0.5353154
v -0.0534302 0.4210000 0.5333457
v -0.0530746 0.4240000 0.5326247
v -0.0534302 0.4270000 0.5333457
v -0.0544015 0.4291961 0.5353153
v -0.0557284 0.4300000 0.5380059
v -0.0570552 0.4291961 0.5406966
v -0.0580266 0.4270000 0.5426663
v -0.0660000 0.4240000 0.5393154
v -0.0655981 0.4210000 0.5386192
v -0.0645000 0.4188038 0.5367173
v -0.0630000 0.4180000 0.5341192
v -0.0615000 0.4188038 0.5315211
v -0.0604019 0.4210000 0.5296192
v -0.0600000 0.4240000 0.5289231
v -0.0604019 0.4270000 0.5296192
v -0.0615000 0.4291961 0.5315211
v -0.0630000 0.4300000 0.5341192
v -0.0645000 0.4291961 0.5367173
v -0.0655981 0.4270000 0.5386192
v -0.0733352 0.4240000 0.5347540
v -0.0728886 0.4210000 0.5340856
v -0.0716685 0.4188038 0.5322596
v -0.0700018 0.4180000 0.5297652
v -0.0683351 0.4188038 0.5272708
v -0.0671150 0.4210000 0.5254447
v -0.0666684 0.4240000 0.5247764
v -0.0671150 0.4270000 0.5254447
v -0.0683351 0.4291961 0.5272708
v -0.0700018 0.4300000 0.5297652
v -0.0716685 0.4291961 0.5322596
v -0.0728886 0.4270000 0.5340856
v -0.0803565 0.4240000 0.5297226
v -0.0798672 0.4210000 0.5290849
v -0.0785302 0.4188038 0.5273426
v -0.0767039 0.4180000 0.5249625
v -0.0748777 0.4188038 0.5225825
v -0.0735407 0.4210000 0.5208402
v -0.0730514 0.4240000 0.5202024
v -0.0735407 0.4270000 0.5208402
v -0.0748777 0.4291961 0.5225825
v -0.0767039 0.4300000 0.5249625
v -0.0785302 0.4291961 0.5273426
v -0.0798672 0.4270000 0.5290849
v -0.0870336 0.4240000 0.5242429
v -0.0865036 0.4210000 0.5236385
v -0.0850556 0.4188038 0.5219874
v -0.0830776 0.4180000 0.5197318
v -0.0810995 0.4188038 0.5174763
v -0.0796515 0.4210000 0.5158252
v -0.0791215 0.4240000 0.5152208
v -0.0796515 0.4270000 0.5158252
v -0.0810995 0.4291961 0.5174763
v -0.0830776 0.4300000 0.5197318
v -0.0850556 0.4291961 0.5219874
v -0.0865036 0.4270000 0.5236385
v -0.0933381 0.4240000 0.5183381
v -0.0927697 0.4210000 0.5177697
v -0.0912168 0.4188038 0.5162168
v -0.0890955 0.4180000 0.5140954
v -0.0869742 0.4188038 0.5119742
v -0.0854212 0.4210000 0.5104212
v -0.0848528 0.4240000 0.5098528
v -0.0854212 0.4270000 0.5104212
v -0.0869742 0.4291961 0.5119741
v -0.0890955 0.4300000 0.5140954
v -0.0912168 0.4291961 0.5162168
v -0.0927697 0.4270000 0.5177697
v -0.0992429 0.4240000 0.5120336
v -0.0986385 0.4210000 0.5115036
v -0.0969874 0.4188038 0.5100556
v -0.0947318 0.4180000 0.5080776
v -0.0924763 0.4188038 0.5060995
v -0.0908251 0.4210000 0.5046515
v -0.0902208 0.4240000 0.5041215
v -0.0908251 0.4270000 0.5046515
v -0.0924763 0.4291961 0.5060995
v -0.0947318 0.4300000 0.5080776
v -0.0969874 0.4291961 0.5100556
v -0.0986385 0.4270000 0.5115036
v -0.1047226 0.4240000 0.5053566
v -0.1040849 0.4210000 0.5048672
v -0.1023426 0.4188038 0.5035303
v -0.0999625 0.4180000 0.5017040
v -0.0975825 0.4188038 0.4998777
v -0.0958401 0.4210000 0.4985407
v -0.0952024 0.4240000 0.4980514
v -0.0958401 0.4270000 0.4985407
v -0.0975825 0.4291961 0.4998777
v -0.0999625 0.4300000 0.5017040
v -0.1023426 0.4291961 0.5035303
v -0.1040849 0.4270000 0.5048672
v -0.1097540 0.4240000 0.4983353
v -0.1090856 0.4210000 0.4978887
v -0.1072596 0.4188038 0.4966686
v -0.1047652 0.4180000 0.4950019
v -0.1022708 0.4188038 0.4933352
v -0.1004447 0.4210000 0.4921151
v -0.0997763 0.4240000 0.4916685
v -0.1004447 0.4270000 0.4921151
v -0.1022708 0.4291961 0.4933352
v -0.1047652 0.4300000 0.4950019
v -0.1072596 0.4291961 0.4966686
v -0.1090856 0.4270000 0.4978887
v -0.1143153 0.4240000 0.4910001
v -0.1136192 0.4210000 0.4905981
v -0.1117173 0.4188038 0.4895000
v -0.1091192 0.4180000 0.4880000
v -0.1065211 0.4188038 0.4865001
v -0.1046192 0.4210000 0.4854020
v -0.1039230 0.4240000 0.4850000
v -0.1046192 0.4270000 0.4854020
v -0.1065211 0.4291961 0.4865001
v -0.1091192 0.4300000 0.4880000
v -0.1117173 0.4291961 0.4895000
v -0.1136192 0.4270000 0.4905981
v -0.1183872 0.4240000 0.4833821
v -0.1176663 0.4210000 0.4830266
v -0.1156966 0.4188038 0.4820552
v -0.1130060 0.4180000 0.4807284
v -0.1103154 0.4188038 0.4794015
v -0.1083457 0.4210000 0.4784302
v -0.1076247 0.4240000 0.4780746
v -0.1083457 0.4270000 0.4784302
v -0.1103154 0.4291961 0.4794015
v -0.1130060 0.4300000 0.4807284
v -0.1156966 0.4291961 0.4820552
v -0.1176663 0.4270000 0.4830266
v -0.1219521 0.4240000 0.4755142
v -0.1212094 0.4210000 0.4752066
v -0.1191805 0.4188038 0.4743662
v -0.1164088 0.4180000 0.4732181
v -0.1136372 0.4188038 0.4720701
v -0.1116082 0.4210000 0.4712296
v -0.1108655 0.4240000 0.4709220
v -0.1116082 0.4270000 0.4712296
v -0.1136372 0.4291961 0.4720701
v -0.1164088 0.4300000 0.4732181
v -0.1191805 0.4291961 0.4743662
v -0.1212094 0.4270000 0.4752066
v -0.1249948 0.4240000 0.4674300
v -0.1242336 0.4210000 0.4671716
v -0.1221540 0.4188038 0.4664657
v -0.1193132 0.4180000 0.4655014
v -0.1164724 0.4188038 0.4645370
v -0.1143928 0.4210000 0.4638311
v -0.1136316 0.4240000 0.4635727
v -0.1143928 0.4270000 0.4638311
v -0.1164724 0.4291961 0.4645370
v -0.1193132 0.4300000 0.4655013
v -0.1221540 0.4291961 0.4664657
v -0.1242336 0.4270000 0.4671716
v -0.1275022 0.4240000 0.4591641
v -0.1267258 0.4210000 0.4589561
v -0.1246044 0.4188038 0.4583876
v -0.1217067 0.4180000 0.4576112
v -0.1188089 0.4188038 0.4568347
v -0.1166876 0.4210000 0.4562663
v -0.1159111 0.4240000 0.4560583
v -0.1166876 0.4270000 0.4562663
v -0.1188089 0.4291961 0.4568347
v -0.1217067 0.4300000 0.4576112
v -0.1246044 0.4291961 0.4583876
v -0.1267258 0.4270000 0.4589561
v -0.1294637 0.4240000 0.4507519
v -0.1286753 0.4210000 0.4505951
v -0.1265213 0.4188038 0.4501667
v -0.1235790 0.4180000 0.4495814
v -0.1206366 0.4188038 0.4489961
v -0.1184826 0.4210000 0.4485677
v -0.1176942 0.4240000 0.4484108
v -0.1184826 0.4270000 0.4485677
v -0.1206366 0.4291961 0.4489961
v -0.1235790 0.4300000 0.4495814
v -0.1265213 0.4291961 0.4501667
v -0.1286753 0.4270000 0.4505951
v -0.1308707 0.4240000 0.4422295
v -0.1300738 0.4210000 0.4421246
v -0.1278964 0.4188038 0.4418379
v -0.1249221 0.4180000 0.4414463
v -0.1219477 0.4188038 0.4410548
v -0.1197703 0.4210000 0.4407681
v -0.1189734 0.4240000 0.4406632
v -0.1197703 0.4270000 0.4407681
v -0.1219477 0.4291961 0.4410548
v -0.1249221 0.4300000 0.4414463
v -0.1278964 0.4291961 0.4418379
v -0.1300738 0.4270000 0.4421246
v -0.1317174 0.4240000 0.4336333
v -0.1309153 0.4210000 0.4335807
v -0.1287238 0.4188038 0.4334370
v -0.1257302 0.4180000 0.4332408
v -0.1227366 0.4188038 0.4330446
v -0.1205452 0.4210000 0.4329010
v -0.1197431 0.4240000 0.4328484
v -0.1205452 0.4270000 0.4329010
v -0.1227366 0.4291961 0.4330446
v -0.1257302 0.4300000 0.4332408
v -0.1287238 0.4291961 0.4334370
v -0.1309153 0.4270000 0.4335807
v -0.1320000 0.4240000 0.4250000
v -0.1311962 0.4210000 0.4250000
v -0.1290000 0.4188038 0.4250000
v -0.1260000 0.4180000 0.4250000
v -0.1230000 0.4188038 0.4250000
v -0.1208038 0.4210000 0.4250000
v -0.1200000 0.4240000 0.4250000
v -0.1208038 0.4270000 0.4250000
v -0.1230000 0.4291961 0.4250000
v -0.1260000 0.4300000 0.4250000
v -0.1290000 0.4291961 0.4250000
v -0.1311962 0.4270000 0.4250000
v -0.1317174 0.4240000 0.4163668
v -0.1309153 0.4210000 0.4164194
v -0.1287238 0.4188038 0.4165630
v -0.1257302 0.4180000 0.4167593
v -0.1227367 0.4188038 0.4169554
v -0.1205452 0.4210000 0.4170991
v -0.1197431 0.4240000 0.4171517
v -0.1205452 0.4270000 0.4170991
v -0.1227367 0.4291961 0.4169554
v -0.1257302 0.4300000 0.4167593
v -0.1287238 0.4291961 0.4165630
v -0.1309153 0.4270000 0.4164194
v -0.1308707 0.4240000 0.4077705
v -0.1300738 0.4210000 0.4078754
v -0.1278964 0.4188038 0.4081621
v -0.1249221 0.4180000 0.4085537
v -0.1219477 0.4188038 0.4089453
v -0.1197703 0.4210000 0.4092319
v -0.1189734 0.4240000 0.4093369
v -0.1197703 0.4270000 0.4092319
v -0.1219477 0.4291961 0.4089453
v -0.1249221 0.4300000 0.4085537
v -0.1278964 0.4291961 0.4081621
v -0.1300738 0.4270000 0.4078754
v -0.1294637 0.4240000 0.3992481
v -0.1286753 0.4210000 0.3994049
v -0.1265213 0.4188038 0.3998334
v -0.1235790 0.4180000 0.4004186
v -0.1206366 0.4188038 0.4010039
v -0.1184826 0.4210000 0.4014324
v -0.1176942 0.4240000 0.4015892
v -0.1184826 0.4270000 0.4014324
v -0.1206366 0.4291961 0.4010039
v -0.1235790 0.4300000 0.4004186
v -0.1265213 0.4291961 0.3998334
v -0.1286753 0.4270000 0.3994049
v -0.1275022 0.4240000 0.3908359
v -0.1267258 0.4210000 0.3910440
v -0.1246044 0.4188038 0.3916124
v -0.1217067 0.4180000 0.3923888
v -0.1188089 0.4188038 0.3931653
v -0.1166876 0.4210000 0.3937337
v -0.1159111 0.4240000 0.3939417
v -0.1166876 0.4270000 0.3937337
v -0.1188089 0.4291961 0.3931653
v -0.1217067 0.4300000 0.3923888
v -0.1246044 0.4291961 0.3916124
v -0.1267258 0.4270000 0.3910440
v -0.1249948 0.4240000 0.3825700
v -0.1242336 0.4210000 0.3828284
v -0.1221540 0.4188038 0.3835343
v -0.1193132 0.4180000 0.3844987
v -0.1164724 0.4188038 0.3854630
v -0.1143928 0.4210000 0.3861689
v -0.1136316 0.4240000 0.3864273
v -0.1143928 0.4270000 0.3861689
v -0.1164724 0.4291961 0.3854630
v -0.1193132 0.4300000 0.3844987
v -0.1221540 0.4291961 0.3835343
v -0.1242336 0.4270000 0.3828284
v -0.1219521 0.4240000 0.3744859
v -0.1212095 0.4210000 0.3747935
v -0.1191805 0.4188038 0.3756339
v -0.1164088 0.4180000 0.3767819
v -0.1136372 0.4188038 0.3779300
v -0.1116082 0.4210000 0.3787704
v -0.1108656 0.4240000 0.3790780
v -0.1116082 0.4270000 0.3787704
v -0.1136372 0.4291961 0.3779300
v -0.1164088 0.4300000 0.3767819
v -0.1191805 0.4291961 0.3756339
v -0.1212095 0.4270000 0.3747935
v -0.1183872 0.4240000 0.3666179
v -0.1176663 0.4210000 0.3669734
v -0.1156966 0.4188038 0.3679448
v -0.1130060 0.4180000 0.3692716
v -0.1103154 0.4188038 0.3705985
v -0.1083457 0.4210000 0.3715698
v -0.1076247 0.4240000 0.3719254
v -0.1083457 0.4270000 0.3715698
v -0.1103154 0.4291961 0.3705985
v -0.1130060 0.4300000 0.3692716
v -0.1156966 0.4291961 0.3679448
v -0.1176663 0.4270000 0.3669734
v -0.1143154 0.4240000 0.3590000
v -0.1136192 0.4210000 0.3594020
v -0.1117173 0.4188038 0.3605000
v -0.1091192 0.4180000 0.3620000
v -0.1065211 0.4188038 0.3635000
v -0.1046192 0.4210000 0.3645981
v -0.1039231 0.4240000 0.3650000
v -0.1046192 0.4270000 0.3645981
v -0.1065211 0.4291961 0.3635000
v -0.1091192 0.4300000 0.3620000
v -0.1117173 0.4291961 0.3605000
v -0.1136192 0.4270000 0.3594019
v -0.1097540 0.4240000 0.3516647
v -0.1090856 0.4210000 0.3521113
v -0.1072596 0.4188038 0.3533314
v -0.1047652 0.4180000 0.3549981
v -0.1022708 0.4188038 0.3566649
v -0.1004447 0.4210000 0.3578850
v -0.0997763 0.4240000 0.3583316
v -0.1004447 0.4270000 0.3578850
v -0.1022708 0.4291961 0.3566649
v -0.1047652 0.4300000 0.3549981
v -0.1072596 0.4291961 0.3533314
v -0.1090856 0.4270000 0.3521113
v -0.1047226 0.4240000 0.3446435
v -0.1040849 0.4210000 0.3451329
v -0.1023426 0.4188038 0.3464698
v -0.0999625 0.4180000 0.3482961
v -0.0975825 0.4188038 0.3501224
v -0.0958401 0.4210000 0.3514593
v -0.0952024 0.4240000 0.3519486
v -0.0958401 0.4270000 0.3514593
v -0.0975825 0.4291961 0.3501224
v -0.0999625 0.4300000 0.3482961
v -0.1023426 0.4291961 0.3464698
v -0.1040849 0.4270000 0.3451329
v -0.0992429 0.4240000 0.3379664
v -0.0986385 0.4210000 0.3384964
v -0.0969874 0.4188038 0.3399444
v -0.0947318 0.4180000 0.3419225
v -0.0924763 0.4188038 0.3439005
v -0.0908251 0.4210000 0.3453485
v -0.0902208 0.4240000 0.3458785
v -0.0908251 0.4270000 0.3453485
v -0.0924763 0.4291961 0.3439005
v -0.0947318 0.4300000 0.3419224
v -0.0969874 0.4291961 0.3399444
v -0.0986385 0.4270000 0.3384964
v -0.0933381 0.4240000 0.3316619
v -0.0927697 0.4210000 0.3322304
v -0.0912168 0.4188038 0.3337833
v -0.0890955 0.4180000 0.3359046
v -0.0869742 0.4188038 0.3380259
v -0.0854212 0.4210000 0.3395788
v -0.0848528 0.4240000 0.3401472
v -0.0854212 0.4270000 0.3395788
v -0.0869742 0.4291961 0.3380259
v -0.0890955 0.4300000 0.3359046
v -0.0912168 0.4291961 0.3337832
v -0.0927697 0.4270000 0.3322303
v -0.0870337 0.4240000 0.3257572
v -0.0865037 0.4210000 0.3263616
v -0.0850556 0.4188038 0.3280127
v -0.0830776 0.4180000 0.3302682
v -0.0810996 0.4188038 0.3325237
v -0.0796515 0.4210000 0.3341749
v -0.0791215 0.4240000 0.3347793
v -0.0796515 0.4270000 0.3341749
v -0.0810996 0.4291961 0.3325237
v -0.0830776 0.4300000 0.3302682
v -0.0850556 0.4291961 0.3280127
v -0.0865037 0.4270000 0.3263615
v -0.0803566 0.4240000 0.3202774
v -0.0798672 0.4210000 0.3209152
v -0.0785303 0.4188038 0.3226575
v -0.0767040 0.4180000 0.3250375
v -0.0748777 0.4188038 0.3274176
v -0.0735408 0.4210000 0.3291599
v -0.0730514 0.4240000 0.3297977
v -0.0735408 0.4270000 0.3291599
v -0.0748777 0.4291961 0.3274176
v -0.0767040 0.4300000 0.3250375
v -0.0785303 0.4291961 0.3226575
v -0.0798672 0.4270000 0.3209151
v -0.0733353 0.4240000 0.3152461
v -0.0728888 0.4210000 0.3159145
v -0.0716686 0.4188038 0.3177405
v -0.0700019 0.4180000 0.3202349
v -0.0683352 0.4188038 0.3227293
v -0.0671151 0.4210000 0.3245553
v -0.0666685 0.4240000 0.3252237
v -0.0671151 0.4270000 0.3245553
v -0.0683352 0.4291961 0.3227293
v -0.0700019 0.4300000 0.3202349
v -0.0716686 0.4291961 0.3177405
v -0.0728888 0.4270000 0.3159145
v -0.0660000 0.4240000 0.3106847
v -0.0655981 0.4210000 0.3113808
v -0.0645000 0.4188038 0.3132827
v -0.0630000 0.4180000 0.3158808
v -0.0615000 0.4188038 0.3184789
v -0.0604019 0.4210000 0.3203808
v -0.0600000 0.4240000 0.3210769
v -0.0604019 0.4270000 0.3203808
v -0.0615000 0.4291961 0.3184789
v -0.0630000 0.4300000 0.3158808
v -0.0645000 0.4291961 0.3132827
v -0.0655981 0.4270000 0.3113808
v -0.0583821 0.4240000 0.3066128
v -0.0580266 0.4210000 0.3073338
v -0.0570552 0.4188038 0.3093034
v -0.0557284 0.4180000 0.3119940
v -0.0544015 0.4188038 0.3146847
v -0.0534302 0.4210000 0.3166543
v -0.0530746 0.4240000 0.3173753
v -0.0534302 0.4270000 0.3166543
v -0.0544015 0.4291961 0.3146847
v -0.0557284 0.4300000 0.3119940
v -0.0570552 0.4291961 0.3093034
v -0.0580266 0.4270000 0.3073337
v -0.0505142 0.4240000 0.3030479
v -0.0502066 0.4210000 0.3037906
v -0.0493662 0.4188038 0.3058195
v -0.0482181 0.4180000 0.3085912
v -0.0470701 0.4188038 0.3113628
v -0.0462296 0.4210000 0.3133918
v -0.0459220 0.4240000 0.3141345
v -0.0462296 0.4270000 0.3133918
v -0.0470701 0.4291961 0.3113628
v -0.0482181 0.4300000 0.3085912
v -0.0493662 0.4291961 0.3058195
v -0.0502066 0.4270000 0.3037906
v -0.0424300 0.4240000 0.3000053
v -0.0421716 0.4210000 0.3007664
v -0.0414657 0.4188038 0.3028460
v -0.0405014 0.4180000 0.3056868
v -0.0395371 0.4188038 0.3085276
v -0.0388312 0.4210000 0.3106072
v -0.0385728 0.4240000 0.3113684
v -0.0388312 0.4270000 0.3106072
v -0.0395371 0.4291961 0.3085276
v -0.0405014 0.4300000 0.3056868
v -0.0414657 0.4291961 0.3028460
v -0.0421716 0.4270000 0.3007664
v -0.0341642 0.4240000 0.2974978
v -0.0339561 0.4210000 0.2982743
v -0.0333877 0.4188038 0.3003956
v -0.0326112 0.4180000 0.3032934
v -0.0318348 0.4188038 0.3061911
v -0.0312664 0.4210000 0.3083125
v -0.0310583 0.4240000 0.3090889
v -0.0312664 0.4270000 0.3083124
v -0.0318348 0.4291961 0.3061911
v -0.0326112 0.4300000 0.3032933
v -0.0333877 0.4291961 0.3003956
v -0.0339561 0.4270000 0.2982742
v -0.0257520 0.4240000 0.2955364
v -0.0255952 0.4210000 0.2963248
v -0.0251667 0.4188038 0.2984787
v -0.0245814 0.4180000 0.3014211
v -0.0239962 0.4188038 0.3043634
v -0.0235677 0.4210000 0.3065174
v -0.0234109 0.4240000 0.3073058
v -0.0235677 0.4270000 0.3065174
v -0.0239962 0.4291961 0.3043634
v -0.0245814 0.4300000 0.3014211
v -0.0251667 0.4291961 0.2984787
v -0.0255952 0.4270000 0.2963248
v -0.0172295 0.4240000 0.2941293
v -0.0171246 0.4210000 0.2949263
v -0.0168380 0.4188038 0.2971036
v -0.0164464 0.4180000 0.3000780
v -0.0160548 0.4188038 0.3030523
v -0.0157681 0.4210000 0.3052297
v -0.0156632 0.4240000 0.3060266
v -0.0157681 0.4270000 0.3052297
v -0.0160548 0.4291961 0.3030523
v -0.0164464 0.4300000 0.3000780
v -0.0168380 0.4291961 0.2971036
v -0.0171246 0.4270000 0.2949263
v -0.0086332 0.4240000 0.2932826
v -0.0085806 0.4210000 0.2940848
v -0.0084370 0.4188038 0.2962762
v -0.0082408 0.4180000 0.2992698
v -0.0080446 0.4188038 0.3022633
v -0.0079009 0.4210000 0.3044548
v -0.0078484 0.4240000 0.3052569
v -0.0079009 0.4270000 0.3044548
v -0.0080446 0.4291961 0.3022633
v -0.0082408 0.4300000 0.2992698
v -0.0084370 0.4291961 0.2962762
v -0.0085806 0.4270000 0.2940848
v 0.0000000 0.4240000 0.2930000
v 0.0000000 0.4210000 0.2938039
v 0.0000000 0.4188038 0.2960000
v 0.0000000 0.4180000 0.2990000
v 0.0000000 0.4188038 0.3020000
v 0.0000000 0.4210000 0.3041962
v 0.0000000 0.4240000 0.3050000
v 0.0000000 0.4270000 0.3041961
v 0.0000000 0.4291961 0.3020000
v 0.0000000 0.4300000 0.2990000
v 0.0000000 0.4291961 0.2960000
v 0.0000000 0.4270000 0.2938038
v 0.0086332 0.4240000 0.2932826
v 0.0085806 0.4210000 0.2940848
v 0.0084370 0.4188038 0.2962762
v 0.0082408 0.4180000 0.2992698
v 0.0080446 0.4188038 0.3022633
v 0.0079009 0.4210000 0.3044548
v 0.0078484 0.4240000 0.3052569
v 0.0079009 0.4270000 0.3044548
v 0.0080446 0.4291961 0.3022633
v 0.0082408 0.4300000 0.2992698
v 0.0084370 0.4291961 0.2962762
v 0.0085806 0.4270000 0.2940848
v 0.0172294 0.4240000 0.2941293
v 0.0171245 0.4210000 0.2949263
v 0.0168379 0.4188038 0.2971036
v 0.0164463 0.4180000 0.3000779
v 0.0160547 0.4188038 0.3030523
v 0.0157680 0.4210000 0.3052297
v 0.0156631 0.4240000 0.3060266
v 0.0157680 0.4270000 0.3052297
v 0.0160547 0.4291961 0.3030523
v 0.0164463 0.4300000 0.3000779
v 0.0168379 0.4291961 0.2971036
v 0.0171245 0.4270000 0.2949263
v 0.0257519 0.4240000 0.2955363
v 0.0255951 0.4210000 0.2963248
v 0.0251666 0.4188038 0.2984787
v 0.0245813 0.4180000 0.3014210
v 0.0239961 0.4188038 0.3043634
v 0.0235676 0.4210000 0.3065174
v 0.0234108 0.4240000 0.3073058
v 0.0235676 0.4270000 0.3065174
v 0.0239961 0.4291961 0.3043634
v 0.0245813 0.4300000 0.3014210
v 0.0251666 0.4291961 0.2984787
v 0.0255951 0.4270000 0.2963247
v 0.0341641 0.4240000 0.2974978
v 0.0339560 0.4210000 0.2982742
v 0.0333876 0.4188038 0.3003955
v 0.0326111 0.4180000 0.3032933
v 0.0318347 0.4188038 0.3061911
v 0.0312663 0.4210000 0.3083124
v 0.0310582 0.4240000 0.3090889
v 0.0312663 0.4270000 0.3083124
v 0.0318347 0.4291961 0.3061911
v 0.0326111 0.4300000 0.3032933
v 0.0333876 0.4291961 0.3003955
v 0.0339560 0.4270000 0.2982742
v 0.0424299 0.4240000 0.3000052
v 0.0421715 0.4210000 0.3007664
v 0.0414656 0.4188038 0.3028460
v 0.0405013 0.4180000 0.3056868
v 0.0395370 0.4188038 0.3085276
v 0.0388311 0.4210000 0.3106072
v 0.0385727 0.4240000 0.3113684
v 0.0388311 0.4270000 0.3106072
v 0.0395370 0.4291961 0.3085276
v 0.0405013 0.4300000 0.3056868
v 0.0414656 0.4291961 0.3028460
v 0.0421715 0.4270000 0.3007664
v 0.0505142 0.4240000 0.3030479
v 0.0502066 0.4210000 0.3037906
v 0.0493662 0.4188038 0.3058196
v 0.0482181 0.4180000 0.3085912
v 0.0470701 0.4188038 0.3113628
v 0.0462297 0.4210000 0.3133918
v 0.0459220 0.4240000 0.3141345
v 0.0462297 0.4270000 0.3133918
v 0.0470701 0.4291961 0.3113628
v 0.0482181 0.4300000 0.3085912
v 0.0493662 0.4291961 0.3058195
v 0.0502066 0.4270000 0.3037906
v 0.0583821 0.4240000 0.3066128
v 0.0580266 0.4210000 0.3073338
v 0.0570553 0.4188038 0.3093034
v 0.0557284 0.4180000 0.3119940
v 0.0544015 0.4188038 0.3146847
v 0.0534302 0.4210000 0.3166544
v 0.0530747 0.4240000 0.3173753
v 0.0534302 0.4270000 0.3166543
v 0.0544015 0.4291961 0.3146847
v 0.0557284 0.4300000 0.3119940
v 0.0570553 0.4291961 0.3093034
v 0.0580266 0.4270000 0.3073338
v 0.0660000 0.4240000 0.3106847
v 0.0655981 0.4210000 0.3113808
v 0.0645000 0.4188038 0.3132827
v 0.0630000 0.4180000 0.3158808
v 0.0615000 0.4188038 0.3184789
v 0.0604019 0.4210000 0.3203808
v 0.0600000 0.4240000 0.3210770
v 0.0604019 0.4270000 0.3203808
v 0.0615000 0.4291961 0.3184789
v 0.0630000 0.4300000 0.3158808
v 0.0645000 0.4291961 0.3132827
v 0.0655981 0.4270000 0.3113808
v 0.0733353 0.4240000 0.3152460
v 0.0728887 0.4210000 0.3159144
v 0.0716686 0.4188038 0.3177404
v 0.0700018 0.4180000 0.3202348
v 0.0683351 0.4188038 0.3227292
v 0.0671150 0.4210000 0.3245553
v 0.0666684 0.4240000 0.3252236
v 0.0671150 0.4270000 0.3245553
v 0.0683351 0.4291961 0.3227292
v 0.0700018 0.4300000 0.3202348
v 0.0716686 0.4291961 0.3177404
v 0.0728887 0.4270000 0.3159144
v 0.0803565 0.4240000 0.3202773
v 0.0798671 0.4210000 0.3209151
v 0.0785302 0.4188038 0.3226574
v 0.0767039 0.4180000 0.3250375
v 0.0748776 0.4188038 0.3274175
v 0.0735407 0.4210000 0.3291599
v 0.0730513 0.4240000 0.3297976
v 0.0735407 0.4270000 0.3291599
v 0.0748776 0.4291961 0.3274175
v 0.0767039 0.4300000 0.3250375
v 0.0785302 0.4291961 0.3226574
v 0.0798671 0.4270000 0.3209151
v 0.0870336 0.4240000 0.3257571
v 0.0865036 0.4210000 0.3263615
v 0.0850556 0.4188038 0.3280126
v 0.0830775 0.4180000 0.3302682
v 0.0810995 0.4188038 0.3325237
v 0.0796515 0.4210000 0.3341748
v 0.0791215 0.4240000 0.3347792
v 0.0796515 0.4270000 0.3341748
v 0.0810995 0.4291961 0.3325237
v 0.0830775 0.4300000 0.3302681
v 0.0850556 0.4291961 0.3280126
v 0.0865036 0.4270000 0.3263615
v 0.0933380 0.4240000 0.3316619
v 0.0927696 0.4210000 0.3322303
v 0.0912167 0.4188038 0.3337832
v 0.0890954 0.4180000 0.3359045
v 0.0869741 0.4188038 0.3380258
v 0.0854212 0.4210000 0.3395787
v 0.0848528 0.4240000 0.3401471
v 0.0854212 0.4270000 0.3395787
v 0.0869741 0.4291961 0.3380258
v 0.0890954 0.4300000 0.3359045
v 0.0912167 0.4291961 0.3337832
v 0.0927696 0.4270000 0.3322303
v 0.0992429 0.4240000 0.3379664
v 0.0986385 0.4210000 0.3384964
v 0.0969874 0.4188038 0.3399444
v 0.0947318 0.4180000 0.3419225
v 0.0924763 0.4188038 0.3439005
v 0.0908252 0.4210000 0.3453485
v 0.0902208 0.4240000 0.3458785
v 0.0908252 0.4270000 0.3453485
v 0.0924763 0.4291961 0.3439005
v 0.0947318 0.4300000 0.3419225
v 0.0969874 0.4291961 0.3399444
v 0.0986385 0.4270000 0.3384964
v 0.1047227 0.4240000 0.3446435
v 0.1040849 0.4210000 0.3451329
v 0.1023426 0.4188038 0.3464698
v 0.0999625 0.4180000 0.3482961
v 0.0975825 0.4188038 0.3501224
v 0.0958401 0.4210000 0.3514593
v 0.0952024 0.4240000 0.3519486
v 0.0958401 0.4270000 0.3514593
v 0.0975825 0.4291961 0.3501224
v 0.0999625 0.4300000 0.3482961
v 0.1023426 0.4291961 0.3464698
v 0.1040849 0.4270000 0.3451329
v 0.1097540 0.4240000 0.3516647
v 0.1090856 0.4210000 0.3521113
v 0.1072596 0.4188038 0.3533314
v 0.1047652 0.4180000 0.3549982
v 0.1022708 0.4188038 0.3566649
v 0.1004447 0.4210000 0.3578850
v 0.0997764 0.4240000 0.3583316
v 0.1004447 0.4270000 0.3578850
v 0.1022708 0.4291961 0.3566649
v 0.1047652 0.4300000 0.3549981
v 0.1072596 0.4291961 0.3533314
v 0.1090856 0.4270000 0.3521113
v 0.1143153 0.4240000 0.3590000
v 0.1136192 0.4210000 0.3594019
v 0.1117173 0.4188038 0.3605000
v 0.1091192 0.4180000 0.3620000
v 0.1065211 0.4188038 0.3635000
v 0.1046192 0.4210000 0.3645981
v 0.1039230 0.4240000 0.3650000
v 0.1046192 0.4270000 0.3645981
v 0.1065211 0.4291961 0.3635000
v 0.1091192 0.4300000 0.3620000
v 0.1117173 0.4291961 0.3605000
v 0.1136192 0.4270000 0.3594019
v 0.1183872 0.4240000 0.3666179
v 0.1176662 0.4210000 0.3669734
v 0.1156966 0.4188038 0.3679447
v 0.1130060 0.4180000 0.3692716
v 0.1103153 0.4188038 0.3705985
v 0.1083457 0.4210000 0.3715698
v 0.1076247 0.4240000 0.3719254
v 0.1083457 0.4270000 0.3715698
v 0.1103153 0.4291961 0.3705985
v 0.1130060 0.4300000 0.3692716
v 0.1156966 0.4291961 0.3679447
v 0.1176662 0.4270000 0.3669734
v 0.1219521 0.4240000 0.3744858
v 0.1212094 0.4210000 0.3747934
v 0.1191804 0.4188038 0.3756338
v 0.1164088 0.4180000 0.3767819
v 0.1136372 0.4188038 0.3779299
v 0.1116082 0.4210000 0.3787704
v 0.1108655 0.4240000 0.3790779
v 0.1116082 0.4270000 0.3787703
v 0.1136372 0.4291961 0.3779299
v 0.1164088 0.4300000 0.3767819
v 0.1191804 0.4291961 0.3756338
v 0.1212094 0.4270000 0.3747934
v 0.1249947 0.4240000 0.3825699
v 0.1242336 0.4210000 0.3828283
v 0.1221540 0.4188038 0.3835343
v 0.1193132 0.4180000 0.3844986
v 0.1164724 0.4188038 0.3854629
v 0.1143928 0.4210000 0.3861688
v 0.1136316 0.4240000 0.3864272
v 0.1143928 0.4270000 0.3861688
v 0.1164724 0.4291961 0.3854629
v 0.1193132 0.4300000 0.3844986
v 0.1221540 0.4291961 0.3835343
v 0.1242336 0.4270000 0.3828283
v 0.1275022 0.4240000 0.3908359
v 0.1267258 0.4210000 0.3910440
v 0.1246044 0.4188038 0.3916124
v 0.1217067 0.4180000 0.3923889
v 0.1188089 0.4188038 0.3931653
v 0.1166876 0.4210000 0.3937337
v 0.1159111 0.4240000 0.3939418
v 0.1166876 0.4270000 0.3937337
v 0.1188089 0.4291961 0.3931653
v 0.1217067 0.4300000 0.3923889
v 0.1246044 0.4291961 0.3916124
v 0.1267258 0.4270000 0.3910440
v 0.1294637 0.4240000 0.3992481
v 0.1286753 0.4210000 0.3994049
v 0.1265213 0.4188038 0.3998334
v 0.1235790 0.4180000 0.4004186
v 0.1206366 0.4188038 0.4010039
v 0.1184826 0.4210000 0.4014324
v 0.1176942 0.4240000 0.4015892
v 0.1184826 0.4270000 0.4014324
v 0.1206366 0.4291961 0.4010039
v 0.1235790 0.4300000 0.4004186
v 0.1265213 0.4291961 0.3998334
v 0.1286753 0.4270000 0.3994049
v 0.1308707 0.4240000 0.4077705
v 0.1300738 0.4210000 0.4078755
v 0.1278964 0.4188038 0.4081621
v 0.1249221 0.4180000 0.4085537
v 0.1219477 0.4188038 0.4089453
v 0.1197704 0.4210000 0.4092320
v 0.1189734 0.4240000 0.4093369
v 0.1197704 0.4270000 0.4092320
v 0.1219477 0.4291961 0.4089453
v 0.1249221 0.4300000 0.4085537
v 0.1278964 0.4291961 0.4081621
v 0.1300738 0.4270000 0.4078755
v 0.1317174 0.4240000 0.4163668
v 0.1309153 0.4210000 0.4164194
v 0.1287238 0.4188038 0.4165630
v 0.1257302 0.4180000 0.4167592
v 0.1227367 0.4188038 0.4169554
v 0.1205452 0.4210000 0.4170991
v 0.1197431 0.4240000 0.4171516
v 0.1205452 0.4270000 0.4170991
v 0.1227367 0.4291961 0.4169554
v 0.1257302 0.4300000 0.4167592
v 0.1287238 0.4291961 0.4165630
v 0.1309153 0.4270000 0.4164194
f 6535 6547 6548
f 6535 6548 6536
f 6536 6548 6549
f 6536 6549 6537
f 6537 6549 6550
f 6537 6550 6538
f 6538 6550 6551
f 6538 6551 6539
f 6539 6551 6552
f 6539 6552 6540
f 6540 6552 6553
f 6540 6553 6541
f 6541 6553 6554
f 6541 6554 6542
f 6542 6554 6555
f 6542 6555 6543
f 6543 6555 6556
f 6543 6556 6544
f 6544 6556 6557
f 6544 6557 6545
f 6545 6557 6558
f 6545 6558 6546
f 6546 6558 6547
f 6546 6547 6535
f 6547 6559 6560
f 6547 6560 6548
f 6548 6560 6561
f 6548 6561 6549
f 6549 6561 6562
f 6549 6562 6550
f 6550 6562 6563
f 6550 6563 6551
f 6551 6563 6564
f 6551 6564 6552
f 6552 6564 6565
f 6552 6565 6553
f 6553 6565 6566
f 6553 6566 6554
f 6554 6566 6567
f 6554 6567 6555
f 6555 6567 6568
f 6555 6568 6556
f 6556 6568 6569
f 6556 6569 6557
f 6557 6569 6570
f 6557 6570 6558
f 6558 6570 6559
f 6558 6559 6547
f 6559 6571 6572
f 6559 6572 6560
f 6560 6572 6573
f 6560 6573 6561
f 6561 6573 6574
f 6561 6574 6562
f 6562 6574 6575
f 6562 6575 6563
f 6563 6575 6576
f 6563 6576 6564
f 6564 6576 6577
f 6564 6577 6565
f 6565 6577 6578
f 6565 6578 6566
f 6566 6578 6579
f 6566 6579 6567
f 6567 6579 6580
f 6567 6580 6568
f 6568 6580 6581
f 6568 6581 6569
f 6569 6581 6582
f 6569 6582 6570
f 6570 6582 6571
f 6570 6571 6559
f 6571 6583 6584
f 6571 6584 6572
f 6572 6584 6585
f 6572 6585 6573
f 6573 6585 6586
f 6573 6586 6574
f 6574 6586 6587
f 6574 6587 6575
f 6575 6587 6588
f 6575 6588 6576
f 6576 6588 6589
f 6576 6589 6577
f 6577 6589 6590
f 6577 6590 6578
f 6578 6590 6591
f 6578 6591 6579
f 6579 6591 6592
f 6579 6592 6580
f 6580 6592 6593
f 6580 6593 6581
f 6581 6593 6594
f 6581 6594 6582
f 6582 6594 6583
f 6582 6583 6571
f 6583 6595 6596
f 6583 6596 6584
f 6584 6596 6597
f 6584 6597 6585
f 6585 6597 6598
f 6585 6598 6586
f 6586 6598 6599
f 6586 6599 6587
f 6587 6599 6600
f 6587 6600 6588
f 6588 6600 6601
f 6588 6601 6589
f 6589 6601 6602
f 6589 6602 6590
f 6590 6602 6603
f 6590 6603 6591
f 6591 6603 6604
f 6591 6604 6592
f 6592 6604 6605
f 6592 6605 6593
f 6593 6605 6606
f 6593 6606 6594
f 6594 6606 6595
f 6594 6595 6583
f 6595 6607 6608
f 6595 6608 6596
f 6596 6608 6609
f 6596 6609 6597
f 6597 6609 6610
f 6597 6610 6598
f 6598 6610 6611
f 6598 6611 6599
f 6599 6611 6612
f 6599 6612 6600
f 6600 6612 6613
f 6600 6613 6601
f 6601 6613 6614
f 6601 6614 6602
f 6602 6614 6615
f 6602 6615 6603
f 6603 6615 6616
f 6603 6616 6604
f 6604 6616 6617
f 6604 6617 6605
f 6605 6617 6618
f 6605 6618 6606
f 6606 6618 6607
f 6606 6607 6595
f 6607 6619 6620
f 6607 6620 6608
f 6608 6620 6621
f 6608 6621 6609
f 6609 6621 6622
f 6609 6622 6610
f 6610 6622 6623
f 6610 6623 6611
f 6611 6623 6624
f 6611 6624 6612
f 6612 6624 6625
f 6612 6625 6613
f 6613 6625 6626
f 6613 6626 6614
f 6614 6626 6627
f 6614 6627 6615
f 6615 6627 6628
f 6615 6628 6616
f 6616 6628 6629
f 6616 6629 6617
f 6617 6629 6630
f 6617 6630 6618
f 6618 6630 6619
f 6618 6619 6607
f 6619 6631 6632
f 6619 6632 6620
f 6620 6632 6633
f 6620 6633 6621
f 6621 6633 6634
f 6621 6634 6622
f 6622 6634 6635
f 6622 6635 6623
f 6623 6635 6636
f 6623 6636 6624
f 6624 6636 6637
f 6624 6637 6625
f 6625 6637 6638
f 6625 6638 6626
f 6626 6638 6639
f 6626 6639 6627
f 6627 6639 6640
f 6627 6640 6628
f 6628 6640 6641
f 6628 6641 6629
f 6629 6641 6642
f 6629 6642 6630
f 6630 6642 6631
f 6630 6631 6619
f 6631 6643 6644
f 6631 6644 6632
f 6632 6644 6645
f 6632 6645 6633
f 6633 6645 6646
f 6633 6646 6634
f 6634 6646 6647
f 6634 6647 6635
f 6635 6647 6648
f 6635 6648 6636
f 6636 6648 6649
f 6636 6649 6637
f 6637 6649 6650
f 6637 6650 6638
f 6638 6650 6651
f 6638 6651 6639
f 6639 6651 6652
f 6639 6652 6640
f 6640 6652 6653
f 6640 6653 6641
f 6641 6653 6654
f 6641 6654 6642
f 6642 6654 6643
f 6642 6643 6631
f 6643 6655 6656
f 6643 6656 6644
f 6644 6656 6657
f 6644 6657 6645
f 6645 6657 6658
f 6645 6658 6646
f 6646 6658 6659
f 6646 6659 6647
f 6647 6659 6660
f 6647 6660 6648
f 6648 6660 6661
f 6648 6661 6649
f 6649 6661 6662
f 6649 6662 6650
f 6650 6662 6663
f 6650 6663 6651
f 6651 6663 6664
f 6651 6664 6652
f 6652 6664 6665
f 6652 6665 6653
f 6653 6665 6666
f 6653 6666 6654
f 6654 6666 6655
f 6654 6655 6643
f 6655 6667 6668
f 6655 6668 6656
f 6656 6668 6669
f 6656 6669 6657
f 6657 6669 6670
f 6657 6670 6658
f 6658 6670 6671
f 6658 6671 6659
f 6659 6671 6672
f 6659 6672 6660
f 6660 6672 6673
f 6660 6673 6661
f 6661 6673 6674
f 6661 6674 6662
f 6662 6674 6675
f 6662 6675 6663
f 6663 6675 6676
f 6663 6676 6664
f 6664 6676 6677
f 6664 6677 6665
f 6665 6677 6678
f 6665 6678 6666
f 6666 6678 6667
f 6666 6667 6655
f 6667 6679 6680
f 6667 6680 6668
f 6668 6680 6681
f 6668 6681 6669
f 6669 6681 6682
f 6669 6682 6670
f 6670 6682 6683
f 6670 6683 6671
f 6671 6683 6684
f 6671 6684 6672
f 6672 6684 6685
f 6672 6685 6673
f 6673 6685 6686
f 6673 6686 6674
f 6674 6686 6687
f 6674 6687 6675
f 6675 6687 6688
f 6675 6688 6676
f 6676 6688 6689
f 6676 6689 6677
f 6677 6689 6690
f 6677 6690 6678
f 6678 6690 6679
f 6678 6679 6667
f 6679 6691 6692
f 6679 6692 6680
f 6680 6692 6693
f 6680 6693 6681
f 6681 6693 6694
f 6681 6694 6682
f 6682 6694 6695
f 6682 6695 6683
f 6683 6695 6696
f 6683 6696 6684
f 6684 6696 6697
f 6684 6697 6685
f 6685 6697 6698
f 6685 6698 6686
f 6686 6698 6699
f 6686 6699 6687
f 6687 6699 6700
f 6687 6700 6688
f 6688 6700 6701
f 6688 6701 6689
f 6689 6701 6702
f 6689 6702 6690
f 6690 6702 6691
f 6690 6691 6679
f 6691 6703 6704
f 6691 6704 6692
f 6692 6704 6705
f 6692 6705 6693
f 6693 6705 6706
f 6693 6706 6694
f 6694 6706 6707
f 6694 6707 6695
f 6695 6707 6708
f 6695 6708 6696
f 6696 6708 6709
f 6696 6709 6697
f 6697 6709 6710
f 6697 6710 6698
f 6698 6710 6711
f 6698 6711 6699
f 6699 6711 6712
f 6699 6712 6700
f 6700 6712 6713
f 6700 6713 6701
f 6701 6713 6714
f 6701 6714 6702
f 6702 6714 6703
f 6702 6703 6691
f 6703 6715 6716
f 6703 6716 6704
f 6704 6716 6717
f 6704 6717 6705
f 6705 6717 6718
f 6705 6718 6706
f 6706 6718 6719
f 6706 6719 6707
f 6707 6719 6720
f 6707 6720 6708
f 6708 6720 6721
f 6708 6721 6709
f 6709 6721 6722
f 6709 6722 6710
f 6710 6722 6723
f 6710 6723 6711
f 6711 6723 6724
f 6711 6724 6712
f 6712 6724 6725
f 6712 6725 6713
f 6713 6725 6726
f 6713 6726 6714
f 6714 6726 6715
f 6714 6715 6703
f 6715 6727 6728
f 6715 6728 6716
f 6716 6728 6729
f 6716 6729 6717
f 6717 6729 6730
f 6717 6730 6718
f 6718 6730 6731
f 6718 6731 6719
f 6719 6731 6732
f 6719 6732 6720
f 6720 6732 6733
f 6720 6733 6721
f 6721 6733 6734
f 6721 6734 6722
f 6722 6734 6735
f 6722 6735 6723
f 6723 6735 6736
f 6723 6736 6724
f 6724 6736 6737
f 6724 6737 6725
f 6725 6737 6738
f 6725 6738 6726
f 6726 6738 6727
f 6726 6727 6715
f 6727 6739 6740
f 6727 6740 6728
f 6728 6740 6741
f 6728 6741 6729
f 6729 6741 6742
f 6729 6742 6730
f 6730 6742 6743
f 6730 6743 6731
f 6731 6743 6744
f 6731 6744 6732
f 6732 6744 6745
f 6732 6745 6733
f 6733 6745 6746
f 6733 6746 6734
f 6734 6746 6747
f 6734 6747 6735
f 6735 6747 6748
f 6735 6748 6736
f 6736 6748 6749
f 6736 6749 6737
f 6737 6749 6750
f 6737 6750 6738
f 6738 6750 6739
f 6738 6739 6727
f 6739 6751 6752
f 6739 6752 6740
f 6740 6752 6753
f 6740 6753 6741
f 6741 6753 6754
f 6741 6754 6742
f 6742 6754 6755
f 6742 6755 6743
f 6743 6755 6756
f 6743 6756 6744
f 6744 6756 6757
f 6744 6757 6745
f 6745 6757 6758
f 6745 6758 6746
f 6746 6758 6759
f 6746 6759 6747
f 6747 6759 6760
f 6747 6760 6748
f 6748 6760 6761
f 6748 6761 6749
f 6749 6761 6762
f 6749 6762 6750
f 6750 6762 6751
f 6750 6751 6739
f 6751 6763 6764
f 6751 6764 6752
f 6752 6764 6765
f 6752 6765 6753
f 6753 6765 6766
f 6753 6766 6754
f 6754 6766 6767
f 6754 6767 6755
f 6755 6767 6768
f 6755 6768 6756
f 6756 6768 6769
f 6756 6769 6757
f 6757 6769 6770
f 6757 6770 6758
f 6758 6770 6771
f 6758 6771 6759
f 6759 6771 6772
f 6759 6772 6760
f 6760 6772 6773
f 6760 6773 6761
f 6761 6773 6774
f 6761 6774 6762
f 6762 6774 6763
f 6762 6763 6751
f 6763 6775 6776
f 6763 6776 6764
f 6764 6776 6777
f 6764 6777 6765
f 6765 6777 6778
f 6765 6778 6766
f 6766 6778 6779
f 6766 6779 6767
f 6767 6779 6780
f 6767 6780 6768
f 6768 6780 6781
f 6768 6781 6769
f 6769 6781 6782
f 6769 6782 6770
f 6770 6782 6783
f 6770 6783 6771
f 6771 6783 6784
f 6771 6784 6772
f 6772 6784 6785
f 6772 6785 6773
f 6773 6785 6786
f 6773 6786 6774
f 6774 6786 6775
f 6774 6775 6763
f 6775 6787 6788
f 6775 6788 6776
f 6776 6788 6789
f 6776 6789 6777
f 6777 6789 6790
f 6777 6790 6778
f 6778 6790 6791
f 6778 6791 6779
f 6779 6791 6792
f 6779 6792 6780
f 6780 6792 6793
f 6780 6793 6781
f 6781 6793 6794
f 6781 6794 6782
f 6782 6794 6795
f 6782 6795 6783
f 6783 6795 6796
f 6783 6796 6784
f 6784 6796 6797
f 6784 6797 6785
f 6785 6797 6798
f 6785 6798 6786
f 6786 6798 6787
f 6786 6787 6775
f 6787 6799 6800
f 6787 6800 6788
f 6788 6800 6801
f 6788 6801 6789
f 6789 6801 6802
f 6789 6802 6790
f 6790 6802 6803
f 6790 6803 6791
f 6791 6803 6804
f 6791 6804 6792
f 6792 6804 6805
f 6792 6805 6793
f 6793 6805 6806
f 6793 6806 6794
f 6794 6806 6807
f 6794 6807 6795
f 6795 6807 6808
f 6795 6808 6796
f 6796 6808 6809
f 6796 6809 6797
f 6797 6809 6810
f 6797 6810 6798
f 6798 6810 6799
f 6798 6799 6787
f 6799 6811 6812
f 6799 6812 6800
f 6800 6812 6813
f 6800 6813 6801
f 6801 6813 6814
f 6801 6814 6802
f 6802 6814 6815
f 6802 6815 6803
f 6803 6815 6816
f 6803 6816 6804
f 6804 6816 6817
f 6804 6817 6805
f 6805 6817 6818
f 6805 6818 6806
f 6806 6818 6819
f 6806 6819 6807
f 6807 6819 6820
f 6807 6820 6808
f 6808 6820 6821
f 6808 6821 6809
f 6809 6821 6822
f 6809 6822 6810
f 6810 6822 6811
f 6810 6811 6799
f 6811 6823 6824
f 6811 6824 6812
f 6812 6824 6825
f 6812 6825 6813
f 6813 6825 6826
f 6813 6826 6814
f 6814 6826 6827
f 6814 6827 6815
f 6815 6827 6828
f 6815 6828 6816
f 6816 6828 6829
f 6816 6829 6817
f 6817 6829 6830
f 6817 6830 6818
f 6818 6830 6831
f 6818 6831 6819
f 6819 6831 6832
f 6819 6832 6820
f 6820 6832 6833
f 6820 6833 6821
f 6821 6833 6834
f 6821 6834 6822
f 6822 6834 6823
f 6822 6823 6811
f 6823 6835 6836
f 6823 6836 6824
f 6824 6836 6837
f 6824 6837 6825
f 6825 6837 6838
f 6825 6838 6826
f 6826 6838 6839
f 6826 6839 6827
f 6827 6839 6840
f 6827 6840 6828
f 6828 6840 6841
f 6828 6841 6829
f 6829 6841 6842
f 6829 6842 6830
f 6830 6842 6843
f 6830 6843 6831
f 6831 6843 6844
f 6831 6844 6832
f 6832 6844 6845
f 6832 6845 6833
f 6833 6845 6846
f 6833 6846 6834
f 6834 6846 6835
f 6834 6835 6823
f 6835 6847 6848
f 6835 6848 6836
f 6836 6848 6849
f 6836 6849 6837
f 6837 6849 6850
f 6837 6850 6838
f 6838 6850 6851
f 6838 6851 6839
f 6839 6851 6852
f 6839 6852 6840
f 6840 6852 6853
f 6840 6853 6841
f 6841 6853 6854
f 6841 6854 6842
f 6842 6854 6855
f 6842 6855 6843
f 6843 6855 6856
f 6843 6856 6844
f 6844 6856 6857
f 6844 6857 6845
f 6845 6857 6858
f 6845 6858 6846
f 6846 6858 6847
f 6846 6847 6835
f 6847 6859 6860
f 6847 6860 6848
f 6848 6860 6861
f 6848 6861 6849
f 6849 6861 6862
f 6849 6862 6850
f 6850 6862 6863
f 6850 6863 6851
f 6851 6863 6864
f 6851 6864 6852
f 6852 6864 6865
f 6852 6865 6853
f 6853 6865 6866
f 6853 6866 6854
f 6854 6866 6867
f 6854 6867 6855
f 6855 6867 6868
f 6855 6868 6856
f 6856 6868 6869
f 6856 6869 6857
f 6857 6869 6870
f 6857 6870 6858
f 6858 6870 6859
f 6858 6859 6847
f 6859 6871 6872
f 6859 6872 6860
f 6860 6872 6873
f 6860 6873 6861
f 6861 6873 6874
f 6861 6874 6862
f 6862 6874 6875
f 6862 6875 6863
f 6863 6875 6876
f 6863 6876 6864
f 6864 6876 6877
f 6864 6877 6865
f 6865 6877 6878
f 6865 6878 6866
f 6866 6878 6879
f 6866 6879 6867
f 6867 6879 6880
f 6867 6880 6868
f 6868 6880 6881
f 6868 6881 6869
f 6869 6881 6882
f 6869 6882 6870
f 6870 6882 6871
f 6870 6871 6859
f 6871 6883 6884
f 6871 6884 6872
f 6872 6884 6885
f 6872 6885 6873
f 6873 6885 6886
f 6873 6886 6874
f 6874 6886 6887
f 6874 6887 6875
f 6875 6887 6888
f 6875 6888 6876
f 6876 6888 6889
f 6876 6889 6877
f 6877 6889 6890
f 6877 6890 6878
f 6878 6890 6891
f 6878 6891 6879
f 6879 6891 6892
f 6879 6892 6880
f 6880 6892 6893
f 6880 6893 6881
f 6881 6893 6894
f 6881 6894 6882
f 6882 6894 6883
f 6882 6883 6871
f 6883 6895 6896
f 6883 6896 6884
f 6884 6896 6897
f 6884 6897 6885
f 6885 6897 6898
f 6885 6898 6886
f 6886 6898 6899
f 6886 6899 6887
f 6887 6899 6900
f 6887 6900 6888
f 6888 6900 6901
f 6888 6901 6889
f 6889 6901 6902
f 6889 6902 6890
f 6890 6902 6903
f 6890 6903 6891
f 6891 6903 6904
f 6891 6904 6892
f 6892 6904 6905
f 6892 6905 6893
f 6893 6905 6906
f 6893 6906 6894
f 6894 6906 6895
f 6894 6895 6883
f 6895 6907 6908
f 6895 6908 6896
f 6896 6908 6909
f 6896 6909 6897
f 6897 6909 6910
f 6897 6910 6898
f 6898 6910 6911
f 6898 6911 6899
f 6899 6911 6912
f 6899 6912 6900
f 6900 6912 6913
f 6900 6913 6901
f 6901 6913 6914
f 6901 6914 6902
f 6902 6914 6915
f 6902 6915 6903
f 6903 6915 6916
f 6903 6916 6904
f 6904 6916 6917
f 6904 6917 6905
f 6905 6917 6918
f 6905 6918 6906
f 6906 6918 6907
f 6906 6907 6895
f 6907 6919 6920
f 6907 6920 6908
f 6908 6920 6921
f 6908 6921 6909
f 6909 6921 6922
f 6909 6922 6910
f 6910 6922 6923
f 6910 6923 6911
f 6911 6923 6924
f 6911 6924 6912
f 6912 6924 6925
f 6912 6925 6913
f 6913 6925 6926
f 6913 6926 6914
f 6914 6926 6927
f 6914 6927 6915
f 6915 6927 6928
f 6915 6928 6916
f 6916 6928 6929
f 6916 6929 6917
f 6917 6929 6930
f 6917 6930 6918
f 6918 6930 6919
f 6918 6919 6907
f 6919 6931 6932
f 6919 6932 6920
f 6920 6932 6933
f 6920 6933 6921
f 6921 6933 6934
f 6921 6934 6922
f 6922 6934 6935
f 6922 6935 6923
f 6923 6935 6936
f 6923 6936 6924
f 6924 6936 6937
f 6924 6937 6925
f 6925 6937 6938
f 6925 6938 6926
f 6926 6938 6939
f 6926 6939 6927
f 6927 6939 6940
f 6927 6940 6928
f 6928 6940 6941
f 6928 6941 6929
f 6929 6941 6942
f 6929 6942 6930
f 6930 6942 6931
f 6930 6931 6919
f 6931 6943 6944
f 6931 6944 6932
f 6932 6944 6945
f 6932 6945 6933
f 6933 6945 6946
f 6933 6946 6934
f 6934 6946 6947
f 6934 6947 6935
f 6935 6947 6948
f 6935 6948 6936
f 6936 6948 6949
f 6936 6949 6937
f 6937 6949 6950
f 6937 6950 6938
f 6938 6950 6951
f 6938 6951 6939
f 6939 6951 6952
f 6939 6952 6940
f 6940 6952 6953
f 6940 6953 6941
f 6941 6953 6954
f 6941 6954 6942
f 6942 6954 6943
f 6942 6943 6931
f 6943 6955 6956
f 6943 6956 6944
f 6944 6956 6957
f 6944 6957 6945
f 6945 6957 6958
f 6945 6958 6946
f 6946 6958 6959
f 6946 6959 6947
f 6947 6959 6960
f 6947 6960 6948
f 6948 6960 6961
f 6948 6961 6949
f 6949 6961 6962
f 6949 6962 6950
f 6950 6962 6963
f 6950 6963 6951
f 6951 6963 6964
f 6951 6964 6952
f 6952 6964 6965
f 6952 6965 6953
f 6953 6965 6966
f 6953 6966 6954
f 6954 6966 6955
f 6954 6955 6943
f 6955 6967 6968
f 6955 6968 6956
f 6956 6968 6969
f 6956 6969 6957
f 6957 6969 6970
f 6957 6970 6958
f 6958 6970 6971
f 6958 6971 6959
f 6959 6971 6972
f 6959 6972 6960
f 6960 6972 6973
f 6960 6973 6961
f 6961 6973 6974
f 6961 6974 6962
f 6962 6974 6975
f 6962 6975 6963
f 6963 6975 6976
f 6963 6976 6964
f 6964 6976 6977
f 6964 6977 6965
f 6965 6977 6978
f 6965 6978 6966
f 6966 6978 6967
f 6966 6967 6955
f 6967 6979 6980
f 6967 6980 6968
f 6968 6980 6981
f 6968 6981 6969
f 6969 6981 6982
f 6969 6982 6970
f 6970 6982 6983
f 6970 6983 6971
f 6971 6983 6984
f 6971 6984 6972
f 6972 6984 6985
f 6972 6985 6973
f 6973 6985 6986
f 6973 6986 6974
f 6974 6986 6987
f 6974 6987 6975
f 6975 6987 6988
f 6975 6988 6976
f 6976 6988 6989
f 6976 6989 6977
f 6977 6989 6990
f 6977 6990 6978
f 6978 6990 6979
f 6978 6979 6967
f 6979 6991 6992
f 6979 6992 6980
f 6980 6992 6993
f 6980 6993 6981
f 6981 6993 6994
f 6981 6994 6982
f 6982 6994 6995
f 6982 6995 6983
f 6983 6995 6996
f 6983 6996 6984
f 6984 6996 6997
f 6984 6997 6985
f 6985 6997 6998
f 6985 6998 6986
f 6986 6998 6999
f 6986 6999 6987
f 6987 6999 7000
f 6987 7000 6988
f 6988 7000 7001
f 6988 7001 6989
f 6989 7001 7002
f 6989 7002 6990
f 6990 7002 6991
f 6990 6991 6979
f 6991 7003 7004
f 6991 7004 6992
f 6992 7004 7005
f 6992 7005 6993
f 6993 7005 7006
f 6993 7006 6994
f 6994 7006 7007
f 6994 7007 6995
f 6995 7007 7008
f 6995 7008 6996
f 6996 7008 7009
f 6996 7009 6997
f 6997 7009 7010
f 6997 7010 6998
f 6998 7010 7011
f 6998 7011 6999
f 6999 7011 7012
f 6999 7012 7000
f 7000 7012 7013
f 7000 7013 7001
f 7001 7013 7014
f 7001 7014 7002
f 7002 7014 7003
f 7002 7003 6991
f 7003 7015 7016
f 7003 7016 7004
f 7004 7016 7017
f 7004 7017 7005
f 7005 7017 7018
f 7005 7018 7006
f 7006 7018 7019
f 7006 7019 7007
f 7007 7019 7020
f 7007 7020 7008
f 7008 7020 7021
f 7008 7021 7009
f 7009 7021 7022
f 7009 7022 7010
f 7010 7022 7023
f 7010 7023 7011
f 7011 7023 7024
f 7011 7024 7012
f 7012 7024 7025
f 7012 7025 7013
f 7013 7025 7026
f 7013 7026 7014
f 7014 7026 7015
f 7014 7015 7003
f 7015 7027 7028
f 7015 7028 7016
f 7016 7028 7029
f 7016 7029 7017
f 7017 7029 7030
f 7017 7030 7018
f 7018 7030 7031
f 7018 7031 7019
f 7019 7031 7032
f 7019 7032 7020
f 7020 7032 7033
f 7020 7033 7021
f 7021 7033 7034
f 7021 7034 7022
f 7022 7034 7035
f 7022 7035 7023
f 7023 7035 7036
f 7023 7036 7024
f 7024 7036 7037
f 7024 7037 7025
f 7025 7037 7038
f 7025 7038 7026
f 7026 7038 7027
f 7026 7027 7015
f 7027 7039 7040
f 7027 7040 7028
f 7028 7040 7041
f 7028 7041 7029
f 7029 7041 7042
f 7029 7042 7030
f 7030 7042 7043
f 7030 7043 7031
f 7031 7043 7044
f 7031 7044 7032
f 7032 7044 7045
f 7032 7045 7033
f 7033 7045 7046
f 7033 7046 7034
f 7034 7046 7047
f 7034 7047 7035
f 7035 7047 7048
f 7035 7048 7036
f 7036 7048 7049
f 7036 7049 7037
f 7037 7049 7050
f 7037 7050 7038
f 7038 7050 7039
f 7038 7039 7027
f 7039 7051 7052
f 7039 7052 7040
f 7040 7052 7053
f 7040 7053 7041
f 7041 7053 7054
f 7041 7054 7042
f 7042 7054 7055
f 7042 7055 7043
f 7043 7055 7056
f 7043 7056 7044
f 7044 7056 7057
f 7044 7057 7045
f 7045 7057 7058
f 7045 7058 7046
f 7046 7058 7059
f 7046 7059 7047
f 7047 7059 7060
f 7047 7060 7048
f 7048 7060 7061
f 7048 7061 7049
f 7049 7061 7062
f 7049 7062 7050
f 7050 7062 7051
f 7050 7051 7039
f 7051 7063 7064
f 7051 7064 7052
f 7052 7064 7065
f 7052 7065 7053
f 7053 7065 7066
f 7053 7066 7054
f 7054 7066 7067
f 7054 7067 7055
f 7055 7067 7068
f 7055 7068 7056
f 7056 7068 7069
f 7056 7069 7057
f 7057 7069 7070
f 7057 7070 7058
f 7058 7070 7071
f 7058 7071 7059
f 7059 7071 7072
f 7059 7072 7060
f 7060 7072 7073
f 7060 7073 7061
f 7061 7073 7074
f 7061 7074 7062
f 7062 7074 7063
f 7062 7063 7051
f 7063 7075 7076
f 7063 7076 7064
f 7064 7076 7077
f 7064 7077 7065
f 7065 7077 7078
f 7065 7078 7066
f 7066 7078 7079
f 7066 7079 7067
f 7067 7079 7080
f 7067 7080 7068
f 7068 7080 7081
f 7068 7081 7069
f 7069 7081 7082
f 7069 7082 7070
f 7070 7082 7083
f 7070 7083 7071
f 7071 7083 7084
f 7071 7084 7072
f 7072 7084 7085
f 7072 7085 7073
f 7073 7085 7086
f 7073 7086 7074
f 7074 7086 7075
f 7074 7075 7063
f 7075 7087 7088
f 7075 7088 7076
f 7076 7088 7089
f 7076 7089 7077
f 7077 7089 7090
f 7077 7090 7078
f 7078 7090 7091
f 7078 7091 7079
f 7079 7091 7092
f 7079 7092 7080
f 7080 7092 7093
f 7080 7093 7081
f 7081 7093 7094
f 7081 7094 7082
f 7082 7094 7095
f 7082 7095 7083
f 7083 7095 7096
f 7083 7096 7084
f 7084 7096 7097
f 7084 7097 7085
f 7085 7097 7098
f 7085 7098 7086
f 7086 7098 7087
f 7086 7087 7075
f 7087 7099 7100
f 7087 7100 7088
f 7088 7100 7101
f 7088 7101 7089
f 7089 7101 7102
f 7089 7102 7090
f 7090 7102 7103
f 7090 7103 7091
f 7091 7103 7104
f 7091 7104 7092
f 7092 7104 7105
f 7092 7105 7093
f 7093 7105 7106
f 7093 7106 7094
f 7094 7106 7107
f 7094 7107 7095
f 7095 7107 7108
f 7095 7108 7096
f 7096 7108 7109
f 7096 7109 7097
f 7097 7109 7110
f 7097 7110 7098
f 7098 7110 7099
f 7098 7099 7087
f 7099 7111 7112
f 7099 7112 7100
f 7100 7112 7113
f 7100 7113 7101
f 7101 7113 7114
f 7101 7114 7102
f 7102 7114 7115
f 7102 7115 7103
f 7103 7115 7116
f 7103 7116 7104
f 7104 7116 7117
f 7104 7117 7105
f 7105 7117 7118
f 7105 7118 7106
f 7106 7118 7119
f 7106 7119 7107
f 7107 7119 7120
f 7107 7120 7108
f 7108 7120 7121
f 7108 7121 7109
f 7109 7121 7122
f 7109 7122 7110
f 7110 7122 7111
f 7110 7111 7099
f 7111 7123 7124
f 7111 7124 7112
f 7112 7124 7125
f 7112 7125 7113
f 7113 7125 7126
f 7113 7126 7114
f 7114 7126 7127
f 7114 7127 7115
f 7115 7127 7128
f 7115 7128 7116
f 7116 7128 7129
f 7116 7129 7117
f 7117 7129 7130
f 7117 7130 7118
f 7118 7130 7131
f 7118 7131 7119
f 7119 7131 7132
f 7119 7132 7120
f 7120 7132 7133
f 7120 7133 7121
f 7121 7133 7134
f 7121 7134 7122
f 7122 7134 7123
f 7122 7123 7111
f 7123 7135 7136
f 7123 7136 7124
f 7124 7136 7137
f 7124 7137 7125
f 7125 7137 7138
f 7125 7138 7126
f 7126 7138 7139
f 7126 7139 7127
f 7127 7139 7140
f 7127 7140 7128
f 7128 7140 7141
f 7128 7141 7129
f 7129 7141 7142
f 7129 7142 7130
f 7130 7142 7143
f 7130 7143 7131
f 7131 7143 7144
f 7131 7144 7132
f 7132 7144 7145
f 7132 7145 7133
f 7133 7145 7146
f 7133 7146 7134
f 7134 7146 7135
f 7134 7135 7123
f 7135 7147 7148
f 7135 7148 7136
f 7136 7148 7149
f 7136 7149 7137
f 7137 7149 7150
f 7137 7150 7138
f 7138 7150 7151
f 7138 7151 7139
f 7139 7151 7152
f 7139 7152 7140
f 7140 7152 7153
f 7140 7153 7141
f 7141 7153 7154
f 7141 7154 7142
f 7142 7154 7155
f 7142 7155 7143
f 7143 7155 7156
f 7143 7156 7144
f 7144 7156 7157
f 7144 7157 7145
f 7145 7157 7158
f 7145 7158 7146
f 7146 7158 7147
f 7146 7147 7135
f 7147 7159 7160
f 7147 7160 7148
f 7148 7160 7161
f 7148 7161 7149
f 7149 7161 7162
f 7149 7162 7150
f 7150 7162 7163
f 7150 7163 7151
f 7151 7163 7164
f 7151 7164 7152
f 7152 7164 7165
f 7152 7165 7153
f 7153 7165 7166
f 7153 7166 7154
f 7154 7166 7167
f 7154 7167 7155
f 7155 7167 7168
f 7155 7168 7156
f 7156 7168 7169
f 7156 7169 7157
f 7157 7169 7170
f 7157 7170 7158
f 7158 7170 7159
f 7158 7159 7147
f 7159 7171 7172
f 7159 7172 7160
f 7160 7172 7173
f 7160 7173 7161
f 7161 7173 7174
f 7161 7174 7162
f 7162 7174 7175
f 7162 7175 7163
f 7163 7175 7176
f 7163 7176 7164
f 7164 7176 7177
f 7164 7177 7165
f 7165 7177 7178
f 7165 7178 7166
f 7166 7178 7179
f 7166 7179 7167
f 7167 7179 7180
f 7167 7180 7168
f 7168 7180 7181
f 7168 7181 7169
f 7169 7181 7182
f 7169 7182 7170
f 7170 7182 7171
f 7170 7171 7159
f 7171 7183 7184
f 7171 7184 7172
f 7172 7184 7185
f 7172 7185 7173
f 7173 7185 7186
f 7173 7186 7174
f 7174 7186 7187
f 7174 7187 7175
f 7175 7187 7188
f 7175 7188 7176
f 7176 7188 7189
f 7176 7189 7177
f 7177 7189 7190
f 7177 7190 7178
f 7178 7190 7191
f 7178 7191 7179
f 7179 7191 7192
f 7179 7192 7180
f 7180 7192 7193
f 7180 7193 7181
f 7181 7193 7194
f 7181 7194 7182
f 7182 7194 7183
f 7182 7183 7171
f 7183 7195 7196
f 7183 7196 7184
f 7184 7196 7197
f 7184 7197 7185
f 7185 7197 7198
f 7185 7198 7186
f 7186 7198 7199
f 7186 7199 7187
f 7187 7199 7200
f 7187 7200 7188
f 7188 7200 7201
f 7188 7201 7189
f 7189 7201 7202
f 7189 7202 7190
f 7190 7202 7203
f 7190 7203 7191
f 7191 7203 7204
f 7191 7204 7192
f 7192 7204 7205
f 7192 7205 7193
f 7193 7205 7206
f 7193 7206 7194
f 7194 7206 7195
f 7194 7195 7183
f 7195 7207 7208
f 7195 7208 7196
f 7196 7208 7209
f 7196 7209 7197
f 7197 7209 7210
f 7197 7210 7198
f 7198 7210 7211
f 7198 7211 7199
f 7199 7211 7212
f 7199 7212 7200
f 7200 7212 7213
f 7200 7213 7201
f 7201 7213 7214
f 7201 7214 7202
f 7202 7214 7215
f 7202 7215 7203
f 7203 7215 7216
f 7203 7216 7204
f 7204 7216 7217
f 7204 7217 7205
f 7205 7217 7218
f 7205 7218 7206
f 7206 7218 7207
f 7206 7207 7195
f 7207 7219 7220
f 7207 7220 7208
f 7208 7220 7221
f 7208 7221 7209
f 7209 7221 7222
f 7209 7222 7210
f 7210 7222 7223
f 7210 7223 7211
f 7211 7223 7224
f 7211 7224 7212
f 7212 7224 7225
f 7212 7225 7213
f 7213 7225 7226
f 7213 7226 7214
f 7214 7226 7227
f 7214 7227 7215
f 7215 7227 7228
f 7215 7228 7216
f 7216 7228 7229
f 7216 7229 7217
f 7217 7229 7230
f 7217 7230 7218
f 7218 7230 7219
f 7218 7219 7207
f 7219 7231 7232
f 7219 7232 7220
f 7220 7232 7233
f 7220 7233 7221
f 7221 7233 7234
f 7221 7234 7222
f 7222 7234 7235
f 7222 7235 7223
f 7223 7235 7236
f 7223 7236 7224
f 7224 7236 7237
f 7224 7237 7225
f 7225 7237 7238
f 7225 7238 7226
f 7226 7238 7239
f 7226 7239 7227
f 7227 7239 7240
f 7227 7240 7228
f 7228 7240 7241
f 7228 7241 7229
f 7229 7241 7242
f 7229 7242 7230
f 7230 7242 7231
f 7230 7231 7219
f 7231 7243 7244
f 7231 7244 7232
f 7232 7244 7245
f 7232 7245 7233
f 7233 7245 7246
f 7233 7246 7234
f 7234 7246 7247
f 7234 7247 7235
f 7235 7247 7248
f 7235 7248 7236
f 7236 7248 7249
f 7236 7249 7237
f 7237 7249 7250
f 7237 7250 7238
f 7238 7250 7251
f 7238 7251 7239
f 7239 7251 7252
f 7239 7252 7240
f 7240 7252 7253
f 7240 7253 7241
f 7241 7253 7254
f 7241 7254 7242
f 7242 7254 7243
f 7242 7243 7231
f 7243 7255 7256
f 7243 7256 7244
f 7244 7256 7257
f 7244 7257 7245
f 7245 7257 7258
f 7245 7258 7246
f 7246 7258 7259
f 7246 7259 7247
f 7247 7259 7260
f 7247 7260 7248
f 7248 7260 7261
f 7248 7261 7249
f 7249 7261 7262
f 7249 7262 7250
f 7250 7262 7263
f 7250 7263 7251
f 7251 7263 7264
f 7251 7264 7252
f 7252 7264 7265
f 7252 7265 7253
f 7253 7265 7266
f 7253 7266 7254
f 7254 7266 7255
f 7254 7255 7243
f 7255 7267 7268
f 7255 7268 7256
f 7256 7268 7269
f 7256 7269 7257
f 7257 7269 7270
f 7257 7270 7258
f 7258 7270 7271
f 7258 7271 7259
f 7259 7271 7272
f 7259 7272 7260
f 7260 7272 7273
f 7260 7273 7261
f 7261 7273 7274
f 7261 7274 7262
f 7262 7274 7275
f 7262 7275 7263
f 7263 7275 7276
f 7263 7276 7264
f 7264 7276 7277
f 7264 7277 7265
f 7265 7277 7278
f 7265 7278 7266
f 7266 7278 7267
f 7266 7267 7255
f 7267 7279 7280
f 7267 7280 7268
f 7268 7280 7281
f 7268 7281 7269
f 7269 7281 7282
f 7269 7282 7270
f 7270 7282 7283
f 7270 7283 7271
f 7271 7283 7284
f 7271 7284 7272
f 7272 7284 7285
f 7272 7285 7273
f 7273 7285 7286
f 7273 7286 7274
f 7274 7286 7287
f 7274 7287 7275
f 7275 7287 7288
f 7275 7288 7276
f 7276 7288 7289
f 7276 7289 7277
f 7277 7289 7290
f 7277 7290 7278
f 7278 7290 7279
f 7278 7279 7267
f 7279 7291 7292
f 7279 7292 7280
f 7280 7292 7293
f 7280 7293 7281
f 7281 7293 7294
f 7281 7294 7282
f 7282 7294 7295
f 7282 7295 7283
f 7283 7295 7296
f 7283 7296 7284
f 7284 7296 7297
f 7284 7297 7285
f 7285 7297 7298
f 7285 7298 7286
f 7286 7298 7299
f 7286 7299 7287
f 7287 7299 7300
f 7287 7300 7288
f 7288 7300 7301
f 7288 7301 7289
f 7289 7301 7302
f 7289 7302 7290
f 7290 7302 7291
f 7290 7291 7279
f 7291 7303 7304
f 7291 7304 7292
f 7292 7304 7305
f 7292 7305 7293
f 7293 7305 7306
f 7293 7306 7294
f 7294 7306 7307
f 7294 7307 7295
f 7295 7307 7308
f 7295 7308 7296
f 7296 7308 7309
f 7296 7309 7297
f 7297 7309 7310
f 7297 7310 7298
f 7298 7310 7311
f 7298 7311 7299
f 7299 7311 7312
f 7299 7312 7300
f 7300 7312 7313
f 7300 7313 7301
f 7301 7313 7314
f 7301 7314 7302
f 7302 7314 7303
f 7302 7303 7291
f 7303 7315 7316
f 7303 7316 7304
f 7304 7316 7317
f 7304 7317 7305
f 7305 7317 7318
f 7305 7318 7306
f 7306 7318 7319
f 7306 7319 7307
f 7307 7319 7320
f 7307 7320 7308
f 7308 7320 7321
f 7308 7321 7309
f 7309 7321 7322
f 7309 7322 7310
f 7310 7322 7323
f 7310 7323 7311
f 7311 7323 7324
f 7311 7324 7312
f 7312 7324 7325
f 7312 7325 7313
f 7313 7325 7326
f 7313 7326 7314
f 7314 7326 7315
f 7314 7315 7303
f 7315 7327 7328
f 7315 7328 7316
f 7316 7328 7329
f 7316 7329 7317
f 7317 7329 7330
f 7317 7330 7318
f 7318 7330 7331
f 7318 7331 7319
f 7319 7331 7332
f 7319 7332 7320
f 7320 7332 7333
f 7320 7333 7321
f 7321 7333 7334
f 7321 7334 7322
f 7322 7334 7335
f 7322 7335 7323
f 7323 7335 7336
f 7323 7336 7324
f 7324 7336 7337
f 7324 7337 7325
f 7325 7337 7338
f 7325 7338 7326
f 7326 7338 7327
f 7326 7327 7315
f 7327 7339 7340
f 7327 7340 7328
f 7328 7340 7341
f 7328 7341 7329
f 7329 7341 7342
f 7329 7342 7330
f 7330 7342 7343
f 7330 7343 7331
f 7331 7343 7344
f 7331 7344 7332
f 7332 7344 7345
f 7332 7345 7333
f 7333 7345 7346
f 7333 7346 7334
f 7334 7346 7347
f 7334 7347 7335
f 7335 7347 7348
f 7335 7348 7336
f 7336 7348 7349
f 7336 7349 7337
f 7337 7349 7350
f 7337 7350 7338
f 7338 7350 7339
f 7338 7339 7327
f 7339 7351 7352
f 7339 7352 7340
f 7340 7352 7353
f 7340 7353 7341
f 7341 7353 7354
f 7341 7354 7342
f 7342 7354 7355
f 7342 7355 7343
f 7343 7355 7356
f 7343 7356 7344
f 7344 7356 7357
f 7344 7357 7345
f 7345 7357 7358
f 7345 7358 7346
f 7346 7358 7359
f 7346 7359 7347
f 7347 7359 7360
f 7347 7360 7348
f 7348 7360 7361
f 7348 7361 7349
f 7349 7361 7362
f 7349 7362 7350
f 7350 7362 7351
f 7350 7351 7339
f 7351 7363 7364
f 7351 7364 7352
f 7352 7364 7365
f 7352 7365 7353
f 7353 7365 7366
f 7353 7366 7354
f 7354 7366 7367
f 7354 7367 7355
f 7355 7367 7368
f 7355 7368 7356
f 7356 7368 7369
f 7356 7369 7357
f 7357 7369 7370
f 7357 7370 7358
f 7358 7370 7371
f 7358 7371 7359
f 7359 7371 7372
f 7359 7372 7360
f 7360 7372 7373
f 7360 7373 7361
f 7361 7373 7374
f 7361 7374 7362
f 7362 7374 7363
f 7362 7363 7351
f 7363 7375 7376
f 7363 7376 7364
f 7364 7376 7377
f 7364 7377 7365
f 7365 7377 7378
f 7365 7378 7366
f 7366 7378 7379
f 7366 7379 7367
f 7367 7379 7380
f 7367 7380 7368
f 7368 7380 7381
f 7368 7381 7369
f 7369 7381 7382
f 7369 7382 7370
f 7370 7382 7383
f 7370 7383 7371
f 7371 7383 7384
f 7371 7384 7372
f 7372 7384 7385
f 7372 7385 7373
f 7373 7385 7386
f 7373 7386 7374
f 7374 7386 7375
f 7374 7375 7363
f 7375 7387 7388
f 7375 7388 7376
f 7376 7388 7389
f 7376 7389 7377
f 7377 7389 7390
f 7377 7390 7378
f 7378 7390 7391
f 7378 7391 7379
f 7379 7391 7392
f 7379 7392 7380
f 7380 7392 7393
f 7380 7393 7381
f 7381 7393 7394
f 7381 7394 7382
f 7382 7394 7395
f 7382 7395 7383
f 7383 7395 7396
f 7383 7396 7384
f 7384 7396 7397
f 7384 7397 7385
f 7385 7397 7398
f 7385 7398 7386
f 7386 7398 7387
f 7386 7387 7375
f 7387 7399 7400
f 7387 7400 7388
f 7388 7400 7401
f 7388 7401 7389
f 7389 7401 7402
f 7389 7402 7390
f 7390 7402 7403
f 7390 7403 7391
f 7391 7403 7404
f 7391 7404 7392
f 7392 7404 7405
f 7392 7405 7393
f 7393 7405 7406
f 7393 7406 7394
f 7394 7406 7407
f 7394 7407 7395
f 7395 7407 7408
f 7395 7408 7396
f 7396 7408 7409
f 7396 7409 7397
f 7397 7409 7410
f 7397 7410 7398
f 7398 7410 7399
f 7398 7399 7387
f 7399 7411 7412
f 7399 7412 7400
f 7400 7412 7413
f 7400 7413 7401
f 7401 7413 7414
f 7401 7414 7402
f 7402 7414 7415
f 7402 7415 7403
f 7403 7415 7416
f 7403 7416 7404
f 7404 7416 7417
f 7404 7417 7405
f 7405 7417 7418
f 7405 7418 7406
f 7406 7418 7419
f 7406 7419 7407
f 7407 7419 7420
f 7407 7420 7408
f 7408 7420 7421
f 7408 7421 7409
f 7409 7421 7422
f 7409 7422 7410
f 7410 7422 7411
f 7410 7411 7399
f 7411 7423 7424
f 7411 7424 7412
f 7412 7424 7425
f 7412 7425 7413
f 7413 7425 7426
f 7413 7426 7414
f 7414 7426 7427
f 7414 7427 7415
f 7415 7427 7428
f 7415 7428 7416
f 7416 7428 7429
f 7416 7429 7417
f 7417 7429 7430
f 7417 7430 7418
f 7418 7430 7431
f 7418 7431 7419
f 7419 7431 7432
f 7419 7432 7420
f 7420 7432 7433
f 7420 7433 7421
f 7421 7433 7434
f 7421 7434 7422
f 7422 7434 7423
f 7422 7423 7411
f 7423 7435 7436
f 7423 7436 7424
f 7424 7436 7437
f 7424 7437 7425
f 7425 7437 7438
f 7425 7438 7426
f 7426 7438 7439
f 7426 7439 7427
f 7427 7439 7440
f 7427 7440 7428
f 7428 7440 7441
f 7428 7441 7429
f 7429 7441 7442
f 7429 7442 7430
f 7430 7442 7443
f 7430 7443 7431
f 7431 7443 7444
f 7431 7444 7432
f 7432 7444 7445
f 7432 7445 7433
f 7433 7445 7446
f 7433 7446 7434
f 7434 7446 7435
f 7434 7435 7423
f 7435 7447 7448
f 7435 7448 7436
f 7436 7448 7449
f 7436 7449 7437
f 7437 7449 7450
f 7437 7450 7438
f 7438 7450 7451
f 7438 7451 7439
f 7439 7451 7452
f 7439 7452 7440
f 7440 7452 7453
f 7440 7453 7441
f 7441 7453 7454
f 7441 7454 7442
f 7442 7454 7455
f 7442 7455 7443
f 7443 7455 7456
f 7443 7456 7444
f 7444 7456 7457
f 7444 7457 7445
f 7445 7457 7458
f 7445 7458 7446
f 7446 7458 7447
f 7446 7447 7435
f 7447 7459 7460
f 7447 7460 7448
f 7448 7460 7461
f 7448 7461 7449
f 7449 7461 7462
f 7449 7462 7450
f 7450 7462 7463
f 7450 7463 7451
f 7451 7463 7464
f 7451 7464 7452
f 7452 7464 7465
f 7452 7465 7453
f 7453 7465 7466
f 7453 7466 7454
f 7454 7466 7467
f 7454 7467 7455
f 7455 7467 7468
f 7455 7468 7456
f 7456 7468 7469
f 7456 7469 7457
f 7457 7469 7470
f 7457 7470 7458
f 7458 7470 7459
f 7458 7459 7447
f 7459 7471 7472
f 7459 7472 7460
f 7460 7472 7473
f 7460 7473 7461
f 7461 7473 7474
f 7461 7474 7462
f 7462 7474 7475
f 7462 7475 7463
f 7463 7475 7476
f 7463 7476 7464
f 7464 7476 7477
f 7464 7477 7465
f 7465 7477 7478
f 7465 7478 7466
f 7466 7478 7479
f 7466 7479 7467
f 7467 7479 7480
f 7467 7480 7468
f 7468 7480 7481
f 7468 7481 7469
f 7469 7481 7482
f 7469 7482 7470
f 7470 7482 7471
f 7470 7471 7459
f 7471 7483 7484
f 7471 7484 7472
f 7472 7484 7485
f 7472 7485 7473
f 7473 7485 7486
f 7473 7486 7474
f 7474 7486 7487
f 7474 7487 7475
f 7475 7487 7488
f 7475 7488 7476
f 7476 7488 7489
f 7476 7489 7477
f 7477 7489 7490
f 7477 7490 7478
f 7478 7490 7491
f 7478 7491 7479
f 7479 7491 7492
f 7479 7492 7480
f 7480 7492 7493
f 7480 7493 7481
f 7481 7493 7494
f 7481 7494 7482
f 7482 7494 7483
f 7482 7483 7471
f 7483 7495 7496
f 7483 7496 7484
f 7484 7496 7497
f 7484 7497 7485
f 7485 7497 7498
f 7485 7498 7486
f 7486 7498 7499
f 7486 7499 7487
f 7487 7499 7500
f 7487 7500 7488
f 7488 7500 7501
f 7488 7501 7489
f 7489 7501 7502
f 7489 7502 7490
f 7490 7502 7503
f 7490 7503 7491
f 7491 7503 7504
f 7491 7504 7492
f 7492 7504 7505
f 7492 7505 7493
f 7493 7505 7506
f 7493 7506 7494
f 7494 7506 7495
f 7494 7495 7483
f 7495 7507 7508
f 7495 7508 7496
f 7496 7508 7509
f 7496 7509 7497
f 7497 7509 7510
f 7497 7510 7498
f 7498 7510 7511
f 7498 7511 7499
f 7499 7511 7512
f 7499 7512 7500
f 7500 7512 7513
f 7500 7513 7501
f 7501 7513 7514
f 7501 7514 7502
f 7502 7514 7515
f 7502 7515 7503
f 7503 7515 7516
f 7503 7516 7504
f 7504 7516 7517
f 7504 7517 7505
f 7505 7517 7518
f 7505 7518 7506
f 7506 7518 7507
f 7506 7507 7495
f 7507 7519 7520
f 7507 7520 7508
f 7508 7520 7521
f 7508 7521 7509
f 7509 7521 7522
f 7509 7522 7510
f 7510 7522 7523
f 7510 7523 7511
f 7511 7523 7524
f 7511 7524 7512
f 7512 7524 7525
f 7512 7525 7513
f 7513 7525 7526
f 7513 7526 7514
f 7514 7526 7527
f 7514 7527 7515
f 7515 7527 7528
f 7515 7528 7516
f 7516 7528 7529
f 7516 7529 7517
f 7517 7529 7530
f 7517 7530 7518
f 7518 7530 7519
f 7518 7519 7507
f 7519 7531 7532
f 7519 7532 7520
f 7520 7532 7533
f 7520 7533 7521
f 7521 7533 7534
f 7521 7534 7522
f 7522 7534 7535
f 7522 7535 7523
f 7523 7535 7536
f 7523 7536 7524
f 7524 7536 7537
f 7524 7537 7525
f 7525 7537 7538
f 7525 7538 7526
f 7526 7538 7539
f 7526 7539 7527
f 7527 7539 7540
f 7527 7540 7528
f 7528 7540 7541
f 7528 7541 7529
f 7529 7541 7542
f 7529 7542 7530
f 7530 7542 7531
f 7530 7531 7519
f 7531 7543 7544
f 7531 7544 7532
f 7532 7544 7545
f 7532 7545 7533
f 7533 7545 7546
f 7533 7546 7534
f 7534 7546 7547
f 7534 7547 7535
f 7535 7547 7548
f 7535 7548 7536
f 7536 7548 7549
f 7536 7549 7537
f 7537 7549 7550
f 7537 7550 7538
f 7538 7550 7551
f 7538 7551 7539
f 7539 7551 7552
f 7539 7552 7540
f 7540 7552 7553
f 7540 7553 7541
f 7541 7553 7554
f 7541 7554 7542
f 7542 7554 7543
f 7542 7543 7531
f 7543 7555 7556
f 7543 7556 7544
f 7544 7556 7557
f 7544 7557 7545
f 7545 7557 7558
f 7545 7558 7546
f 7546 7558 7559
f 7546 7559 7547
f 7547 7559 7560
f 7547 7560 7548
f 7548 7560 7561
f 7548 7561 7549
f 7549 7561 7562
f 7549 7562 7550
f 7550 7562 7563
f 7550 7563 7551
f 7551 7563 7564
f 7551 7564 7552
f 7552 7564 7565
f 7552 7565 7553
f 7553 7565 7566
f 7553 7566 7554
f 7554 7566 7555
f 7554 7555 7543
f 7555 7567 7568
f 7555 7568 7556
f 7556 7568 7569
f 7556 7569 7557
f 7557 7569 7570
f 7557 7570 7558
f 7558 7570 7571
f 7558 7571 7559
f 7559 7571 7572
f 7559 7572 7560
f 7560 7572 7573
f 7560 7573 7561
f 7561 7573 7574
f 7561 7574 7562
f 7562 7574 7575
f 7562 7575 7563
f 7563 7575 7576
f 7563 7576 7564
f 7564 7576 7577
f 7564 7577 7565
f 7565 7577 7578
f 7565 7578 7566
f 7566 7578 7567
f 7566 7567 7555
f 7567 7579 7580
f 7567 7580 7568
f 7568 7580 7581
f 7568 7581 7569
f 7569 7581 7582
f 7569 7582 7570
f 7570 7582 7583
f 7570 7583 7571
f 7571 7583 7584
f 7571 7584 7572
f 7572 7584 7585
f 7572 7585 7573
f 7573 7585 7586
f 7573 7586 7574
f 7574 7586 7587
f 7574 7587 7575
f 7575 7587 7588
f 7575 7588 7576
f 7576 7588 7589
f 7576 7589 7577
f 7577 7589 7590
f 7577 7590 7578
f 7578 7590 7579
f 7578 7579 7567
f 7579 7591 7592
f 7579 7592 7580
f 7580 7592 7593
f 7580 7593 7581
f 7581 7593 7594
f 7581 7594 7582
f 7582 7594 7595
f 7582 7595 7583
f 7583 7595 7596
f 7583 7596 7584
f 7584 7596 7597
f 7584 7597 7585
f 7585 7597 7598
f 7585 7598 7586
f 7586 7598 7599
f 7586 7599 7587
f 7587 7599 7600
f 7587 7600 7588
f 7588 7600 7601
f 7588 7601 7589
f 7589 7601 7602
f 7589 7602 7590
f 7590 7602 7591
f 7590 7591 7579
f 7591 7603 7604
f 7591 7604 7592
f 7592 7604 7605
f 7592 7605 7593
f 7593 7605 7606
f 7593 7606 7594
f 7594 7606 7607
f 7594 7607 7595
f 7595 7607 7608
f 7595 7608 7596
f 7596 7608 7609
f 7596 7609 7597
f 7597 7609 7610
f 7597 7610 7598
f 7598 7610 7611
f 7598 7611 7599
f 7599 7611 7612
f 7599 7612 7600
f 7600 7612 7613
f 7600 7613 7601
f 7601 7613 7614
f 7601 7614 7602
f 7602 7614 7603
f 7602 7603 7591
f 7603 7615 7616
f 7603 7616 7604
f 7604 7616 7617
f 7604 7617 7605
f 7605 7617 7618
f 7605 7618 7606
f 7606 7618 7619
f 7606 7619 7607
f 7607 7619 7620
f 7607 7620 7608
f 7608 7620 7621
f 7608 7621 7609
f 7609 7621 7622
f 7609 7622 7610
f 7610 7622 7623
f 7610 7623 7611
f 7611 7623 7624
f 7611 7624 7612
f 7612 7624 7625
f 7612 7625 7613
f 7613 7625 7626
f 7613 7626 7614
f 7614 7626 7615
f 7614 7615 7603
f 7615 7627 7628
f 7615 7628 7616
f 7616 7628 7629
f 7616 7629 7617
f 7617 7629 7630
f 7617 7630 7618
f 7618 7630 7631
f 7618 7631 7619
f 7619 7631 7632
f 7619 7632 7620
f 7620 7632 7633
f 7620 7633 7621
f 7621 7633 7634
f 7621 7634 7622
f 7622 7634 7635
f 7622 7635 7623
f 7623 7635 7636
f 7623 7636 7624
f 7624 7636 7637
f 7624 7637 7625
f 7625 7637 7638
f 7625 7638 7626
f 7626 7638 7627
f 7626 7627 7615
f 7627 7639 7640
f 7627 7640 7628
f 7628 7640 7641
f 7628 7641 7629
f 7629 7641 7642
f 7629 7642 7630
f 7630 7642 7643
f 7630 7643 7631
f 7631 7643 7644
f 7631 7644 7632
f 7632 7644 7645
f 7632 7645 7633
f 7633 7645 7646
f 7633 7646 7634
f 7634 7646 7647
f 7634 7647 7635
f 7635 7647 7648
f 7635 7648 7636
f 7636 7648 7649
f 7636 7649 7637
f 7637 7649 7650
f 7637 7650 7638
f 7638 7650 7639
f 7638 7639 7627
f 7639 7651 7652
f 7639 7652 7640
f 7640 7652 7653
f 7640 7653 7641
f 7641 7653 7654
f 7641 7654 7642
f 7642 7654 7655
f 7642 7655 7643
f 7643 7655 7656
f 7643 7656 7644
f 7644 7656 7657
f 7644 7657 7645
f 7645 7657 7658
f 7645 7658 7646
f 7646 7658 7659
f 7646 7659 7647
f 7647 7659 7660
f 7647 7660 7648
f 7648 7660 7661
f 7648 7661 7649
f 7649 7661 7662
f 7649 7662 7650
f 7650 7662 7651
f 7650 7651 7639
f 7651 7663 7664
f 7651 7664 7652
f 7652 7664 7665
f 7652 7665 7653
f 7653 7665 7666
f 7653 7666 7654
f 7654 7666 7667
f 7654 7667 7655
f 7655 7667 7668
f 7655 7668 7656
f 7656 7668 7669
f 7656 7669 7657
f 7657 7669 7670
f 7657 7670 7658
f 7658 7670 7671
f 7658 7671 7659
f 7659 7671 7672
f 7659 7672 7660
f 7660 7672 7673
f 7660 7673 7661
f 7661 7673 7674
f 7661 7674 7662
f 7662 7674 7663
f 7662 7663 7651
f 7663 7675 7676
f 7663 7676 7664
f 7664 7676 7677
f 7664 7677 7665
f 7665 7677 7678
f 7665 7678 7666
f 7666 7678 7679
f 7666 7679 7667
f 7667 7679 7680
f 7667 7680 7668
f 7668 7680 7681
f 7668 7681 7669
f 7669 7681 7682
f 7669 7682 7670
f 7670 7682 7683
f 7670 7683 7671
f 7671 7683 7684
f 7671 7684 7672
f 7672 7684 7685
f 7672 7685 7673
f 7673 7685 7686
f 7673 7686 7674
f 7674 7686 7675
f 7674 7675 7663
f 7675 6535 6536
f 7675 6536 7676
f 7676 6536 6537
f 7676 6537 7677
f 7677 6537 6538
f 7677 6538 7678
f 7678 6538 6539
f 7678 6539 7679
f 7679 6539 6540
f 7679 6540 7680
f 7680 6540 6541
f 7680 6541 7681
f 7681 6541 6542
f 7681 6542 7682
f 7682 6542 6543
f 7682 6543 7683
f 7683 6543 6544
f 7683 6544 7684
f 7684 6544 6545
f 7684 6545 7685
f 7685 6545 6546
f 7685 6546 7686
f 7686 6546 6535
f 7686 6535 7675
v -0.0064721 0.2547023 0.5250000
v -0.0024721 0.2576084 0.5250000
v 0.0024721 0.2576084 0.5250000
v 0.0064721 0.2547023 0.5250000
v 0.0080000 0.2500000 0.5250000
v 0.0064721 0.2452977 0.5250000
v 0.0024721 0.2423915 0.5250000
v -0.0024721 0.2423915 0.5250000
v -0.0064721 0.2452977 0.5250000
v -0.0080000 0.2500000 0.5250000
v -0.0064721 0.4192977 0.5590000
v -0.0024721 0.4163916 0.5590000
v 0.0024721 0.4163916 0.5590000
v 0.0064721 0.4192977 0.5590000
v 0.0080000 0.4240000 0.5590000
v 0.0064721 0.4287023 0.5590000
v 0.0024721 0.4316084 0.5590000
v -0.0024721 0.4316084 0.5590000
v -0.0064721 0.4287023 0.5590000
v -0.0080000 0.4240000 0.5590000
v -0.0064721 0.4192977 0.5590000
v -0.0024721 0.4163916 0.5590000
v 0.0024721 0.4163916 0.5590000
v 0.0064721 0.4192977 0.5590000
v 0.0080000 0.4240000 0.5590000
v 0.0064721 0.4287023 0.5590000
v 0.0024721 0.4316084 0.5590000
v -0.0024721 0.4316084 0.5590000
v -0.0064721 0.4287023 0.5590000
v -0.0080000 0.4240000 0.5590000
v -0.0064721 0.4206750 0.5766750
v -0.0024721 0.4186200 0.5746200
v 0.0024721 0.4186200 0.5746200
v 0.0064721 0.4206750 0.5766750
v 0.0080000 0.4240000 0.5800000
v 0.0064721 0.4273250 0.5833250
v 0.0024721 0.4293800 0.5853800
v -0.0024721 0.4293800 0.5853800
v -0.0064721 0.4273250 0.5833250
v -0.0080000 0.4240000 0.5800000
v -0.0064721 0.2533250 0.5766749
v -0.0024721 0.2553800 0.5746200
v 0.0024721 0.2553800 0.5746200
v 0.0064721 0.2533250 0.5766749
v 0.0080000 0.2500000 0.5800000
v 0.0064721 0.2466750 0.5833250
v 0.0024721 0.2446200 0.5853800
v -0.0024721 0.2446200 0.5853800
v -0.0064721 0.2466750 0.5833250
v -0.0080000 0.2500000 0.5800000
v -0.0064721 0.2547023 0.5250000
v -0.0024721 0.2576084 0.5250000
v 0.0024721 0.2576084 0.5250000
v 0.0064721 0.2547023 0.5250000
v 0.0080000 0.2500000 0.5250000
v 0.0064721 0.2452977 0.5250000
v 0.0024721 0.2423915 0.5250000
v -0.0024721 0.2423915 0.5250000
v -0.0064721 0.2452977 0.5250000
v -0.0080000 0.2500000 0.5250000
f 7690 7688 7689
f 7690 7687 7688
f 7691 7687 7690
f 7691 7696 7687
f 7692 7696 7691
f 7692 7695 7696
f 7693 7695 7692
f 7693 7694 7695
f 7697 7699 7698
f 7697 7700 7699
f 7706 7700 7697
f 7706 7701 7700
f 7705 7701 7706
f 7705 7702 7701
f 7704 7702 7705
f 7704 7703 7702
f 7707 7717 7726
f 7707 7726 7716
f 7708 7718 7717
f 7708 7717 7707
f 7709 7719 7718
f 7709 7718 7708
f 7710 7720 7719
f 7710 7719 7709
f 7711 7721 7720
f 7711 7720 7710
f 7712 7722 7721
f 7712 7721 7711
f 7713 7723 7722
f 7713 7722 7712
f 7714 7724 7723
f 7714 7723 7713
f 7715 7725 7724
f 7715 7724 7714
f 7716 7726 7725
f 7716 7725 7715
f 7717 7727 7736
f 7717 7736 7726
f 7718 7728 7727
f 7718 7727 7717
f 7719 7729 7728
f 7719 7728 7718
f 7720 7730 7729
f 7720 7729 7719
f 7721 7731 7730
f 7721 7730 7720
f 7722 7732 7731
f 7722 7731 7721
f 7723 7733 7732
f 7723 7732 7722
f 7724 7734 7733
f 7724 7733 7723
f 7725 7735 7734
f 7725 7734 7724
f 7726 7736 7735
f 7726 7735 7725
f 7727 7737 7746
f 7727 7746 7736
f 7728 7738 7737
f 7728 7737 7727
f 7729 7739 7738
f 7729 7738 7728
f 7730 7740 7739
f 7730 7739 7729
f 7731 7741 7740
f 7731 7740 7730
f 7732 7742 7741
f 7732 7741 7731
f 7733 7743 7742
f 7733 7742 7732
f 7734 7744 7743
f 7734 7743 7733
f 7735 7745 7744
f 7735 7744 7734
f 7736 7746 7745
f 7736 7745 7735
v -0.2287581 0.4551459 0.3244092
v -0.2307072 0.4581459 0.3253849
v -0.2307072 0.4618541 0.3253849
v -0.2287581 0.4648541 0.3244092
v -0.2256045 0.4660000 0.3228305
v -0.2224509 0.4648541 0.3212517
v -0.2205019 0.4618541 0.3202760
v -0.2205019 0.4581459 0.3202760
v -0.2224509 0.4551459 0.3212517
v -0.2256045 0.4540000 0.3228305
v -0.2288567 0.4551459 0.3241947
v -0.2308666 0.4581459 0.3250379
v -0.2308666 0.4618541 0.3250379
v -0.2288567 0.4648541 0.3241947
v -0.2256045 0.4660000 0.3228305
v -0.2223524 0.4648541 0.3214662
v -0.2203424 0.4618541 0.3206231
v -0.2203424 0.4581459 0.3206231
v -0.2223524 0.4551459 0.3214662
v -0.2256045 0.4540000 0.3228305
v -0.2288567 0.4551459 0.3241947
v -0.2308666 0.4581459 0.3250379
v -0.2308666 0.4618541 0.3250379
v -0.2288567 0.4648541 0.3241947
v -0.2256045 0.4660000 0.3228305
v -0.2223524 0.4648541 0.3214662
v -0.2203424 0.4618541 0.3206231
v -0.2203424 0.4581459 0.3206231
v -0.2223524 0.4551459 0.3214662
v -0.2256045 0.4540000 0.3228305
v -0.2315801 0.4551459 0.3176820
v -0.2336420 0.4581459 0.3183888
v -0.2336420 0.4618541 0.3183888
v -0.2315801 0.4648541 0.3176820
v -0.2282440 0.4660000 0.3165383
v -0.2249079 0.4648541 0.3153947
v -0.2228460 0.4618541 0.3146879
v -0.2228460 0.4581459 0.3146879
v -0.2249079 0.4551459 0.3153947
v -0.2282440 0.4540000 0.3165383
v -0.2334789 0.4551459 0.3106382
v -0.2356166 0.4581459 0.3110635
v -0.2356166 0.4618541 0.3110635
v -0.2334789 0.4648541 0.3106382
v -0.2300200 0.4660000 0.3099501
v -0.2265610 0.4648541 0.3092621
v -0.2244233 0.4618541 0.3088368
v -0.2244233 0.4581459 0.3088368
v -0.2265610 0.4551459 0.3092621
v -0.2300200 0.4540000 0.3099501
v -0.2344204 0.4551459 0.3034040
v -0.2365957 0.4581459 0.3035401
v -0.2365957 0.4618541 0.3035401
v -0.2344204 0.4648541 0.3034040
v -0.2309005 0.4660000 0.3031839
v -0.2273807 0.4648541 0.3029637
v -0.2252053 0.4618541 0.3028276
v -0.2252053 0.4581459 0.3028276
v -0.2273807 0.4551459 0.3029637
v -0.2309005 0.4540000 0.3031839
v -0.2343877 0.4551459 0.2961089
v -0.2365618 0.4581459 0.2959533
v -0.2365618 0.4618541 0.2959533
v -0.2343877 0.4648541 0.2961089
v -0.2308700 0.4660000 0.2963606
v -0.2273523 0.4648541 0.2966122
v -0.2251782 0.4618541 0.2967678
v -0.2251782 0.4581459 0.2967678
v -0.2273523 0.4551459 0.2966122
v -0.2308700 0.4540000 0.2963606
v -0.2333815 0.4551459 0.2888834
v -0.2355153 0.4581459 0.2884391
v -0.2355153 0.4618541 0.2884391
v -0.2333815 0.4648541 0.2888834
v -0.2299289 0.4660000 0.2896024
v -0.2264762 0.4648541 0.2903214
v -0.2243424 0.4618541 0.2907658
v -0.2243424 0.4581459 0.2907658
v -0.2264762 0.4551459 0.2903214
v -0.2299289 0.4540000 0.2896024
v -0.2314198 0.4551459 0.2818569
v -0.2334752 0.4581459 0.2811317
v -0.2334752 0.4618541 0.2811317
v -0.2314198 0.4648541 0.2818569
v -0.2280940 0.4660000 0.2830304
v -0.2247682 0.4648541 0.2842039
v -0.2227128 0.4618541 0.2849291
v -0.2227128 0.4581459 0.2849291
v -0.2247682 0.4551459 0.2842039
v -0.2280940 0.4540000 0.2830304
v -0.2285376 0.4551459 0.2751552
v -0.2304778 0.4581459 0.2741621
v -0.2304778 0.4618541 0.2741621
v -0.2285376 0.4648541 0.2751552
v -0.2253983 0.4660000 0.2767621
v -0.2222589 0.4648541 0.2783691
v -0.2203187 0.4618541 0.2793622
v -0.2203187 0.4581459 0.2793622
v -0.2222589 0.4551459 0.2783691
v -0.2253983 0.4540000 0.2767621
v -0.2247866 0.4551459 0.2688982
v -0.2265769 0.4581459 0.2676550
v -0.2265769 0.4618541 0.2676550
v -0.2247866 0.4648541 0.2688982
v -0.2218899 0.4660000 0.2709098
v -0.2189931 0.4648541 0.2729214
v -0.2172029 0.4618541 0.2741647
v -0.2172029 0.4581459 0.2741647
v -0.2189931 0.4551459 0.2729214
v -0.2218899 0.4540000 0.2709098
v -0.2202339 0.4551459 0.2631979
v -0.2218422 0.4581459 0.2617268
v -0.2218422 0.4618541 0.2617268
v -0.2202339 0.4648541 0.2631979
v -0.2176317 0.4660000 0.2655782
v -0.2150294 0.4648541 0.2679586
v -0.2134211 0.4618541 0.2694297
v -0.2134211 0.4581459 0.2694297
v -0.2150294 0.4551459 0.2679586
v -0.2176317 0.4540000 0.2655782
v -0.2149611 0.4551459 0.2581564
v -0.2163586 0.4581459 0.2564838
v -0.2163586 0.4618541 0.2564838
v -0.2149611 0.4648541 0.2581564
v -0.2126998 0.4660000 0.2608628
v -0.2104386 0.4648541 0.2635692
v -0.2090411 0.4618541 0.2652418
v -0.2090411 0.4581459 0.2652418
v -0.2104386 0.4551459 0.2635692
v -0.2126998 0.4540000 0.2608628
v -0.2090624 0.4551459 0.2538639
v -0.2102241 0.4581459 0.2520197
v -0.2102241 0.4618541 0.2520197
v -0.2090624 0.4648541 0.2538639
v -0.2071827 0.4660000 0.2568479
v -0.2053030 0.4648541 0.2598320
v -0.2041412 0.4618541 0.2616762
v -0.2041412 0.4581459 0.2616762
v -0.2053030 0.4551459 0.2598320
v -0.2071827 0.4540000 0.2568479
v -0.2026435 0.4551459 0.2503972
v -0.2035487 0.4581459 0.2484144
v -0.2035487 0.4618541 0.2484144
v -0.2026435 0.4648541 0.2503972
v -0.2011790 0.4660000 0.2536055
v -0.1997144 0.4648541 0.2568137
v -0.1988093 0.4618541 0.2587965
v -0.1988093 0.4581459 0.2587965
v -0.1997144 0.4551459 0.2568137
v -0.2011790 0.4540000 0.2536055
v -0.1958193 0.4551459 0.2478185
v -0.1964516 0.4581459 0.2457326
v -0.1964516 0.4618541 0.2457326
v -0.1958193 0.4648541 0.2478185
v -0.1947961 0.4660000 0.2511935
v -0.1937730 0.4648541 0.2545685
v -0.1931406 0.4618541 0.2566544
v -0.1931406 0.4581459 0.2566544
v -0.1937730 0.4551459 0.2545685
v -0.1947961 0.4540000 0.2511935
v -0.1887119 0.4551459 0.2461738
v -0.1890602 0.4581459 0.2440221
v -0.1890602 0.4618541 0.2440221
v -0.1887119 0.4648541 0.2461738
v -0.1881484 0.4660000 0.2496552
v -0.1875850 0.4648541 0.2531366
v -0.1872367 0.4618541 0.2552882
v -0.1872367 0.4581459 0.2552882
v -0.1875850 0.4551459 0.2531366
v -0.1881484 0.4540000 0.2496552
v -0.1814486 0.4551459 0.2454925
v -0.1815065 0.4581459 0.2433137
v -0.1815065 0.4618541 0.2433137
v -0.1814486 0.4648541 0.2454925
v -0.1813549 0.4660000 0.2490180
v -0.1812612 0.4648541 0.2525435
v -0.1812033 0.4618541 0.2547223
v -0.1812033 0.4581459 0.2547223
v -0.1812612 0.4551459 0.2525435
v -0.1813549 0.4540000 0.2490180
v -0.1742769 0.4551459 0.2457764
v -0.1741161 0.4581459 0.2436027
v -0.1741161 0.4618541 0.2436027
v -0.1742769 0.4648541 0.2457763
v -0.1745371 0.4660000 0.2492934
v -0.1747973 0.4648541 0.2528105
v -0.1749581 0.4618541 0.2549842
v -0.1749581 0.4581459 0.2549842
v -0.1747973 0.4551459 0.2528105
v -0.1745371 0.4540000 0.2492934
v 0.0172086 0.4551459 0.2664062
v 0.0175167 0.4581459 0.2642485
v 0.0175167 0.4618541 0.2642485
v 0.0172086 0.4648541 0.2664062
v 0.0167100 0.4660000 0.2698976
v 0.0162115 0.4648541 0.2733889
v 0.0159034 0.4618541 0.2755466
v 0.0159034 0.4581459 0.2755466
v 0.0162115 0.4551459 0.2733889
v 0.0167100 0.4540000 0.2698976
v 0.0387488 0.4551459 0.2702508
v 0.0392782 0.4581459 0.2681365
v 0.0392782 0.4618541 0.2681365
v 0.0387487 0.4648541 0.2702508
v 0.0378921 0.4660000 0.2736719
v 0.0370355 0.4648541 0.2770930
v 0.0365061 0.4618541 0.2792074
v 0.0365061 0.4581459 0.2792074
v 0.0370355 0.4551459 0.2770930
v 0.0378921 0.4540000 0.2736719
v 0.0596726 0.4551459 0.2770543
v 0.0604879 0.4581459 0.2750328
v 0.0604879 0.4618541 0.2750328
v 0.0596726 0.4648541 0.2770543
v 0.0583534 0.4660000 0.2803249
v 0.0570342 0.4648541 0.2835956
v 0.0562189 0.4618541 0.2856170
v 0.0562189 0.4581459 0.2856170
v 0.0570342 0.4551459 0.2835956
v 0.0583534 0.4540000 0.2803249
v 0.0794613 0.4551459 0.2866719
v 0.0805470 0.4581459 0.2847819
v 0.0805470 0.4618541 0.2847819
v 0.0794613 0.4648541 0.2866719
v 0.0777047 0.4660000 0.2897300
v 0.0759480 0.4648541 0.2927880
v 0.0748623 0.4618541 0.2946780
v 0.0748623 0.4581459 0.2946780
v 0.0759480 0.4551459 0.2927880
v 0.0777047 0.4540000 0.2897300
v 0.0977385 0.4551459 0.2989209
v 0.0990740 0.4581459 0.2971983
v 0.0990740 0.4618541 0.2971983
v 0.0977385 0.4648541 0.2989209
v 0.0955778 0.4660000 0.3017082
v 0.0934171 0.4648541 0.3044954
v 0.0920817 0.4618541 0.3062181
v 0.0920817 0.4581459 0.3062181
v 0.0934171 0.4551459 0.3044954
v 0.0955778 0.4540000 0.3017082
v 0.1141565 0.4551459 0.3135682
v 0.1157163 0.4581459 0.3120457
v 0.1157163 0.4618541 0.3120457
v 0.1141565 0.4648541 0.3135682
v 0.1116328 0.4660000 0.3160316
v 0.1091091 0.4648541 0.3184951
v 0.1075494 0.4618541 0.3200176
v 0.1075494 0.4581459 0.3200176
v 0.1091091 0.4551459 0.3184951
v 0.1116328 0.4540000 0.3160316
v 0.1284030 0.4551459 0.3303351
v 0.1301574 0.4581459 0.3290417
v 0.1301574 0.4618541 0.3290417
v 0.1284030 0.4648541 0.3303351
v 0.1255644 0.4660000 0.3324279
v 0.1227257 0.4648541 0.3345207
v 0.1209713 0.4618541 0.3358141
v 0.1209713 0.4581459 0.3358141
v 0.1227257 0.4551459 0.3345207
v 0.1255644 0.4540000 0.3324279
v 0.1402070 0.4551459 0.3489029
v 0.1421226 0.4581459 0.3478631
v 0.1421226 0.4618541 0.3478631
v 0.1402070 0.4648541 0.3489029
v 0.1371074 0.4660000 0.3505852
v 0.1340078 0.4648541 0.3522675
v 0.1320921 0.4618541 0.3533072
v 0.1320921 0.4581459 0.3533072
v 0.1340078 0.4551459 0.3522675
v 0.1371074 0.4540000 0.3505852
v 0.1493439 0.4551459 0.3689181
v 0.1513844 0.4581459 0.3681518
v 0.1513844 0.4618541 0.3681518
v 0.1493439 0.4648541 0.3689181
v 0.1460423 0.4660000 0.3701579
v 0.1427407 0.4648541 0.3713977
v 0.1407002 0.4618541 0.3721640
v 0.1407002 0.4581459 0.3721640
v 0.1427407 0.4551459 0.3713978
v 0.1460423 0.4540000 0.3701579
v 0.1556399 0.4551459 0.3900002
v 0.1577664 0.4581459 0.3895220
v 0.1577664 0.4618541 0.3895220
v 0.1556399 0.4648541 0.3900002
v 0.1521991 0.4660000 0.3907740
v 0.1487584 0.4648541 0.3915477
v 0.1466318 0.4618541 0.3920259
v 0.1466318 0.4581459 0.3920259
v 0.1487584 0.4551459 0.3915477
v 0.1521991 0.4540000 0.3907740
v 0.1589753 0.4551459 0.4117480
v 0.1611474 0.4581459 0.4115669
v 0.1611474 0.4618541 0.4115669
v 0.1589753 0.4648541 0.4117480
v 0.1554608 0.4660000 0.4120410
v 0.1519463 0.4648541 0.4123339
v 0.1497742 0.4618541 0.4125150
v 0.1497742 0.4581459 0.4125150
v 0.1519463 0.4551459 0.4123339
v 0.1554608 0.4540000 0.4120410
v 0.1592867 0.4551459 0.4337479
v 0.1614630 0.4581459 0.4338675
v 0.1614630 0.4618541 0.4338675
v 0.1592867 0.4648541 0.4337479
v 0.1557653 0.4660000 0.4335546
v 0.1522439 0.4648541 0.4333612
v 0.1500675 0.4618541 0.4332416
v 0.1500675 0.4581459 0.4332416
v 0.1522439 0.4551459 0.4333612
v 0.1557653 0.4540000 0.4335546
v 0.1565680 0.4551459 0.4555815
v 0.1587072 0.4581459 0.4559993
v 0.1587072 0.4618541 0.4559993
v 0.1565680 0.4648541 0.4555815
v 0.1531067 0.4660000 0.4549054
v 0.1496454 0.4648541 0.4542293
v 0.1475062 0.4618541 0.4538115
v 0.1475062 0.4581459 0.4538115
v 0.1496454 0.4551459 0.4542293
v 0.1531067 0.4540000 0.4549054
v 0.1508711 0.4551459 0.4768333
v 0.1529325 0.4581459 0.4775414
v 0.1529325 0.4618541 0.4775414
v 0.1508711 0.4648541 0.4768333
v 0.1475357 0.4660000 0.4756874
v 0.1442004 0.4648541 0.4745415
v 0.1421390 0.4618541 0.4738333
v 0.1421390 0.4581459 0.4738333
v 0.1442004 0.4551459 0.4745415
v 0.1475357 0.4540000 0.4756874
v 0.1423042 0.4551459 0.4970991
v 0.1442486 0.4581459 0.4980842
v 0.1442486 0.4618541 0.4980842
v 0.1423042 0.4648541 0.4970991
v 0.1391583 0.4660000 0.4955052
v 0.1360123 0.4648541 0.4939112
v 0.1340680 0.4618541 0.4929262
v 0.1340680 0.4581459 0.4929262
v 0.1360123 0.4551459 0.4939112
v 0.1391583 0.4540000 0.4955052
v 0.1310304 0.4551459 0.5159934
v 0.1328207 0.4581459 0.5172366
v 0.1328207 0.4618541 0.5172366
v 0.1310305 0.4648541 0.5159934
v 0.1281337 0.4660000 0.5139818
v 0.1252370 0.4648541 0.5119702
v 0.1234467 0.4618541 0.5107269
v 0.1234467 0.4581459 0.5107269
v 0.1252370 0.4551459 0.5119702
v 0.1281337 0.4540000 0.5139818
v 0.1172642 0.4551459 0.5331568
v 0.1188663 0.4581459 0.5346346
v 0.1188663 0.4618541 0.5346346
v 0.1172642 0.4648541 0.5331568
v 0.1146718 0.4660000 0.5307658
v 0.1120794 0.4648541 0.5283747
v 0.1104772 0.4618541 0.5268970
v 0.1104772 0.4581459 0.5268970
v 0.1120794 0.4551459 0.5283747
v 0.1146718 0.4540000 0.5307658
v 0.1012672 0.4551459 0.5482628
v 0.1026508 0.4581459 0.5499470
v 0.1026508 0.4618541 0.5499470
v 0.1012672 0.4648541 0.5482628
v 0.0990285 0.4660000 0.5455378
v 0.0967897 0.4648541 0.5428128
v 0.0954061 0.4618541 0.5411286
v 0.0954061 0.4581459 0.5411286
v 0.0967897 0.4551459 0.5428128
v 0.0990285 0.4540000 0.5455378
v 0.0833440 0.4551459 0.5610241
v 0.0844827 0.4581459 0.5628826
v 0.0844827 0.4618541 0.5628826
v 0.0833440 0.4648541 0.5610241
v 0.0815015 0.4660000 0.5580170
v 0.0796589 0.4648541 0.5550098
v 0.0785202 0.4618541 0.5531513
v 0.0785202 0.4581459 0.5531513
v 0.0796589 0.4551459 0.5550098
v 0.0815015 0.4540000 0.5580170
v 0.0638353 0.4551459 0.5711979
v 0.0647075 0.4581459 0.5731954
v 0.0647075 0.4618541 0.5731955
v 0.0638353 0.4648541 0.5711979
v 0.0624241 0.4660000 0.5679659
v 0.0610129 0.4648541 0.5647338
v 0.0601407 0.4618541 0.5627363
v 0.0601407 0.4581459 0.5627363
v 0.0610129 0.4551459 0.5647338
v 0.0624241 0.4540000 0.5679659
v 0.0431124 0.4551459 0.5785907
v 0.0437014 0.4581459 0.5806892
v 0.0437014 0.4618541 0.5806892
v 0.0431124 0.4648541 0.5785907
v 0.0421593 0.4660000 0.5751952
v 0.0412062 0.4648541 0.5717997
v 0.0406171 0.4618541 0.5697012
v 0.0406171 0.4581459 0.5697012
v 0.0412062 0.4551459 0.5717997
v 0.0421593 0.4540000 0.5751952
v 0.0215693 0.4551459 0.5830618
v 0.0218640 0.4581459 0.5852214
v 0.0218640 0.4618541 0.5852214
v 0.0215693 0.4648541 0.5830618
v 0.0210925 0.4660000 0.5795675
v 0.0206157 0.4648541 0.5760732
v 0.0203210 0.4618541 0.5739136
v 0.0203210 0.4581459 0.5739136
v 0.0206157 0.4551459 0.5760732
v 0.0210925 0.4540000 0.5795675
v -0.0003840 0.4551459 0.5845262
v -0.0003892 0.4581459 0.5867059
v -0.0003892 0.4618541 0.5867059
v -0.0003840 0.4648541 0.5845262
v -0.0003755 0.4660000 0.5809996
v -0.0003670 0.4648541 0.5774729
v -0.0003618 0.4618541 0.5752932
v -0.0003618 0.4581459 0.5752932
v -0.0003670 0.4551459 0.5774729
v -0.0003755 0.4540000 0.5809996
v -0.0223300 0.4551459 0.5829562
v -0.0226351 0.4581459 0.5851144
v -0.0226351 0.4618541 0.5851144
v -0.0223300 0.4648541 0.5829562
v -0.0218364 0.4660000 0.5794642
v -0.0213427 0.4648541 0.5759722
v -0.0210376 0.4618541 0.5738140
v -0.0210376 0.4581459 0.5738140
v -0.0213427 0.4551459 0.5759722
v -0.0218364 0.4540000 0.5794642
v -0.0438513 0.4551459 0.5783814
v -0.0444505 0.4581459 0.5804770
v -0.0444505 0.4618541 0.5804770
v -0.0438513 0.4648541 0.5783814
v -0.0428819 0.4660000 0.5749905
v -0.0419124 0.4648541 0.5715997
v -0.0413133 0.4618541 0.5695040
v -0.0413133 0.4581459 0.5695040
v -0.0419124 0.4551459 0.5715997
v -0.0428819 0.4540000 0.5749905
v -0.0645384 0.4551459 0.5708889
v -0.0654202 0.4581459 0.5728822
v -0.0654202 0.4618541 0.5728822
v -0.0645384 0.4648541 0.5708889
v -0.0631116 0.4660000 0.5676637
v -0.0616849 0.4648541 0.5644385
v -0.0608031 0.4618541 0.5624452
v -0.0608031 0.4581459 0.5624452
v -0.0616849 0.4551459 0.5644385
v -0.0631116 0.4540000 0.5676637
v -0.0839979 0.4551459 0.5606213
v -0.0851455 0.4581459 0.5624743
v -0.0851455 0.4618541 0.5624743
v -0.0839979 0.4648541 0.5606213
v -0.0821409 0.4660000 0.5576231
v -0.0802839 0.4648541 0.5546249
v -0.0791363 0.4618541 0.5527719
v -0.0791363 0.4581459 0.5527719
v -0.0802839 0.4551459 0.5546249
v -0.0821409 0.4540000 0.5576231
v -0.1018595 0.4551459 0.5477739
v -0.1032512 0.4581459 0.5494514
v -0.1032512 0.4618541 0.5494514
v -0.1018595 0.4648541 0.5477739
v -0.0996076 0.4660000 0.5450597
v -0.0973558 0.4648541 0.5423455
v -0.0959641 0.4618541 0.5406680
v -0.0959641 0.4581459 0.5406680
v -0.0973558 0.4551459 0.5423455
v -0.0996076 0.4540000 0.5450597
v -0.1177835 0.4551459 0.5325910
v -0.1193928 0.4581459 0.5340610
v -0.1193928 0.4618541 0.5340610
v -0.1177835 0.4648541 0.5325910
v -0.1151796 0.4660000 0.5302125
v -0.1125757 0.4648541 0.5278339
v -0.1109664 0.4618541 0.5263639
v -0.1109664 0.4581459 0.5263639
v -0.1125757 0.4551459 0.5278339
v -0.1151796 0.4540000 0.5302125
v -0.1314670 0.4551459 0.5153615
v -0.1332632 0.4581459 0.5165961
v -0.1332632 0.4618541 0.5165961
v -0.1314670 0.4648541 0.5153615
v -0.1285606 0.4660000 0.5133638
v -0.1256542 0.4648541 0.5113662
v -0.1238580 0.4618541 0.5101316
v -0.1238580 0.4581459 0.5101316
v -0.1256542 0.4551459 0.5113662
v -0.1285606 0.4540000 0.5133638
v -0.1425934 0.4551459 0.4965210
v -0.1445076 0.4581459 0.4975634
v -0.1445076 0.4618541 0.4975634
v -0.1425934 0.4648541 0.4965210
v -0.1394961 0.4660000 0.4948344
v -0.1363988 0.4648541 0.4931478
v -0.1344846 0.4618541 0.4921054
v -0.1344846 0.4581459 0.4921054
v -0.1363988 0.4551459 0.4931478
v -0.1394961 0.4540000 0.4948344
v -0.2287581 0.4551459 0.3244092
v -0.2307072 0.4581459 0.3253849
v -0.2307072 0.4618541 0.3253849
v -0.2287581 0.4648541 0.3244092
v -0.2256045 0.4660000 0.3228305
v -0.2224509 0.4648541 0.3212517
v -0.2205019 0.4618541 0.3202760
v -0.2205019 0.4581459 0.3202760
v -0.2224509 0.4551459 0.3212517
v -0.2256045 0.4540000 0.3228305
f 7755 7753 7754
f 7755 7752 7753
f 7756 7752 7755
f 7756 7751 7752
f 7747 7751 7756
f 7747 7750 7751
f 7748 7750 7747
f 7748 7749 7750
f 7762 7764 7763
f 7762 7765 7764
f 7761 7765 7762
f 7761 7766 7765
f 7760 7766 7761
f 7760 7757 7766
f 7759 7757 7760
f 7759 7758 7757
f 7767 7777 7786
f 7767 7786 7776
f 7768 7778 7777
f 7768 7777 7767
f 7769 7779 7778
f 7769 7778 7768
f 7770 7780 7779
f 7770 7779 7769
f 7771 7781 7780
f 7771 7780 7770
f 7772 7782 7781
f 7772 7781 7771
f 7773 7783 7782
f 7773 7782 7772
f 7774 7784 7783
f 7774 7783 7773
f 7775 7785 7784
f 7775 7784 7774
f 7776 7786 7785
f 7776 7785 7775
f 7777 7787 7796
f 7777 7796 7786
f 7778 7788 7787
f 7778 7787 7777
f 7779 7789 7788
f 7779 7788 7778
f 7780 7790 7789
f 7780 7789 7779
f 7781 7791 7790
f 7781 7790 7780
f 7782 7792 7791
f 7782 7791 7781
f 7783 7793 7792
f 7783 7792 7782
f 7784 7794 7793
f 7784 7793 7783
f 7785 7795 7794
f 7785 7794 7784
f 7786 7796 7795
f 7786 7795 7785
f 7787 7797 7806
f 7787 7806 7796
f 7788 7798 7797
f 7788 7797 7787
f 7789 7799 7798
f 7789 7798 7788
f 7790 7800 7799
f 7790 7799 7789
f 7791 7801 7800
f 7791 7800 7790
f 7792 7802 7801
f 7792 7801 7791
f 7793 7803 7802
f 7793 7802 7792
f 7794 7804 7803
f 7794 7803 7793
f 7795 7805 7804
f 7795 7804 7794
f 7796 7806 7805
f 7796 7805 7795
f 7797 7807 7816
f 7797 7816 7806
f 7798 7808 7807
f 7798 7807 7797
f 7799 7809 7808
f 7799 7808 7798
f 7800 7810 7809
f 7800 7809 7799
f 7801 7811 7810
f 7801 7810 7800
f 7802 7812 7811
f 7802 7811 7801
f 7803 7813 7812
f 7803 7812 7802
f 7804 7814 7813
f 7804 7813 7803
f 7805 7815 7814
f 7805 7814 7804
f 7806 7816 7815
f 7806 7815 7805
f 7807 7817 7826
f 7807 7826 7816
f 7808 7818 7817
f 7808 7817 7807
f 7809 7819 7818
f 7809 7818 7808
f 7810 7820 7819
f 7810 7819 7809
f 7811 7821 7820
f 7811 7820 7810
f 7812 7822 7821
f 7812 7821 7811
f 7813 7823 7822
f 7813 7822 7812
f 7814 7824 7823
f 7814 7823 7813
f 7815 7825 7824
f 7815 7824 7814
f 7816 7826 7825
f 7816 7825 7815
f 7817 7827 7836
f 7817 7836 7826
f 7818 7828 7827
f 7818 7827 7817
f 7819 7829 7828
f 7819 7828 7818
f 7820 7830 7829
f 7820 7829 7819
f 7821 7831 7830
f 7821 7830 7820
f 7822 7832 7831
f 7822 7831 7821
f 7823 7833 7832
f 7823 7832 7822
f 7824 7834 7833
f 7824 7833 7823
f 7825 7835 7834
f 7825 7834 7824
f 7826 7836 7835
f 7826 7835 7825
f 7827 7837 7846
f 7827 7846 7836
f 7828 7838 7837
f 7828 7837 7827
f 7829 7839 7838
f 7829 7838 7828
f 7830 7840 7839
f 7830 7839 7829
f 7831 7841 7840
f 7831 7840 7830
f 7832 7842 7841
f 7832 7841 7831
f 7833 7843 7842
f 7833 7842 7832
f 7834 7844 7843
f 7834 7843 7833
f 7835 7845 7844
f 7835 7844 7834
f 7836 7846 7845
f 7836 7845 7835
f 7837 7847 7856
f 7837 7856 7846
f 7838 7848 7847
f 7838 7847 7837
f 7839 7849 7848
f 7839 7848 7838
f 7840 7850 7849
f 7840 7849 7839
f 7841 7851 7850
f 7841 7850 7840
f 7842 7852 7851
f 7842 7851 7841
f 7843 7853 7852
f 7843 7852 7842
f 7844 7854 7853
f 7844 7853 7843
f 7845 7855 7854
f 7845 7854 7844
f 7846 7856 7855
f 7846 7855 7845
f 7847 7857 7866
f 7847 7866 7856
f 7848 7858 7857
f 7848 7857 7847
f 7849 7859 7858
f 7849 7858 7848
f 7850 7860 7859
f 7850 7859 7849
f 7851 7861 7860
f 7851 7860 7850
f 7852 7862 7861
f 7852 7861 7851
f 7853 7863 7862
f 7853 7862 7852
f 7854 7864 7863
f 7854 7863 7853
f 7855 7865 7864
f 7855 7864 7854
f 7856 7866 7865
f 7856 7865 7855
f 7857 7867 7876
f 7857 7876 7866
f 7858 7868 7867
f 7858 7867 7857
f 7859 7869 7868
f 7859 7868 7858
f 7860 7870 7869
f 7860 7869 7859
f 7861 7871 7870
f 7861 7870 7860
f 7862 7872 7871
f 7862 7871 7861
f 7863 7873 7872
f 7863 7872 7862
f 7864 7874 7873
f 7864 7873 7863
f 7865 7875 7874
f 7865 7874 7864
f 7866 7876 7875
f 7866 7875 7865
f 7867 7877 7886
f 7867 7886 7876
f 7868 7878 7877
f 7868 7877 7867
f 7869 7879 7878
f 7869 7878 7868
f 7870 7880 7879
f 7870 7879 7869
f 7871 7881 7880
f 7871 7880 7870
f 7872 7882 7881
f 7872 7881 7871
f 7873 7883 7882
f 7873 7882 7872
f 7874 7884 7883
f 7874 7883 7873
f 7875 7885 7884
f 7875 7884 7874
f 7876 7886 7885
f 7876 7885 7875
f 7877 7887 7896
f 7877 7896 7886
f 7878 7888 7887
f 7878 7887 7877
f 7879 7889 7888
f 7879 7888 7878
f 7880 7890 7889
f 7880 7889 7879
f 7881 7891 7890
f 7881 7890 7880
f 7882 7892 7891
f 7882 7891 7881
f 7883 7893 7892
f 7883 7892 7882
f 7884 7894 7893
f 7884 7893 7883
f 7885 7895 7894
f 7885 7894 7884
f 7886 7896 7895
f 7886 7895 7885
f 7887 7897 7906
f 7887 7906 7896
f 7888 7898 7897
f 7888 7897 7887
f 7889 7899 7898
f 7889 7898 7888
f 7890 7900 7899
f 7890 7899 7889
f 7891 7901 7900
f 7891 7900 7890
f 7892 7902 7901
f 7892 7901 7891
f 7893 7903 7902
f 7893 7902 7892
f 7894 7904 7903
f 7894 7903 7893
f 7895 7905 7904
f 7895 7904 7894
f 7896 7906 7905
f 7896 7905 7895
f 7897 7907 7916
f 7897 7916 7906
f 7898 7908 7907
f 7898 7907 7897
f 7899 7909 7908
f 7899 7908 7898
f 7900 7910 7909
f 7900 7909 7899
f 7901 7911 7910
f 7901 7910 7900
f 7902 7912 7911
f 7902 7911 7901
f 7903 7913 7912
f 7903 7912 7902
f 7904 7914 7913
f 7904 7913 7903
f 7905 7915 7914
f 7905 7914 7904
f 7906 7916 7915
f 7906 7915 7905
f 7907 7917 7926
f 7907 7926 7916
f 7908 7918 7917
f 7908 7917 7907
f 7909 7919 7918
f 7909 7918 7908
f 7910 7920 7919
f 7910 7919 7909
f 7911 7921 7920
f 7911 7920 7910
f 7912 7922 7921
f 7912 7921 7911
f 7913 7923 7922
f 7913 7922 7912
f 7914 7924 7923
f 7914 7923 7913
f 7915 7925 7924
f 7915 7924 7914
f 7916 7926 7925
f 7916 7925 7915
f 7917 7927 7936
f 7917 7936 7926
f 7918 7928 7927
f 7918 7927 7917
f 7919 7929 7928
f 7919 7928 7918
f 7920 7930 7929
f 7920 7929 7919
f 7921 7931 7930
f 7921 7930 7920
f 7922 7932 7931
f 7922 7931 7921
f 7923 7933 7932
f 7923 7932 7922
f 7924 7934 7933
f 7924 7933 7923
f 7925 7935 7934
f 7925 7934 7924
f 7926 7936 7935
f 7926 7935 7925
f 7927 7937 7946
f 7927 7946 7936
f 7928 7938 7937
f 7928 7937 7927
f 7929 7939 7938
f 7929 7938 7928
f 7930 7940 7939
f 7930 7939 7929
f 7931 7941 7940
f 7931 7940 7930
f 7932 7942 7941
f 7932 7941 7931
f 7933 7943 7942
f 7933 7942 7932
f 7934 7944 7943
f 7934 7943 7933
f 7935 7945 7944
f 7935 7944 7934
f 7936 7946 7945
f 7936 7945 7935
f 7937 7947 7956
f 7937 7956 7946
f 7938 7948 7947
f 7938 7947 7937
f 7939 7949 7948
f 7939 7948 7938
f 7940 7950 7949
f 7940 7949 7939
f 7941 7951 7950
f 7941 7950 7940
f 7942 7952 7951
f 7942 7951 7941
f 7943 7953 7952
f 7943 7952 7942
f 7944 7954 7953
f 7944 7953 7943
f 7945 7955 7954
f 7945 7954 7944
f 7946 7956 7955
f 7946 7955 7945
f 7947 7957 7966
f 7947 7966 7956
f 7948 7958 7957
f 7948 7957 7947
f 7949 7959 7958
f 7949 7958 7948
f 7950 7960 7959
f 7950 7959 7949
f 7951 7961 7960
f 7951 7960 7950
f 7952 7962 7961
f 7952 7961 7951
f 7953 7963 7962
f 7953 7962 7952
f 7954 7964 7963
f 7954 7963 7953
f 7955 7965 7964
f 7955 7964 7954
f 7956 7966 7965
f 7956 7965 7955
f 7957 7967 7976
f 7957 7976 7966
f 7958 7968 7967
f 7958 7967 7957
f 7959 7969 7968
f 7959 7968 7958
f 7960 7970 7969
f 7960 7969 7959
f 7961 7971 7970
f 7961 7970 7960
f 7962 7972 7971
f 7962 7971 7961
f 7963 7973 7972
f 7963 7972 7962
f 7964 7974 7973
f 7964 7973 7963
f 7965 7975 7974
f 7965 7974 7964
f 7966 7976 7975
f 7966 7975 7965
f 7967 7977 7986
f 7967 7986 7976
f 7968 7978 7977
f 7968 7977 7967
f 7969 7979 7978
f 7969 7978 7968
f 7970 7980 7979
f 7970 7979 7969
f 7971 7981 7980
f 7971 7980 7970
f 7972 7982 7981
f 7972 7981 7971
f 7973 7983 7982
f 7973 7982 7972
f 7974 7984 7983
f 7974 7983 7973
f 7975 7985 7984
f 7975 7984 7974
f 7976 7986 7985
f 7976 7985 7975
f 7977 7987 7996
f 7977 7996 7986
f 7978 7988 7987
f 7978 7987 7977
f 7979 7989 7988
f 7979 7988 7978
f 7980 7990 7989
f 7980 7989 7979
f 7981 7991 7990
f 7981 7990 7980
f 7982 7992 7991
f 7982 7991 7981
f 7983 7993 7992
f 7983 7992 7982
f 7984 7994 7993
f 7984 7993 7983
f 7985 7995 7994
f 7985 7994 7984
f 7986 7996 7995
f 7986 7995 7985
f 7987 7997 8006
f 7987 8006 7996
f 7988 7998 7997
f 7988 7997 7987
f 7989 7999 7998
f 7989 7998 7988
f 7990 8000 7999
f 7990 7999 7989
f 7991 8001 8000
f 7991 8000 7990
f 7992 8002 8001
f 7992 8001 7991
f 7993 8003 8002
f 7993 8002 7992
f 7994 8004 8003
f 7994 8003 7993
f 7995 8005 8004
f 7995 8004 7994
f 7996 8006 8005
f 7996 8005 7995
f 7997 8007 8016
f 7997 8016 8006
f 7998 8008 8007
f 7998 8007 7997
f 7999 8009 8008
f 7999 8008 7998
f 8000 8010 8009
f 8000 8009 7999
f 8001 8011 8010
f 8001 8010 8000
f 8002 8012 8011
f 8002 8011 8001
f 8003 8013 8012
f 8003 8012 8002
f 8004 8014 8013
f 8004 8013 8003
f 8005 8015 8014
f 8005 8014 8004
f 8006 8016 8015
f 8006 8015 8005
f 8007 8017 8026
f 8007 8026 8016
f 8008 8018 8017
f 8008 8017 8007
f 8009 8019 8018
f 8009 8018 8008
f 8010 8020 8019
f 8010 8019 8009
f 8011 8021 8020
f 8011 8020 8010
f 8012 8022 8021
f 8012 8021 8011
f 8013 8023 8022
f 8013 8022 8012
f 8014 8024 8023
f 8014 8023 8013
f 8015 8025 8024
f 8015 8024 8014
f 8016 8026 8025
f 8016 8025 8015
f 8017 8027 8036
f 8017 8036 8026
f 8018 8028 8027
f 8018 8027 8017
f 8019 8029 8028
f 8019 8028 8018
f 8020 8030 8029
f 8020 8029 8019
f 8021 8031 8030
f 8021 8030 8020
f 8022 8032 8031
f 8022 8031 8021
f 8023 8033 8032
f 8023 8032 8022
f 8024 8034 8033
f 8024 8033 8023
f 8025 8035 8034
f 8025 8034 8024
f 8026 8036 8035
f 8026 8035 8025
f 8027 8037 8046
f 8027 8046 8036
f 8028 8038 8037
f 8028 8037 8027
f 8029 8039 8038
f 8029 8038 8028
f 8030 8040 8039
f 8030 8039 8029
f 8031 8041 8040
f 8031 8040 8030
f 8032 8042 8041
f 8032 8041 8031
f 8033 8043 8042
f 8033 8042 8032
f 8034 8044 8043
f 8034 8043 8033
f 8035 8045 8044
f 8035 8044 8034
f 8036 8046 8045
f 8036 8045 8035
f 8037 8047 8056
f 8037 8056 8046
f 8038 8048 8047
f 8038 8047 8037
f 8039 8049 8048
f 8039 8048 8038
f 8040 8050 8049
f 8040 8049 8039
f 8041 8051 8050
f 8041 8050 8040
f 8042 8052 8051
f 8042 8051 8041
f 8043 8053 8052
f 8043 8052 8042
f 8044 8054 8053
f 8044 8053 8043
f 8045 8055 8054
f 8045 8054 8044
f 8046 8056 8055
f 8046 8055 8045
f 8047 8057 8066
f 8047 8066 8056
f 8048 8058 8057
f 8048 8057 8047
f 8049 8059 8058
f 8049 8058 8048
f 8050 8060 8059
f 8050 8059 8049
f 8051 8061 8060
f 8051 8060 8050
f 8052 8062 8061
f 8052 8061 8051
f 8053 8063 8062
f 8053 8062 8052
f 8054 8064 8063
f 8054 8063 8053
f 8055 8065 8064
f 8055 8064 8054
f 8056 8066 8065
f 8056 8065 8055
f 8057 8067 8076
f 8057 8076 8066
f 8058 8068 8067
f 8058 8067 8057
f 8059 8069 8068
f 8059 8068 8058
f 8060 8070 8069
f 8060 8069 8059
f 8061 8071 8070
f 8061 8070 8060
f 8062 8072 8071
f 8062 8071 8061
f 8063 8073 8072
f 8063 8072 8062
f 8064 8074 8073
f 8064 8073 8063
f 8065 8075 8074
f 8065 8074 8064
f 8066 8076 8075
f 8066 8075 8065
f 8067 8077 8086
f 8067 8086 8076
f 8068 8078 8077
f 8068 8077 8067
f 8069 8079 8078
f 8069 8078 8068
f 8070 8080 8079
f 8070 8079 8069
f 8071 8081 8080
f 8071 8080 8070
f 8072 8082 8081
f 8072 8081 8071
f 8073 8083 8082
f 8073 8082 8072
f 8074 8084 8083
f 8074 8083 8073
f 8075 8085 8084
f 8075 8084 8074
f 8076 8086 8085
f 8076 8085 8075
f 8077 8087 8096
f 8077 8096 8086
f 8078 8088 8087
f 8078 8087 8077
f 8079 8089 8088
f 8079 8088 8078
f 8080 8090 8089
f 8080 8089 8079
f 8081 8091 8090
f 8081 8090 8080
f 8082 8092 8091
f 8082 8091 8081
f 8083 8093 8092
f 8083 8092 8082
f 8084 8094 8093
f 8084 8093 8083
f 8085 8095 8094
f 8085 8094 8084
f 8086 8096 8095
f 8086 8095 8085
f 8087 8097 8106
f 8087 8106 8096
f 8088 8098 8097
f 8088 8097 8087
f 8089 8099 8098
f 8089 8098 8088
f 8090 8100 8099
f 8090 8099 8089
f 8091 8101 8100
f 8091 8100 8090
f 8092 8102 8101
f 8092 8101 8091
f 8093 8103 8102
f 8093 8102 8092
f 8094 8104 8103
f 8094 8103 8093
f 8095 8105 8104
f 8095 8104 8094
f 8096 8106 8105
f 8096 8105 8095
f 8097 8107 8116
f 8097 8116 8106
f 8098 8108 8107
f 8098 8107 8097
f 8099 8109 8108
f 8099 8108 8098
f 8100 8110 8109
f 8100 8109 8099
f 8101 8111 8110
f 8101 8110 8100
f 8102 8112 8111
f 8102 8111 8101
f 8103 8113 8112
f 8103 8112 8102
f 8104 8114 8113
f 8104 8113 8103
f 8105 8115 8114
f 8105 8114 8104
f 8106 8116 8115
f 8106 8115 8105
f 8107 8117 8126
f 8107 8126 8116
f 8108 8118 8117
f 8108 8117 8107
f 8109 8119 8118
f 8109 8118 8108
f 8110 8120 8119
f 8110 8119 8109
f 8111 8121 8120
f 8111 8120 8110
f 8112 8122 8121
f 8112 8121 8111
f 8113 8123 8122
f 8113 8122 8112
f 8114 8124 8123
f 8114 8123 8113
f 8115 8125 8124
f 8115 8124 8114
f 8116 8126 8125
f 8116 8125 8115
f 8117 8127 8136
f 8117 8136 8126
f 8118 8128 8127
f 8118 8127 8117
f 8119 8129 8128
f 8119 8128 8118
f 8120 8130 8129
f 8120 8129 8119
f 8121 8131 8130
f 8121 8130 8120
f 8122 8132 8131
f 8122 8131 8121
f 8123 8133 8132
f 8123 8132 8122
f 8124 8134 8133
f 8124 8133 8123
f 8125 8135 8134
f 8125 8134 8124
f 8126 8136 8135
f 8126 8135 8125
f 8127 8137 8146
f 8127 8146 8136
f 8128 8138 8137
f 8128 8137 8127
f 8129 8139 8138
f 8129 8138 8128
f 8130 8140 8139
f 8130 8139 8129
f 8131 8141 8140
f 8131 8140 8130
f 8132 8142 8141
f 8132 8141 8131
f 8133 8143 8142
f 8133 8142 8132
f 8134 8144 8143
f 8134 8143 8133
f 8135 8145 8144
f 8135 8144 8134
f 8136 8146 8145
f 8136 8145 8135
f 8137 8147 8156
f 8137 8156 8146
f 8138 8148 8147
f 8138 8147 8137
f 8139 8149 8148
f 8139 8148 8138
f 8140 8150 8149
f 8140 8149 8139
f 8141 8151 8150
f 8141 8150 8140
f 8142 8152 8151
f 8142 8151 8141
f 8143 8153 8152
f 8143 8152 8142
f 8144 8154 8153
f 8144 8153 8143
f 8145 8155 8154
f 8145 8154 8144
f 8146 8156 8155
f 8146 8155 8145
f 8147 8157 8166
f 8147 8166 8156
f 8148 8158 8157
f 8148 8157 8147
f 8149 8159 8158
f 8149 8158 8148
f 8150 8160 8159
f 8150 8159 8149
f 8151 8161 8160
f 8151 8160 8150
f 8152 8162 8161
f 8152 8161 8151
f 8153 8163 8162
f 8153 8162 8152
f 8154 8164 8163
f 8154 8163 8153
f 8155 8165 8164
f 8155 8164 8154
f 8156 8166 8165
f 8156 8165 8155
f 8157 8167 8176
f 8157 8176 8166
f 8158 8168 8167
f 8158 8167 8157
f 8159 8169 8168
f 8159 8168 8158
f 8160 8170 8169
f 8160 8169 8159
f 8161 8171 8170
f 8161 8170 8160
f 8162 8172 8171
f 8162 8171 8161
f 8163 8173 8172
f 8163 8172 8162
f 8164 8174 8173
f 8164 8173 8163
f 8165 8175 8174
f 8165 8174 8164
f 8166 8176 8175
f 8166 8175 8165
f 8167 8177 8186
f 8167 8186 8176
f 8168 8178 8177
f 8168 8177 8167
f 8169 8179 8178
f 8169 8178 8168
f 8170 8180 8179
f 8170 8179 8169
f 8171 8181 8180
f 8171 8180 8170
f 8172 8182 8181
f 8172 8181 8171
f 8173 8183 8182
f 8173 8182 8172
f 8174 8184 8183
f 8174 8183 8173
f 8175 8185 8184
f 8175 8184 8174
f 8176 8186 8185
f 8176 8185 8175
f 8177 8187 8196
f 8177 8196 8186
f 8178 8188 8187
f 8178 8187 8177
f 8179 8189 8188
f 8179 8188 8178
f 8180 8190 8189
f 8180 8189 8179
f 8181 8191 8190
f 8181 8190 8180
f 8182 8192 8191
f 8182 8191 8181
f 8183 8193 8192
f 8183 8192 8182
f 8184 8194 8193
f 8184 8193 8183
f 8185 8195 8194
f 8185 8194 8184
f 8186 8196 8195
f 8186 8195 8185
f 8187 8197 8206
f 8187 8206 8196
f 8188 8198 8197
f 8188 8197 8187
f 8189 8199 8198
f 8189 8198 8188
f 8190 8200 8199
f 8190 8199 8189
f 8191 8201 8200
f 8191 8200 8190
f 8192 8202 8201
f 8192 8201 8191
f 8193 8203 8202
f 8193 8202 8192
f 8194 8204 8203
f 8194 8203 8193
f 8195 8205 8204
f 8195 8204 8194
f 8196 8206 8205
f 8196 8205 8195
f 8197 8207 8216
f 8197 8216 8206
f 8198 8208 8207
f 8198 8207 8197
f 8199 8209 8208
f 8199 8208 8198
f 8200 8210 8209
f 8200 8209 8199
f 8201 8211 8210
f 8201 8210 8200
f 8202 8212 8211
f 8202 8211 8201
f 8203 8213 8212
f 8203 8212 8202
f 8204 8214 8213
f 8204 8213 8203
f 8205 8215 8214
f 8205 8214 8204
f 8206 8216 8215
f 8206 8215 8205
f 8207 8217 8226
f 8207 8226 8216
f 8208 8218 8217
f 8208 8217 8207
f 8209 8219 8218
f 8209 8218 8208
f 8210 8220 8219
f 8210 8219 8209
f 8211 8221 8220
f 8211 8220 8210
f 8212 8222 8221
f 8212 8221 8211
f 8213 8223 8222
f 8213 8222 8212
f 8214 8224 8223
f 8214 8223 8213
f 8215 8225 8224
f 8215 8224 8214
f 8216 8226 8225
f 8216 8225 8215
f 8217 8227 8236
f 8217 8236 8226
f 8218 8228 8227
f 8218 8227 8217
f 8219 8229 8228
f 8219 8228 8218
f 8220 8230 8229
f 8220 8229 8219
f 8221 8231 8230
f 8221 8230 8220
f 8222 8232 8231
f 8222 8231 8221
f 8223 8233 8232
f 8223 8232 8222
f 8224 8234 8233
f 8224 8233 8223
f 8225 8235 8234
f 8225 8234 8224
f 8226 8236 8235
f 8226 8235 8225
f 8227 8237 8246
f 8227 8246 8236
f 8228 8238 8237
f 8228 8237 8227
f 8229 8239 8238
f 8229 8238 8228
f 8230 8240 8239
f 8230 8239 8229
f 8231 8241 8240
f 8231 8240 8230
f 8232 8242 8241
f 8232 8241 8231
f 8233 8243 8242
f 8233 8242 8232
f 8234 8244 8243
f 8234 8243 8233
f 8235 8245 8244
f 8235 8244 8234
f 8236 8246 8245
f 8236 8245 8235
f 8237 8247 8256
f 8237 8256 8246
f 8238 8248 8247
f 8238 8247 8237
f 8239 8249 8248
f 8239 8248 8238
f 8240 8250 8249
f 8240 8249 8239
f 8241 8251 8250
f 8241 8250 8240
f 8242 8252 8251
f 8242 8251 8241
f 8243 8253 8252
f 8243 8252 8242
f 8244 8254 8253
f 8244 8253 8243
f 8245 8255 8254
f 8245 8254 8244
f 8246 8256 8255
f 8246 8255 8245
v 0.0600000 -0.2680000 0.5000000
v 0.0600000 -0.2680000 0.7800000
v 0.0531117 -0.2666298 0.5000000
v 0.0531117 -0.2666298 0.7800000
v 0.0472721 -0.2627279 0.5000000
v 0.0472721 -0.2627279 0.7800000
v 0.0433702 -0.2568883 0.5000000
v 0.0433702 -0.2568883 0.7800000
v 0.0420000 -0.2500000 0.5000000
v 0.0420000 -0.2500000 0.7800000
v 0.0433702 -0.2431117 0.5000000
v 0.0433702 -0.2431117 0.7800000
v 0.0472721 -0.2372721 0.5000000
v 0.0472721 -0.2372721 0.7800000
v 0.0531117 -0.2333702 0.5000000
v 0.0531117 -0.2333702 0.7800000
v 0.0600000 -0.2320000 0.5000000
v 0.0600000 -0.2320000 0.7800000
v 0.0668883 -0.2333702 0.5000000
v 0.0668883 -0.2333702 0.7800000
v 0.0727279 -0.2372721 0.5000000
v 0.0727279 -0.2372721 0.7800000
v 0.0766298 -0.2431117 0.5000000
v 0.0766298 -0.2431117 0.7800000
v 0.0780000 -0.2500000 0.5000000
v 0.0780000 -0.2500000 0.7800000
v 0.0766298 -0.2568883 0.5000000
v 0.0766298 -0.2568883 0.7800000
v 0.0727279 -0.2627279 0.5000000
v 0.0727279 -0.2627279 0.7800000
v 0.0668883 -0.2666298 0.5000000
v 0.0668883 -0.2666298 0.7800000
f 8257 8258 8260
f 8257 8260 8259
f 8259 8260 8262
f 8259 8262 8261
f 8261 8262 8264
f 8261 8264 8263
f 8263 8264 8266
f 8263 8266 8265
f 8265 8266 8268
f 8265 8268 8267
f 8267 8268 8270
f 8267 8270 8269
f 8269 8270 8272
f 8269 8272 8271
f 8271 8272 8274
f 8271 8274 8273
f 8273 8274 8276
f 8273 8276 8275
f 8275 8276 8278
f 8275 8278 8277
f 8277 8278 8280
f 8277 8280 8279
f 8279 8280 8282
f 8279 8282 8281
f 8281 8282 8284
f 8281 8284 8283
f 8283 8284 8286
f 8283 8286 8285
f 8262 8260 8258
f 8258 8288 8286
f 8286 8284 8282
f 8282 8280 8278
f 8278 8276 8274
f 8274 8272 8270
f 8270 8268 8266
f 8266 8264 8262
f 8262 8258 8286
f 8286 8282 8278
f 8278 8274 8270
f 8270 8266 8262
f 8262 8286 8278
f 8278 8270 8262
f 8285 8286 8288
f 8285 8288 8287
f 8287 8288 8258
f 8287 8258 8257
f 8287 8257 8259
f 8259 8261 8263
f 8263 8265 8267
f 8267 8269 8271
f 8271 8273 8275
f 8275 8277 8279
f 8279 8281 8283
f 8283 8285 8287
f 8287 8259 8263
f 8263 8267 8271
f 8271 8275 8279
f 8279 8283 8287
f 8287 8263 8271
f 8271 8279 8287
v 0.0600000 0.2320000 0.5000000
v 0.0600000 0.2320000 0.7800000
v 0.0531117 0.2333702 0.5000000
v 0.0531117 0.2333702 0.7800000
v 0.0472721 0.2372721 0.5000000
v 0.0472721 0.2372721 0.7800000
v 0.0433702 0.2431117 0.5000000
v 0.0433702 0.2431117 0.7800000
v 0.0420000 0.2500000 0.5000000
v 0.0420000 0.2500000 0.7800000
v 0.0433702 0.2568883 0.5000000
v 0.0433702 0.2568883 0.7800000
v 0.0472721 0.2627279 0.5000000
v 0.0472721 0.2627279 0.7800000
v 0.0531117 0.2666298 0.5000000
v 0.0531117 0.2666298 0.7800000
v 0.0600000 0.2680000 0.5000000
v 0.0600000 0.2680000 0.7800000
v 0.0668883 0.2666298 0.5000000
v 0.0668883 0.2666298 0.7800000
v 0.0727279 0.2627279 0.5000000
v 0.0727279 0.2627279 0.7800000
v 0.0766298 0.2568883 0.5000000
v 0.0766298 0.2568883 0.7800000
v 0.0780000 0.2500000 0.5000000
v 0.0780000 0.2500000 0.7800000
v 0.0766298 0.2431117 0.5000000
v 0.0766298 0.2431117 0.7800000
v 0.0727279 0.2372721 0.5000000
v 0.0727279 0.2372721 0.7800000
v 0.0668883 0.2333702 0.5000000
v 0.0668883 0.2333702 0.7800000
f 8289 8290 8292
f 8289 8292 8291
f 8291 8292 8294
f 8291 8294 8293
f 8293 8294 8296
f 8293 8296 8295
f 8295 8296 8298
f 8295 8298 8297
f 8297 8298 8300
f 8297 8300 8299
f 8299 8300 8302
f 8299 8302 8301
f 8301 8302 8304
f 8301 8304 8303
f 8303 8304 8306
f 8303 8306 8305
f 8305 8306 8308
f 8305 8308 8307
f 8307 8308 8310
f 8307 8310 8309
f 8309 8310 8312
f 8309 8312 8311
f 8311 8312 8314
f 8311 8314 8313
f 8313 8314 8316
f 8313 8316 8315
f 8315 8316 8318
f 8315 8318 8317
f 8294 8292 8290
f 8290 8320 8318
f 8318 8316 8314
f 8314 8312 8310
f 8310 8308 8306
f 8306 8304 8302
f 8302 8300 8298
f 8298 8296 8294
f 8294 8290 8318
f 8318 8314 8310
f 8310 8306 8302
f 8302 8298 8294
f 8294 8318 8310
f 8310 8302 8294
f 8317 8318 8320
f 8317 8320 8319
f 8319 8320 8290
f 8319 8290 8289
f 8319 8289 8291
f 8291 8293 8295
f 8295 8297 8299
f 8299 8301 8303
f 8303 8305 8307
f 8307 8309 8311
f 8311 8313 8315
f 8315 8317 8319
f 8319 8291 8295
f 8295 8299 8303
f 8303 8307 8311
f 8311 8315 8319
f 8319 8295 8303
f 8303 8311 8319
v 0.4000000 -0.2680000 0.5000000
v 0.4000000 -0.2680000 0.7800000
v 0.3931117 -0.2666298 0.5000000
v 0.3931117 -0.2666298 0.7800000
v 0.3872721 -0.2627279 0.5000000
v 0.3872721 -0.2627279 0.7800000
v 0.3833702 -0.2568883 0.5000000
v 0.3833702 -0.2568883 0.7800000
v 0.3820000 -0.2500000 0.5000000
v 0.3820000 -0.2500000 0.7800000
v 0.3833702 -0.2431117 0.5000000
v 0.3833702 -0.2431117 0.7800000
v 0.3872721 -0.2372721 0.5000000
v 0.3872721 -0.2372721 0.7800000
v 0.3931117 -0.2333702 0.5000000
v 0.3931117 -0.2333702 0.7800000
v 0.4000000 -0.2320000 0.5000000
v 0.4000000 -0.2320000 0.7800000
v 0.4068883 -0.2333702 0.5000000
v 0.4068883 -0.2333702 0.7800000
v 0.4127279 -0.2372721 0.5000000
v 0.4127279 -0.2372721 0.7800000
v 0.4166298 -0.2431117 0.5000000
v 0.4166298 -0.2431117 0.7800000
v 0.4180000 -0.2500000 0.5000000
v 0.4180000 -0.2500000 0.7800000
v 0.4166299 -0.2568883 0.5000000
v 0.4166299 -0.2568883 0.7800000
v 0.4127279 -0.2627279 0.5000000
v 0.4127279 -0.2627279 0.7800000
v 0.4068883 -0.2666298 0.5000000
v 0.4068883 -0.2666298 0.7800000
f 8321 8322 8324
f 8321 8324 8323
f 8323 8324 8326
f 8323 8326 8325
f 8325 8326 8328
f 8325 8328 8327
f 8327 8328 8330
f 8327 8330 8329
f 8329 8330 8332
f 8329 8332 8331
f 8331 8332 8334
f 8331 8334 8333
f 8333 8334 8336
f 8333 8336 8335
f 8335 8336 8338
f 8335 8338 8337
f 8337 8338 8340
f 8337 8340 8339
f 8339 8340 8342
f 8339 8342 8341
f 8341 8342 8344
f 8341 8344 8343
f 8343 8344 8346
f 8343 8346 8345
f 8345 8346 8348
f 8345 8348 8347
f 8347 8348 8350
f 8347 8350 8349
f 8326 8324 8322
f 8322 8352 8350
f 8350 8348 8346
f 8346 8344 8342
f 8342 8340 8338
f 8338 8336 8334
f 8334 8332 8330
f 8330 8328 8326
f 8326 8322 8350
f 8350 8346 8342
f 8342 8338 8334
f 8334 8330 8326
f 8326 8350 8342
f 8342 8334 8326
f 8349 8350 8352
f 8349 8352 8351
f 8351 8352 8322
f 8351 8322 8321
f 8351 8321 8323
f 8323 8325 8327
f 8327 8329 8331
f 8331 8333 8335
f 8335 8337 8339
f 8339 8341 8343
f 8343 8345 8347
f 8347 8349 8351
f 8351 8323 8327
f 8327 8331 8335
f 8335 8339 8343
f 8343 8347 8351
f 8351 8327 8335
f 8335 8343 8351
v 0.4000000 0.2320000 0.5000000
v 0.4000000 0.2320000 0.7800000
v 0.3931117 0.2333702 0.5000000
v 0.3931117 0.2333702 0.7800000
v 0.3872721 0.2372721 0.5000000
v 0.3872721 0.2372721 0.7800000
v 0.3833702 0.2431117 0.5000000
v 0.3833702 0.2431117 0.7800000
v 0.3820000 0.2500000 0.5000000
v 0.3820000 0.2500000 0.7800000
v 0.3833702 0.2568883 0.5000000
v 0.3833702 0.2568883 0.7800000
v 0.3872721 0.2627279 0.5000000
v 0.3872721 0.2627279 0.7800000
v 0.3931117 0.2666298 0.5000000
v 0.3931117 0.2666298 0.7800000
v 0.4000000 0.2680000 0.5000000
v 0.4000000 0.2680000 0.7800000
v 0.4068883 0.2666298 0.5000000
v 0.4068883 0.2666298 0.7800000
v 0.4127279 0.2627279 0.5000000
v 0.4127279 0.2627279 0.7800000
v 0.4166298 0.2568883 0.5000000
v 0.4166298 0.2568883 0.7800000
v 0.4180000 0.2500000 0.5000000
v 0.4180000 0.2500000 0.7800000
v 0.4166299 0.2431117 0.5000000
v 0.4166299 0.2431117 0.7800000
v 0.4127279 0.2372721 0.5000000
v 0.4127279 0.2372721 0.7800000
v 0.4068883 0.2333702 0.5000000
v 0.4068883 0.2333702 0.7800000
f 8353 8354 8356
f 8353 8356 8355
f 8355 8356 8358
f 8355 8358 8357
f 8357 8358 8360
f 8357 8360 8359
f 8359 8360 8362
f 8359 8362 8361
f 8361 8362 8364
f 8361 8364 8363
f 8363 8364 8366
f 8363 8366 8365
f 8365 8366 8368
f 8365 8368 8367
f 8367 8368 8370
f 8367 8370 8369
f 8369 8370 8372
f 8369 8372 8371
f 8371 8372 8374
f 8371 8374 8373
f 8373 8374 8376
f 8373 8376 8375
f 8375 8376 8378
f 8375 8378 8377
f 8377 8378 8380
f 8377 8380 8379
f 8379 8380 8382
f 8379 8382 8381
f 8358 8356 8354
f 8354 8384 8382
f 8382 8380 8378
f 8378 8376 8374
f 8374 8372 8370
f 8370 8368 8366
f 8366 8364 8362
f 8362 8360 8358
f 8358 8354 8382
f 8382 8378 8374
f 8374 8370 8366
f 8366 8362 8358
f 8358 8382 8374
f 8374 8366 8358
f 8381 8382 8384
f 8381 8384 8383
f 8383 8384 8354
f 8383 8354 8353
f 8383 8353 8355
f 8355 8357 8359
f 8359 8361 8363
f 8363 8365 8367
f 8367 8369 8371
f 8371 8373 8375
f 8375 8377 8379
f 8379 8381 8383
f 8383 8355 8359
f 8359 8363 8367
f 8367 8371 8375
f 8375 8379 8383
f 8383 8359 8367
f 8367 8375 8383
v -0.0680000 -0.4480000 0.7800000
v -0.0680000 -0.4600000 0.7920000
v -0.0800000 -0.4480000 0.7920000
v -0.0680000 -0.4539921 0.7816032
v -0.0739921 -0.4480000 0.7816032
v -0.0737385 -0.4537385 0.7831604
v -0.0739921 -0.4583968 0.7920000
v -0.0680000 -0.4583968 0.7860079
v -0.0737385 -0.4568395 0.7862615
v -0.0783968 -0.4480000 0.7860079
v -0.0783968 -0.4539921 0.7920000
v -0.0768396 -0.4537385 0.7862615
v -0.0680000 -0.4600000 0.7980000
v -0.0680000 -0.4480000 0.8100000
v -0.0800000 -0.4480000 0.7980000
v -0.0680000 -0.4583968 0.8039922
v -0.0739921 -0.4583968 0.7980000
v -0.0737385 -0.4568395 0.8037385
v -0.0739921 -0.4480000 0.8083969
v -0.0680000 -0.4539921 0.8083969
v -0.0737385 -0.4537385 0.8068396
v -0.0783968 -0.4539921 0.7980000
v -0.0783968 -0.4480000 0.8039922
v -0.0768396 -0.4537385 0.8037385
v -0.0680000 0.4480000 0.7800000
v -0.0800000 0.4480000 0.7920000
v -0.0680000 0.4600000 0.7920000
v -0.0739921 0.4480000 0.7816032
v -0.0680000 0.4539921 0.7816032
v -0.0737385 0.4537385 0.7831604
v -0.0783968 0.4539921 0.7920000
v -0.0783968 0.4480000 0.7860079
v -0.0768396 0.4537385 0.7862615
v -0.0680000 0.4583969 0.7860079
v -0.0739921 0.4583969 0.7920000
v -0.0737385 0.4568396 0.7862615
v -0.0680000 0.4480000 0.8100000
v -0.0680000 0.4600000 0.7980000
v -0.0800000 0.4480000 0.7980000
v -0.0680000 0.4539921 0.8083969
v -0.0739921 0.4480000 0.8083969
v -0.0737385 0.4537385 0.8068396
v -0.0739921 0.4583968 0.7980000
v -0.0680000 0.4583968 0.8039922
v -0.0737385 0.4568395 0.8037385
v -0.0783968 0.4480000 0.8039922
v -0.0783968 0.4539921 0.7980000
v -0.0768396 0.4537385 0.8037385
v 0.4680000 -0.4480000 0.7800000
v 0.4800000 -0.4480000 0.7920000
v 0.4680000 -0.4600000 0.7920000
v 0.4739921 -0.4480000 0.7816032
v 0.4680000 -0.4539921 0.7816032
v 0.4737386 -0.4537385 0.7831604
v 0.4783968 -0.4539921 0.7920000
v 0.4783968 -0.4480000 0.7860079
v 0.4768396 -0.4537385 0.7862615
v 0.4680000 -0.4583969 0.7860079
v 0.4739921 -0.4583969 0.7920000
v 0.4737386 -0.4568396 0.7862615
v 0.4680000 -0.4480000 0.8100000
v 0.4680000 -0.4600000 0.7980000
v 0.4800000 -0.4480000 0.7980000
v 0.4680000 -0.4539921 0.8083969
v 0.4739921 -0.4480000 0.8083969
v 0.4737386 -0.4537385 0.8068396
v 0.4739921 -0.4583968 0.7980000
v 0.4680000 -0.4583968 0.8039922
v 0.4737386 -0.4568395 0.8037385
v 0.4783968 -0.4480000 0.8039922
v 0.4783968 -0.4539921 0.7980000
v 0.4768396 -0.4537385 0.8037385
v 0.4680000 0.4480000 0.7800000
v 0.4680000 0.4600000 0.7920000
v 0.4800000 0.4480000 0.7920000
v 0.4680000 0.4539921 0.7816032
v 0.4739921 0.4480000 0.7816032
v 0.4737386 0.4537385 0.7831604
v 0.4739921 0.4583968 0.7920000
v 0.4680000 0.4583968 0.7860079
v 0.4737386 0.4568395 0.7862615
v 0.4783968 0.4480000 0.7860079
v 0.4783968 0.4539921 0.7920000
v 0.4768396 0.4537385 0.7862615
v 0.4680000 0.4480000 0.8100000
v 0.4800000 0.4480000 0.7980000
v 0.4680000 0.4600000 0.7980000
v 0.4739921 0.4480000 0.8083969
v 0.4680000 0.4539921 0.8083969
v 0.4737386 0.4537385 0.8068396
v 0.4783968 0.4539921 0.7980000
v 0.4783968 0.4480000 0.8039922
v 0.4768396 0.4537385 0.8037385
v 0.4680000 0.4583969 0.8039922
v 0.4739921 0.4583969 0.7980000
v 0.4737386 0.4568396 0.8037385
f 8385 8388 8390
f 8385 8390 8389
f 8388 8392 8393
f 8388 8393 8390
f 8386 8391 8393
f 8386 8393 8392
f 8391 8395 8396
f 8391 8396 8393
f 8387 8394 8396
f 8387 8396 8395
f 8394 8389 8390
f 8394 8390 8396
f 8390 8393 8396
f 8397 8400 8402
f 8397 8402 8401
f 8400 8404 8405
f 8400 8405 8402
f 8398 8403 8405
f 8398 8405 8404
f 8403 8407 8408
f 8403 8408 8405
f 8399 8406 8408
f 8399 8408 8407
f 8406 8401 8402
f 8406 8402 8408
f 8402 8405 8408
f 8409 8412 8414
f 8409 8414 8413
f 8412 8416 8417
f 8412 8417 8414
f 8410 8415 8417
f 8410 8417 8416
f 8415 8419 8420
f 8415 8420 8417
f 8411 8418 8420
f 8411 8420 8419
f 8418 8413 8414
f 8418 8414 8420
f 8414 8417 8420
f 8421 8424 8426
f 8421 8426 8425
f 8424 8428 8429
f 8424 8429 8426
f 8422 8427 8429
f 8422 8429 8428
f 8427 8431 8432
f 8427 8432 8429
f 8423 8430 8432
f 8423 8432 8431
f 8430 8425 8426
f 8430 8426 8432
f 8426 8429 8432
f 8433 8436 8438
f 8433 8438 8437
f 8436 8440 8441
f 8436 8441 8438
f 8434 8439 8441
f 8434 8441 8440
f 8439 8443 8444
f 8439 8444 8441
f 8435 8442 8444
f 8435 8444 8443
f 8442 8437 8438
f 8442 8438 8444
f 8438 8441 8444
f 8445 8448 8450
f 8445 8450 8449
f 8448 8452 8453
f 8448 8453 8450
f 8446 8451 8453
f 8446 8453 8452
f 8451 8455 8456
f 8451 8456 8453
f 8447 8454 8456
f 8447 8456 8455
f 8454 8449 8450
f 8454 8450 8456
f 8450 8453 8456
f 8457 8460 8462
f 8457 8462 8461
f 8460 8464 8465
f 8460 8465 8462
f 8458 8463 8465
f 8458 8465 8464
f 8463 8467 8468
f 8463 8468 8465
f 8459 8466 8468
f 8459 8468 8467
f 8466 8461 8462
f 8466 8462 8468
f 8462 8465 8468
f 8469 8472 8474
f 8469 8474 8473
f 8472 8476 8477
f 8472 8477 8474
f 8470 8475 8477
f 8470 8477 8476
f 8475 8479 8480
f 8475 8480 8477
f 8471 8478 8480
f 8471 8480 8479
f 8478 8473 8474
f 8478 8474 8480
f 8474 8477 8480
f 8409 8385 8389
f 8409 8389 8412
f 8412 8389 8394
f 8412 8394 8416
f 8416 8394 8387
f 8416 8387 8410
f 8386 8397 8401
f 8386 8401 8391
f 8391 8401 8406
f 8391 8406 8395
f 8395 8406 8399
f 8395 8399 8387
f 8398 8421 8425
f 8398 8425 8403
f 8403 8425 8430
f 8403 8430 8407
f 8407 8430 8423
f 8407 8423 8399
f 8422 8411 8419
f 8422 8419 8427
f 8427 8419 8415
f 8427 8415 8431
f 8431 8415 8410
f 8431 8410 8423
f 8457 8409 8413
f 8457 8413 8460
f 8460 8413 8418
f 8460 8418 8464
f 8464 8418 8411
f 8464 8411 8458
f 8421 8469 8473
f 8421 8473 8424
f 8424 8473 8478
f 8424 8478 8428
f 8428 8478 8471
f 8428 8471 8422
f 8470 8459 8467
f 8470 8467 8475
f 8475 8467 8463
f 8475 8463 8479
f 8479 8463 8458
f 8479 8458 8471
f 8433 8457 8461
f 8433 8461 8436
f 8436 8461 8466
f 8436 8466 8440
f 8440 8466 8459
f 8440 8459 8434
f 8469 8445 8449
f 8469 8449 8472
f 8472 8449 8454
f 8472 8454 8476
f 8476 8454 8447
f 8476 8447 8470
f 8446 8435 8443
f 8446 8443 8451
f 8451 8443 8439
f 8451 8439 8455
f 8455 8439 8434
f 8455 8434 8447
f 8385 8433 8437
f 8385 8437 8388
f 8388 8437 8442
f 8388 8442 8392
f 8392 8442 8435
f 8392 8435 8386
f 8445 8398 8404
f 8445 8404 8448
f 8448 8404 8400
f 8448 8400 8452
f 8452 8400 8397
f 8452 8397 8446
f 8409 8457 8433
f 8409 8433 8385
f 8387 8399 8423
f 8387 8423 8410
f 8435 8446 8397
f 8435 8397 8386
f 8469 8421 8398
f 8469 8398 8445
f 8411 8422 8471
f 8411 8471 8458
f 8459 8470 8447
f 8459 8447 8434
v 0.0100000 -0.4100000 0.8100000
v 0.0100000 -0.4400000 0.8400000
v -0.0200000 -0.4100000 0.8400000
v 0.0100000 -0.4249803 0.8140079
v -0.0049803 -0.4100000 0.8140079
v -0.0043463 -0.4243464 0.8179011
v -0.0049803 -0.4359921 0.8400000
v 0.0100000 -0.4359921 0.8250197
v -0.0043463 -0.4320990 0.8256537
v -0.0159921 -0.4100000 0.8250197
v -0.0159921 -0.4249803 0.8400000
v -0.0120990 -0.4243464 0.8256537
v 0.0100000 -0.4400000 0.8600000
v 0.0100000 -0.4100000 0.8900000
v -0.0200000 -0.4100000 0.8600000
v 0.0100000 -0.4359921 0.8749803
v -0.0049803 -0.4359921 0.8600000
v -0.0043463 -0.4320990 0.8743464
v -0.0049803 -0.4100000 0.8859921
v 0.0100000 -0.4249803 0.8859921
v -0.0043463 -0.4243464 0.8820990
v -0.0159921 -0.4249803 0.8600000
v -0.0159921 -0.4100000 0.8749803
v -0.0120990 -0.4243464 0.8743464
v 0.0100000 0.4100000 0.8100000
v -0.0200000 0.4100000 0.8400000
v 0.0100000 0.4400000 0.8400000
v -0.0049803 0.4100000 0.8140079
v 0.0100000 0.4249803 0.8140079
v -0.0043463 0.4243464 0.8179011
v -0.0159921 0.4249803 0.8400000
v -0.0159921 0.4100000 0.8250197
v -0.0120990 0.4243464 0.8256537
v 0.0100000 0.4359921 0.8250197
v -0.0049803 0.4359921 0.8400000
v -0.0043463 0.4320990 0.8256537
v 0.0100000 0.4100000 0.8900000
v 0.0100000 0.4400000 0.8600000
v -0.0200000 0.4100000 0.8600000
v 0.0100000 0.4249803 0.8859922
v -0.0049803 0.4100000 0.8859922
v -0.0043463 0.4243464 0.8820990
v -0.0049803 0.4359921 0.8600000
v 0.0100000 0.4359921 0.8749803
v -0.0043463 0.4320990 0.8743464
v -0.0159921 0.4100000 0.8749803
v -0.0159921 0.4249803 0.8600000
v -0.0120990 0.4243464 0.8743464
v 0.4300000 -0.4100000 0.8100000
v 0.4600000 -0.4100000 0.8400000
v 0.4300000 -0.4400000 0.8400000
v 0.4449803 -0.4100000 0.8140079
v 0.4300000 -0.4249803 0.8140079
v 0.4443463 -0.4243464 0.8179011
v 0.4559921 -0.4249803 0.8400000
v 0.4559921 -0.4100000 0.8250197
v 0.4520990 -0.4243464 0.8256537
v 0.4300000 -0.4359921 0.8250197
v 0.4449803 -0.4359921 0.8400000
v 0.4443463 -0.4320990 0.8256537
v 0.4300000 -0.4100000 0.8900000
v 0.4300000 -0.4400000 0.8600000
v 0.4600000 -0.4100000 0.8600000
v 0.4300000 -0.4249803 0.8859922
v 0.4449803 -0.4100000 0.8859922
v 0.4443463 -0.4243464 0.8820990
v 0.4449803 -0.4359921 0.8600000
v 0.4300000 -0.4359921 0.8749803
v 0.4443463 -0.4320990 0.8743464
v 0.4559921 -0.4100000 0.8749803
v 0.4559921 -0.4249803 0.8600000
v 0.4520990 -0.4243464 0.8743464
v 0.4300000 0.4100000 0.8100000
v 0.4300000 0.4400000 0.8400000
v 0.4600000 0.4100000 0.8400000
v 0.4300000 0.4249803 0.8140079
v 0.4449803 0.4100000 0.8140079
v 0.4443463 0.4243464 0.8179011
v 0.4449803 0.4359921 0.8400000
v 0.4300000 0.4359921 0.8250197
v 0.4443463 0.4320990 0.8256537
v 0.4559921 0.4100000 0.8250197
v 0.4559921 0.4249803 0.8400000
v 0.4520990 0.4243464 0.8256537
v 0.4300000 0.4100000 0.8900000
v 0.4600000 0.4100000 0.8600000
v 0.4300000 0.4400000 0.8600000
v 0.4449803 0.4100000 0.8859921
v 0.4300000 0.4249803 0.8859921
v 0.4443463 0.4243464 0.8820990
v 0.4559921 0.4249803 0.8600000
v 0.4559921 0.4100000 0.8749803
v 0.4520990 0.4243464 0.8743464
v 0.4300000 0.4359921 0.8749803
v 0.4449803 0.4359921 0.8600000
v 0.4443463 0.4320990 0.8743464
f 8481 8484 8486
f 8481 8486 8485
f 8484 8488 8489
f 8484 8489 8486
f 8482 8487 8489
f 8482 8489 8488
f 8487 8491 8492
f 8487 8492 8489
f 8483 8490 8492
f 8483 8492 8491
f 8490 8485 8486
f 8490 8486 8492
f 8486 8489 8492
f 8493 8496 8498
f 8493 8498 8497
f 8496 8500 8501
f 8496 8501 8498
f 8494 8499 8501
f 8494 8501 8500
f 8499 8503 8504
f 8499 8504 8501
f 8495 8502 8504
f 8495 8504 8503
f 8502 8497 8498
f 8502 8498 8504
f 8498 8501 8504
f 8505 8508 8510
f 8505 8510 8509
f 8508 8512 8513
f 8508 8513 8510
f 8506 8511 8513
f 8506 8513 8512
f 8511 8515 8516
f 8511 8516 8513
f 8507 8514 8516
f 8507 8516 8515
f 8514 8509 8510
f 8514 8510 8516
f 8510 8513 8516
f 8517 8520 8522
f 8517 8522 8521
f 8520 8524 8525
f 8520 8525 8522
f 8518 8523 8525
f 8518 8525 8524
f 8523 8527 8528
f 8523 8528 8525
f 8519 8526 8528
f 8519 8528 8527
f 8526 8521 8522
f 8526 8522 8528
f 8522 8525 8528
f 8529 8532 8534
f 8529 8534 8533
f 8532 8536 8537
f 8532 8537 8534
f 8530 8535 8537
f 8530 8537 8536
f 8535 8539 8540
f 8535 8540 8537
f 8531 8538 8540
f 8531 8540 8539
f 8538 8533 8534
f 8538 8534 8540
f 8534 8537 8540
f 8541 8544 8546
f 8541 8546 8545
f 8544 8548 8549
f 8544 8549 8546
f 8542 8547 8549
f 8542 8549 8548
f 8547 8551 8552
f 8547 8552 8549
f 8543 8550 8552
f 8543 8552 8551
f 8550 8545 8546
f 8550 8546 8552
f 8546 8549 8552
f 8553 8556 8558
f 8553 8558 8557
f 8556 8560 8561
f 8556 8561 8558
f 8554 8559 8561
f 8554 8561 8560
f 8559 8563 8564
f 8559 8564 8561
f 8555 8562 8564
f 8555 8564 8563
f 8562 8557 8558
f 8562 8558 8564
f 8558 8561 8564
f 8565 8568 8570
f 8565 8570 8569
f 8568 8572 8573
f 8568 8573 8570
f 8566 8571 8573
f 8566 8573 8572
f 8571 8575 8576
f 8571 8576 8573
f 8567 8574 8576
f 8567 8576 8575
f 8574 8569 8570
f 8574 8570 8576
f 8570 8573 8576
f 8505 8481 8485
f 8505 8485 8508
f 8508 8485 8490
f 8508 8490 8512
f 8512 8490 8483
f 8512 8483 8506
f 8482 8493 8497
f 8482 8497 8487
f 8487 8497 8502
f 8487 8502 8491
f 8491 8502 8495
f 8491 8495 8483
f 8494 8517 8521
f 8494 8521 8499
f 8499 8521 8526
f 8499 8526 8503
f 8503 8526 8519
f 8503 8519 8495
f 8518 8507 8515
f 8518 8515 8523
f 8523 8515 8511
f 8523 8511 8527
f 8527 8511 8506
f 8527 8506 8519
f 8553 8505 8509
f 8553 8509 8556
f 8556 8509 8514
f 8556 8514 8560
f 8560 8514 8507
f 8560 8507 8554
f 8517 8565 8569
f 8517 8569 8520
f 8520 8569 8574
f 8520 8574 8524
f 8524 8574 8567
f 8524 8567 8518
f 8566 8555 8563
f 8566 8563 8571
f 8571 8563 8559
f 8571 8559 8575
f 8575 8559 8554
f 8575 8554 8567
f 8529 8553 8557
f 8529 8557 8532
f 8532 8557 8562
f 8532 8562 8536
f 8536 8562 8555
f 8536 8555 8530
f 8565 8541 8545
f 8565 8545 8568
f 8568 8545 8550
f 8568 8550 8572
f 8572 8550 8543
f 8572 8543 8566
f 8542 8531 8539
f 8542 8539 8547
f 8547 8539 8535
f 8547 8535 8551
f 8551 8535 8530
f 8551 8530 8543
f 8481 8529 8533
f 8481 8533 8484
f 8484 8533 8538
f 8484 8538 8488
f 8488 8538 8531
f 8488 8531 8482
f 8541 8494 8500
f 8541 8500 8544
f 8544 8500 8496
f 8544 8496 8548
f 8548 8496 8493
f 8548 8493 8542
f 8505 8553 8529
f 8505 8529 8481
f 8483 8495 8519
f 8483 8519 8506
f 8531 8542 8493
f 8531 8493 8482
f 8565 8517 8494
f 8565 8494 8541
f 8507 8518 8567
f 8507 8567 8554
f 8555 8566 8543
f 8555 8543 8530
v -0.0550000 -0.4150000 0.8100000
v -0.0550000 -0.4400000 0.8350000
v -0.0800000 -0.4150000 0.8350000
v -0.0550000 -0.4274836 0.8133399
v -0.0674836 -0.4150000 0.8133399
v -0.0669553 -0.4269553 0.8165842
v -0.0674836 -0.4366601 0.8350000
v -0.0550000 -0.4366601 0.8225164
v -0.0669553 -0.4334158 0.8230447
v -0.0766601 -0.4150000 0.8225164
v -0.0766601 -0.4274836 0.8350000
v -0.0734158 -0.4269553 0.8230447
v -0.0550000 -0.4400000 1.1650000
v -0.0550000 -0.4150000 1.1900001
v -0.0800000 -0.4150000 1.1650000
v -0.0550000 -0.4366601 1.1774836
v -0.0674836 -0.4366601 1.1650000
v -0.0669553 -0.4334158 1.1769552
v -0.0674836 -0.4150000 1.1866601
v -0.0550000 -0.4274836 1.1866601
v -0.0669553 -0.4269553 1.1834158
v -0.0766601 -0.4274836 1.1650000
v -0.0766601 -0.4150000 1.1774836
v -0.0734158 -0.4269553 1.1769552
v -0.0550000 0.4150000 0.8100000
v -0.0800000 0.4150000 0.8350000
v -0.0550000 0.4400000 0.8350000
v -0.0674836 0.4150000 0.8133399
v -0.0550000 0.4274836 0.8133399
v -0.0669553 0.4269553 0.8165842
v -0.0766601 0.4274836 0.8350000
v -0.0766601 0.4150000 0.8225164
v -0.0734158 0.4269553 0.8230447
v -0.0550000 0.4366601 0.8225164
v -0.0674836 0.4366601 0.8350000
v -0.0669553 0.4334158 0.8230447
v -0.0550000 0.4150000 1.1900001
v -0.0550000 0.4400000 1.1650000
v -0.0800000 0.4150000 1.1650000
v -0.0550000 0.4274836 1.1866601
v -0.0674836 0.4150000 1.1866601
v -0.0669553 0.4269553 1.1834158
v -0.0674836 0.4366601 1.1650000
v -0.0550000 0.4366601 1.1774836
v -0.0669553 0.4334158 1.1769552
v -0.0766601 0.4150000 1.1774836
v -0.0766601 0.4274836 1.1650000
v -0.0734158 0.4269553 1.1769552
v -0.0450000 -0.4150000 0.8100000
v -0.0200000 -0.4150000 0.8350000
v -0.0450000 -0.4400000 0.8350000
v -0.0325164 -0.4150000 0.8133399
v -0.0450000 -0.4274836 0.8133399
v -0.0330447 -0.4269553 0.8165842
v -0.0233399 -0.4274836 0.8350000
v -0.0233399 -0.4150000 0.8225164
v -0.0265842 -0.4269553 0.8230447
v -0.0450000 -0.4366601 0.8225164
v -0.0325164 -0.4366601 0.8350000
v -0.0330447 -0.4334158 0.8230447
v -0.0450000 -0.4150000 1.1900001
v -0.0450000 -0.4400000 1.1650000
v -0.0200000 -0.4150000 1.1650000
v -0.0450000 -0.4274836 1.1866601
v -0.0325164 -0.4150000 1.1866601
v -0.0330447 -0.4269553 1.1834158
v -0.0325164 -0.4366601 1.1650000
v -0.0450000 -0.4366601 1.1774836
v -0.0330447 -0.4334158 1.1769552
v -0.0233399 -0.4150000 1.1774836
v -0.0233399 -0.4274836 1.1650000
v -0.0265842 -0.4269553 1.1769552
v -0.0450000 0.4150000 0.8100000
v -0.0450000 0.4400000 0.8350000
v -0.0200000 0.4150000 0.8350000
v -0.0450000 0.4274836 0.8133399
v -0.0325164 0.4150000 0.8133399
v -0.0330447 0.4269553 0.8165842
v -0.0325164 0.4366601 0.8350000
v -0.0450000 0.4366601 0.8225164
v -0.0330447 0.4334158 0.8230447
v -0.0233399 0.4150000 0.8225164
v -0.0233399 0.4274836 0.8350000
v -0.0265842 0.4269553 0.8230447
v -0.0450000 0.4150000 1.1900001
v -0.0200000 0.4150000 1.1650000
v -0.0450000 0.4400000 1.1650000
v -0.0325164 0.4150000 1.1866601
v -0.0450000 0.4274836 1.1866601
v -0.0330447 0.4269553 1.1834158
v -0.0233399 0.4274836 1.1650000
v -0.0233399 0.4150000 1.1774836
v -0.0265842 0.4269553 1.1769552
v -0.0450000 0.4366601 1.1774836
v -0.0325164 0.4366601 1.1650000
v -0.0330447 0.4334158 1.1769552
f 8577 8580 8582
f 8577 8582 8581
f 8580 8584 8585
f 8580 8585 8582
f 8578 8583 8585
f 8578 8585 8584
f 8583 8587 8588
f 8583 8588 8585
f 8579 8586 8588
f 8579 8588 8587
f 8586 8581 8582
f 8586 8582 8588
f 8582 8585 8588
f 8589 8592 8594
f 8589 8594 8593
f 8592 8596 8597
f 8592 8597 8594
f 8590 8595 8597
f 8590 8597 8596
f 8595 8599 8600
f 8595 8600 8597
f 8591 8598 8600
f 8591 8600 8599
f 8598 8593 8594
f 8598 8594 8600
f 8594 8597 8600
f 8601 8604 8606
f 8601 8606 8605
f 8604 8608 8609
f 8604 8609 8606
f 8602 8607 8609
f 8602 8609 8608
f 8607 8611 8612
f 8607 8612 8609
f 8603 8610 8612
f 8603 8612 8611
f 8610 8605 8606
f 8610 8606 8612
f 8606 8609 8612
f 8613 8616 8618
f 8613 8618 8617
f 8616 8620 8621
f 8616 8621 8618
f 8614 8619 8621
f 8614 8621 8620
f 8619 8623 8624
f 8619 8624 8621
f 8615 8622 8624
f 8615 8624 8623
f 8622 8617 8618
f 8622 8618 8624
f 8618 8621 8624
f 8625 8628 8630
f 8625 8630 8629
f 8628 8632 8633
f 8628 8633 8630
f 8626 8631 8633
f 8626 8633 8632
f 8631 8635 8636
f 8631 8636 8633
f 8627 8634 8636
f 8627 8636 8635
f 8634 8629 8630
f 8634 8630 8636
f 8630 8633 8636
f 8637 8640 8642
f 8637 8642 8641
f 8640 8644 8645
f 8640 8645 8642
f 8638 8643 8645
f 8638 8645 8644
f 8643 8647 8648
f 8643 8648 8645
f 8639 8646 8648
f 8639 8648 8647
f 8646 8641 8642
f 8646 8642 8648
f 8642 8645 8648
f 8649 8652 8654
f 8649 8654 8653
f 8652 8656 8657
f 8652 8657 8654
f 8650 8655 8657
f 8650 8657 8656
f 8655 8659 8660
f 8655 8660 8657
f 8651 8658 8660
f 8651 8660 8659
f 8658 8653 8654
f 8658 8654 8660
f 8654 8657 8660
f 8661 8664 8666
f 8661 8666 8665
f 8664 8668 8669
f 8664 8669 8666
f 8662 8667 8669
f 8662 8669 8668
f 8667 8671 8672
f 8667 8672 8669
f 8663 8670 8672
f 8663 8672 8671
f 8670 8665 8666
f 8670 8666 8672
f 8666 8669 8672
f 8601 8577 8581
f 8601 8581 8604
f 8604 8581 8586
f 8604 8586 8608
f 8608 8586 8579
f 8608 8579 8602
f 8578 8589 8593
f 8578 8593 8583
f 8583 8593 8598
f 8583 8598 8587
f 8587 8598 8591
f 8587 8591 8579
f 8590 8613 8617
f 8590 8617 8595
f 8595 8617 8622
f 8595 8622 8599
f 8599 8622 8615
f 8599 8615 8591
f 8614 8603 8611
f 8614 8611 8619
f 8619 8611 8607
f 8619 8607 8623
f 8623 8607 8602
f 8623 8602 8615
f 8649 8601 8605
f 8649 8605 8652
f 8652 8605 8610
f 8652 8610 8656
f 8656 8610 8603
f 8656 8603 8650
f 8613 8661 8665
f 8613 8665 8616
f 8616 8665 8670
f 8616 8670 8620
f 8620 8670 8663
f 8620 8663 8614
f 8662 8651 8659
f 8662 8659 8667
f 8667 8659 8655
f 8667 8655 8671
f 8671 8655 8650
f 8671 8650 8663
f 8625 8649 8653
f 8625 8653 8628
f 8628 8653 8658
f 8628 8658 8632
f 8632 8658 8651
f 8632 8651 8626
f 8661 8637 8641
f 8661 8641 8664
f 8664 8641 8646
f 8664 8646 8668
f 8668 8646 8639
f 8668 8639 8662
f 8638 8627 8635
f 8638 8635 8643
f 8643 8635 8631
f 8643 8631 8647
f 8647 8631 8626
f 8647 8626 8639
f 8577 8625 8629
f 8577 8629 8580
f 8580 8629 8634
f 8580 8634 8584
f 8584 8634 8627
f 8584 8627 8578
f 8637 8590 8596
f 8637 8596 8640
f 8640 8596 8592
f 8640 8592 8644
f 8644 8592 8589
f 8644 8589 8638
f 8601 8649 8625
f 8601 8625 8577
f 8579 8591 8615
f 8579 8615 8602
f 8627 8638 8589
f 8627 8589 8578
f 8661 8613 8590
f 8661 8590 8637
f 8603 8614 8663
f 8603 8663 8650
f 8651 8662 8639
f 8651 8639 8626
v 0.5030000 -0.2970000 0.5180000
v 0.5030000 -0.3000000 0.5210000
v 0.5000000 -0.2970000 0.5210000
v 0.5030000 -0.2984980 0.5184008
v 0.5015020 -0.2970000 0.5184008
v 0.5015654 -0.2984346 0.5187901
v 0.5015020 -0.2995992 0.5210000
v 0.5030000 -0.2995992 0.5195020
v 0.5015654 -0.2992099 0.5195653
v 0.5004008 -0.2970000 0.5195020
v 0.5004008 -0.2984980 0.5210000
v 0.5007901 -0.2984346 0.5195653
v 0.5030000 -0.3000000 0.5400000
v 0.5030000 -0.2970000 0.5430000
v 0.5000000 -0.2970000 0.5400000
v 0.5030000 -0.2995992 0.5414980
v 0.5015020 -0.2995992 0.5400000
v 0.5015654 -0.2992099 0.5414346
v 0.5015020 -0.2970000 0.5425992
v 0.5030000 -0.2984980 0.5425992
v 0.5015654 -0.2984346 0.5422099
v 0.5004008 -0.2984980 0.5400000
v 0.5004008 -0.2970000 0.5414980
v 0.5007901 -0.2984346 0.5414346
v 0.5030000 -0.0380000 0.5180000
v 0.5000000 -0.0380000 0.5210000
v 0.5030000 -0.0350000 0.5210000
v 0.5015020 -0.0380000 0.5184008
v 0.5030000 -0.0365020 0.5184008
v 0.5015654 -0.0365654 0.5187901
v 0.5004008 -0.0365020 0.5210000
v 0.5004008 -0.0380000 0.5195020
v 0.5007901 -0.0365654 0.5195653
v 0.5030000 -0.0354008 0.5195020
v 0.5015020 -0.0354008 0.5210000
v 0.5015654 -0.0357901 0.5195653
v 0.5030000 -0.0380000 0.5430000
v 0.5030000 -0.0350000 0.5400000
v 0.5000000 -0.0380000 0.5400000
v 0.5030000 -0.0365020 0.5425992
v 0.5015020 -0.0380000 0.5425992
v 0.5015654 -0.0365654 0.5422099
v 0.5015020 -0.0354008 0.5400000
v 0.5030000 -0.0354008 0.5414980
v 0.5015654 -0.0357901 0.5414346
v 0.5004008 -0.0380000 0.5414980
v 0.5004008 -0.0365020 0.5400000
v 0.5007901 -0.0365654 0.5414346
v 1.1970000 -0.2970000 0.5180000
v 1.2000000 -0.2970000 0.5210000
v 1.1970000 -0.3000000 0.5210000
v 1.1984980 -0.2970000 0.5184008
v 1.1970000 -0.2984980 0.5184008
v 1.1984346 -0.2984346 0.5187901
v 1.1995993 -0.2984980 0.5210000
v 1.1995993 -0.2970000 0.5195020
v 1.1992099 -0.2984346 0.5195653
v 1.1970000 -0.2995992 0.5195020
v 1.1984980 -0.2995992 0.5210000
v 1.1984346 -0.2992099 0.5195653
v 1.1970000 -0.2970000 0.5430000
v 1.1970000 -0.3000000 0.5400000
v 1.2000000 -0.2970000 0.5400000
v 1.1970000 -0.2984980 0.5425992
v 1.1984980 -0.2970000 0.5425992
v 1.1984346 -0.2984346 0.5422099
v 1.1984980 -0.2995992 0.5400000
v 1.1970000 -0.2995992 0.5414980
v 1.1984346 -0.2992099 0.5414346
v 1.1995993 -0.2970000 0.5414980
v 1.1995993 -0.2984980 0.5400000
v 1.1992099 -0.2984346 0.5414346
v 1.1970000 -0.0380000 0.5180000
v 1.1970000 -0.0350000 0.5210000
v 1.2000000 -0.0380000 0.5210000
v 1.1970000 -0.0365020 0.5184008
v 1.1984980 -0.0380000 0.5184008
v 1.1984346 -0.0365654 0.5187901
v 1.1984980 -0.0354008 0.5210000
v 1.1970000 -0.0354008 0.5195020
v 1.1984346 -0.0357901 0.5195653
v 1.1995993 -0.0380000 0.5195020
v 1.1995993 -0.0365020 0.5210000
v 1.1992099 -0.0365654 0.5195653
v 1.1970000 -0.0380000 0.5430000
v 1.2000000 -0.0380000 0.5400000
v 1.1970000 -0.0350000 0.5400000
v 1.1984980 -0.0380000 0.5425992
v 1.1970000 -0.0365020 0.5425992
v 1.1984346 -0.0365654 0.5422099
v 1.1995993 -0.0365020 0.5400000
v 1.1995993 -0.0380000 0.5414980
v 1.1992099 -0.0365654 0.5414346
v 1.1970000 -0.0354008 0.5414980
v 1.1984980 -0.0354008 0.5400000
v 1.1984346 -0.0357901 0.5414346
f 8673 8676 8678
f 8673 8678 8677
f 8676 8680 8681
f 8676 8681 8678
f 8674 8679 8681
f 8674 8681 8680
f 8679 8683 8684
f 8679 8684 8681
f 8675 8682 8684
f 8675 8684 8683
f 8682 8677 8678
f 8682 8678 8684
f 8678 8681 8684
f 8685 8688 8690
f 8685 8690 8689
f 8688 8692 8693
f 8688 8693 8690
f 8686 8691 8693
f 8686 8693 8692
f 8691 8695 8696
f 8691 8696 8693
f 8687 8694 8696
f 8687 8696 8695
f 8694 8689 8690
f 8694 8690 8696
f 8690 8693 8696
f 8697 8700 8702
f 8697 8702 8701
f 8700 8704 8705
f 8700 8705 8702
f 8698 8703 8705
f 8698 8705 8704
f 8703 8707 8708
f 8703 8708 8705
f 8699 8706 8708
f 8699 8708 8707
f 8706 8701 8702
f 8706 8702 8708
f 8702 8705 8708
f 8709 8712 8714
f 8709 8714 8713
f 8712 8716 8717
f 8712 8717 8714
f 8710 8715 8717
f 8710 8717 8716
f 8715 8719 8720
f 8715 8720 8717
f 8711 8718 8720
f 8711 8720 8719
f 8718 8713 8714
f 8718 8714 8720
f 8714 8717 8720
f 8721 8724 8726
f 8721 8726 8725
f 8724 8728 8729
f 8724 8729 8726
f 8722 8727 8729
f 8722 8729 8728
f 8727 8731 8732
f 8727 8732 8729
f 8723 8730 8732
f 8723 8732 8731
f 8730 8725 8726
f 8730 8726 8732
f 8726 8729 8732
f 8733 8736 8738
f 8733 8738 8737
f 8736 8740 8741
f 8736 8741 8738
f 8734 8739 8741
f 8734 8741 8740
f 8739 8743 8744
f 8739 8744 8741
f 8735 8742 8744
f 8735 8744 8743
f 8742 8737 8738
f 8742 8738 8744
f 8738 8741 8744
f 8745 8748 8750
f 8745 8750 8749
f 8748 8752 8753
f 8748 8753 8750
f 8746 8751 8753
f 8746 8753 8752
f 8751 8755 8756
f 8751 8756 8753
f 8747 8754 8756
f 8747 8756 8755
f 8754 8749 8750
f 8754 8750 8756
f 8750 8753 8756
f 8757 8760 8762
f 8757 8762 8761
f 8760 8764 8765
f 8760 8765 8762
f 8758 8763 8765
f 8758 8765 8764
f 8763 8767 8768
f 8763 8768 8765
f 8759 8766 8768
f 8759 8768 8767
f 8766 8761 8762
f 8766 8762 8768
f 8762 8765 8768
f 8697 8673 8677
f 8697 8677 8700
f 8700 8677 8682
f 8700 8682 8704
f 8704 8682 8675
f 8704 8675 8698
f 8674 8685 8689
f 8674 8689 8679
f 8679 8689 8694
f 8679 8694 8683
f 8683 8694 8687
f 8683 8687 8675
f 8686 8709 8713
f 8686 8713 8691
f 8691 8713 8718
f 8691 8718 8695
f 8695 8718 8711
f 8695 8711 8687
f 8710 8699 8707
f 8710 8707 8715
f 8715 8707 8703
f 8715 8703 8719
f 8719 8703 8698
f 8719 8698 8711
f 8745 8697 8701
f 8745 8701 8748
f 8748 8701 8706
f 8748 8706 8752
f 8752 8706 8699
f 8752 8699 8746
f 8709 8757 8761
f 8709 8761 8712
f 8712 8761 8766
f 8712 8766 8716
f 8716 8766 8759
f 8716 8759 8710
f 8758 8747 8755
f 8758 8755 8763
f 8763 8755 8751
f 8763 8751 8767
f 8767 8751 8746
f 8767 8746 8759
f 8721 8745 8749
f 8721 8749 8724
f 8724 8749 8754
f 8724 8754 8728
f 8728 8754 8747
f 8728 8747 8722
f 8757 8733 8737
f 8757 8737 8760
f 8760 8737 8742
f 8760 8742 8764
f 8764 8742 8735
f 8764 8735 8758
f 8734 8723 8731
f 8734 8731 8739
f 8739 8731 8727
f 8739 8727 8743
f 8743 8727 8722
f 8743 8722 8735
f 8673 8721 8725
f 8673 8725 8676
f 8676 8725 8730
f 8676 8730 8680
f 8680 8730 8723
f 8680 8723 8674
f 8733 8686 8692
f 8733 8692 8736
f 8736 8692 8688
f 8736 8688 8740
f 8740 8688 8685
f 8740 8685 8734
f 8697 8745 8721
f 8697 8721 8673
f 8675 8687 8711
f 8675 8711 8698
f 8723 8734 8685
f 8723 8685 8674
f 8757 8709 8686
f 8757 8686 8733
f 8699 8710 8759
f 8699 8759 8746
f 8747 8758 8735
f 8747 8735 8722
v 0.5030000 0.0380000 0.5180000
v 0.5030000 0.0350000 0.5210000
v 0.5000000 0.0380000 0.5210000
v 0.5030000 0.0365020 0.5184008
v 0.5015020 0.0380000 0.5184008
v 0.5015654 0.0365654 0.5187901
v 0.5015020 0.0354008 0.5210000
v 0.5030000 0.0354008 0.5195020
v 0.5015654 0.0357901 0.5195653
v 0.5004008 0.0380000 0.5195020
v 0.5004008 0.0365020 0.5210000
v 0.5007901 0.0365654 0.5195653
v 0.5030000 0.0350000 0.5400000
v 0.5030000 0.0380000 0.5430000
v 0.5000000 0.0380000 0.5400000
v 0.5030000 0.0354008 0.5414980
v 0.5015020 0.0354008 0.5400000
v 0.5015654 0.0357901 0.5414346
v 0.5015020 0.0380000 0.5425992
v 0.5030000 0.0365020 0.5425992
v 0.5015654 0.0365654 0.5422099
v 0.5004008 0.0365020 0.5400000
v 0.5004008 0.0380000 0.5414980
v 0.5007901 0.0365654 0.5414346
v 0.5030000 0.2970000 0.5180000
v 0.5000000 0.2970000 0.5210000
v 0.5030000 0.3000000 0.5210000
v 0.5015020 0.2970000 0.5184008
v 0.5030000 0.2984980 0.5184008
v 0.5015654 0.2984346 0.5187901
v 0.5004008 0.2984980 0.5210000
v 0.5004008 0.2970000 0.5195020
v 0.5007901 0.2984346 0.5195653
v 0.5030000 0.2995992 0.5195020
v 0.5015020 0.2995992 0.5210000
v 0.5015654 0.2992099 0.5195653
v 0.5030000 0.2970000 0.5430000
v 0.5030000 0.3000000 0.5400000
v 0.5000000 0.2970000 0.5400000
v 0.5030000 0.2984980 0.5425992
v 0.5015020 0.2970000 0.5425992
v 0.5015654 0.2984346 0.5422099
v 0.5015020 0.2995992 0.5400000
v 0.5030000 0.2995992 0.5414980
v 0.5015654 0.2992099 0.5414346
v 0.5004008 0.2970000 0.5414980
v 0.5004008 0.2984980 0.5400000
v 0.5007901 0.2984346 0.5414346
v 1.1970000 0.0380000 0.5180000
v 1.2000000 0.0380000 0.5210000
v 1.1970000 0.0350000 0.5210000
v 1.1984980 0.0380000 0.5184008
v 1.1970000 0.0365020 0.5184008
v 1.1984346 0.0365654 0.5187901
v 1.1995993 0.0365020 0.5210000
v 1.1995993 0.0380000 0.5195020
v 1.1992099 0.0365654 0.5195653
v 1.1970000 0.0354008 0.5195020
v 1.1984980 0.0354008 0.5210000
v 1.1984346 0.0357901 0.5195653
v 1.1970000 0.0380000 0.5430000
v 1.1970000 0.0350000 0.5400000
v 1.2000000 0.0380000 0.5400000
v 1.1970000 0.0365020 0.5425992
v 1.1984980 0.0380000 0.5425992
v 1.1984346 0.0365654 0.5422099
v 1.1984980 0.0354008 0.5400000
v 1.1970000 0.0354008 0.5414980
v 1.1984346 0.0357901 0.5414346
v 1.1995993 0.0380000 0.5414980
v 1.1995993 0.0365020 0.5400000
v 1.1992099 0.0365654 0.5414346
v 1.1970000 0.2970000 0.5180000
v 1.1970000 0.3000000 0.5210000
v 1.2000000 0.2970000 0.5210000
v 1.1970000 0.2984980 0.5184008
v 1.1984980 0.2970000 0.5184008
v 1.1984346 0.2984346 0.5187901
v 1.1984980 0.2995992 0.5210000
v 1.1970000 0.2995992 0.5195020
v 1.1984346 0.2992099 0.5195653
v 1.1995993 0.2970000 0.5195020
v 1.1995993 0.2984980 0.5210000
v 1.1992099 0.2984346 0.5195653
v 1.1970000 0.2970000 0.5430000
v 1.2000000 0.2970000 0.5400000
v 1.1970000 0.3000000 0.5400000
v 1.1984980 0.2970000 0.5425992
v 1.1970000 0.2984980 0.5425992
v 1.1984346 0.2984346 0.5422099
v 1.1995993 0.2984980 0.5400000
v 1.1995993 0.2970000 0.5414980
v 1.1992099 0.2984346 0.5414346
v 1.1970000 0.2995992 0.5414980
v 1.1984980 0.2995992 0.5400000
v 1.1984346 0.2992099 0.5414346
f 8769 8772 8774
f 8769 8774 8773
f 8772 8776 8777
f 8772 8777 8774
f 8770 8775 8777
f 8770 8777 8776
f 8775 8779 8780
f 8775 8780 8777
f 8771 8778 8780
f 8771 8780 8779
f 8778 8773 8774
f 8778 8774 8780
f 8774 8777 8780
f 8781 8784 8786
f 8781 8786 8785
f 8784 8788 8789
f 8784 8789 8786
f 8782 8787 8789
f 8782 8789 8788
f 8787 8791 8792
f 8787 8792 8789
f 8783 8790 8792
f 8783 8792 8791
f 8790 8785 8786
f 8790 8786 8792
f 8786 8789 8792
f 8793 8796 8798
f 8793 8798 8797
f 8796 8800 8801
f 8796 8801 8798
f 8794 8799 8801
f 8794 8801 8800
f 8799 8803 8804
f 8799 8804 8801
f 8795 8802 8804
f 8795 8804 8803
f 8802 8797 8798
f 8802 8798 8804
f 8798 8801 8804
f 8805 8808 8810
f 8805 8810 8809
f 8808 8812 8813
f 8808 8813 8810
f 8806 8811 8813
f 8806 8813 8812
f 8811 8815 8816
f 8811 8816 8813
f 8807 8814 8816
f 8807 8816 8815
f 8814 8809 8810
f 8814 8810 8816
f 8810 8813 8816
f 8817 8820 8822
f 8817 8822 8821
f 8820 8824 8825
f 8820 8825 8822
f 8818 8823 8825
f 8818 8825 8824
f 8823 8827 8828
f 8823 8828 8825
f 8819 8826 8828
f 8819 8828 8827
f 8826 8821 8822
f 8826 8822 8828
f 8822 8825 8828
f 8829 8832 8834
f 8829 8834 8833
f 8832 8836 8837
f 8832 8837 8834
f 8830 8835 8837
f 8830 8837 8836
f 8835 8839 8840
f 8835 8840 8837
f 8831 8838 8840
f 8831 8840 8839
f 8838 8833 8834
f 8838 8834 8840
f 8834 8837 8840
f 8841 8844 8846
f 8841 8846 8845
f 8844 8848 8849
f 8844 8849 8846
f 8842 8847 8849
f 8842 8849 8848
f 8847 8851 8852
f 8847 8852 8849
f 8843 8850 8852
f 8843 8852 8851
f 8850 8845 8846
f 8850 8846 8852
f 8846 8849 8852
f 8853 8856 8858
f 8853 8858 8857
f 8856 8860 8861
f 8856 8861 8858
f 8854 8859 8861
f 8854 8861 8860
f 8859 8863 8864
f 8859 8864 8861
f 8855 8862 8864
f 8855 8864 8863
f 8862 8857 8858
f 8862 8858 8864
f 8858 8861 8864
f 8793 8769 8773
f 8793 8773 8796
f 8796 8773 8778
f 8796 8778 8800
f 8800 8778 8771
f 8800 8771 8794
f 8770 8781 8785
f 8770 8785 8775
f 8775 8785 8790
f 8775 8790 8779
f 8779 8790 8783
f 8779 8783 8771
f 8782 8805 8809
f 8782 8809 8787
f 8787 8809 8814
f 8787 8814 8791
f 8791 8814 8807
f 8791 8807 8783
f 8806 8795 8803
f 8806 8803 8811
f 8811 8803 8799
f 8811 8799 8815
f 8815 8799 8794
f 8815 8794 8807
f 8841 8793 8797
f 8841 8797 8844
f 8844 8797 8802
f 8844 8802 8848
f 8848 8802 8795
f 8848 8795 8842
f 8805 8853 8857
f 8805 8857 8808
f 8808 8857 8862
f 8808 8862 8812
f 8812 8862 8855
f 8812 8855 8806
f 8854 8843 8851
f 8854 8851 8859
f 8859 8851 8847
f 8859 8847 8863
f 8863 8847 8842
f 8863 8842 8855
f 8817 8841 8845
f 8817 8845 8820
f 8820 8845 8850
f 8820 8850 8824
f 8824 8850 8843
f 8824 8843 8818
f 8853 8829 8833
f 8853 8833 8856
f 8856 8833 8838
f 8856 8838 8860
f 8860 8838 8831
f 8860 8831 8854
f 8830 8819 8827
f 8830 8827 8835
f 8835 8827 8823
f 8835 8823 8839
f 8839 8823 8818
f 8839 8818 8831
f 8769 8817 8821
f 8769 8821 8772
f 8772 8821 8826
f 8772 8826 8776
f 8776 8826 8819
f 8776 8819 8770
f 8829 8782 8788
f 8829 8788 8832
f 8832 8788 8784
f 8832 8784 8836
f 8836 8784 8781
f 8836 8781 8830
f 8793 8841 8817
f 8793 8817 8769
f 8771 8783 8807
f 8771 8807 8794
f 8819 8830 8781
f 8819 8781 8770
f 8853 8805 8782
f 8853 8782 8829
f 8795 8806 8855
f 8795 8855 8842
f 8843 8854 8831
f 8843 8831 8818
v 1.2060001 -0.2940000 0.5300000
v 1.2060001 -0.3000000 0.5360000
v 1.2000000 -0.2940000 0.5360000
v 1.2060001 -0.2969961 0.5308016
v 1.2030040 -0.2940000 0.5308016
v 1.2031307 -0.2968693 0.5315802
v 1.2030040 -0.2991984 0.5360000
v 1.2060001 -0.2991984 0.5330039
v 1.2031307 -0.2984198 0.5331308
v 1.2008016 -0.2940000 0.5330039
v 1.2008016 -0.2969961 0.5360000
v 1.2015803 -0.2968693 0.5331308
v 1.2060001 -0.3000000 0.7840000
v 1.2060001 -0.2940000 0.7900000
v 1.2000000 -0.2940000 0.7840000
v 1.2060001 -0.2991984 0.7869961
v 1.2030040 -0.2991984 0.7840000
v 1.2031307 -0.2984198 0.7868693
v 1.2030040 -0.2940000 0.7891985
v 1.2060001 -0.2969961 0.7891985
v 1.2031307 -0.2968693 0.7884198
v 1.2008016 -0.2969961 0.7840000
v 1.2008016 -0.2940000 0.7869961
v 1.2015803 -0.2968693 0.7868693
v 1.2060001 0.2940000 0.5300000
v 1.2000000 0.2940000 0.5360000
v 1.2060001 0.3000000 0.5360000
v 1.2030040 0.2940000 0.5308016
v 1.2060001 0.2969961 0.5308016
v 1.2031307 0.2968693 0.5315802
v 1.2008016 0.2969961 0.5360000
v 1.2008016 0.2940000 0.5330039
v 1.2015803 0.2968693 0.5331308
v 1.2060001 0.2991984 0.5330039
v 1.2030040 0.2991984 0.5360000
v 1.2031307 0.2984198 0.5331308
v 1.2060001 0.2940000 0.7900000
v 1.2060001 0.3000000 0.7840000
v 1.2000000 0.2940000 0.7840000
v 1.2060001 0.2969961 0.7891985
v 1.2030040 0.2940000 0.7891985
v 1.2031307 0.2968693 0.7884198
v 1.2030040 0.2991984 0.7840000
v 1.2060001 0.2991984 0.7869961
v 1.2031307 0.2984198 0.7868693
v 1.2008016 0.2940000 0.7869961
v 1.2008016 0.2969961 0.7840000
v 1.2015803 0.2968693 0.7868693
v 1.2140000 -0.2940000 0.5300000
v 1.2200000 -0.2940000 0.5360000
v 1.2140000 -0.3000000 0.5360000
v 1.2169961 -0.2940000 0.5308016
v 1.2140000 -0.2969961 0.5308016
v 1.2168694 -0.2968693 0.5315802
v 1.2191985 -0.2969961 0.5360000
v 1.2191985 -0.2940000 0.5330039
v 1.2184198 -0.2968693 0.5331308
v 1.2140000 -0.2991984 0.5330039
v 1.2169961 -0.2991984 0.5360000
v 1.2168694 -0.2984198 0.5331308
v 1.2140000 -0.2940000 0.7900000
v 1.2140000 -0.3000000 0.7840000
v 1.2200000 -0.2940000 0.7840000
v 1.2140000 -0.2969961 0.7891985
v 1.2169961 -0.2940000 0.7891985
v 1.2168694 -0.2968693 0.7884198
v 1.2169961 -0.2991984 0.7840000
v 1.2140000 -0.2991984 0.7869961
v 1.2168694 -0.2984198 0.7868693
v 1.2191985 -0.2940000 0.7869961
v 1.2191985 -0.2969961 0.7840000
v 1.2184198 -0.2968693 0.7868693
v 1.2140000 0.2940000 0.5300000
v 1.2140000 0.3000000 0.5360000
v 1.2200000 0.2940000 0.5360000
v 1.2140000 0.2969961 0.5308016
v 1.2169961 0.2940000 0.5308016
v 1.2168694 0.2968693 0.5315802
v 1.2169961 0.2991984 0.5360000
v 1.2140000 0.2991984 0.5330039
v 1.2168694 0.2984198 0.5331308
v 1.2191985 0.2940000 0.5330039
v 1.2191985 0.2969961 0.5360000
v 1.2184198 0.2968693 0.5331308
v 1.2140000 0.2940000 0.7900000
v 1.2200000 0.2940000 0.7840000
v 1.2140000 0.3000000 0.7840000
v 1.2169961 0.2940000 0.7891985
v 1.2140000 0.2969961 0.7891985
v 1.2168694 0.2968693 0.7884198
v 1.2191985 0.2969961 0.7840000
v 1.2191985 0.2940000 0.7869961
v 1.2184198 0.2968693 0.7868693
v 1.2140000 0.2991984 0.7869961
v 1.2169961 0.2991984 0.7840000
v 1.2168694 0.2984198 0.7868693
f 8865 8868 8870
f 8865 8870 8869
f 8868 8872 8873
f 8868 8873 8870
f 8866 8871 8873
f 8866 8873 8872
f 8871 8875 8876
f 8871 8876 8873
f 8867 8874 8876
f 8867 8876 8875
f 8874 8869 8870
f 8874 8870 8876
f 8870 8873 8876
f 8877 8880 8882
f 8877 8882 8881
f 8880 8884 8885
f 8880 8885 8882
f 8878 8883 8885
f 8878 8885 8884
f 8883 8887 8888
f 8883 8888 8885
f 8879 8886 8888
f 8879 8888 8887
f 8886 8881 8882
f 8886 8882 8888
f 8882 8885 8888
f 8889 8892 8894
f 8889 8894 8893
f 8892 8896 8897
f 8892 8897 8894
f 8890 8895 8897
f 8890 8897 8896
f 8895 8899 8900
f 8895 8900 8897
f 8891 8898 8900
f 8891 8900 8899
f 8898 8893 8894
f 8898 8894 8900
f 8894 8897 8900
f 8901 8904 8906
f 8901 8906 8905
f 8904 8908 8909
f 8904 8909 8906
f 8902 8907 8909
f 8902 8909 8908
f 8907 8911 8912
f 8907 8912 8909
f 8903 8910 8912
f 8903 8912 8911
f 8910 8905 8906
f 8910 8906 8912
f 8906 8909 8912
f 8913 8916 8918
f 8913 8918 8917
f 8916 8920 8921
f 8916 8921 8918
f 8914 8919 8921
f 8914 8921 8920
f 8919 8923 8924
f 8919 8924 8921
f 8915 8922 8924
f 8915 8924 8923
f 8922 8917 8918
f 8922 8918 8924
f 8918 8921 8924
f 8925 8928 8930
f 8925 8930 8929
f 8928 8932 8933
f 8928 8933 8930
f 8926 8931 8933
f 8926 8933 8932
f 8931 8935 8936
f 8931 8936 8933
f 8927 8934 8936
f 8927 8936 8935
f 8934 8929 8930
f 8934 8930 8936
f 8930 8933 8936
f 8937 8940 8942
f 8937 8942 8941
f 8940 8944 8945
f 8940 8945 8942
f 8938 8943 8945
f 8938 8945 8944
f 8943 8947 8948
f 8943 8948 8945
f 8939 8946 8948
f 8939 8948 8947
f 8946 8941 8942
f 8946 8942 8948
f 8942 8945 8948
f 8949 8952 8954
f 8949 8954 8953
f 8952 8956 8957
f 8952 8957 8954
f 8950 8955 8957
f 8950 8957 8956
f 8955 8959 8960
f 8955 8960 8957
f 8951 8958 8960
f 8951 8960 8959
f 8958 8953 8954
f 8958 8954 8960
f 8954 8957 8960
f 8889 8865 8869
f 8889 8869 8892
f 8892 8869 8874
f 8892 8874 8896
f 8896 8874 8867
f 8896 8867 8890
f 8866 8877 8881
f 8866 8881 8871
f 8871 8881 8886
f 8871 8886 8875
f 8875 8886 8879
f 8875 8879 8867
f 8878 8901 8905
f 8878 8905 8883
f 8883 8905 8910
f 8883 8910 8887
f 8887 8910 8903
f 8887 8903 8879
f 8902 8891 8899
f 8902 8899 8907
f 8907 8899 8895
f 8907 8895 8911
f 8911 8895 8890
f 8911 8890 8903
f 8937 8889 8893
f 8937 8893 8940
f 8940 8893 8898
f 8940 8898 8944
f 8944 8898 8891
f 8944 8891 8938
f 8901 8949 8953
f 8901 8953 8904
f 8904 8953 8958
f 8904 8958 8908
f 8908 8958 8951
f 8908 8951 8902
f 8950 8939 8947
f 8950 8947 8955
f 8955 8947 8943
f 8955 8943 8959
f 8959 8943 8938
f 8959 8938 8951
f 8913 8937 8941
f 8913 8941 8916
f 8916 8941 8946
f 8916 8946 8920
f 8920 8946 8939
f 8920 8939 8914
f 8949 8925 8929
f 8949 8929 8952
f 8952 8929 8934
f 8952 8934 8956
f 8956 8934 8927
f 8956 8927 8950
f 8926 8915 8923
f 8926 8923 8931
f 8931 8923 8919
f 8931 8919 8935
f 8935 8919 8914
f 8935 8914 8927
f 8865 8913 8917
f 8865 8917 8868
f 8868 8917 8922
f 8868 8922 8872
f 8872 8922 8915
f 8872 8915 8866
f 8925 8878 8884
f 8925 8884 8928
f 8928 8884 8880
f 8928 8880 8932
f 8932 8880 8877
f 8932 8877 8926
f 8889 8937 8913
f 8889 8913 8865
f 8867 8879 8903
f 8867 8903 8890
f 8915 8926 8877
f 8915 8877 8866
f 8949 8901 8878
f 8949 8878 8925
f 8891 8902 8951
f 8891 8951 8938
f 8939 8950 8927
f 8939 8927 8914
v -0.8460000 -0.2760000 0.7200000
v -0.8460000 -0.2800000 0.7240000
v -0.8500000 -0.2760000 0.7240000
v -0.8460000 -0.2779974 0.7205344
v -0.8479974 -0.2760000 0.7205344
v -0.8479129 -0.2779129 0.7210535
v -0.8479974 -0.2794656 0.7240000
v -0.8460000 -0.2794656 0.7220026
v -0.8479129 -0.2789465 0.7220871
v -0.8494656 -0.2760000 0.7220026
v -0.8494656 -0.2779974 0.7240000
v -0.8489466 -0.2779129 0.7220871
v -0.8460000 -0.2800000 0.7360000
v -0.8460000 -0.2760000 0.7400000
v -0.8500000 -0.2760000 0.7360000
v -0.8460000 -0.2794656 0.7379974
v -0.8479974 -0.2794656 0.7360000
v -0.8479129 -0.2789465 0.7379129
v -0.8479974 -0.2760000 0.7394657
v -0.8460000 -0.2779974 0.7394657
v -0.8479129 -0.2779129 0.7389466
v -0.8494656 -0.2779974 0.7360000
v -0.8494656 -0.2760000 0.7379974
v -0.8489466 -0.2779129 0.7379129
v -0.8460000 0.2760000 0.7200000
v -0.8500000 0.2760000 0.7240000
v -0.8460000 0.2800000 0.7240000
v -0.8479974 0.2760000 0.7205344
v -0.8460000 0.2779974 0.7205344
v -0.8479129 0.2779129 0.7210535
v -0.8494656 0.2779974 0.7240000
v -0.8494656 0.2760000 0.7220026
v -0.8489466 0.2779129 0.7220871
v -0.8460000 0.2794656 0.7220026
v -0.8479974 0.2794656 0.7240000
v -0.8479129 0.2789465 0.7220871
v -0.8460000 0.2760000 0.7400000
v -0.8460000 0.2800000 0.7360000
v -0.8500000 0.2760000 0.7360000
v -0.8460000 0.2779974 0.7394657
v -0.8479974 0.2760000 0.7394657
v -0.8479129 0.2779129 0.7389466
v -0.8479974 0.2794656 0.7360000
v -0.8460000 0.2794656 0.7379974
v -0.8479129 0.2789465 0.7379129
v -0.8494656 0.2760000 0.7379974
v -0.8494656 0.2779974 0.7360000
v -0.8489466 0.2779129 0.7379129
v -0.3040000 -0.2760000 0.7200000
v -0.3000000 -0.2760000 0.7240000
v -0.3040000 -0.2800000 0.7240000
v -0.3020026 -0.2760000 0.7205344
v -0.3040000 -0.2779974 0.7205344
v -0.3020871 -0.2779129 0.7210535
v -0.3005343 -0.2779974 0.7240000
v -0.3005343 -0.2760000 0.7220026
v -0.3010534 -0.2779129 0.7220871
v -0.3040000 -0.2794656 0.7220026
v -0.3020026 -0.2794656 0.7240000
v -0.3020871 -0.2789465 0.7220871
v -0.3040000 -0.2760000 0.7400000
v -0.3040000 -0.2800000 0.7360000
v -0.3000000 -0.2760000 0.7360000
v -0.3040000 -0.2779974 0.7394657
v -0.3020026 -0.2760000 0.7394657
v -0.3020871 -0.2779129 0.7389466
v -0.3020026 -0.2794656 0.7360000
v -0.3040000 -0.2794656 0.7379974
v -0.3020871 -0.2789465 0.7379129
v -0.3005343 -0.2760000 0.7379974
v -0.3005343 -0.2779974 0.7360000
v -0.3010534 -0.2779129 0.7379129
v -0.3040000 0.2760000 0.7200000
v -0.3040000 0.2800000 0.7240000
v -0.3000000 0.2760000 0.7240000
v -0.3040000 0.2779974 0.7205344
v -0.3020026 0.2760000 0.7205344
v -0.3020871 0.2779129 0.7210535
v -0.3020026 0.2794656 0.7240000
v -0.3040000 0.2794656 0.7220026
v -0.3020871 0.2789465 0.7220871
v -0.3005343 0.2760000 0.7220026
v -0.3005343 0.2779974 0.7240000
v -0.3010534 0.2779129 0.7220871
v -0.3040000 0.2760000 0.7400000
v -0.3000000 0.2760000 0.7360000
v -0.3040000 0.2800000 0.7360000
v -0.3020026 0.2760000 0.7394657
v -0.3040000 0.2779974 0.7394657
v -0.3020871 0.2779129 0.7389466
v -0.3005343 0.2779974 0.7360000
v -0.3005343 0.2760000 0.7379974
v -0.3010534 0.2779129 0.7379129
v -0.3040000 0.2794656 0.7379974
v -0.3020026 0.2794656 0.7360000
v -0.3020871 0.2789465 0.7379129
f 8961 8964 8966
f 8961 8966 8965
f 8964 8968 8969
f 8964 8969 8966
f 8962 8967 8969
f 8962 8969 8968
f 8967 8971 8972
f 8967 8972 8969
f 8963 8970 8972
f 8963 8972 8971
f 8970 8965 8966
f 8970 8966 8972
f 8966 8969 8972
f 8973 8976 8978
f 8973 8978 8977
f 8976 8980 8981
f 8976 8981 8978
f 8974 8979 8981
f 8974 8981 8980
f 8979 8983 8984
f 8979 8984 8981
f 8975 8982 8984
f 8975 8984 8983
f 8982 8977 8978
f 8982 8978 8984
f 8978 8981 8984
f 8985 8988 8990
f 8985 8990 8989
f 8988 8992 8993
f 8988 8993 8990
f 8986 8991 8993
f 8986 8993 8992
f 8991 8995 8996
f 8991 8996 8993
f 8987 8994 8996
f 8987 8996 8995
f 8994 8989 8990
f 8994 8990 8996
f 8990 8993 8996
f 8997 9000 9002
f 8997 9002 9001
f 9000 9004 9005
f 9000 9005 9002
f 8998 9003 9005
f 8998 9005 9004
f 9003 9007 9008
f 9003 9008 9005
f 8999 9006 9008
f 8999 9008 9007
f 9006 9001 9002
f 9006 9002 9008
f 9002 9005 9008
f 9009 9012 9014
f 9009 9014 9013
f 9012 9016 9017
f 9012 9017 9014
f 9010 9015 9017
f 9010 9017 9016
f 9015 9019 9020
f 9015 9020 9017
f 9011 9018 9020
f 9011 9020 9019
f 9018 9013 9014
f 9018 9014 9020
f 9014 9017 9020
f 9021 9024 9026
f 9021 9026 9025
f 9024 9028 9029
f 9024 9029 9026
f 9022 9027 9029
f 9022 9029 9028
f 9027 9031 9032
f 9027 9032 9029
f 9023 9030 9032
f 9023 9032 9031
f 9030 9025 9026
f 9030 9026 9032
f 9026 9029 9032
f 9033 9036 9038
f 9033 9038 9037
f 9036 9040 9041
f 9036 9041 9038
f 9034 9039 9041
f 9034 9041 9040
f 9039 9043 9044
f 9039 9044 9041
f 9035 9042 9044
f 9035 9044 9043
f 9042 9037 9038
f 9042 9038 9044
f 9038 9041 9044
f 9045 9048 9050
f 9045 9050 9049
f 9048 9052 9053
f 9048 9053 9050
f 9046 9051 9053
f 9046 9053 9052
f 9051 9055 9056
f 9051 9056 9053
f 9047 9054 9056
f 9047 9056 9055
f 9054 9049 9050
f 9054 9050 9056
f 9050 9053 9056
f 8985 8961 8965
f 8985 8965 8988
f 8988 8965 8970
f 8988 8970 8992
f 8992 8970 8963
f 8992 8963 8986
f 8962 8973 8977
f 8962 8977 8967
f 8967 8977 8982
f 8967 8982 8971
f 8971 8982 8975
f 8971 8975 8963
f 8974 8997 9001
f 8974 9001 8979
f 8979 9001 9006
f 8979 9006 8983
f 8983 9006 8999
f 8983 8999 8975
f 8998 8987 8995
f 8998 8995 9003
f 9003 8995 8991
f 9003 8991 9007
f 9007 8991 8986
f 9007 8986 8999
f 9033 8985 8989
f 9033 8989 9036
f 9036 8989 8994
f 9036 8994 9040
f 9040 8994 8987
f 9040 8987 9034
f 8997 9045 9049
f 8997 9049 9000
f 9000 9049 9054
f 9000 9054 9004
f 9004 9054 9047
f 9004 9047 8998
f 9046 9035 9043
f 9046 9043 9051
f 9051 9043 9039
f 9051 9039 9055
f 9055 9039 9034
f 9055 9034 9047
f 9009 9033 9037
f 9009 9037 9012
f 9012 9037 9042
f 9012 9042 9016
f 9016 9042 9035
f 9016 9035 9010
f 9045 9021 9025
f 9045 9025 9048
f 9048 9025 9030
f 9048 9030 9052
f 9052 9030 9023
f 9052 9023 9046
f 9022 9011 9019
f 9022 9019 9027
f 9027 9019 9015
f 9027 9015 9031
f 9031 9015 9010
f 9031 9010 9023
f 8961 9009 9013
f 8961 9013 8964
f 8964 9013 9018
f 8964 9018 8968
f 8968 9018 9011
f 8968 9011 8962
f 9021 8974 8980
f 9021 8980 9024
f 9024 8980 8976
f 9024 8976 9028
f 9028 8976 8973
f 9028 8973 9022
f 8985 9033 9009
f 8985 9009 8961
f 8963 8975 8999
f 8963 8999 8986
f 9011 9022 8973
f 9011 8973 8962
f 9045 8997 8974
f 9045 8974 9021
f 8987 8998 9047
f 8987 9047 9034
f 9035 9046 9023
f 9035 9023 9010
v -0.8470000 -0.2760000 0.5000000
v -0.8470000 -0.2790000 0.5030000
v -0.8500000 -0.2760000 0.5030000
v -0.8470000 -0.2774980 0.5004008
v -0.8484980 -0.2760000 0.5004008
v -0.8484346 -0.2774346 0.5007901
v -0.8484980 -0.2785992 0.5030000
v -0.8470000 -0.2785992 0.5015020
v -0.8484346 -0.2782099 0.5015654
v -0.8495992 -0.2760000 0.5015020
v -0.8495992 -0.2774980 0.5030000
v -0.8492099 -0.2774346 0.5015654
v -0.8470000 -0.2790000 0.7170000
v -0.8470000 -0.2760000 0.7200000
v -0.8500000 -0.2760000 0.7170000
v -0.8470000 -0.2785992 0.7184981
v -0.8484980 -0.2785992 0.7170000
v -0.8484346 -0.2782099 0.7184346
v -0.8484980 -0.2760000 0.7195992
v -0.8470000 -0.2774980 0.7195992
v -0.8484346 -0.2774346 0.7192099
v -0.8495992 -0.2774980 0.7170000
v -0.8495992 -0.2760000 0.7184981
v -0.8492099 -0.2774346 0.7184346
v -0.8470000 -0.2700000 0.5000000
v -0.8500000 -0.2700000 0.5030000
v -0.8470000 -0.2670000 0.5030000
v -0.8484980 -0.2700000 0.5004008
v -0.8470000 -0.2685020 0.5004008
v -0.8484346 -0.2685654 0.5007901
v -0.8495992 -0.2685020 0.5030000
v -0.8495992 -0.2700000 0.5015020
v -0.8492099 -0.2685654 0.5015654
v -0.8470000 -0.2674008 0.5015020
v -0.8484980 -0.2674008 0.5030000
v -0.8484346 -0.2677901 0.5015654
v -0.8470000 -0.2700000 0.7200000
v -0.8470000 -0.2670000 0.7170000
v -0.8500000 -0.2700000 0.7170000
v -0.8470000 -0.2685020 0.7195992
v -0.8484980 -0.2700000 0.7195992
v -0.8484346 -0.2685654 0.7192099
v -0.8484980 -0.2674008 0.7170000
v -0.8470000 -0.2674008 0.7184981
v -0.8484346 -0.2677901 0.7184346
v -0.8495992 -0.2700000 0.7184981
v -0.8495992 -0.2685020 0.7170000
v -0.8492099 -0.2685654 0.7184346
v -0.3030000 -0.2760000 0.5000000
v -0.3000000 -0.2760000 0.5030000
v -0.3030000 -0.2790000 0.5030000
v -0.3015020 -0.2760000 0.5004008
v -0.3030000 -0.2774980 0.5004008
v -0.3015653 -0.2774346 0.5007901
v -0.3004008 -0.2774980 0.5030000
v -0.3004008 -0.2760000 0.5015020
v -0.3007901 -0.2774346 0.5015654
v -0.3030000 -0.2785992 0.5015020
v -0.3015020 -0.2785992 0.5030000
v -0.3015653 -0.2782099 0.5015654
v -0.3030000 -0.2760000 0.7200000
v -0.3030000 -0.2790000 0.7170000
v -0.3000000 -0.2760000 0.7170000
v -0.3030000 -0.2774980 0.7195992
v -0.3015020 -0.2760000 0.7195992
v -0.3015653 -0.2774346 0.7192099
v -0.3015020 -0.2785992 0.7170000
v -0.3030000 -0.2785992 0.7184981
v -0.3015653 -0.2782099 0.7184346
v -0.3004008 -0.2760000 0.7184981
v -0.3004008 -0.2774980 0.7170000
v -0.3007901 -0.2774346 0.7184346
v -0.3030000 -0.2700000 0.5000000
v -0.3030000 -0.2670000 0.5030000
v -0.3000000 -0.2700000 0.5030000
v -0.3030000 -0.2685020 0.5004008
v -0.3015020 -0.2700000 0.5004008
v -0.3015653 -0.2685654 0.5007901
v -0.3015020 -0.2674008 0.5030000
v -0.3030000 -0.2674008 0.5015020
v -0.3015653 -0.2677901 0.5015654
v -0.3004008 -0.2700000 0.5015020
v -0.3004008 -0.2685020 0.5030000
v -0.3007901 -0.2685654 0.5015654
v -0.3030000 -0.2700000 0.7200000
v -0.3000000 -0.2700000 0.7170000
v -0.3030000 -0.2670000 0.7170000
v -0.3015020 -0.2700000 0.7195992
v -0.3030000 -0.2685020 0.7195992
v -0.3015653 -0.2685654 0.7192099
v -0.3004008 -0.2685020 0.7170000
v -0.3004008 -0.2700000 0.7184981
v -0.3007901 -0.2685654 0.7184346
v -0.3030000 -0.2674008 0.7184981
v -0.3015020 -0.2674008 0.7170000
v -0.3015653 -0.2677901 0.7184346
f 9057 9060 9062
f 9057 9062 9061
f 9060 9064 9065
f 9060 9065 9062
f 9058 9063 9065
f 9058 9065 9064
f 9063 9067 9068
f 9063 9068 9065
f 9059 9066 9068
f 9059 9068 9067
f 9066 9061 9062
f 9066 9062 9068
f 9062 9065 9068
f 9069 9072 9074
f 9069 9074 9073
f 9072 9076 9077
f 9072 9077 9074
f 9070 9075 9077
f 9070 9077 9076
f 9075 9079 9080
f 9075 9080 9077
f 9071 9078 9080
f 9071 9080 9079
f 9078 9073 9074
f 9078 9074 9080
f 9074 9077 9080
f 9081 9084 9086
f 9081 9086 9085
f 9084 9088 9089
f 9084 9089 9086
f 9082 9087 9089
f 9082 9089 9088
f 9087 9091 9092
f 9087 9092 9089
f 9083 9090 9092
f 9083 9092 9091
f 9090 9085 9086
f 9090 9086 9092
f 9086 9089 9092
f 9093 9096 9098
f 9093 9098 9097
f 9096 9100 9101
f 9096 9101 9098
f 9094 9099 9101
f 9094 9101 9100
f 9099 9103 9104
f 9099 9104 9101
f 9095 9102 9104
f 9095 9104 9103
f 9102 9097 9098
f 9102 9098 9104
f 9098 9101 9104
f 9105 9108 9110
f 9105 9110 9109
f 9108 9112 9113
f 9108 9113 9110
f 9106 9111 9113
f 9106 9113 9112
f 9111 9115 9116
f 9111 9116 9113
f 9107 9114 9116
f 9107 9116 9115
f 9114 9109 9110
f 9114 9110 9116
f 9110 9113 9116
f 9117 9120 9122
f 9117 9122 9121
f 9120 9124 9125
f 9120 9125 9122
f 9118 9123 9125
f 9118 9125 9124
f 9123 9127 9128
f 9123 9128 9125
f 9119 9126 9128
f 9119 9128 9127
f 9126 9121 9122
f 9126 9122 9128
f 9122 9125 9128
f 9129 9132 9134
f 9129 9134 9133
f 9132 9136 9137
f 9132 9137 9134
f 9130 9135 9137
f 9130 9137 9136
f 9135 9139 9140
f 9135 9140 9137
f 9131 9138 9140
f 9131 9140 9139
f 9138 9133 9134
f 9138 9134 9140
f 9134 9137 9140
f 9141 9144 9146
f 9141 9146 9145
f 9144 9148 9149
f 9144 9149 9146
f 9142 9147 9149
f 9142 9149 9148
f 9147 9151 9152
f 9147 9152 9149
f 9143 9150 9152
f 9143 9152 9151
f 9150 9145 9146
f 9150 9146 9152
f 9146 9149 9152
f 9081 9057 9061
f 9081 9061 9084
f 9084 9061 9066
f 9084 9066 9088
f 9088 9066 9059
f 9088 9059 9082
f 9058 9069 9073
f 9058 9073 9063
f 9063 9073 9078
f 9063 9078 9067
f 9067 9078 9071
f 9067 9071 9059
f 9070 9093 9097
f 9070 9097 9075
f 9075 9097 9102
f 9075 9102 9079
f 9079 9102 9095
f 9079 9095 9071
f 9094 9083 9091
f 9094 9091 9099
f 9099 9091 9087
f 9099 9087 9103
f 9103 9087 9082
f 9103 9082 9095
f 9129 9081 9085
f 9129 9085 9132
f 9132 9085 9090
f 9132 9090 9136
f 9136 9090 9083
f 9136 9083 9130
f 9093 9141 9145
f 9093 9145 9096
f 9096 9145 9150
f 9096 9150 9100
f 9100 9150 9143
f 9100 9143 9094
f 9142 9131 9139
f 9142 9139 9147
f 9147 9139 9135
f 9147 9135 9151
f 9151 9135 9130
f 9151 9130 9143
f 9105 9129 9133
f 9105 9133 9108
f 9108 9133 9138
f 9108 9138 9112
f 9112 9138 9131
f 9112 9131 9106
f 9141 9117 9121
f 9141 9121 9144
f 9144 9121 9126
f 9144 9126 9148
f 9148 9126 9119
f 9148 9119 9142
f 9118 9107 9115
f 9118 9115 9123
f 9123 9115 9111
f 9123 9111 9127
f 9127 9111 9106
f 9127 9106 9119
f 9057 9105 9109
f 9057 9109 9060
f 9060 9109 9114
f 9060 9114 9064
f 9064 9114 9107
f 9064 9107 9058
f 9117 9070 9076
f 9117 9076 9120
f 9120 9076 9072
f 9120 9072 9124
f 9124 9072 9069
f 9124 9069 9118
f 9081 9129 9105
f 9081 9105 9057
f 9059 9071 9095
f 9059 9095 9082
f 9107 9118 9069
f 9107 9069 9058
f 9141 9093 9070
f 9141 9070 9117
f 9083 9094 9143
f 9083 9143 9130
f 9131 9142 9119
f 9131 9119 9106
v -0.8470000 0.2700000 0.5000000
v -0.8470000 0.2670000 0.5030000
v -0.8500000 0.2700000 0.5030000
v -0.8470000 0.2685020 0.5004008
v -0.8484980 0.2700000 0.5004008
v -0.8484346 0.2685654 0.5007901
v -0.8484980 0.2674008 0.5030000
v -0.8470000 0.2674008 0.5015020
v -0.8484346 0.2677901 0.5015654
v -0.8495992 0.2700000 0.5015020
v -0.8495992 0.2685020 0.5030000
v -0.8492099 0.2685654 0.5015654
v -0.8470000 0.2670000 0.7170000
v -0.8470000 0.2700000 0.7200000
v -0.8500000 0.2700000 0.7170000
v -0.8470000 0.2674008 0.7184981
v -0.8484980 0.2674008 0.7170000
v -0.8484346 0.2677901 0.7184346
v -0.8484980 0.2700000 0.7195992
v -0.8470000 0.2685020 0.7195992
v -0.8484346 0.2685654 0.7192099
v -0.8495992 0.2685020 0.7170000
v -0.8495992 0.2700000 0.7184981
v -0.8492099 0.2685654 0.7184346
v -0.8470000 0.2760000 0.5000000
v -0.8500000 0.2760000 0.5030000
v -0.8470000 0.2790000 0.5030000
v -0.8484980 0.2760000 0.5004008
v -0.8470000 0.2774980 0.5004008
v -0.8484346 0.2774346 0.5007901
v -0.8495992 0.2774980 0.5030000
v -0.8495992 0.2760000 0.5015020
v -0.8492099 0.2774346 0.5015654
v -0.8470000 0.2785992 0.5015020
v -0.8484980 0.2785992 0.5030000
v -0.8484346 0.2782099 0.5015654
v -0.8470000 0.2760000 0.7200000
v -0.8470000 0.2790000 0.7170000
v -0.8500000 0.2760000 0.7170000
v -0.8470000 0.2774980 0.7195992
v -0.8484980 0.2760000 0.7195992
v -0.8484346 0.2774346 0.7192099
v -0.8484980 0.2785992 0.7170000
v -0.8470000 0.2785992 0.7184981
v -0.8484346 0.2782099 0.7184346
v -0.8495992 0.2760000 0.7184981
v -0.8495992 0.2774980 0.7170000
v -0.8492099 0.2774346 0.7184346
v -0.3030000 0.2700000 0.5000000
v -0.3000000 0.2700000 0.5030000
v -0.3030000 0.2670000 0.5030000
v -0.3015020 0.2700000 0.5004008
v -0.3030000 0.2685020 0.5004008
v -0.3015653 0.2685654 0.5007901
v -0.3004008 0.2685020 0.5030000
v -0.3004008 0.2700000 0.5015020
v -0.3007901 0.2685654 0.5015654
v -0.3030000 0.2674008 0.5015020
v -0.3015020 0.2674008 0.5030000
v -0.3015653 0.2677901 0.5015654
v -0.3030000 0.2700000 0.7200000
v -0.3030000 0.2670000 0.7170000
v -0.3000000 0.2700000 0.7170000
v -0.3030000 0.2685020 0.7195992
v -0.3015020 0.2700000 0.7195992
v -0.3015653 0.2685654 0.7192099
v -0.3015020 0.2674008 0.7170000
v -0.3030000 0.2674008 0.7184981
v -0.3015653 0.2677901 0.7184346
v -0.3004008 0.2700000 0.7184981
v -0.3004008 0.2685020 0.7170000
v -0.3007901 0.2685654 0.7184346
v -0.3030000 0.2760000 0.5000000
v -0.3030000 0.2790000 0.5030000
v -0.3000000 0.2760000 0.5030000
v -0.3030000 0.2774980 0.5004008
v -0.3015020 0.2760000 0.5004008
v -0.3015653 0.2774346 0.5007901
v -0.3015020 0.2785992 0.5030000
v -0.3030000 0.2785992 0.5015020
v -0.3015653 0.2782099 0.5015654
v -0.3004008 0.2760000 0.5015020
v -0.3004008 0.2774980 0.5030000
v -0.3007901 0.2774346 0.5015654
v -0.3030000 0.2760000 0.7200000
v -0.3000000 0.2760000 0.7170000
v -0.3030000 0.2790000 0.7170000
v -0.3015020 0.2760000 0.7195992
v -0.3030000 0.2774980 0.7195992
v -0.3015653 0.2774346 0.7192099
v -0.3004008 0.2774980 0.7170000
v -0.3004008 0.2760000 0.7184981
v -0.3007901 0.2774346 0.7184346
v -0.3030000 0.2785992 0.7184981
v -0.3015020 0.2785992 0.7170000
v -0.3015653 0.2782099 0.7184346
f 9153 9156 9158
f 9153 9158 9157
f 9156 9160 9161
f 9156 9161 9158
f 9154 9159 9161
f 9154 9161 9160
f 9159 9163 9164
f 9159 9164 9161
f 9155 9162 9164
f 9155 9164 9163
f 9162 9157 9158
f 9162 9158 9164
f 9158 9161 9164
f 9165 9168 9170
f 9165 9170 9169
f 9168 9172 9173
f 9168 9173 9170
f 9166 9171 9173
f 9166 9173 9172
f 9171 9175 9176
f 9171 9176 9173
f 9167 9174 9176
f 9167 9176 9175
f 9174 9169 9170
f 9174 9170 9176
f 9170 9173 9176
f 9177 9180 9182
f 9177 9182 9181
f 9180 9184 9185
f 9180 9185 9182
f 9178 9183 9185
f 9178 9185 9184
f 9183 9187 9188
f 9183 9188 9185
f 9179 9186 9188
f 9179 9188 9187
f 9186 9181 9182
f 9186 9182 9188
f 9182 9185 9188
f 9189 9192 9194
f 9189 9194 9193
f 9192 9196 9197
f 9192 9197 9194
f 9190 9195 9197
f 9190 9197 9196
f 9195 9199 9200
f 9195 9200 9197
f 9191 9198 9200
f 9191 9200 9199
f 9198 9193 9194
f 9198 9194 9200
f 9194 9197 9200
f 9201 9204 9206
f 9201 9206 9205
f 9204 9208 9209
f 9204 9209 9206
f 9202 9207 9209
f 9202 9209 9208
f 9207 9211 9212
f 9207 9212 9209
f 9203 9210 9212
f 9203 9212 9211
f 9210 9205 9206
f 9210 9206 9212
f 9206 9209 9212
f 9213 9216 9218
f 9213 9218 9217
f 9216 9220 9221
f 9216 9221 9218
f 9214 9219 9221
f 9214 9221 9220
f 9219 9223 9224
f 9219 9224 9221
f 9215 9222 9224
f 9215 9224 9223
f 9222 9217 9218
f 9222 9218 9224
f 9218 9221 9224
f 9225 9228 9230
f 9225 9230 9229
f 9228 9232 9233
f 9228 9233 9230
f 9226 9231 9233
f 9226 9233 9232
f 9231 9235 9236
f 9231 9236 9233
f 9227 9234 9236
f 9227 9236 9235
f 9234 9229 9230
f 9234 9230 9236
f 9230 9233 9236
f 9237 9240 9242
f 9237 9242 9241
f 9240 9244 9245
f 9240 9245 9242
f 9238 9243 9245
f 9238 9245 9244
f 9243 9247 9248
f 9243 9248 9245
f 9239 9246 9248
f 9239 9248 9247
f 9246 9241 9242
f 9246 9242 9248
f 9242 9245 9248
f 9177 9153 9157
f 9177 9157 9180
f 9180 9157 9162
f 9180 9162 9184
f 9184 9162 9155
f 9184 9155 9178
f 9154 9165 9169
f 9154 9169 9159
f 9159 9169 9174
f 9159 9174 9163
f 9163 9174 9167
f 9163 9167 9155
f 9166 9189 9193
f 9166 9193 9171
f 9171 9193 9198
f 9171 9198 9175
f 9175 9198 9191
f 9175 9191 9167
f 9190 9179 9187
f 9190 9187 9195
f 9195 9187 9183
f 9195 9183 9199
f 9199 9183 9178
f 9199 9178 9191
f 9225 9177 9181
f 9225 9181 9228
f 9228 9181 9186
f 9228 9186 9232
f 9232 9186 9179
f 9232 9179 9226
f 9189 9237 9241
f 9189 9241 9192
f 9192 9241 9246
f 9192 9246 9196
f 9196 9246 9239
f 9196 9239 9190
f 9238 9227 9235
f 9238 9235 9243
f 9243 9235 9231
f 9243 9231 9247
f 9247 9231 9226
f 9247 9226 9239
f 9201 9225 9229
f 9201 9229 9204
f 9204 9229 9234
f 9204 9234 9208
f 9208 9234 9227
f 9208 9227 9202
f 9237 9213 9217
f 9237 9217 9240
f 9240 9217 9222
f 9240 9222 9244
f 9244 9222 9215
f 9244 9215 9238
f 9214 9203 9211
f 9214 9211 9219
f 9219 9211 9207
f 9219 9207 9223
f 9223 9207 9202
f 9223 9202 9215
f 9153 9201 9205
f 9153 9205 9156
f 9156 9205 9210
f 9156 9210 9160
f 9160 9210 9203
f 9160 9203 9154
f 9213 9166 9172
f 9213 9172 9216
f 9216 9172 9168
f 9216 9168 9220
f 9220 9168 9165
f 9220 9165 9214
f 9177 9225 9201
f 9177 9201 9153
f 9155 9167 9191
f 9155 9191 9178
f 9203 9214 9165
f 9203 9165 9154
f 9237 9189 9166
f 9237 9166 9213
f 9179 9190 9239
f 9179 9239 9226
f 9227 9238 9215
f 9227 9215 9202
v -0.8580000 -0.2770000 0.5000000
v -0.8580000 -0.2800000 0.5030000
v -0.8610000 -0.2770000 0.5030000
v -0.8580000 -0.2784980 0.5004008
v -0.8594980 -0.2770000 0.5004008
v -0.8594347 -0.2784346 0.5007901
v -0.8594980 -0.2795992 0.5030000
v -0.8580000 -0.2795992 0.5015020
v -0.8594347 -0.2792099 0.5015654
v -0.8605992 -0.2770000 0.5015020
v -0.8605992 -0.2784980 0.5030000
v -0.8602099 -0.2784346 0.5015654
v -0.8580000 -0.2800000 0.7170000
v -0.8580000 -0.2770000 0.7200000
v -0.8610000 -0.2770000 0.7170000
v -0.8580000 -0.2795992 0.7184981
v -0.8594980 -0.2795992 0.7170000
v -0.8594347 -0.2792099 0.7184346
v -0.8594980 -0.2770000 0.7195992
v -0.8580000 -0.2784980 0.7195992
v -0.8594347 -0.2784346 0.7192099
v -0.8605992 -0.2784980 0.7170000
v -0.8605992 -0.2770000 0.7184981
v -0.8602099 -0.2784346 0.7184346
v -0.8580000 0.2770000 0.5000000
v -0.8610000 0.2770000 0.5030000
v -0.8580000 0.2800000 0.5030000
v -0.8594980 0.2770000 0.5004008
v -0.8580000 0.2784980 0.5004008
v -0.8594347 0.2784346 0.5007901
v -0.8605992 0.2784980 0.5030000
v -0.8605992 0.2770000 0.5015020
v -0.8602099 0.2784346 0.5015654
v -0.8580000 0.2795992 0.5015020
v -0.8594980 0.2795992 0.5030000
v -0.8594347 0.2792099 0.5015654
v -0.8580000 0.2770000 0.7200000
v -0.8580000 0.2800000 0.7170000
v -0.8610000 0.2770000 0.7170000
v -0.8580000 0.2784980 0.7195992
v -0.8594980 0.2770000 0.7195992
v -0.8594347 0.2784346 0.7192099
v -0.8594980 0.2795992 0.7170000
v -0.8580000 0.2795992 0.7184981
v -0.8594347 0.2792099 0.7184346
v -0.8605992 0.2770000 0.7184981
v -0.8605992 0.2784980 0.7170000
v -0.8602099 0.2784346 0.7184346
v -0.8520000 -0.2770000 0.5000000
v -0.8490000 -0.2770000 0.5030000
v -0.8520000 -0.2800000 0.5030000
v -0.8505020 -0.2770000 0.5004008
v -0.8520000 -0.2784980 0.5004008
v -0.8505654 -0.2784346 0.5007901
v -0.8494008 -0.2784980 0.5030000
v -0.8494008 -0.2770000 0.5015020
v -0.8497901 -0.2784346 0.5015654
v -0.8520000 -0.2795992 0.5015020
v -0.8505020 -0.2795992 0.5030000
v -0.8505654 -0.2792099 0.5015654
v -0.8520000 -0.2770000 0.7200000
v -0.8520000 -0.2800000 0.7170000
v -0.8490000 -0.2770000 0.7170000
v -0.8520000 -0.2784980 0.7195992
v -0.8505020 -0.2770000 0.7195992
v -0.8505654 -0.2784346 0.7192099
v -0.8505020 -0.2795992 0.7170000
v -0.8520000 -0.2795992 0.7184981
v -0.8505654 -0.2792099 0.7184346
v -0.8494008 -0.2770000 0.7184981
v -0.8494008 -0.2784980 0.7170000
v -0.8497901 -0.2784346 0.7184346
v -0.8520000 0.2770000 0.5000000
v -0.8520000 0.2800000 0.5030000
v -0.8490000 0.2770000 0.5030000
v -0.8520000 0.2784980 0.5004008
v -0.8505020 0.2770000 0.5004008
v -0.8505654 0.2784346 0.5007901
v -0.8505020 0.2795992 0.5030000
v -0.8520000 0.2795992 0.5015020
v -0.8505654 0.2792099 0.5015654
v -0.8494008 0.2770000 0.5015020
v -0.8494008 0.2784980 0.5030000
v -0.8497901 0.2784346 0.5015654
v -0.8520000 0.2770000 0.7200000
v -0.8490000 0.2770000 0.7170000
v -0.8520000 0.2800000 0.7170000
v -0.8505020 0.2770000 0.7195992
v -0.8520000 0.2784980 0.7195992
v -0.8505654 0.2784346 0.7192099
v -0.8494008 0.2784980 0.7170000
v -0.8494008 0.2770000 0.7184981
v -0.8497901 0.2784346 0.7184346
v -0.8520000 0.2795992 0.7184981
v -0.8505020 0.2795992 0.7170000
v -0.8505654 0.2792099 0.7184346
f 9249 9252 9254
f 9249 9254 9253
f 9252 9256 9257
f 9252 9257 9254
f 9250 9255 9257
f 9250 9257 9256
f 9255 9259 9260
f 9255 9260 9257
f 9251 9258 9260
f 9251 9260 9259
f 9258 9253 9254
f 9258 9254 9260
f 9254 9257 9260
f 9261 9264 9266
f 9261 9266 9265
f 9264 9268 9269
f 9264 9269 9266
f 9262 9267 9269
f 9262 9269 9268
f 9267 9271 9272
f 9267 9272 9269
f 9263 9270 9272
f 9263 9272 9271
f 9270 9265 9266
f 9270 9266 9272
f 9266 9269 9272
f 9273 9276 9278
f 9273 9278 9277
f 9276 9280 9281
f 9276 9281 9278
f 9274 9279 9281
f 9274 9281 9280
f 9279 9283 9284
f 9279 9284 9281
f 9275 9282 9284
f 9275 9284 9283
f 9282 9277 9278
f 9282 9278 9284
f 9278 9281 9284
f 9285 9288 9290
f 9285 9290 9289
f 9288 9292 9293
f 9288 9293 9290
f 9286 9291 9293
f 9286 9293 9292
f 9291 9295 9296
f 9291 9296 9293
f 9287 9294 9296
f 9287 9296 9295
f 9294 9289 9290
f 9294 9290 9296
f 9290 9293 9296
f 9297 9300 9302
f 9297 9302 9301
f 9300 9304 9305
f 9300 9305 9302
f 9298 9303 9305
f 9298 9305 9304
f 9303 9307 9308
f 9303 9308 9305
f 9299 9306 9308
f 9299 9308 9307
f 9306 9301 9302
f 9306 9302 9308
f 9302 9305 9308
f 9309 9312 9314
f 9309 9314 9313
f 9312 9316 9317
f 9312 9317 9314
f 9310 9315 9317
f 9310 9317 9316
f 9315 9319 9320
f 9315 9320 9317
f 9311 9318 9320
f 9311 9320 9319
f 9318 9313 9314
f 9318 9314 9320
f 9314 9317 9320
f 9321 9324 9326
f 9321 9326 9325
f 9324 9328 9329
f 9324 9329 9326
f 9322 9327 9329
f 9322 9329 9328
f 9327 9331 9332
f 9327 9332 9329
f 9323 9330 9332
f 9323 9332 9331
f 9330 9325 9326
f 9330 9326 9332
f 9326 9329 9332
f 9333 9336 9338
f 9333 9338 9337
f 9336 9340 9341
f 9336 9341 9338
f 9334 9339 9341
f 9334 9341 9340
f 9339 9343 9344
f 9339 9344 9341
f 9335 9342 9344
f 9335 9344 9343
f 9342 9337 9338
f 9342 9338 9344
f 9338 9341 9344
f 9273 9249 9253
f 9273 9253 9276
f 9276 9253 9258
f 9276 9258 9280
f 9280 9258 9251
f 9280 9251 9274
f 9250 9261 9265
f 9250 9265 9255
f 9255 9265 9270
f 9255 9270 9259
f 9259 9270 9263
f 9259 9263 9251
f 9262 9285 9289
f 9262 9289 9267
f 9267 9289 9294
f 9267 9294 9271
f 9271 9294 9287
f 9271 9287 9263
f 9286 9275 9283
f 9286 9283 9291
f 9291 9283 9279
f 9291 9279 9295
f 9295 9279 9274
f 9295 9274 9287
f 9321 9273 9277
f 9321 9277 9324
f 9324 9277 9282
f 9324 9282 9328
f 9328 9282 9275
f 9328 9275 9322
f 9285 9333 9337
f 9285 9337 9288
f 9288 9337 9342
f 9288 9342 9292
f 9292 9342 9335
f 9292 9335 9286
f 9334 9323 9331
f 9334 9331 9339
f 9339 9331 9327
f 9339 9327 9343
f 9343 9327 9322
f 9343 9322 9335
f 9297 9321 9325
f 9297 9325 9300
f 9300 9325 9330
f 9300 9330 9304
f 9304 9330 9323
f 9304 9323 9298
f 9333 9309 9313
f 9333 9313 9336
f 9336 9313 9318
f 9336 9318 9340
f 9340 9318 9311
f 9340 9311 9334
f 9310 9299 9307
f 9310 9307 9315
f 9315 9307 9303
f 9315 9303 9319
f 9319 9303 9298
f 9319 9298 9311
f 9249 9297 9301
f 9249 9301 9252
f 9252 9301 9306
f 9252 9306 9256
f 9256 9306 9299
f 9256 9299 9250
f 9309 9262 9268
f 9309 9268 9312
f 9312 9268 9264
f 9312 9264 9316
f 9316 9264 9261
f 9316 9261 9310
f 9273 9321 9297
f 9273 9297 9249
f 9251 9263 9287
f 9251 9287 9274
f 9299 9310 9261
f 9299 9261 9250
f 9333 9285 9262
f 9333 9262 9309
f 9275 9286 9335
f 9275 9335 9322
f 9323 9334 9311
f 9323 9311 9298
