v 0.2750000 0.0000000 0.0000000
v 0.2725885 -0.0090000 0.0000000
v 0.2660000 -0.0155885 0.0000000
v 0.2570000 -0.0180000 0.0000000
v 0.2480000 -0.0155885 0.0000000
v 0.2414116 -0.0090000 0.0000000
v 0.2390000 0.0000000 0.0000000
v 0.2414116 0.0090000 0.0000000
v 0.2480000 0.0155885 0.0000000
v 0.2570000 0.0180000 0.0000000
v 0.2660000 0.0155885 0.0000000
v 0.2725885 0.0090000 0.0000000
v 0.2744112 0.0000000 0.0179859
v 0.2720048 -0.0090000 0.0178282
v 0.2654305 -0.0155885 0.0173973
v 0.2564498 -0.0180000 0.0168086
v 0.2474691 -0.0155885 0.0162200
v 0.2408947 -0.0090000 0.0157891
v 0.2384883 0.0000000 0.0156314
v 0.2408947 0.0090000 0.0157891
v 0.2474691 0.0155885 0.0162200
v 0.2564498 0.0180000 0.0168086
v 0.2654305 0.0155885 0.0173973
v 0.2720048 0.0090000 0.0178282
v 0.2726474 0.0000000 0.0358947
v 0.2702564 -0.0090000 0.0355799
v 0.2637243 -0.0155885 0.0347200
v 0.2548014 -0.0180000 0.0335452
v 0.2458783 -0.0155885 0.0323705
v 0.2393463 -0.0090000 0.0315105
v 0.2369553 0.0000000 0.0311958
v 0.2393463 0.0090000 0.0315105
v 0.2458783 0.0155885 0.0323705
v 0.2548014 0.0180000 0.0335452
v 0.2637243 0.0155885 0.0347200
v 0.2702564 0.0090000 0.0355799
v 0.2697159 0.0000000 0.0536499
v 0.2673508 -0.0090000 0.0531794
v 0.2608889 -0.0155885 0.0518940
v 0.2520618 -0.0180000 0.0501382
v 0.2432348 -0.0155885 0.0483824
v 0.2367729 -0.0090000 0.0470971
v 0.2344077 0.0000000 0.0466266
v 0.2367729 0.0090000 0.0470971
v 0.2432348 0.0155885 0.0483824
v 0.2520618 0.0180000 0.0501382
v 0.2608889 0.0155885 0.0518940
v 0.2673508 0.0090000 0.0531794
v 0.2656296 0.0000000 0.0711752
v 0.2633003 -0.0090000 0.0705511
v 0.2569363 -0.0155885 0.0688459
v 0.2482430 -0.0180000 0.0665165
v 0.2395496 -0.0155885 0.0641871
v 0.2331856 -0.0090000 0.0624819
v 0.2308563 0.0000000 0.0618577
v 0.2331856 0.0090000 0.0624819
v 0.2395496 0.0155885 0.0641871
v 0.2482430 0.0180000 0.0665165
v 0.2569363 0.0155885 0.0688458
v 0.2633003 0.0090000 0.0705511
v 0.2604058 0.0000000 0.0883959
v 0.2581222 -0.0090000 0.0876207
v 0.2518834 -0.0155885 0.0855029
v 0.2433610 -0.0180000 0.0826100
v 0.2348386 -0.0155885 0.0797170
v 0.2285999 -0.0090000 0.0775992
v 0.2263163 0.0000000 0.0768240
v 0.2285999 0.0090000 0.0775992
v 0.2348386 0.0155885 0.0797170
v 0.2433610 0.0180000 0.0826100
v 0.2518834 0.0155885 0.0855029
v 0.2581222 0.0090000 0.0876207
v 0.2540668 0.0000000 0.1052379
v 0.2518389 -0.0090000 0.1043151
v 0.2457520 -0.0155885 0.1017938
v 0.2374370 -0.0180000 0.0983496
v 0.2291222 -0.0155885 0.0949055
v 0.2230352 -0.0090000 0.0923842
v 0.2208072 0.0000000 0.0914613
v 0.2230352 0.0090000 0.0923842
v 0.2291222 0.0155885 0.0949055
v 0.2374370 0.0180000 0.0983496
v 0.2457520 0.0155885 0.1017938
v 0.2518389 0.0090000 0.1043151
v 0.2466400 0.0000000 0.1216294
v 0.2444772 -0.0090000 0.1205628
v 0.2385682 -0.0155885 0.1176488
v 0.2304963 -0.0180000 0.1136682
v 0.2224244 -0.0155885 0.1096876
v 0.2165154 -0.0090000 0.1067736
v 0.2143526 0.0000000 0.1057070
v 0.2165154 0.0090000 0.1067736
v 0.2224244 0.0155885 0.1096876
v 0.2304963 0.0180000 0.1136682
v 0.2385682 0.0155885 0.1176488
v 0.2444772 0.0090000 0.1205628
v 0.2381569 0.0000000 0.1375000
v 0.2360685 -0.0090000 0.1362943
v 0.2303628 -0.0155884 0.1330000
v 0.2225685 -0.0180000 0.1285000
v 0.2147743 -0.0155884 0.1240000
v 0.2090685 -0.0090000 0.1207058
v 0.2069801 0.0000000 0.1195000
v 0.2090685 0.0090000 0.1207058
v 0.2147743 0.0155885 0.1240000
v 0.2225685 0.0180000 0.1285000
v 0.2303628 0.0155885 0.1330000
v 0.2360685 0.0090000 0.1362942
v 0.2286541 0.0000000 0.1527818
v 0.2266490 -0.0090000 0.1514421
v 0.2211709 -0.0155884 0.1477817
v 0.2136877 -0.0180000 0.1427816
v 0.2062044 -0.0155884 0.1377814
v 0.2007264 -0.0090000 0.1341211
v 0.1987213 0.0000000 0.1327813
v 0.2007264 0.0090000 0.1341211
v 0.2062044 0.0155885 0.1377814
v 0.2136877 0.0180000 0.1427816
v 0.2211709 0.0155885 0.1477817
v 0.2266490 0.0090000 0.1514420
v 0.2181722 0.0000000 0.1674094
v 0.2162590 -0.0090000 0.1659413
v 0.2110320 -0.0155884 0.1619305
v 0.2038919 -0.0180000 0.1564517
v 0.1967517 -0.0155884 0.1509728
v 0.1915246 -0.0090000 0.1469620
v 0.1896114 0.0000000 0.1454940
v 0.1915246 0.0090000 0.1469620
v 0.1967517 0.0155885 0.1509728
v 0.2038919 0.0180000 0.1564516
v 0.2110320 0.0155885 0.1619305
v 0.2162590 0.0090000 0.1659413
v 0.2067560 0.0000000 0.1813201
v 0.2049428 -0.0090000 0.1797301
v 0.1999894 -0.0155884 0.1753860
v 0.1932229 -0.0180000 0.1694519
v 0.1864563 -0.0155884 0.1635178
v 0.1815028 -0.0090000 0.1591737
v 0.1796898 0.0000000 0.1575836
v 0.1815028 0.0090000 0.1591737
v 0.1864563 0.0155885 0.1635177
v 0.1932229 0.0180000 0.1694519
v 0.1999894 0.0155885 0.1753860
v 0.2049428 0.0090000 0.1797301
v 0.1944543 0.0000000 0.1944544
v 0.1927491 -0.0090000 0.1927492
v 0.1880904 -0.0155884 0.1880904
v 0.1817265 -0.0180000 0.1817265
v 0.1753625 -0.0155884 0.1753625
v 0.1707038 -0.0090000 0.1707037
v 0.1689985 0.0000000 0.1689985
v 0.1707038 0.0090000 0.1707037
v 0.1753625 0.0155885 0.1753625
v 0.1817265 0.0180000 0.1817265
v 0.1880904 0.0155885 0.1880904
v 0.1927491 0.0090000 0.1927491
v 0.1813201 0.0000000 0.2067559
v 0.1797301 -0.0090000 0.2049429
v 0.1753860 -0.0155884 0.1999894
v 0.1694518 -0.0180000 0.1932228
v 0.1635178 -0.0155884 0.1864563
v 0.1591737 -0.0090000 0.1815028
v 0.1575836 0.0000000 0.1796897
v 0.1591737 0.0090000 0.1815028
v 0.1635178 0.0155885 0.1864563
v 0.1694518 0.0180000 0.1932228
v 0.1753860 0.0155885 0.1999894
v 0.1797301 0.0090000 0.2049428
v 0.1674094 0.0000000 0.2181721
v 0.1659414 -0.0090000 0.2162589
v 0.1619306 -0.0155884 0.2110320
v 0.1564517 -0.0180000 0.2038918
v 0.1509728 -0.0155884 0.1967516
v 0.1469620 -0.0090000 0.1915246
v 0.1454940 0.0000000 0.1896114
v 0.1469620 0.0090000 0.1915246
v 0.1509728 0.0155885 0.1967516
v 0.1564517 0.0180000 0.2038918
v 0.1619306 0.0155885 0.2110319
v 0.1659414 0.0090000 0.2162589
v 0.1527818 0.0000000 0.2286542
v 0.1514421 -0.0090000 0.2266491
v 0.1477816 -0.0155884 0.2211710
v 0.1427815 -0.0180000 0.2136877
v 0.1377814 -0.0155884 0.2062045
v 0.1341211 -0.0090000 0.2007264
v 0.1327813 0.0000000 0.1987213
v 0.1341211 0.0090000 0.2007264
v 0.1377814 0.0155885 0.2062045
v 0.1427815 0.0180000 0.2136877
v 0.1477816 0.0155885 0.2211709
v 0.1514421 0.0090000 0.2266490
v 0.1374999 0.0000000 0.2381570
v 0.1362942 -0.0090000 0.2360686
v 0.1330000 -0.0155884 0.2303628
v 0.1285000 -0.0180000 0.2225685
v 0.1240000 -0.0155884 0.2147743
v 0.1207057 -0.0090000 0.2090685
v 0.1195000 0.0000000 0.2069801
v 0.1207057 0.0090000 0.2090685
v 0.1240000 0.0155885 0.2147743
v 0.1285000 0.0180000 0.2225685
v 0.1330000 0.0155885 0.2303627
v 0.1362942 0.0090000 0.2360685
v 0.1216294 0.0000000 0.2466400
v 0.1205628 -0.0090000 0.2444772
v 0.1176488 -0.0155884 0.2385682
v 0.1136682 -0.0180000 0.2304963
v 0.1096876 -0.0155884 0.2224244
v 0.1067736 -0.0090000 0.2165154
v 0.1057070 0.0000000 0.2143526
v 0.1067736 0.0090000 0.2165154
v 0.1096876 0.0155885 0.2224244
v 0.1136682 0.0180000 0.2304963
v 0.1176488 0.0155885 0.2385682
v 0.1205628 0.0090000 0.2444771
v 0.1052380 0.0000000 0.2540669
v 0.1043152 -0.0090000 0.2518389
v 0.1017939 -0.0155884 0.2457519
v 0.0983497 -0.0180000 0.2374370
v 0.0949055 -0.0155884 0.2291221
v 0.0923842 -0.0090000 0.2230352
v 0.0914614 0.0000000 0.2208072
v 0.0923842 0.0090000 0.2230352
v 0.0949055 0.0155885 0.2291221
v 0.0983497 0.0180000 0.2374370
v 0.1017939 0.0155885 0.2457519
v 0.1043152 0.0090000 0.2518388
v 0.0883958 0.0000000 0.2604058
v 0.0876206 -0.0090000 0.2581222
v 0.0855029 -0.0155884 0.2518834
v 0.0826099 -0.0180000 0.2433611
v 0.0797169 -0.0155884 0.2348387
v 0.0775992 -0.0090000 0.2285999
v 0.0768239 0.0000000 0.2263163
v 0.0775992 0.0090000 0.2285999
v 0.0797169 0.0155885 0.2348387
v 0.0826099 0.0180000 0.2433610
v 0.0855029 0.0155885 0.2518834
v 0.0876206 0.0090000 0.2581222
v 0.0711752 0.0000000 0.2656296
v 0.0705510 -0.0090000 0.2633003
v 0.0688459 -0.0155884 0.2569363
v 0.0665165 -0.0180000 0.2482429
v 0.0641872 -0.0155884 0.2395496
v 0.0624819 -0.0090000 0.2331856
v 0.0618577 0.0000000 0.2308563
v 0.0624819 0.0090000 0.2331856
v 0.0641872 0.0155885 0.2395496
v 0.0665165 0.0180000 0.2482429
v 0.0688459 0.0155885 0.2569363
v 0.0705510 0.0090000 0.2633002
v 0.0536499 0.0000000 0.2697159
v 0.0531794 -0.0090000 0.2673508
v 0.0518941 -0.0155884 0.2608889
v 0.0501382 -0.0180000 0.2520618
v 0.0483824 -0.0155884 0.2432347
v 0.0470971 -0.0090000 0.2367729
v 0.0466266 0.0000000 0.2344076
v 0.0470971 0.0090000 0.2367729
v 0.0483824 0.0155885 0.2432347
v 0.0501382 0.0180000 0.2520618
v 0.0518941 0.0155885 0.2608888
v 0.0531794 0.0090000 0.2673507
v 0.0358946 0.0000000 0.2726474
v 0.0355799 -0.0090000 0.2702564
v 0.0347199 -0.0155884 0.2637244
v 0.0335451 -0.0180000 0.2548014
v 0.0323704 -0.0155884 0.2458783
v 0.0315105 -0.0090000 0.2393462
v 0.0311958 0.0000000 0.2369553
v 0.0315105 0.0090000 0.2393462
v 0.0323704 0.0155885 0.2458783
v 0.0335451 0.0180000 0.2548013
v 0.0347199 0.0155885 0.2637244
v 0.0355799 0.0090000 0.2702564
v 0.0179858 0.0000000 0.2744112
v 0.0178281 -0.0090000 0.2720049
v 0.0173972 -0.0155884 0.2654305
v 0.0168086 -0.0180000 0.2564498
v 0.0162200 -0.0155884 0.2474690
v 0.0157890 -0.0090000 0.2408946
v 0.0156313 0.0000000 0.2384883
v 0.0157890 0.0090000 0.2408946
v 0.0162200 0.0155885 0.2474690
v 0.0168086 0.0180000 0.2564497
v 0.0173972 0.0155885 0.2654305
v 0.0178281 0.0090000 0.2720048
v 0.0000000 0.0000000 0.2750000
v 0.0000000 -0.0090000 0.2725885
v 0.0000000 -0.0155884 0.2660000
v 0.0000000 -0.0180000 0.2570000
v 0.0000000 -0.0155884 0.2480000
v 0.0000000 -0.0090000 0.2414115
v 0.0000000 0.0000000 0.2390000
v 0.0000000 0.0090000 0.2414115
v 0.0000000 0.0155885 0.2480000
v 0.0000000 0.0180000 0.2570000
v 0.0000000 0.0155885 0.2660000
v 0.0000000 0.0090000 0.2725885
v -0.0179858 0.0000000 0.2744112
v -0.0178281 -0.0090000 0.2720049
v -0.0173972 -0.0155884 0.2654305
v -0.0168085 -0.0180000 0.2564498
v -0.0162200 -0.0155884 0.2474690
v -0.0157890 -0.0090000 0.2408946
v -0.0156313 0.0000000 0.2384883
v -0.0157890 0.0090000 0.2408946
v -0.0162200 0.0155885 0.2474690
v -0.0168085 0.0180000 0.2564497
v -0.0173972 0.0155885 0.2654305
v -0.0178281 0.0090000 0.2720048
v -0.0358948 0.0000000 0.2726474
v -0.0355799 -0.0090000 0.2702564
v -0.0347201 -0.0155884 0.2637244
v -0.0335453 -0.0180000 0.2548014
v -0.0323706 -0.0155884 0.2458783
v -0.0315106 -0.0090000 0.2393462
v -0.0311958 0.0000000 0.2369553
v -0.0315106 0.0090000 0.2393462
v -0.0323706 0.0155885 0.2458783
v -0.0335453 0.0180000 0.2548013
v -0.0347201 0.0155885 0.2637243
v -0.0355799 0.0090000 0.2702564
v -0.0536498 0.0000000 0.2697159
v -0.0531794 -0.0090000 0.2673508
v -0.0518941 -0.0155884 0.2608889
v -0.0501382 -0.0180000 0.2520618
v -0.0483824 -0.0155884 0.2432347
v -0.0470971 -0.0090000 0.2367729
v -0.0466266 0.0000000 0.2344076
v -0.0470971 0.0090000 0.2367729
v -0.0483824 0.0155885 0.2432347
v -0.0501382 0.0180000 0.2520618
v -0.0518941 0.0155885 0.2608888
v -0.0531794 0.0090000 0.2673507
v -0.0711752 0.0000000 0.2656296
v -0.0705510 -0.0090000 0.2633003
v -0.0688459 -0.0155884 0.2569363
v -0.0665165 -0.0180000 0.2482429
v -0.0641870 -0.0155884 0.2395496
v -0.0624819 -0.0090000 0.2331857
v -0.0618577 0.0000000 0.2308563
v -0.0624819 0.0090000 0.2331856
v -0.0641870 0.0155885 0.2395496
v -0.0665165 0.0180000 0.2482429
v -0.0688459 0.0155885 0.2569363
v -0.0705510 0.0090000 0.2633002
v -0.0883960 0.0000000 0.2604057
v -0.0876207 -0.0090000 0.2581222
v -0.0855030 -0.0155884 0.2518834
v -0.0826100 -0.0180000 0.2433610
v -0.0797170 -0.0155884 0.2348386
v -0.0775993 -0.0090000 0.2285999
v -0.0768241 0.0000000 0.2263163
v -0.0775993 0.0090000 0.2285998
v -0.0797170 0.0155885 0.2348386
v -0.0826100 0.0180000 0.2433610
v -0.0855030 0.0155885 0.2518834
v -0.0876207 0.0090000 0.2581222
v -0.1052380 0.0000000 0.2540669
v -0.1043152 -0.0090000 0.2518389
v -0.1017938 -0.0155884 0.2457519
v -0.0983497 -0.0180000 0.2374370
v -0.0949055 -0.0155884 0.2291221
v -0.0923842 -0.0090000 0.2230352
v -0.0914613 0.0000000 0.2208072
v -0.0923842 0.0090000 0.2230352
v -0.0949055 0.0155885 0.2291221
v -0.0983497 0.0180000 0.2374370
v -0.1017938 0.0155885 0.2457519
v -0.1043152 0.0090000 0.2518389
v -0.1216294 0.0000000 0.2466400
v -0.1205628 -0.0090000 0.2444772
v -0.1176487 -0.0155884 0.2385682
v -0.1136682 -0.0180000 0.2304963
v -0.1096876 -0.0155884 0.2224244
v -0.1067736 -0.0090000 0.2165155
v -0.1057069 0.0000000 0.2143526
v -0.1067736 0.0090000 0.2165154
v -0.1096876 0.0155885 0.2224244
v -0.1136682 0.0180000 0.2304963
v -0.1176487 0.0155885 0.2385682
v -0.1205628 0.0090000 0.2444772
v -0.1374999 0.0000000 0.2381570
v -0.1362942 -0.0090000 0.2360686
v -0.1330000 -0.0155884 0.2303628
v -0.1285000 -0.0180000 0.2225686
v -0.1240000 -0.0155884 0.2147743
v -0.1207057 -0.0090000 0.2090686
v -0.1194999 0.0000000 0.2069801
v -0.1207057 0.0090000 0.2090685
v -0.1240000 0.0155885 0.2147743
v -0.1285000 0.0180000 0.2225685
v -0.1330000 0.0155885 0.2303628
v -0.1362942 0.0090000 0.2360686
v -0.1527817 0.0000000 0.2286542
v -0.1514419 -0.0090000 0.2266491
v -0.1477816 -0.0155884 0.2211710
v -0.1427815 -0.0180000 0.2136877
v -0.1377814 -0.0155884 0.2062045
v -0.1341211 -0.0090000 0.2007264
v -0.1327811 0.0000000 0.1987213
v -0.1341211 0.0090000 0.2007264
v -0.1377814 0.0155885 0.2062045
v -0.1427815 0.0180000 0.2136877
v -0.1477816 0.0155885 0.2211710
v -0.1514419 0.0090000 0.2266491
v -0.1674094 0.0000000 0.2181722
v -0.1659414 -0.0090000 0.2162590
v -0.1619306 -0.0155884 0.2110320
v -0.1564517 -0.0180000 0.2038918
v -0.1509728 -0.0155884 0.1967516
v -0.1469620 -0.0090000 0.1915247
v -0.1454940 0.0000000 0.1896114
v -0.1469620 0.0090000 0.1915246
v -0.1509728 0.0155885 0.1967516
v -0.1564517 0.0180000 0.2038918
v -0.1619306 0.0155885 0.2110320
v -0.1659414 0.0090000 0.2162589
v -0.1813201 0.0000000 0.2067560
v -0.1797301 -0.0090000 0.2049429
v -0.1753860 -0.0155884 0.1999894
v -0.1694518 -0.0180000 0.1932229
v -0.1635177 -0.0155884 0.1864563
v -0.1591736 -0.0090000 0.1815028
v -0.1575836 0.0000000 0.1796897
v -0.1591736 0.0090000 0.1815028
v -0.1635177 0.0155885 0.1864563
v -0.1694518 0.0180000 0.1932229
v -0.1753860 0.0155885 0.1999894
v -0.1797301 0.0090000 0.2049429
v -0.1944544 0.0000000 0.1944543
v -0.1927491 -0.0090000 0.1927491
v -0.1880904 -0.0155884 0.1880904
v -0.1817265 -0.0180000 0.1817264
v -0.1753625 -0.0155884 0.1753624
v -0.1707038 -0.0090000 0.1707037
v -0.1689986 0.0000000 0.1689985
v -0.1707038 0.0090000 0.1707037
v -0.1753625 0.0155885 0.1753624
v -0.1817265 0.0180000 0.1817264
v -0.1880904 0.0155885 0.1880904
v -0.1927491 0.0090000 0.1927491
v -0.2067560 0.0000000 0.1813201
v -0.2049428 -0.0090000 0.1797301
v -0.1999894 -0.0155884 0.1753860
v -0.1932229 -0.0180000 0.1694519
v -0.1864563 -0.0155884 0.1635177
v -0.1815028 -0.0090000 0.1591737
v -0.1796898 0.0000000 0.1575836
v -0.1815028 0.0090000 0.1591737
v -0.1864563 0.0155885 0.1635177
v -0.1932229 0.0180000 0.1694519
v -0.1999894 0.0155885 0.1753860
v -0.2049428 0.0090000 0.1797300
v -0.2181722 0.0000000 0.1674094
v -0.2162590 -0.0090000 0.1659414
v -0.2110320 -0.0155884 0.1619306
v -0.2038918 -0.0180000 0.1564517
v -0.1967516 -0.0155884 0.1509728
v -0.1915246 -0.0090000 0.1469620
v -0.1896114 0.0000000 0.1454940
v -0.1915246 0.0090000 0.1469620
v -0.1967516 0.0155885 0.1509728
v -0.2038918 0.0180000 0.1564517
v -0.2110320 0.0155885 0.1619305
v -0.2162590 0.0090000 0.1659413
v -0.2286541 0.0000000 0.1527819
v -0.2266490 -0.0090000 0.1514421
v -0.2211709 -0.0155884 0.1477817
v -0.2136877 -0.0180000 0.1427816
v -0.2062044 -0.0155884 0.1377814
v -0.2007264 -0.0090000 0.1341211
v -0.1987212 0.0000000 0.1327813
v -0.2007264 0.0090000 0.1341211
v -0.2062044 0.0155885 0.1377814
v -0.2136877 0.0180000 0.1427816
v -0.2211709 0.0155885 0.1477817
v -0.2266490 0.0090000 0.1514421
v -0.2381569 0.0000000 0.1375001
v -0.2360685 -0.0090000 0.1362943
v -0.2303628 -0.0155884 0.1330001
v -0.2225685 -0.0180000 0.1285001
v -0.2147743 -0.0155884 0.1240001
v -0.2090685 -0.0090000 0.1207058
v -0.2069800 0.0000000 0.1195001
v -0.2090685 0.0090000 0.1207058
v -0.2147743 0.0155885 0.1240000
v -0.2225685 0.0180000 0.1285000
v -0.2303628 0.0155885 0.1330000
v -0.2360685 0.0090000 0.1362943
v -0.2466400 0.0000000 0.1216294
v -0.2444772 -0.0090000 0.1205628
v -0.2385682 -0.0155885 0.1176488
v -0.2304963 -0.0180000 0.1136682
v -0.2224244 -0.0155885 0.1096876
v -0.2165154 -0.0090000 0.1067736
v -0.2143526 0.0000000 0.1057070
v -0.2165154 0.0090000 0.1067736
v -0.2224244 0.0155885 0.1096876
v -0.2304963 0.0180000 0.1136682
v -0.2385682 0.0155885 0.1176488
v -0.2444772 0.0090000 0.1205628
v -0.2540668 0.0000000 0.1052380
v -0.2518389 -0.0090000 0.1043151
v -0.2457520 -0.0155885 0.1017938
v -0.2374370 -0.0180000 0.0983497
v -0.2291222 -0.0155885 0.0949055
v -0.2230352 -0.0090000 0.0923842
v -0.2208072 0.0000000 0.0914614
v -0.2230352 0.0090000 0.0923842
v -0.2291222 0.0155885 0.0949055
v -0.2374370 0.0180000 0.0983497
v -0.2457520 0.0155885 0.1017938
v -0.2518389 0.0090000 0.1043151
v -0.2604058 0.0000000 0.0883958
v -0.2581223 -0.0090000 0.0876206
v -0.2518834 -0.0155885 0.0855028
v -0.2433611 -0.0180000 0.0826099
v -0.2348387 -0.0155885 0.0797169
v -0.2285999 -0.0090000 0.0775991
v -0.2263163 0.0000000 0.0768240
v -0.2285999 0.0090000 0.0775991
v -0.2348387 0.0155885 0.0797169
v -0.2433611 0.0180000 0.0826099
v -0.2518834 0.0155885 0.0855028
v -0.2581223 0.0090000 0.0876206
v -0.2656296 0.0000000 0.0711752
v -0.2633003 -0.0090000 0.0705511
v -0.2569363 -0.0155885 0.0688458
v -0.2482430 -0.0180000 0.0665165
v -0.2395496 -0.0155885 0.0641871
v -0.2331856 -0.0090000 0.0624819
v -0.2308563 0.0000000 0.0618577
v -0.2331856 0.0090000 0.0624819
v -0.2395496 0.0155885 0.0641871
v -0.2482430 0.0180000 0.0665165
v -0.2569363 0.0155885 0.0688458
v -0.2633003 0.0090000 0.0705510
v -0.2697159 0.0000000 0.0536498
v -0.2673508 -0.0090000 0.0531794
v -0.2608889 -0.0155885 0.0518940
v -0.2520618 -0.0180000 0.0501382
v -0.2432348 -0.0155885 0.0483824
v -0.2367729 -0.0090000 0.0470971
v -0.2344077 0.0000000 0.0466266
v -0.2367729 0.0090000 0.0470971
v -0.2432348 0.0155885 0.0483824
v -0.2520618 0.0180000 0.0501382
v -0.2608889 0.0155885 0.0518940
v -0.2673508 0.0090000 0.0531794
v -0.2726473 0.0000000 0.0358948
v -0.2702564 -0.0090000 0.0355800
v -0.2637243 -0.0155885 0.0347200
v -0.2548014 -0.0180000 0.0335453
v -0.2458783 -0.0155885 0.0323705
v -0.2393463 -0.0090000 0.0315106
v -0.2369553 0.0000000 0.0311958
v -0.2393463 0.0090000 0.0315106
v -0.2458783 0.0155885 0.0323705
v -0.2548014 0.0180000 0.0335453
v -0.2637243 0.0155885 0.0347200
v -0.2702564 0.0090000 0.0355800
v -0.2744112 0.0000000 0.0179859
v -0.2720048 -0.0090000 0.0178282
v -0.2654305 -0.0155885 0.0173973
v -0.2564497 -0.0180000 0.0168087
v -0.2474689 -0.0155885 0.0162200
v -0.2408947 -0.0090000 0.0157891
v -0.2384883 0.0000000 0.0156314
v -0.2408947 0.0090000 0.0157891
v -0.2474689 0.0155885 0.0162200
v -0.2564497 0.0180000 0.0168087
v -0.2654305 0.0155885 0.0173973
v -0.2720048 0.0090000 0.0178282
v -0.2750000 0.0000000 0.0000000
v -0.2725885 -0.0090000 0.0000000
v -0.2660000 -0.0155885 0.0000000
v -0.2570000 -0.0180000 0.0000000
v -0.2480000 -0.0155885 0.0000000
v -0.2414116 -0.0090000 0.0000000
v -0.2390000 0.0000000 0.0000000
v -0.2414116 0.0090000 0.0000000
v -0.2480000 0.0155885 0.0000000
v -0.2570000 0.0180000 0.0000000
v -0.2660000 0.0155885 0.0000000
v -0.2725885 0.0090000 0.0000000
v -0.2744112 0.0000000 -0.0179858
v -0.2720048 -0.0090000 -0.0178281
v -0.2654305 -0.0155885 -0.0173972
v -0.2564498 -0.0180000 -0.0168085
v -0.2474691 -0.0155885 -0.0162199
v -0.2408947 -0.0090000 -0.0157890
v -0.2384883 0.0000000 -0.0156313
v -0.2408947 0.0090000 -0.0157890
v -0.2474691 0.0155885 -0.0162199
v -0.2564498 0.0180000 -0.0168085
v -0.2654305 0.0155885 -0.0173972
v -0.2720048 0.0090000 -0.0178281
v -0.2726473 0.0000000 -0.0358947
v -0.2702564 -0.0090000 -0.0355800
v -0.2637243 -0.0155885 -0.0347200
v -0.2548014 -0.0180000 -0.0335453
v -0.2458783 -0.0155885 -0.0323705
v -0.2393463 -0.0090000 -0.0315106
v -0.2369553 0.0000000 -0.0311958
v -0.2393463 0.0090000 -0.0315106
v -0.2458783 0.0155885 -0.0323705
v -0.2548014 0.0180000 -0.0335453
v -0.2637243 0.0155885 -0.0347200
v -0.2702564 0.0090000 -0.0355800
v -0.2697159 0.0000000 -0.0536498
v -0.2673508 -0.0090000 -0.0531794
v -0.2608889 -0.0155885 -0.0518940
v -0.2520618 -0.0180000 -0.0501382
v -0.2432348 -0.0155885 -0.0483824
v -0.2367729 -0.0090000 -0.0470970
v -0.2344077 0.0000000 -0.0466266
v -0.2367729 0.0090000 -0.0470971
v -0.2432348 0.0155885 -0.0483824
v -0.2520618 0.0180000 -0.0501382
v -0.2608889 0.0155885 -0.0518940
v -0.2673508 0.0090000 -0.0531794
v -0.2656296 0.0000000 -0.0711752
v -0.2633003 -0.0090000 -0.0705511
v -0.2569363 -0.0155885 -0.0688458
v -0.2482430 -0.0180000 -0.0665165
v -0.2395496 -0.0155885 -0.0641871
v -0.2331856 -0.0090000 -0.0624819
v -0.2308563 0.0000000 -0.0618577
v -0.2331856 0.0090000 -0.0624819
v -0.2395496 0.0155885 -0.0641871
v -0.2482430 0.0180000 -0.0665165
v -0.2569363 0.0155885 -0.0688458
v -0.2633003 0.0090000 -0.0705511
v -0.2604058 0.0000000 -0.0883958
v -0.2581223 -0.0090000 -0.0876206
v -0.2518834 -0.0155885 -0.0855028
v -0.2433611 -0.0180000 -0.0826099
v -0.2348387 -0.0155885 -0.0797169
v -0.2285999 -0.0090000 -0.0775991
v -0.2263163 0.0000000 -0.0768240
v -0.2285999 0.0090000 -0.0775991
v -0.2348387 0.0155885 -0.0797169
v -0.2433611 0.0180000 -0.0826099
v -0.2518834 0.0155885 -0.0855028
v -0.2581223 0.0090000 -0.0876206
v -0.2540669 0.0000000 -0.1052378
v -0.2518389 -0.0090000 -0.1043150
v -0.2457520 -0.0155885 -0.1017937
v -0.2374371 -0.0180000 -0.0983495
v -0.2291222 -0.0155885 -0.0949054
v -0.2230352 -0.0090000 -0.0923841
v -0.2208072 0.0000000 -0.0914612
v -0.2230352 0.0090000 -0.0923841
v -0.2291222 0.0155885 -0.0949054
v -0.2374371 0.0180000 -0.0983496
v -0.2457520 0.0155885 -0.1017937
v -0.2518389 0.0090000 -0.1043150
v -0.2466400 0.0000000 -0.1216294
v -0.2444772 -0.0090000 -0.1205628
v -0.2385682 -0.0155885 -0.1176488
v -0.2304963 -0.0180000 -0.1136682
v -0.2224244 -0.0155885 -0.1096876
v -0.2165154 -0.0090000 -0.1067736
v -0.2143526 0.0000000 -0.1057070
v -0.2165154 0.0090000 -0.1067736
v -0.2224244 0.0155885 -0.1096876
v -0.2304963 0.0180000 -0.1136682
v -0.2385682 0.0155885 -0.1176488
v -0.2444772 0.0090000 -0.1205628
v -0.2381570 0.0000000 -0.1375000
v -0.2360686 -0.0090000 -0.1362942
v -0.2303628 -0.0155885 -0.1330000
v -0.2225685 -0.0180000 -0.1285000
v -0.2147744 -0.0155885 -0.1240000
v -0.2090685 -0.0090000 -0.1207057
v -0.2069801 0.0000000 -0.1195000
v -0.2090685 0.0090000 -0.1207057
v -0.2147744 0.0155885 -0.1240000
v -0.2225685 0.0180000 -0.1285000
v -0.2303628 0.0155885 -0.1330000
v -0.2360686 0.0090000 -0.1362942
v -0.2286541 0.0000000 -0.1527819
v -0.2266490 -0.0090000 -0.1514421
v -0.2211709 -0.0155885 -0.1477817
v -0.2136877 -0.0180000 -0.1427816
v -0.2062044 -0.0155885 -0.1377814
v -0.2007264 -0.0090000 -0.1341211
v -0.1987212 0.0000000 -0.1327813
v -0.2007264 0.0090000 -0.1341211
v -0.2062044 0.0155885 -0.1377814
v -0.2136877 0.0180000 -0.1427816
v -0.2211709 0.0155885 -0.1477817
v -0.2266490 0.0090000 -0.1514421
v -0.2181722 0.0000000 -0.1674094
v -0.2162590 -0.0090000 -0.1659413
v -0.2110320 -0.0155885 -0.1619305
v -0.2038918 -0.0180000 -0.1564517
v -0.1967516 -0.0155885 -0.1509728
v -0.1915246 -0.0090000 -0.1469620
v -0.1896114 0.0000000 -0.1454940
v -0.1915246 0.0090000 -0.1469620
v -0.1967516 0.0155885 -0.1509728
v -0.2038918 0.0180000 -0.1564517
v -0.2110320 0.0155885 -0.1619305
v -0.2162590 0.0090000 -0.1659413
v -0.2067560 0.0000000 -0.1813201
v -0.2049428 -0.0090000 -0.1797300
v -0.1999894 -0.0155885 -0.1753860
v -0.1932229 -0.0180000 -0.1694519
v -0.1864563 -0.0155885 -0.1635177
v -0.1815028 -0.0090000 -0.1591737
v -0.1796898 0.0000000 -0.1575836
v -0.1815028 0.0090000 -0.1591737
v -0.1864563 0.0155885 -0.1635177
v -0.1932229 0.0180000 -0.1694519
v -0.1999894 0.0155885 -0.1753860
v -0.2049428 0.0090000 -0.1797300
v -0.1944544 0.0000000 -0.1944543
v -0.1927491 -0.0090000 -0.1927491
v -0.1880904 -0.0155885 -0.1880904
v -0.1817265 -0.0180000 -0.1817264
v -0.1753625 -0.0155885 -0.1753624
v -0.1707038 -0.0090000 -0.1707037
v -0.1689986 0.0000000 -0.1689985
v -0.1707038 0.0090000 -0.1707037
v -0.1753625 0.0155885 -0.1753624
v -0.1817265 0.0180000 -0.1817264
v -0.1880904 0.0155885 -0.1880904
v -0.1927491 0.0090000 -0.1927491
v -0.1813202 -0.0000000 -0.2067559
v -0.1797302 -0.0090000 -0.2049428
v -0.1753861 -0.0155885 -0.1999893
v -0.1694520 -0.0180000 -0.1932228
v -0.1635178 -0.0155885 -0.1864562
v -0.1591737 -0.0090000 -0.1815027
v -0.1575837 0.0000000 -0.1796897
v -0.1591737 0.0090000 -0.1815027
v -0.1635178 0.0155885 -0.1864562
v -0.1694520 0.0180000 -0.1932228
v -0.1753861 0.0155885 -0.1999893
v -0.1797302 0.0090000 -0.2049428
v -0.1674095 -0.0000000 -0.2181721
v -0.1659415 -0.0090000 -0.2162589
v -0.1619307 -0.0155885 -0.2110319
v -0.1564518 -0.0180000 -0.2038917
v -0.1509730 -0.0155885 -0.1967515
v -0.1469622 -0.0090000 -0.1915246
v -0.1454941 0.0000000 -0.1896114
v -0.1469622 0.0090000 -0.1915246
v -0.1509730 0.0155885 -0.1967515
v -0.1564518 0.0180000 -0.2038917
v -0.1619307 0.0155885 -0.2110319
v -0.1659415 0.0090000 -0.2162589
v -0.1527820 -0.0000000 -0.2286540
v -0.1514422 -0.0090000 -0.2266489
v -0.1477818 -0.0155885 -0.2211708
v -0.1427817 -0.0180000 -0.2136876
v -0.1377815 -0.0155885 -0.2062044
v -0.1341212 -0.0090000 -0.2007263
v -0.1327814 -0.0000000 -0.1987211
v -0.1341212 0.0090000 -0.2007263
v -0.1377815 0.0155885 -0.2062044
v -0.1427817 0.0180000 -0.2136876
v -0.1477818 0.0155885 -0.2211708
v -0.1514422 0.0090000 -0.2266489
v -0.1374999 -0.0000000 -0.2381570
v -0.1362942 -0.0090000 -0.2360686
v -0.1330000 -0.0155885 -0.2303628
v -0.1285000 -0.0180000 -0.2225686
v -0.1240000 -0.0155885 -0.2147743
v -0.1207057 -0.0090000 -0.2090686
v -0.1194999 -0.0000000 -0.2069801
v -0.1207057 0.0090000 -0.2090686
v -0.1240000 0.0155885 -0.2147743
v -0.1285000 0.0180000 -0.2225686
v -0.1330000 0.0155885 -0.2303628
v -0.1362942 0.0090000 -0.2360686
v -0.1216294 -0.0000000 -0.2466400
v -0.1205628 -0.0090000 -0.2444772
v -0.1176487 -0.0155885 -0.2385682
v -0.1136682 -0.0180000 -0.2304963
v -0.1096876 -0.0155885 -0.2224244
v -0.1067736 -0.0090000 -0.2165154
v -0.1057069 -0.0000000 -0.2143526
v -0.1067736 0.0090000 -0.2165154
v -0.1096876 0.0155885 -0.2224244
v -0.1136682 0.0180000 -0.2304963
v -0.1176487 0.0155885 -0.2385682
v -0.1205628 0.0090000 -0.2444772
v -0.1052380 -0.0000000 -0.2540669
v -0.1043152 -0.0090000 -0.2518389
v -0.1017938 -0.0155885 -0.2457519
v -0.0983497 -0.0180000 -0.2374370
v -0.0949055 -0.0155885 -0.2291221
v -0.0923842 -0.0090000 -0.2230352
v -0.0914613 -0.0000000 -0.2208072
v -0.0923842 0.0090000 -0.2230352
v -0.0949055 0.0155885 -0.2291221
v -0.0983497 0.0180000 -0.2374370
v -0.1017938 0.0155885 -0.2457519
v -0.1043152 0.0090000 -0.2518389
v -0.0883960 -0.0000000 -0.2604058
v -0.0876207 -0.0090000 -0.2581222
v -0.0855030 -0.0155885 -0.2518834
v -0.0826100 -0.0180000 -0.2433610
v -0.0797170 -0.0155885 -0.2348386
v -0.0775993 -0.0090000 -0.2285998
v -0.0768241 -0.0000000 -0.2263163
v -0.0775993 0.0090000 -0.2285998
v -0.0797170 0.0155885 -0.2348386
v -0.0826100 0.0180000 -0.2433610
v -0.0855030 0.0155885 -0.2518834
v -0.0876207 0.0090000 -0.2581222
v -0.0711753 -0.0000000 -0.2656296
v -0.0705512 -0.0090000 -0.2633002
v -0.0688460 -0.0155885 -0.2569363
v -0.0665165 -0.0180000 -0.2482429
v -0.0641872 -0.0155885 -0.2395496
v -0.0624820 -0.0090000 -0.2331856
v -0.0618578 -0.0000000 -0.2308563
v -0.0624820 0.0090000 -0.2331856
v -0.0641872 0.0155885 -0.2395496
v -0.0665165 0.0180000 -0.2482429
v -0.0688460 0.0155885 -0.2569363
v -0.0705512 0.0090000 -0.2633002
v -0.0536500 -0.0000000 -0.2697159
v -0.0531795 -0.0090000 -0.2673507
v -0.0518942 -0.0155885 -0.2608889
v -0.0501384 -0.0180000 -0.2520618
v -0.0483825 -0.0155885 -0.2432347
v -0.0470972 -0.0090000 -0.2367729
v -0.0466267 -0.0000000 -0.2344076
v -0.0470972 0.0090000 -0.2367729
v -0.0483825 0.0155885 -0.2432347
v -0.0501384 0.0180000 -0.2520618
v -0.0518942 0.0155885 -0.2608889
v -0.0531795 0.0090000 -0.2673507
v -0.0358949 -0.0000000 -0.2726473
v -0.0355800 -0.0090000 -0.2702564
v -0.0347202 -0.0155885 -0.2637243
v -0.0335454 -0.0180000 -0.2548013
v -0.0323707 -0.0155885 -0.2458783
v -0.0315107 -0.0090000 -0.2393462
v -0.0311959 -0.0000000 -0.2369553
v -0.0315107 0.0090000 -0.2393462
v -0.0323707 0.0155885 -0.2458783
v -0.0335454 0.0180000 -0.2548013
v -0.0347202 0.0155885 -0.2637243
v -0.0355800 0.0090000 -0.2702564
v -0.0179858 -0.0000000 -0.2744112
v -0.0178281 -0.0090000 -0.2720048
v -0.0173972 -0.0155885 -0.2654305
v -0.0168085 -0.0180000 -0.2564498
v -0.0162200 -0.0155885 -0.2474690
v -0.0157890 -0.0090000 -0.2408947
v -0.0156313 -0.0000000 -0.2384883
v -0.0157890 0.0090000 -0.2408947
v -0.0162200 0.0155885 -0.2474690
v -0.0168085 0.0180000 -0.2564498
v -0.0173972 0.0155885 -0.2654305
v -0.0178281 0.0090000 -0.2720048
v 0.0000000 -0.0000000 -0.2750000
v 0.0000000 -0.0090000 -0.2725885
v 0.0000000 -0.0155885 -0.2660000
v 0.0000000 -0.0180000 -0.2570000
v 0.0000000 -0.0155885 -0.2480000
v 0.0000000 -0.0090000 -0.2414115
v 0.0000000 -0.0000000 -0.2390000
v 0.0000000 0.0090000 -0.2414115
v 0.0000000 0.0155885 -0.2480000
v 0.0000000 0.0180000 -0.2570000
v 0.0000000 0.0155885 -0.2660000
v 0.0000000 0.0090000 -0.2725885
v 0.0179858 -0.0000000 -0.2744112
v 0.0178281 -0.0090000 -0.2720048
v 0.0173972 -0.0155885 -0.2654305
v 0.0168086 -0.0180000 -0.2564498
v 0.0162200 -0.0155885 -0.2474690
v 0.0157890 -0.0090000 -0.2408947
v 0.0156313 -0.0000000 -0.2384883
v 0.0157890 0.0090000 -0.2408947
v 0.0162200 0.0155885 -0.2474690
v 0.0168086 0.0180000 -0.2564498
v 0.0173972 0.0155885 -0.2654305
v 0.0178281 0.0090000 -0.2720048
v 0.0358946 -0.0000000 -0.2726474
v 0.0355799 -0.0090000 -0.2702564
v 0.0347199 -0.0155885 -0.2637244
v 0.0335451 -0.0180000 -0.2548013
v 0.0323704 -0.0155885 -0.2458783
v 0.0315105 -0.0090000 -0.2393462
v 0.0311958 -0.0000000 -0.2369553
v 0.0315105 0.0090000 -0.2393462
v 0.0323704 0.0155885 -0.2458783
v 0.0335451 0.0180000 -0.2548013
v 0.0347199 0.0155885 -0.2637244
v 0.0355799 0.0090000 -0.2702564
v 0.0536498 -0.0000000 -0.2697160
v 0.0531793 -0.0090000 -0.2673508
v 0.0518939 -0.0155885 -0.2608889
v 0.0501381 -0.0180000 -0.2520618
v 0.0483823 -0.0155885 -0.2432348
v 0.0470970 -0.0090000 -0.2367729
v 0.0466266 -0.0000000 -0.2344077
v 0.0470970 0.0090000 -0.2367729
v 0.0483823 0.0155885 -0.2432348
v 0.0501381 0.0180000 -0.2520618
v 0.0518939 0.0155885 -0.2608889
v 0.0531793 0.0090000 -0.2673508
v 0.0711751 -0.0000000 -0.2656296
v 0.0705509 -0.0090000 -0.2633003
v 0.0688457 -0.0155885 -0.2569363
v 0.0665164 -0.0180000 -0.2482430
v 0.0641870 -0.0155885 -0.2395496
v 0.0624818 -0.0090000 -0.2331857
v 0.0618577 -0.0000000 -0.2308563
v 0.0624818 0.0090000 -0.2331857
v 0.0641870 0.0155885 -0.2395496
v 0.0665164 0.0180000 -0.2482430
v 0.0688457 0.0155885 -0.2569363
v 0.0705509 0.0090000 -0.2633003
v 0.0883957 -0.0000000 -0.2604058
v 0.0876205 -0.0090000 -0.2581223
v 0.0855027 -0.0155885 -0.2518834
v 0.0826098 -0.0180000 -0.2433611
v 0.0797168 -0.0155885 -0.2348387
v 0.0775990 -0.0090000 -0.2285999
v 0.0768239 -0.0000000 -0.2263163
v 0.0775990 0.0090000 -0.2285999
v 0.0797168 0.0155885 -0.2348387
v 0.0826098 0.0180000 -0.2433611
v 0.0855027 0.0155885 -0.2518834
v 0.0876205 0.0090000 -0.2581223
v 0.1052380 -0.0000000 -0.2540669
v 0.1043152 -0.0090000 -0.2518389
v 0.1017939 -0.0155885 -0.2457519
v 0.0983497 -0.0180000 -0.2374370
v 0.0949055 -0.0155885 -0.2291221
v 0.0923842 -0.0090000 -0.2230352
v 0.0914614 -0.0000000 -0.2208072
v 0.0923842 0.0090000 -0.2230352
v 0.0949055 0.0155885 -0.2291221
v 0.0983497 0.0180000 -0.2374370
v 0.1017939 0.0155885 -0.2457519
v 0.1043152 0.0090000 -0.2518389
v 0.1216294 -0.0000000 -0.2466400
v 0.1205628 -0.0090000 -0.2444772
v 0.1176488 -0.0155885 -0.2385681
v 0.1136682 -0.0180000 -0.2304963
v 0.1096876 -0.0155885 -0.2224244
v 0.1067736 -0.0090000 -0.2165154
v 0.1057070 -0.0000000 -0.2143526
v 0.1067736 0.0090000 -0.2165154
v 0.1096876 0.0155885 -0.2224244
v 0.1136682 0.0180000 -0.2304963
v 0.1176488 0.0155885 -0.2385681
v 0.1205628 0.0090000 -0.2444772
v 0.1374999 -0.0000000 -0.2381570
v 0.1362942 -0.0090000 -0.2360685
v 0.1330000 -0.0155885 -0.2303628
v 0.1285000 -0.0180000 -0.2225685
v 0.1240000 -0.0155885 -0.2147743
v 0.1207057 -0.0090000 -0.2090685
v 0.1195000 -0.0000000 -0.2069801
v 0.1207057 0.0090000 -0.2090685
v 0.1240000 0.0155885 -0.2147743
v 0.1285000 0.0180000 -0.2225685
v 0.1330000 0.0155885 -0.2303628
v 0.1362942 0.0090000 -0.2360685
v 0.1527818 -0.0000000 -0.2286542
v 0.1514421 -0.0090000 -0.2266490
v 0.1477816 -0.0155885 -0.2211709
v 0.1427815 -0.0180000 -0.2136877
v 0.1377814 -0.0155885 -0.2062045
v 0.1341211 -0.0090000 -0.2007264
v 0.1327813 -0.0000000 -0.1987213
v 0.1341211 0.0090000 -0.2007264
v 0.1377814 0.0155885 -0.2062045
v 0.1427815 0.0180000 -0.2136877
v 0.1477816 0.0155885 -0.2211709
v 0.1514421 0.0090000 -0.2266490
v 0.1674093 -0.0000000 -0.2181722
v 0.1659412 -0.0090000 -0.2162590
v 0.1619304 -0.0155885 -0.2110320
v 0.1564516 -0.0180000 -0.2038918
v 0.1509727 -0.0155885 -0.1967517
v 0.1469619 -0.0090000 -0.1915247
v 0.1454939 0.0000000 -0.1896115
v 0.1469619 0.0090000 -0.1915247
v 0.1509727 0.0155885 -0.1967517
v 0.1564516 0.0180000 -0.2038918
v 0.1619304 0.0155885 -0.2110320
v 0.1659412 0.0090000 -0.2162590
v 0.1813201 -0.0000000 -0.2067560
v 0.1797299 -0.0090000 -0.2049429
v 0.1753860 -0.0155885 -0.1999895
v 0.1694518 -0.0180000 -0.1932229
v 0.1635177 -0.0155885 -0.1864564
v 0.1591736 -0.0090000 -0.1815029
v 0.1575836 0.0000000 -0.1796898
v 0.1591736 0.0090000 -0.1815029
v 0.1635177 0.0155885 -0.1864564
v 0.1694518 0.0180000 -0.1932229
v 0.1753860 0.0155885 -0.1999895
v 0.1797299 0.0090000 -0.2049429
v 0.1944543 0.0000000 -0.1944545
v 0.1927490 -0.0090000 -0.1927493
v 0.1880903 -0.0155885 -0.1880905
v 0.1817263 -0.0180000 -0.1817265
v 0.1753623 -0.0155885 -0.1753626
v 0.1707036 -0.0090000 -0.1707038
v 0.1689984 0.0000000 -0.1689986
v 0.1707036 0.0090000 -0.1707038
v 0.1753623 0.0155885 -0.1753626
v 0.1817263 0.0180000 -0.1817265
v 0.1880903 0.0155885 -0.1880905
v 0.1927490 0.0090000 -0.1927493
v 0.2067560 0.0000000 -0.1813201
v 0.2049429 -0.0090000 -0.1797300
v 0.1999894 -0.0155885 -0.1753859
v 0.1932229 -0.0180000 -0.1694518
v 0.1864563 -0.0155885 -0.1635177
v 0.1815028 -0.0090000 -0.1591736
v 0.1796898 0.0000000 -0.1575836
v 0.1815028 0.0090000 -0.1591736
v 0.1864563 0.0155885 -0.1635177
v 0.1932229 0.0180000 -0.1694518
v 0.1999894 0.0155885 -0.1753859
v 0.2049429 0.0090000 -0.1797300
v 0.2181722 0.0000000 -0.1674094
v 0.2162590 -0.0090000 -0.1659413
v 0.2110320 -0.0155885 -0.1619305
v 0.2038919 -0.0180000 -0.1564517
v 0.1967517 -0.0155885 -0.1509728
v 0.1915246 -0.0090000 -0.1469620
v 0.1896114 0.0000000 -0.1454940
v 0.1915246 0.0090000 -0.1469620
v 0.1967517 0.0155885 -0.1509728
v 0.2038919 0.0180000 -0.1564517
v 0.2110320 0.0155885 -0.1619305
v 0.2162590 0.0090000 -0.1659413
v 0.2286541 0.0000000 -0.1527818
v 0.2266490 -0.0090000 -0.1514420
v 0.2211709 -0.0155885 -0.1477817
v 0.2136877 -0.0180000 -0.1427816
v 0.2062044 -0.0155885 -0.1377814
v 0.2007264 -0.0090000 -0.1341211
v 0.1987213 0.0000000 -0.1327813
v 0.2007264 0.0090000 -0.1341211
v 0.2062044 0.0155885 -0.1377814
v 0.2136877 0.0180000 -0.1427816
v 0.2211709 0.0155885 -0.1477817
v 0.2266490 0.0090000 -0.1514420
v 0.2381569 0.0000000 -0.1375000
v 0.2360685 -0.0090000 -0.1362943
v 0.2303628 -0.0155885 -0.1330000
v 0.2225685 -0.0180000 -0.1285000
v 0.2147743 -0.0155885 -0.1240000
v 0.2090685 -0.0090000 -0.1207058
v 0.2069801 0.0000000 -0.1195000
v 0.2090685 0.0090000 -0.1207058
v 0.2147743 0.0155885 -0.1240000
v 0.2225685 0.0180000 -0.1285000
v 0.2303628 0.0155885 -0.1330000
v 0.2360685 0.0090000 -0.1362943
v 0.2466400 0.0000000 -0.1216295
v 0.2444772 -0.0090000 -0.1205629
v 0.2385682 -0.0155885 -0.1176489
v 0.2304963 -0.0180000 -0.1136682
v 0.2224244 -0.0155885 -0.1096877
v 0.2165154 -0.0090000 -0.1067736
v 0.2143525 0.0000000 -0.1057070
v 0.2165154 0.0090000 -0.1067737
v 0.2224244 0.0155885 -0.1096877
v 0.2304963 0.0180000 -0.1136683
v 0.2385682 0.0155885 -0.1176489
v 0.2444772 0.0090000 -0.1205629
v 0.2540668 0.0000000 -0.1052381
v 0.2518388 -0.0090000 -0.1043152
v 0.2457520 -0.0155885 -0.1017939
v 0.2374370 -0.0180000 -0.0983497
v 0.2291220 -0.0155885 -0.0949056
v 0.2230351 -0.0090000 -0.0923843
v 0.2208072 0.0000000 -0.0914614
v 0.2230351 0.0090000 -0.0923843
v 0.2291220 0.0155885 -0.0949056
v 0.2374370 0.0180000 -0.0983498
v 0.2457520 0.0155885 -0.1017939
v 0.2518388 0.0090000 -0.1043152
v 0.2604058 0.0000000 -0.0883960
v 0.2581222 -0.0090000 -0.0876208
v 0.2518834 -0.0155885 -0.0855030
v 0.2433610 -0.0180000 -0.0826101
v 0.2348386 -0.0155885 -0.0797171
v 0.2285998 -0.0090000 -0.0775993
v 0.2263162 0.0000000 -0.0768242
v 0.2285998 0.0090000 -0.0775993
v 0.2348386 0.0155885 -0.0797171
v 0.2433610 0.0180000 -0.0826101
v 0.2518834 0.0155885 -0.0855030
v 0.2581222 0.0090000 -0.0876208
v 0.2656296 0.0000000 -0.0711752
v 0.2633003 -0.0090000 -0.0705510
v 0.2569363 -0.0155885 -0.0688458
v 0.2482430 -0.0180000 -0.0665164
v 0.2395496 -0.0155885 -0.0641870
v 0.2331856 -0.0090000 -0.0624818
v 0.2308563 0.0000000 -0.0618577
v 0.2331856 0.0090000 -0.0624818
v 0.2395496 0.0155885 -0.0641871
v 0.2482430 0.0180000 -0.0665164
v 0.2569363 0.0155885 -0.0688458
v 0.2633003 0.0090000 -0.0705510
v 0.2697159 0.0000000 -0.0536498
v 0.2673508 -0.0090000 -0.0531793
v 0.2608889 -0.0155885 -0.0518940
v 0.2520618 -0.0180000 -0.0501382
v 0.2432348 -0.0155885 -0.0483824
v 0.2367729 -0.0090000 -0.0470970
v 0.2344077 0.0000000 -0.0466265
v 0.2367729 0.0090000 -0.0470970
v 0.2432348 0.0155885 -0.0483824
v 0.2520618 0.0180000 -0.0501382
v 0.2608889 0.0155885 -0.0518940
v 0.2673508 0.0090000 -0.0531793
v 0.2726474 0.0000000 -0.0358947
v 0.2702564 -0.0090000 -0.0355799
v 0.2637243 -0.0155885 -0.0347200
v 0.2548014 -0.0180000 -0.0335452
v 0.2458783 -0.0155885 -0.0323705
v 0.2393463 -0.0090000 -0.0315105
v 0.2369553 0.0000000 -0.0311958
v 0.2393463 0.0090000 -0.0315105
v 0.2458783 0.0155885 -0.0323705
v 0.2548014 0.0180000 -0.0335452
v 0.2637243 0.0155885 -0.0347200
v 0.2702564 0.0090000 -0.0355799
v 0.2744112 0.0000000 -0.0179859
v 0.2720048 -0.0090000 -0.0178282
v 0.2654305 -0.0155885 -0.0173973
v 0.2564498 -0.0180000 -0.0168086
v 0.2474691 -0.0155885 -0.0162200
v 0.2408947 -0.0090000 -0.0157891
v 0.2384883 0.0000000 -0.0156314
v 0.2408947 0.0090000 -0.0157891
v 0.2474691 0.0155885 -0.0162200
v 0.2564498 0.0180000 -0.0168086
v 0.2654305 0.0155885 -0.0173973
v 0.2720048 0.0090000 -0.0178282
f 1 13 14
f 1 14 2
f 2 14 15
f 2 15 3
f 3 15 16
f 3 16 4
f 4 16 17
f 4 17 5
f 5 17 18
f 5 18 6
f 6 18 19
f 6 19 7
f 7 19 20
f 7 20 8
f 8 20 21
f 8 21 9
f 9 21 22
f 9 22 10
f 10 22 23
f 10 23 11
f 11 23 24
f 11 24 12
f 12 24 13
f 12 13 1
f 13 25 26
f 13 26 14
f 14 26 27
f 14 27 15
f 15 27 28
f 15 28 16
f 16 28 29
f 16 29 17
f 17 29 30
f 17 30 18
f 18 30 31
f 18 31 19
f 19 31 32
f 19 32 20
f 20 32 33
f 20 33 21
f 21 33 34
f 21 34 22
f 22 34 35
f 22 35 23
f 23 35 36
f 23 36 24
f 24 36 25
f 24 25 13
f 25 37 38
f 25 38 26
f 26 38 39
f 26 39 27
f 27 39 40
f 27 40 28
f 28 40 41
f 28 41 29
f 29 41 42
f 29 42 30
f 30 42 43
f 30 43 31
f 31 43 44
f 31 44 32
f 32 44 45
f 32 45 33
f 33 45 46
f 33 46 34
f 34 46 47
f 34 47 35
f 35 47 48
f 35 48 36
f 36 48 37
f 36 37 25
f 37 49 50
f 37 50 38
f 38 50 51
f 38 51 39
f 39 51 52
f 39 52 40
f 40 52 53
f 40 53 41
f 41 53 54
f 41 54 42
f 42 54 55
f 42 55 43
f 43 55 56
f 43 56 44
f 44 56 57
f 44 57 45
f 45 57 58
f 45 58 46
f 46 58 59
f 46 59 47
f 47 59 60
f 47 60 48
f 48 60 49
f 48 49 37
f 49 61 62
f 49 62 50
f 50 62 63
f 50 63 51
f 51 63 64
f 51 64 52
f 52 64 65
f 52 65 53
f 53 65 66
f 53 66 54
f 54 66 67
f 54 67 55
f 55 67 68
f 55 68 56
f 56 68 69
f 56 69 57
f 57 69 70
f 57 70 58
f 58 70 71
f 58 71 59
f 59 71 72
f 59 72 60
f 60 72 61
f 60 61 49
f 61 73 74
f 61 74 62
f 62 74 75
f 62 75 63
f 63 75 76
f 63 76 64
f 64 76 77
f 64 77 65
f 65 77 78
f 65 78 66
f 66 78 79
f 66 79 67
f 67 79 80
f 67 80 68
f 68 80 81
f 68 81 69
f 69 81 82
f 69 82 70
f 70 82 83
f 70 83 71
f 71 83 84
f 71 84 72
f 72 84 73
f 72 73 61
f 73 85 86
f 73 86 74
f 74 86 87
f 74 87 75
f 75 87 88
f 75 88 76
f 76 88 89
f 76 89 77
f 77 89 90
f 77 90 78
f 78 90 91
f 78 91 79
f 79 91 92
f 79 92 80
f 80 92 93
f 80 93 81
f 81 93 94
f 81 94 82
f 82 94 95
f 82 95 83
f 83 95 96
f 83 96 84
f 84 96 85
f 84 85 73
f 85 97 98
f 85 98 86
f 86 98 99
f 86 99 87
f 87 99 100
f 87 100 88
f 88 100 101
f 88 101 89
f 89 101 102
f 89 102 90
f 90 102 103
f 90 103 91
f 91 103 104
f 91 104 92
f 92 104 105
f 92 105 93
f 93 105 106
f 93 106 94
f 94 106 107
f 94 107 95
f 95 107 108
f 95 108 96
f 96 108 97
f 96 97 85
f 97 109 110
f 97 110 98
f 98 110 111
f 98 111 99
f 99 111 112
f 99 112 100
f 100 112 113
f 100 113 101
f 101 113 114
f 101 114 102
f 102 114 115
f 102 115 103
f 103 115 116
f 103 116 104
f 104 116 117
f 104 117 105
f 105 117 118
f 105 118 106
f 106 118 119
f 106 119 107
f 107 119 120
f 107 120 108
f 108 120 109
f 108 109 97
f 109 121 122
f 109 122 110
f 110 122 123
f 110 123 111
f 111 123 124
f 111 124 112
f 112 124 125
f 112 125 113
f 113 125 126
f 113 126 114
f 114 126 127
f 114 127 115
f 115 127 128
f 115 128 116
f 116 128 129
f 116 129 117
f 117 129 130
f 117 130 118
f 118 130 131
f 118 131 119
f 119 131 132
f 119 132 120
f 120 132 121
f 120 121 109
f 121 133 134
f 121 134 122
f 122 134 135
f 122 135 123
f 123 135 136
f 123 136 124
f 124 136 137
f 124 137 125
f 125 137 138
f 125 138 126
f 126 138 139
f 126 139 127
f 127 139 140
f 127 140 128
f 128 140 141
f 128 141 129
f 129 141 142
f 129 142 130
f 130 142 143
f 130 143 131
f 131 143 144
f 131 144 132
f 132 144 133
f 132 133 121
f 133 145 146
f 133 146 134
f 134 146 147
f 134 147 135
f 135 147 148
f 135 148 136
f 136 148 149
f 136 149 137
f 137 149 150
f 137 150 138
f 138 150 151
f 138 151 139
f 139 151 152
f 139 152 140
f 140 152 153
f 140 153 141
f 141 153 154
f 141 154 142
f 142 154 155
f 142 155 143
f 143 155 156
f 143 156 144
f 144 156 145
f 144 145 133
f 145 157 158
f 145 158 146
f 146 158 159
f 146 159 147
f 147 159 160
f 147 160 148
f 148 160 161
f 148 161 149
f 149 161 162
f 149 162 150
f 150 162 163
f 150 163 151
f 151 163 164
f 151 164 152
f 152 164 165
f 152 165 153
f 153 165 166
f 153 166 154
f 154 166 167
f 154 167 155
f 155 167 168
f 155 168 156
f 156 168 157
f 156 157 145
f 157 169 170
f 157 170 158
f 158 170 171
f 158 171 159
f 159 171 172
f 159 172 160
f 160 172 173
f 160 173 161
f 161 173 174
f 161 174 162
f 162 174 175
f 162 175 163
f 163 175 176
f 163 176 164
f 164 176 177
f 164 177 165
f 165 177 178
f 165 178 166
f 166 178 179
f 166 179 167
f 167 179 180
f 167 180 168
f 168 180 169
f 168 169 157
f 169 181 182
f 169 182 170
f 170 182 183
f 170 183 171
f 171 183 184
f 171 184 172
f 172 184 185
f 172 185 173
f 173 185 186
f 173 186 174
f 174 186 187
f 174 187 175
f 175 187 188
f 175 188 176
f 176 188 189
f 176 189 177
f 177 189 190
f 177 190 178
f 178 190 191
f 178 191 179
f 179 191 192
f 179 192 180
f 180 192 181
f 180 181 169
f 181 193 194
f 181 194 182
f 182 194 195
f 182 195 183
f 183 195 196
f 183 196 184
f 184 196 197
f 184 197 185
f 185 197 198
f 185 198 186
f 186 198 199
f 186 199 187
f 187 199 200
f 187 200 188
f 188 200 201
f 188 201 189
f 189 201 202
f 189 202 190
f 190 202 203
f 190 203 191
f 191 203 204
f 191 204 192
f 192 204 193
f 192 193 181
f 193 205 206
f 193 206 194
f 194 206 207
f 194 207 195
f 195 207 208
f 195 208 196
f 196 208 209
f 196 209 197
f 197 209 210
f 197 210 198
f 198 210 211
f 198 211 199
f 199 211 212
f 199 212 200
f 200 212 213
f 200 213 201
f 201 213 214
f 201 214 202
f 202 214 215
f 202 215 203
f 203 215 216
f 203 216 204
f 204 216 205
f 204 205 193
f 205 217 218
f 205 218 206
f 206 218 219
f 206 219 207
f 207 219 220
f 207 220 208
f 208 220 221
f 208 221 209
f 209 221 222
f 209 222 210
f 210 222 223
f 210 223 211
f 211 223 224
f 211 224 212
f 212 224 225
f 212 225 213
f 213 225 226
f 213 226 214
f 214 226 227
f 214 227 215
f 215 227 228
f 215 228 216
f 216 228 217
f 216 217 205
f 217 229 230
f 217 230 218
f 218 230 231
f 218 231 219
f 219 231 232
f 219 232 220
f 220 232 233
f 220 233 221
f 221 233 234
f 221 234 222
f 222 234 235
f 222 235 223
f 223 235 236
f 223 236 224
f 224 236 237
f 224 237 225
f 225 237 238
f 225 238 226
f 226 238 239
f 226 239 227
f 227 239 240
f 227 240 228
f 228 240 229
f 228 229 217
f 229 241 242
f 229 242 230
f 230 242 243
f 230 243 231
f 231 243 244
f 231 244 232
f 232 244 245
f 232 245 233
f 233 245 246
f 233 246 234
f 234 246 247
f 234 247 235
f 235 247 248
f 235 248 236
f 236 248 249
f 236 249 237
f 237 249 250
f 237 250 238
f 238 250 251
f 238 251 239
f 239 251 252
f 239 252 240
f 240 252 241
f 240 241 229
f 241 253 254
f 241 254 242
f 242 254 255
f 242 255 243
f 243 255 256
f 243 256 244
f 244 256 257
f 244 257 245
f 245 257 258
f 245 258 246
f 246 258 259
f 246 259 247
f 247 259 260
f 247 260 248
f 248 260 261
f 248 261 249
f 249 261 262
f 249 262 250
f 250 262 263
f 250 263 251
f 251 263 264
f 251 264 252
f 252 264 253
f 252 253 241
f 253 265 266
f 253 266 254
f 254 266 267
f 254 267 255
f 255 267 268
f 255 268 256
f 256 268 269
f 256 269 257
f 257 269 270
f 257 270 258
f 258 270 271
f 258 271 259
f 259 271 272
f 259 272 260
f 260 272 273
f 260 273 261
f 261 273 274
f 261 274 262
f 262 274 275
f 262 275 263
f 263 275 276
f 263 276 264
f 264 276 265
f 264 265 253
f 265 277 278
f 265 278 266
f 266 278 279
f 266 279 267
f 267 279 280
f 267 280 268
f 268 280 281
f 268 281 269
f 269 281 282
f 269 282 270
f 270 282 283
f 270 283 271
f 271 283 284
f 271 284 272
f 272 284 285
f 272 285 273
f 273 285 286
f 273 286 274
f 274 286 287
f 274 287 275
f 275 287 288
f 275 288 276
f 276 288 277
f 276 277 265
f 277 289 290
f 277 290 278
f 278 290 291
f 278 291 279
f 279 291 292
f 279 292 280
f 280 292 293
f 280 293 281
f 281 293 294
f 281 294 282
f 282 294 295
f 282 295 283
f 283 295 296
f 283 296 284
f 284 296 297
f 284 297 285
f 285 297 298
f 285 298 286
f 286 298 299
f 286 299 287
f 287 299 300
f 287 300 288
f 288 300 289
f 288 289 277
f 289 301 302
f 289 302 290
f 290 302 303
f 290 303 291
f 291 303 304
f 291 304 292
f 292 304 305
f 292 305 293
f 293 305 306
f 293 306 294
f 294 306 307
f 294 307 295
f 295 307 308
f 295 308 296
f 296 308 309
f 296 309 297
f 297 309 310
f 297 310 298
f 298 310 311
f 298 311 299
f 299 311 312
f 299 312 300
f 300 312 301
f 300 301 289
f 301 313 314
f 301 314 302
f 302 314 315
f 302 315 303
f 303 315 316
f 303 316 304
f 304 316 317
f 304 317 305
f 305 317 318
f 305 318 306
f 306 318 319
f 306 319 307
f 307 319 320
f 307 320 308
f 308 320 321
f 308 321 309
f 309 321 322
f 309 322 310
f 310 322 323
f 310 323 311
f 311 323 324
f 311 324 312
f 312 324 313
f 312 313 301
f 313 325 326
f 313 326 314
f 314 326 327
f 314 327 315
f 315 327 328
f 315 328 316
f 316 328 329
f 316 329 317
f 317 329 330
f 317 330 318
f 318 330 331
f 318 331 319
f 319 331 332
f 319 332 320
f 320 332 333
f 320 333 321
f 321 333 334
f 321 334 322
f 322 334 335
f 322 335 323
f 323 335 336
f 323 336 324
f 324 336 325
f 324 325 313
f 325 337 338
f 325 338 326
f 326 338 339
f 326 339 327
f 327 339 340
f 327 340 328
f 328 340 341
f 328 341 329
f 329 341 342
f 329 342 330
f 330 342 343
f 330 343 331
f 331 343 344
f 331 344 332
f 332 344 345
f 332 345 333
f 333 345 346
f 333 346 334
f 334 346 347
f 334 347 335
f 335 347 348
f 335 348 336
f 336 348 337
f 336 337 325
f 337 349 350
f 337 350 338
f 338 350 351
f 338 351 339
f 339 351 352
f 339 352 340
f 340 352 353
f 340 353 341
f 341 353 354
f 341 354 342
f 342 354 355
f 342 355 343
f 343 355 356
f 343 356 344
f 344 356 357
f 344 357 345
f 345 357 358
f 345 358 346
f 346 358 359
f 346 359 347
f 347 359 360
f 347 360 348
f 348 360 349
f 348 349 337
f 349 361 362
f 349 362 350
f 350 362 363
f 350 363 351
f 351 363 364
f 351 364 352
f 352 364 365
f 352 365 353
f 353 365 366
f 353 366 354
f 354 366 367
f 354 367 355
f 355 367 368
f 355 368 356
f 356 368 369
f 356 369 357
f 357 369 370
f 357 370 358
f 358 370 371
f 358 371 359
f 359 371 372
f 359 372 360
f 360 372 361
f 360 361 349
f 361 373 374
f 361 374 362
f 362 374 375
f 362 375 363
f 363 375 376
f 363 376 364
f 364 376 377
f 364 377 365
f 365 377 378
f 365 378 366
f 366 378 379
f 366 379 367
f 367 379 380
f 367 380 368
f 368 380 381
f 368 381 369
f 369 381 382
f 369 382 370
f 370 382 383
f 370 383 371
f 371 383 384
f 371 384 372
f 372 384 373
f 372 373 361
f 373 385 386
f 373 386 374
f 374 386 387
f 374 387 375
f 375 387 388
f 375 388 376
f 376 388 389
f 376 389 377
f 377 389 390
f 377 390 378
f 378 390 391
f 378 391 379
f 379 391 392
f 379 392 380
f 380 392 393
f 380 393 381
f 381 393 394
f 381 394 382
f 382 394 395
f 382 395 383
f 383 395 396
f 383 396 384
f 384 396 385
f 384 385 373
f 385 397 398
f 385 398 386
f 386 398 399
f 386 399 387
f 387 399 400
f 387 400 388
f 388 400 401
f 388 401 389
f 389 401 402
f 389 402 390
f 390 402 403
f 390 403 391
f 391 403 404
f 391 404 392
f 392 404 405
f 392 405 393
f 393 405 406
f 393 406 394
f 394 406 407
f 394 407 395
f 395 407 408
f 395 408 396
f 396 408 397
f 396 397 385
f 397 409 410
f 397 410 398
f 398 410 411
f 398 411 399
f 399 411 412
f 399 412 400
f 400 412 413
f 400 413 401
f 401 413 414
f 401 414 402
f 402 414 415
f 402 415 403
f 403 415 416
f 403 416 404
f 404 416 417
f 404 417 405
f 405 417 418
f 405 418 406
f 406 418 419
f 406 419 407
f 407 419 420
f 407 420 408
f 408 420 409
f 408 409 397
f 409 421 422
f 409 422 410
f 410 422 423
f 410 423 411
f 411 423 424
f 411 424 412
f 412 424 425
f 412 425 413
f 413 425 426
f 413 426 414
f 414 426 427
f 414 427 415
f 415 427 428
f 415 428 416
f 416 428 429
f 416 429 417
f 417 429 430
f 417 430 418
f 418 430 431
f 418 431 419
f 419 431 432
f 419 432 420
f 420 432 421
f 420 421 409
f 421 433 434
f 421 434 422
f 422 434 435
f 422 435 423
f 423 435 436
f 423 436 424
f 424 436 437
f 424 437 425
f 425 437 438
f 425 438 426
f 426 438 439
f 426 439 427
f 427 439 440
f 427 440 428
f 428 440 441
f 428 441 429
f 429 441 442
f 429 442 430
f 430 442 443
f 430 443 431
f 431 443 444
f 431 444 432
f 432 444 433
f 432 433 421
f 433 445 446
f 433 446 434
f 434 446 447
f 434 447 435
f 435 447 448
f 435 448 436
f 436 448 449
f 436 449 437
f 437 449 450
f 437 450 438
f 438 450 451
f 438 451 439
f 439 451 452
f 439 452 440
f 440 452 453
f 440 453 441
f 441 453 454
f 441 454 442
f 442 454 455
f 442 455 443
f 443 455 456
f 443 456 444
f 444 456 445
f 444 445 433
f 445 457 458
f 445 458 446
f 446 458 459
f 446 459 447
f 447 459 460
f 447 460 448
f 448 460 461
f 448 461 449
f 449 461 462
f 449 462 450
f 450 462 463
f 450 463 451
f 451 463 464
f 451 464 452
f 452 464 465
f 452 465 453
f 453 465 466
f 453 466 454
f 454 466 467
f 454 467 455
f 455 467 468
f 455 468 456
f 456 468 457
f 456 457 445
f 457 469 470
f 457 470 458
f 458 470 471
f 458 471 459
f 459 471 472
f 459 472 460
f 460 472 473
f 460 473 461
f 461 473 474
f 461 474 462
f 462 474 475
f 462 475 463
f 463 475 476
f 463 476 464
f 464 476 477
f 464 477 465
f 465 477 478
f 465 478 466
f 466 478 479
f 466 479 467
f 467 479 480
f 467 480 468
f 468 480 469
f 468 469 457
f 469 481 482
f 469 482 470
f 470 482 483
f 470 483 471
f 471 483 484
f 471 484 472
f 472 484 485
f 472 485 473
f 473 485 486
f 473 486 474
f 474 486 487
f 474 487 475
f 475 487 488
f 475 488 476
f 476 488 489
f 476 489 477
f 477 489 490
f 477 490 478
f 478 490 491
f 478 491 479
f 479 491 492
f 479 492 480
f 480 492 481
f 480 481 469
f 481 493 494
f 481 494 482
f 482 494 495
f 482 495 483
f 483 495 496
f 483 496 484
f 484 496 497
f 484 497 485
f 485 497 498
f 485 498 486
f 486 498 499
f 486 499 487
f 487 499 500
f 487 500 488
f 488 500 501
f 488 501 489
f 489 501 502
f 489 502 490
f 490 502 503
f 490 503 491
f 491 503 504
f 491 504 492
f 492 504 493
f 492 493 481
f 493 505 506
f 493 506 494
f 494 506 507
f 494 507 495
f 495 507 508
f 495 508 496
f 496 508 509
f 496 509 497
f 497 509 510
f 497 510 498
f 498 510 511
f 498 511 499
f 499 511 512
f 499 512 500
f 500 512 513
f 500 513 501
f 501 513 514
f 501 514 502
f 502 514 515
f 502 515 503
f 503 515 516
f 503 516 504
f 504 516 505
f 504 505 493
f 505 517 518
f 505 518 506
f 506 518 519
f 506 519 507
f 507 519 520
f 507 520 508
f 508 520 521
f 508 521 509
f 509 521 522
f 509 522 510
f 510 522 523
f 510 523 511
f 511 523 524
f 511 524 512
f 512 524 525
f 512 525 513
f 513 525 526
f 513 526 514
f 514 526 527
f 514 527 515
f 515 527 528
f 515 528 516
f 516 528 517
f 516 517 505
f 517 529 530
f 517 530 518
f 518 530 531
f 518 531 519
f 519 531 532
f 519 532 520
f 520 532 533
f 520 533 521
f 521 533 534
f 521 534 522
f 522 534 535
f 522 535 523
f 523 535 536
f 523 536 524
f 524 536 537
f 524 537 525
f 525 537 538
f 525 538 526
f 526 538 539
f 526 539 527
f 527 539 540
f 527 540 528
f 528 540 529
f 528 529 517
f 529 541 542
f 529 542 530
f 530 542 543
f 530 543 531
f 531 543 544
f 531 544 532
f 532 544 545
f 532 545 533
f 533 545 546
f 533 546 534
f 534 546 547
f 534 547 535
f 535 547 548
f 535 548 536
f 536 548 549
f 536 549 537
f 537 549 550
f 537 550 538
f 538 550 551
f 538 551 539
f 539 551 552
f 539 552 540
f 540 552 541
f 540 541 529
f 541 553 554
f 541 554 542
f 542 554 555
f 542 555 543
f 543 555 556
f 543 556 544
f 544 556 557
f 544 557 545
f 545 557 558
f 545 558 546
f 546 558 559
f 546 559 547
f 547 559 560
f 547 560 548
f 548 560 561
f 548 561 549
f 549 561 562
f 549 562 550
f 550 562 563
f 550 563 551
f 551 563 564
f 551 564 552
f 552 564 553
f 552 553 541
f 553 565 566
f 553 566 554
f 554 566 567
f 554 567 555
f 555 567 568
f 555 568 556
f 556 568 569
f 556 569 557
f 557 569 570
f 557 570 558
f 558 570 571
f 558 571 559
f 559 571 572
f 559 572 560
f 560 572 573
f 560 573 561
f 561 573 574
f 561 574 562
f 562 574 575
f 562 575 563
f 563 575 576
f 563 576 564
f 564 576 565
f 564 565 553
f 565 577 578
f 565 578 566
f 566 578 579
f 566 579 567
f 567 579 580
f 567 580 568
f 568 580 581
f 568 581 569
f 569 581 582
f 569 582 570
f 570 582 583
f 570 583 571
f 571 583 584
f 571 584 572
f 572 584 585
f 572 585 573
f 573 585 586
f 573 586 574
f 574 586 587
f 574 587 575
f 575 587 588
f 575 588 576
f 576 588 577
f 576 577 565
f 577 589 590
f 577 590 578
f 578 590 591
f 578 591 579
f 579 591 592
f 579 592 580
f 580 592 593
f 580 593 581
f 581 593 594
f 581 594 582
f 582 594 595
f 582 595 583
f 583 595 596
f 583 596 584
f 584 596 597
f 584 597 585
f 585 597 598
f 585 598 586
f 586 598 599
f 586 599 587
f 587 599 600
f 587 600 588
f 588 600 589
f 588 589 577
f 589 601 602
f 589 602 590
f 590 602 603
f 590 603 591
f 591 603 604
f 591 604 592
f 592 604 605
f 592 605 593
f 593 605 606
f 593 606 594
f 594 606 607
f 594 607 595
f 595 607 608
f 595 608 596
f 596 608 609
f 596 609 597
f 597 609 610
f 597 610 598
f 598 610 611
f 598 611 599
f 599 611 612
f 599 612 600
f 600 612 601
f 600 601 589
f 601 613 614
f 601 614 602
f 602 614 615
f 602 615 603
f 603 615 616
f 603 616 604
f 604 616 617
f 604 617 605
f 605 617 618
f 605 618 606
f 606 618 619
f 606 619 607
f 607 619 620
f 607 620 608
f 608 620 621
f 608 621 609
f 609 621 622
f 609 622 610
f 610 622 623
f 610 623 611
f 611 623 624
f 611 624 612
f 612 624 613
f 612 613 601
f 613 625 626
f 613 626 614
f 614 626 627
f 614 627 615
f 615 627 628
f 615 628 616
f 616 628 629
f 616 629 617
f 617 629 630
f 617 630 618
f 618 630 631
f 618 631 619
f 619 631 632
f 619 632 620
f 620 632 633
f 620 633 621
f 621 633 634
f 621 634 622
f 622 634 635
f 622 635 623
f 623 635 636
f 623 636 624
f 624 636 625
f 624 625 613
f 625 637 638
f 625 638 626
f 626 638 639
f 626 639 627
f 627 639 640
f 627 640 628
f 628 640 641
f 628 641 629
f 629 641 642
f 629 642 630
f 630 642 643
f 630 643 631
f 631 643 644
f 631 644 632
f 632 644 645
f 632 645 633
f 633 645 646
f 633 646 634
f 634 646 647
f 634 647 635
f 635 647 648
f 635 648 636
f 636 648 637
f 636 637 625
f 637 649 650
f 637 650 638
f 638 650 651
f 638 651 639
f 639 651 652
f 639 652 640
f 640 652 653
f 640 653 641
f 641 653 654
f 641 654 642
f 642 654 655
f 642 655 643
f 643 655 656
f 643 656 644
f 644 656 657
f 644 657 645
f 645 657 658
f 645 658 646
f 646 658 659
f 646 659 647
f 647 659 660
f 647 660 648
f 648 660 649
f 648 649 637
f 649 661 662
f 649 662 650
f 650 662 663
f 650 663 651
f 651 663 664
f 651 664 652
f 652 664 665
f 652 665 653
f 653 665 666
f 653 666 654
f 654 666 667
f 654 667 655
f 655 667 668
f 655 668 656
f 656 668 669
f 656 669 657
f 657 669 670
f 657 670 658
f 658 670 671
f 658 671 659
f 659 671 672
f 659 672 660
f 660 672 661
f 660 661 649
f 661 673 674
f 661 674 662
f 662 674 675
f 662 675 663
f 663 675 676
f 663 676 664
f 664 676 677
f 664 677 665
f 665 677 678
f 665 678 666
f 666 678 679
f 666 679 667
f 667 679 680
f 667 680 668
f 668 680 681
f 668 681 669
f 669 681 682
f 669 682 670
f 670 682 683
f 670 683 671
f 671 683 684
f 671 684 672
f 672 684 673
f 672 673 661
f 673 685 686
f 673 686 674
f 674 686 687
f 674 687 675
f 675 687 688
f 675 688 676
f 676 688 689
f 676 689 677
f 677 689 690
f 677 690 678
f 678 690 691
f 678 691 679
f 679 691 692
f 679 692 680
f 680 692 693
f 680 693 681
f 681 693 694
f 681 694 682
f 682 694 695
f 682 695 683
f 683 695 696
f 683 696 684
f 684 696 685
f 684 685 673
f 685 697 698
f 685 698 686
f 686 698 699
f 686 699 687
f 687 699 700
f 687 700 688
f 688 700 701
f 688 701 689
f 689 701 702
f 689 702 690
f 690 702 703
f 690 703 691
f 691 703 704
f 691 704 692
f 692 704 705
f 692 705 693
f 693 705 706
f 693 706 694
f 694 706 707
f 694 707 695
f 695 707 708
f 695 708 696
f 696 708 697
f 696 697 685
f 697 709 710
f 697 710 698
f 698 710 711
f 698 711 699
f 699 711 712
f 699 712 700
f 700 712 713
f 700 713 701
f 701 713 714
f 701 714 702
f 702 714 715
f 702 715 703
f 703 715 716
f 703 716 704
f 704 716 717
f 704 717 705
f 705 717 718
f 705 718 706
f 706 718 719
f 706 719 707
f 707 719 720
f 707 720 708
f 708 720 709
f 708 709 697
f 709 721 722
f 709 722 710
f 710 722 723
f 710 723 711
f 711 723 724
f 711 724 712
f 712 724 725
f 712 725 713
f 713 725 726
f 713 726 714
f 714 726 727
f 714 727 715
f 715 727 728
f 715 728 716
f 716 728 729
f 716 729 717
f 717 729 730
f 717 730 718
f 718 730 731
f 718 731 719
f 719 731 732
f 719 732 720
f 720 732 721
f 720 721 709
f 721 733 734
f 721 734 722
f 722 734 735
f 722 735 723
f 723 735 736
f 723 736 724
f 724 736 737
f 724 737 725
f 725 737 738
f 725 738 726
f 726 738 739
f 726 739 727
f 727 739 740
f 727 740 728
f 728 740 741
f 728 741 729
f 729 741 742
f 729 742 730
f 730 742 743
f 730 743 731
f 731 743 744
f 731 744 732
f 732 744 733
f 732 733 721
f 733 745 746
f 733 746 734
f 734 746 747
f 734 747 735
f 735 747 748
f 735 748 736
f 736 748 749
f 736 749 737
f 737 749 750
f 737 750 738
f 738 750 751
f 738 751 739
f 739 751 752
f 739 752 740
f 740 752 753
f 740 753 741
f 741 753 754
f 741 754 742
f 742 754 755
f 742 755 743
f 743 755 756
f 743 756 744
f 744 756 745
f 744 745 733
f 745 757 758
f 745 758 746
f 746 758 759
f 746 759 747
f 747 759 760
f 747 760 748
f 748 760 761
f 748 761 749
f 749 761 762
f 749 762 750
f 750 762 763
f 750 763 751
f 751 763 764
f 751 764 752
f 752 764 765
f 752 765 753
f 753 765 766
f 753 766 754
f 754 766 767
f 754 767 755
f 755 767 768
f 755 768 756
f 756 768 757
f 756 757 745
f 757 769 770
f 757 770 758
f 758 770 771
f 758 771 759
f 759 771 772
f 759 772 760
f 760 772 773
f 760 773 761
f 761 773 774
f 761 774 762
f 762 774 775
f 762 775 763
f 763 775 776
f 763 776 764
f 764 776 777
f 764 777 765
f 765 777 778
f 765 778 766
f 766 778 779
f 766 779 767
f 767 779 780
f 767 780 768
f 768 780 769
f 768 769 757
f 769 781 782
f 769 782 770
f 770 782 783
f 770 783 771
f 771 783 784
f 771 784 772
f 772 784 785
f 772 785 773
f 773 785 786
f 773 786 774
f 774 786 787
f 774 787 775
f 775 787 788
f 775 788 776
f 776 788 789
f 776 789 777
f 777 789 790
f 777 790 778
f 778 790 791
f 778 791 779
f 779 791 792
f 779 792 780
f 780 792 781
f 780 781 769
f 781 793 794
f 781 794 782
f 782 794 795
f 782 795 783
f 783 795 796
f 783 796 784
f 784 796 797
f 784 797 785
f 785 797 798
f 785 798 786
f 786 798 799
f 786 799 787
f 787 799 800
f 787 800 788
f 788 800 801
f 788 801 789
f 789 801 802
f 789 802 790
f 790 802 803
f 790 803 791
f 791 803 804
f 791 804 792
f 792 804 793
f 792 793 781
f 793 805 806
f 793 806 794
f 794 806 807
f 794 807 795
f 795 807 808
f 795 808 796
f 796 808 809
f 796 809 797
f 797 809 810
f 797 810 798
f 798 810 811
f 798 811 799
f 799 811 812
f 799 812 800
f 800 812 813
f 800 813 801
f 801 813 814
f 801 814 802
f 802 814 815
f 802 815 803
f 803 815 816
f 803 816 804
f 804 816 805
f 804 805 793
f 805 817 818
f 805 818 806
f 806 818 819
f 806 819 807
f 807 819 820
f 807 820 808
f 808 820 821
f 808 821 809
f 809 821 822
f 809 822 810
f 810 822 823
f 810 823 811
f 811 823 824
f 811 824 812
f 812 824 825
f 812 825 813
f 813 825 826
f 813 826 814
f 814 826 827
f 814 827 815
f 815 827 828
f 815 828 816
f 816 828 817
f 816 817 805
f 817 829 830
f 817 830 818
f 818 830 831
f 818 831 819
f 819 831 832
f 819 832 820
f 820 832 833
f 820 833 821
f 821 833 834
f 821 834 822
f 822 834 835
f 822 835 823
f 823 835 836
f 823 836 824
f 824 836 837
f 824 837 825
f 825 837 838
f 825 838 826
f 826 838 839
f 826 839 827
f 827 839 840
f 827 840 828
f 828 840 829
f 828 829 817
f 829 841 842
f 829 842 830
f 830 842 843
f 830 843 831
f 831 843 844
f 831 844 832
f 832 844 845
f 832 845 833
f 833 845 846
f 833 846 834
f 834 846 847
f 834 847 835
f 835 847 848
f 835 848 836
f 836 848 849
f 836 849 837
f 837 849 850
f 837 850 838
f 838 850 851
f 838 851 839
f 839 851 852
f 839 852 840
f 840 852 841
f 840 841 829
f 841 853 854
f 841 854 842
f 842 854 855
f 842 855 843
f 843 855 856
f 843 856 844
f 844 856 857
f 844 857 845
f 845 857 858
f 845 858 846
f 846 858 859
f 846 859 847
f 847 859 860
f 847 860 848
f 848 860 861
f 848 861 849
f 849 861 862
f 849 862 850
f 850 862 863
f 850 863 851
f 851 863 864
f 851 864 852
f 852 864 853
f 852 853 841
f 853 865 866
f 853 866 854
f 854 866 867
f 854 867 855
f 855 867 868
f 855 868 856
f 856 868 869
f 856 869 857
f 857 869 870
f 857 870 858
f 858 870 871
f 858 871 859
f 859 871 872
f 859 872 860
f 860 872 873
f 860 873 861
f 861 873 874
f 861 874 862
f 862 874 875
f 862 875 863
f 863 875 876
f 863 876 864
f 864 876 865
f 864 865 853
f 865 877 878
f 865 878 866
f 866 878 879
f 866 879 867
f 867 879 880
f 867 880 868
f 868 880 881
f 868 881 869
f 869 881 882
f 869 882 870
f 870 882 883
f 870 883 871
f 871 883 884
f 871 884 872
f 872 884 885
f 872 885 873
f 873 885 886
f 873 886 874
f 874 886 887
f 874 887 875
f 875 887 888
f 875 888 876
f 876 888 877
f 876 877 865
f 877 889 890
f 877 890 878
f 878 890 891
f 878 891 879
f 879 891 892
f 879 892 880
f 880 892 893
f 880 893 881
f 881 893 894
f 881 894 882
f 882 894 895
f 882 895 883
f 883 895 896
f 883 896 884
f 884 896 897
f 884 897 885
f 885 897 898
f 885 898 886
f 886 898 899
f 886 899 887
f 887 899 900
f 887 900 888
f 888 900 889
f 888 889 877
f 889 901 902
f 889 902 890
f 890 902 903
f 890 903 891
f 891 903 904
f 891 904 892
f 892 904 905
f 892 905 893
f 893 905 906
f 893 906 894
f 894 906 907
f 894 907 895
f 895 907 908
f 895 908 896
f 896 908 909
f 896 909 897
f 897 909 910
f 897 910 898
f 898 910 911
f 898 911 899
f 899 911 912
f 899 912 900
f 900 912 901
f 900 901 889
f 901 913 914
f 901 914 902
f 902 914 915
f 902 915 903
f 903 915 916
f 903 916 904
f 904 916 917
f 904 917 905
f 905 917 918
f 905 918 906
f 906 918 919
f 906 919 907
f 907 919 920
f 907 920 908
f 908 920 921
f 908 921 909
f 909 921 922
f 909 922 910
f 910 922 923
f 910 923 911
f 911 923 924
f 911 924 912
f 912 924 913
f 912 913 901
f 913 925 926
f 913 926 914
f 914 926 927
f 914 927 915
f 915 927 928
f 915 928 916
f 916 928 929
f 916 929 917
f 917 929 930
f 917 930 918
f 918 930 931
f 918 931 919
f 919 931 932
f 919 932 920
f 920 932 933
f 920 933 921
f 921 933 934
f 921 934 922
f 922 934 935
f 922 935 923
f 923 935 936
f 923 936 924
f 924 936 925
f 924 925 913
f 925 937 938
f 925 938 926
f 926 938 939
f 926 939 927
f 927 939 940
f 927 940 928
f 928 940 941
f 928 941 929
f 929 941 942
f 929 942 930
f 930 942 943
f 930 943 931
f 931 943 944
f 931 944 932
f 932 944 945
f 932 945 933
f 933 945 946
f 933 946 934
f 934 946 947
f 934 947 935
f 935 947 948
f 935 948 936
f 936 948 937
f 936 937 925
f 937 949 950
f 937 950 938
f 938 950 951
f 938 951 939
f 939 951 952
f 939 952 940
f 940 952 953
f 940 953 941
f 941 953 954
f 941 954 942
f 942 954 955
f 942 955 943
f 943 955 956
f 943 956 944
f 944 956 957
f 944 957 945
f 945 957 958
f 945 958 946
f 946 958 959
f 946 959 947
f 947 959 960
f 947 960 948
f 948 960 949
f 948 949 937
f 949 961 962
f 949 962 950
f 950 962 963
f 950 963 951
f 951 963 964
f 951 964 952
f 952 964 965
f 952 965 953
f 953 965 966
f 953 966 954
f 954 966 967
f 954 967 955
f 955 967 968
f 955 968 956
f 956 968 969
f 956 969 957
f 957 969 970
f 957 970 958
f 958 970 971
f 958 971 959
f 959 971 972
f 959 972 960
f 960 972 961
f 960 961 949
f 961 973 974
f 961 974 962
f 962 974 975
f 962 975 963
f 963 975 976
f 963 976 964
f 964 976 977
f 964 977 965
f 965 977 978
f 965 978 966
f 966 978 979
f 966 979 967
f 967 979 980
f 967 980 968
f 968 980 981
f 968 981 969
f 969 981 982
f 969 982 970
f 970 982 983
f 970 983 971
f 971 983 984
f 971 984 972
f 972 984 973
f 972 973 961
f 973 985 986
f 973 986 974
f 974 986 987
f 974 987 975
f 975 987 988
f 975 988 976
f 976 988 989
f 976 989 977
f 977 989 990
f 977 990 978
f 978 990 991
f 978 991 979
f 979 991 992
f 979 992 980
f 980 992 993
f 980 993 981
f 981 993 994
f 981 994 982
f 982 994 995
f 982 995 983
f 983 995 996
f 983 996 984
f 984 996 985
f 984 985 973
f 985 997 998
f 985 998 986
f 986 998 999
f 986 999 987
f 987 999 1000
f 987 1000 988
f 988 1000 1001
f 988 1001 989
f 989 1001 1002
f 989 1002 990
f 990 1002 1003
f 990 1003 991
f 991 1003 1004
f 991 1004 992
f 992 1004 1005
f 992 1005 993
f 993 1005 1006
f 993 1006 994
f 994 1006 1007
f 994 1007 995
f 995 1007 1008
f 995 1008 996
f 996 1008 997
f 996 997 985
f 997 1009 1010
f 997 1010 998
f 998 1010 1011
f 998 1011 999
f 999 1011 1012
f 999 1012 1000
f 1000 1012 1013
f 1000 1013 1001
f 1001 1013 1014
f 1001 1014 1002
f 1002 1014 1015
f 1002 1015 1003
f 1003 1015 1016
f 1003 1016 1004
f 1004 1016 1017
f 1004 1017 1005
f 1005 1017 1018
f 1005 1018 1006
f 1006 1018 1019
f 1006 1019 1007
f 1007 1019 1020
f 1007 1020 1008
f 1008 1020 1009
f 1008 1009 997
f 1009 1021 1022
f 1009 1022 1010
f 1010 1022 1023
f 1010 1023 1011
f 1011 1023 1024
f 1011 1024 1012
f 1012 1024 1025
f 1012 1025 1013
f 1013 1025 1026
f 1013 1026 1014
f 1014 1026 1027
f 1014 1027 1015
f 1015 1027 1028
f 1015 1028 1016
f 1016 1028 1029
f 1016 1029 1017
f 1017 1029 1030
f 1017 1030 1018
f 1018 1030 1031
f 1018 1031 1019
f 1019 1031 1032
f 1019 1032 1020
f 1020 1032 1021
f 1020 1021 1009
f 1021 1033 1034
f 1021 1034 1022
f 1022 1034 1035
f 1022 1035 1023
f 1023 1035 1036
f 1023 1036 1024
f 1024 1036 1037
f 1024 1037 1025
f 1025 1037 1038
f 1025 1038 1026
f 1026 1038 1039
f 1026 1039 1027
f 1027 1039 1040
f 1027 1040 1028
f 1028 1040 1041
f 1028 1041 1029
f 1029 1041 1042
f 1029 1042 1030
f 1030 1042 1043
f 1030 1043 1031
f 1031 1043 1044
f 1031 1044 1032
f 1032 1044 1033
f 1032 1033 1021
f 1033 1045 1046
f 1033 1046 1034
f 1034 1046 1047
f 1034 1047 1035
f 1035 1047 1048
f 1035 1048 1036
f 1036 1048 1049
f 1036 1049 1037
f 1037 1049 1050
f 1037 1050 1038
f 1038 1050 1051
f 1038 1051 1039
f 1039 1051 1052
f 1039 1052 1040
f 1040 1052 1053
f 1040 1053 1041
f 1041 1053 1054
f 1041 1054 1042
f 1042 1054 1055
f 1042 1055 1043
f 1043 1055 1056
f 1043 1056 1044
f 1044 1056 1045
f 1044 1045 1033
f 1045 1057 1058
f 1045 1058 1046
f 1046 1058 1059
f 1046 1059 1047
f 1047 1059 1060
f 1047 1060 1048
f 1048 1060 1061
f 1048 1061 1049
f 1049 1061 1062
f 1049 1062 1050
f 1050 1062 1063
f 1050 1063 1051
f 1051 1063 1064
f 1051 1064 1052
f 1052 1064 1065
f 1052 1065 1053
f 1053 1065 1066
f 1053 1066 1054
f 1054 1066 1067
f 1054 1067 1055
f 1055 1067 1068
f 1055 1068 1056
f 1056 1068 1057
f 1056 1057 1045
f 1057 1069 1070
f 1057 1070 1058
f 1058 1070 1071
f 1058 1071 1059
f 1059 1071 1072
f 1059 1072 1060
f 1060 1072 1073
f 1060 1073 1061
f 1061 1073 1074
f 1061 1074 1062
f 1062 1074 1075
f 1062 1075 1063
f 1063 1075 1076
f 1063 1076 1064
f 1064 1076 1077
f 1064 1077 1065
f 1065 1077 1078
f 1065 1078 1066
f 1066 1078 1079
f 1066 1079 1067
f 1067 1079 1080
f 1067 1080 1068
f 1068 1080 1069
f 1068 1069 1057
f 1069 1081 1082
f 1069 1082 1070
f 1070 1082 1083
f 1070 1083 1071
f 1071 1083 1084
f 1071 1084 1072
f 1072 1084 1085
f 1072 1085 1073
f 1073 1085 1086
f 1073 1086 1074
f 1074 1086 1087
f 1074 1087 1075
f 1075 1087 1088
f 1075 1088 1076
f 1076 1088 1089
f 1076 1089 1077
f 1077 1089 1090
f 1077 1090 1078
f 1078 1090 1091
f 1078 1091 1079
f 1079 1091 1092
f 1079 1092 1080
f 1080 1092 1081
f 1080 1081 1069
f 1081 1093 1094
f 1081 1094 1082
f 1082 1094 1095
f 1082 1095 1083
f 1083 1095 1096
f 1083 1096 1084
f 1084 1096 1097
f 1084 1097 1085
f 1085 1097 1098
f 1085 1098 1086
f 1086 1098 1099
f 1086 1099 1087
f 1087 1099 1100
f 1087 1100 1088
f 1088 1100 1101
f 1088 1101 1089
f 1089 1101 1102
f 1089 1102 1090
f 1090 1102 1103
f 1090 1103 1091
f 1091 1103 1104
f 1091 1104 1092
f 1092 1104 1093
f 1092 1093 1081
f 1093 1105 1106
f 1093 1106 1094
f 1094 1106 1107
f 1094 1107 1095
f 1095 1107 1108
f 1095 1108 1096
f 1096 1108 1109
f 1096 1109 1097
f 1097 1109 1110
f 1097 1110 1098
f 1098 1110 1111
f 1098 1111 1099
f 1099 1111 1112
f 1099 1112 1100
f 1100 1112 1113
f 1100 1113 1101
f 1101 1113 1114
f 1101 1114 1102
f 1102 1114 1115
f 1102 1115 1103
f 1103 1115 1116
f 1103 1116 1104
f 1104 1116 1105
f 1104 1105 1093
f 1105 1117 1118
f 1105 1118 1106
f 1106 1118 1119
f 1106 1119 1107
f 1107 1119 1120
f 1107 1120 1108
f 1108 1120 1121
f 1108 1121 1109
f 1109 1121 1122
f 1109 1122 1110
f 1110 1122 1123
f 1110 1123 1111
f 1111 1123 1124
f 1111 1124 1112
f 1112 1124 1125
f 1112 1125 1113
f 1113 1125 1126
f 1113 1126 1114
f 1114 1126 1127
f 1114 1127 1115
f 1115 1127 1128
f 1115 1128 1116
f 1116 1128 1117
f 1116 1117 1105
f 1117 1129 1130
f 1117 1130 1118
f 1118 1130 1131
f 1118 1131 1119
f 1119 1131 1132
f 1119 1132 1120
f 1120 1132 1133
f 1120 1133 1121
f 1121 1133 1134
f 1121 1134 1122
f 1122 1134 1135
f 1122 1135 1123
f 1123 1135 1136
f 1123 1136 1124
f 1124 1136 1137
f 1124 1137 1125
f 1125 1137 1138
f 1125 1138 1126
f 1126 1138 1139
f 1126 1139 1127
f 1127 1139 1140
f 1127 1140 1128
f 1128 1140 1129
f 1128 1129 1117
f 1129 1141 1142
f 1129 1142 1130
f 1130 1142 1143
f 1130 1143 1131
f 1131 1143 1144
f 1131 1144 1132
f 1132 1144 1145
f 1132 1145 1133
f 1133 1145 1146
f 1133 1146 1134
f 1134 1146 1147
f 1134 1147 1135
f 1135 1147 1148
f 1135 1148 1136
f 1136 1148 1149
f 1136 1149 1137
f 1137 1149 1150
f 1137 1150 1138
f 1138 1150 1151
f 1138 1151 1139
f 1139 1151 1152
f 1139 1152 1140
f 1140 1152 1141
f 1140 1141 1129
f 1141 1 2
f 1141 2 1142
f 1142 2 3
f 1142 3 1143
f 1143 3 4
f 1143 4 1144
f 1144 4 5
f 1144 5 1145
f 1145 5 6
f 1145 6 1146
f 1146 6 7
f 1146 7 1147
f 1147 7 8
f 1147 8 1148
f 1148 8 9
f 1148 9 1149
f 1149 9 10
f 1149 10 1150
f 1150 10 11
f 1150 11 1151
f 1151 11 12
f 1151 12 1152
f 1152 12 1
f 1152 1 1141
v 0.2417001 0.0000000 0.0000000
v 0.2406148 -0.0040500 0.0000000
v 0.2376500 -0.0070148 0.0000000
v 0.2336000 -0.0081000 0.0000000
v 0.2295500 -0.0070148 0.0000000
v 0.2265851 -0.0040500 0.0000000
v 0.2255000 0.0000000 0.0000000
v 0.2265851 0.0040500 0.0000000
v 0.2295500 0.0070148 0.0000000
v 0.2336000 0.0081000 0.0000000
v 0.2376500 0.0070148 0.0000000
v 0.2406148 0.0040500 0.0000000
v 0.2411826 0.0000000 0.0158080
v 0.2400997 -0.0040500 0.0157370
v 0.2371411 -0.0070148 0.0155431
v 0.2330998 -0.0081000 0.0152782
v 0.2290585 -0.0070148 0.0150133
v 0.2261001 -0.0040500 0.0148194
v 0.2250172 0.0000000 0.0147484
v 0.2261001 0.0040500 0.0148194
v 0.2290585 0.0070148 0.0150133
v 0.2330998 0.0081000 0.0152782
v 0.2371411 0.0070148 0.0155431
v 0.2400997 0.0040500 0.0157370
v 0.2396322 0.0000000 0.0315482
v 0.2385563 -0.0040500 0.0314065
v 0.2356169 -0.0070148 0.0310195
v 0.2316016 -0.0081000 0.0304909
v 0.2275862 -0.0070148 0.0299623
v 0.2246467 -0.0040500 0.0295753
v 0.2235708 0.0000000 0.0294336
v 0.2246467 0.0040500 0.0295753
v 0.2275862 0.0070148 0.0299623
v 0.2316016 0.0081000 0.0304909
v 0.2356169 0.0070148 0.0310195
v 0.2385563 0.0040500 0.0314065
v 0.2370558 0.0000000 0.0471534
v 0.2359915 -0.0040500 0.0469416
v 0.2330836 -0.0070148 0.0463632
v 0.2291114 -0.0081000 0.0455731
v 0.2251393 -0.0070148 0.0447830
v 0.2222314 -0.0040500 0.0442046
v 0.2211671 0.0000000 0.0439929
v 0.2222314 0.0040500 0.0442046
v 0.2251393 0.0070148 0.0447830
v 0.2291114 0.0081000 0.0455731
v 0.2330836 0.0070148 0.0463632
v 0.2359915 0.0040500 0.0469416
v 0.2334642 0.0000000 0.0625565
v 0.2324160 -0.0040500 0.0622757
v 0.2295523 -0.0070148 0.0615083
v 0.2256403 -0.0081000 0.0604601
v 0.2217283 -0.0070148 0.0594119
v 0.2188644 -0.0040500 0.0586446
v 0.2178162 0.0000000 0.0583637
v 0.2188644 0.0040500 0.0586445
v 0.2217283 0.0070148 0.0594119
v 0.2256403 0.0081000 0.0604601
v 0.2295523 0.0070148 0.0615083
v 0.2324160 0.0040500 0.0622757
v 0.2288730 0.0000000 0.0776919
v 0.2278454 -0.0040500 0.0773431
v 0.2250379 -0.0070148 0.0763901
v 0.2212029 -0.0081000 0.0750883
v 0.2173678 -0.0070148 0.0737864
v 0.2145604 -0.0040500 0.0728334
v 0.2135328 0.0000000 0.0724846
v 0.2145604 0.0040500 0.0728334
v 0.2173678 0.0070148 0.0737864
v 0.2212029 0.0081000 0.0750883
v 0.2250379 0.0070148 0.0763901
v 0.2278454 0.0040500 0.0773431
v 0.2233016 0.0000000 0.0924946
v 0.2222991 -0.0040500 0.0920793
v 0.2195600 -0.0070148 0.0909447
v 0.2158183 -0.0081000 0.0893948
v 0.2120765 -0.0070148 0.0878450
v 0.2093375 -0.0040500 0.0867104
v 0.2083348 0.0000000 0.0862951
v 0.2093375 0.0040500 0.0867104
v 0.2120765 0.0070148 0.0878450
v 0.2158183 0.0081000 0.0893948
v 0.2195600 0.0070148 0.0909447
v 0.2222991 0.0040500 0.0920793
v 0.2167741 0.0000000 0.1069012
v 0.2158009 -0.0040500 0.1064212
v 0.2131418 -0.0070148 0.1051099
v 0.2095095 -0.0081000 0.1033187
v 0.2058772 -0.0070148 0.1015274
v 0.2032181 -0.0040500 0.1002161
v 0.2022448 0.0000000 0.0997361
v 0.2032181 0.0040500 0.1002161
v 0.2058772 0.0070148 0.1015274
v 0.2095095 0.0081000 0.1033186
v 0.2131418 0.0070148 0.1051099
v 0.2158009 0.0040500 0.1064212
v 0.2093183 0.0000000 0.1208500
v 0.2083786 -0.0040500 0.1203074
v 0.2058109 -0.0070148 0.1188250
v 0.2023035 -0.0081000 0.1168000
v 0.1987962 -0.0070148 0.1147750
v 0.1962285 -0.0040500 0.1132926
v 0.1952888 0.0000000 0.1127500
v 0.1962285 0.0040500 0.1132926
v 0.1987962 0.0070148 0.1147750
v 0.2023035 0.0081000 0.1168000
v 0.2058109 0.0070148 0.1188250
v 0.2083786 0.0040500 0.1203074
v 0.2009662 0.0000000 0.1342813
v 0.2000639 -0.0040500 0.1336784
v 0.1975988 -0.0070148 0.1320313
v 0.1942313 -0.0081000 0.1297812
v 0.1908638 -0.0070148 0.1275312
v 0.1883987 -0.0040500 0.1258840
v 0.1874964 0.0000000 0.1252811
v 0.1883987 0.0040500 0.1258840
v 0.1908638 0.0070148 0.1275311
v 0.1942313 0.0081000 0.1297812
v 0.1975988 0.0070148 0.1320313
v 0.2000639 0.0040500 0.1336784
v 0.1917535 0.0000000 0.1471376
v 0.1908926 -0.0040500 0.1464770
v 0.1885405 -0.0070148 0.1446721
v 0.1853274 -0.0081000 0.1422066
v 0.1821142 -0.0070148 0.1397412
v 0.1797621 -0.0040500 0.1379363
v 0.1789012 0.0000000 0.1372757
v 0.1797621 0.0040500 0.1379363
v 0.1821142 0.0070148 0.1397412
v 0.1853274 0.0081000 0.1422066
v 0.1885405 0.0070148 0.1446721
v 0.1908926 0.0040500 0.1464770
v 0.1817197 0.0000000 0.1593639
v 0.1809038 -0.0040500 0.1586484
v 0.1786747 -0.0070148 0.1566935
v 0.1756297 -0.0081000 0.1540232
v 0.1725849 -0.0070148 0.1513529
v 0.1703558 -0.0040500 0.1493980
v 0.1695399 0.0000000 0.1486825
v 0.1703558 0.0040500 0.1493980
v 0.1725849 0.0070148 0.1513528
v 0.1756297 0.0081000 0.1540232
v 0.1786747 0.0070148 0.1566935
v 0.1809038 0.0040500 0.1586484
v 0.1709077 0.0000000 0.1709077
v 0.1701404 -0.0040500 0.1701404
v 0.1680440 -0.0070148 0.1680439
v 0.1651801 -0.0081000 0.1651802
v 0.1623163 -0.0070148 0.1623164
v 0.1602199 -0.0040500 0.1602199
v 0.1594526 0.0000000 0.1594526
v 0.1602199 0.0040500 0.1602199
v 0.1623163 0.0070148 0.1623164
v 0.1651801 0.0081000 0.1651801
v 0.1680440 0.0070148 0.1680439
v 0.1701404 0.0040500 0.1701404
v 0.1593639 0.0000000 0.1817197
v 0.1586484 -0.0040500 0.1809038
v 0.1566936 -0.0070148 0.1786747
v 0.1540232 -0.0081000 0.1756298
v 0.1513529 -0.0070148 0.1725848
v 0.1493980 -0.0040500 0.1703558
v 0.1486825 0.0000000 0.1695399
v 0.1493980 0.0040500 0.1703557
v 0.1513529 0.0070148 0.1725848
v 0.1540232 0.0081000 0.1756298
v 0.1566936 0.0070148 0.1786747
v 0.1586484 0.0040500 0.1809038
v 0.1471376 0.0000000 0.1917535
v 0.1464771 -0.0040500 0.1908925
v 0.1446722 -0.0070148 0.1885404
v 0.1422067 -0.0081000 0.1853273
v 0.1397412 -0.0070148 0.1821142
v 0.1379364 -0.0040500 0.1797621
v 0.1372757 0.0000000 0.1789012
v 0.1379364 0.0040500 0.1797621
v 0.1397412 0.0070148 0.1821142
v 0.1422067 0.0081000 0.1853273
v 0.1446722 0.0070148 0.1885404
v 0.1464771 0.0040500 0.1908925
v 0.1342813 0.0000000 0.2009662
v 0.1336784 -0.0040500 0.2000639
v 0.1320312 -0.0070148 0.1975988
v 0.1297811 -0.0081000 0.1942313
v 0.1275312 -0.0070148 0.1908639
v 0.1258839 -0.0040500 0.1883987
v 0.1252811 0.0000000 0.1874964
v 0.1258839 0.0040500 0.1883987
v 0.1275312 0.0070148 0.1908639
v 0.1297811 0.0081000 0.1942313
v 0.1320312 0.0070148 0.1975988
v 0.1336784 0.0040500 0.2000639
v 0.1208500 0.0000000 0.2093184
v 0.1203074 -0.0040500 0.2083786
v 0.1188250 -0.0070148 0.2058110
v 0.1168000 -0.0081000 0.2023036
v 0.1147749 -0.0070148 0.1987962
v 0.1132926 -0.0040500 0.1962286
v 0.1127499 0.0000000 0.1952887
v 0.1132926 0.0040500 0.1962285
v 0.1147749 0.0070148 0.1987961
v 0.1168000 0.0081000 0.2023035
v 0.1188250 0.0070148 0.2058109
v 0.1203074 0.0040500 0.2083786
v 0.1069012 0.0000000 0.2167741
v 0.1064212 -0.0040500 0.2158009
v 0.1051099 -0.0070148 0.2131418
v 0.1033187 -0.0081000 0.2095095
v 0.1015273 -0.0070148 0.2058771
v 0.1002160 -0.0040500 0.2032181
v 0.0997361 0.0000000 0.2022448
v 0.1002160 0.0040500 0.2032181
v 0.1015273 0.0070148 0.2058771
v 0.1033187 0.0081000 0.2095095
v 0.1051099 0.0070148 0.2131418
v 0.1064212 0.0040500 0.2158009
v 0.0924946 0.0000000 0.2233017
v 0.0920794 -0.0040500 0.2222991
v 0.0909448 -0.0070148 0.2195600
v 0.0893949 -0.0081000 0.2158183
v 0.0878451 -0.0070148 0.2120765
v 0.0867105 -0.0040500 0.2093374
v 0.0862951 0.0000000 0.2083348
v 0.0867105 0.0040500 0.2093374
v 0.0878451 0.0070148 0.2120765
v 0.0893949 0.0081000 0.2158182
v 0.0909448 0.0070148 0.2195599
v 0.0920794 0.0040500 0.2222991
v 0.0776919 0.0000000 0.2288730
v 0.0773431 -0.0040500 0.2278455
v 0.0763900 -0.0070148 0.2250380
v 0.0750883 -0.0081000 0.2212029
v 0.0737864 -0.0070148 0.2173678
v 0.0728334 -0.0040500 0.2145604
v 0.0724846 0.0000000 0.2135328
v 0.0728334 0.0040500 0.2145604
v 0.0737864 0.0070148 0.2173678
v 0.0750883 0.0081000 0.2212029
v 0.0763900 0.0070148 0.2250380
v 0.0773431 0.0040500 0.2278454
v 0.0625566 0.0000000 0.2334643
v 0.0622756 -0.0040500 0.2324161
v 0.0615083 -0.0070148 0.2295523
v 0.0604601 -0.0081000 0.2256403
v 0.0594119 -0.0070148 0.2217283
v 0.0586445 -0.0040500 0.2188645
v 0.0583637 0.0000000 0.2178163
v 0.0586445 0.0040500 0.2188645
v 0.0594119 0.0070148 0.2217283
v 0.0604601 0.0081000 0.2256403
v 0.0615083 0.0070148 0.2295522
v 0.0622756 0.0040500 0.2324161
v 0.0471534 0.0000000 0.2370558
v 0.0469416 -0.0040500 0.2359914
v 0.0463632 -0.0070148 0.2330836
v 0.0455731 -0.0081000 0.2291115
v 0.0447830 -0.0070148 0.2251393
v 0.0442046 -0.0040500 0.2222314
v 0.0439929 0.0000000 0.2211671
v 0.0442046 0.0040500 0.2222314
v 0.0447830 0.0070148 0.2251392
v 0.0455731 0.0081000 0.2291114
v 0.0463632 0.0070148 0.2330836
v 0.0469416 0.0040500 0.2359914
v 0.0315481 0.0000000 0.2396322
v 0.0314065 -0.0040500 0.2385564
v 0.0310194 -0.0070148 0.2356169
v 0.0304909 -0.0081000 0.2316016
v 0.0299623 -0.0070148 0.2275862
v 0.0295752 -0.0040500 0.2246467
v 0.0294336 0.0000000 0.2235708
v 0.0295752 0.0040500 0.2246467
v 0.0299623 0.0070148 0.2275862
v 0.0304909 0.0081000 0.2316015
v 0.0310194 0.0070148 0.2356169
v 0.0314065 0.0040500 0.2385563
v 0.0158079 0.0000000 0.2411825
v 0.0157369 -0.0040500 0.2400996
v 0.0155430 -0.0070148 0.2371412
v 0.0152781 -0.0081000 0.2330998
v 0.0150132 -0.0070148 0.2290585
v 0.0148194 -0.0040500 0.2261001
v 0.0147483 0.0000000 0.2250172
v 0.0148194 0.0040500 0.2261001
v 0.0150132 0.0070148 0.2290585
v 0.0152781 0.0081000 0.2330998
v 0.0155430 0.0070148 0.2371412
v 0.0157369 0.0040500 0.2400996
v 0.0000000 0.0000000 0.2417000
v 0.0000000 -0.0040500 0.2406148
v 0.0000000 -0.0070148 0.2376500
v 0.0000000 -0.0081000 0.2336000
v 0.0000000 -0.0070148 0.2295500
v 0.0000000 -0.0040500 0.2265852
v 0.0000000 0.0000000 0.2255000
v 0.0000000 0.0040500 0.2265852
v 0.0000000 0.0070148 0.2295500
v 0.0000000 0.0081000 0.2336000
v 0.0000000 0.0070148 0.2376500
v 0.0000000 0.0040500 0.2406148
v -0.0158079 0.0000000 0.2411825
v -0.0157369 -0.0040500 0.2400996
v -0.0155430 -0.0070148 0.2371412
v -0.0152781 -0.0081000 0.2330998
v -0.0150132 -0.0070148 0.2290585
v -0.0148194 -0.0040500 0.2261001
v -0.0147483 0.0000000 0.2250172
v -0.0148194 0.0040500 0.2261001
v -0.0150132 0.0070148 0.2290585
v -0.0152781 0.0081000 0.2330998
v -0.0155430 0.0070148 0.2371412
v -0.0157369 0.0040500 0.2400996
v -0.0315483 0.0000000 0.2396322
v -0.0314065 -0.0040500 0.2385563
v -0.0310196 -0.0070148 0.2356169
v -0.0304910 -0.0081000 0.2316015
v -0.0299623 -0.0070148 0.2275862
v -0.0295753 -0.0040500 0.2246467
v -0.0294337 0.0000000 0.2235708
v -0.0295753 0.0040500 0.2246467
v -0.0299623 0.0070148 0.2275862
v -0.0304910 0.0081000 0.2316015
v -0.0310196 0.0070148 0.2356168
v -0.0314065 0.0040500 0.2385563
v -0.0471534 0.0000000 0.2370558
v -0.0469416 -0.0040500 0.2359914
v -0.0463632 -0.0070148 0.2330836
v -0.0455731 -0.0081000 0.2291115
v -0.0447830 -0.0070148 0.2251393
v -0.0442046 -0.0040500 0.2222314
v -0.0439929 0.0000000 0.2211671
v -0.0442046 0.0040500 0.2222314
v -0.0447830 0.0070148 0.2251392
v -0.0455731 0.0081000 0.2291114
v -0.0463632 0.0070148 0.2330836
v -0.0469416 0.0040500 0.2359914
v -0.0625565 0.0000000 0.2334643
v -0.0622756 -0.0040500 0.2324161
v -0.0615083 -0.0070148 0.2295523
v -0.0604601 -0.0081000 0.2256403
v -0.0594119 -0.0070148 0.2217283
v -0.0586445 -0.0040500 0.2188645
v -0.0583637 0.0000000 0.2178163
v -0.0586445 0.0040500 0.2188645
v -0.0594119 0.0070148 0.2217283
v -0.0604601 0.0081000 0.2256403
v -0.0615083 0.0070148 0.2295523
v -0.0622756 0.0040500 0.2324161
v -0.0776919 0.0000000 0.2288730
v -0.0773431 -0.0040500 0.2278454
v -0.0763901 -0.0070148 0.2250380
v -0.0750883 -0.0081000 0.2212029
v -0.0737865 -0.0070148 0.2173678
v -0.0728334 -0.0040500 0.2145603
v -0.0724846 0.0000000 0.2135327
v -0.0728334 0.0040500 0.2145603
v -0.0737865 0.0070148 0.2173678
v -0.0750883 0.0081000 0.2212029
v -0.0763901 0.0070148 0.2250379
v -0.0773431 0.0040500 0.2278454
v -0.0924946 0.0000000 0.2233017
v -0.0920793 -0.0040500 0.2222991
v -0.0909448 -0.0070148 0.2195600
v -0.0893949 -0.0081000 0.2158183
v -0.0878450 -0.0070148 0.2120765
v -0.0867105 -0.0040500 0.2093374
v -0.0862951 0.0000000 0.2083348
v -0.0867105 0.0040500 0.2093374
v -0.0878450 0.0070148 0.2120765
v -0.0893949 0.0081000 0.2158183
v -0.0909448 0.0070148 0.2195600
v -0.0920793 0.0040500 0.2222991
v -0.1069012 0.0000000 0.2167741
v -0.1064212 -0.0040500 0.2158009
v -0.1051099 -0.0070148 0.2131418
v -0.1033186 -0.0081000 0.2095095
v -0.1015273 -0.0070148 0.2058772
v -0.1002160 -0.0040500 0.2032181
v -0.0997361 0.0000000 0.2022448
v -0.1002160 0.0040500 0.2032181
v -0.1015273 0.0070148 0.2058771
v -0.1033186 0.0081000 0.2095095
v -0.1051099 0.0070148 0.2131418
v -0.1064212 0.0040500 0.2158009
v -0.1208500 0.0000000 0.2093184
v -0.1203073 -0.0040500 0.2083786
v -0.1188250 -0.0070148 0.2058110
v -0.1168000 -0.0081000 0.2023036
v -0.1147749 -0.0070148 0.1987962
v -0.1132926 -0.0040500 0.1962286
v -0.1127499 0.0000000 0.1952887
v -0.1132926 0.0040500 0.1962286
v -0.1147749 0.0070148 0.1987962
v -0.1168000 0.0081000 0.2023036
v -0.1188250 0.0070148 0.2058110
v -0.1203073 0.0040500 0.2083786
v -0.1342813 0.0000000 0.2009663
v -0.1336783 -0.0040500 0.2000639
v -0.1320312 -0.0070148 0.1975988
v -0.1297811 -0.0081000 0.1942314
v -0.1275311 -0.0070148 0.1908639
v -0.1258839 -0.0040500 0.1883987
v -0.1252810 0.0000000 0.1874965
v -0.1258839 0.0040500 0.1883987
v -0.1275311 0.0070148 0.1908639
v -0.1297811 0.0081000 0.1942313
v -0.1320312 0.0070148 0.1975988
v -0.1336783 0.0040500 0.2000639
v -0.1471376 0.0000000 0.1917535
v -0.1464770 -0.0040500 0.1908926
v -0.1446722 -0.0070148 0.1885404
v -0.1422067 -0.0081000 0.1853274
v -0.1397412 -0.0070148 0.1821143
v -0.1379364 -0.0040500 0.1797621
v -0.1372757 0.0000000 0.1789012
v -0.1379364 0.0040500 0.1797621
v -0.1397412 0.0070148 0.1821142
v -0.1422067 0.0081000 0.1853273
v -0.1446722 0.0070148 0.1885404
v -0.1464770 0.0040500 0.1908925
v -0.1593639 0.0000000 0.1817197
v -0.1586484 -0.0040500 0.1809038
v -0.1566936 -0.0070148 0.1786748
v -0.1540232 -0.0081000 0.1756298
v -0.1513528 -0.0070148 0.1725849
v -0.1493980 -0.0040500 0.1703558
v -0.1486825 0.0000000 0.1695399
v -0.1493980 0.0040500 0.1703558
v -0.1513528 0.0070148 0.1725848
v -0.1540232 0.0081000 0.1756298
v -0.1566936 0.0070148 0.1786748
v -0.1586484 0.0040500 0.1809038
v -0.1709077 0.0000000 0.1709077
v -0.1701404 -0.0040500 0.1701403
v -0.1680440 -0.0070148 0.1680439
v -0.1651802 -0.0081000 0.1651801
v -0.1623164 -0.0070148 0.1623163
v -0.1602200 -0.0040500 0.1602199
v -0.1594526 0.0000000 0.1594525
v -0.1602200 0.0040500 0.1602199
v -0.1623164 0.0070148 0.1623163
v -0.1651802 0.0081000 0.1651801
v -0.1680440 0.0070148 0.1680439
v -0.1701404 0.0040500 0.1701403
v -0.1817197 0.0000000 0.1593639
v -0.1809038 -0.0040500 0.1586484
v -0.1786748 -0.0070148 0.1566935
v -0.1756297 -0.0081000 0.1540232
v -0.1725849 -0.0070148 0.1513528
v -0.1703558 -0.0040500 0.1493980
v -0.1695399 0.0000000 0.1486824
v -0.1703558 0.0040500 0.1493980
v -0.1725849 0.0070148 0.1513528
v -0.1756297 0.0081000 0.1540232
v -0.1786748 0.0070148 0.1566935
v -0.1809038 0.0040500 0.1586483
v -0.1917535 0.0000000 0.1471376
v -0.1908926 -0.0040500 0.1464770
v -0.1885405 -0.0070148 0.1446722
v -0.1853273 -0.0081000 0.1422067
v -0.1821142 -0.0070148 0.1397412
v -0.1797621 -0.0040500 0.1379363
v -0.1789012 0.0000000 0.1372757
v -0.1797621 0.0040500 0.1379363
v -0.1821142 0.0070148 0.1397412
v -0.1853273 0.0081000 0.1422067
v -0.1885405 0.0070148 0.1446722
v -0.1908926 0.0040500 0.1464770
v -0.2009662 0.0000000 0.1342814
v -0.2000638 -0.0040500 0.1336785
v -0.1975987 -0.0070148 0.1320313
v -0.1942313 -0.0081000 0.1297812
v -0.1908638 -0.0070148 0.1275312
v -0.1883987 -0.0040500 0.1258840
v -0.1874964 0.0000000 0.1252811
v -0.1883987 0.0040500 0.1258840
v -0.1908638 0.0070148 0.1275312
v -0.1942313 0.0081000 0.1297812
v -0.1975987 0.0070148 0.1320313
v -0.2000638 0.0040500 0.1336785
v -0.2093183 0.0000000 0.1208501
v -0.2083786 -0.0040500 0.1203075
v -0.2058109 -0.0070148 0.1188251
v -0.2023035 -0.0081000 0.1168001
v -0.1987962 -0.0070148 0.1147751
v -0.1962285 -0.0040500 0.1132927
v -0.1952887 0.0000000 0.1127501
v -0.1962285 0.0040500 0.1132926
v -0.1987962 0.0070148 0.1147751
v -0.2023035 0.0081000 0.1168000
v -0.2058109 0.0070148 0.1188250
v -0.2083786 0.0040500 0.1203075
v -0.2167741 0.0000000 0.1069012
v -0.2158009 -0.0040500 0.1064212
v -0.2131418 -0.0070148 0.1051099
v -0.2095095 -0.0081000 0.1033186
v -0.2058772 -0.0070148 0.1015274
v -0.2032181 -0.0040500 0.1002161
v -0.2022448 0.0000000 0.0997361
v -0.2032181 0.0040500 0.1002161
v -0.2058772 0.0070148 0.1015274
v -0.2095095 0.0081000 0.1033186
v -0.2131418 0.0070148 0.1051099
v -0.2158009 0.0040500 0.1064212
v -0.2233016 0.0000000 0.0924946
v -0.2222991 -0.0040500 0.0920793
v -0.2195600 -0.0070148 0.0909447
v -0.2158183 -0.0081000 0.0893949
v -0.2120765 -0.0070148 0.0878450
v -0.2093374 -0.0040500 0.0867104
v -0.2083348 0.0000000 0.0862951
v -0.2093374 0.0040500 0.0867104
v -0.2120765 0.0070148 0.0878450
v -0.2158183 0.0081000 0.0893949
v -0.2195600 0.0070148 0.0909447
v -0.2222991 0.0040500 0.0920793
v -0.2288730 0.0000000 0.0776919
v -0.2278454 -0.0040500 0.0773430
v -0.2250379 -0.0070148 0.0763900
v -0.2212030 -0.0081000 0.0750882
v -0.2173679 -0.0070148 0.0737864
v -0.2145604 -0.0040500 0.0728334
v -0.2135328 0.0000000 0.0724846
v -0.2145604 0.0040500 0.0728334
v -0.2173679 0.0070148 0.0737864
v -0.2212030 0.0081000 0.0750882
v -0.2250379 0.0070148 0.0763900
v -0.2278454 0.0040500 0.0773430
v -0.2334642 0.0000000 0.0625565
v -0.2324160 -0.0040500 0.0622757
v -0.2295523 -0.0070148 0.0615083
v -0.2256403 -0.0081000 0.0604601
v -0.2217283 -0.0070148 0.0594119
v -0.2188646 -0.0040500 0.0586445
v -0.2178162 0.0000000 0.0583637
v -0.2188646 0.0040500 0.0586445
v -0.2217283 0.0070148 0.0594119
v -0.2256403 0.0081000 0.0604601
v -0.2295523 0.0070148 0.0615083
v -0.2324160 0.0040500 0.0622757
v -0.2370558 0.0000000 0.0471533
v -0.2359915 -0.0040500 0.0469416
v -0.2330836 -0.0070148 0.0463632
v -0.2291114 -0.0081000 0.0455731
v -0.2251393 -0.0070148 0.0447830
v -0.2222314 -0.0040500 0.0442046
v -0.2211671 0.0000000 0.0439929
v -0.2222314 0.0040500 0.0442046
v -0.2251393 0.0070148 0.0447830
v -0.2291114 0.0081000 0.0455731
v -0.2330836 0.0070148 0.0463632
v -0.2359915 0.0040500 0.0469416
v -0.2396322 0.0000000 0.0315482
v -0.2385563 -0.0040500 0.0314066
v -0.2356168 -0.0070148 0.0310196
v -0.2316015 -0.0081000 0.0304910
v -0.2275862 -0.0070148 0.0299623
v -0.2246467 -0.0040500 0.0295753
v -0.2235708 0.0000000 0.0294337
v -0.2246467 0.0040500 0.0295753
v -0.2275862 0.0070148 0.0299623
v -0.2316015 0.0081000 0.0304909
v -0.2356168 0.0070148 0.0310196
v -0.2385563 0.0040500 0.0314066
v -0.2411824 0.0000000 0.0158080
v -0.2400997 -0.0040500 0.0157370
v -0.2371411 -0.0070148 0.0155431
v -0.2330998 -0.0081000 0.0152782
v -0.2290585 -0.0070148 0.0150133
v -0.2261001 -0.0040500 0.0148194
v -0.2250172 0.0000000 0.0147485
v -0.2261001 0.0040500 0.0148194
v -0.2290585 0.0070148 0.0150133
v -0.2330998 0.0081000 0.0152782
v -0.2371411 0.0070148 0.0155431
v -0.2400997 0.0040500 0.0157370
v -0.2417001 0.0000000 0.0000000
v -0.2406148 -0.0040500 0.0000000
v -0.2376500 -0.0070148 0.0000000
v -0.2336000 -0.0081000 0.0000000
v -0.2295500 -0.0070148 0.0000000
v -0.2265851 -0.0040500 0.0000000
v -0.2255000 0.0000000 0.0000000
v -0.2265851 0.0040500 0.0000000
v -0.2295500 0.0070148 0.0000000
v -0.2336000 0.0081000 0.0000000
v -0.2376500 0.0070148 0.0000000
v -0.2406148 0.0040500 0.0000000
v -0.2411826 0.0000000 -0.0158079
v -0.2400997 -0.0040500 -0.0157369
v -0.2371411 -0.0070148 -0.0155430
v -0.2330998 -0.0081000 -0.0152781
v -0.2290585 -0.0070148 -0.0150132
v -0.2261001 -0.0040500 -0.0148193
v -0.2250172 0.0000000 -0.0147484
v -0.2261001 0.0040500 -0.0148193
v -0.2290585 0.0070148 -0.0150132
v -0.2330998 0.0081000 -0.0152781
v -0.2371411 0.0070148 -0.0155430
v -0.2400997 0.0040500 -0.0157369
v -0.2396322 0.0000000 -0.0315482
v -0.2385563 -0.0040500 -0.0314066
v -0.2356168 -0.0070148 -0.0310196
v -0.2316015 -0.0081000 -0.0304909
v -0.2275862 -0.0070148 -0.0299623
v -0.2246467 -0.0040500 -0.0295753
v -0.2235708 0.0000000 -0.0294337
v -0.2246467 0.0040500 -0.0295753
v -0.2275862 0.0070148 -0.0299623
v -0.2316015 0.0081000 -0.0304909
v -0.2356168 0.0070148 -0.0310196
v -0.2385563 0.0040500 -0.0314066
v -0.2370558 0.0000000 -0.0471533
v -0.2359915 -0.0040500 -0.0469416
v -0.2330836 -0.0070148 -0.0463632
v -0.2291114 -0.0081000 -0.0455731
v -0.2251393 -0.0070148 -0.0447830
v -0.2222314 -0.0040500 -0.0442046
v -0.2211671 0.0000000 -0.0439929
v -0.2222314 0.0040500 -0.0442046
v -0.2251393 0.0070148 -0.0447830
v -0.2291114 0.0081000 -0.0455731
v -0.2330836 0.0070148 -0.0463632
v -0.2359915 0.0040500 -0.0469416
v -0.2334642 0.0000000 -0.0625565
v -0.2324160 -0.0040500 -0.0622757
v -0.2295523 -0.0070148 -0.0615083
v -0.2256403 -0.0081000 -0.0604601
v -0.2217283 -0.0070148 -0.0594119
v -0.2188646 -0.0040500 -0.0586445
v -0.2178162 0.0000000 -0.0583637
v -0.2188646 0.0040500 -0.0586445
v -0.2217283 0.0070148 -0.0594119
v -0.2256403 0.0081000 -0.0604601
v -0.2295523 0.0070148 -0.0615083
v -0.2324160 0.0040500 -0.0622757
v -0.2288730 0.0000000 -0.0776919
v -0.2278454 -0.0040500 -0.0773430
v -0.2250379 -0.0070148 -0.0763900
v -0.2212030 -0.0081000 -0.0750882
v -0.2173679 -0.0070148 -0.0737864
v -0.2145604 -0.0040500 -0.0728334
v -0.2135328 0.0000000 -0.0724846
v -0.2145604 0.0040500 -0.0728334
v -0.2173679 0.0070148 -0.0737864
v -0.2212030 0.0081000 -0.0750882
v -0.2250379 0.0070148 -0.0763900
v -0.2278454 0.0040500 -0.0773430
v -0.2233018 0.0000000 -0.0924945
v -0.2222991 -0.0040500 -0.0920792
v -0.2195600 -0.0070148 -0.0909446
v -0.2158183 -0.0081000 -0.0893948
v -0.2120765 -0.0070148 -0.0878449
v -0.2093375 -0.0040500 -0.0867103
v -0.2083349 0.0000000 -0.0862950
v -0.2093375 0.0040500 -0.0867103
v -0.2120765 0.0070148 -0.0878449
v -0.2158183 0.0081000 -0.0893948
v -0.2195600 0.0070148 -0.0909446
v -0.2222991 0.0040500 -0.0920792
v -0.2167741 0.0000000 -0.1069012
v -0.2158009 -0.0040500 -0.1064212
v -0.2131418 -0.0070148 -0.1051099
v -0.2095095 -0.0081000 -0.1033186
v -0.2058772 -0.0070148 -0.1015273
v -0.2032181 -0.0040500 -0.1002160
v -0.2022448 0.0000000 -0.0997361
v -0.2032181 0.0040500 -0.1002161
v -0.2058772 0.0070148 -0.1015274
v -0.2095095 0.0081000 -0.1033186
v -0.2131418 0.0070148 -0.1051099
v -0.2158009 0.0040500 -0.1064212
v -0.2093184 0.0000000 -0.1208500
v -0.2083786 -0.0040500 -0.1203074
v -0.2058109 -0.0070148 -0.1188250
v -0.2023035 -0.0081000 -0.1168000
v -0.1987962 -0.0070148 -0.1147750
v -0.1962286 -0.0040500 -0.1132926
v -0.1952888 0.0000000 -0.1127500
v -0.1962286 0.0040500 -0.1132926
v -0.1987962 0.0070148 -0.1147750
v -0.2023035 0.0081000 -0.1168000
v -0.2058109 0.0070148 -0.1188250
v -0.2083786 0.0040500 -0.1203074
v -0.2009662 0.0000000 -0.1342814
v -0.2000638 -0.0040500 -0.1336785
v -0.1975987 -0.0070148 -0.1320313
v -0.1942313 -0.0081000 -0.1297812
v -0.1908638 -0.0070148 -0.1275312
v -0.1883987 -0.0040500 -0.1258840
v -0.1874964 0.0000000 -0.1252811
v -0.1883987 0.0040500 -0.1258840
v -0.1908638 0.0070148 -0.1275312
v -0.1942313 0.0081000 -0.1297812
v -0.1975987 0.0070148 -0.1320313
v -0.2000638 0.0040500 -0.1336785
v -0.1917535 0.0000000 -0.1471376
v -0.1908926 -0.0040500 -0.1464770
v -0.1885405 -0.0070148 -0.1446722
v -0.1853273 -0.0081000 -0.1422067
v -0.1821142 -0.0070148 -0.1397412
v -0.1797621 -0.0040500 -0.1379363
v -0.1789012 0.0000000 -0.1372757
v -0.1797621 0.0040500 -0.1379363
v -0.1821142 0.0070148 -0.1397412
v -0.1853273 0.0081000 -0.1422067
v -0.1885405 0.0070148 -0.1446722
v -0.1908926 0.0040500 -0.1464770
v -0.1817197 0.0000000 -0.1593639
v -0.1809038 -0.0040500 -0.1586484
v -0.1786748 -0.0070148 -0.1566935
v -0.1756297 -0.0081000 -0.1540232
v -0.1725849 -0.0070148 -0.1513528
v -0.1703558 -0.0040500 -0.1493980
v -0.1695399 0.0000000 -0.1486825
v -0.1703558 0.0040500 -0.1493980
v -0.1725849 0.0070148 -0.1513528
v -0.1756297 0.0081000 -0.1540232
v -0.1786748 0.0070148 -0.1566935
v -0.1809038 0.0040500 -0.1586484
v -0.1709077 0.0000000 -0.1709077
v -0.1701404 -0.0040500 -0.1701403
v -0.1680440 -0.0070148 -0.1680439
v -0.1651802 -0.0081000 -0.1651801
v -0.1623164 -0.0070148 -0.1623163
v -0.1602200 -0.0040500 -0.1602199
v -0.1594526 0.0000000 -0.1594525
v -0.1602200 0.0040500 -0.1602199
v -0.1623164 0.0070148 -0.1623163
v -0.1651802 0.0081000 -0.1651801
v -0.1680440 0.0070148 -0.1680439
v -0.1701404 0.0040500 -0.1701403
v -0.1593640 0.0000000 -0.1817196
v -0.1586485 -0.0040500 -0.1809037
v -0.1566936 -0.0070148 -0.1786747
v -0.1540233 -0.0081000 -0.1756297
v -0.1513529 -0.0070148 -0.1725848
v -0.1493981 -0.0040500 -0.1703557
v -0.1486826 0.0000000 -0.1695398
v -0.1493981 0.0040500 -0.1703557
v -0.1513529 0.0070148 -0.1725848
v -0.1540233 0.0081000 -0.1756297
v -0.1566936 0.0070148 -0.1786747
v -0.1586485 0.0040500 -0.1809037
v -0.1471378 0.0000000 -0.1917534
v -0.1464771 -0.0040500 -0.1908925
v -0.1446723 -0.0070148 -0.1885404
v -0.1422068 -0.0081000 -0.1853273
v -0.1397413 -0.0070148 -0.1821142
v -0.1379365 -0.0040500 -0.1797621
v -0.1372758 0.0000000 -0.1789011
v -0.1379365 0.0040500 -0.1797621
v -0.1397413 0.0070148 -0.1821142
v -0.1422068 0.0081000 -0.1853273
v -0.1446723 0.0070148 -0.1885404
v -0.1464771 0.0040500 -0.1908925
v -0.1342815 -0.0000000 -0.2009661
v -0.1336786 -0.0040500 -0.2000638
v -0.1320314 -0.0070148 -0.1975987
v -0.1297814 -0.0081000 -0.1942312
v -0.1275313 -0.0070148 -0.1908638
v -0.1258842 -0.0040500 -0.1883986
v -0.1252812 0.0000000 -0.1874963
v -0.1258842 0.0040500 -0.1883986
v -0.1275313 0.0070148 -0.1908638
v -0.1297814 0.0081000 -0.1942312
v -0.1320314 0.0070148 -0.1975987
v -0.1336786 0.0040500 -0.2000638
v -0.1208500 -0.0000000 -0.2093184
v -0.1203073 -0.0040500 -0.2083786
v -0.1188250 -0.0070148 -0.2058110
v -0.1168000 -0.0081000 -0.2023036
v -0.1147749 -0.0070148 -0.1987962
v -0.1132926 -0.0040500 -0.1962286
v -0.1127499 0.0000000 -0.1952887
v -0.1132926 0.0040500 -0.1962286
v -0.1147749 0.0070148 -0.1987962
v -0.1168000 0.0081000 -0.2023036
v -0.1188250 0.0070148 -0.2058110
v -0.1203073 0.0040500 -0.2083786
v -0.1069012 -0.0000000 -0.2167742
v -0.1064212 -0.0040500 -0.2158009
v -0.1051099 -0.0070148 -0.2131418
v -0.1033186 -0.0081000 -0.2095095
v -0.1015273 -0.0070148 -0.2058771
v -0.1002160 -0.0040500 -0.2032181
v -0.0997361 -0.0000000 -0.2022448
v -0.1002160 0.0040500 -0.2032181
v -0.1015273 0.0070148 -0.2058771
v -0.1033186 0.0081000 -0.2095095
v -0.1051099 0.0070148 -0.2131418
v -0.1064212 0.0040500 -0.2158009
v -0.0924946 -0.0000000 -0.2233017
v -0.0920793 -0.0040500 -0.2222991
v -0.0909448 -0.0070148 -0.2195600
v -0.0893949 -0.0081000 -0.2158183
v -0.0878450 -0.0070148 -0.2120765
v -0.0867105 -0.0040500 -0.2093374
v -0.0862951 -0.0000000 -0.2083348
v -0.0867105 0.0040500 -0.2093374
v -0.0878450 0.0070148 -0.2120765
v -0.0893949 0.0081000 -0.2158183
v -0.0909448 0.0070148 -0.2195600
v -0.0920793 0.0040500 -0.2222991
v -0.0776919 -0.0000000 -0.2288730
v -0.0773431 -0.0040500 -0.2278454
v -0.0763901 -0.0070148 -0.2250379
v -0.0750883 -0.0081000 -0.2212029
v -0.0737865 -0.0070148 -0.2173678
v -0.0728334 -0.0040500 -0.2145603
v -0.0724846 -0.0000000 -0.2135327
v -0.0728334 0.0040500 -0.2145603
v -0.0737865 0.0070148 -0.2173678
v -0.0750883 0.0081000 -0.2212029
v -0.0763901 0.0070148 -0.2250379
v -0.0773431 0.0040500 -0.2278454
v -0.0625566 -0.0000000 -0.2334643
v -0.0622758 -0.0040500 -0.2324160
v -0.0615084 -0.0070148 -0.2295523
v -0.0604602 -0.0081000 -0.2256403
v -0.0594120 -0.0070148 -0.2217283
v -0.0586447 -0.0040500 -0.2188645
v -0.0583638 -0.0000000 -0.2178163
v -0.0586447 0.0040500 -0.2188645
v -0.0594120 0.0070148 -0.2217283
v -0.0604602 0.0081000 -0.2256403
v -0.0615084 0.0070148 -0.2295523
v -0.0622758 0.0040500 -0.2324160
v -0.0471535 -0.0000000 -0.2370558
v -0.0469418 -0.0040500 -0.2359914
v -0.0463634 -0.0070148 -0.2330836
v -0.0455732 -0.0081000 -0.2291114
v -0.0447831 -0.0070148 -0.2251392
v -0.0442047 -0.0040500 -0.2222314
v -0.0439930 -0.0000000 -0.2211671
v -0.0442047 0.0040500 -0.2222314
v -0.0447831 0.0070148 -0.2251392
v -0.0455732 0.0081000 -0.2291114
v -0.0463634 0.0070148 -0.2330836
v -0.0469418 0.0040500 -0.2359914
v -0.0315484 -0.0000000 -0.2396322
v -0.0314066 -0.0040500 -0.2385563
v -0.0310197 -0.0070148 -0.2356169
v -0.0304911 -0.0081000 -0.2316015
v -0.0299624 -0.0070148 -0.2275862
v -0.0295755 -0.0040500 -0.2246467
v -0.0294338 -0.0000000 -0.2235708
v -0.0295755 0.0040500 -0.2246467
v -0.0299624 0.0070148 -0.2275862
v -0.0304911 0.0081000 -0.2316015
v -0.0310197 0.0070148 -0.2356169
v -0.0314066 0.0040500 -0.2385563
v -0.0158079 -0.0000000 -0.2411825
v -0.0157369 -0.0040500 -0.2400997
v -0.0155430 -0.0070148 -0.2371412
v -0.0152781 -0.0081000 -0.2330998
v -0.0150132 -0.0070148 -0.2290585
v -0.0148194 -0.0040500 -0.2261001
v -0.0147483 -0.0000000 -0.2250172
v -0.0148194 0.0040500 -0.2261001
v -0.0150132 0.0070148 -0.2290585
v -0.0152781 0.0081000 -0.2330998
v -0.0155430 0.0070148 -0.2371412
v -0.0157369 0.0040500 -0.2400997
v 0.0000000 -0.0000000 -0.2417000
v 0.0000000 -0.0040500 -0.2406148
v 0.0000000 -0.0070148 -0.2376500
v 0.0000000 -0.0081000 -0.2336000
v 0.0000000 -0.0070148 -0.2295500
v 0.0000000 -0.0040500 -0.2265852
v 0.0000000 -0.0000000 -0.2255000
v 0.0000000 0.0040500 -0.2265852
v 0.0000000 0.0070148 -0.2295500
v 0.0000000 0.0081000 -0.2336000
v 0.0000000 0.0070148 -0.2376500
v 0.0000000 0.0040500 -0.2406148
v 0.0158079 -0.0000000 -0.2411825
v 0.0157369 -0.0040500 -0.2400997
v 0.0155430 -0.0070148 -0.2371412
v 0.0152781 -0.0081000 -0.2330998
v 0.0150132 -0.0070148 -0.2290585
v 0.0148194 -0.0040500 -0.2261001
v 0.0147483 -0.0000000 -0.2250172
v 0.0148194 0.0040500 -0.2261001
v 0.0150132 0.0070148 -0.2290585
v 0.0152781 0.0081000 -0.2330998
v 0.0155430 0.0070148 -0.2371412
v 0.0157369 0.0040500 -0.2400997
v 0.0315481 -0.0000000 -0.2396322
v 0.0314065 -0.0040500 -0.2385563
v 0.0310194 -0.0070148 -0.2356169
v 0.0304909 -0.0081000 -0.2316015
v 0.0299623 -0.0070148 -0.2275862
v 0.0295752 -0.0040500 -0.2246467
v 0.0294336 -0.0000000 -0.2235708
v 0.0295752 0.0040500 -0.2246467
v 0.0299623 0.0070148 -0.2275862
v 0.0304909 0.0081000 -0.2316015
v 0.0310194 0.0070148 -0.2356169
v 0.0314065 0.0040500 -0.2385563
v 0.0471532 -0.0000000 -0.2370558
v 0.0469415 -0.0040500 -0.2359915
v 0.0463631 -0.0070148 -0.2330837
v 0.0455730 -0.0081000 -0.2291115
v 0.0447829 -0.0070148 -0.2251393
v 0.0442045 -0.0040500 -0.2222314
v 0.0439928 -0.0000000 -0.2211671
v 0.0442045 0.0040500 -0.2222314
v 0.0447829 0.0070148 -0.2251393
v 0.0455730 0.0081000 -0.2291115
v 0.0463631 0.0070148 -0.2330837
v 0.0469415 0.0040500 -0.2359915
v 0.0625565 -0.0000000 -0.2334643
v 0.0622755 -0.0040500 -0.2324161
v 0.0615083 -0.0070148 -0.2295523
v 0.0604600 -0.0081000 -0.2256403
v 0.0594118 -0.0070148 -0.2217283
v 0.0586444 -0.0040500 -0.2188645
v 0.0583636 -0.0000000 -0.2178163
v 0.0586444 0.0040500 -0.2188645
v 0.0594118 0.0070148 -0.2217283
v 0.0604600 0.0081000 -0.2256403
v 0.0615083 0.0070148 -0.2295523
v 0.0622755 0.0040500 -0.2324161
v 0.0776918 -0.0000000 -0.2288731
v 0.0773430 -0.0040500 -0.2278455
v 0.0763899 -0.0070148 -0.2250380
v 0.0750881 -0.0081000 -0.2212029
v 0.0737863 -0.0070148 -0.2173679
v 0.0728333 -0.0040500 -0.2145604
v 0.0724845 -0.0000000 -0.2135328
v 0.0728333 0.0040500 -0.2145604
v 0.0737863 0.0070148 -0.2173679
v 0.0750881 0.0081000 -0.2212029
v 0.0763899 0.0070148 -0.2250380
v 0.0773430 0.0040500 -0.2278455
v 0.0924946 -0.0000000 -0.2233017
v 0.0920794 -0.0040500 -0.2222991
v 0.0909448 -0.0070148 -0.2195600
v 0.0893949 -0.0081000 -0.2158182
v 0.0878451 -0.0070148 -0.2120765
v 0.0867105 -0.0040500 -0.2093374
v 0.0862951 -0.0000000 -0.2083348
v 0.0867105 0.0040500 -0.2093374
v 0.0878451 0.0070148 -0.2120765
v 0.0893949 0.0081000 -0.2158182
v 0.0909448 0.0070148 -0.2195600
v 0.0920794 0.0040500 -0.2222991
v 0.1069012 -0.0000000 -0.2167741
v 0.1064212 -0.0040500 -0.2158009
v 0.1051099 -0.0070148 -0.2131418
v 0.1033187 -0.0081000 -0.2095095
v 0.1015273 -0.0070148 -0.2058771
v 0.1002160 -0.0040500 -0.2032181
v 0.0997361 -0.0000000 -0.2022448
v 0.1002160 0.0040500 -0.2032181
v 0.1015273 0.0070148 -0.2058771
v 0.1033187 0.0081000 -0.2095095
v 0.1051099 0.0070148 -0.2131418
v 0.1064212 0.0040500 -0.2158009
v 0.1208500 -0.0000000 -0.2093184
v 0.1203074 -0.0040500 -0.2083786
v 0.1188250 -0.0070148 -0.2058109
v 0.1168000 -0.0081000 -0.2023035
v 0.1147749 -0.0070148 -0.1987961
v 0.1132926 -0.0040500 -0.1962285
v 0.1127499 0.0000000 -0.1952887
v 0.1132926 0.0040500 -0.1962285
v 0.1147749 0.0070148 -0.1987961
v 0.1168000 0.0081000 -0.2023035
v 0.1188250 0.0070148 -0.2058109
v 0.1203074 0.0040500 -0.2083786
v 0.1342813 -0.0000000 -0.2009662
v 0.1336784 -0.0040500 -0.2000639
v 0.1320312 -0.0070148 -0.1975988
v 0.1297811 -0.0081000 -0.1942313
v 0.1275312 -0.0070148 -0.1908639
v 0.1258839 -0.0040500 -0.1883987
v 0.1252811 0.0000000 -0.1874964
v 0.1258839 0.0040500 -0.1883987
v 0.1275312 0.0070148 -0.1908639
v 0.1297811 0.0081000 -0.1942313
v 0.1320312 0.0070148 -0.1975988
v 0.1336784 0.0040500 -0.2000639
v 0.1471375 0.0000000 -0.1917536
v 0.1464770 -0.0040500 -0.1908926
v 0.1446720 -0.0070148 -0.1885405
v 0.1422067 -0.0081000 -0.1853274
v 0.1397412 -0.0070148 -0.1821143
v 0.1379362 -0.0040500 -0.1797622
v 0.1372757 0.0000000 -0.1789012
v 0.1379362 0.0040500 -0.1797622
v 0.1397412 0.0070148 -0.1821143
v 0.1422067 0.0081000 -0.1853274
v 0.1446720 0.0070148 -0.1885405
v 0.1464770 0.0040500 -0.1908926
v 0.1593639 0.0000000 -0.1817198
v 0.1586483 -0.0040500 -0.1809039
v 0.1566935 -0.0070148 -0.1786748
v 0.1540231 -0.0081000 -0.1756299
v 0.1513528 -0.0070148 -0.1725849
v 0.1493980 -0.0040500 -0.1703558
v 0.1486825 0.0000000 -0.1695399
v 0.1493980 0.0040500 -0.1703558
v 0.1513528 0.0070148 -0.1725849
v 0.1540231 0.0081000 -0.1756299
v 0.1566935 0.0070148 -0.1786748
v 0.1586483 0.0040500 -0.1809039
v 0.1709076 0.0000000 -0.1709078
v 0.1701403 -0.0040500 -0.1701405
v 0.1680439 -0.0070148 -0.1680440
v 0.1651801 -0.0081000 -0.1651802
v 0.1623163 -0.0070148 -0.1623165
v 0.1602198 -0.0040500 -0.1602200
v 0.1594526 0.0000000 -0.1594527
v 0.1602198 0.0040500 -0.1602200
v 0.1623163 0.0070148 -0.1623165
v 0.1651801 0.0081000 -0.1651802
v 0.1680439 0.0070148 -0.1680440
v 0.1701403 0.0040500 -0.1701405
v 0.1817198 0.0000000 -0.1593639
v 0.1809038 -0.0040500 -0.1586483
v 0.1786748 -0.0070148 -0.1566935
v 0.1756299 -0.0081000 -0.1540231
v 0.1725849 -0.0070148 -0.1513528
v 0.1703558 -0.0040500 -0.1493980
v 0.1695399 0.0000000 -0.1486824
v 0.1703558 0.0040500 -0.1493980
v 0.1725849 0.0070148 -0.1513528
v 0.1756299 0.0081000 -0.1540231
v 0.1786748 0.0070148 -0.1566935
v 0.1809038 0.0040500 -0.1586483
v 0.1917535 0.0000000 -0.1471376
v 0.1908926 -0.0040500 -0.1464770
v 0.1885405 -0.0070148 -0.1446721
v 0.1853274 -0.0081000 -0.1422066
v 0.1821142 -0.0070148 -0.1397412
v 0.1797621 -0.0040500 -0.1379363
v 0.1789012 0.0000000 -0.1372757
v 0.1797621 0.0040500 -0.1379363
v 0.1821142 0.0070148 -0.1397412
v 0.1853274 0.0081000 -0.1422066
v 0.1885405 0.0070148 -0.1446721
v 0.1908926 0.0040500 -0.1464770
v 0.2009662 0.0000000 -0.1342813
v 0.2000639 -0.0040500 -0.1336784
v 0.1975988 -0.0070148 -0.1320313
v 0.1942313 -0.0081000 -0.1297812
v 0.1908638 -0.0070148 -0.1275312
v 0.1883987 -0.0040500 -0.1258840
v 0.1874964 0.0000000 -0.1252811
v 0.1883987 0.0040500 -0.1258840
v 0.1908638 0.0070148 -0.1275312
v 0.1942313 0.0081000 -0.1297812
v 0.1975988 0.0070148 -0.1320313
v 0.2000639 0.0040500 -0.1336784
v 0.2093183 0.0000000 -0.1208500
v 0.2083786 -0.0040500 -0.1203074
v 0.2058109 -0.0070148 -0.1188250
v 0.2023035 -0.0081000 -0.1168000
v 0.1987962 -0.0070148 -0.1147750
v 0.1962285 -0.0040500 -0.1132926
v 0.1952888 0.0000000 -0.1127500
v 0.1962285 0.0040500 -0.1132926
v 0.1987962 0.0070148 -0.1147750
v 0.2023035 0.0081000 -0.1168000
v 0.2058109 0.0070148 -0.1188250
v 0.2083786 0.0040500 -0.1203074
v 0.2167741 0.0000000 -0.1069012
v 0.2158009 -0.0040500 -0.1064213
v 0.2131418 -0.0070148 -0.1051100
v 0.2095095 -0.0081000 -0.1033187
v 0.2058772 -0.0070148 -0.1015274
v 0.2032181 -0.0040500 -0.1002161
v 0.2022448 0.0000000 -0.0997362
v 0.2032181 0.0040500 -0.1002161
v 0.2058772 0.0070148 -0.1015274
v 0.2095095 0.0081000 -0.1033187
v 0.2131418 0.0070148 -0.1051100
v 0.2158009 0.0040500 -0.1064213
v 0.2233016 0.0000000 -0.0924947
v 0.2222991 -0.0040500 -0.0920794
v 0.2195599 -0.0070148 -0.0909448
v 0.2158183 -0.0081000 -0.0893949
v 0.2120765 -0.0070148 -0.0878451
v 0.2093374 -0.0040500 -0.0867105
v 0.2083348 0.0000000 -0.0862952
v 0.2093374 0.0040500 -0.0867105
v 0.2120765 0.0070148 -0.0878451
v 0.2158183 0.0081000 -0.0893949
v 0.2195599 0.0070148 -0.0909448
v 0.2222991 0.0040500 -0.0920794
v 0.2288730 0.0000000 -0.0776920
v 0.2278453 -0.0040500 -0.0773432
v 0.2250379 -0.0070148 -0.0763902
v 0.2212029 -0.0081000 -0.0750884
v 0.2173678 -0.0070148 -0.0737865
v 0.2145603 -0.0040500 -0.0728335
v 0.2135327 0.0000000 -0.0724847
v 0.2145603 0.0040500 -0.0728335
v 0.2173678 0.0070148 -0.0737866
v 0.2212029 0.0081000 -0.0750884
v 0.2250379 0.0070148 -0.0763902
v 0.2278453 0.0040500 -0.0773432
v 0.2334642 0.0000000 -0.0625565
v 0.2324160 -0.0040500 -0.0622756
v 0.2295523 -0.0070148 -0.0615083
v 0.2256403 -0.0081000 -0.0604601
v 0.2217283 -0.0070148 -0.0594119
v 0.2188646 -0.0040500 -0.0586445
v 0.2178162 0.0000000 -0.0583636
v 0.2188646 0.0040500 -0.0586445
v 0.2217283 0.0070148 -0.0594119
v 0.2256403 0.0081000 -0.0604601
v 0.2295523 0.0070148 -0.0615083
v 0.2324160 0.0040500 -0.0622756
v 0.2370558 0.0000000 -0.0471533
v 0.2359915 -0.0040500 -0.0469416
v 0.2330836 -0.0070148 -0.0463632
v 0.2291114 -0.0081000 -0.0455731
v 0.2251393 -0.0070148 -0.0447830
v 0.2222314 -0.0040500 -0.0442045
v 0.2211671 0.0000000 -0.0439928
v 0.2222314 0.0040500 -0.0442045
v 0.2251393 0.0070148 -0.0447830
v 0.2291114 0.0081000 -0.0455731
v 0.2330836 0.0070148 -0.0463632
v 0.2359915 0.0040500 -0.0469416
v 0.2396322 0.0000000 -0.0315482
v 0.2385563 -0.0040500 -0.0314065
v 0.2356169 -0.0070148 -0.0310195
v 0.2316016 -0.0081000 -0.0304909
v 0.2275862 -0.0070148 -0.0299623
v 0.2246467 -0.0040500 -0.0295753
v 0.2235708 0.0000000 -0.0294337
v 0.2246467 0.0040500 -0.0295753
v 0.2275862 0.0070148 -0.0299623
v 0.2316016 0.0081000 -0.0304909
v 0.2356169 0.0070148 -0.0310196
v 0.2385563 0.0040500 -0.0314065
v 0.2411826 0.0000000 -0.0158080
v 0.2400997 -0.0040500 -0.0157370
v 0.2371411 -0.0070148 -0.0155431
v 0.2330998 -0.0081000 -0.0152782
v 0.2290585 -0.0070148 -0.0150133
v 0.2261001 -0.0040500 -0.0148194
v 0.2250172 0.0000000 -0.0147484
v 0.2261001 0.0040500 -0.0148194
v 0.2290585 0.0070148 -0.0150133
v 0.2330998 0.0081000 -0.0152782
v 0.2371411 0.0070148 -0.0155431
v 0.2400997 0.0040500 -0.0157370
f 1153 1165 1166
f 1153 1166 1154
f 1154 1166 1167
f 1154 1167 1155
f 1155 1167 1168
f 1155 1168 1156
f 1156 1168 1169
f 1156 1169 1157
f 1157 1169 1170
f 1157 1170 1158
f 1158 1170 1171
f 1158 1171 1159
f 1159 1171 1172
f 1159 1172 1160
f 1160 1172 1173
f 1160 1173 1161
f 1161 1173 1174
f 1161 1174 1162
f 1162 1174 1175
f 1162 1175 1163
f 1163 1175 1176
f 1163 1176 1164
f 1164 1176 1165
f 1164 1165 1153
f 1165 1177 1178
f 1165 1178 1166
f 1166 1178 1179
f 1166 1179 1167
f 1167 1179 1180
f 1167 1180 1168
f 1168 1180 1181
f 1168 1181 1169
f 1169 1181 1182
f 1169 1182 1170
f 1170 1182 1183
f 1170 1183 1171
f 1171 1183 1184
f 1171 1184 1172
f 1172 1184 1185
f 1172 1185 1173
f 1173 1185 1186
f 1173 1186 1174
f 1174 1186 1187
f 1174 1187 1175
f 1175 1187 1188
f 1175 1188 1176
f 1176 1188 1177
f 1176 1177 1165
f 1177 1189 1190
f 1177 1190 1178
f 1178 1190 1191
f 1178 1191 1179
f 1179 1191 1192
f 1179 1192 1180
f 1180 1192 1193
f 1180 1193 1181
f 1181 1193 1194
f 1181 1194 1182
f 1182 1194 1195
f 1182 1195 1183
f 1183 1195 1196
f 1183 1196 1184
f 1184 1196 1197
f 1184 1197 1185
f 1185 1197 1198
f 1185 1198 1186
f 1186 1198 1199
f 1186 1199 1187
f 1187 1199 1200
f 1187 1200 1188
f 1188 1200 1189
f 1188 1189 1177
f 1189 1201 1202
f 1189 1202 1190
f 1190 1202 1203
f 1190 1203 1191
f 1191 1203 1204
f 1191 1204 1192
f 1192 1204 1205
f 1192 1205 1193
f 1193 1205 1206
f 1193 1206 1194
f 1194 1206 1207
f 1194 1207 1195
f 1195 1207 1208
f 1195 1208 1196
f 1196 1208 1209
f 1196 1209 1197
f 1197 1209 1210
f 1197 1210 1198
f 1198 1210 1211
f 1198 1211 1199
f 1199 1211 1212
f 1199 1212 1200
f 1200 1212 1201
f 1200 1201 1189
f 1201 1213 1214
f 1201 1214 1202
f 1202 1214 1215
f 1202 1215 1203
f 1203 1215 1216
f 1203 1216 1204
f 1204 1216 1217
f 1204 1217 1205
f 1205 1217 1218
f 1205 1218 1206
f 1206 1218 1219
f 1206 1219 1207
f 1207 1219 1220
f 1207 1220 1208
f 1208 1220 1221
f 1208 1221 1209
f 1209 1221 1222
f 1209 1222 1210
f 1210 1222 1223
f 1210 1223 1211
f 1211 1223 1224
f 1211 1224 1212
f 1212 1224 1213
f 1212 1213 1201
f 1213 1225 1226
f 1213 1226 1214
f 1214 1226 1227
f 1214 1227 1215
f 1215 1227 1228
f 1215 1228 1216
f 1216 1228 1229
f 1216 1229 1217
f 1217 1229 1230
f 1217 1230 1218
f 1218 1230 1231
f 1218 1231 1219
f 1219 1231 1232
f 1219 1232 1220
f 1220 1232 1233
f 1220 1233 1221
f 1221 1233 1234
f 1221 1234 1222
f 1222 1234 1235
f 1222 1235 1223
f 1223 1235 1236
f 1223 1236 1224
f 1224 1236 1225
f 1224 1225 1213
f 1225 1237 1238
f 1225 1238 1226
f 1226 1238 1239
f 1226 1239 1227
f 1227 1239 1240
f 1227 1240 1228
f 1228 1240 1241
f 1228 1241 1229
f 1229 1241 1242
f 1229 1242 1230
f 1230 1242 1243
f 1230 1243 1231
f 1231 1243 1244
f 1231 1244 1232
f 1232 1244 1245
f 1232 1245 1233
f 1233 1245 1246
f 1233 1246 1234
f 1234 1246 1247
f 1234 1247 1235
f 1235 1247 1248
f 1235 1248 1236
f 1236 1248 1237
f 1236 1237 1225
f 1237 1249 1250
f 1237 1250 1238
f 1238 1250 1251
f 1238 1251 1239
f 1239 1251 1252
f 1239 1252 1240
f 1240 1252 1253
f 1240 1253 1241
f 1241 1253 1254
f 1241 1254 1242
f 1242 1254 1255
f 1242 1255 1243
f 1243 1255 1256
f 1243 1256 1244
f 1244 1256 1257
f 1244 1257 1245
f 1245 1257 1258
f 1245 1258 1246
f 1246 1258 1259
f 1246 1259 1247
f 1247 1259 1260
f 1247 1260 1248
f 1248 1260 1249
f 1248 1249 1237
f 1249 1261 1262
f 1249 1262 1250
f 1250 1262 1263
f 1250 1263 1251
f 1251 1263 1264
f 1251 1264 1252
f 1252 1264 1265
f 1252 1265 1253
f 1253 1265 1266
f 1253 1266 1254
f 1254 1266 1267
f 1254 1267 1255
f 1255 1267 1268
f 1255 1268 1256
f 1256 1268 1269
f 1256 1269 1257
f 1257 1269 1270
f 1257 1270 1258
f 1258 1270 1271
f 1258 1271 1259
f 1259 1271 1272
f 1259 1272 1260
f 1260 1272 1261
f 1260 1261 1249
f 1261 1273 1274
f 1261 1274 1262
f 1262 1274 1275
f 1262 1275 1263
f 1263 1275 1276
f 1263 1276 1264
f 1264 1276 1277
f 1264 1277 1265
f 1265 1277 1278
f 1265 1278 1266
f 1266 1278 1279
f 1266 1279 1267
f 1267 1279 1280
f 1267 1280 1268
f 1268 1280 1281
f 1268 1281 1269
f 1269 1281 1282
f 1269 1282 1270
f 1270 1282 1283
f 1270 1283 1271
f 1271 1283 1284
f 1271 1284 1272
f 1272 1284 1273
f 1272 1273 1261
f 1273 1285 1286
f 1273 1286 1274
f 1274 1286 1287
f 1274 1287 1275
f 1275 1287 1288
f 1275 1288 1276
f 1276 1288 1289
f 1276 1289 1277
f 1277 1289 1290
f 1277 1290 1278
f 1278 1290 1291
f 1278 1291 1279
f 1279 1291 1292
f 1279 1292 1280
f 1280 1292 1293
f 1280 1293 1281
f 1281 1293 1294
f 1281 1294 1282
f 1282 1294 1295
f 1282 1295 1283
f 1283 1295 1296
f 1283 1296 1284
f 1284 1296 1285
f 1284 1285 1273
f 1285 1297 1298
f 1285 1298 1286
f 1286 1298 1299
f 1286 1299 1287
f 1287 1299 1300
f 1287 1300 1288
f 1288 1300 1301
f 1288 1301 1289
f 1289 1301 1302
f 1289 1302 1290
f 1290 1302 1303
f 1290 1303 1291
f 1291 1303 1304
f 1291 1304 1292
f 1292 1304 1305
f 1292 1305 1293
f 1293 1305 1306
f 1293 1306 1294
f 1294 1306 1307
f 1294 1307 1295
f 1295 1307 1308
f 1295 1308 1296
f 1296 1308 1297
f 1296 1297 1285
f 1297 1309 1310
f 1297 1310 1298
f 1298 1310 1311
f 1298 1311 1299
f 1299 1311 1312
f 1299 1312 1300
f 1300 1312 1313
f 1300 1313 1301
f 1301 1313 1314
f 1301 1314 1302
f 1302 1314 1315
f 1302 1315 1303
f 1303 1315 1316
f 1303 1316 1304
f 1304 1316 1317
f 1304 1317 1305
f 1305 1317 1318
f 1305 1318 1306
f 1306 1318 1319
f 1306 1319 1307
f 1307 1319 1320
f 1307 1320 1308
f 1308 1320 1309
f 1308 1309 1297
f 1309 1321 1322
f 1309 1322 1310
f 1310 1322 1323
f 1310 1323 1311
f 1311 1323 1324
f 1311 1324 1312
f 1312 1324 1325
f 1312 1325 1313
f 1313 1325 1326
f 1313 1326 1314
f 1314 1326 1327
f 1314 1327 1315
f 1315 1327 1328
f 1315 1328 1316
f 1316 1328 1329
f 1316 1329 1317
f 1317 1329 1330
f 1317 1330 1318
f 1318 1330 1331
f 1318 1331 1319
f 1319 1331 1332
f 1319 1332 1320
f 1320 1332 1321
f 1320 1321 1309
f 1321 1333 1334
f 1321 1334 1322
f 1322 1334 1335
f 1322 1335 1323
f 1323 1335 1336
f 1323 1336 1324
f 1324 1336 1337
f 1324 1337 1325
f 1325 1337 1338
f 1325 1338 1326
f 1326 1338 1339
f 1326 1339 1327
f 1327 1339 1340
f 1327 1340 1328
f 1328 1340 1341
f 1328 1341 1329
f 1329 1341 1342
f 1329 1342 1330
f 1330 1342 1343
f 1330 1343 1331
f 1331 1343 1344
f 1331 1344 1332
f 1332 1344 1333
f 1332 1333 1321
f 1333 1345 1346
f 1333 1346 1334
f 1334 1346 1347
f 1334 1347 1335
f 1335 1347 1348
f 1335 1348 1336
f 1336 1348 1349
f 1336 1349 1337
f 1337 1349 1350
f 1337 1350 1338
f 1338 1350 1351
f 1338 1351 1339
f 1339 1351 1352
f 1339 1352 1340
f 1340 1352 1353
f 1340 1353 1341
f 1341 1353 1354
f 1341 1354 1342
f 1342 1354 1355
f 1342 1355 1343
f 1343 1355 1356
f 1343 1356 1344
f 1344 1356 1345
f 1344 1345 1333
f 1345 1357 1358
f 1345 1358 1346
f 1346 1358 1359
f 1346 1359 1347
f 1347 1359 1360
f 1347 1360 1348
f 1348 1360 1361
f 1348 1361 1349
f 1349 1361 1362
f 1349 1362 1350
f 1350 1362 1363
f 1350 1363 1351
f 1351 1363 1364
f 1351 1364 1352
f 1352 1364 1365
f 1352 1365 1353
f 1353 1365 1366
f 1353 1366 1354
f 1354 1366 1367
f 1354 1367 1355
f 1355 1367 1368
f 1355 1368 1356
f 1356 1368 1357
f 1356 1357 1345
f 1357 1369 1370
f 1357 1370 1358
f 1358 1370 1371
f 1358 1371 1359
f 1359 1371 1372
f 1359 1372 1360
f 1360 1372 1373
f 1360 1373 1361
f 1361 1373 1374
f 1361 1374 1362
f 1362 1374 1375
f 1362 1375 1363
f 1363 1375 1376
f 1363 1376 1364
f 1364 1376 1377
f 1364 1377 1365
f 1365 1377 1378
f 1365 1378 1366
f 1366 1378 1379
f 1366 1379 1367
f 1367 1379 1380
f 1367 1380 1368
f 1368 1380 1369
f 1368 1369 1357
f 1369 1381 1382
f 1369 1382 1370
f 1370 1382 1383
f 1370 1383 1371
f 1371 1383 1384
f 1371 1384 1372
f 1372 1384 1385
f 1372 1385 1373
f 1373 1385 1386
f 1373 1386 1374
f 1374 1386 1387
f 1374 1387 1375
f 1375 1387 1388
f 1375 1388 1376
f 1376 1388 1389
f 1376 1389 1377
f 1377 1389 1390
f 1377 1390 1378
f 1378 1390 1391
f 1378 1391 1379
f 1379 1391 1392
f 1379 1392 1380
f 1380 1392 1381
f 1380 1381 1369
f 1381 1393 1394
f 1381 1394 1382
f 1382 1394 1395
f 1382 1395 1383
f 1383 1395 1396
f 1383 1396 1384
f 1384 1396 1397
f 1384 1397 1385
f 1385 1397 1398
f 1385 1398 1386
f 1386 1398 1399
f 1386 1399 1387
f 1387 1399 1400
f 1387 1400 1388
f 1388 1400 1401
f 1388 1401 1389
f 1389 1401 1402
f 1389 1402 1390
f 1390 1402 1403
f 1390 1403 1391
f 1391 1403 1404
f 1391 1404 1392
f 1392 1404 1393
f 1392 1393 1381
f 1393 1405 1406
f 1393 1406 1394
f 1394 1406 1407
f 1394 1407 1395
f 1395 1407 1408
f 1395 1408 1396
f 1396 1408 1409
f 1396 1409 1397
f 1397 1409 1410
f 1397 1410 1398
f 1398 1410 1411
f 1398 1411 1399
f 1399 1411 1412
f 1399 1412 1400
f 1400 1412 1413
f 1400 1413 1401
f 1401 1413 1414
f 1401 1414 1402
f 1402 1414 1415
f 1402 1415 1403
f 1403 1415 1416
f 1403 1416 1404
f 1404 1416 1405
f 1404 1405 1393
f 1405 1417 1418
f 1405 1418 1406
f 1406 1418 1419
f 1406 1419 1407
f 1407 1419 1420
f 1407 1420 1408
f 1408 1420 1421
f 1408 1421 1409
f 1409 1421 1422
f 1409 1422 1410
f 1410 1422 1423
f 1410 1423 1411
f 1411 1423 1424
f 1411 1424 1412
f 1412 1424 1425
f 1412 1425 1413
f 1413 1425 1426
f 1413 1426 1414
f 1414 1426 1427
f 1414 1427 1415
f 1415 1427 1428
f 1415 1428 1416
f 1416 1428 1417
f 1416 1417 1405
f 1417 1429 1430
f 1417 1430 1418
f 1418 1430 1431
f 1418 1431 1419
f 1419 1431 1432
f 1419 1432 1420
f 1420 1432 1433
f 1420 1433 1421
f 1421 1433 1434
f 1421 1434 1422
f 1422 1434 1435
f 1422 1435 1423
f 1423 1435 1436
f 1423 1436 1424
f 1424 1436 1437
f 1424 1437 1425
f 1425 1437 1438
f 1425 1438 1426
f 1426 1438 1439
f 1426 1439 1427
f 1427 1439 1440
f 1427 1440 1428
f 1428 1440 1429
f 1428 1429 1417
f 1429 1441 1442
f 1429 1442 1430
f 1430 1442 1443
f 1430 1443 1431
f 1431 1443 1444
f 1431 1444 1432
f 1432 1444 1445
f 1432 1445 1433
f 1433 1445 1446
f 1433 1446 1434
f 1434 1446 1447
f 1434 1447 1435
f 1435 1447 1448
f 1435 1448 1436
f 1436 1448 1449
f 1436 1449 1437
f 1437 1449 1450
f 1437 1450 1438
f 1438 1450 1451
f 1438 1451 1439
f 1439 1451 1452
f 1439 1452 1440
f 1440 1452 1441
f 1440 1441 1429
f 1441 1453 1454
f 1441 1454 1442
f 1442 1454 1455
f 1442 1455 1443
f 1443 1455 1456
f 1443 1456 1444
f 1444 1456 1457
f 1444 1457 1445
f 1445 1457 1458
f 1445 1458 1446
f 1446 1458 1459
f 1446 1459 1447
f 1447 1459 1460
f 1447 1460 1448
f 1448 1460 1461
f 1448 1461 1449
f 1449 1461 1462
f 1449 1462 1450
f 1450 1462 1463
f 1450 1463 1451
f 1451 1463 1464
f 1451 1464 1452
f 1452 1464 1453
f 1452 1453 1441
f 1453 1465 1466
f 1453 1466 1454
f 1454 1466 1467
f 1454 1467 1455
f 1455 1467 1468
f 1455 1468 1456
f 1456 1468 1469
f 1456 1469 1457
f 1457 1469 1470
f 1457 1470 1458
f 1458 1470 1471
f 1458 1471 1459
f 1459 1471 1472
f 1459 1472 1460
f 1460 1472 1473
f 1460 1473 1461
f 1461 1473 1474
f 1461 1474 1462
f 1462 1474 1475
f 1462 1475 1463
f 1463 1475 1476
f 1463 1476 1464
f 1464 1476 1465
f 1464 1465 1453
f 1465 1477 1478
f 1465 1478 1466
f 1466 1478 1479
f 1466 1479 1467
f 1467 1479 1480
f 1467 1480 1468
f 1468 1480 1481
f 1468 1481 1469
f 1469 1481 1482
f 1469 1482 1470
f 1470 1482 1483
f 1470 1483 1471
f 1471 1483 1484
f 1471 1484 1472
f 1472 1484 1485
f 1472 1485 1473
f 1473 1485 1486
f 1473 1486 1474
f 1474 1486 1487
f 1474 1487 1475
f 1475 1487 1488
f 1475 1488 1476
f 1476 1488 1477
f 1476 1477 1465
f 1477 1489 1490
f 1477 1490 1478
f 1478 1490 1491
f 1478 1491 1479
f 1479 1491 1492
f 1479 1492 1480
f 1480 1492 1493
f 1480 1493 1481
f 1481 1493 1494
f 1481 1494 1482
f 1482 1494 1495
f 1482 1495 1483
f 1483 1495 1496
f 1483 1496 1484
f 1484 1496 1497
f 1484 1497 1485
f 1485 1497 1498
f 1485 1498 1486
f 1486 1498 1499
f 1486 1499 1487
f 1487 1499 1500
f 1487 1500 1488
f 1488 1500 1489
f 1488 1489 1477
f 1489 1501 1502
f 1489 1502 1490
f 1490 1502 1503
f 1490 1503 1491
f 1491 1503 1504
f 1491 1504 1492
f 1492 1504 1505
f 1492 1505 1493
f 1493 1505 1506
f 1493 1506 1494
f 1494 1506 1507
f 1494 1507 1495
f 1495 1507 1508
f 1495 1508 1496
f 1496 1508 1509
f 1496 1509 1497
f 1497 1509 1510
f 1497 1510 1498
f 1498 1510 1511
f 1498 1511 1499
f 1499 1511 1512
f 1499 1512 1500
f 1500 1512 1501
f 1500 1501 1489
f 1501 1513 1514
f 1501 1514 1502
f 1502 1514 1515
f 1502 1515 1503
f 1503 1515 1516
f 1503 1516 1504
f 1504 1516 1517
f 1504 1517 1505
f 1505 1517 1518
f 1505 1518 1506
f 1506 1518 1519
f 1506 1519 1507
f 1507 1519 1520
f 1507 1520 1508
f 1508 1520 1521
f 1508 1521 1509
f 1509 1521 1522
f 1509 1522 1510
f 1510 1522 1523
f 1510 1523 1511
f 1511 1523 1524
f 1511 1524 1512
f 1512 1524 1513
f 1512 1513 1501
f 1513 1525 1526
f 1513 1526 1514
f 1514 1526 1527
f 1514 1527 1515
f 1515 1527 1528
f 1515 1528 1516
f 1516 1528 1529
f 1516 1529 1517
f 1517 1529 1530
f 1517 1530 1518
f 1518 1530 1531
f 1518 1531 1519
f 1519 1531 1532
f 1519 1532 1520
f 1520 1532 1533
f 1520 1533 1521
f 1521 1533 1534
f 1521 1534 1522
f 1522 1534 1535
f 1522 1535 1523
f 1523 1535 1536
f 1523 1536 1524
f 1524 1536 1525
f 1524 1525 1513
f 1525 1537 1538
f 1525 1538 1526
f 1526 1538 1539
f 1526 1539 1527
f 1527 1539 1540
f 1527 1540 1528
f 1528 1540 1541
f 1528 1541 1529
f 1529 1541 1542
f 1529 1542 1530
f 1530 1542 1543
f 1530 1543 1531
f 1531 1543 1544
f 1531 1544 1532
f 1532 1544 1545
f 1532 1545 1533
f 1533 1545 1546
f 1533 1546 1534
f 1534 1546 1547
f 1534 1547 1535
f 1535 1547 1548
f 1535 1548 1536
f 1536 1548 1537
f 1536 1537 1525
f 1537 1549 1550
f 1537 1550 1538
f 1538 1550 1551
f 1538 1551 1539
f 1539 1551 1552
f 1539 1552 1540
f 1540 1552 1553
f 1540 1553 1541
f 1541 1553 1554
f 1541 1554 1542
f 1542 1554 1555
f 1542 1555 1543
f 1543 1555 1556
f 1543 1556 1544
f 1544 1556 1557
f 1544 1557 1545
f 1545 1557 1558
f 1545 1558 1546
f 1546 1558 1559
f 1546 1559 1547
f 1547 1559 1560
f 1547 1560 1548
f 1548 1560 1549
f 1548 1549 1537
f 1549 1561 1562
f 1549 1562 1550
f 1550 1562 1563
f 1550 1563 1551
f 1551 1563 1564
f 1551 1564 1552
f 1552 1564 1565
f 1552 1565 1553
f 1553 1565 1566
f 1553 1566 1554
f 1554 1566 1567
f 1554 1567 1555
f 1555 1567 1568
f 1555 1568 1556
f 1556 1568 1569
f 1556 1569 1557
f 1557 1569 1570
f 1557 1570 1558
f 1558 1570 1571
f 1558 1571 1559
f 1559 1571 1572
f 1559 1572 1560
f 1560 1572 1561
f 1560 1561 1549
f 1561 1573 1574
f 1561 1574 1562
f 1562 1574 1575
f 1562 1575 1563
f 1563 1575 1576
f 1563 1576 1564
f 1564 1576 1577
f 1564 1577 1565
f 1565 1577 1578
f 1565 1578 1566
f 1566 1578 1579
f 1566 1579 1567
f 1567 1579 1580
f 1567 1580 1568
f 1568 1580 1581
f 1568 1581 1569
f 1569 1581 1582
f 1569 1582 1570
f 1570 1582 1583
f 1570 1583 1571
f 1571 1583 1584
f 1571 1584 1572
f 1572 1584 1573
f 1572 1573 1561
f 1573 1585 1586
f 1573 1586 1574
f 1574 1586 1587
f 1574 1587 1575
f 1575 1587 1588
f 1575 1588 1576
f 1576 1588 1589
f 1576 1589 1577
f 1577 1589 1590
f 1577 1590 1578
f 1578 1590 1591
f 1578 1591 1579
f 1579 1591 1592
f 1579 1592 1580
f 1580 1592 1593
f 1580 1593 1581
f 1581 1593 1594
f 1581 1594 1582
f 1582 1594 1595
f 1582 1595 1583
f 1583 1595 1596
f 1583 1596 1584
f 1584 1596 1585
f 1584 1585 1573
f 1585 1597 1598
f 1585 1598 1586
f 1586 1598 1599
f 1586 1599 1587
f 1587 1599 1600
f 1587 1600 1588
f 1588 1600 1601
f 1588 1601 1589
f 1589 1601 1602
f 1589 1602 1590
f 1590 1602 1603
f 1590 1603 1591
f 1591 1603 1604
f 1591 1604 1592
f 1592 1604 1605
f 1592 1605 1593
f 1593 1605 1606
f 1593 1606 1594
f 1594 1606 1607
f 1594 1607 1595
f 1595 1607 1608
f 1595 1608 1596
f 1596 1608 1597
f 1596 1597 1585
f 1597 1609 1610
f 1597 1610 1598
f 1598 1610 1611
f 1598 1611 1599
f 1599 1611 1612
f 1599 1612 1600
f 1600 1612 1613
f 1600 1613 1601
f 1601 1613 1614
f 1601 1614 1602
f 1602 1614 1615
f 1602 1615 1603
f 1603 1615 1616
f 1603 1616 1604
f 1604 1616 1617
f 1604 1617 1605
f 1605 1617 1618
f 1605 1618 1606
f 1606 1618 1619
f 1606 1619 1607
f 1607 1619 1620
f 1607 1620 1608
f 1608 1620 1609
f 1608 1609 1597
f 1609 1621 1622
f 1609 1622 1610
f 1610 1622 1623
f 1610 1623 1611
f 1611 1623 1624
f 1611 1624 1612
f 1612 1624 1625
f 1612 1625 1613
f 1613 1625 1626
f 1613 1626 1614
f 1614 1626 1627
f 1614 1627 1615
f 1615 1627 1628
f 1615 1628 1616
f 1616 1628 1629
f 1616 1629 1617
f 1617 1629 1630
f 1617 1630 1618
f 1618 1630 1631
f 1618 1631 1619
f 1619 1631 1632
f 1619 1632 1620
f 1620 1632 1621
f 1620 1621 1609
f 1621 1633 1634
f 1621 1634 1622
f 1622 1634 1635
f 1622 1635 1623
f 1623 1635 1636
f 1623 1636 1624
f 1624 1636 1637
f 1624 1637 1625
f 1625 1637 1638
f 1625 1638 1626
f 1626 1638 1639
f 1626 1639 1627
f 1627 1639 1640
f 1627 1640 1628
f 1628 1640 1641
f 1628 1641 1629
f 1629 1641 1642
f 1629 1642 1630
f 1630 1642 1643
f 1630 1643 1631
f 1631 1643 1644
f 1631 1644 1632
f 1632 1644 1633
f 1632 1633 1621
f 1633 1645 1646
f 1633 1646 1634
f 1634 1646 1647
f 1634 1647 1635
f 1635 1647 1648
f 1635 1648 1636
f 1636 1648 1649
f 1636 1649 1637
f 1637 1649 1650
f 1637 1650 1638
f 1638 1650 1651
f 1638 1651 1639
f 1639 1651 1652
f 1639 1652 1640
f 1640 1652 1653
f 1640 1653 1641
f 1641 1653 1654
f 1641 1654 1642
f 1642 1654 1655
f 1642 1655 1643
f 1643 1655 1656
f 1643 1656 1644
f 1644 1656 1645
f 1644 1645 1633
f 1645 1657 1658
f 1645 1658 1646
f 1646 1658 1659
f 1646 1659 1647
f 1647 1659 1660
f 1647 1660 1648
f 1648 1660 1661
f 1648 1661 1649
f 1649 1661 1662
f 1649 1662 1650
f 1650 1662 1663
f 1650 1663 1651
f 1651 1663 1664
f 1651 1664 1652
f 1652 1664 1665
f 1652 1665 1653
f 1653 1665 1666
f 1653 1666 1654
f 1654 1666 1667
f 1654 1667 1655
f 1655 1667 1668
f 1655 1668 1656
f 1656 1668 1657
f 1656 1657 1645
f 1657 1669 1670
f 1657 1670 1658
f 1658 1670 1671
f 1658 1671 1659
f 1659 1671 1672
f 1659 1672 1660
f 1660 1672 1673
f 1660 1673 1661
f 1661 1673 1674
f 1661 1674 1662
f 1662 1674 1675
f 1662 1675 1663
f 1663 1675 1676
f 1663 1676 1664
f 1664 1676 1677
f 1664 1677 1665
f 1665 1677 1678
f 1665 1678 1666
f 1666 1678 1679
f 1666 1679 1667
f 1667 1679 1680
f 1667 1680 1668
f 1668 1680 1669
f 1668 1669 1657
f 1669 1681 1682
f 1669 1682 1670
f 1670 1682 1683
f 1670 1683 1671
f 1671 1683 1684
f 1671 1684 1672
f 1672 1684 1685
f 1672 1685 1673
f 1673 1685 1686
f 1673 1686 1674
f 1674 1686 1687
f 1674 1687 1675
f 1675 1687 1688
f 1675 1688 1676
f 1676 1688 1689
f 1676 1689 1677
f 1677 1689 1690
f 1677 1690 1678
f 1678 1690 1691
f 1678 1691 1679
f 1679 1691 1692
f 1679 1692 1680
f 1680 1692 1681
f 1680 1681 1669
f 1681 1693 1694
f 1681 1694 1682
f 1682 1694 1695
f 1682 1695 1683
f 1683 1695 1696
f 1683 1696 1684
f 1684 1696 1697
f 1684 1697 1685
f 1685 1697 1698
f 1685 1698 1686
f 1686 1698 1699
f 1686 1699 1687
f 1687 1699 1700
f 1687 1700 1688
f 1688 1700 1701
f 1688 1701 1689
f 1689 1701 1702
f 1689 1702 1690
f 1690 1702 1703
f 1690 1703 1691
f 1691 1703 1704
f 1691 1704 1692
f 1692 1704 1693
f 1692 1693 1681
f 1693 1705 1706
f 1693 1706 1694
f 1694 1706 1707
f 1694 1707 1695
f 1695 1707 1708
f 1695 1708 1696
f 1696 1708 1709
f 1696 1709 1697
f 1697 1709 1710
f 1697 1710 1698
f 1698 1710 1711
f 1698 1711 1699
f 1699 1711 1712
f 1699 1712 1700
f 1700 1712 1713
f 1700 1713 1701
f 1701 1713 1714
f 1701 1714 1702
f 1702 1714 1715
f 1702 1715 1703
f 1703 1715 1716
f 1703 1716 1704
f 1704 1716 1705
f 1704 1705 1693
f 1705 1717 1718
f 1705 1718 1706
f 1706 1718 1719
f 1706 1719 1707
f 1707 1719 1720
f 1707 1720 1708
f 1708 1720 1721
f 1708 1721 1709
f 1709 1721 1722
f 1709 1722 1710
f 1710 1722 1723
f 1710 1723 1711
f 1711 1723 1724
f 1711 1724 1712
f 1712 1724 1725
f 1712 1725 1713
f 1713 1725 1726
f 1713 1726 1714
f 1714 1726 1727
f 1714 1727 1715
f 1715 1727 1728
f 1715 1728 1716
f 1716 1728 1717
f 1716 1717 1705
f 1717 1729 1730
f 1717 1730 1718
f 1718 1730 1731
f 1718 1731 1719
f 1719 1731 1732
f 1719 1732 1720
f 1720 1732 1733
f 1720 1733 1721
f 1721 1733 1734
f 1721 1734 1722
f 1722 1734 1735
f 1722 1735 1723
f 1723 1735 1736
f 1723 1736 1724
f 1724 1736 1737
f 1724 1737 1725
f 1725 1737 1738
f 1725 1738 1726
f 1726 1738 1739
f 1726 1739 1727
f 1727 1739 1740
f 1727 1740 1728
f 1728 1740 1729
f 1728 1729 1717
f 1729 1741 1742
f 1729 1742 1730
f 1730 1742 1743
f 1730 1743 1731
f 1731 1743 1744
f 1731 1744 1732
f 1732 1744 1745
f 1732 1745 1733
f 1733 1745 1746
f 1733 1746 1734
f 1734 1746 1747
f 1734 1747 1735
f 1735 1747 1748
f 1735 1748 1736
f 1736 1748 1749
f 1736 1749 1737
f 1737 1749 1750
f 1737 1750 1738
f 1738 1750 1751
f 1738 1751 1739
f 1739 1751 1752
f 1739 1752 1740
f 1740 1752 1741
f 1740 1741 1729
f 1741 1753 1754
f 1741 1754 1742
f 1742 1754 1755
f 1742 1755 1743
f 1743 1755 1756
f 1743 1756 1744
f 1744 1756 1757
f 1744 1757 1745
f 1745 1757 1758
f 1745 1758 1746
f 1746 1758 1759
f 1746 1759 1747
f 1747 1759 1760
f 1747 1760 1748
f 1748 1760 1761
f 1748 1761 1749
f 1749 1761 1762
f 1749 1762 1750
f 1750 1762 1763
f 1750 1763 1751
f 1751 1763 1764
f 1751 1764 1752
f 1752 1764 1753
f 1752 1753 1741
f 1753 1765 1766
f 1753 1766 1754
f 1754 1766 1767
f 1754 1767 1755
f 1755 1767 1768
f 1755 1768 1756
f 1756 1768 1769
f 1756 1769 1757
f 1757 1769 1770
f 1757 1770 1758
f 1758 1770 1771
f 1758 1771 1759
f 1759 1771 1772
f 1759 1772 1760
f 1760 1772 1773
f 1760 1773 1761
f 1761 1773 1774
f 1761 1774 1762
f 1762 1774 1775
f 1762 1775 1763
f 1763 1775 1776
f 1763 1776 1764
f 1764 1776 1765
f 1764 1765 1753
f 1765 1777 1778
f 1765 1778 1766
f 1766 1778 1779
f 1766 1779 1767
f 1767 1779 1780
f 1767 1780 1768
f 1768 1780 1781
f 1768 1781 1769
f 1769 1781 1782
f 1769 1782 1770
f 1770 1782 1783
f 1770 1783 1771
f 1771 1783 1784
f 1771 1784 1772
f 1772 1784 1785
f 1772 1785 1773
f 1773 1785 1786
f 1773 1786 1774
f 1774 1786 1787
f 1774 1787 1775
f 1775 1787 1788
f 1775 1788 1776
f 1776 1788 1777
f 1776 1777 1765
f 1777 1789 1790
f 1777 1790 1778
f 1778 1790 1791
f 1778 1791 1779
f 1779 1791 1792
f 1779 1792 1780
f 1780 1792 1793
f 1780 1793 1781
f 1781 1793 1794
f 1781 1794 1782
f 1782 1794 1795
f 1782 1795 1783
f 1783 1795 1796
f 1783 1796 1784
f 1784 1796 1797
f 1784 1797 1785
f 1785 1797 1798
f 1785 1798 1786
f 1786 1798 1799
f 1786 1799 1787
f 1787 1799 1800
f 1787 1800 1788
f 1788 1800 1789
f 1788 1789 1777
f 1789 1801 1802
f 1789 1802 1790
f 1790 1802 1803
f 1790 1803 1791
f 1791 1803 1804
f 1791 1804 1792
f 1792 1804 1805
f 1792 1805 1793
f 1793 1805 1806
f 1793 1806 1794
f 1794 1806 1807
f 1794 1807 1795
f 1795 1807 1808
f 1795 1808 1796
f 1796 1808 1809
f 1796 1809 1797
f 1797 1809 1810
f 1797 1810 1798
f 1798 1810 1811
f 1798 1811 1799
f 1799 1811 1812
f 1799 1812 1800
f 1800 1812 1801
f 1800 1801 1789
f 1801 1813 1814
f 1801 1814 1802
f 1802 1814 1815
f 1802 1815 1803
f 1803 1815 1816
f 1803 1816 1804
f 1804 1816 1817
f 1804 1817 1805
f 1805 1817 1818
f 1805 1818 1806
f 1806 1818 1819
f 1806 1819 1807
f 1807 1819 1820
f 1807 1820 1808
f 1808 1820 1821
f 1808 1821 1809
f 1809 1821 1822
f 1809 1822 1810
f 1810 1822 1823
f 1810 1823 1811
f 1811 1823 1824
f 1811 1824 1812
f 1812 1824 1813
f 1812 1813 1801
f 1813 1825 1826
f 1813 1826 1814
f 1814 1826 1827
f 1814 1827 1815
f 1815 1827 1828
f 1815 1828 1816
f 1816 1828 1829
f 1816 1829 1817
f 1817 1829 1830
f 1817 1830 1818
f 1818 1830 1831
f 1818 1831 1819
f 1819 1831 1832
f 1819 1832 1820
f 1820 1832 1833
f 1820 1833 1821
f 1821 1833 1834
f 1821 1834 1822
f 1822 1834 1835
f 1822 1835 1823
f 1823 1835 1836
f 1823 1836 1824
f 1824 1836 1825
f 1824 1825 1813
f 1825 1837 1838
f 1825 1838 1826
f 1826 1838 1839
f 1826 1839 1827
f 1827 1839 1840
f 1827 1840 1828
f 1828 1840 1841
f 1828 1841 1829
f 1829 1841 1842
f 1829 1842 1830
f 1830 1842 1843
f 1830 1843 1831
f 1831 1843 1844
f 1831 1844 1832
f 1832 1844 1845
f 1832 1845 1833
f 1833 1845 1846
f 1833 1846 1834
f 1834 1846 1847
f 1834 1847 1835
f 1835 1847 1848
f 1835 1848 1836
f 1836 1848 1837
f 1836 1837 1825
f 1837 1849 1850
f 1837 1850 1838
f 1838 1850 1851
f 1838 1851 1839
f 1839 1851 1852
f 1839 1852 1840
f 1840 1852 1853
f 1840 1853 1841
f 1841 1853 1854
f 1841 1854 1842
f 1842 1854 1855
f 1842 1855 1843
f 1843 1855 1856
f 1843 1856 1844
f 1844 1856 1857
f 1844 1857 1845
f 1845 1857 1858
f 1845 1858 1846
f 1846 1858 1859
f 1846 1859 1847
f 1847 1859 1860
f 1847 1860 1848
f 1848 1860 1849
f 1848 1849 1837
f 1849 1861 1862
f 1849 1862 1850
f 1850 1862 1863
f 1850 1863 1851
f 1851 1863 1864
f 1851 1864 1852
f 1852 1864 1865
f 1852 1865 1853
f 1853 1865 1866
f 1853 1866 1854
f 1854 1866 1867
f 1854 1867 1855
f 1855 1867 1868
f 1855 1868 1856
f 1856 1868 1869
f 1856 1869 1857
f 1857 1869 1870
f 1857 1870 1858
f 1858 1870 1871
f 1858 1871 1859
f 1859 1871 1872
f 1859 1872 1860
f 1860 1872 1861
f 1860 1861 1849
f 1861 1873 1874
f 1861 1874 1862
f 1862 1874 1875
f 1862 1875 1863
f 1863 1875 1876
f 1863 1876 1864
f 1864 1876 1877
f 1864 1877 1865
f 1865 1877 1878
f 1865 1878 1866
f 1866 1878 1879
f 1866 1879 1867
f 1867 1879 1880
f 1867 1880 1868
f 1868 1880 1881
f 1868 1881 1869
f 1869 1881 1882
f 1869 1882 1870
f 1870 1882 1883
f 1870 1883 1871
f 1871 1883 1884
f 1871 1884 1872
f 1872 1884 1873
f 1872 1873 1861
f 1873 1885 1886
f 1873 1886 1874
f 1874 1886 1887
f 1874 1887 1875
f 1875 1887 1888
f 1875 1888 1876
f 1876 1888 1889
f 1876 1889 1877
f 1877 1889 1890
f 1877 1890 1878
f 1878 1890 1891
f 1878 1891 1879
f 1879 1891 1892
f 1879 1892 1880
f 1880 1892 1893
f 1880 1893 1881
f 1881 1893 1894
f 1881 1894 1882
f 1882 1894 1895
f 1882 1895 1883
f 1883 1895 1896
f 1883 1896 1884
f 1884 1896 1885
f 1884 1885 1873
f 1885 1897 1898
f 1885 1898 1886
f 1886 1898 1899
f 1886 1899 1887
f 1887 1899 1900
f 1887 1900 1888
f 1888 1900 1901
f 1888 1901 1889
f 1889 1901 1902
f 1889 1902 1890
f 1890 1902 1903
f 1890 1903 1891
f 1891 1903 1904
f 1891 1904 1892
f 1892 1904 1905
f 1892 1905 1893
f 1893 1905 1906
f 1893 1906 1894
f 1894 1906 1907
f 1894 1907 1895
f 1895 1907 1908
f 1895 1908 1896
f 1896 1908 1897
f 1896 1897 1885
f 1897 1909 1910
f 1897 1910 1898
f 1898 1910 1911
f 1898 1911 1899
f 1899 1911 1912
f 1899 1912 1900
f 1900 1912 1913
f 1900 1913 1901
f 1901 1913 1914
f 1901 1914 1902
f 1902 1914 1915
f 1902 1915 1903
f 1903 1915 1916
f 1903 1916 1904
f 1904 1916 1917
f 1904 1917 1905
f 1905 1917 1918
f 1905 1918 1906
f 1906 1918 1919
f 1906 1919 1907
f 1907 1919 1920
f 1907 1920 1908
f 1908 1920 1909
f 1908 1909 1897
f 1909 1921 1922
f 1909 1922 1910
f 1910 1922 1923
f 1910 1923 1911
f 1911 1923 1924
f 1911 1924 1912
f 1912 1924 1925
f 1912 1925 1913
f 1913 1925 1926
f 1913 1926 1914
f 1914 1926 1927
f 1914 1927 1915
f 1915 1927 1928
f 1915 1928 1916
f 1916 1928 1929
f 1916 1929 1917
f 1917 1929 1930
f 1917 1930 1918
f 1918 1930 1931
f 1918 1931 1919
f 1919 1931 1932
f 1919 1932 1920
f 1920 1932 1921
f 1920 1921 1909
f 1921 1933 1934
f 1921 1934 1922
f 1922 1934 1935
f 1922 1935 1923
f 1923 1935 1936
f 1923 1936 1924
f 1924 1936 1937
f 1924 1937 1925
f 1925 1937 1938
f 1925 1938 1926
f 1926 1938 1939
f 1926 1939 1927
f 1927 1939 1940
f 1927 1940 1928
f 1928 1940 1941
f 1928 1941 1929
f 1929 1941 1942
f 1929 1942 1930
f 1930 1942 1943
f 1930 1943 1931
f 1931 1943 1944
f 1931 1944 1932
f 1932 1944 1933
f 1932 1933 1921
f 1933 1945 1946
f 1933 1946 1934
f 1934 1946 1947
f 1934 1947 1935
f 1935 1947 1948
f 1935 1948 1936
f 1936 1948 1949
f 1936 1949 1937
f 1937 1949 1950
f 1937 1950 1938
f 1938 1950 1951
f 1938 1951 1939
f 1939 1951 1952
f 1939 1952 1940
f 1940 1952 1953
f 1940 1953 1941
f 1941 1953 1954
f 1941 1954 1942
f 1942 1954 1955
f 1942 1955 1943
f 1943 1955 1956
f 1943 1956 1944
f 1944 1956 1945
f 1944 1945 1933
f 1945 1957 1958
f 1945 1958 1946
f 1946 1958 1959
f 1946 1959 1947
f 1947 1959 1960
f 1947 1960 1948
f 1948 1960 1961
f 1948 1961 1949
f 1949 1961 1962
f 1949 1962 1950
f 1950 1962 1963
f 1950 1963 1951
f 1951 1963 1964
f 1951 1964 1952
f 1952 1964 1965
f 1952 1965 1953
f 1953 1965 1966
f 1953 1966 1954
f 1954 1966 1967
f 1954 1967 1955
f 1955 1967 1968
f 1955 1968 1956
f 1956 1968 1957
f 1956 1957 1945
f 1957 1969 1970
f 1957 1970 1958
f 1958 1970 1971
f 1958 1971 1959
f 1959 1971 1972
f 1959 1972 1960
f 1960 1972 1973
f 1960 1973 1961
f 1961 1973 1974
f 1961 1974 1962
f 1962 1974 1975
f 1962 1975 1963
f 1963 1975 1976
f 1963 1976 1964
f 1964 1976 1977
f 1964 1977 1965
f 1965 1977 1978
f 1965 1978 1966
f 1966 1978 1979
f 1966 1979 1967
f 1967 1979 1980
f 1967 1980 1968
f 1968 1980 1969
f 1968 1969 1957
f 1969 1981 1982
f 1969 1982 1970
f 1970 1982 1983
f 1970 1983 1971
f 1971 1983 1984
f 1971 1984 1972
f 1972 1984 1985
f 1972 1985 1973
f 1973 1985 1986
f 1973 1986 1974
f 1974 1986 1987
f 1974 1987 1975
f 1975 1987 1988
f 1975 1988 1976
f 1976 1988 1989
f 1976 1989 1977
f 1977 1989 1990
f 1977 1990 1978
f 1978 1990 1991
f 1978 1991 1979
f 1979 1991 1992
f 1979 1992 1980
f 1980 1992 1981
f 1980 1981 1969
f 1981 1993 1994
f 1981 1994 1982
f 1982 1994 1995
f 1982 1995 1983
f 1983 1995 1996
f 1983 1996 1984
f 1984 1996 1997
f 1984 1997 1985
f 1985 1997 1998
f 1985 1998 1986
f 1986 1998 1999
f 1986 1999 1987
f 1987 1999 2000
f 1987 2000 1988
f 1988 2000 2001
f 1988 2001 1989
f 1989 2001 2002
f 1989 2002 1990
f 1990 2002 2003
f 1990 2003 1991
f 1991 2003 2004
f 1991 2004 1992
f 1992 2004 1993
f 1992 1993 1981
f 1993 2005 2006
f 1993 2006 1994
f 1994 2006 2007
f 1994 2007 1995
f 1995 2007 2008
f 1995 2008 1996
f 1996 2008 2009
f 1996 2009 1997
f 1997 2009 2010
f 1997 2010 1998
f 1998 2010 2011
f 1998 2011 1999
f 1999 2011 2012
f 1999 2012 2000
f 2000 2012 2013
f 2000 2013 2001
f 2001 2013 2014
f 2001 2014 2002
f 2002 2014 2015
f 2002 2015 2003
f 2003 2015 2016
f 2003 2016 2004
f 2004 2016 2005
f 2004 2005 1993
f 2005 2017 2018
f 2005 2018 2006
f 2006 2018 2019
f 2006 2019 2007
f 2007 2019 2020
f 2007 2020 2008
f 2008 2020 2021
f 2008 2021 2009
f 2009 2021 2022
f 2009 2022 2010
f 2010 2022 2023
f 2010 2023 2011
f 2011 2023 2024
f 2011 2024 2012
f 2012 2024 2025
f 2012 2025 2013
f 2013 2025 2026
f 2013 2026 2014
f 2014 2026 2027
f 2014 2027 2015
f 2015 2027 2028
f 2015 2028 2016
f 2016 2028 2017
f 2016 2017 2005
f 2017 2029 2030
f 2017 2030 2018
f 2018 2030 2031
f 2018 2031 2019
f 2019 2031 2032
f 2019 2032 2020
f 2020 2032 2033
f 2020 2033 2021
f 2021 2033 2034
f 2021 2034 2022
f 2022 2034 2035
f 2022 2035 2023
f 2023 2035 2036
f 2023 2036 2024
f 2024 2036 2037
f 2024 2037 2025
f 2025 2037 2038
f 2025 2038 2026
f 2026 2038 2039
f 2026 2039 2027
f 2027 2039 2040
f 2027 2040 2028
f 2028 2040 2029
f 2028 2029 2017
f 2029 2041 2042
f 2029 2042 2030
f 2030 2042 2043
f 2030 2043 2031
f 2031 2043 2044
f 2031 2044 2032
f 2032 2044 2045
f 2032 2045 2033
f 2033 2045 2046
f 2033 2046 2034
f 2034 2046 2047
f 2034 2047 2035
f 2035 2047 2048
f 2035 2048 2036
f 2036 2048 2049
f 2036 2049 2037
f 2037 2049 2050
f 2037 2050 2038
f 2038 2050 2051
f 2038 2051 2039
f 2039 2051 2052
f 2039 2052 2040
f 2040 2052 2041
f 2040 2041 2029
f 2041 2053 2054
f 2041 2054 2042
f 2042 2054 2055
f 2042 2055 2043
f 2043 2055 2056
f 2043 2056 2044
f 2044 2056 2057
f 2044 2057 2045
f 2045 2057 2058
f 2045 2058 2046
f 2046 2058 2059
f 2046 2059 2047
f 2047 2059 2060
f 2047 2060 2048
f 2048 2060 2061
f 2048 2061 2049
f 2049 2061 2062
f 2049 2062 2050
f 2050 2062 2063
f 2050 2063 2051
f 2051 2063 2064
f 2051 2064 2052
f 2052 2064 2053
f 2052 2053 2041
f 2053 2065 2066
f 2053 2066 2054
f 2054 2066 2067
f 2054 2067 2055
f 2055 2067 2068
f 2055 2068 2056
f 2056 2068 2069
f 2056 2069 2057
f 2057 2069 2070
f 2057 2070 2058
f 2058 2070 2071
f 2058 2071 2059
f 2059 2071 2072
f 2059 2072 2060
f 2060 2072 2073
f 2060 2073 2061
f 2061 2073 2074
f 2061 2074 2062
f 2062 2074 2075
f 2062 2075 2063
f 2063 2075 2076
f 2063 2076 2064
f 2064 2076 2065
f 2064 2065 2053
f 2065 2077 2078
f 2065 2078 2066
f 2066 2078 2079
f 2066 2079 2067
f 2067 2079 2080
f 2067 2080 2068
f 2068 2080 2081
f 2068 2081 2069
f 2069 2081 2082
f 2069 2082 2070
f 2070 2082 2083
f 2070 2083 2071
f 2071 2083 2084
f 2071 2084 2072
f 2072 2084 2085
f 2072 2085 2073
f 2073 2085 2086
f 2073 2086 2074
f 2074 2086 2087
f 2074 2087 2075
f 2075 2087 2088
f 2075 2088 2076
f 2076 2088 2077
f 2076 2077 2065
f 2077 2089 2090
f 2077 2090 2078
f 2078 2090 2091
f 2078 2091 2079
f 2079 2091 2092
f 2079 2092 2080
f 2080 2092 2093
f 2080 2093 2081
f 2081 2093 2094
f 2081 2094 2082
f 2082 2094 2095
f 2082 2095 2083
f 2083 2095 2096
f 2083 2096 2084
f 2084 2096 2097
f 2084 2097 2085
f 2085 2097 2098
f 2085 2098 2086
f 2086 2098 2099
f 2086 2099 2087
f 2087 2099 2100
f 2087 2100 2088
f 2088 2100 2089
f 2088 2089 2077
f 2089 2101 2102
f 2089 2102 2090
f 2090 2102 2103
f 2090 2103 2091
f 2091 2103 2104
f 2091 2104 2092
f 2092 2104 2105
f 2092 2105 2093
f 2093 2105 2106
f 2093 2106 2094
f 2094 2106 2107
f 2094 2107 2095
f 2095 2107 2108
f 2095 2108 2096
f 2096 2108 2109
f 2096 2109 2097
f 2097 2109 2110
f 2097 2110 2098
f 2098 2110 2111
f 2098 2111 2099
f 2099 2111 2112
f 2099 2112 2100
f 2100 2112 2101
f 2100 2101 2089
f 2101 2113 2114
f 2101 2114 2102
f 2102 2114 2115
f 2102 2115 2103
f 2103 2115 2116
f 2103 2116 2104
f 2104 2116 2117
f 2104 2117 2105
f 2105 2117 2118
f 2105 2118 2106
f 2106 2118 2119
f 2106 2119 2107
f 2107 2119 2120
f 2107 2120 2108
f 2108 2120 2121
f 2108 2121 2109
f 2109 2121 2122
f 2109 2122 2110
f 2110 2122 2123
f 2110 2123 2111
f 2111 2123 2124
f 2111 2124 2112
f 2112 2124 2113
f 2112 2113 2101
f 2113 2125 2126
f 2113 2126 2114
f 2114 2126 2127
f 2114 2127 2115
f 2115 2127 2128
f 2115 2128 2116
f 2116 2128 2129
f 2116 2129 2117
f 2117 2129 2130
f 2117 2130 2118
f 2118 2130 2131
f 2118 2131 2119
f 2119 2131 2132
f 2119 2132 2120
f 2120 2132 2133
f 2120 2133 2121
f 2121 2133 2134
f 2121 2134 2122
f 2122 2134 2135
f 2122 2135 2123
f 2123 2135 2136
f 2123 2136 2124
f 2124 2136 2125
f 2124 2125 2113
f 2125 2137 2138
f 2125 2138 2126
f 2126 2138 2139
f 2126 2139 2127
f 2127 2139 2140
f 2127 2140 2128
f 2128 2140 2141
f 2128 2141 2129
f 2129 2141 2142
f 2129 2142 2130
f 2130 2142 2143
f 2130 2143 2131
f 2131 2143 2144
f 2131 2144 2132
f 2132 2144 2145
f 2132 2145 2133
f 2133 2145 2146
f 2133 2146 2134
f 2134 2146 2147
f 2134 2147 2135
f 2135 2147 2148
f 2135 2148 2136
f 2136 2148 2137
f 2136 2137 2125
f 2137 2149 2150
f 2137 2150 2138
f 2138 2150 2151
f 2138 2151 2139
f 2139 2151 2152
f 2139 2152 2140
f 2140 2152 2153
f 2140 2153 2141
f 2141 2153 2154
f 2141 2154 2142
f 2142 2154 2155
f 2142 2155 2143
f 2143 2155 2156
f 2143 2156 2144
f 2144 2156 2157
f 2144 2157 2145
f 2145 2157 2158
f 2145 2158 2146
f 2146 2158 2159
f 2146 2159 2147
f 2147 2159 2160
f 2147 2160 2148
f 2148 2160 2149
f 2148 2149 2137
f 2149 2161 2162
f 2149 2162 2150
f 2150 2162 2163
f 2150 2163 2151
f 2151 2163 2164
f 2151 2164 2152
f 2152 2164 2165
f 2152 2165 2153
f 2153 2165 2166
f 2153 2166 2154
f 2154 2166 2167
f 2154 2167 2155
f 2155 2167 2168
f 2155 2168 2156
f 2156 2168 2169
f 2156 2169 2157
f 2157 2169 2170
f 2157 2170 2158
f 2158 2170 2171
f 2158 2171 2159
f 2159 2171 2172
f 2159 2172 2160
f 2160 2172 2161
f 2160 2161 2149
f 2161 2173 2174
f 2161 2174 2162
f 2162 2174 2175
f 2162 2175 2163
f 2163 2175 2176
f 2163 2176 2164
f 2164 2176 2177
f 2164 2177 2165
f 2165 2177 2178
f 2165 2178 2166
f 2166 2178 2179
f 2166 2179 2167
f 2167 2179 2180
f 2167 2180 2168
f 2168 2180 2181
f 2168 2181 2169
f 2169 2181 2182
f 2169 2182 2170
f 2170 2182 2183
f 2170 2183 2171
f 2171 2183 2184
f 2171 2184 2172
f 2172 2184 2173
f 2172 2173 2161
f 2173 2185 2186
f 2173 2186 2174
f 2174 2186 2187
f 2174 2187 2175
f 2175 2187 2188
f 2175 2188 2176
f 2176 2188 2189
f 2176 2189 2177
f 2177 2189 2190
f 2177 2190 2178
f 2178 2190 2191
f 2178 2191 2179
f 2179 2191 2192
f 2179 2192 2180
f 2180 2192 2193
f 2180 2193 2181
f 2181 2193 2194
f 2181 2194 2182
f 2182 2194 2195
f 2182 2195 2183
f 2183 2195 2196
f 2183 2196 2184
f 2184 2196 2185
f 2184 2185 2173
f 2185 2197 2198
f 2185 2198 2186
f 2186 2198 2199
f 2186 2199 2187
f 2187 2199 2200
f 2187 2200 2188
f 2188 2200 2201
f 2188 2201 2189
f 2189 2201 2202
f 2189 2202 2190
f 2190 2202 2203
f 2190 2203 2191
f 2191 2203 2204
f 2191 2204 2192
f 2192 2204 2205
f 2192 2205 2193
f 2193 2205 2206
f 2193 2206 2194
f 2194 2206 2207
f 2194 2207 2195
f 2195 2207 2208
f 2195 2208 2196
f 2196 2208 2197
f 2196 2197 2185
f 2197 2209 2210
f 2197 2210 2198
f 2198 2210 2211
f 2198 2211 2199
f 2199 2211 2212
f 2199 2212 2200
f 2200 2212 2213
f 2200 2213 2201
f 2201 2213 2214
f 2201 2214 2202
f 2202 2214 2215
f 2202 2215 2203
f 2203 2215 2216
f 2203 2216 2204
f 2204 2216 2217
f 2204 2217 2205
f 2205 2217 2218
f 2205 2218 2206
f 2206 2218 2219
f 2206 2219 2207
f 2207 2219 2220
f 2207 2220 2208
f 2208 2220 2209
f 2208 2209 2197
f 2209 2221 2222
f 2209 2222 2210
f 2210 2222 2223
f 2210 2223 2211
f 2211 2223 2224
f 2211 2224 2212
f 2212 2224 2225
f 2212 2225 2213
f 2213 2225 2226
f 2213 2226 2214
f 2214 2226 2227
f 2214 2227 2215
f 2215 2227 2228
f 2215 2228 2216
f 2216 2228 2229
f 2216 2229 2217
f 2217 2229 2230
f 2217 2230 2218
f 2218 2230 2231
f 2218 2231 2219
f 2219 2231 2232
f 2219 2232 2220
f 2220 2232 2221
f 2220 2221 2209
f 2221 2233 2234
f 2221 2234 2222
f 2222 2234 2235
f 2222 2235 2223
f 2223 2235 2236
f 2223 2236 2224
f 2224 2236 2237
f 2224 2237 2225
f 2225 2237 2238
f 2225 2238 2226
f 2226 2238 2239
f 2226 2239 2227
f 2227 2239 2240
f 2227 2240 2228
f 2228 2240 2241
f 2228 2241 2229
f 2229 2241 2242
f 2229 2242 2230
f 2230 2242 2243
f 2230 2243 2231
f 2231 2243 2244
f 2231 2244 2232
f 2232 2244 2233
f 2232 2233 2221
f 2233 2245 2246
f 2233 2246 2234
f 2234 2246 2247
f 2234 2247 2235
f 2235 2247 2248
f 2235 2248 2236
f 2236 2248 2249
f 2236 2249 2237
f 2237 2249 2250
f 2237 2250 2238
f 2238 2250 2251
f 2238 2251 2239
f 2239 2251 2252
f 2239 2252 2240
f 2240 2252 2253
f 2240 2253 2241
f 2241 2253 2254
f 2241 2254 2242
f 2242 2254 2255
f 2242 2255 2243
f 2243 2255 2256
f 2243 2256 2244
f 2244 2256 2245
f 2244 2245 2233
f 2245 2257 2258
f 2245 2258 2246
f 2246 2258 2259
f 2246 2259 2247
f 2247 2259 2260
f 2247 2260 2248
f 2248 2260 2261
f 2248 2261 2249
f 2249 2261 2262
f 2249 2262 2250
f 2250 2262 2263
f 2250 2263 2251
f 2251 2263 2264
f 2251 2264 2252
f 2252 2264 2265
f 2252 2265 2253
f 2253 2265 2266
f 2253 2266 2254
f 2254 2266 2267
f 2254 2267 2255
f 2255 2267 2268
f 2255 2268 2256
f 2256 2268 2257
f 2256 2257 2245
f 2257 2269 2270
f 2257 2270 2258
f 2258 2270 2271
f 2258 2271 2259
f 2259 2271 2272
f 2259 2272 2260
f 2260 2272 2273
f 2260 2273 2261
f 2261 2273 2274
f 2261 2274 2262
f 2262 2274 2275
f 2262 2275 2263
f 2263 2275 2276
f 2263 2276 2264
f 2264 2276 2277
f 2264 2277 2265
f 2265 2277 2278
f 2265 2278 2266
f 2266 2278 2279
f 2266 2279 2267
f 2267 2279 2280
f 2267 2280 2268
f 2268 2280 2269
f 2268 2269 2257
f 2269 2281 2282
f 2269 2282 2270
f 2270 2282 2283
f 2270 2283 2271
f 2271 2283 2284
f 2271 2284 2272
f 2272 2284 2285
f 2272 2285 2273
f 2273 2285 2286
f 2273 2286 2274
f 2274 2286 2287
f 2274 2287 2275
f 2275 2287 2288
f 2275 2288 2276
f 2276 2288 2289
f 2276 2289 2277
f 2277 2289 2290
f 2277 2290 2278
f 2278 2290 2291
f 2278 2291 2279
f 2279 2291 2292
f 2279 2292 2280
f 2280 2292 2281
f 2280 2281 2269
f 2281 2293 2294
f 2281 2294 2282
f 2282 2294 2295
f 2282 2295 2283
f 2283 2295 2296
f 2283 2296 2284
f 2284 2296 2297
f 2284 2297 2285
f 2285 2297 2298
f 2285 2298 2286
f 2286 2298 2299
f 2286 2299 2287
f 2287 2299 2300
f 2287 2300 2288
f 2288 2300 2301
f 2288 2301 2289
f 2289 2301 2302
f 2289 2302 2290
f 2290 2302 2303
f 2290 2303 2291
f 2291 2303 2304
f 2291 2304 2292
f 2292 2304 2293
f 2292 2293 2281
f 2293 1153 1154
f 2293 1154 2294
f 2294 1154 1155
f 2294 1155 2295
f 2295 1155 1156
f 2295 1156 2296
f 2296 1156 1157
f 2296 1157 2297
f 2297 1157 1158
f 2297 1158 2298
f 2298 1158 1159
f 2298 1159 2299
f 2299 1159 1160
f 2299 1160 2300
f 2300 1160 1161
f 2300 1161 2301
f 2301 1161 1162
f 2301 1162 2302
f 2302 1162 1163
f 2302 1163 2303
f 2303 1163 1164
f 2303 1164 2304
f 2304 1164 1153
f 2304 1153 2293
v 0.0000000 -0.0400000 0.0350000
v 0.0000000 0.0400000 0.0350000
v -0.0133939 -0.0400000 0.0323358
v -0.0133939 0.0400000 0.0323358
v -0.0247487 -0.0400000 0.0247487
v -0.0247487 0.0400000 0.0247487
v -0.0323358 -0.0400000 0.0133939
v -0.0323358 0.0400000 0.0133939
v -0.0350000 -0.0400000 0.0000000
v -0.0350000 0.0400000 0.0000000
v -0.0323358 -0.0400000 -0.0133939
v -0.0323358 0.0400000 -0.0133939
v -0.0247488 -0.0400000 -0.0247487
v -0.0247488 0.0400000 -0.0247487
v -0.0133939 -0.0400000 -0.0323358
v -0.0133939 0.0400000 -0.0323358
v 0.0000000 -0.0400000 -0.0350000
v 0.0000000 0.0400000 -0.0350000
v 0.0133939 -0.0400000 -0.0323358
v 0.0133939 0.0400000 -0.0323358
v 0.0247487 -0.0400000 -0.0247487
v 0.0247487 0.0400000 -0.0247487
v 0.0323358 -0.0400000 -0.0133939
v 0.0323358 0.0400000 -0.0133939
v 0.0350000 -0.0400000 0.0000000
v 0.0350000 0.0400000 0.0000000
v 0.0323358 -0.0400000 0.0133939
v 0.0323358 0.0400000 0.0133939
v 0.0247488 -0.0400000 0.0247487
v 0.0247488 0.0400000 0.0247487
v 0.0133939 -0.0400000 0.0323358
v 0.0133939 0.0400000 0.0323358
f 2305 2306 2308
f 2305 2308 2307
f 2307 2308 2310
f 2307 2310 2309
f 2309 2310 2312
f 2309 2312 2311
f 2311 2312 2314
f 2311 2314 2313
f 2313 2314 2316
f 2313 2316 2315
f 2315 2316 2318
f 2315 2318 2317
f 2317 2318 2320
f 2317 2320 2319
f 2319 2320 2322
f 2319 2322 2321
f 2321 2322 2324
f 2321 2324 2323
f 2323 2324 2326
f 2323 2326 2325
f 2325 2326 2328
f 2325 2328 2327
f 2327 2328 2330
f 2327 2330 2329
f 2329 2330 2332
f 2329 2332 2331
f 2331 2332 2334
f 2331 2334 2333
f 2310 2308 2306
f 2306 2336 2334
f 2334 2332 2330
f 2330 2328 2326
f 2326 2324 2322
f 2322 2320 2318
f 2318 2316 2314
f 2314 2312 2310
f 2310 2306 2334
f 2334 2330 2326
f 2326 2322 2318
f 2318 2314 2310
f 2310 2334 2326
f 2326 2318 2310
f 2333 2334 2336
f 2333 2336 2335
f 2335 2336 2306
f 2335 2306 2305
f 2335 2305 2307
f 2307 2309 2311
f 2311 2313 2315
f 2315 2317 2319
f 2319 2321 2323
f 2323 2325 2327
f 2327 2329 2331
f 2331 2333 2335
f 2335 2307 2311
f 2311 2315 2319
f 2319 2323 2327
f 2327 2331 2335
f 2335 2311 2319
f 2319 2327 2335
v -0.0000001 0.0260000 0.0028000
v 0.2336000 0.0000000 0.0028000
v 0.0001185 0.0270650 0.0025869
v 0.2337185 0.0010650 0.0025868
v 0.0002190 0.0279678 0.0019799
v 0.2338190 0.0019677 0.0019799
v 0.0002861 0.0285710 0.0010715
v 0.2338861 0.0025710 0.0010715
v 0.0003097 0.0287828 0.0000000
v 0.2339097 0.0027828 0.0000000
v 0.0002861 0.0285710 -0.0010715
v 0.2338861 0.0025710 -0.0010715
v 0.0002190 0.0279678 -0.0019799
v 0.2338190 0.0019677 -0.0019799
v 0.0001185 0.0270650 -0.0025868
v 0.2337185 0.0010650 -0.0025869
v -0.0000001 0.0260000 -0.0028000
v 0.2336000 0.0000000 -0.0028000
v -0.0001186 0.0249351 -0.0025868
v 0.2334814 -0.0010649 -0.0025869
v -0.0002191 0.0240323 -0.0019799
v 0.2333809 -0.0019678 -0.0019799
v -0.0002862 0.0234290 -0.0010715
v 0.2333138 -0.0025710 -0.0010715
v -0.0003098 0.0232172 0.0000000
v 0.2332902 -0.0027828 0.0000000
v -0.0002862 0.0234290 0.0010715
v 0.2333138 -0.0025710 0.0010715
v -0.0002191 0.0240323 0.0019799
v 0.2333809 -0.0019678 0.0019799
v -0.0001186 0.0249351 0.0025869
v 0.2334814 -0.0010649 0.0025868
f 2337 2338 2340
f 2337 2340 2339
f 2339 2340 2342
f 2339 2342 2341
f 2341 2342 2344
f 2341 2344 2343
f 2343 2344 2346
f 2343 2346 2345
f 2345 2346 2348
f 2345 2348 2347
f 2347 2348 2350
f 2347 2350 2349
f 2349 2350 2352
f 2349 2352 2351
f 2351 2352 2354
f 2351 2354 2353
f 2353 2354 2356
f 2353 2356 2355
f 2355 2356 2358
f 2355 2358 2357
f 2357 2358 2360
f 2357 2360 2359
f 2359 2360 2362
f 2359 2362 2361
f 2361 2362 2364
f 2361 2364 2363
f 2363 2364 2366
f 2363 2366 2365
f 2342 2340 2338
f 2338 2368 2366
f 2366 2364 2362
f 2362 2360 2358
f 2358 2356 2354
f 2354 2352 2350
f 2350 2348 2346
f 2346 2344 2342
f 2342 2338 2366
f 2366 2362 2358
f 2358 2354 2350
f 2350 2346 2342
f 2342 2366 2358
f 2358 2350 2342
f 2365 2366 2368
f 2365 2368 2367
f 2367 2368 2338
f 2367 2338 2337
f 2367 2337 2339
f 2339 2341 2343
f 2343 2345 2347
f 2347 2349 2351
f 2351 2353 2355
f 2355 2357 2359
f 2359 2361 2363
f 2363 2365 2367
f 2367 2339 2343
f 2343 2347 2351
f 2351 2355 2359
f 2359 2363 2367
f 2367 2343 2351
f 2351 2359 2367
v -0.0007155 -0.0260824 0.0027058
v 0.2249248 -0.0000825 0.0631659
v -0.0007837 -0.0250117 0.0024998
v 0.2248566 0.0009882 0.0629599
v -0.0007325 -0.0240914 0.0019133
v 0.2249078 0.0019085 0.0623734
v -0.0005699 -0.0234617 0.0010355
v 0.2250704 0.0025383 0.0614956
v -0.0003206 -0.0232184 0.0000000
v 0.2253197 0.0027816 0.0604601
v -0.0000223 -0.0233986 -0.0010355
v 0.2256180 0.0026014 0.0594247
v 0.0002793 -0.0239748 -0.0019132
v 0.2259196 0.0020251 0.0585468
v 0.0005383 -0.0248593 -0.0024998
v 0.2261786 0.0011406 0.0579603
v 0.0007155 -0.0259176 -0.0027058
v 0.2263558 0.0000824 0.0577543
v 0.0007837 -0.0269883 -0.0024998
v 0.2264240 -0.0009883 0.0579603
v 0.0007325 -0.0279086 -0.0019132
v 0.2263728 -0.0019086 0.0585469
v 0.0005699 -0.0285383 -0.0010355
v 0.2262102 -0.0025383 0.0594247
v 0.0003206 -0.0287816 0.0000000
v 0.2259609 -0.0027816 0.0604601
v 0.0000223 -0.0286014 0.0010355
v 0.2256626 -0.0026014 0.0614956
v -0.0002793 -0.0280252 0.0019133
v 0.2253610 -0.0020252 0.0623734
v -0.0005383 -0.0271406 0.0024998
v 0.2251019 -0.0011407 0.0629599
f 2369 2370 2372
f 2369 2372 2371
f 2371 2372 2374
f 2371 2374 2373
f 2373 2374 2376
f 2373 2376 2375
f 2375 2376 2378
f 2375 2378 2377
f 2377 2378 2380
f 2377 2380 2379
f 2379 2380 2382
f 2379 2382 2381
f 2381 2382 2384
f 2381 2384 2383
f 2383 2384 2386
f 2383 2386 2385
f 2385 2386 2388
f 2385 2388 2387
f 2387 2388 2390
f 2387 2390 2389
f 2389 2390 2392
f 2389 2392 2391
f 2391 2392 2394
f 2391 2394 2393
f 2393 2394 2396
f 2393 2396 2395
f 2395 2396 2398
f 2395 2398 2397
f 2374 2372 2370
f 2370 2400 2398
f 2398 2396 2394
f 2394 2392 2390
f 2390 2388 2386
f 2386 2384 2382
f 2382 2380 2378
f 2378 2376 2374
f 2374 2370 2398
f 2398 2394 2390
f 2390 2386 2382
f 2382 2378 2374
f 2374 2398 2390
f 2390 2382 2374
f 2397 2398 2400
f 2397 2400 2399
f 2399 2400 2370
f 2399 2370 2369
f 2399 2369 2371
f 2371 2373 2375
f 2375 2377 2379
f 2379 2381 2383
f 2383 2385 2387
f 2387 2389 2391
f 2391 2393 2395
f 2395 2397 2399
f 2399 2371 2375
f 2375 2379 2383
f 2383 2387 2391
f 2391 2395 2399
f 2399 2375 2383
f 2383 2391 2399
v -0.0013800 0.0261774 0.0024298
v 0.2009236 0.0001774 0.1192298
v -0.0011383 0.0272267 0.0022449
v 0.2011652 0.0012266 0.1190448
v -0.0007234 0.0280892 0.0017182
v 0.2015802 0.0020891 0.1185181
v -0.0001984 0.0286337 0.0009299
v 0.2021052 0.0026336 0.1177298
v 0.0003570 0.0287772 0.0000000
v 0.2026606 0.0027772 0.1168000
v 0.0008579 0.0284979 -0.0009298
v 0.2031615 0.0024979 0.1158701
v 0.0012283 0.0278383 -0.0017181
v 0.2035319 0.0018383 0.1150818
v 0.0014117 0.0268989 -0.0022448
v 0.2037152 0.0008989 0.1145552
v 0.0013801 0.0258226 -0.0024298
v 0.2036836 -0.0001774 0.1143702
v 0.0011384 0.0247734 -0.0022448
v 0.2034420 -0.0012266 0.1145552
v 0.0007235 0.0239109 -0.0017181
v 0.2030270 -0.0020892 0.1150818
v 0.0001985 0.0233664 -0.0009298
v 0.2025020 -0.0026336 0.1158701
v -0.0003569 0.0232229 0.0000000
v 0.2019466 -0.0027772 0.1168000
v -0.0008578 0.0235022 0.0009299
v 0.2014457 -0.0024979 0.1177298
v -0.0012282 0.0241617 0.0017182
v 0.2010753 -0.0018384 0.1185181
v -0.0014116 0.0251011 0.0022449
v 0.2008920 -0.0008989 0.1190448
f 2401 2402 2404
f 2401 2404 2403
f 2403 2404 2406
f 2403 2406 2405
f 2405 2406 2408
f 2405 2408 2407
f 2407 2408 2410
f 2407 2410 2409
f 2409 2410 2412
f 2409 2412 2411
f 2411 2412 2414
f 2411 2414 2413
f 2413 2414 2416
f 2413 2416 2415
f 2415 2416 2418
f 2415 2418 2417
f 2417 2418 2420
f 2417 2420 2419
f 2419 2420 2422
f 2419 2422 2421
f 2421 2422 2424
f 2421 2424 2423
f 2423 2424 2426
f 2423 2426 2425
f 2425 2426 2428
f 2425 2428 2427
f 2427 2428 2430
f 2427 2430 2429
f 2406 2404 2402
f 2402 2432 2430
f 2430 2428 2426
f 2426 2424 2422
f 2422 2420 2418
f 2418 2416 2414
f 2414 2412 2410
f 2410 2408 2406
f 2406 2402 2430
f 2430 2426 2422
f 2422 2418 2414
f 2414 2410 2406
f 2406 2430 2422
f 2422 2414 2406
f 2429 2430 2432
f 2429 2432 2431
f 2431 2432 2402
f 2431 2402 2401
f 2431 2401 2403
f 2403 2405 2407
f 2407 2409 2411
f 2411 2413 2415
f 2415 2417 2419
f 2419 2421 2423
f 2423 2425 2427
f 2427 2429 2431
f 2431 2403 2407
f 2407 2411 2415
f 2415 2419 2423
f 2423 2427 2431
f 2431 2407 2415
f 2415 2423 2431
v -0.0019438 -0.0263060 0.0019920
v 0.1632363 -0.0003060 0.1671721
v -0.0019625 -0.0252242 0.0018404
v 0.1632175 0.0007758 0.1670205
v -0.0016824 -0.0242606 0.0014085
v 0.1634977 0.0017394 0.1665887
v -0.0011462 -0.0235617 0.0007623
v 0.1640339 0.0024383 0.1659424
v -0.0004355 -0.0232341 0.0000000
v 0.1647446 0.0027660 0.1651801
v 0.0003415 -0.0233275 -0.0007623
v 0.1655216 0.0026725 0.1644178
v 0.0010666 -0.0238279 -0.0014085
v 0.1662467 0.0021722 0.1637716
v 0.0016292 -0.0246589 -0.0018403
v 0.1668093 0.0013412 0.1633398
v 0.0019437 -0.0256940 -0.0019920
v 0.1671238 0.0003060 0.1631882
v 0.0019624 -0.0267758 -0.0018403
v 0.1671425 -0.0007758 0.1633398
v 0.0016823 -0.0277395 -0.0014085
v 0.1668624 -0.0017395 0.1637716
v 0.0011461 -0.0284383 -0.0007623
v 0.1663262 -0.0024383 0.1644178
v 0.0004354 -0.0287659 0.0000000
v 0.1656154 -0.0027660 0.1651801
v -0.0003417 -0.0286725 0.0007623
v 0.1648384 -0.0026725 0.1659424
v -0.0010667 -0.0281722 0.0014085
v 0.1641134 -0.0021722 0.1665887
v -0.0016294 -0.0273412 0.0018404
v 0.1635507 -0.0013412 0.1670205
f 2433 2434 2436
f 2433 2436 2435
f 2435 2436 2438
f 2435 2438 2437
f 2437 2438 2440
f 2437 2440 2439
f 2439 2440 2442
f 2439 2442 2441
f 2441 2442 2444
f 2441 2444 2443
f 2443 2444 2446
f 2443 2446 2445
f 2445 2446 2448
f 2445 2448 2447
f 2447 2448 2450
f 2447 2450 2449
f 2449 2450 2452
f 2449 2452 2451
f 2451 2452 2454
f 2451 2454 2453
f 2453 2454 2456
f 2453 2456 2455
f 2455 2456 2458
f 2455 2458 2457
f 2457 2458 2460
f 2457 2460 2459
f 2459 2460 2462
f 2459 2462 2461
f 2438 2436 2434
f 2434 2464 2462
f 2462 2460 2458
f 2458 2456 2454
f 2454 2452 2450
f 2450 2448 2446
f 2446 2444 2442
f 2442 2440 2438
f 2438 2434 2462
f 2462 2458 2454
f 2454 2450 2446
f 2446 2442 2438
f 2438 2462 2454
f 2454 2446 2438
f 2461 2462 2464
f 2461 2464 2463
f 2463 2464 2434
f 2463 2434 2433
f 2463 2433 2435
f 2435 2437 2439
f 2439 2441 2443
f 2443 2445 2447
f 2447 2449 2451
f 2451 2453 2455
f 2455 2457 2459
f 2459 2461 2463
f 2463 2435 2439
f 2439 2443 2447
f 2447 2451 2455
f 2455 2459 2463
f 2463 2439 2447
f 2447 2455 2463
v -0.0023524 0.0265237 0.0014255
v 0.1144476 0.0005236 0.2037290
v -0.0019405 0.0275297 0.0013170
v 0.1148595 0.0015297 0.2036205
v -0.0012331 0.0283029 0.0010079
v 0.1155668 0.0023029 0.2033115
v -0.0003381 0.0287255 0.0005455
v 0.1164619 0.0027254 0.2028490
v 0.0006084 0.0287331 0.0000000
v 0.1174084 0.0027331 0.2023035
v 0.0014623 0.0283247 -0.0005455
v 0.1182623 0.0023246 0.2017580
v 0.0020937 0.0275623 -0.0010079
v 0.1188936 0.0015623 0.2012956
v 0.0024062 0.0265622 -0.0013170
v 0.1192062 0.0005621 0.2009866
v 0.0023525 0.0254764 -0.0014255
v 0.1191524 -0.0005237 0.2008781
v 0.0019406 0.0244703 -0.0013170
v 0.1187406 -0.0015297 0.2009866
v 0.0012332 0.0236971 -0.0010079
v 0.1180332 -0.0023029 0.2012956
v 0.0003382 0.0232746 -0.0005455
v 0.1171381 -0.0027255 0.2017580
v -0.0006083 0.0232669 0.0000000
v 0.1161916 -0.0027331 0.2023035
v -0.0014622 0.0236754 0.0005455
v 0.1153377 -0.0023247 0.2028490
v -0.0020936 0.0244377 0.0010079
v 0.1147064 -0.0015623 0.2033115
v -0.0024061 0.0254379 0.0013170
v 0.1143938 -0.0005621 0.2036205
f 2465 2466 2468
f 2465 2468 2467
f 2467 2468 2470
f 2467 2470 2469
f 2469 2470 2472
f 2469 2472 2471
f 2471 2472 2474
f 2471 2474 2473
f 2473 2474 2476
f 2473 2476 2475
f 2475 2476 2478
f 2475 2478 2477
f 2477 2478 2480
f 2477 2480 2479
f 2479 2480 2482
f 2479 2482 2481
f 2481 2482 2484
f 2481 2484 2483
f 2483 2484 2486
f 2483 2486 2485
f 2485 2486 2488
f 2485 2488 2487
f 2487 2488 2490
f 2487 2490 2489
f 2489 2490 2492
f 2489 2492 2491
f 2491 2492 2494
f 2491 2494 2493
f 2470 2468 2466
f 2466 2496 2494
f 2494 2492 2490
f 2490 2488 2486
f 2486 2484 2482
f 2482 2480 2478
f 2478 2476 2474
f 2474 2472 2470
f 2470 2466 2494
f 2494 2490 2486
f 2486 2482 2478
f 2478 2474 2470
f 2470 2494 2486
f 2486 2478 2470
f 2493 2494 2496
f 2493 2496 2495
f 2495 2496 2466
f 2495 2466 2465
f 2495 2465 2467
f 2467 2469 2471
f 2471 2473 2475
f 2475 2477 2479
f 2479 2481 2483
f 2483 2485 2487
f 2487 2489 2491
f 2491 2493 2495
f 2495 2467 2471
f 2471 2475 2479
f 2479 2483 2487
f 2487 2491 2495
f 2495 2471 2479
f 2479 2487 2495
v -0.0024693 -0.0270619 0.0007840
v 0.0579908 -0.0010619 0.2264242
v -0.0027047 -0.0259967 0.0007243
v 0.0577555 0.0000033 0.2263646
v -0.0025283 -0.0249321 0.0005544
v 0.0579318 0.0010679 0.2261946
v -0.0019670 -0.0240299 0.0003000
v 0.0584931 0.0019701 0.2259403
v -0.0011061 -0.0234278 0.0000000
v 0.0593539 0.0025722 0.2256403
v -0.0000770 -0.0232172 -0.0003000
v 0.0603831 0.0027828 0.2253402
v 0.0009639 -0.0234303 -0.0005544
v 0.0614240 0.0025697 0.2250859
v 0.0018581 -0.0240346 -0.0007243
v 0.0623182 0.0019654 0.2249159
v 0.0024693 -0.0249381 -0.0007840
v 0.0629294 0.0010619 0.2248562
v 0.0027046 -0.0260033 -0.0007243
v 0.0631648 -0.0000033 0.2249159
v 0.0025283 -0.0270680 -0.0005544
v 0.0629884 -0.0010680 0.2250859
v 0.0019670 -0.0279701 -0.0003000
v 0.0624270 -0.0019701 0.2253402
v 0.0011061 -0.0285723 -0.0000000
v 0.0615662 -0.0025723 0.2256403
v 0.0000770 -0.0287828 0.0003000
v 0.0605371 -0.0027828 0.2259403
v -0.0009639 -0.0285697 0.0005544
v 0.0594962 -0.0025697 0.2261946
v -0.0018581 -0.0279654 0.0007243
v 0.0586020 -0.0019654 0.2263646
f 2497 2498 2500
f 2497 2500 2499
f 2499 2500 2502
f 2499 2502 2501
f 2501 2502 2504
f 2501 2504 2503
f 2503 2504 2506
f 2503 2506 2505
f 2505 2506 2508
f 2505 2508 2507
f 2507 2508 2510
f 2507 2510 2509
f 2509 2510 2512
f 2509 2512 2511
f 2511 2512 2514
f 2511 2514 2513
f 2513 2514 2516
f 2513 2516 2515
f 2515 2516 2518
f 2515 2518 2517
f 2517 2518 2520
f 2517 2520 2519
f 2519 2520 2522
f 2519 2522 2521
f 2521 2522 2524
f 2521 2524 2523
f 2523 2524 2526
f 2523 2526 2525
f 2502 2500 2498
f 2498 2528 2526
f 2526 2524 2522
f 2522 2520 2518
f 2518 2516 2514
f 2514 2512 2510
f 2510 2508 2506
f 2506 2504 2502
f 2502 2498 2526
f 2526 2522 2518
f 2518 2514 2510
f 2510 2506 2502
f 2502 2526 2518
f 2518 2510 2502
f 2525 2526 2528
f 2525 2528 2527
f 2527 2528 2498
f 2527 2498 2497
f 2527 2497 2499
f 2499 2501 2503
f 2503 2505 2507
f 2507 2509 2511
f 2511 2513 2515
f 2515 2517 2519
f 2519 2521 2523
f 2523 2525 2527
f 2527 2499 2503
f 2503 2507 2511
f 2511 2515 2519
f 2519 2523 2527
f 2527 2503 2511
f 2511 2519 2527
v 0.0000000 0.0287828 0.0003097
v 0.0000000 0.0027829 0.2339097
v 0.0010716 0.0285710 0.0002861
v 0.0010716 0.0025710 0.2338862
v 0.0019799 0.0279678 0.0002190
v 0.0019799 0.0019678 0.2338190
v 0.0025868 0.0270649 0.0001185
v 0.0025868 0.0010650 0.2337185
v 0.0028000 0.0260000 -0.0000000
v 0.0028000 0.0000001 0.2336000
v 0.0025868 0.0249351 -0.0001186
v 0.0025868 -0.0010649 0.2334814
v 0.0019799 0.0240322 -0.0002190
v 0.0019799 -0.0019677 0.2333809
v 0.0010716 0.0234290 -0.0002862
v 0.0010716 -0.0025710 0.2333138
v 0.0000000 0.0232171 -0.0003097
v 0.0000000 -0.0027828 0.2332902
v -0.0010716 0.0234290 -0.0002862
v -0.0010716 -0.0025710 0.2333138
v -0.0019799 0.0240322 -0.0002190
v -0.0019799 -0.0019677 0.2333809
v -0.0025868 0.0249351 -0.0001186
v -0.0025868 -0.0010649 0.2334814
v -0.0028000 0.0260000 -0.0000000
v -0.0028000 0.0000001 0.2336000
v -0.0025868 0.0270649 0.0001185
v -0.0025868 0.0010650 0.2337185
v -0.0019799 0.0279678 0.0002190
v -0.0019799 0.0019678 0.2338190
v -0.0010716 0.0285710 0.0002861
v -0.0010716 0.0025710 0.2338862
f 2529 2530 2532
f 2529 2532 2531
f 2531 2532 2534
f 2531 2534 2533
f 2533 2534 2536
f 2533 2536 2535
f 2535 2536 2538
f 2535 2538 2537
f 2537 2538 2540
f 2537 2540 2539
f 2539 2540 2542
f 2539 2542 2541
f 2541 2542 2544
f 2541 2544 2543
f 2543 2544 2546
f 2543 2546 2545
f 2545 2546 2548
f 2545 2548 2547
f 2547 2548 2550
f 2547 2550 2549
f 2549 2550 2552
f 2549 2552 2551
f 2551 2552 2554
f 2551 2554 2553
f 2553 2554 2556
f 2553 2556 2555
f 2555 2556 2558
f 2555 2558 2557
f 2534 2532 2530
f 2530 2560 2558
f 2558 2556 2554
f 2554 2552 2550
f 2550 2548 2546
f 2546 2544 2542
f 2542 2540 2538
f 2538 2536 2534
f 2534 2530 2558
f 2558 2554 2550
f 2550 2546 2542
f 2542 2538 2534
f 2534 2558 2550
f 2550 2542 2534
f 2557 2558 2560
f 2557 2560 2559
f 2559 2560 2530
f 2559 2530 2529
f 2559 2529 2531
f 2531 2533 2535
f 2535 2537 2539
f 2539 2541 2543
f 2543 2545 2547
f 2547 2549 2551
f 2551 2553 2555
f 2555 2557 2559
f 2559 2531 2535
f 2535 2539 2543
f 2543 2547 2551
f 2551 2555 2559
f 2559 2535 2543
f 2543 2551 2559
v 0.0024693 -0.0270619 0.0007840
v -0.0579909 -0.0010619 0.2264242
v 0.0018580 -0.0279654 0.0007243
v -0.0586022 -0.0019654 0.2263646
v 0.0009639 -0.0285697 0.0005544
v -0.0594964 -0.0025697 0.2261946
v -0.0000770 -0.0287828 0.0003000
v -0.0605372 -0.0027828 0.2259403
v -0.0011063 -0.0285723 0.0000000
v -0.0615665 -0.0025723 0.2256403
v -0.0019670 -0.0279701 -0.0003000
v -0.0624272 -0.0019701 0.2253402
v -0.0025283 -0.0270680 -0.0005544
v -0.0629885 -0.0010680 0.2250859
v -0.0027047 -0.0260033 -0.0007243
v -0.0631649 -0.0000033 0.2249159
v -0.0024694 -0.0249381 -0.0007840
v -0.0629296 0.0010619 0.2248562
v -0.0018581 -0.0240346 -0.0007243
v -0.0623183 0.0019654 0.2249159
v -0.0009639 -0.0234303 -0.0005544
v -0.0614243 0.0025697 0.2250859
v 0.0000769 -0.0232172 -0.0003000
v -0.0603833 0.0027828 0.2253402
v 0.0011061 -0.0234278 -0.0000000
v -0.0593541 0.0025722 0.2256403
v 0.0019668 -0.0240299 0.0003000
v -0.0584934 0.0019701 0.2259403
v 0.0025282 -0.0249320 0.0005544
v -0.0579320 0.0010679 0.2261946
v 0.0027046 -0.0259967 0.0007243
v -0.0577556 0.0000033 0.2263646
f 2561 2562 2564
f 2561 2564 2563
f 2563 2564 2566
f 2563 2566 2565
f 2565 2566 2568
f 2565 2568 2567
f 2567 2568 2570
f 2567 2570 2569
f 2569 2570 2572
f 2569 2572 2571
f 2571 2572 2574
f 2571 2574 2573
f 2573 2574 2576
f 2573 2576 2575
f 2575 2576 2578
f 2575 2578 2577
f 2577 2578 2580
f 2577 2580 2579
f 2579 2580 2582
f 2579 2582 2581
f 2581 2582 2584
f 2581 2584 2583
f 2583 2584 2586
f 2583 2586 2585
f 2585 2586 2588
f 2585 2588 2587
f 2587 2588 2590
f 2587 2590 2589
f 2566 2564 2562
f 2562 2592 2590
f 2590 2588 2586
f 2586 2584 2582
f 2582 2580 2578
f 2578 2576 2574
f 2574 2572 2570
f 2570 2568 2566
f 2566 2562 2590
f 2590 2586 2582
f 2582 2578 2574
f 2574 2570 2566
f 2566 2590 2582
f 2582 2574 2566
f 2589 2590 2592
f 2589 2592 2591
f 2591 2592 2562
f 2591 2562 2561
f 2591 2561 2563
f 2563 2565 2567
f 2567 2569 2571
f 2571 2573 2575
f 2575 2577 2579
f 2579 2581 2583
f 2583 2585 2587
f 2587 2589 2591
f 2591 2563 2567
f 2567 2571 2575
f 2575 2579 2583
f 2583 2587 2591
f 2591 2567 2575
f 2575 2583 2591
v 0.0023524 0.0265237 0.0014255
v -0.1144477 0.0005236 0.2037290
v 0.0024061 0.0254379 0.0013170
v -0.1143939 -0.0005621 0.2036205
v 0.0020936 0.0244377 0.0010079
v -0.1147065 -0.0015623 0.2033115
v 0.0014623 0.0236754 0.0005455
v -0.1153377 -0.0023247 0.2028490
v 0.0006084 0.0232669 0.0000000
v -0.1161916 -0.0027331 0.2023035
v -0.0003382 0.0232746 -0.0005455
v -0.1171383 -0.0027255 0.2017580
v -0.0012332 0.0236971 -0.0010079
v -0.1180333 -0.0023029 0.2012956
v -0.0019405 0.0244703 -0.0013170
v -0.1187406 -0.0015297 0.2009866
v -0.0023524 0.0254764 -0.0014255
v -0.1191524 -0.0005237 0.2008781
v -0.0024061 0.0265622 -0.0013170
v -0.1192062 0.0005621 0.2009866
v -0.0020936 0.0275624 -0.0010079
v -0.1188936 0.0015623 0.2012956
v -0.0014623 0.0283247 -0.0005455
v -0.1182624 0.0023246 0.2017580
v -0.0006084 0.0287331 0.0000000
v -0.1174085 0.0027331 0.2023035
v 0.0003382 0.0287255 0.0005455
v -0.1164619 0.0027254 0.2028490
v 0.0012332 0.0283029 0.0010079
v -0.1155668 0.0023029 0.2033115
v 0.0019405 0.0275297 0.0013170
v -0.1148596 0.0015297 0.2036205
f 2593 2594 2596
f 2593 2596 2595
f 2595 2596 2598
f 2595 2598 2597
f 2597 2598 2600
f 2597 2600 2599
f 2599 2600 2602
f 2599 2602 2601
f 2601 2602 2604
f 2601 2604 2603
f 2603 2604 2606
f 2603 2606 2605
f 2605 2606 2608
f 2605 2608 2607
f 2607 2608 2610
f 2607 2610 2609
f 2609 2610 2612
f 2609 2612 2611
f 2611 2612 2614
f 2611 2614 2613
f 2613 2614 2616
f 2613 2616 2615
f 2615 2616 2618
f 2615 2618 2617
f 2617 2618 2620
f 2617 2620 2619
f 2619 2620 2622
f 2619 2622 2621
f 2598 2596 2594
f 2594 2624 2622
f 2622 2620 2618
f 2618 2616 2614
f 2614 2612 2610
f 2610 2608 2606
f 2606 2604 2602
f 2602 2600 2598
f 2598 2594 2622
f 2622 2618 2614
f 2614 2610 2606
f 2606 2602 2598
f 2598 2622 2614
f 2614 2606 2598
f 2621 2622 2624
f 2621 2624 2623
f 2623 2624 2594
f 2623 2594 2593
f 2623 2593 2595
f 2595 2597 2599
f 2599 2601 2603
f 2603 2605 2607
f 2607 2609 2611
f 2611 2613 2615
f 2615 2617 2619
f 2619 2621 2623
f 2623 2595 2599
f 2599 2603 2607
f 2607 2611 2615
f 2615 2619 2623
f 2623 2599 2607
f 2607 2615 2623
v 0.0019438 -0.0263060 0.0019920
v -0.1632364 -0.0003060 0.1671721
v 0.0016292 -0.0273412 0.0018403
v -0.1635510 -0.0013412 0.1670205
v 0.0010666 -0.0281722 0.0014085
v -0.1641135 -0.0021722 0.1665887
v 0.0003417 -0.0286725 0.0007623
v -0.1648386 -0.0026725 0.1659425
v -0.0004354 -0.0287659 0.0000000
v -0.1656156 -0.0027660 0.1651801
v -0.0011461 -0.0284383 -0.0007623
v -0.1663263 -0.0024383 0.1644179
v -0.0016824 -0.0277395 -0.0014085
v -0.1668625 -0.0017395 0.1637716
v -0.0019624 -0.0267758 -0.0018404
v -0.1671426 -0.0007758 0.1633398
v -0.0019438 -0.0256940 -0.0019920
v -0.1671240 0.0003060 0.1631882
v -0.0016292 -0.0246588 -0.0018404
v -0.1668094 0.0013411 0.1633398
v -0.0010667 -0.0238278 -0.0014085
v -0.1662468 0.0021722 0.1637716
v -0.0003417 -0.0233275 -0.0007623
v -0.1655219 0.0026724 0.1644179
v 0.0004354 -0.0232340 0.0000000
v -0.1647449 0.0027659 0.1651801
v 0.0011461 -0.0235617 0.0007623
v -0.1640341 0.0024383 0.1659425
v 0.0016823 -0.0242605 0.0014085
v -0.1634978 0.0017394 0.1665887
v 0.0019624 -0.0252242 0.0018404
v -0.1632178 0.0007758 0.1670205
f 2625 2626 2628
f 2625 2628 2627
f 2627 2628 2630
f 2627 2630 2629
f 2629 2630 2632
f 2629 2632 2631
f 2631 2632 2634
f 2631 2634 2633
f 2633 2634 2636
f 2633 2636 2635
f 2635 2636 2638
f 2635 2638 2637
f 2637 2638 2640
f 2637 2640 2639
f 2639 2640 2642
f 2639 2642 2641
f 2641 2642 2644
f 2641 2644 2643
f 2643 2644 2646
f 2643 2646 2645
f 2645 2646 2648
f 2645 2648 2647
f 2647 2648 2650
f 2647 2650 2649
f 2649 2650 2652
f 2649 2652 2651
f 2651 2652 2654
f 2651 2654 2653
f 2630 2628 2626
f 2626 2656 2654
f 2654 2652 2650
f 2650 2648 2646
f 2646 2644 2642
f 2642 2640 2638
f 2638 2636 2634
f 2634 2632 2630
f 2630 2626 2654
f 2654 2650 2646
f 2646 2642 2638
f 2638 2634 2630
f 2630 2654 2646
f 2646 2638 2630
f 2653 2654 2656
f 2653 2656 2655
f 2655 2656 2626
f 2655 2626 2625
f 2655 2625 2627
f 2627 2629 2631
f 2631 2633 2635
f 2635 2637 2639
f 2639 2641 2643
f 2643 2645 2647
f 2647 2649 2651
f 2651 2653 2655
f 2655 2627 2631
f 2631 2635 2639
f 2639 2643 2647
f 2647 2651 2655
f 2655 2631 2639
f 2639 2647 2655
v 0.0013800 0.0261774 0.0024298
v -0.2009236 0.0001774 0.1192298
v 0.0014116 0.0251011 0.0022449
v -0.2008920 -0.0008989 0.1190448
v 0.0012282 0.0241617 0.0017182
v -0.2010753 -0.0018384 0.1185181
v 0.0008578 0.0235022 0.0009299
v -0.2014457 -0.0024979 0.1177298
v 0.0003569 0.0232229 0.0000000
v -0.2019466 -0.0027772 0.1168000
v -0.0001985 0.0233664 -0.0009298
v -0.2025020 -0.0026336 0.1158701
v -0.0007235 0.0239109 -0.0017181
v -0.2030270 -0.0020892 0.1150818
v -0.0011384 0.0247734 -0.0022448
v -0.2034420 -0.0012266 0.1145552
v -0.0013801 0.0258226 -0.0024298
v -0.2036836 -0.0001774 0.1143702
v -0.0014117 0.0268989 -0.0022448
v -0.2037152 0.0008989 0.1145552
v -0.0012283 0.0278383 -0.0017181
v -0.2035319 0.0018383 0.1150818
v -0.0008579 0.0284979 -0.0009298
v -0.2031615 0.0024979 0.1158701
v -0.0003570 0.0287772 0.0000000
v -0.2026606 0.0027772 0.1168000
v 0.0001984 0.0286337 0.0009299
v -0.2021052 0.0026336 0.1177298
v 0.0007234 0.0280892 0.0017182
v -0.2015802 0.0020891 0.1185181
v 0.0011383 0.0272267 0.0022449
v -0.2011652 0.0012266 0.1190448
f 2657 2658 2660
f 2657 2660 2659
f 2659 2660 2662
f 2659 2662 2661
f 2661 2662 2664
f 2661 2664 2663
f 2663 2664 2666
f 2663 2666 2665
f 2665 2666 2668
f 2665 2668 2667
f 2667 2668 2670
f 2667 2670 2669
f 2669 2670 2672
f 2669 2672 2671
f 2671 2672 2674
f 2671 2674 2673
f 2673 2674 2676
f 2673 2676 2675
f 2675 2676 2678
f 2675 2678 2677
f 2677 2678 2680
f 2677 2680 2679
f 2679 2680 2682
f 2679 2682 2681
f 2681 2682 2684
f 2681 2684 2683
f 2683 2684 2686
f 2683 2686 2685
f 2662 2660 2658
f 2658 2688 2686
f 2686 2684 2682
f 2682 2680 2678
f 2678 2676 2674
f 2674 2672 2670
f 2670 2668 2666
f 2666 2664 2662
f 2662 2658 2686
f 2686 2682 2678
f 2678 2674 2670
f 2670 2666 2662
f 2662 2686 2678
f 2678 2670 2662
f 2685 2686 2688
f 2685 2688 2687
f 2687 2688 2658
f 2687 2658 2657
f 2687 2657 2659
f 2659 2661 2663
f 2663 2665 2667
f 2667 2669 2671
f 2671 2673 2675
f 2675 2677 2679
f 2679 2681 2683
f 2683 2685 2687
f 2687 2659 2663
f 2663 2667 2671
f 2671 2675 2679
f 2679 2683 2687
f 2687 2663 2671
f 2671 2679 2687
v 0.0007155 -0.0260824 0.0027058
v -0.2249248 -0.0000825 0.0631659
v 0.0005383 -0.0271406 0.0024998
v -0.2251019 -0.0011407 0.0629599
v 0.0002793 -0.0280252 0.0019133
v -0.2253610 -0.0020252 0.0623734
v -0.0000223 -0.0286014 0.0010355
v -0.2256626 -0.0026014 0.0614956
v -0.0003206 -0.0287816 0.0000000
v -0.2259609 -0.0027816 0.0604601
v -0.0005699 -0.0285383 -0.0010355
v -0.2262102 -0.0025383 0.0594247
v -0.0007325 -0.0279086 -0.0019132
v -0.2263728 -0.0019086 0.0585469
v -0.0007837 -0.0269883 -0.0024998
v -0.2264240 -0.0009883 0.0579603
v -0.0007155 -0.0259176 -0.0027058
v -0.2263558 0.0000824 0.0577543
v -0.0005383 -0.0248593 -0.0024998
v -0.2261786 0.0011406 0.0579603
v -0.0002793 -0.0239748 -0.0019132
v -0.2259196 0.0020251 0.0585468
v 0.0000223 -0.0233986 -0.0010355
v -0.2256180 0.0026014 0.0594247
v 0.0003206 -0.0232184 0.0000000
v -0.2253197 0.0027816 0.0604601
v 0.0005699 -0.0234617 0.0010355
v -0.2250704 0.0025383 0.0614956
v 0.0007325 -0.0240914 0.0019133
v -0.2249078 0.0019085 0.0623734
v 0.0007837 -0.0250117 0.0024998
v -0.2248566 0.0009882 0.0629599
f 2689 2690 2692
f 2689 2692 2691
f 2691 2692 2694
f 2691 2694 2693
f 2693 2694 2696
f 2693 2696 2695
f 2695 2696 2698
f 2695 2698 2697
f 2697 2698 2700
f 2697 2700 2699
f 2699 2700 2702
f 2699 2702 2701
f 2701 2702 2704
f 2701 2704 2703
f 2703 2704 2706
f 2703 2706 2705
f 2705 2706 2708
f 2705 2708 2707
f 2707 2708 2710
f 2707 2710 2709
f 2709 2710 2712
f 2709 2712 2711
f 2711 2712 2714
f 2711 2714 2713
f 2713 2714 2716
f 2713 2716 2715
f 2715 2716 2718
f 2715 2718 2717
f 2694 2692 2690
f 2690 2720 2718
f 2718 2716 2714
f 2714 2712 2710
f 2710 2708 2706
f 2706 2704 2702
f 2702 2700 2698
f 2698 2696 2694
f 2694 2690 2718
f 2718 2714 2710
f 2710 2706 2702
f 2702 2698 2694
f 2694 2718 2710
f 2710 2702 2694
f 2717 2718 2720
f 2717 2720 2719
f 2719 2720 2690
f 2719 2690 2689
f 2719 2689 2691
f 2691 2693 2695
f 2695 2697 2699
f 2699 2701 2703
f 2703 2705 2707
f 2707 2709 2711
f 2711 2713 2715
f 2715 2717 2719
f 2719 2691 2695
f 2695 2699 2703
f 2703 2707 2711
f 2711 2715 2719
f 2719 2695 2703
f 2703 2711 2719
v 0.0000001 0.0260000 0.0028000
v -0.2336000 0.0000000 0.0028000
v 0.0001186 0.0249351 0.0025869
v -0.2334814 -0.0010649 0.0025868
v 0.0002191 0.0240323 0.0019799
v -0.2333809 -0.0019678 0.0019799
v 0.0002862 0.0234290 0.0010715
v -0.2333138 -0.0025710 0.0010715
v 0.0003098 0.0232172 0.0000000
v -0.2332902 -0.0027828 0.0000000
v 0.0002862 0.0234290 -0.0010715
v -0.2333138 -0.0025710 -0.0010715
v 0.0002191 0.0240323 -0.0019799
v -0.2333809 -0.0019678 -0.0019799
v 0.0001186 0.0249351 -0.0025868
v -0.2334814 -0.0010649 -0.0025869
v 0.0000001 0.0260000 -0.0028000
v -0.2336000 0.0000000 -0.0028000
v -0.0001185 0.0270650 -0.0025868
v -0.2337185 0.0010650 -0.0025869
v -0.0002190 0.0279678 -0.0019799
v -0.2338190 0.0019677 -0.0019799
v -0.0002861 0.0285710 -0.0010715
v -0.2338861 0.0025710 -0.0010715
v -0.0003097 0.0287828 0.0000000
v -0.2339097 0.0027828 0.0000000
v -0.0002861 0.0285710 0.0010715
v -0.2338861 0.0025710 0.0010715
v -0.0002190 0.0279678 0.0019799
v -0.2338190 0.0019677 0.0019799
v -0.0001185 0.0270650 0.0025869
v -0.2337185 0.0010650 0.0025868
f 2721 2722 2724
f 2721 2724 2723
f 2723 2724 2726
f 2723 2726 2725
f 2725 2726 2728
f 2725 2728 2727
f 2727 2728 2730
f 2727 2730 2729
f 2729 2730 2732
f 2729 2732 2731
f 2731 2732 2734
f 2731 2734 2733
f 2733 2734 2736
f 2733 2736 2735
f 2735 2736 2738
f 2735 2738 2737
f 2737 2738 2740
f 2737 2740 2739
f 2739 2740 2742
f 2739 2742 2741
f 2741 2742 2744
f 2741 2744 2743
f 2743 2744 2746
f 2743 2746 2745
f 2745 2746 2748
f 2745 2748 2747
f 2747 2748 2750
f 2747 2750 2749
f 2726 2724 2722
f 2722 2752 2750
f 2750 2748 2746
f 2746 2744 2742
f 2742 2740 2738
f 2738 2736 2734
f 2734 2732 2730
f 2730 2728 2726
f 2726 2722 2750
f 2750 2746 2742
f 2742 2738 2734
f 2734 2730 2726
f 2726 2750 2742
f 2742 2734 2726
f 2749 2750 2752
f 2749 2752 2751
f 2751 2752 2722
f 2751 2722 2721
f 2751 2721 2723
f 2723 2725 2727
f 2727 2729 2731
f 2731 2733 2735
f 2735 2737 2739
f 2739 2741 2743
f 2743 2745 2747
f 2747 2749 2751
f 2751 2723 2727
f 2727 2731 2735
f 2735 2739 2743
f 2743 2747 2751
f 2751 2727 2735
f 2735 2743 2751
v -0.0007155 -0.0259176 0.0027058
v -0.2263558 0.0000824 -0.0577544
v -0.0007837 -0.0269883 0.0024998
v -0.2264240 -0.0009883 -0.0579603
v -0.0007325 -0.0279086 0.0019133
v -0.2263728 -0.0019086 -0.0585469
v -0.0005699 -0.0285383 0.0010355
v -0.2262102 -0.0025383 -0.0594247
v -0.0003206 -0.0287816 0.0000000
v -0.2259609 -0.0027816 -0.0604602
v -0.0000223 -0.0286014 -0.0010355
v -0.2256626 -0.0026014 -0.0614956
v 0.0002793 -0.0280252 -0.0019133
v -0.2253610 -0.0020252 -0.0623734
v 0.0005383 -0.0271406 -0.0024998
v -0.2251019 -0.0011407 -0.0629600
v 0.0007155 -0.0260825 -0.0027058
v -0.2249248 -0.0000825 -0.0631659
v 0.0007837 -0.0250117 -0.0024998
v -0.2248566 0.0009883 -0.0629600
v 0.0007325 -0.0240914 -0.0019133
v -0.2249078 0.0019085 -0.0623734
v 0.0005699 -0.0234617 -0.0010355
v -0.2250704 0.0025383 -0.0614956
v 0.0003206 -0.0232184 0.0000000
v -0.2253197 0.0027816 -0.0604602
v 0.0000223 -0.0233986 0.0010355
v -0.2256180 0.0026014 -0.0594247
v -0.0002793 -0.0239748 0.0019133
v -0.2259196 0.0020252 -0.0585469
v -0.0005383 -0.0248594 0.0024998
v -0.2261786 0.0011406 -0.0579603
f 2753 2754 2756
f 2753 2756 2755
f 2755 2756 2758
f 2755 2758 2757
f 2757 2758 2760
f 2757 2760 2759
f 2759 2760 2762
f 2759 2762 2761
f 2761 2762 2764
f 2761 2764 2763
f 2763 2764 2766
f 2763 2766 2765
f 2765 2766 2768
f 2765 2768 2767
f 2767 2768 2770
f 2767 2770 2769
f 2769 2770 2772
f 2769 2772 2771
f 2771 2772 2774
f 2771 2774 2773
f 2773 2774 2776
f 2773 2776 2775
f 2775 2776 2778
f 2775 2778 2777
f 2777 2778 2780
f 2777 2780 2779
f 2779 2780 2782
f 2779 2782 2781
f 2758 2756 2754
f 2754 2784 2782
f 2782 2780 2778
f 2778 2776 2774
f 2774 2772 2770
f 2770 2768 2766
f 2766 2764 2762
f 2762 2760 2758
f 2758 2754 2782
f 2782 2778 2774
f 2774 2770 2766
f 2766 2762 2758
f 2758 2782 2774
f 2774 2766 2758
f 2781 2782 2784
f 2781 2784 2783
f 2783 2784 2754
f 2783 2754 2753
f 2783 2753 2755
f 2755 2757 2759
f 2759 2761 2763
f 2763 2765 2767
f 2767 2769 2771
f 2771 2773 2775
f 2775 2777 2779
f 2779 2781 2783
f 2783 2755 2759
f 2759 2763 2767
f 2767 2771 2775
f 2775 2779 2783
f 2783 2759 2767
f 2767 2775 2783
v -0.0013801 0.0258226 0.0024298
v -0.2036836 -0.0001774 -0.1143702
v -0.0011384 0.0247734 0.0022449
v -0.2034420 -0.0012266 -0.1145552
v -0.0007235 0.0239109 0.0017182
v -0.2030271 -0.0020891 -0.1150819
v -0.0001984 0.0233664 0.0009299
v -0.2025020 -0.0026336 -0.1158702
v 0.0003569 0.0232229 0.0000000
v -0.2019467 -0.0027772 -0.1168001
v 0.0008578 0.0235021 -0.0009298
v -0.2014457 -0.0024979 -0.1177299
v 0.0012282 0.0241617 -0.0017181
v -0.2010754 -0.0018383 -0.1185182
v 0.0014116 0.0251011 -0.0022448
v -0.2008920 -0.0008989 -0.1190449
v 0.0013800 0.0261774 -0.0024298
v -0.2009236 0.0001774 -0.1192299
v 0.0011383 0.0272266 -0.0022448
v -0.2011652 0.0012267 -0.1190449
v 0.0007235 0.0280892 -0.0017181
v -0.2015802 0.0020891 -0.1185182
v 0.0001984 0.0286337 -0.0009298
v -0.2021053 0.0026336 -0.1177299
v -0.0003569 0.0287772 0.0000000
v -0.2026606 0.0027772 -0.1168001
v -0.0008579 0.0284979 0.0009299
v -0.2031615 0.0024979 -0.1158702
v -0.0012282 0.0278383 0.0017182
v -0.2035319 0.0018383 -0.1150819
v -0.0014117 0.0268989 0.0022449
v -0.2037152 0.0008989 -0.1145552
f 2785 2786 2788
f 2785 2788 2787
f 2787 2788 2790
f 2787 2790 2789
f 2789 2790 2792
f 2789 2792 2791
f 2791 2792 2794
f 2791 2794 2793
f 2793 2794 2796
f 2793 2796 2795
f 2795 2796 2798
f 2795 2798 2797
f 2797 2798 2800
f 2797 2800 2799
f 2799 2800 2802
f 2799 2802 2801
f 2801 2802 2804
f 2801 2804 2803
f 2803 2804 2806
f 2803 2806 2805
f 2805 2806 2808
f 2805 2808 2807
f 2807 2808 2810
f 2807 2810 2809
f 2809 2810 2812
f 2809 2812 2811
f 2811 2812 2814
f 2811 2814 2813
f 2790 2788 2786
f 2786 2816 2814
f 2814 2812 2810
f 2810 2808 2806
f 2806 2804 2802
f 2802 2800 2798
f 2798 2796 2794
f 2794 2792 2790
f 2790 2786 2814
f 2814 2810 2806
f 2806 2802 2798
f 2798 2794 2790
f 2790 2814 2806
f 2806 2798 2790
f 2813 2814 2816
f 2813 2816 2815
f 2815 2816 2786
f 2815 2786 2785
f 2815 2785 2787
f 2787 2789 2791
f 2791 2793 2795
f 2795 2797 2799
f 2799 2801 2803
f 2803 2805 2807
f 2807 2809 2811
f 2811 2813 2815
f 2815 2787 2791
f 2791 2795 2799
f 2799 2803 2807
f 2807 2811 2815
f 2815 2791 2799
f 2799 2807 2815
v -0.0019438 -0.0256940 0.0019920
v -0.1671240 0.0003060 -0.1631882
v -0.0019624 -0.0267758 0.0018404
v -0.1671426 -0.0007758 -0.1633398
v -0.0016823 -0.0277395 0.0014085
v -0.1668625 -0.0017395 -0.1637716
v -0.0011461 -0.0284383 0.0007623
v -0.1663263 -0.0024383 -0.1644178
v -0.0004354 -0.0287659 0.0000000
v -0.1656156 -0.0027660 -0.1651801
v 0.0003417 -0.0286725 -0.0007623
v -0.1648386 -0.0026725 -0.1659424
v 0.0010667 -0.0281722 -0.0014085
v -0.1641135 -0.0021722 -0.1665887
v 0.0016292 -0.0273412 -0.0018404
v -0.1635510 -0.0013412 -0.1670205
v 0.0019438 -0.0263060 -0.0019920
v -0.1632364 -0.0003060 -0.1671721
v 0.0019624 -0.0252242 -0.0018404
v -0.1632178 0.0007758 -0.1670205
v 0.0016823 -0.0242605 -0.0014085
v -0.1634979 0.0017394 -0.1665887
v 0.0011461 -0.0235617 -0.0007623
v -0.1640341 0.0024383 -0.1659424
v 0.0004354 -0.0232340 0.0000000
v -0.1647449 0.0027659 -0.1651801
v -0.0003417 -0.0233275 0.0007623
v -0.1655219 0.0026724 -0.1644178
v -0.0010667 -0.0238278 0.0014085
v -0.1662469 0.0021721 -0.1637716
v -0.0016292 -0.0246588 0.0018403
v -0.1668094 0.0013411 -0.1633398
f 2817 2818 2820
f 2817 2820 2819
f 2819 2820 2822
f 2819 2822 2821
f 2821 2822 2824
f 2821 2824 2823
f 2823 2824 2826
f 2823 2826 2825
f 2825 2826 2828
f 2825 2828 2827
f 2827 2828 2830
f 2827 2830 2829
f 2829 2830 2832
f 2829 2832 2831
f 2831 2832 2834
f 2831 2834 2833
f 2833 2834 2836
f 2833 2836 2835
f 2835 2836 2838
f 2835 2838 2837
f 2837 2838 2840
f 2837 2840 2839
f 2839 2840 2842
f 2839 2842 2841
f 2841 2842 2844
f 2841 2844 2843
f 2843 2844 2846
f 2843 2846 2845
f 2822 2820 2818
f 2818 2848 2846
f 2846 2844 2842
f 2842 2840 2838
f 2838 2836 2834
f 2834 2832 2830
f 2830 2828 2826
f 2826 2824 2822
f 2822 2818 2846
f 2846 2842 2838
f 2838 2834 2830
f 2830 2826 2822
f 2822 2846 2838
f 2838 2830 2822
f 2845 2846 2848
f 2845 2848 2847
f 2847 2848 2818
f 2847 2818 2817
f 2847 2817 2819
f 2819 2821 2823
f 2823 2825 2827
f 2827 2829 2831
f 2831 2833 2835
f 2835 2837 2839
f 2839 2841 2843
f 2843 2845 2847
f 2847 2819 2823
f 2823 2827 2831
f 2831 2835 2839
f 2839 2843 2847
f 2847 2823 2831
f 2831 2839 2847
v -0.0023524 0.0254763 0.0014255
v -0.1191525 -0.0005237 -0.2008781
v -0.0019405 0.0244703 0.0013170
v -0.1187406 -0.0015297 -0.2009866
v -0.0012332 0.0236971 0.0010080
v -0.1180333 -0.0023029 -0.2012956
v -0.0003381 0.0232745 0.0005455
v -0.1171383 -0.0027255 -0.2017581
v 0.0006084 0.0232669 0.0000000
v -0.1161916 -0.0027331 -0.2023036
v 0.0014623 0.0236754 -0.0005455
v -0.1153377 -0.0023247 -0.2028491
v 0.0020937 0.0244377 -0.0010079
v -0.1147065 -0.0015623 -0.2033115
v 0.0024061 0.0254379 -0.0013169
v -0.1143939 -0.0005621 -0.2036205
v 0.0023525 0.0265236 -0.0014254
v -0.1144477 0.0005237 -0.2037290
v 0.0019405 0.0275297 -0.0013169
v -0.1148596 0.0015297 -0.2036205
v 0.0012332 0.0283029 -0.0010079
v -0.1155668 0.0023029 -0.2033115
v 0.0003382 0.0287254 -0.0005455
v -0.1164620 0.0027255 -0.2028491
v -0.0006084 0.0287331 0.0000000
v -0.1174085 0.0027331 -0.2023036
v -0.0014623 0.0283247 0.0005455
v -0.1182624 0.0023246 -0.2017581
v -0.0020936 0.0275623 0.0010080
v -0.1188937 0.0015623 -0.2012956
v -0.0024061 0.0265622 0.0013170
v -0.1192062 0.0005621 -0.2009866
f 2849 2850 2852
f 2849 2852 2851
f 2851 2852 2854
f 2851 2854 2853
f 2853 2854 2856
f 2853 2856 2855
f 2855 2856 2858
f 2855 2858 2857
f 2857 2858 2860
f 2857 2860 2859
f 2859 2860 2862
f 2859 2862 2861
f 2861 2862 2864
f 2861 2864 2863
f 2863 2864 2866
f 2863 2866 2865
f 2865 2866 2868
f 2865 2868 2867
f 2867 2868 2870
f 2867 2870 2869
f 2869 2870 2872
f 2869 2872 2871
f 2871 2872 2874
f 2871 2874 2873
f 2873 2874 2876
f 2873 2876 2875
f 2875 2876 2878
f 2875 2878 2877
f 2854 2852 2850
f 2850 2880 2878
f 2878 2876 2874
f 2874 2872 2870
f 2870 2868 2866
f 2866 2864 2862
f 2862 2860 2858
f 2858 2856 2854
f 2854 2850 2878
f 2878 2874 2870
f 2870 2866 2862
f 2862 2858 2854
f 2854 2878 2870
f 2870 2862 2854
f 2877 2878 2880
f 2877 2880 2879
f 2879 2880 2850
f 2879 2850 2849
f 2879 2849 2851
f 2851 2853 2855
f 2855 2857 2859
f 2859 2861 2863
f 2863 2865 2867
f 2867 2869 2871
f 2871 2873 2875
f 2875 2877 2879
f 2879 2851 2855
f 2855 2859 2863
f 2863 2867 2871
f 2871 2875 2879
f 2879 2855 2863
f 2863 2871 2879
v -0.0024694 -0.0249381 0.0007840
v -0.0629296 0.0010619 -0.2248563
v -0.0027047 -0.0260033 0.0007244
v -0.0631649 -0.0000033 -0.2249160
v -0.0025283 -0.0270680 0.0005544
v -0.0629885 -0.0010680 -0.2250859
v -0.0019670 -0.0279701 0.0003000
v -0.0624272 -0.0019701 -0.2253403
v -0.0011063 -0.0285723 0.0000000
v -0.0615665 -0.0025722 -0.2256403
v -0.0000770 -0.0287828 -0.0003000
v -0.0605372 -0.0027828 -0.2259403
v 0.0009638 -0.0285698 -0.0005544
v -0.0594964 -0.0025697 -0.2261947
v 0.0018580 -0.0279655 -0.0007243
v -0.0586022 -0.0019654 -0.2263646
v 0.0024693 -0.0270619 -0.0007840
v -0.0579909 -0.0010619 -0.2264243
v 0.0027046 -0.0259967 -0.0007243
v -0.0577556 0.0000033 -0.2263646
v 0.0025282 -0.0249321 -0.0005544
v -0.0579320 0.0010680 -0.2261947
v 0.0019668 -0.0240300 -0.0003000
v -0.0584934 0.0019701 -0.2259403
v 0.0011061 -0.0234278 0.0000000
v -0.0593541 0.0025722 -0.2256403
v 0.0000769 -0.0232172 0.0003000
v -0.0603833 0.0027828 -0.2253403
v -0.0009639 -0.0234303 0.0005544
v -0.0614241 0.0025697 -0.2250859
v -0.0018581 -0.0240346 0.0007244
v -0.0623183 0.0019654 -0.2249160
f 2881 2882 2884
f 2881 2884 2883
f 2883 2884 2886
f 2883 2886 2885
f 2885 2886 2888
f 2885 2888 2887
f 2887 2888 2890
f 2887 2890 2889
f 2889 2890 2892
f 2889 2892 2891
f 2891 2892 2894
f 2891 2894 2893
f 2893 2894 2896
f 2893 2896 2895
f 2895 2896 2898
f 2895 2898 2897
f 2897 2898 2900
f 2897 2900 2899
f 2899 2900 2902
f 2899 2902 2901
f 2901 2902 2904
f 2901 2904 2903
f 2903 2904 2906
f 2903 2906 2905
f 2905 2906 2908
f 2905 2908 2907
f 2907 2908 2910
f 2907 2910 2909
f 2886 2884 2882
f 2882 2912 2910
f 2910 2908 2906
f 2906 2904 2902
f 2902 2900 2898
f 2898 2896 2894
f 2894 2892 2890
f 2890 2888 2886
f 2886 2882 2910
f 2910 2906 2902
f 2902 2898 2894
f 2894 2890 2886
f 2886 2910 2902
f 2902 2894 2886
f 2909 2910 2912
f 2909 2912 2911
f 2911 2912 2882
f 2911 2882 2881
f 2911 2881 2883
f 2883 2885 2887
f 2887 2889 2891
f 2891 2893 2895
f 2895 2897 2899
f 2899 2901 2903
f 2903 2905 2907
f 2907 2909 2911
f 2911 2883 2887
f 2887 2891 2895
f 2895 2899 2903
f 2903 2907 2911
f 2911 2887 2895
f 2895 2903 2911
v 0.0000000 0.0232172 0.0003097
v 0.0000000 -0.0027828 -0.2332903
v 0.0010716 0.0234290 0.0002862
v 0.0010716 -0.0025710 -0.2333139
v 0.0019799 0.0240322 0.0002190
v 0.0019799 -0.0019677 -0.2333810
v 0.0025868 0.0249351 0.0001185
v 0.0025868 -0.0010649 -0.2334815
v 0.0028000 0.0260000 0.0000000
v 0.0028000 0.0000000 -0.2336000
v 0.0025868 0.0270649 -0.0001185
v 0.0025868 0.0010650 -0.2337185
v 0.0019799 0.0279678 -0.0002190
v 0.0019799 0.0019678 -0.2338190
v 0.0010716 0.0285710 -0.0002862
v 0.0010716 0.0025710 -0.2338862
v 0.0000000 0.0287828 -0.0003097
v 0.0000000 0.0027828 -0.2339098
v -0.0010716 0.0285710 -0.0002862
v -0.0010716 0.0025710 -0.2338862
v -0.0019799 0.0279678 -0.0002190
v -0.0019799 0.0019678 -0.2338190
v -0.0025868 0.0270649 -0.0001185
v -0.0025868 0.0010650 -0.2337185
v -0.0028000 0.0260000 0.0000000
v -0.0028000 0.0000000 -0.2336000
v -0.0025868 0.0249351 0.0001185
v -0.0025868 -0.0010649 -0.2334815
v -0.0019799 0.0240322 0.0002190
v -0.0019799 -0.0019677 -0.2333810
v -0.0010716 0.0234290 0.0002862
v -0.0010716 -0.0025710 -0.2333139
f 2913 2914 2916
f 2913 2916 2915
f 2915 2916 2918
f 2915 2918 2917
f 2917 2918 2920
f 2917 2920 2919
f 2919 2920 2922
f 2919 2922 2921
f 2921 2922 2924
f 2921 2924 2923
f 2923 2924 2926
f 2923 2926 2925
f 2925 2926 2928
f 2925 2928 2927
f 2927 2928 2930
f 2927 2930 2929
f 2929 2930 2932
f 2929 2932 2931
f 2931 2932 2934
f 2931 2934 2933
f 2933 2934 2936
f 2933 2936 2935
f 2935 2936 2938
f 2935 2938 2937
f 2937 2938 2940
f 2937 2940 2939
f 2939 2940 2942
f 2939 2942 2941
f 2918 2916 2914
f 2914 2944 2942
f 2942 2940 2938
f 2938 2936 2934
f 2934 2932 2930
f 2930 2928 2926
f 2926 2924 2922
f 2922 2920 2918
f 2918 2914 2942
f 2942 2938 2934
f 2934 2930 2926
f 2926 2922 2918
f 2918 2942 2934
f 2934 2926 2918
f 2941 2942 2944
f 2941 2944 2943
f 2943 2944 2914
f 2943 2914 2913
f 2943 2913 2915
f 2915 2917 2919
f 2919 2921 2923
f 2923 2925 2927
f 2927 2929 2931
f 2931 2933 2935
f 2935 2937 2939
f 2939 2941 2943
f 2943 2915 2919
f 2919 2923 2927
f 2927 2931 2935
f 2935 2939 2943
f 2943 2919 2927
f 2927 2935 2943
v 0.0024693 -0.0249381 0.0007841
v 0.0629294 0.0010619 -0.2248563
v 0.0018581 -0.0240346 0.0007244
v 0.0623182 0.0019655 -0.2249160
v 0.0009639 -0.0234303 0.0005544
v 0.0614240 0.0025697 -0.2250859
v -0.0000770 -0.0232172 0.0003001
v 0.0603831 0.0027828 -0.2253403
v -0.0011061 -0.0234278 0.0000001
v 0.0593539 0.0025722 -0.2256403
v -0.0019670 -0.0240300 -0.0003000
v 0.0584931 0.0019701 -0.2259403
v -0.0025283 -0.0249321 -0.0005544
v 0.0579318 0.0010680 -0.2261947
v -0.0027047 -0.0259967 -0.0007243
v 0.0577554 0.0000033 -0.2263646
v -0.0024693 -0.0270619 -0.0007840
v 0.0579908 -0.0010619 -0.2264243
v -0.0018581 -0.0279655 -0.0007243
v 0.0586020 -0.0019654 -0.2263647
v -0.0009639 -0.0285698 -0.0005544
v 0.0594962 -0.0025697 -0.2261947
v 0.0000770 -0.0287828 -0.0003000
v 0.0605371 -0.0027828 -0.2259403
v 0.0011061 -0.0285723 0.0000000
v 0.0615662 -0.0025722 -0.2256403
v 0.0019670 -0.0279701 0.0003001
v 0.0624270 -0.0019701 -0.2253403
v 0.0025283 -0.0270680 0.0005544
v 0.0629884 -0.0010680 -0.2250859
v 0.0027047 -0.0260033 0.0007244
v 0.0631648 -0.0000033 -0.2249160
f 2945 2946 2948
f 2945 2948 2947
f 2947 2948 2950
f 2947 2950 2949
f 2949 2950 2952
f 2949 2952 2951
f 2951 2952 2954
f 2951 2954 2953
f 2953 2954 2956
f 2953 2956 2955
f 2955 2956 2958
f 2955 2958 2957
f 2957 2958 2960
f 2957 2960 2959
f 2959 2960 2962
f 2959 2962 2961
f 2961 2962 2964
f 2961 2964 2963
f 2963 2964 2966
f 2963 2966 2965
f 2965 2966 2968
f 2965 2968 2967
f 2967 2968 2970
f 2967 2970 2969
f 2969 2970 2972
f 2969 2972 2971
f 2971 2972 2974
f 2971 2974 2973
f 2950 2948 2946
f 2946 2976 2974
f 2974 2972 2970
f 2970 2968 2966
f 2966 2964 2962
f 2962 2960 2958
f 2958 2956 2954
f 2954 2952 2950
f 2950 2946 2974
f 2974 2970 2966
f 2966 2962 2958
f 2958 2954 2950
f 2950 2974 2966
f 2966 2958 2950
f 2973 2974 2976
f 2973 2976 2975
f 2975 2976 2946
f 2975 2946 2945
f 2975 2945 2947
f 2947 2949 2951
f 2951 2953 2955
f 2955 2957 2959
f 2959 2961 2963
f 2963 2965 2967
f 2967 2969 2971
f 2971 2973 2975
f 2975 2947 2951
f 2951 2955 2959
f 2959 2963 2967
f 2967 2971 2975
f 2975 2951 2959
f 2959 2967 2975
v 0.0023525 0.0254764 0.0014255
v 0.1191524 -0.0005237 -0.2008781
v 0.0024062 0.0265622 0.0013170
v 0.1192062 0.0005621 -0.2009867
v 0.0020937 0.0275624 0.0010080
v 0.1188936 0.0015623 -0.2012956
v 0.0014623 0.0283247 0.0005456
v 0.1182623 0.0023246 -0.2017581
v 0.0006084 0.0287331 0.0000001
v 0.1174084 0.0027331 -0.2023036
v -0.0003381 0.0287255 -0.0005454
v 0.1164619 0.0027254 -0.2028491
v -0.0012332 0.0283029 -0.0010079
v 0.1155668 0.0023029 -0.2033116
v -0.0019405 0.0275298 -0.0013169
v 0.1148595 0.0015297 -0.2036206
v -0.0023524 0.0265237 -0.0014254
v 0.1144476 0.0005236 -0.2037291
v -0.0024061 0.0254379 -0.0013169
v 0.1143938 -0.0005621 -0.2036206
v -0.0020936 0.0244377 -0.0010079
v 0.1147064 -0.0015623 -0.2033116
v -0.0014622 0.0236754 -0.0005454
v 0.1153377 -0.0023247 -0.2028491
v -0.0006083 0.0232669 0.0000001
v 0.1161916 -0.0027331 -0.2023036
v 0.0003382 0.0232746 0.0005456
v 0.1171381 -0.0027255 -0.2017581
v 0.0012332 0.0236971 0.0010080
v 0.1180333 -0.0023029 -0.2012956
v 0.0019406 0.0244703 0.0013170
v 0.1187406 -0.0015297 -0.2009867
f 2977 2978 2980
f 2977 2980 2979
f 2979 2980 2982
f 2979 2982 2981
f 2981 2982 2984
f 2981 2984 2983
f 2983 2984 2986
f 2983 2986 2985
f 2985 2986 2988
f 2985 2988 2987
f 2987 2988 2990
f 2987 2990 2989
f 2989 2990 2992
f 2989 2992 2991
f 2991 2992 2994
f 2991 2994 2993
f 2993 2994 2996
f 2993 2996 2995
f 2995 2996 2998
f 2995 2998 2997
f 2997 2998 3000
f 2997 3000 2999
f 2999 3000 3002
f 2999 3002 3001
f 3001 3002 3004
f 3001 3004 3003
f 3003 3004 3006
f 3003 3006 3005
f 2982 2980 2978
f 2978 3008 3006
f 3006 3004 3002
f 3002 3000 2998
f 2998 2996 2994
f 2994 2992 2990
f 2990 2988 2986
f 2986 2984 2982
f 2982 2978 3006
f 3006 3002 2998
f 2998 2994 2990
f 2990 2986 2982
f 2982 3006 2998
f 2998 2990 2982
f 3005 3006 3008
f 3005 3008 3007
f 3007 3008 2978
f 3007 2978 2977
f 3007 2977 2979
f 2979 2981 2983
f 2983 2985 2987
f 2987 2989 2991
f 2991 2993 2995
f 2995 2997 2999
f 2999 3001 3003
f 3003 3005 3007
f 3007 2979 2983
f 2983 2987 2991
f 2991 2995 2999
f 2999 3003 3007
f 3007 2983 2991
f 2991 2999 3007
v 0.0019437 -0.0256940 0.0019920
v 0.1671238 0.0003060 -0.1631882
v 0.0016292 -0.0246588 0.0018403
v 0.1668093 0.0013411 -0.1633398
v 0.0010666 -0.0238278 0.0014085
v 0.1662467 0.0021721 -0.1637716
v 0.0003415 -0.0233275 0.0007623
v 0.1655216 0.0026724 -0.1644178
v -0.0004355 -0.0232340 0.0000000
v 0.1647446 0.0027659 -0.1651801
v -0.0011462 -0.0235617 -0.0007623
v 0.1640339 0.0024383 -0.1659424
v -0.0016824 -0.0242605 -0.0014085
v 0.1634977 0.0017394 -0.1665887
v -0.0019625 -0.0252242 -0.0018404
v 0.1632175 0.0007758 -0.1670205
v -0.0019438 -0.0263060 -0.0019920
v 0.1632363 -0.0003060 -0.1671721
v -0.0016294 -0.0273412 -0.0018404
v 0.1635507 -0.0013412 -0.1670205
v -0.0010667 -0.0281722 -0.0014085
v 0.1641134 -0.0021722 -0.1665887
v -0.0003417 -0.0286725 -0.0007623
v 0.1648384 -0.0026725 -0.1659424
v 0.0004354 -0.0287659 0.0000000
v 0.1656154 -0.0027660 -0.1651801
v 0.0011461 -0.0284383 0.0007623
v 0.1663262 -0.0024383 -0.1644178
v 0.0016823 -0.0277395 0.0014085
v 0.1668624 -0.0017395 -0.1637716
v 0.0019624 -0.0267758 0.0018403
v 0.1671425 -0.0007758 -0.1633398
f 3009 3010 3012
f 3009 3012 3011
f 3011 3012 3014
f 3011 3014 3013
f 3013 3014 3016
f 3013 3016 3015
f 3015 3016 3018
f 3015 3018 3017
f 3017 3018 3020
f 3017 3020 3019
f 3019 3020 3022
f 3019 3022 3021
f 3021 3022 3024
f 3021 3024 3023
f 3023 3024 3026
f 3023 3026 3025
f 3025 3026 3028
f 3025 3028 3027
f 3027 3028 3030
f 3027 3030 3029
f 3029 3030 3032
f 3029 3032 3031
f 3031 3032 3034
f 3031 3034 3033
f 3033 3034 3036
f 3033 3036 3035
f 3035 3036 3038
f 3035 3038 3037
f 3014 3012 3010
f 3010 3040 3038
f 3038 3036 3034
f 3034 3032 3030
f 3030 3028 3026
f 3026 3024 3022
f 3022 3020 3018
f 3018 3016 3014
f 3014 3010 3038
f 3038 3034 3030
f 3030 3026 3022
f 3022 3018 3014
f 3014 3038 3030
f 3030 3022 3014
f 3037 3038 3040
f 3037 3040 3039
f 3039 3040 3010
f 3039 3010 3009
f 3039 3009 3011
f 3011 3013 3015
f 3015 3017 3019
f 3019 3021 3023
f 3023 3025 3027
f 3027 3029 3031
f 3031 3033 3035
f 3035 3037 3039
f 3039 3011 3015
f 3015 3019 3023
f 3023 3027 3031
f 3031 3035 3039
f 3039 3015 3023
f 3023 3031 3039
v 0.0013801 0.0258226 0.0024298
v 0.2036836 -0.0001774 -0.1143702
v 0.0014117 0.0268989 0.0022449
v 0.2037152 0.0008989 -0.1145552
v 0.0012282 0.0278383 0.0017182
v 0.2035319 0.0018383 -0.1150819
v 0.0008579 0.0284979 0.0009299
v 0.2031615 0.0024979 -0.1158702
v 0.0003569 0.0287772 0.0000000
v 0.2026606 0.0027772 -0.1168001
v -0.0001984 0.0286337 -0.0009298
v 0.2021053 0.0026336 -0.1177299
v -0.0007235 0.0280892 -0.0017181
v 0.2015802 0.0020891 -0.1185182
v -0.0011383 0.0272266 -0.0022448
v 0.2011652 0.0012267 -0.1190449
v -0.0013800 0.0261774 -0.0024298
v 0.2009236 0.0001774 -0.1192299
v -0.0014116 0.0251011 -0.0022448
v 0.2008920 -0.0008989 -0.1190449
v -0.0012282 0.0241617 -0.0017181
v 0.2010754 -0.0018383 -0.1185182
v -0.0008578 0.0235021 -0.0009298
v 0.2014457 -0.0024979 -0.1177299
v -0.0003569 0.0232229 0.0000000
v 0.2019467 -0.0027772 -0.1168001
v 0.0001984 0.0233664 0.0009299
v 0.2025020 -0.0026336 -0.1158702
v 0.0007235 0.0239109 0.0017182
v 0.2030271 -0.0020891 -0.1150819
v 0.0011384 0.0247734 0.0022449
v 0.2034420 -0.0012266 -0.1145552
f 3041 3042 3044
f 3041 3044 3043
f 3043 3044 3046
f 3043 3046 3045
f 3045 3046 3048
f 3045 3048 3047
f 3047 3048 3050
f 3047 3050 3049
f 3049 3050 3052
f 3049 3052 3051
f 3051 3052 3054
f 3051 3054 3053
f 3053 3054 3056
f 3053 3056 3055
f 3055 3056 3058
f 3055 3058 3057
f 3057 3058 3060
f 3057 3060 3059
f 3059 3060 3062
f 3059 3062 3061
f 3061 3062 3064
f 3061 3064 3063
f 3063 3064 3066
f 3063 3066 3065
f 3065 3066 3068
f 3065 3068 3067
f 3067 3068 3070
f 3067 3070 3069
f 3046 3044 3042
f 3042 3072 3070
f 3070 3068 3066
f 3066 3064 3062
f 3062 3060 3058
f 3058 3056 3054
f 3054 3052 3050
f 3050 3048 3046
f 3046 3042 3070
f 3070 3066 3062
f 3062 3058 3054
f 3054 3050 3046
f 3046 3070 3062
f 3062 3054 3046
f 3069 3070 3072
f 3069 3072 3071
f 3071 3072 3042
f 3071 3042 3041
f 3071 3041 3043
f 3043 3045 3047
f 3047 3049 3051
f 3051 3053 3055
f 3055 3057 3059
f 3059 3061 3063
f 3063 3065 3067
f 3067 3069 3071
f 3071 3043 3047
f 3047 3051 3055
f 3055 3059 3063
f 3063 3067 3071
f 3071 3047 3055
f 3055 3063 3071
v 0.0007155 -0.0259176 0.0027058
v 0.2263558 0.0000824 -0.0577544
v 0.0005383 -0.0248594 0.0024998
v 0.2261786 0.0011406 -0.0579603
v 0.0002793 -0.0239748 0.0019133
v 0.2259196 0.0020252 -0.0585469
v -0.0000223 -0.0233986 0.0010355
v 0.2256180 0.0026014 -0.0594247
v -0.0003206 -0.0232184 0.0000000
v 0.2253197 0.0027816 -0.0604602
v -0.0005699 -0.0234617 -0.0010355
v 0.2250704 0.0025383 -0.0614956
v -0.0007325 -0.0240914 -0.0019133
v 0.2249078 0.0019085 -0.0623734
v -0.0007837 -0.0250117 -0.0024998
v 0.2248566 0.0009883 -0.0629600
v -0.0007155 -0.0260825 -0.0027058
v 0.2249248 -0.0000825 -0.0631659
v -0.0005383 -0.0271406 -0.0024998
v 0.2251019 -0.0011407 -0.0629600
v -0.0002793 -0.0280252 -0.0019133
v 0.2253610 -0.0020252 -0.0623734
v 0.0000223 -0.0286014 -0.0010355
v 0.2256626 -0.0026014 -0.0614956
v 0.0003206 -0.0287816 0.0000000
v 0.2259609 -0.0027816 -0.0604602
v 0.0005699 -0.0285383 0.0010355
v 0.2262102 -0.0025383 -0.0594247
v 0.0007325 -0.0279086 0.0019133
v 0.2263728 -0.0019086 -0.0585469
v 0.0007837 -0.0269883 0.0024998
v 0.2264240 -0.0009883 -0.0579603
f 3073 3074 3076
f 3073 3076 3075
f 3075 3076 3078
f 3075 3078 3077
f 3077 3078 3080
f 3077 3080 3079
f 3079 3080 3082
f 3079 3082 3081
f 3081 3082 3084
f 3081 3084 3083
f 3083 3084 3086
f 3083 3086 3085
f 3085 3086 3088
f 3085 3088 3087
f 3087 3088 3090
f 3087 3090 3089
f 3089 3090 3092
f 3089 3092 3091
f 3091 3092 3094
f 3091 3094 3093
f 3093 3094 3096
f 3093 3096 3095
f 3095 3096 3098
f 3095 3098 3097
f 3097 3098 3100
f 3097 3100 3099
f 3099 3100 3102
f 3099 3102 3101
f 3078 3076 3074
f 3074 3104 3102
f 3102 3100 3098
f 3098 3096 3094
f 3094 3092 3090
f 3090 3088 3086
f 3086 3084 3082
f 3082 3080 3078
f 3078 3074 3102
f 3102 3098 3094
f 3094 3090 3086
f 3086 3082 3078
f 3078 3102 3094
f 3094 3086 3078
f 3101 3102 3104
f 3101 3104 3103
f 3103 3104 3074
f 3103 3074 3073
f 3103 3073 3075
f 3075 3077 3079
f 3079 3081 3083
f 3083 3085 3087
f 3087 3089 3091
f 3091 3093 3095
f 3095 3097 3099
f 3099 3101 3103
f 3103 3075 3079
f 3079 3083 3087
f 3087 3091 3095
f 3095 3099 3103
f 3103 3079 3087
f 3087 3095 3103
